simulation_id,material,time,x,y,temperature
Simulation_000002,Aluminium 6061,77.02537176217506,0.0019444787911056729,0.0012821126438338991,334.96246677939297
Simulation_000002,Aluminium 6061,77.02537176217506,0.005833436373317019,0.0012821126438338991,334.9846264894843
Simulation_000002,Aluminium 6061,77.02537176217506,0.009722393955528366,0.0012821126438338991,335.0129678687684
Simulation_000002,Aluminium 6061,77.02537176217506,0.013611351537739711,0.0012821126438338991,335.0474737071816
Simulation_000002,Aluminium 6061,77.02537176217506,0.017500309119951058,0.0012821126438338991,335.08811727493816
Simulation_000002,Aluminium 6061,77.02537176217506,0.021389266702162405,0.0012821126438338991,335.13486122591104
Simulation_000002,Aluminium 6061,77.02537176217506,0.02527822428437375,0.0012821126438338991,335.18765613763975
Simulation_000002,Aluminium 6061,77.02537176217506,0.029167181866585096,0.0012821126438338991,335.2464386908144
Simulation_000002,Aluminium 6061,77.02537176217506,0.03305613944879644,0.0012821126438338991,335.3111294930803
Simulation_000002,Aluminium 6061,77.02537176217506,0.03694509703100779,0.0012821126438338991,335.3816305549269
Simulation_000002,Aluminium 6061,77.02537176217506,0.04083405461321914,0.0012821126438338991,335.4578224295139
Simulation_000002,Aluminium 6061,77.02537176217506,0.044723012195430484,0.0012821126438338991,335.5395610338197
Simulation_000002,Aluminium 6061,77.02537176217506,0.048611969777641824,0.0012821126438338991,335.62667417578274
Simulation_000002,Aluminium 6061,77.02537176217506,0.05250092735985317,0.0012821126438338991,335.71895782145316
Simulation_000002,Aluminium 6061,77.02537176217506,0.05638988494206452,0.0012821126438338991,335.816172147917
Simulation_000002,Aluminium 6061,77.02537176217506,0.060278842524275865,0.0012821126438338991,335.9180374422015
Simulation_000002,Aluminium 6061,77.02537176217506,0.0641678001064872,0.0012821126438338991,336.0242299237743
Simulation_000002,Aluminium 6061,77.02537176217506,0.06805675768869855,0.0012821126438338991,336.13437758876836
Simulation_000002,Aluminium 6061,77.02537176217506,0.0719457152709099,0.0012821126438338991,336.2480561976802
Simulation_000002,Aluminium 6061,77.02537176217506,0.07583467285312125,0.0012821126438338991,336.3647855547399
Simulation_000002,Aluminium 6061,77.02537176217506,0.0797236304353326,0.0012821126438338991,336.4840262557944
Simulation_000002,Aluminium 6061,77.02537176217506,0.08361258801754394,0.0012821126438338991,336.60517711128915
Simulation_000002,Aluminium 6061,77.02537176217506,0.08750154559975529,0.0012821126438338991,336.727573480042
Simulation_000002,Aluminium 6061,77.02537176217506,0.09139050318196663,0.0012821126438338991,336.85048677555096
Simulation_000002,Aluminium 6061,77.02537176217506,0.09527946076417797,0.0012821126438338991,336.9731254263028
Simulation_000002,Aluminium 6061,77.02537176217506,0.09916841834638931,0.0012821126438338991,337.0946375809045
Simulation_000002,Aluminium 6061,77.02537176217506,0.10305737592860066,0.0012821126438338991,337.214115843066
Simulation_000002,Aluminium 6061,77.02537176217506,0.10694633351081201,0.0012821126438338991,337.33060429533225
Simulation_000002,Aluminium 6061,77.02537176217506,0.11083529109302336,0.0012821126438338991,337.4431080188732
Simulation_000002,Aluminium 6061,77.02537176217506,0.1147242486752347,0.0012821126438338991,337.5506052352916
Simulation_000002,Aluminium 6061,77.02537176217506,0.11861320625744605,0.0012821126438338991,337.6520620828065
Simulation_000002,Aluminium 6061,77.02537176217506,0.1225021638396574,0.0012821126438338991,337.74644989378095
Simulation_000002,Aluminium 6061,77.02537176217506,0.12639112142186876,0.0012821126438338991,337.8327646679795
Simulation_000002,Aluminium 6061,77.02537176217506,0.1302800790040801,0.0012821126438338991,337.91004824577385
Simulation_000002,Aluminium 6061,77.02537176217506,0.13416903658629145,0.0012821126438338991,337.9774104927466
Simulation_000002,Aluminium 6061,77.02537176217506,0.13805799416850278,0.0012821126438338991,338.0340516315336
Simulation_000002,Aluminium 6061,77.02537176217506,0.14194695175071415,0.0012821126438338991,338.07928372104897
Simulation_000002,Aluminium 6061,77.02537176217506,0.14583590933292548,0.0012821126438338991,338.1125502102712
Simulation_000002,Aluminium 6061,77.02537176217506,0.14972486691513684,0.0012821126438338991,338.13344250246473
Simulation_000002,Aluminium 6061,77.02537176217506,0.15361382449734817,0.0012821126438338991,338.14171256703065
Simulation_000002,Aluminium 6061,77.02537176217506,0.15750278207955953,0.0012821126438338991,338.13728082966736
Simulation_000002,Aluminium 6061,77.02537176217506,0.16139173966177087,0.0012821126438338991,338.1202388437105
Simulation_000002,Aluminium 6061,77.02537176217506,0.16528069724398223,0.0012821126438338991,338.09084657074374
Simulation_000002,Aluminium 6061,77.02537176217506,0.16916965482619356,0.0012821126438338991,338.04952444253024
Simulation_000002,Aluminium 6061,77.02537176217506,0.17305861240840492,0.0012821126438338991,337.99684070154365
Simulation_000002,Aluminium 6061,77.02537176217506,0.17694756999061625,0.0012821126438338991,337.9334947895694
Simulation_000002,Aluminium 6061,77.02537176217506,0.18083652757282762,0.0012821126438338991,337.8602977473514
Simulation_000002,Aluminium 6061,77.02537176217506,0.18472548515503895,0.0012821126438338991,337.77815068959205
Simulation_000002,Aluminium 6061,77.02537176217506,0.18861444273725028,0.0012821126438338991,337.6880224283308
Simulation_000002,Aluminium 6061,77.02537176217506,0.19250340031946164,0.0012821126438338991,337.59092724478154
Simulation_000002,Aluminium 6061,77.02537176217506,0.19639235790167298,0.0012821126438338991,337.48790367404524
Simulation_000002,Aluminium 6061,77.02537176217506,0.20028131548388434,0.0012821126438338991,337.37999499152716
Simulation_000002,Aluminium 6061,77.02537176217506,0.20417027306609567,0.0012821126438338991,337.2682318971598
Simulation_000002,Aluminium 6061,77.02537176217506,0.20805923064830703,0.0012821126438338991,337.1536177033959
Simulation_000002,Aluminium 6061,77.02537176217506,0.21194818823051836,0.0012821126438338991,337.03711616039163
Simulation_000002,Aluminium 6061,77.02537176217506,0.21583714581272972,0.0012821126438338991,336.91964190645257
Simulation_000002,Aluminium 6061,77.02537176217506,0.21972610339494106,0.0012821126438338991,336.80205341825007
Simulation_000002,Aluminium 6061,77.02537176217506,0.22361506097715242,0.0012821126438338991,336.6851482540145
Simulation_000002,Aluminium 6061,77.02537176217506,0.22750401855936375,0.0012821126438338991,336.56966033136024
Simulation_000002,Aluminium 6061,77.02537176217506,0.2313929761415751,0.0012821126438338991,336.4562589553179
Simulation_000002,Aluminium 6061,77.02537176217506,0.23528193372378645,0.0012821126438338991,336.3455493063952
Simulation_000002,Aluminium 6061,77.02537176217506,0.2391708913059978,0.0012821126438338991,336.23807410789163
Simulation_000002,Aluminium 6061,77.02537176217506,0.24305984888820914,0.0012821126438338991,336.13431621146174
Simulation_000002,Aluminium 6061,77.02537176217506,0.2469488064704205,0.0012821126438338991,336.0347018660162
Simulation_000002,Aluminium 6061,77.02537176217506,0.2508377640526318,0.0012821126438338991,335.93960446420385
Simulation_000002,Aluminium 6061,77.02537176217506,0.25472672163484317,0.0012821126438338991,335.8493485905064
Simulation_000002,Aluminium 6061,77.02537176217506,0.2586156792170545,0.0012821126438338991,335.7642142236654
Simulation_000002,Aluminium 6061,77.02537176217506,0.26250463679926583,0.0012821126438338991,335.6844409726582
Simulation_000002,Aluminium 6061,77.02537176217506,0.2663935943814772,0.0012821126438338991,335.6102322490949
Simulation_000002,Aluminium 6061,77.02537176217506,0.27028255196368856,0.0012821126438338991,335.5417592994724
Simulation_000002,Aluminium 6061,77.02537176217506,0.27417150954589986,0.0012821126438338991,335.47916503816276
Simulation_000002,Aluminium 6061,77.02537176217506,0.2780604671281112,0.0012821126438338991,335.42256763649976
Simulation_000002,Aluminium 6061,77.02537176217506,0.2819494247103226,0.0012821126438338991,335.37206383509795
Simulation_000002,Aluminium 6061,77.02537176217506,0.28583838229253394,0.0012821126438338991,335.3277319559187
Simulation_000002,Aluminium 6061,77.02537176217506,0.28972733987474525,0.0012821126438338991,335.2896345978919
Simulation_000002,Aluminium 6061,77.02537176217506,0.2936162974569566,0.0012821126438338991,335.25782100544194
Simulation_000002,Aluminium 6061,77.02537176217506,0.29750525503916797,0.0012821126438338991,335.2323291033398
Simulation_000002,Aluminium 6061,77.02537176217506,0.30139421262137933,0.0012821126438338991,335.21318719418275
Simulation_000002,Aluminium 6061,77.02537176217506,0.30528317020359064,0.0012821126438338991,335.2004153167241
Simulation_000002,Aluminium 6061,77.02537176217506,0.309172127785802,0.0012821126438338991,335.1940262644558
Simulation_000002,Aluminium 6061,77.02537176217506,0.0019444787911056729,0.003846337931501697,334.9631999848772
Simulation_000002,Aluminium 6061,77.02537176217506,0.005833436373317019,0.003846337931501697,334.9853698848743
Simulation_000002,Aluminium 6061,77.02537176217506,0.009722393955528366,0.003846337931501697,335.0137317629408
Simulation_000002,Aluminium 6061,77.02537176217506,0.013611351537739711,0.003846337931501697,335.04826864706115
Simulation_000002,Aluminium 6061,77.02537176217506,0.017500309119951058,0.003846337931501697,335.0889541647183
Simulation_000002,Aluminium 6061,77.02537176217506,0.021389266702162405,0.003846337931501697,335.13575144630835
Simulation_000002,Aluminium 6061,77.02537176217506,0.02527822428437375,0.003846337931501697,335.18861166485306
Simulation_000002,Aluminium 6061,77.02537176217506,0.029167181866585096,0.003846337931501697,335.2474722145457
Simulation_000002,Aluminium 6061,77.02537176217506,0.03305613944879644,0.003846337931501697,335.31225453257167
Simulation_000002,Aluminium 6061,77.02537176217506,0.03694509703100779,0.003846337931501697,335.38286157144836
Simulation_000002,Aluminium 6061,77.02537176217506,0.04083405461321914,0.003846337931501697,335.4591749331019
Simulation_000002,Aluminium 6061,77.02537176217506,0.044723012195430484,0.003846337931501697,335.5410516812976
Simulation_000002,Aluminium 6061,77.02537176217506,0.048611969777641824,0.003846337931501697,335.62832085618396
Simulation_000002,Aluminium 6061,77.02537176217506,0.05250092735985317,0.003846337931501697,335.72077972391514
Simulation_000002,Aluminium 6061,77.02537176217506,0.05638988494206452,0.003846337931501697,335.8181898059276
Simulation_000002,Aluminium 6061,77.02537176217506,0.060278842524275865,0.003846337931501697,335.9202727467776
Simulation_000002,Aluminium 6061,77.02537176217506,0.0641678001064872,0.003846337931501697,336.02670609678506
Simulation_000002,Aluminium 6061,77.02537176217506,0.06805675768869855,0.003846337931501697,336.1371191062511
Simulation_000002,Aluminium 6061,77.02537176217506,0.0719457152709099,0.003846337931501697,336.2510886517505
Simulation_000002,Aluminium 6061,77.02537176217506,0.07583467285312125,0.003846337931501697,336.36813544172173
Simulation_000002,Aluminium 6061,77.02537176217506,0.0797236304353326,0.003846337931501697,336.48772067770415
Simulation_000002,Aluminium 6061,77.02537176217506,0.08361258801754394,0.003846337931501697,336.6092433780591
Simulation_000002,Aluminium 6061,77.02537176217506,0.08750154559975529,0.003846337931501697,336.7320386011836
Simulation_000002,Aluminium 6061,77.02537176217506,0.09139050318196663,0.003846337931501697,336.85537683268285
Simulation_000002,Aluminium 6061,77.02537176217506,0.09527946076417797,0.003846337931501697,336.9784648224586
Simulation_000002,Aluminium 6061,77.02537176217506,0.09916841834638931,0.003846337931501697,337.1004481690994
Simulation_000002,Aluminium 6061,77.02537176217506,0.10305737592860066,0.003846337931501697,337.2204159454211
Simulation_000002,Aluminium 6061,77.02537176217506,0.10694633351081201,0.003846337931501697,337.33740763510303
Simulation_000002,Aluminium 6061,77.02537176217506,0.11083529109302336,0.003846337931501697,337.4504226006471
Simulation_000002,Aluminium 6061,77.02537176217506,0.1147242486752347,0.003846337931501697,337.55843222262007
Simulation_000002,Aluminium 6061,77.02537176217506,0.11861320625744605,0.003846337931501697,337.66039473633725
Simulation_000002,Aluminium 6061,77.02537176217506,0.1225021638396574,0.003846337931501697,337.75527264476113
Simulation_000002,Aluminium 6061,77.02537176217506,0.12639112142186876,0.003846337931501697,337.8420524096262
Simulation_000002,Aluminium 6061,77.02537176217506,0.1302800790040801,0.003846337931501697,337.91976592612207
Simulation_000002,Aluminium 6061,77.02537176217506,0.13416903658629145,0.003846337931501697,337.9875130851132
Simulation_000002,Aluminium 6061,77.02537176217506,0.13805799416850278,0.003846337931501697,338.04448454136383
Simulation_000002,Aluminium 6061,77.02537176217506,0.14194695175071415,0.003846337931501697,338.0899836606326
Simulation_000002,Aluminium 6061,77.02537176217506,0.14583590933292548,0.003846337931501697,338.1234465372982
Simulation_000002,Aluminium 6061,77.02537176217506,0.14972486691513684,0.003846337931501697,338.1444589781171
Simulation_000002,Aluminium 6061,77.02537176217506,0.15361382449734817,0.003846337931501697,338.15276944922414
Simulation_000002,Aluminium 6061,77.02537176217506,0.15750278207955953,0.003846337931501697,338.1482971828444
Simulation_000002,Aluminium 6061,77.02537176217506,0.16139173966177087,0.003846337931501697,338.1311349235176
Simulation_000002,Aluminium 6061,77.02537176217506,0.16528069724398223,0.003846337931501697,338.10154613378785
Simulation_000002,Aluminium 6061,77.02537176217506,0.16916965482619356,0.003846337931501697,338.0599568395492
Simulation_000002,Aluminium 6061,77.02537176217506,0.17305861240840492,0.003846337931501697,338.0069426353879
Simulation_000002,Aluminium 6061,77.02537176217506,0.17694756999061625,0.003846337931501697,337.9432116536088
Simulation_000002,Aluminium 6061,77.02537176217506,0.18083652757282762,0.003846337931501697,337.86958450000225
Simulation_000002,Aluminium 6061,77.02537176217506,0.18472548515503895,0.003846337931501697,337.78697226093044
Simulation_000002,Aluminium 6061,77.02537176217506,0.18861444273725028,0.003846337931501697,337.696353690276
Simulation_000002,Aluminium 6061,77.02537176217506,0.19250340031946164,0.003846337931501697,337.59875260361395
Simulation_000002,Aluminium 6061,77.02537176217506,0.19639235790167298,0.003846337931501697,337.4952163613901
Simulation_000002,Aluminium 6061,77.02537176217506,0.20028131548388434,0.003846337931501697,337.3867961374117
Simulation_000002,Aluminium 6061,77.02537176217506,0.20417027306609567,0.003846337931501697,337.27452946763185
Simulation_000002,Aluminium 6061,77.02537176217506,0.20805923064830703,0.003846337931501697,337.1594253775689
Simulation_000002,Aluminium 6061,77.02537176217506,0.21194818823051836,0.003846337931501697,337.04245220997365
Simulation_000002,Aluminium 6061,77.02537176217506,0.21583714581272972,0.003846337931501697,336.92452812701566
Simulation_000002,Aluminium 6061,77.02537176217506,0.21972610339494106,0.003846337931501697,336.8065141474951
Simulation_000002,Aluminium 6061,77.02537176217506,0.22361506097715242,0.003846337931501697,336.6892094993652
Simulation_000002,Aluminium 6061,77.02537176217506,0.22750401855936375,0.003846337931501697,336.5733490181755
Simulation_000002,Aluminium 6061,77.02537176217506,0.2313929761415751,0.003846337931501697,336.45960229818417
Simulation_000002,Aluminium 6061,77.02537176217506,0.23528193372378645,0.003846337931501697,336.3485742994003
Simulation_000002,Aluminium 6061,77.02537176217506,0.2391708913059978,0.003846337931501697,336.2408071252871
Simulation_000002,Aluminium 6061,77.02537176217506,0.24305984888820914,0.003846337931501697,336.1367827073949
Simulation_000002,Aluminium 6061,77.02537176217506,0.2469488064704205,0.003846337931501697,336.03692616069617
Simulation_000002,Aluminium 6061,77.02537176217506,0.2508377640526318,0.003846337931501697,335.94160960361324
Simulation_000002,Aluminium 6061,77.02537176217506,0.25472672163484317,0.003846337931501697,335.8511562672591
Simulation_000002,Aluminium 6061,77.02537176217506,0.2586156792170545,0.003846337931501697,335.76584474758556
Simulation_000002,Aluminium 6061,77.02537176217506,0.26250463679926583,0.003846337931501697,335.685913280899
Simulation_000002,Aluminium 6061,77.02537176217506,0.2663935943814772,0.003846337931501697,335.61156394698037
Simulation_000002,Aluminium 6061,77.02537176217506,0.27028255196368856,0.003846337931501697,335.5429667246091
Simulation_000002,Aluminium 6061,77.02537176217506,0.27417150954589986,0.003846337931501697,335.48026334167116
Simulation_000002,Aluminium 6061,77.02537176217506,0.2780604671281112,0.003846337931501697,335.42357087639954
Simulation_000002,Aluminium 6061,77.02537176217506,0.2819494247103226,0.003846337931501697,335.3729850779373
Simulation_000002,Aluminium 6061,77.02537176217506,0.28583838229253394,0.003846337931501697,335.3285833836471
Simulation_000002,Aluminium 6061,77.02537176217506,0.28972733987474525,0.003846337931501697,335.29042761775077
Simulation_000002,Aluminium 6061,77.02537176217506,0.2936162974569566,0.003846337931501697,335.2585663612886
Simulation_000002,Aluminium 6061,77.02537176217506,0.29750525503916797,0.003846337931501697,335.2330369873477
Simulation_000002,Aluminium 6061,77.02537176217506,0.30139421262137933,0.003846337931501697,335.2138673582785
Simulation_000002,Aluminium 6061,77.02537176217506,0.30528317020359064,0.003846337931501697,335.2010771834536
Simulation_000002,Aluminium 6061,77.02537176217506,0.309172127785802,0.003846337931501697,335.19467903721755
Simulation_000002,Aluminium 6061,77.02537176217506,0.0019444787911056729,0.006410563219169494,334.9646622866856
Simulation_000002,Aluminium 6061,77.02537176217506,0.005833436373317019,0.006410563219169494,334.98685251518447
Simulation_000002,Aluminium 6061,77.02537176217506,0.009722393955528366,0.006410563219169494,335.0152552881472
Simulation_000002,Aluminium 6061,77.02537176217506,0.013611351537739711,0.006410563219169494,335.04985410958784
Simulation_000002,Aluminium 6061,77.02537176217506,0.017500309119951058,0.006410563219169494,335.090623321503
Simulation_000002,Aluminium 6061,77.02537176217506,0.021389266702162405,0.006410563219169494,335.1375270074547
Simulation_000002,Aluminium 6061,77.02537176217506,0.02527822428437375,0.006410563219169494,335.19051753182293
Simulation_000002,Aluminium 6061,77.02537176217506,0.029167181866585096,0.006410563219169494,335.24953371665634
Simulation_000002,Aluminium 6061,77.02537176217506,0.03305613944879644,0.006410563219169494,335.3144986597457
Simulation_000002,Aluminium 6061,77.02537176217506,0.03694509703100779,0.006410563219169494,335.3853172001439
Simulation_000002,Aluminium 6061,77.02537176217506,0.04083405461321914,0.006410563219169494,335.4618730410794
Simulation_000002,Aluminium 6061,77.02537176217506,0.044723012195430484,0.006410563219169494,335.5440255453447
Simulation_000002,Aluminium 6061,77.02537176217506,0.048611969777641824,0.006410563219169494,335.6316062251038
Simulation_000002,Aluminium 6061,77.02537176217506,0.05250092735985317,0.006410563219169494,335.72441495697353
Simulation_000002,Aluminium 6061,77.02537176217506,0.05638988494206452,0.006410563219169494,335.82221596456964
Simulation_000002,Aluminium 6061,77.02537176217506,0.060278842524275865,0.006410563219169494,335.92473362480445
Simulation_000002,Aluminium 6061,77.02537176217506,0.0641678001064872,0.006410563219169494,336.03164817141254
Simulation_000002,Aluminium 6061,77.02537176217506,0.06805675768869855,0.006410563219169494,336.1425913896966
Simulation_000002,Aluminium 6061,77.02537176217506,0.0719457152709099,0.006410563219169494,336.2571424204319
Simulation_000002,Aluminium 6061,77.02537176217506,0.07583467285312125,0.006410563219169494,336.37482381811094
Simulation_000002,Aluminium 6061,77.02537176217506,0.0797236304353326,0.006410563219169494,336.4950980387787
Simulation_000002,Aluminium 6061,77.02537176217506,0.08361258801754394,0.006410563219169494,336.61736456466184
Simulation_000002,Aluminium 6061,77.02537176217506,0.08750154559975529,0.006410563219169494,336.74095790507766
Simulation_000002,Aluminium 6061,77.02537176217506,0.09139050318196663,0.006410563219169494,336.8651467433832
Simulation_000002,Aluminium 6061,77.02537176217506,0.09527946076417797,0.006410563219169494,336.98913452477126
Simulation_000002,Aluminium 6061,77.02537176217506,0.09916841834638931,0.006410563219169494,337.11206179534247
Simulation_000002,Aluminium 6061,77.02537176217506,0.10305737592860066,0.006410563219169494,337.2330106039589
Simulation_000002,Aluminium 6061,77.02537176217506,0.10694633351081201,0.006410563219169494,337.3510112590733
Simulation_000002,Aluminium 6061,77.02537176217506,0.11083529109302336,0.006410563219169494,337.46505168693835
Simulation_000002,Aluminium 6061,77.02537176217506,0.1147242486752347,0.006410563219169494,337.57408955971937
Simulation_000002,Aluminium 6061,77.02537176217506,0.11861320625744605,0.006410563219169494,337.6770672480456
Simulation_000002,Aluminium 6061,77.02537176217506,0.1225021638396574,0.006410563219169494,337.7729295013356
Simulation_000002,Aluminium 6061,77.02537176217506,0.12639112142186876,0.006410563219169494,337.86064357417297
Simulation_000002,Aluminium 6061,77.02537176217506,0.1302800790040801,0.006410563219169494,337.93922130719363
Simulation_000002,Aluminium 6061,77.02537176217506,0.13416903658629145,0.006410563219169494,338.00774245208817
Simulation_000002,Aluminium 6061,77.02537176217506,0.13805799416850278,0.006410563219169494,338.0653783244539
Simulation_000002,Aluminium 6061,77.02537176217506,0.14194695175071415,0.006410563219169494,338.11141470206866
Simulation_000002,Aluminium 6061,77.02537176217506,0.14583590933292548,0.006410563219169494,338.1452727877067
Simulation_000002,Aluminium 6061,77.02537176217506,0.14972486691513684,0.006410563219169494,338.1665270493914
Simulation_000002,Aluminium 6061,77.02537176217506,0.15361382449734817,0.006410563219169494,338.1749188525753
Simulation_000002,Aluminium 6061,77.02537176217506,0.15750278207955953,0.006410563219169494,338.1703650099772
Simulation_000002,Aluminium 6061,77.02537176217506,0.16139173966177087,0.006410563219169494,338.1529606811187
Simulation_000002,Aluminium 6061,77.02537176217506,0.16528069724398223,0.006410563219169494,338.1229764246309
Simulation_000002,Aluminium 6061,77.02537176217506,0.16916965482619356,0.006410563219169494,338.0808496004008
Simulation_000002,Aluminium 6061,77.02537176217506,0.17305861240840492,0.006410563219169494,338.02717068966075
Simulation_000002,Aluminium 6061,77.02537176217506,0.17694756999061625,0.006410563219169494,337.9626654074419
Simulation_000002,Aluminium 6061,77.02537176217506,0.18083652757282762,0.006410563219169494,337.8881736930687
Simulation_000002,Aluminium 6061,77.02537176217506,0.18472548515503895,0.006410563219169494,337.80462676597995
Simulation_000002,Aluminium 6061,77.02537176217506,0.18861444273725028,0.006410563219169494,337.7130234279559
Simulation_000002,Aluminium 6061,77.02537176217506,0.19250340031946164,0.006410563219169494,337.61440669440714
Simulation_000002,Aluminium 6061,77.02537176217506,0.19639235790167298,0.006410563219169494,337.50984167123835
Simulation_000002,Aluminium 6061,77.02537176217506,0.20028131548388434,0.006410563219169494,337.4003953879669
Simulation_000002,Aluminium 6061,77.02537176217506,0.20417027306609567,0.006410563219169494,337.28711907894814
Simulation_000002,Aluminium 6061,77.02537176217506,0.20805923064830703,0.006410563219169494,337.1710331947797
Simulation_000002,Aluminium 6061,77.02537176217506,0.21194818823051836,0.006410563219169494,337.0531152409359
Simulation_000002,Aluminium 6061,77.02537176217506,0.21583714581272972,0.006410563219169494,336.9342903895232
Simulation_000002,Aluminium 6061,77.02537176217506,0.21972610339494106,0.006410563219169494,336.81542469609803
Simulation_000002,Aluminium 6061,77.02537176217506,0.22361506097715242,0.006410563219169494,336.69732067565343
Simulation_000002,Aluminium 6061,77.02537176217506,0.22750401855936375,0.006410563219169494,336.5807149461308
Simulation_000002,Aluminium 6061,77.02537176217506,0.2313929761415751,0.006410563219169494,336.46627762854877
Simulation_000002,Aluminium 6061,77.02537176217506,0.23528193372378645,0.006410563219169494,336.3546131939605
Simulation_000002,Aluminium 6061,77.02537176217506,0.2391708913059978,0.006410563219169494,336.2462624631189
Simulation_000002,Aluminium 6061,77.02537176217506,0.24305984888820914,0.006410563219169494,336.14170548982037
Simulation_000002,Aluminium 6061,77.02537176217506,0.2469488064704205,0.006410563219169494,336.04136508921994
Simulation_000002,Aluminium 6061,77.02537176217506,0.2508377640526318,0.006410563219169494,335.9456108047348
Simulation_000002,Aluminium 6061,77.02537176217506,0.25472672163484317,0.006410563219169494,335.8547631391556
Simulation_000002,Aluminium 6061,77.02537176217506,0.2586156792170545,0.006410563219169494,335.7690979056937
Simulation_000002,Aluminium 6061,77.02537176217506,0.26250463679926583,0.006410563219169494,335.6888505819869
Simulation_000002,Aluminium 6061,77.02537176217506,0.2663935943814772,0.006410563219169494,335.6142205740678
Simulation_000002,Aluminium 6061,77.02537176217506,0.27028255196368856,0.006410563219169494,335.5453753178651
Simulation_000002,Aluminium 6061,77.02537176217506,0.27417150954589986,0.006410563219169494,335.4824541630325
Simulation_000002,Aluminium 6061,77.02537176217506,0.2780604671281112,0.006410563219169494,335.4255719980409
Simulation_000002,Aluminium 6061,77.02537176217506,0.2819494247103226,0.006410563219169494,335.374822586831
Simulation_000002,Aluminium 6061,77.02537176217506,0.28583838229253394,0.006410563219169494,335.33028159627554
Simulation_000002,Aluminium 6061,77.02537176217506,0.28972733987474525,0.006410563219169494,335.29200930057317
Simulation_000002,Aluminium 6061,77.02537176217506,0.2936162974569566,0.006410563219169494,335.26005295384795
Simulation_000002,Aluminium 6061,77.02537176217506,0.29750525503916797,0.006410563219169494,335.2344488259448
Simulation_000002,Aluminium 6061,77.02537176217506,0.30139421262137933,0.006410563219169494,335.21522389897945
Simulation_000002,Aluminium 6061,77.02537176217506,0.30528317020359064,0.006410563219169494,335.20239722384565
Simulation_000002,Aluminium 6061,77.02537176217506,0.309172127785802,0.006410563219169494,335.1959809368224
Simulation_000002,Aluminium 6061,77.02537176217506,0.0019444787911056729,0.008974788506837294,334.9668454869507
Simulation_000002,Aluminium 6061,77.02537176217506,0.005833436373317019,0.008974788506837294,334.98906607994616
Simulation_000002,Aluminium 6061,77.02537176217506,0.009722393955528366,0.008974788506837294,335.01752993860543
Simulation_000002,Aluminium 6061,77.02537176217506,0.013611351537739711,0.008974788506837294,335.05222128079123
Simulation_000002,Aluminium 6061,77.02537176217506,0.017500309119951058,0.008974788506837294,335.09311552017283
Simulation_000002,Aluminium 6061,77.02537176217506,0.021389266702162405,0.008974788506837294,335.1401781702976
Simulation_000002,Aluminium 6061,77.02537176217506,0.02527822428437375,0.008974788506837294,335.1933633834945
Simulation_000002,Aluminium 6061,77.02537176217506,0.029167181866585096,0.008974788506837294,335.252612125617
Simulation_000002,Aluminium 6061,77.02537176217506,0.03305613944879644,0.008974788506837294,335.31784998905783
Simulation_000002,Aluminium 6061,77.02537176217506,0.03694509703100779,0.008974788506837294,335.3889846487284
Simulation_000002,Aluminium 6061,77.02537176217506,0.04083405461321914,0.008974788506837294,335.4659029690606
Simulation_000002,Aluminium 6061,77.02537176217506,0.044723012195430484,0.008974788506837294,335.54846777482294
Simulation_000002,Aluminium 6061,77.02537176217506,0.048611969777641824,0.008974788506837294,335.6365143049672
Simulation_000002,Aluminium 6061,77.02537176217506,0.05250092735985317,0.008974788506837294,335.7298463771944
Simulation_000002,Aluminium 6061,77.02537176217506,0.05638988494206452,0.008974788506837294,335.828232301827
Simulation_000002,Aluminium 6061,77.02537176217506,0.060278842524275865,0.008974788506837294,335.93140059729876
Simulation_000002,Aluminium 6061,77.02537176217506,0.0641678001064872,0.008974788506837294,336.03903557650654
Simulation_000002,Aluminium 6061,77.02537176217506,0.06805675768869855,0.008974788506837294,336.15077289373403
Simulation_000002,Aluminium 6061,77.02537176217506,0.0719457152709099,0.008974788506837294,336.26619516607377
Simulation_000002,Aluminium 6061,77.02537176217506,0.07583467285312125,0.008974788506837294,336.3848278112408
Simulation_000002,Aluminium 6061,77.02537176217506,0.0797236304353326,0.008974788506837294,336.506135275089
Simulation_000002,Aluminium 6061,77.02537176217506,0.08361258801754394,0.008974788506837294,336.62951785624193
Simulation_000002,Aluminium 6061,77.02537176217506,0.08750154559975529,0.008974788506837294,336.7543093706506
Simulation_000002,Aluminium 6061,77.02537176217506,0.09139050318196663,0.008974788506837294,336.8797759333852
Simulation_000002,Aluminium 6061,77.02537176217506,0.09527946076417797,0.008974788506837294,337.0051161653942
Simulation_000002,Aluminium 6061,77.02537176217506,0.09916841834638931,0.008974788506837294,337.12946315500733
Simulation_000002,Aluminium 6061,77.02537176217506,0.10305737592860066,0.008974788506837294,337.251888512184
Simulation_000002,Aluminium 6061,77.02537176217506,0.10694633351081201,0.008974788506837294,337.3714088414452
Simulation_000002,Aluminium 6061,77.02537176217506,0.11083529109302336,0.008974788506837294,337.4869949199952
Simulation_000002,Aluminium 6061,77.02537176217506,0.1147242486752347,0.008974788506837294,337.59758379380474
Simulation_000002,Aluminium 6061,77.02537176217506,0.11861320625744605,0.008974788506837294,337.70209389071886
Simulation_000002,Aluminium 6061,77.02537176217506,0.1225021638396574,0.008974788506837294,337.799443093195
Simulation_000002,Aluminium 6061,77.02537176217506,0.12639112142186876,0.008974788506837294,337.88856951595056
Simulation_000002,Aluminium 6061,77.02537176217506,0.1302800790040801,0.008974788506837294,337.9684545040334
Simulation_000002,Aluminium 6061,77.02537176217506,0.13416903658629145,0.008974788506837294,338.03814712087353
Simulation_000002,Aluminium 6061,77.02537176217506,0.13805799416850278,0.008974788506837294,338.0967891580451
Simulation_000002,Aluminium 6061,77.02537176217506,0.14194695175071415,0.008974788506837294,338.14363949956896
Simulation_000002,Aluminium 6061,77.02537176217506,0.14583590933292548,0.008974788506837294,338.17809654722294
Simulation_000002,Aluminium 6061,77.02537176217506,0.14972486691513684,0.008974788506837294,338.19971739017353
Simulation_000002,Aluminium 6061,77.02537176217506,0.15361382449734817,0.008974788506837294,338.20823250311275
Simulation_000002,Aluminium 6061,77.02537176217506,0.15750278207955953,0.008974788506837294,338.2035549865646
Simulation_000002,Aluminium 6061,77.02537176217506,0.16139173966177087,0.008974788506837294,338.1857837054958
Simulation_000002,Aluminium 6061,77.02537176217506,0.16528069724398223,0.008974788506837294,338.15520010244103
Simulation_000002,Aluminium 6061,77.02537176217506,0.16916965482619356,0.008974788506837294,338.11225890907315
Simulation_000002,Aluminium 6061,77.02537176217506,0.17305861240840492,0.008974788506837294,338.0575734002226
Simulation_000002,Aluminium 6061,77.02537176217506,0.17694756999061625,0.008974788506837294,337.99189617683817
Simulation_000002,Aluminium 6061,77.02537176217506,0.18083652757282762,0.008974788506837294,337.9160966938635
Simulation_000002,Aluminium 6061,77.02537176217506,0.18472548515503895,0.008974788506837294,337.83113684990025
Simulation_000002,Aluminium 6061,77.02537176217506,0.18861444273725028,0.008974788506837294,337.73804593238594
Simulation_000002,Aluminium 6061,77.02537176217506,0.19250340031946164,0.008974788506837294,337.63789608568226
Simulation_000002,Aluminium 6061,77.02537176217506,0.19639235790167298,0.008974788506837294,337.5317792705909
Simulation_000002,Aluminium 6061,77.02537176217506,0.20028131548388434,0.008974788506837294,337.4207864460205
Simulation_000002,Aluminium 6061,77.02537176217506,0.20417027306609567,0.008974788506837294,337.30598945760005
Simulation_000002,Aluminium 6061,77.02537176217506,0.20805923064830703,0.008974788506837294,337.1884258883077
Simulation_000002,Aluminium 6061,77.02537176217506,0.21194818823051836,0.008974788506837294,337.069086928892
Simulation_000002,Aluminium 6061,77.02537176217506,0.21583714581272972,0.008974788506837294,336.9489081694445
Simulation_000002,Aluminium 6061,77.02537176217506,0.21972610339494106,0.008974788506837294,336.8287630998157
Simulation_000002,Aluminium 6061,77.02537176217506,0.22361506097715242,0.008974788506837294,336.7094590328733
Simulation_000002,Aluminium 6061,77.02537176217506,0.22750401855936375,0.008974788506837294,336.59173512521136
Simulation_000002,Aluminium 6061,77.02537176217506,0.2313929761415751,0.008974788506837294,336.47626215790325
Simulation_000002,Aluminium 6061,77.02537176217506,0.23528193372378645,0.008974788506837294,336.3636437481553
Simulation_000002,Aluminium 6061,77.02537176217506,0.2391708913059978,0.008974788506837294,336.25441868481164
Simulation_000002,Aluminium 6061,77.02537176217506,0.24305984888820914,0.008974788506837294,336.149064111127
Simulation_000002,Aluminium 6061,77.02537176217506,0.2469488064704205,0.008974788506837294,336.04799931276875
Simulation_000002,Aluminium 6061,77.02537176217506,0.2508377640526318,0.008974788506837294,335.9515899044508
Simulation_000002,Aluminium 6061,77.02537176217506,0.25472672163484317,0.008974788506837294,335.8601522427523
Simulation_000002,Aluminium 6061,77.02537176217506,0.2586156792170545,0.008974788506837294,335.77395792413097
Simulation_000002,Aluminium 6061,77.02537176217506,0.26250463679926583,0.008974788506837294,335.6932382551607
Simulation_000002,Aluminium 6061,77.02537176217506,0.2663935943814772,0.008974788506837294,335.61818860627375
Simulation_000002,Aluminium 6061,77.02537176217506,0.27028255196368856,0.008974788506837294,335.54897258080626
Simulation_000002,Aluminium 6061,77.02537176217506,0.27417150954589986,0.008974788506837294,335.4857259481137
Simulation_000002,Aluminium 6061,77.02537176217506,0.2780604671281112,0.008974788506837294,335.428560303293
Simulation_000002,Aluminium 6061,77.02537176217506,0.2819494247103226,0.008974788506837294,335.37756642698065
Simulation_000002,Aluminium 6061,77.02537176217506,0.28583838229253394,0.008974788506837294,335.33281732720314
Simulation_000002,Aluminium 6061,77.02537176217506,0.28972733987474525,0.008974788506837294,335.2943709517077
Simulation_000002,Aluminium 6061,77.02537176217506,0.2936162974569566,0.008974788506837294,335.26227256395117
Simulation_000002,Aluminium 6061,77.02537176217506,0.29750525503916797,0.008974788506837294,335.2365567792936
Simulation_000002,Aluminium 6061,77.02537176217506,0.30139421262137933,0.008974788506837294,335.2172492601911
Simulation_000002,Aluminium 6061,77.02537176217506,0.30528317020359064,0.008974788506837294,335.20436807055927
Simulation_000002,Aluminium 6061,77.02537176217506,0.309172127785802,0.008974788506837294,335.197924690174
Simulation_000002,Aluminium 6061,77.02537176217506,0.0019444787911056729,0.011539013794505091,334.9697373400059
Simulation_000002,Aluminium 6061,77.02537176217506,0.005833436373317019,0.011539013794505091,334.9919981796423
Simulation_000002,Aluminium 6061,77.02537176217506,0.009722393955528366,0.011539013794505091,335.02054300689724
Simulation_000002,Aluminium 6061,77.02537176217506,0.013611351537739711,0.011539013794505091,335.0553569909922
Simulation_000002,Aluminium 6061,77.02537176217506,0.017500309119951058,0.011539013794505091,335.09641697419033
Simulation_000002,Aluminium 6061,77.02537176217506,0.021389266702162405,0.011539013794505091,335.14369037696855
Simulation_000002,Aluminium 6061,77.02537176217506,0.02527822428437375,0.011539013794505091,335.19713373707145
Simulation_000002,Aluminium 6061,77.02537176217506,0.029167181866585096,0.011539013794505091,335.2566908822635
Simulation_000002,Aluminium 6061,77.02537176217506,0.03305613944879644,0.011539013794505091,335.32229073763233
Simulation_000002,Aluminium 6061,77.02537176217506,0.03694509703100779,0.011539013794505091,335.39384477013
Simulation_000002,Aluminium 6061,77.02537176217506,0.04083405461321914,0.011539013794505091,335.4712440759136
Simulation_000002,Aluminium 6061,77.02537176217506,0.044723012195430484,0.011539013794505091,335.55435612024024
Simulation_000002,Aluminium 6061,77.02537176217506,0.048611969777641824,0.011539013794505091,335.64302114550935
Simulation_000002,Aluminium 6061,77.02537176217506,0.05250092735985317,0.011539013794505091,335.7370482709047
Simulation_000002,Aluminium 6061,77.02537176217506,0.05638988494206452,0.011539013794505091,335.8362113173783
Simulation_000002,Aluminium 6061,77.02537176217506,0.060278842524275865,0.011539013794505091,335.94024440490534
Simulation_000002,Aluminium 6061,77.02537176217506,0.0641678001064872,0.011539013794505091,336.04883738546755
Simulation_000002,Aluminium 6061,77.02537176217506,0.06805675768869855,0.011539013794505091,336.1616311955512
Simulation_000002,Aluminium 6061,77.02537176217506,0.0719457152709099,0.011539013794505091,336.2782132364209
Simulation_000002,Aluminium 6061,77.02537176217506,0.07583467285312125,0.011539013794505091,336.39811291926003
Simulation_000002,Aluminium 6061,77.02537176217506,0.0797236304353326,0.011539013794505091,336.52079754536237
Simulation_000002,Aluminium 6061,77.02537176217506,0.08361258801754394,0.011539013794505091,336.6456687284132
Simulation_000002,Aluminium 6061,77.02537176217506,0.08750154559975529,0.011539013794505091,336.7720596053657
Simulation_000002,Aluminium 6061,77.02537176217506,0.09139050318196663,0.011539013794505091,336.899233122525
Simulation_000002,Aluminium 6061,77.02537176217506,0.09527946076417797,0.011539013794505091,337.02638172111466
Simulation_000002,Aluminium 6061,77.02537176217506,0.09916841834638931,0.011539013794505091,337.1526287774398
Simulation_000002,Aluminium 6061,77.02537176217506,0.10305737592860066,0.011539013794505091,337.27703217094427
Simulation_000002,Aluminium 6061,77.02537176217506,0.10694633351081201,0.011539013794505091,337.3985903517167
Simulation_000002,Aluminium 6061,77.02537176217506,0.11083529109302336,0.011539013794505091,337.51625124895594
Simulation_000002,Aluminium 6061,77.02537176217506,0.1147242486752347,0.011539013794505091,337.62892429476165
Simulation_000002,Aluminium 6061,77.02537176217506,0.11861320625744605,0.011539013794505091,337.73549572541873
Simulation_000002,Aluminium 6061,77.02537176217506,0.1225021638396574,0.011539013794505091,337.8348471597912
Simulation_000002,Aluminium 6061,77.02537176217506,0.12639112142186876,0.011539013794505091,337.9258772412014
Simulation_000002,Aluminium 6061,77.02537176217506,0.1302800790040801,0.011539013794505091,338.00752587237383
Simulation_000002,Aluminium 6061,77.02537176217506,0.13416903658629145,0.011539013794505091,338.07880028941526
Simulation_000002,Aluminium 6061,77.02537176217506,0.13805799416850278,0.011539013794505091,338.1388019376124
Simulation_000002,Aluminium 6061,77.02537176217506,0.14194695175071415,0.011539013794505091,338.1867528655865
Simulation_000002,Aluminium 6061,77.02537176217506,0.14583590933292548,0.011539013794505091,338.22202018674375
Simulation_000002,Aluminium 6061,77.02537176217506,0.14972486691513684,0.011539013794505091,338.2441371078158
Simulation_000002,Aluminium 6061,77.02537176217506,0.15361382449734817,0.011539013794505091,338.25281912245816
Simulation_000002,Aluminium 6061,77.02537176217506,0.15750278207955953,0.011539013794505091,338.24797422236605
Simulation_000002,Aluminium 6061,77.02537176217506,0.16139173966177087,0.011539013794505091,338.2297063724028
Simulation_000002,Aluminium 6061,77.02537176217506,0.16528069724398223,0.011539013794505091,338.19831198706703
Simulation_000002,Aluminium 6061,77.02537176217506,0.16916965482619356,0.011539013794505091,338.15426967110824
Simulation_000002,Aluminium 6061,77.02537176217506,0.17305861240840492,0.011539013794505091,338.09822397793926
Simulation_000002,Aluminium 6061,77.02537176217506,0.17694756999061625,0.011539013794505091,338.03096433353346
Simulation_000002,Aluminium 6061,77.02537176217506,0.18083652757282762,0.011539013794505091,337.95340052800094
Simulation_000002,Aluminium 6061,77.02537176217506,0.18472548515503895,0.011539013794505091,337.86653627522657
Simulation_000002,Aluminium 6061,77.02537176217506,0.18861444273725028,0.011539013794505091,337.7714422918287
Simulation_000002,Aluminium 6061,77.02537176217506,0.19250340031946164,0.011539013794505091,337.6692301791183
Simulation_000002,Aluminium 6061,77.02537176217506,0.19639235790167298,0.011539013794505091,337.5610281455237
Simulation_000002,Aluminium 6061,77.02537176217506,0.20028131548388434,0.011539013794505091,337.4479593237876
Simulation_000002,Aluminium 6061,77.02537176217506,0.20417027306609567,0.011539013794505091,337.331123153661
Simulation_000002,Aluminium 6061,77.02537176217506,0.20805923064830703,0.011539013794505091,337.2115800440657
Simulation_000002,Aluminium 6061,77.02537176217506,0.21194818823051836,0.011539013794505091,337.0903393154857
Simulation_000002,Aluminium 6061,77.02537176217506,0.21583714581272972,0.011539013794505091,336.96835026083903
Simulation_000002,Aluminium 6061,77.02537176217506,0.21972610339494106,0.011539013794505091,336.8464960509228
Simulation_000002,Aluminium 6061,77.02537176217506,0.22361506097715242,0.011539013794505091,336.7255901434197
Simulation_000002,Aluminium 6061,77.02537176217506,0.22750401855936375,0.011539013794505091,336.60637482445617
Simulation_000002,Aluminium 6061,77.02537176217506,0.2313929761415751,0.011539013794505091,336.48952150999855
Simulation_000002,Aluminium 6061,77.02537176217506,0.23528193372378645,0.011539013794505091,336.3756324526055
Simulation_000002,Aluminium 6061,77.02537176217506,0.2391708913059978,0.011539013794505091,336.2652435299337
Simulation_000002,Aluminium 6061,77.02537176217506,0.24305984888820914,0.011539013794505091,336.15882782910654
Simulation_000002,Aluminium 6061,77.02537176217506,0.2469488064704205,0.011539013794505091,336.0567997812012
Simulation_000002,Aluminium 6061,77.02537176217506,0.2508377640526318,0.011539013794505091,335.95951963962654
Simulation_000002,Aluminium 6061,77.02537176217506,0.25472672163484317,0.011539013794505091,335.86729813305925
Simulation_000002,Aluminium 6061,77.02537176217506,0.2586156792170545,0.011539013794505091,335.7804011567474
Simulation_000002,Aluminium 6061,77.02537176217506,0.26250463679926583,0.011539013794505091,335.6990543948623
Simulation_000002,Aluminium 6061,77.02537176217506,0.2663935943814772,0.011539013794505091,335.6234477911016
Simulation_000002,Aluminium 6061,77.02537176217506,0.27028255196368856,0.011539013794505091,335.5537398051171
Simulation_000002,Aluminium 6061,77.02537176217506,0.27417150954589986,0.011539013794505091,335.4900614089173
Simulation_000002,Aluminium 6061,77.02537176217506,0.2780604671281112,0.011539013794505091,335.4325197906193
Simulation_000002,Aluminium 6061,77.02537176217506,0.2819494247103226,0.011539013794505091,335.38120174325945
Simulation_000002,Aluminium 6061,77.02537176217506,0.28583838229253394,0.011539013794505091,335.3361767242687
Simulation_000002,Aluminium 6061,77.02537176217506,0.28972733987474525,0.011539013794505091,335.29749957708964
Simulation_000002,Aluminium 6061,77.02537176217506,0.2936162974569566,0.011539013794505091,335.26521291063204
Simulation_000002,Aluminium 6061,77.02537176217506,0.29750525503916797,0.011539013794505091,335.2393491351541
Simulation_000002,Aluminium 6061,77.02537176217506,0.30139421262137933,0.011539013794505091,335.2199321549899
Simulation_000002,Aluminium 6061,77.02537176217506,0.30528317020359064,0.011539013794505091,335.2069787195578
Simulation_000002,Aluminium 6061,77.02537176217506,0.309172127785802,0.011539013794505091,335.200499434468
Simulation_000002,Aluminium 6061,77.02537176217506,0.0019444787911056729,0.014103239082172888,334.9733216137537
Simulation_000002,Aluminium 6061,77.02537176217506,0.005833436373317019,0.014103239082172888,334.99563237715347
Simulation_000002,Aluminium 6061,77.02537176217506,0.009722393955528366,0.014103239082172888,335.024277645532
Simulation_000002,Aluminium 6061,77.02537176217506,0.013611351537739711,0.014103239082172888,335.05924377644067
Simulation_000002,Aluminium 6061,77.02537176217506,0.017500309119951058,0.014103239082172888,335.10050939715086
Simulation_000002,Aluminium 6061,77.02537176217506,0.021389266702162405,0.014103239082172888,335.14804431190595
Simulation_000002,Aluminium 6061,77.02537176217506,0.02527822428437375,0.014103239082172888,335.2018080421505
Simulation_000002,Aluminium 6061,77.02537176217506,0.029167181866585096,0.014103239082172888,335.2617479980894
Simulation_000002,Aluminium 6061,77.02537176217506,0.03305613944879644,0.014103239082172888,335.32779728050366
Simulation_000002,Aluminium 6061,77.02537176217506,0.03694509703100779,0.014103239082172888,335.39987211304015
Simulation_000002,Aluminium 6061,77.02537176217506,0.04083405461321914,0.014103239082172888,335.4778689074615
Simulation_000002,Aluminium 6061,77.02537176217506,0.044723012195430484,0.014103239082172888,335.56166096784807
Simulation_000002,Aluminium 6061,77.02537176217506,0.048611969777641824,0.014103239082172888,335.6510948448349
Simulation_000002,Aluminium 6061,77.02537176217506,0.05250092735985317,0.014103239082172888,335.7459863580257
Simulation_000002,Aluminium 6061,77.02537176217506,0.05638988494206452,0.014103239082172888,335.8461163142182
Simulation_000002,Aluminium 6061,77.02537176217506,0.060278842524275865,0.014103239082172888,335.9512259615104
Simulation_000002,Aluminium 6061,77.02537176217506,0.0641678001064872,0.014103239082172888,336.0610122352997
Simulation_000002,Aluminium 6061,77.02537176217506,0.06805675768869855,0.014103239082172888,336.17512287221297
Simulation_000002,Aluminium 6061,77.02537176217506,0.0719457152709099,0.014103239082172888,336.2931514926567
Simulation_000002,Aluminium 6061,77.02537176217506,0.07583467285312125,0.014103239082172888,336.414632782401
Simulation_000002,Aluminium 6061,77.02537176217506,0.0797236304353326,0.014103239082172888,336.5390379386055
Simulation_000002,Aluminium 6061,77.02537176217506,0.08361258801754394,0.014103239082172888,336.6657705857905
Simulation_000002,Aluminium 6061,77.02537176217506,0.08750154559975529,0.014103239082172888,336.7941634116628
Simulation_000002,Aluminium 6061,77.02537176217506,0.09139050318196663,0.014103239082172888,336.92347581974707
Simulation_000002,Aluminium 6061,77.02537176217506,0.09527946076417797,0.014103239082172888,337.05289294259006
Simulation_000002,Aluminium 6061,77.02537176217506,0.09916841834638931,0.014103239082172888,337.1815264014692
Simulation_000002,Aluminium 6061,77.02537176217506,0.10305737592860066,0.014103239082172888,337.3084172298398
Simulation_000002,Aluminium 6061,77.02537176217506,0.10694633351081201,0.014103239082172888,337.4325413899775
Simulation_000002,Aluminium 6061,77.02537176217506,0.11083529109302336,0.014103239082172888,337.55281829543605
Simulation_000002,Aluminium 6061,77.02537176217506,0.1147242486752347,0.014103239082172888,337.6681226948521
Simulation_000002,Aluminium 6061,77.02537176217506,0.11861320625744605,0.014103239082172888,337.7773001642376
Simulation_000002,Aluminium 6061,77.02537176217506,0.1225021638396574,0.014103239082172888,337.8791862864101
Simulation_000002,Aluminium 6061,77.02537176217506,0.12639112142186876,0.014103239082172888,337.97262936394463
Simulation_000002,Aluminium 6061,77.02537176217506,0.1302800790040801,0.014103239082172888,338.05651622093944
Simulation_000002,Aluminium 6061,77.02537176217506,0.13416903658629145,0.014103239082172888,338.12980031577786
Simulation_000002,Aluminium 6061,77.02537176217506,0.13805799416850278,0.014103239082172888,338.1915310426457
Simulation_000002,Aluminium 6061,77.02537176217506,0.14194695175071415,0.014103239082172888,338.2408827878497
Simulation_000002,Aluminium 6061,77.02537176217506,0.14583590933292548,0.014103239082172888,338.2771820808379
Simulation_000002,Aluminium 6061,77.02537176217506,0.14972486691513684,0.014103239082172888,338.2999310921409
Simulation_000002,Aluminium 6061,77.02537176217506,0.15361382449734817,0.014103239082172888,338.30882582201747
Simulation_000002,Aluminium 6061,77.02537176217506,0.15750278207955953,0.014103239082172888,338.30376761038985
Simulation_000002,Aluminium 6061,77.02537176217506,0.16139173966177087,0.014103239082172888,338.28486706283826
Simulation_000002,Aluminium 6061,77.02537176217506,0.16528069724398223,0.014103239082172888,338.25244007602646
Simulation_000002,Aluminium 6061,77.02537176217506,0.16916965482619356,0.014103239082172888,338.2069962793216
Simulation_000002,Aluminium 6061,77.02537176217506,0.17305861240840492,0.014103239082172888,338.14922079797606
Simulation_000002,Aluminium 6061,77.02537176217506,0.17694756999061625,0.014103239082172888,338.0799507074348
Simulation_000002,Aluminium 6061,77.02537176217506,0.18083652757282762,0.014103239082172888,338.0001478351412
Simulation_000002,Aluminium 6061,77.02537176217506,0.18472548515503895,0.014103239082172888,337.9108696577987
Simulation_000002,Aluminium 6061,77.02537176217506,0.18861444273725028,0.014103239082172888,337.8132399543808
Simulation_000002,Aluminium 6061,77.02537176217506,0.19250340031946164,0.014103239082172888,337.70842064906077
Simulation_000002,Aluminium 6061,77.02537176217506,0.19639235790167298,0.014103239082172888,337.5975859665454
Simulation_000002,Aluminium 6061,77.02537176217506,0.20028131548388434,0.014103239082172888,337.48189967790194
Simulation_000002,Aluminium 6061,77.02537176217506,0.20417027306609567,0.014103239082172888,337.36249588189156
Simulation_000002,Aluminium 6061,77.02537176217506,0.20805923064830703,0.014103239082172888,337.2404634757622
Simulation_000002,Aluminium 6061,77.02537176217506,0.21194818823051836,0.014103239082172888,337.1168342372282
Simulation_000002,Aluminium 6061,77.02537176217506,0.21583714581272972,0.014103239082172888,336.9925742709067
Simulation_000002,Aluminium 6061,77.02537176217506,0.21972610339494106,0.014103239082172888,336.8685784641328
Simulation_000002,Aluminium 6061,77.02537176217506,0.22361506097715242,0.014103239082172888,336.74566754003007
Simulation_000002,Aluminium 6061,77.02537176217506,0.22750401855936375,0.014103239082172888,336.6245872789104
Simulation_000002,Aluminium 6061,77.02537176217506,0.2313929761415751,0.014103239082172888,336.5060094913544
Simulation_000002,Aluminium 6061,77.02537176217506,0.23528193372378645,0.014103239082172888,336.3905343576577
Simulation_000002,Aluminium 6061,77.02537176217506,0.2391708913059978,0.014103239082172888,336.2786937905454
Simulation_000002,Aluminium 6061,77.02537176217506,0.24305984888820914,0.014103239082172888,336.170955524912
Simulation_000002,Aluminium 6061,77.02537176217506,0.2469488064704205,0.014103239082172888,336.0677276854331
Simulation_000002,Aluminium 6061,77.02537176217506,0.2508377640526318,0.014103239082172888,335.96936362734306
Simulation_000002,Aluminium 6061,77.02537176217506,0.25472672163484317,0.014103239082172888,335.87616688581465
Simulation_000002,Aluminium 6061,77.02537176217506,0.2586156792170545,0.014103239082172888,335.78839610441554
Simulation_000002,Aluminium 6061,77.02537176217506,0.26250463679926583,0.014103239082172888,335.70626984288447
Simulation_000002,Aluminium 6061,77.02537176217506,0.2663935943814772,0.014103239082172888,335.6299711891683
Simulation_000002,Aluminium 6061,77.02537176217506,0.27028255196368856,0.014103239082172888,335.5596521207323
Simulation_000002,Aluminium 6061,77.02537176217506,0.27417150954589986,0.014103239082172888,335.4954375761437
Simulation_000002,Aluminium 6061,77.02537176217506,0.2780604671281112,0.014103239082172888,335.43742921040985
Simulation_000002,Aluminium 6061,77.02537176217506,0.2819494247103226,0.014103239082172888,335.3857088170913
Simulation_000002,Aluminium 6061,77.02537176217506,0.28583838229253394,0.014103239082172888,335.34034140731046
Simulation_000002,Aluminium 6061,77.02537176217506,0.28972733987474525,0.014103239082172888,335.30137794091166
Simulation_000002,Aluminium 6061,77.02537176217506,0.2936162974569566,0.014103239082172888,335.2688577085708
Simulation_000002,Aluminium 6061,77.02537176217506,0.29750525503916797,0.014103239082172888,335.2428103659471
Simulation_000002,Aluminium 6061,77.02537176217506,0.30139421262137933,0.014103239082172888,335.22325762228746
Simulation_000002,Aluminium 6061,77.02537176217506,0.30528317020359064,0.014103239082172888,335.2102145864559
Simulation_000002,Aluminium 6061,77.02537176217506,0.309172127785802,0.014103239082172888,335.2036907733645
Simulation_000002,Aluminium 6061,77.02537176217506,0.0019444787911056729,0.016667464369840686,334.97757817149363
Simulation_000002,Aluminium 6061,77.02537176217506,0.005833436373317019,0.016667464369840686,334.9999482797164
Simulation_000002,Aluminium 6061,77.02537176217506,0.009722393955528366,0.016667464369840686,335.02871294911415
Simulation_000002,Aluminium 6061,77.02537176217506,0.013611351537739711,0.016667464369840686,335.0638599616696
Simulation_000002,Aluminium 6061,77.02537176217506,0.017500309119951058,0.016667464369840686,335.1053700851334
Simulation_000002,Aluminium 6061,77.02537176217506,0.021389266702162405,0.016667464369840686,335.15321598379387
Simulation_000002,Aluminium 6061,77.02537176217506,0.02527822428437375,0.016667464369840686,335.20736076153594
Simulation_000002,Aluminium 6061,77.02537176217506,0.029167181866585096,0.016667464369840686,335.26775613384825
Simulation_000002,Aluminium 6061,77.02537176217506,0.03305613944879644,0.016667464369840686,335.33434022544617
Simulation_000002,Aluminium 6061,77.02537176217506,0.03694509703100779,0.016667464369840686,335.4070349908358
Simulation_000002,Aluminium 6061,77.02537176217506,0.04083405461321914,0.016667464369840686,335.48574325667903
Simulation_000002,Aluminium 6061,77.02537176217506,0.044723012195430484,0.016667464369840686,335.5703453874934
Simulation_000002,Aluminium 6061,77.02537176217506,0.048611969777641824,0.016667464369840686,335.66069558039004
Simulation_000002,Aluminium 6061,77.02537176217506,0.05250092735985317,0.016667464369840686,335.7566178006152
Simulation_000002,Aluminium 6061,77.02537176217506,0.05638988494206452,0.016667464369840686,335.85790137812546
Simulation_000002,Aluminium 6061,77.02537176217506,0.060278842524275865,0.016667464369840686,335.96429629687236
Simulation_000002,Aluminium 6061,77.02537176217506,0.0641678001064872,0.016667464369840686,336.07550822357047
Simulation_000002,Aluminium 6061,77.02537176217506,0.06805675768869855,0.016667464369840686,336.1911933422091
Simulation_000002,Aluminium 6061,77.02537176217506,0.0719457152709099,0.016667464369840686,336.3109530852081
Simulation_000002,Aluminium 6061,77.02537176217506,0.07583467285312125,0.016667464369840686,336.4343288826402
Simulation_000002,Aluminium 6061,77.02537176217506,0.0797236304353326,0.016667464369840686,336.56079708791657
Simulation_000002,Aluminium 6061,77.02537176217506,0.08361258801754394,0.016667464369840686,336.6897642820129
Simulation_000002,Aluminium 6061,77.02537176217506,0.08750154559975529,0.016667464369840686,336.8205632083765
Simulation_000002,Aluminium 6061,77.02537176217506,0.09139050318196663,0.016667464369840686,336.9524496458909
Simulation_000002,Aluminium 6061,77.02537176217506,0.09527946076417797,0.016667464369840686,337.0846005851486
Simulation_000002,Aluminium 6061,77.02537176217506,0.09916841834638931,0.016667464369840686,337.21611412949164
Simulation_000002,Aluminium 6061,77.02537176217506,0.10305737592860066,0.016667464369840686,337.34601159025584
Simulation_000002,Aluminium 6061,77.02537176217506,0.10694633351081201,0.016667464369840686,337.4732422761982
Simulation_000002,Aluminium 6061,77.02537176217506,0.11083529109302336,0.016667464369840686,337.59669147831147
Simulation_000002,Aluminium 6061,77.02537176217506,0.1147242486752347,0.016667464369840686,337.71519210900374
Simulation_000002,Aluminium 6061,77.02537176217506,0.11861320625744605,0.016667464369840686,337.8275403538756
Simulation_000002,Aluminium 6061,77.02537176217506,0.1225021638396574,0.016667464369840686,337.93251552147564
Simulation_000002,Aluminium 6061,77.02537176217506,0.12639112142186876,0.016667464369840686,338.0289040229902
Simulation_000002,Aluminium 6061,77.02537176217506,0.1302800790040801,0.016667464369840686,338.11552708112134
Simulation_000002,Aluminium 6061,77.02537176217506,0.13416903658629145,0.016667464369840686,338.1912713714491
Simulation_000002,Aluminium 6061,77.02537176217506,0.13805799416850278,0.016667464369840686,338.25512137478097
Simulation_000002,Aluminium 6061,77.02537176217506,0.14194695175071415,0.016667464369840686,338.3061918188275
Simulation_000002,Aluminium 6061,77.02537176217506,0.14583590933292548,0.016667464369840686,338.3437582798575
Simulation_000002,Aluminium 6061,77.02537176217506,0.14972486691513684,0.016667464369840686,338.3672838710397
Simulation_000002,Aluminium 6061,77.02537176217506,0.15361382449734817,0.016667464369840686,338.3764400221846
Simulation_000002,Aluminium 6061,77.02537176217506,0.15750278207955953,0.016667464369840686,338.371119682472
Simulation_000002,Aluminium 6061,77.02537176217506,0.16139173966177087,0.016667464369840686,338.3514418351152
Simulation_000002,Aluminium 6061,77.02537176217506,0.16528069724398223,0.016667464369840686,338.3177469339095
Simulation_000002,Aluminium 6061,77.02537176217506,0.16916965482619356,0.016667464369840686,338.2705836518489
Simulation_000002,Aluminium 6061,77.02537176217506,0.17305861240840492,0.016667464369840686,338.21068805299586
Simulation_000002,Aluminium 6061,77.02537176217506,0.17694756999061625,0.016667464369840686,338.1389568561625
Simulation_000002,Aluminium 6061,77.02537176217506,0.18083652757282762,0.016667464369840686,338.05641678584493
Simulation_000002,Aluminium 6061,77.02537176217506,0.18472548515503895,0.016667464369840686,337.96419208387476
Simulation_000002,Aluminium 6061,77.02537176217506,0.18861444273725028,0.016667464369840686,337.86347211132596
Simulation_000002,Aluminium 6061,77.02537176217506,0.19250340031946164,0.016667464369840686,337.75548066255016
Simulation_000002,Aluminium 6061,77.02537176217506,0.19639235790167298,0.016667464369840686,337.64144821307764
Simulation_000002,Aluminium 6061,77.02537176217506,0.20028131548388434,0.016667464369840686,337.52258789835565
Simulation_000002,Aluminium 6061,77.02537176217506,0.20417027306609567,0.016667464369840686,337.4000756243694
Simulation_000002,Aluminium 6061,77.02537176217506,0.20805923064830703,0.016667464369840686,337.27503437852306
Simulation_000002,Aluminium 6061,77.02537176217506,0.21194818823051836,0.016667464369840686,337.14852255577114
Simulation_000002,Aluminium 6061,77.02537176217506,0.21583714581272972,0.016667464369840686,337.02152594217114
Simulation_000002,Aluminium 6061,77.02537176217506,0.21972610339494106,0.016667464369840686,336.8949528973306
Simulation_000002,Aluminium 6061,77.02537176217506,0.22361506097715242,0.016667464369840686,336.76963223502696
Simulation_000002,Aluminium 6061,77.02537176217506,0.22750401855936375,0.016667464369840686,336.64631330255224
Simulation_000002,Aluminium 6061,77.02537176217506,0.2313929761415751,0.016667464369840686,336.5256677899144
Simulation_000002,Aluminium 6061,77.02537176217506,0.23528193372378645,0.016667464369840686,336.40829284805113
Simulation_000002,Aluminium 6061,77.02537176217506,0.2391708913059978,0.016667464369840686,336.29471515145957
Simulation_000002,Aluminium 6061,77.02537176217506,0.24305984888820914,0.016667464369840686,336.1853955985648
Simulation_000002,Aluminium 6061,77.02537176217506,0.2469488064704205,0.016667464369840686,336.08073439843145
Simulation_000002,Aluminium 6061,77.02537176217506,0.2508377640526318,0.016667464369840686,335.9810763425253
Simulation_000002,Aluminium 6061,77.02537176217506,0.25472672163484317,0.016667464369840686,335.8867161039608
Simulation_000002,Aluminium 6061,77.02537176217506,0.2586156792170545,0.016667464369840686,335.79790344368695
Simulation_000002,Aluminium 6061,77.02537176217506,0.26250463679926583,0.016667464369840686,335.714848233632
Simulation_000002,Aluminium 6061,77.02537176217506,0.2663935943814772,0.016667464369840686,335.63772523151226
Simulation_000002,Aluminium 6061,77.02537176217506,0.27028255196368856,0.016667464369840686,335.5666785615461
Simulation_000002,Aluminium 6061,77.02537176217506,0.27417150954589986,0.016667464369840686,335.5018258704568
Simulation_000002,Aluminium 6061,77.02537176217506,0.2780604671281112,0.016667464369840686,335.44326213964604
Simulation_000002,Aluminium 6061,77.02537176217506,0.2819494247103226,0.016667464369840686,335.39106314293133
Simulation_000002,Aluminium 6061,77.02537176217506,0.28583838229253394,0.016667464369840686,335.3452885453568
Simulation_000002,Aluminium 6061,77.02537176217506,0.28972733987474525,0.016667464369840686,335.30598464280285
Simulation_000002,Aluminium 6061,77.02537176217506,0.2936162974569566,0.016667464369840686,335.27318674484667
Simulation_000002,Aluminium 6061,77.02537176217506,0.29750525503916797,0.016667464369840686,335.24692120490454
Simulation_000002,Aluminium 6061,77.02537176217506,0.30139421262137933,0.016667464369840686,335.2272071023829
Simulation_000002,Aluminium 6061,77.02537176217506,0.30528317020359064,0.016667464369840686,335.21405758160427
Simulation_000002,Aluminium 6061,77.02537176217506,0.309172127785802,0.016667464369840686,335.20748085181987
Simulation_000002,Aluminium 6061,77.02537176217506,0.0019444787911056729,0.01923168965750848,334.98248307419703
Simulation_000002,Aluminium 6061,77.02537176217506,0.005833436373317019,0.01923168965750848,335.00492164140434
Simulation_000002,Aluminium 6061,77.02537176217506,0.009722393955528366,0.01923168965750848,335.0338240571731
Simulation_000002,Aluminium 6061,77.02537176217506,0.013611351537739711,0.01923168965750848,335.06917976268886
Simulation_000002,Aluminium 6061,77.02537176217506,0.017500309119951058,0.01923168965750848,335.1109720200807
Simulation_000002,Aluminium 6061,77.02537176217506,0.021389266702162405,0.01923168965750848,335.1591768286698
Simulation_000002,Aluminium 6061,77.02537176217506,0.02527822428437375,0.01923168965750848,335.2137614732561
Simulation_000002,Aluminium 6061,77.02537176217506,0.029167181866585096,0.01923168965750848,335.2746826991919
Simulation_000002,Aluminium 6061,77.02537176217506,0.03305613944879644,0.01923168965750848,335.3418845083662
Simulation_000002,Aluminium 6061,77.02537176217506,0.03694509703100779,0.01923168965750848,335.4152955701473
Simulation_000002,Aluminium 6061,77.02537176217506,0.04083405461321914,0.01923168965750848,335.4948262420057
Simulation_000002,Aluminium 6061,77.02537176217506,0.044723012195430484,0.01923168965750848,335.58036519624375
Simulation_000002,Aluminium 6061,77.02537176217506,0.048611969777641824,0.01923168965750848,335.67177565231316
Simulation_000002,Aluminium 6061,77.02537176217506,0.05250092735985317,0.01923168965750848,335.76889121905924
Simulation_000002,Aluminium 6061,77.02537176217506,0.05638988494206452,0.01923168965750848,335.87151135840594
Simulation_000002,Aluminium 6061,77.02537176217506,0.060278842524275865,0.01923168965750848,335.9793964921626
Simulation_000002,Aluminium 6061,77.02537176217506,0.0641678001064872,0.01923168965750848,336.0922627875647
Simulation_000002,Aluminium 6061,77.02537176217506,0.06805675768869855,0.01923168965750848,336.209776675776
Simulation_000002,Aluminium 6061,77.02537176217506,0.0719457152709099,0.01923168965750848,336.33154918188757
Simulation_000002,Aluminium 6061,77.02537176217506,0.07583467285312125,0.01923168965750848,336.4571301760234
Simulation_000002,Aluminium 6061,77.02537176217506,0.0797236304353326,0.01923168965750848,336.58600269400216
Simulation_000002,Aluminium 6061,77.02537176217506,0.08361258801754394,0.01923168965750848,336.71757752341193
Simulation_000002,Aluminium 6061,77.02537176217506,0.08750154559975529,0.01923168965750848,336.85118830720324
Simulation_000002,Aluminium 6061,77.02537176217506,0.09139050318196663,0.01923168965750848,336.9860874814299
Simulation_000002,Aluminium 6061,77.02537176217506,0.09527946076417797,0.01923168965750848,337.1214434345783
Simulation_000002,Aluminium 6061,77.02537176217506,0.09916841834638931,0.01923168965750848,337.2563393490315
Simulation_000002,Aluminium 6061,77.02537176217506,0.10305737592860066,0.01923168965750848,337.38977425386076
Simulation_000002,Aluminium 6061,77.02537176217506,0.10694633351081201,0.01923168965750848,337.52066687217246
Simulation_000002,Aluminium 6061,77.02537176217506,0.11083529109302336,0.01923168965750848,337.64786287167095
Simulation_000002,Aluminium 6061,77.02537176217506,0.1147242486752347,0.01923168965750848,337.77014610628066
Simulation_000002,Aluminium 6061,77.02537176217506,0.11861320625744605,0.01923168965750848,337.88625434947863
Simulation_000002,Aluminium 6061,77.02537176217506,0.1225021638396574,0.01923168965750848,337.99489984646624
Simulation_000002,Aluminium 6061,77.02537176217506,0.12639112142186876,0.01923168965750848,338.09479473714754
Simulation_000002,Aluminium 6061,77.02537176217506,0.1302800790040801,0.01923168965750848,338.1846810206227
Simulation_000002,Aluminium 6061,77.02537176217506,0.13416903658629145,0.01923168965750848,338.2633642581223
Simulation_000002,Aluminium 6061,77.02537176217506,0.13805799416850278,0.01923168965750848,338.3297496829083
Simulation_000002,Aluminium 6061,77.02537176217506,0.14194695175071415,0.01923168965750848,338.38287886755757
Simulation_000002,Aluminium 6061,77.02537176217506,0.14583590933292548,0.01923168965750848,338.4219646788361
Simulation_000002,Aluminium 6061,77.02537176217506,0.14972486691513684,0.01923168965750848,338.4464220248536
Simulation_000002,Aluminium 6061,77.02537176217506,0.15361382449734817,0.01923168965750848,338.455891951943
Simulation_000002,Aluminium 6061,77.02537176217506,0.15750278207955953,0.01923168965750848,338.45025702363296
Simulation_000002,Aluminium 6061,77.02537176217506,0.16139173966177087,0.01923168965750848,338.42964659371034
Simulation_000002,Aluminium 6061,77.02537176217506,0.16528069724398223,0.01923168965750848,338.39443148413153
Simulation_000002,Aluminium 6061,77.02537176217506,0.16916965482619356,0.01923168965750848,338.34520855715186
Simulation_000002,Aluminium 6061,77.02537176217506,0.17305861240840492,0.01923168965750848,338.2827765698091
Simulation_000002,Aluminium 6061,77.02537176217506,0.17694756999061625,0.01923168965750848,338.2081053785322
Simulation_000002,Aluminium 6061,77.02537176217506,0.18083652757282762,0.01923168965750848,338.1223009365836
Simulation_000002,Aluminium 6061,77.02537176217506,0.18472548515503895,0.01923168965750848,338.0265685798122
Simulation_000002,Aluminium 6061,77.02537176217506,0.18861444273725028,0.01923168965750848,337.9221768706962
Simulation_000002,Aluminium 6061,77.02537176217506,0.19250340031946164,0.01923168965750848,337.8104238504682
Simulation_000002,Aluminium 6061,77.02537176217506,0.19639235790167298,0.01923168965750848,337.6926070310319
Simulation_000002,Aluminium 6061,77.02537176217506,0.20028131548388434,0.01923168965750848,337.56999793000693
Simulation_000002,Aluminium 6061,77.02537176217506,0.20417027306609567,0.01923168965750848,337.4438214784886
Simulation_000002,Aluminium 6061,77.02537176217506,0.20805923064830703,0.01923168965750848,337.31524024988124
Simulation_000002,Aluminium 6061,77.02537176217506,0.21194818823051836,0.01923168965750848,337.1853431830404
Simulation_000002,Aluminium 6061,77.02537176217506,0.21583714581272972,0.01923168965750848,337.0551382994726
Simulation_000002,Aluminium 6061,77.02537176217506,0.21972610339494106,0.01923168965750848,336.92554882718713
Simulation_000002,Aluminium 6061,77.02537176217506,0.22361506097715242,0.01923168965750848,336.79741212301815
Simulation_000002,Aluminium 6061,77.02537176217506,0.22750401855936375,0.01923168965750848,336.6714808107089
Simulation_000002,Aluminium 6061,77.02537176217506,0.2313929761415751,0.01923168965750848,336.5484256061241
Simulation_000002,Aluminium 6061,77.02537176217506,0.23528193372378645,0.01923168965750848,336.4288393696476
Simulation_000002,Aluminium 6061,77.02537176217506,0.2391708913059978,0.01923168965750848,336.3132419989674
Simulation_000002,Aluminium 6061,77.02537176217506,0.24305984888820914,0.01923168965750848,336.2020858463067
Simulation_000002,Aluminium 6061,77.02537176217506,0.2469488064704205,0.01923168965750848,336.09576140872406
Simulation_000002,Aluminium 6061,77.02537176217506,0.2508377640526318,0.01923168965750848,335.99460309639886
Simulation_000002,Aluminium 6061,77.02537176217506,0.25472672163484317,0.01923168965750848,335.8988949312679
Simulation_000002,Aluminium 6061,77.02537176217506,0.2586156792170545,0.01923168965750848,335.80887606726407
Simulation_000002,Aluminium 6061,77.02537176217506,0.26250463679926583,0.01923168965750848,335.7247460545276
Simulation_000002,Aluminium 6061,77.02537176217506,0.2663935943814772,0.01923168965750848,335.6466697943131
Simulation_000002,Aluminium 6061,77.02537176217506,0.27028255196368856,0.01923168965750848,335.57478214998036
Simulation_000002,Aluminium 6061,77.02537176217506,0.27417150954589986,0.01923168965750848,335.5091921934387
Simulation_000002,Aluminium 6061,77.02537176217506,0.2780604671281112,0.01923168965750848,335.44998707663046
Simulation_000002,Aluminium 6061,77.02537176217506,0.2819494247103226,0.01923168965750848,335.3972355248751
Simulation_000002,Aluminium 6061,77.02537176217506,0.28583838229253394,0.01923168965750848,335.350990953804
Simulation_000002,Aluminium 6061,77.02537176217506,0.28972733987474525,0.01923168965750848,335.3112942147374
Simulation_000002,Aluminium 6061,77.02537176217506,0.2936162974569566,0.01923168965750848,335.2781759751168
Simulation_000002,Aluminium 6061,77.02537176217506,0.29750525503916797,0.01923168965750848,335.25165874134666
Simulation_000002,Aluminium 6061,77.02537176217506,0.30139421262137933,0.01923168965750848,335.23175853138616
Simulation_000002,Aluminium 6061,77.02537176217506,0.30528317020359064,0.01923168965750848,335.21848620386135
Simulation_000002,Aluminium 6061,77.02537176217506,0.309172127785802,0.01923168965750848,335.21184844950784
Simulation_000002,Aluminium 6061,77.02537176217506,0.0019444787911056729,0.02179591494517628,334.9880087031949
Simulation_000002,Aluminium 6061,77.02537176217506,0.005833436373317019,0.02179591494517628,335.01052448612177
Simulation_000002,Aluminium 6061,77.02537176217506,0.009722393955528366,0.02179591494517628,335.0395822777003
Simulation_000002,Aluminium 6061,77.02537176217506,0.013611351537739711,0.02179591494517628,335.07517341115505
Simulation_000002,Aluminium 6061,77.02537176217506,0.017500309119951058,0.02179591494517628,335.1172839944591
Simulation_000002,Aluminium 6061,77.02537176217506,0.021389266702162405,0.02179591494517628,335.1658938346153
Simulation_000002,Aluminium 6061,77.02537176217506,0.02527822428437375,0.02179591494517628,335.22097499439667
Simulation_000002,Aluminium 6061,77.02537176217506,0.029167181866585096,0.02179591494517628,335.28248997421247
Simulation_000002,Aluminium 6061,77.02537176217506,0.03305613944879644,0.02179591494517628,335.35038951043543
Simulation_000002,Aluminium 6061,77.02537176217506,0.03694509703100779,0.02179591494517628,335.424609980622
Simulation_000002,Aluminium 6061,77.02537176217506,0.04083405461321914,0.02179591494517628,335.5050704057632
Simulation_000002,Aluminium 6061,77.02537176217506,0.044723012195430484,0.02179591494517628,335.5916690402766
Simulation_000002,Aluminium 6061,77.02537176217506,0.048611969777641824,0.02179591494517628,335.6842795422154
Simulation_000002,Aluminium 6061,77.02537176217506,0.05250092735985317,0.02179591494517628,335.7827467195789
Simulation_000002,Aluminium 6061,77.02537176217506,0.05638988494206452,0.02179591494517628,335.8868818542144
Simulation_000002,Aluminium 6061,77.02537176217506,0.060278842524275865,0.02179591494517628,335.99645761334295
Simulation_000002,Aluminium 6061,77.02537176217506,0.0641678001064872,0.02179591494517628,336.11120257111025
Simulation_000002,Aluminium 6061,77.02537176217506,0.06805675768869855,0.02179591494517628,336.2307953798635
Simulation_000002,Aluminium 6061,77.02537176217506,0.0719457152709099,0.02179591494517628,336.3548586543702
Simulation_000002,Aluminium 6061,77.02537176217506,0.07583467285312125,0.02179591494517628,336.4829526633753
Simulation_000002,Aluminium 6061,77.02537176217506,0.0797236304353326,0.02179591494517628,336.61456896326354
Simulation_000002,Aluminium 6061,77.02537176217506,0.08361258801754394,0.02179591494517628,336.74912415959255
Simulation_000002,Aluminium 6061,77.02537176217506,0.08750154559975529,0.02179591494517628,336.88595404495425
Simulation_000002,Aluminium 6061,77.02537176217506,0.09139050318196663,0.02179591494517628,337.02430843628974
Simulation_000002,Aluminium 6061,77.02537176217506,0.09527946076417797,0.02179591494517628,337.1633471202729
Simulation_000002,Aluminium 6061,77.02537176217506,0.09916841834638931,0.02179591494517628,337.3021374083081
Simulation_000002,Aluminium 6061,77.02537176217506,0.10305737592860066,0.02179591494517628,337.43965389642943
Simulation_000002,Aluminium 6061,77.02537176217506,0.10694633351081201,0.02179591494517628,337.57478110898643
Simulation_000002,Aluminium 6061,77.02537176217506,0.11083529109302336,0.02179591494517628,337.70631976232175
Simulation_000002,Aluminium 6061,77.02537176217506,0.1147242486752347,0.02179591494517628,337.8329973939872
Simulation_000002,Aluminium 6061,77.02537176217506,0.11861320625744605,0.02179591494517628,337.9534840380788
Simulation_000002,Aluminium 6061,77.02537176217506,0.1225021638396574,0.02179591494517628,338.06641345973907
Simulation_000002,Aluminium 6061,77.02537176217506,0.12639112142186876,0.02179591494517628,338.1704101669123
Simulation_000002,Aluminium 6061,77.02537176217506,0.1302800790040801,0.02179591494517628,338.2641219817265
Simulation_000002,Aluminium 6061,77.02537176217506,0.13416903658629145,0.02179591494517628,338.3462573857847
Simulation_000002,Aluminium 6061,77.02537176217506,0.13805799416850278,0.02179591494517628,338.4156261934297
Simulation_000002,Aluminium 6061,77.02537176217506,0.14194695175071415,0.02179591494517628,338.4711814328971
Simulation_000002,Aluminium 6061,77.02537176217506,0.14583590933292548,0.02179591494517628,338.51205974046724
Simulation_000002,Aluminium 6061,77.02537176217506,0.14972486691513684,0.02179591494517628,338.5376172293004
Simulation_000002,Aluminium 6061,77.02537176217506,0.15361382449734817,0.02179591494517628,338.54745780305666
Simulation_000002,Aluminium 6061,77.02537176217506,0.15750278207955953,0.02179591494517628,338.5414513149749
Simulation_000002,Aluminium 6061,77.02537176217506,0.16139173966177087,0.02179591494517628,338.5197398121833
Simulation_000002,Aluminium 6061,77.02537176217506,0.16528069724398223,0.02179591494517628,338.48273124209385
Simulation_000002,Aluminium 6061,77.02537176217506,0.16916965482619356,0.02179591494517628,338.4310812441534
Simulation_000002,Aluminium 6061,77.02537176217506,0.17305861240840492,0.02179591494517628,338.3656647873057
Simulation_000002,Aluminium 6061,77.02537176217506,0.17694756999061625,0.02179591494517628,338.2875402526287
Simulation_000002,Aluminium 6061,77.02537176217506,0.18083652757282762,0.02179591494517628,338.1979089911918
Simulation_000002,Aluminium 6061,77.02537176217506,0.18472548515503895,0.02179591494517628,338.0980733956123
Simulation_000002,Aluminium 6061,77.02537176217506,0.18861444273725028,0.02179591494517628,337.98939618038264
Simulation_000002,Aluminium 6061,77.02537176217506,0.19250340031946164,0.02179591494517628,337.87326299125795
Simulation_000002,Aluminium 6061,77.02537176217506,0.19639235790167298,0.02179591494517628,337.7510497898691
Simulation_000002,Aluminium 6061,77.02537176217506,0.20028131548388434,0.02179591494517628,337.62409579953516
Simulation_000002,Aluminium 6061,77.02537176217506,0.20417027306609567,0.02179591494517628,337.4936822301911
Simulation_000002,Aluminium 6061,77.02537176217506,0.20805923064830703,0.02179591494517628,337.36101656466377
Simulation_000002,Aluminium 6061,77.02537176217506,0.21194818823051836,0.02179591494517628,337.2272218936061
Simulation_000002,Aluminium 6061,77.02537176217506,0.21583714581272972,0.02179591494517628,337.0933306188987
Simulation_000002,Aluminium 6061,77.02537176217506,0.21972610339494106,0.02179591494517628,336.9602817804023
Simulation_000002,Aluminium 6061,77.02537176217506,0.22361506097715242,0.02179591494517628,336.8289212703269
Simulation_000002,Aluminium 6061,77.02537176217506,0.22750401855936375,0.02179591494517628,336.70000425683725
Simulation_000002,Aluminium 6061,77.02537176217506,0.2313929761415751,0.02179591494517628,336.5741992221595
Simulation_000002,Aluminium 6061,77.02537176217506,0.23528193372378645,0.02179591494517628,336.4520931142305
Simulation_000002,Aluminium 6061,77.02537176217506,0.2391708913059978,0.02179591494517628,336.3341972039072
Simulation_000002,Aluminium 6061,77.02537176217506,0.24305984888820914,0.02179591494517628,336.22095332528204
Simulation_000002,Aluminium 6061,77.02537176217506,0.2469488064704205,0.02179591494517628,336.1127402513605
Simulation_000002,Aluminium 6061,77.02537176217506,0.2508377640526318,0.02179591494517628,336.0098800200919
Simulation_000002,Aluminium 6061,77.02537176217506,0.25472672163484317,0.02179591494517628,335.91264407678466
Simulation_000002,Aluminium 6061,77.02537176217506,0.2586156792170545,0.02179591494517628,335.8212591393528
Simulation_000002,Aluminium 6061,77.02537176217506,0.26250463679926583,0.02179591494517628,335.73591272406406
Simulation_000002,Aluminium 6061,77.02537176217506,0.2663935943814772,0.02179591494517628,335.656758293024
Simulation_000002,Aluminium 6061,77.02537176217506,0.27028255196368856,0.02179591494517628,335.5839200019757
Simulation_000002,Aluminium 6061,77.02537176217506,0.27417150954589986,0.02179591494517628,335.5174970394213
Simulation_000002,Aluminium 6061,77.02537176217506,0.2780604671281112,0.02179591494517628,335.4575675566608
Simulation_000002,Aluminium 6061,77.02537176217506,0.2819494247103226,0.02179591494517628,335.40419219401934
Simulation_000002,Aluminium 6061,77.02537176217506,0.28583838229253394,0.02179591494517628,335.3574172119982
Simulation_000002,Aluminium 6061,77.02537176217506,0.28972733987474525,0.02179591494517628,335.31727723792864
Simulation_000002,Aluminium 6061,77.02537176217506,0.2936162974569566,0.02179591494517628,335.2837976393484
Simulation_000002,Aluminium 6061,77.02537176217506,0.29750525503916797,0.02179591494517628,335.25699653511936
Simulation_000002,Aluminium 6061,77.02537176217506,0.30139421262137933,0.02179591494517628,335.2368864544771
Simulation_000002,Aluminium 6061,77.02537176217506,0.30528317020359064,0.02179591494517628,335.2234756529729
Simulation_000002,Aluminium 6061,77.02537176217506,0.309172127785802,0.02179591494517628,335.21676909273134
Simulation_000002,Aluminium 6061,77.02537176217506,0.0019444787911056729,0.02436014023284408,334.9941239032099
Simulation_000002,Aluminium 6061,77.02537176217506,0.005833436373317019,0.02436014023284408,335.0167252510773
Simulation_000002,Aluminium 6061,77.02537176217506,0.009722393955528366,0.02436014023284408,335.04595523142336
Simulation_000002,Aluminium 6061,77.02537176217506,0.013611351537739711,0.02436014023284408,335.0818072996421
Simulation_000002,Aluminium 6061,77.02537176217506,0.017500309119951058,0.02436014023284408,335.12427075746695
Simulation_000002,Aluminium 6061,77.02537176217506,0.021389266702162405,0.02436014023284408,335.17332968848075
Simulation_000002,Aluminium 6061,77.02537176217506,0.02527822428437375,0.02436014023284408,335.2289615274416
Simulation_000002,Aluminium 6061,77.02537176217506,0.029167181866585096,0.02436014023284408,335.2911352538797
Simulation_000002,Aluminium 6061,77.02537176217506,0.03305613944879644,0.02436014023284408,335.35980919832167
Simulation_000002,Aluminium 6061,77.02537176217506,0.03694509703100779,0.02436014023284408,335.43492844768303
Simulation_000002,Aluminium 6061,77.02537176217506,0.04083405461321914,0.02436014023284408,335.51642183500013
Simulation_000002,Aluminium 6061,77.02537176217506,0.044723012195430484,0.02436014023284408,335.60419849796574
Simulation_000002,Aluminium 6061,77.02537176217506,0.048611969777641824,0.02436014023284408,335.6981439910175
Simulation_000002,Aluminium 6061,77.02537176217506,0.05250092735985317,0.02436014023284408,335.7981159374372
Simulation_000002,Aluminium 6061,77.02537176217506,0.05638988494206452,0.02436014023284408,335.90393921164264
Simulation_000002,Aluminium 6061,77.02537176217506,0.060278842524275865,0.02436014023284408,336.01540064837377
Simulation_000002,Aluminium 6061,77.02537176217506,0.0641678001064872,0.02436014023284408,336.13224328580753
Simulation_000002,Aluminium 6061,77.02537176217506,0.06805675768869855,0.02436014023284408,336.2541601650568
Simulation_000002,Aluminium 6061,77.02537176217506,0.0719457152709099,0.02436014023284408,336.3807877305986
Simulation_000002,Aluminium 6061,77.02537176217506,0.07583467285312125,0.02436014023284408,336.5116989068037
Simulation_000002,Aluminium 6061,77.02537176217506,0.0797236304353326,0.02436014023284408,336.64639596701113
Simulation_000002,Aluminium 6061,77.02537176217506,0.08361258801754394,0.02436014023284408,336.78430336571745
Simulation_000002,Aluminium 6061,77.02537176217506,0.08750154559975529,0.02436014023284408,336.9247607734663
Simulation_000002,Aluminium 6061,77.02537176217506,0.09139050318196663,0.02436014023284408,337.06701663933126
Simulation_000002,Aluminium 6061,77.02537176217506,0.09527946076417797,0.02436014023284408,337.21022270752627
Simulation_000002,Aluminium 6061,77.02537176217506,0.09916841834638931,0.02436014023284408,337.35343003031795
Simulation_000002,Aluminium 6061,77.02537176217506,0.10305737592860066,0.02436014023284408,337.4955871430019
Simulation_000002,Aluminium 6061,77.02537176217506,0.10694633351081201,0.02436014023284408,337.6355411869008
Simulation_000002,Aluminium 6061,77.02537176217506,0.11083529109302336,0.02436014023284408,337.7720428649608
Simulation_000002,Aluminium 6061,77.02537176217506,0.1147242486752347,0.02436014023284408,337.9037561654878
Simulation_000002,Aluminium 6061,77.02537176217506,0.11861320625744605,0.02436014023284408,338.02927375910645
Simulation_000002,Aluminium 6061,77.02537176217506,0.1225021638396574,0.02436014023284408,338.1471388232849
Simulation_000002,Aluminium 6061,77.02537176217506,0.12639112142186876,0.02436014023284408,338.2558737398113
Simulation_000002,Aluminium 6061,77.02537176217506,0.1302800790040801,0.02436014023284408,338.3540156167907
Simulation_000002,Aluminium 6061,77.02537176217506,0.13416903658629145,0.02436014023284408,338.4401579068436
Simulation_000002,Aluminium 6061,77.02537176217506,0.13805799416850278,0.02436014023284408,338.51299656714815
Simulation_000002,Aluminium 6061,77.02537176217506,0.14194695175071415,0.02436014023284408,338.57137832754023
Simulation_000002,Aluminium 6061,77.02537176217506,0.14583590933292548,0.02436014023284408,338.61434784607724
Simulation_000002,Aluminium 6061,77.02537176217506,0.14972486691513684,0.02436014023284408,338.64119001777226
Simulation_000002,Aluminium 6061,77.02537176217506,0.15361382449734817,0.02436014023284408,338.65146363571455
Simulation_000002,Aluminium 6061,77.02537176217506,0.15750278207955953,0.02436014023284408,338.6450230959454
Simulation_000002,Aluminium 6061,77.02537176217506,0.16139173966177087,0.02436014023284408,338.62202588408115
Simulation_000002,Aluminium 6061,77.02537176217506,0.16528069724398223,0.02436014023284408,338.5829250390981
Simulation_000002,Aluminium 6061,77.02537176217506,0.16916965482619356,0.02436014023284408,338.5284473989858
Simulation_000002,Aluminium 6061,77.02537176217506,0.17305861240840492,0.02436014023284408,338.4595598903999
Simulation_000002,Aluminium 6061,77.02537176217506,0.17694756999061625,0.02436014023284408,338.377427171077
Simulation_000002,Aluminium 6061,77.02537176217506,0.18083652757282762,0.02436014023284408,338.28336442594156
Simulation_000002,Aluminium 6061,77.02537176217506,0.18472548515503895,0.02436014023284408,338.17878905135325
Simulation_000002,Aluminium 6061,77.02537176217506,0.18861444273725028,0.02436014023284408,338.0651744482688
Simulation_000002,Aluminium 6061,77.02537176217506,0.19250340031946164,0.02436014023284408,337.9440083583009
Simulation_000002,Aluminium 6061,77.02537176217506,0.19639235790167298,0.02436014023284408,337.81675729725765
Simulation_000002,Aluminium 6061,77.02537176217506,0.20028131548388434,0.02436014023284408,337.6848378147301
Simulation_000002,Aluminium 6061,77.02537176217506,0.20417027306609567,0.02436014023284408,337.5495946284425
Simulation_000002,Aluminium 6061,77.02537176217506,0.20805923064830703,0.02436014023284408,337.4122851882917
Simulation_000002,Aluminium 6061,77.02537176217506,0.21194818823051836,0.02436014023284408,337.2740699160806
Simulation_000002,Aluminium 6061,77.02537176217506,0.21583714581272972,0.02436014023284408,337.13600721624425
Simulation_000002,Aluminium 6061,77.02537176217506,0.21972610339494106,0.02436014023284408,336.9990523224503
Simulation_000002,Aluminium 6061,77.02537176217506,0.22361506097715242,0.02436014023284408,336.8640590959515
Simulation_000002,Aluminium 6061,77.02537176217506,0.22750401855936375,0.02436014023284408,336.7317839902325
Simulation_000002,Aluminium 6061,77.02537176217506,0.2313929761415751,0.02436014023284408,336.602891516722
Simulation_000002,Aluminium 6061,77.02537176217506,0.23528193372378645,0.02436014023284408,336.4779606699741
Simulation_000002,Aluminium 6061,77.02537176217506,0.2391708913059978,0.02436014023284408,336.3574918863969
Simulation_000002,Aluminium 6061,77.02537176217506,0.24305984888820914,0.02436014023284408,336.2419142122945
Simulation_000002,Aluminium 6061,77.02537176217506,0.2469488064704205,0.02436014023284408,336.13159244233043
Simulation_000002,Aluminium 6061,77.02537176217506,0.2508377640526318,0.02436014023284408,336.0268340585808
Simulation_000002,Aluminium 6061,77.02537176217506,0.25472672163484317,0.02436014023284408,335.92789585451214
Simulation_000002,Aluminium 6061,77.02537176217506,0.2586156792170545,0.02436014023284408,335.83499016953454
Simulation_000002,Aluminium 6061,77.02537176217506,0.26250463679926583,0.02436014023284408,335.74829069045023
Simulation_000002,Aluminium 6061,77.02537176217506,0.2663935943814772,0.02436014023284408,335.66793779825434
Simulation_000002,Aluminium 6061,77.02537176217506,0.27028255196368856,0.02436014023284408,335.59404345421825
Simulation_000002,Aluminium 6061,77.02537176217506,0.27417150954589986,0.02436014023284408,335.52669562956794
Simulation_000002,Aluminium 6061,77.02537176217506,0.2780604671281112,0.02436014023284408,335.4659622896514
Simulation_000002,Aluminium 6061,77.02537176217506,0.2819494247103226,0.02436014023284408,335.4118949472767
Simulation_000002,Aluminium 6061,77.02537176217506,0.28583838229253394,0.02436014023284408,335.3645318016837
Simulation_000002,Aluminium 6061,77.02537176217506,0.28972733987474525,0.02436014023284408,335.32390047997603
Simulation_000002,Aluminium 6061,77.02537176217506,0.2936162974569566,0.02436014023284408,335.29002039722667
Simulation_000002,Aluminium 6061,77.02537176217506,0.29750525503916797,0.02436014023284408,335.26290475020045
Simulation_000002,Aluminium 6061,77.02537176217506,0.30139421262137933,0.02436014023284408,335.24256215793383
Simulation_000002,Aluminium 6061,77.02537176217506,0.30528317020359064,0.02436014023284408,335.2289979604417
Simulation_000002,Aluminium 6061,77.02537176217506,0.309172127785802,0.02436014023284408,335.2222151846823
Simulation_000002,Aluminium 6061,77.02537176217506,0.0019444787911056729,0.026924365520511875,335.0007941456158
Simulation_000002,Aluminium 6061,77.02537176217506,0.005833436373317019,0.026924365520511875,335.02348895065177
Simulation_000002,Aluminium 6061,77.02537176217506,0.009722393955528366,0.026924365520511875,335.0529070168055
Simulation_000002,Aluminium 6061,77.02537176217506,0.013611351537739711,0.026924365520511875,335.08904414811593
Simulation_000002,Aluminium 6061,77.02537176217506,0.017500309119951058,0.026924365520511875,335.1318931830501
Simulation_000002,Aluminium 6061,77.02537176217506,0.021389266702162405,0.026924365520511875,335.1814429451141
Simulation_000002,Aluminium 6061,77.02537176217506,0.02527822428437375,0.026924365520511875,335.2376768298604
Simulation_000002,Aluminium 6061,77.02537176217506,0.029167181866585096,0.026924365520511875,335.30057101644996
Simulation_000002,Aluminium 6061,77.02537176217506,0.03305613944879644,0.026924365520511875,335.37009228901763
Simulation_000002,Aluminium 6061,77.02537176217506,0.03694509703100779,0.026924365520511875,335.44619545029417
Simulation_000002,Aluminium 6061,77.02537176217506,0.04083405461321914,0.026924365520511875,335.52882030738743
Simulation_000002,Aluminium 6061,77.02537176217506,0.044723012195430484,0.026924365520511875,335.61788820750394
Simulation_000002,Aluminium 6061,77.02537176217506,0.048611969777641824,0.026924365520511875,335.71329810000253
Simulation_000002,Aluminium 6061,77.02537176217506,0.05250092735985317,0.026924365520511875,335.8149221009251
Simulation_000002,Aluminium 6061,77.02537176217506,0.05638988494206452,0.026924365520511875,335.9226005376452
Simulation_000002,Aluminium 6061,77.02537176217506,0.060278842524275865,0.026924365520511875,336.03613645534074
Simulation_000002,Aluminium 6061,77.02537176217506,0.0641678001064872,0.026924365520511875,336.1552895747247
Simulation_000002,Aluminium 6061,77.02537176217506,0.06805675768869855,0.026924365520511875,336.2797697033319
Simulation_000002,Aluminium 6061,77.02537176217506,0.0719457152709099,0.026924365520511875,336.40922962250653
Simulation_000002,Aluminium 6061,77.02537176217506,0.07583467285312125,0.026924365520511875,336.5432575013928
Simulation_000002,Aluminium 6061,77.02537176217506,0.0797236304353326,0.026924365520511875,336.68136893044084
Simulation_000002,Aluminium 6061,77.02537176217506,0.08361258801754394,0.026924365520511875,336.8229987233089
Simulation_000002,Aluminium 6061,77.02537176217506,0.08750154559975529,0.026924365520511875,336.967492710774
Simulation_000002,Aluminium 6061,77.02537176217506,0.09139050318196663,0.026924365520511875,337.11409984618814
Simulation_000002,Aluminium 6061,77.02537176217506,0.09527946076417797,0.026924365520511875,337.26196506082687
Simulation_000002,Aluminium 6061,77.02537176217506,0.09916841834638931,0.026924365520511875,337.41012344845683
Simulation_000002,Aluminium 6061,77.02537176217506,0.10305737592860066,0.026924365520511875,337.5574965168139
Simulation_000002,Aluminium 6061,77.02537176217506,0.10694633351081201,0.026924365520511875,337.7028914083783
Simulation_000002,Aluminium 6061,77.02537176217506,0.11083529109302336,0.026924365520511875,337.8450041440979
Simulation_000002,Aluminium 6061,77.02537176217506,0.1147242486752347,0.026924365520511875,337.98242805096754
Simulation_000002,Aluminium 6061,77.02537176217506,0.11861320625744605,0.026924365520511875,338.113668555329
Simulation_000002,Aluminium 6061,77.02537176217506,0.1225021638396574,0.026924365520511875,338.23716540629243
Simulation_000002,Aluminium 6061,77.02537176217506,0.12639112142186876,0.026924365520511875,338.3513230823213
Simulation_000002,Aluminium 6061,77.02537176217506,0.1302800790040801,0.026924365520511875,338.4545495826166
Simulation_000002,Aluminium 6061,77.02537176217506,0.13416903658629145,0.026924365520511875,338.5453029959111
Simulation_000002,Aluminium 6061,77.02537176217506,0.13805799416850278,0.026924365520511875,338.6221442070882
Simulation_000002,Aluminium 6061,77.02537176217506,0.14194695175071415,0.026924365520511875,338.6837929538589
Simulation_000002,Aluminium 6061,77.02537176217506,0.14583590933292548,0.026924365520511875,338.72918336845464
Simulation_000002,Aluminium 6061,77.02537176217506,0.14972486691513684,0.026924365520511875,338.75751437962526
Simulation_000002,Aluminium 6061,77.02537176217506,0.15361382449734817,0.026924365520511875,338.76829016039795
Simulation_000002,Aluminium 6061,77.02537176217506,0.15750278207955953,0.026924365520511875,338.76134636258996
Simulation_000002,Aluminium 6061,77.02537176217506,0.16139173966177087,0.026924365520511875,338.7368591956919
Simulation_000002,Aluminium 6061,77.02537176217506,0.16528069724398223,0.026924365520511875,338.69533629806995
Simulation_000002,Aluminium 6061,77.02537176217506,0.16916965482619356,0.026924365520511875,338.63759045265334
Simulation_000002,Aluminium 6061,77.02537176217506,0.17305861240840492,0.026924365520511875,338.5646990896124
Simulation_000002,Aluminium 6061,77.02537176217506,0.17694756999061625,0.026924365520511875,338.47795383515967
Simulation_000002,Aluminium 6061,77.02537176217506,0.18083652757282762,0.026924365520511875,338.37880492115676
Simulation_000002,Aluminium 6061,77.02537176217506,0.18472548515503895,0.026924365520511875,338.2688050803921
Simulation_000002,Aluminium 6061,77.02537176217506,0.18861444273725028,0.026924365520511875,338.1495567927429
Simulation_000002,Aluminium 6061,77.02537176217506,0.19250340031946164,0.026924365520511875,338.0226656701796
Simulation_000002,Aluminium 6061,77.02537176217506,0.19639235790167298,0.026924365520511875,337.8897016204185
Simulation_000002,Aluminium 6061,77.02537176217506,0.20028131548388434,0.026924365520511875,337.75216839685135
Simulation_000002,Aluminium 6061,77.02537176217506,0.20417027306609567,0.026924365520511875,337.6114813333951
Simulation_000002,Aluminium 6061,77.02537176217506,0.20805923064830703,0.026924365520511875,337.4689525115214
Simulation_000002,Aluminium 6061,77.02537176217506,0.21194818823051836,0.026924365520511875,337.325782295405
Simulation_000002,Aluminium 6061,77.02537176217506,0.21583714581272972,0.026924365520511875,337.183056053699
Simulation_000002,Aluminium 6061,77.02537176217506,0.21972610339494106,0.026924365520511875,337.04174490743924
Simulation_000002,Aluminium 6061,77.02537176217506,0.22361506097715242,0.026924365520511875,336.9027094508725
Simulation_000002,Aluminium 6061,77.02537176217506,0.22750401855936375,0.026924365520511875,336.7667055433057
Simulation_000002,Aluminium 6061,77.02537176217506,0.2313929761415751,0.026924365520511875,336.6343914348057
Simulation_000002,Aluminium 6061,77.02537176217506,0.23528193372378645,0.026924365520511875,336.50633564698404
Simulation_000002,Aluminium 6061,77.02537176217506,0.2391708913059978,0.026924365520511875,336.38302517111833
Simulation_000002,Aluminium 6061,77.02537176217506,0.24305984888820914,0.026924365520511875,336.26487366470934
Simulation_000002,Aluminium 6061,77.02537176217506,0.2469488064704205,0.026924365520511875,336.15222942353944
Simulation_000002,Aluminium 6061,77.02537176217506,0.2508377640526318,0.026924365520511875,336.0453829810664
Simulation_000002,Aluminium 6061,77.02537176217506,0.25472672163484317,0.026924365520511875,335.9445742433967
Simulation_000002,Aluminium 6061,77.02537176217506,0.2586156792170545,0.026924365520511875,335.84999910933544
Simulation_000002,Aluminium 6061,77.02537176217506,0.26250463679926583,0.026924365520511875,335.76181555420794
Simulation_000002,Aluminium 6061,77.02537176217506,0.2663935943814772,0.026924365520511875,335.6801491760447
Simulation_000002,Aluminium 6061,77.02537176217506,0.27028255196368856,0.026924365520511875,335.6050982156329
Simulation_000002,Aluminium 6061,77.02537176217506,0.27417150954589986,0.026924365520511875,335.5367380697218
Simulation_000002,Aluminium 6061,77.02537176217506,0.2780604671281112,0.026924365520511875,335.4751253207966
Simulation_000002,Aluminium 6061,77.02537176217506,0.2819494247103226,0.026924365520511875,335.4203013083969
Simulation_000002,Aluminium 6061,77.02537176217506,0.28583838229253394,0.026924365520511875,335.3722952667931
Simulation_000002,Aluminium 6061,77.02537176217506,0.28972733987474525,0.026924365520511875,335.3311270525302
Simulation_000002,Aluminium 6061,77.02537176217506,0.2936162974569566,0.026924365520511875,335.2968094833352
Simulation_000002,Aluminium 6061,77.02537176217506,0.29750525503916797,0.026924365520511875,335.26935030745256
Simulation_000002,Aluminium 6061,77.02537176217506,0.30139421262137933,0.026924365520511875,335.2487538198168
Simulation_000002,Aluminium 6061,77.02537176217506,0.30528317020359064,0.026924365520511875,335.23502213871996
Simulation_000002,Aluminium 6061,77.02537176217506,0.309172127785802,0.026924365520511875,335.228156153855
Simulation_000002,Aluminium 6061,77.02537176217506,0.0019444787911056729,0.029488590808179675,335.00798171174466
Simulation_000002,Aluminium 6061,77.02537176217506,0.005833436373317019,0.029488590808179675,335.03077736052035
Simulation_000002,Aluminium 6061,77.02537176217506,0.009722393955528366,0.029488590808179675,335.06039839570536
Simulation_000002,Aluminium 6061,77.02537176217506,0.013611351537739711,0.029488590808179675,335.09684319166945
Simulation_000002,Aluminium 6061,77.02537176217506,0.017500309119951058,0.029488590808179675,335.1401084599521
Simulation_000002,Aluminium 6061,77.02537176217506,0.021389266702162405,0.029488590808179675,335.19018821955
Simulation_000002,Aluminium 6061,77.02537176217506,0.02527822428437375,0.029488590808179675,335.24707240769783
Simulation_000002,Aluminium 6061,77.02537176217506,0.029167181866585096,0.029488590808179675,335.3107451169818
Simulation_000002,Aluminium 6061,77.02537176217506,0.03305613944879644,0.029488590808179675,335.3811824408699
Simulation_000002,Aluminium 6061,77.02537176217506,0.03694509703100779,0.029488590808179675,335.4583499059112
Simulation_000002,Aluminium 6061,77.02537176217506,0.04083405461321914,0.029488590808179675,335.5421994650401
Simulation_000002,Aluminium 6061,77.02537176217506,0.044723012195430484,0.029488590808179675,335.63266602276275
Simulation_000002,Aluminium 6061,77.02537176217506,0.048611969777641824,0.029488590808179675,335.7296634597459
Simulation_000002,Aluminium 6061,77.02537176217506,0.05250092735985317,0.029488590808179675,335.8330801218731
Simulation_000002,Aluminium 6061,77.02537176217506,0.05638988494206452,0.029488590808179675,335.9427737377421
Simulation_000002,Aluminium 6061,77.02537176217506,0.060278842524275865,0.029488590808179675,336.0585657296994
Simulation_000002,Aluminium 6061,77.02537176217506,0.0641678001064872,0.029488590808179675,336.18023488800696
Simulation_000002,Aluminium 6061,77.02537176217506,0.06805675768869855,0.029488590808179675,336.3075103872209
Simulation_000002,Aluminium 6061,77.02537176217506,0.0719457152709099,0.029488590808179675,336.4400641404687
Simulation_000002,Aluminium 6061,77.02537176217506,0.07583467285312125,0.029488590808179675,336.57750251379497
Simulation_000002,Aluminium 6061,77.02537176217506,0.0797236304353326,0.029488590808179675,336.7193574625489
Simulation_000002,Aluminium 6061,77.02537176217506,0.08361258801754394,0.029488590808179675,336.8650772090042
Simulation_000002,Aluminium 6061,77.02537176217506,0.08750154559975529,0.029488590808179675,337.0140166596118
Simulation_000002,Aluminium 6061,77.02537176217506,0.09139050318196663,0.029488590808179675,337.16542786610216
Simulation_000002,Aluminium 6061,77.02537176217506,0.09527946076417797,0.029488590808179675,337.3184509709336
Simulation_000002,Aluminium 6061,77.02537176217506,0.09916841834638931,0.029488590808179675,337.4721062459844
Simulation_000002,Aluminium 6061,77.02537176217506,0.10305737592860066,0.029488590808179675,337.6252880313416
Simulation_000002,Aluminium 6061,77.02537176217506,0.10694633351081201,0.029488590808179675,337.77676159881497
Simulation_000002,Aluminium 6061,77.02537176217506,0.11083529109302336,0.029488590808179675,337.9251641820141
Simulation_000002,Aluminium 6061,77.02537176217506,0.1147242486752347,0.029488590808179675,338.06901159676613
Simulation_000002,Aluminium 6061,77.02537176217506,0.11861320625744605,0.029488590808179675,338.20671197067367
Simulation_000002,Aluminium 6061,77.02537176217506,0.1225021638396574,0.029488590808179675,338.33658804055386
Simulation_000002,Aluminium 6061,77.02537176217506,0.12639112142186876,0.029488590808179675,338.4569091828012
Simulation_000002,Aluminium 6061,77.02537176217506,0.1302800790040801,0.029488590808179675,338.5659337403585
Simulation_000002,Aluminium 6061,77.02537176217506,0.13416903658629145,0.029488590808179675,338.6619612568503
Simulation_000002,Aluminium 6061,77.02537176217506,0.13805799416850278,0.029488590808179675,338.74339294347203
Simulation_000002,Aluminium 6061,77.02537176217506,0.14194695175071415,0.029488590808179675,338.8087972060543
Simulation_000002,Aluminium 6061,77.02537176217506,0.14583590933292548,0.029488590808179675,338.85697558471526
Simulation_000002,Aluminium 6061,77.02537176217506,0.14972486691513684,0.029488590808179675,338.88702334322977
Simulation_000002,Aluminium 6061,77.02537176217506,0.15361382449734817,0.029488590808179675,338.8983785557425
Simulation_000002,Aluminium 6061,77.02537176217506,0.15750278207955953,0.029488590808179675,338.89085415055933
Simulation_000002,Aluminium 6061,77.02537176217506,0.16139173966177087,0.029488590808179675,338.86464903882484
Simulation_000002,Aluminium 6061,77.02537176217506,0.16528069724398223,0.029488590808179675,338.8203369355826
Simulation_000002,Aluminium 6061,77.02537176217506,0.16916965482619356,0.029488590808179675,338.75883426583255
Simulation_000002,Aluminium 6061,77.02537176217506,0.17305861240840492,0.029488590808179675,338.681351027892
Simulation_000002,Aluminium 6061,77.02537176217506,0.17694756999061625,0.029488590808179675,338.5893301544482
Simulation_000002,Aluminium 6061,77.02537176217506,0.18083652757282762,0.029488590808179675,338.48438152380896
Simulation_000002,Aluminium 6061,77.02537176217506,0.18472548515503895,0.029488590808179675,338.3682163843696
Simulation_000002,Aluminium 6061,77.02537176217506,0.18861444273725028,0.029488590808179675,338.2425868400485
Simulation_000002,Aluminium 6061,77.02537176217506,0.19250340031946164,0.029488590808179675,338.1092335694608
Simulation_000002,Aluminium 6061,77.02537176217506,0.19639235790167298,0.029488590808179675,337.9698434534442
Simulation_000002,Aluminium 6061,77.02537176217506,0.20028131548388434,0.029488590808179675,337.8260175006218
Simulation_000002,Aluminium 6061,77.02537176217506,0.20417027306609567,0.029488590808179675,337.6792485075828
Simulation_000002,Aluminium 6061,77.02537176217506,0.20805923064830703,0.029488590808179675,337.53090728893375
Simulation_000002,Aluminium 6061,77.02537176217506,0.21194818823051836,0.029488590808179675,337.38223601880964
Simulation_000002,Aluminium 6061,77.02537176217506,0.21583714581272972,0.029488590808179675,337.234347165407
Simulation_000002,Aluminium 6061,77.02537176217506,0.21972610339494106,0.029488590808179675,337.08822659516005
Simulation_000002,Aluminium 6061,77.02537176217506,0.22361506097715242,0.029488590808179675,336.94473960515455
Simulation_000002,Aluminium 6061,77.02537176217506,0.22750401855936375,0.029488590808179675,336.80463885961996
Simulation_000002,Aluminium 6061,77.02537176217506,0.2313929761415751,0.029488590808179675,336.66857342415483
Simulation_000002,Aluminium 6061,77.02537176217506,0.23528193372378645,0.029488590808179675,336.5370982893284
Simulation_000002,Aluminium 6061,77.02537176217506,0.2391708913059978,0.029488590808179675,336.410683943745
Simulation_000002,Aluminium 6061,77.02537176217506,0.24305984888820914,0.029488590808179675,336.2897256929678
Simulation_000002,Aluminium 6061,77.02537176217506,0.2469488064704205,0.029488590808179675,336.1745525265589
Simulation_000002,Aluminium 6061,77.02537176217506,0.2508377640526318,0.029488590808179675,336.0654354147365
Simulation_000002,Aluminium 6061,77.02537176217506,0.25472672163484317,0.029488590808179675,335.96259497340685
Simulation_000002,Aluminium 6061,77.02537176217506,0.2586156792170545,0.029488590808179675,335.86620847617206
Simulation_000002,Aluminium 6061,77.02537176217506,0.26250463679926583,0.029488590808179675,335.7764162184422
Simulation_000002,Aluminium 6061,77.02537176217506,0.2663935943814772,0.029488590808179675,335.6933272554302
Simulation_000002,Aluminium 6061,77.02537176217506,0.27028255196368856,0.029488590808179675,335.6170245453439
Simulation_000002,Aluminium 6061,77.02537176217506,0.27417150954589986,0.029488590808179675,335.5475695336457
Simulation_000002,Aluminium 6061,77.02537176217506,0.2780604671281112,0.029488590808179675,335.4850062154315
Simulation_000002,Aluminium 6061,77.02537176217506,0.2819494247103226,0.029488590808179675,335.42936471196873
Simulation_000002,Aluminium 6061,77.02537176217506,0.28583838229253394,0.029488590808179675,335.38066439505553
Simulation_000002,Aluminium 6061,77.02537176217506,0.28972733987474525,0.029488590808179675,335.3389165897115
Simulation_000002,Aluminium 6061,77.02537176217506,0.2936162974569566,0.029488590808179675,335.3041268821676
Simulation_000002,Aluminium 6061,77.02537176217506,0.29750525503916797,0.029488590808179675,335.276297056444
Simulation_000002,Aluminium 6061,77.02537176217506,0.30139421262137933,0.029488590808179675,335.2554266791396
Simulation_000002,Aluminium 6061,77.02537176217506,0.30528317020359064,0.029488590808179675,335.24151434849506
Simulation_000002,Aluminium 6061,77.02537176217506,0.309172127785802,0.029488590808179675,335.2345586203542
Simulation_000002,Aluminium 6061,77.02537176217506,0.0019444787911056729,0.032052816095847474,335.0156458959796
Simulation_000002,Aluminium 6061,77.02537176217506,0.005833436373317019,0.032052816095847474,335.0385492218064
Simulation_000002,Aluminium 6061,77.02537176217506,0.009722393955528366,0.032052816095847474,335.0683869995593
Simulation_000002,Aluminium 6061,77.02537176217506,0.013611351537739711,0.032052816095847474,335.10516038950635
Simulation_000002,Aluminium 6061,77.02537176217506,0.017500309119951058,0.032052816095847474,335.14887030397176
Simulation_000002,Aluminium 6061,77.02537176217506,0.021389266702162405,0.032052816095847474,335.1995164025783
Simulation_000002,Aluminium 6061,77.02537176217506,0.02527822428437375,0.032052816095847474,335.2570957339024
Simulation_000002,Aluminium 6061,77.02537176217506,0.029167181866585096,0.032052816095847474,335.3216010071038
Simulation_000002,Aluminium 6061,77.02537176217506,0.03305613944879644,0.032052816095847474,335.39301847246963
Simulation_000002,Aluminium 6061,77.02537176217506,0.03694509703100779,0.032052816095847474,335.47132538491564
Simulation_000002,Aluminium 6061,77.02537176217506,0.04083405461321914,0.032052816095847474,335.55648701933706
Simulation_000002,Aluminium 6061,77.02537176217506,0.044723012195430484,0.032052816095847474,335.64845320139244
Simulation_000002,Aluminium 6061,77.02537176217506,0.048611969777641824,0.032052816095847474,335.7471543120189
Simulation_000002,Aluminium 6061,77.02537176217506,0.05250092735985317,0.032052816095847474,335.8524967190512
Simulation_000002,Aluminium 6061,77.02537176217506,0.05638988494206452,0.032052816095847474,335.9643575852806
Simulation_000002,Aluminium 6061,77.02537176217506,0.060278842524275865,0.032052816095847474,336.0825789999566
Simulation_000002,Aluminium 6061,77.02537176217506,0.0641678001064872,0.032052816095847474,336.2069613813016
Simulation_000002,Aluminium 6061,77.02537176217506,0.06805675768869855,0.032052816095847474,336.3372561027944
Simulation_000002,Aluminium 6061,77.02537176217506,0.0719457152709099,0.032052816095847474,336.4731573081327
Simulation_000002,Aluminium 6061,77.02537176217506,0.07583467285312125,0.032052816095847474,336.6142929021067
Simulation_000002,Aluminium 6061,77.02537176217506,0.0797236304353326,0.032052816095847474,336.76021474122865
Simulation_000002,Aluminium 6061,77.02537176217506,0.08361258801754394,0.032052816095847474,336.9103881040385
Simulation_000002,Aluminium 6061,77.02537176217506,0.08750154559975529,0.032052816095847474,337.06418060268186
Simulation_000002,Aluminium 6061,77.02537176217506,0.09139050318196663,0.032052816095847474,337.2208508113996
Simulation_000002,Aluminium 6061,77.02537176217506,0.09527946076417797,0.032052816095847474,337.37953704058083
Simulation_000002,Aluminium 6061,77.02537176217506,0.09916841834638931,0.032052816095847474,337.53924688198515
Simulation_000002,Aluminium 6061,77.02537176217506,0.10305737592860066,0.032052816095847474,337.6988483925065
Simulation_000002,Aluminium 6061,77.02537176217506,0.10694633351081201,0.032052816095847474,337.85706406357275
Simulation_000002,Aluminium 6061,77.02537176217506,0.11083529109302336,0.032052816095847474,338.0124690215243
Simulation_000002,Aluminium 6061,77.02537176217506,0.1147242486752347,0.032052816095847474,338.1634951833783
Simulation_000002,Aluminium 6061,77.02537176217506,0.11861320625744605,0.032052816095847474,338.3084432911251
Simulation_000002,Aluminium 6061,77.02537176217506,0.1225021638396574,0.032052816095847474,338.4455047791861
Simulation_000002,Aluminium 6061,77.02537176217506,0.12639112142186876,0.032052816095847474,338.5727951858216
Simulation_000002,Aluminium 6061,77.02537176217506,0.1302800790040801,0.032052816095847474,338.68840018713894
Simulation_000002,Aluminium 6061,77.02537176217506,0.13416903658629145,0.032052816095847474,338.7904342264459
Simulation_000002,Aluminium 6061,77.02537176217506,0.13805799416850278,0.032052816095847474,338.8771101224069
Simulation_000002,Aluminium 6061,77.02537176217506,0.14194695175071415,0.032052816095847474,338.9468160885227
Simulation_000002,Aluminium 6061,77.02537176217506,0.14583590933292548,0.032052816095847474,338.9981945773952
Simulation_000002,Aluminium 6061,77.02537176217506,0.14972486691513684,0.032052816095847474,339.0302157332042
Simulation_000002,Aluminium 6061,77.02537176217506,0.15361382449734817,0.032052816095847474,339.042237526729
Simulation_000002,Aluminium 6061,77.02537176217506,0.15750278207955953,0.032052816095847474,339.03404529229874
Simulation_000002,Aluminium 6061,77.02537176217506,0.16139173966177087,0.032052816095847474,339.00586551181107
Simulation_000002,Aluminium 6061,77.02537176217506,0.16528069724398223,0.032052816095847474,338.9583519800822
Simulation_000002,Aluminium 6061,77.02537176217506,0.16916965482619356,0.032052816095847474,338.8925462173697
Simulation_000002,Aluminium 6061,77.02537176217506,0.17305861240840492,0.032052816095847474,338.8098172840406
Simulation_000002,Aluminium 6061,77.02537176217506,0.17694756999061625,0.032052816095847474,338.71178827811497
Simulation_000002,Aluminium 6061,77.02537176217506,0.18083652757282762,0.032052816095847474,338.6002574414807
Simulation_000002,Aluminium 6061,77.02537176217506,0.18472548515503895,0.032052816095847474,338.47712109149495
Simulation_000002,Aluminium 6061,77.02537176217506,0.18861444273725028,0.032052816095847474,338.34430396466905
Simulation_000002,Aluminium 6061,77.02537176217506,0.19250340031946164,0.032052816095847474,338.2037005400954
Simulation_000002,Aluminium 6061,77.02537176217506,0.19639235790167298,0.032052816095847474,338.057128959365
Simulation_000002,Aluminium 6061,77.02537176217506,0.20028131548388434,0.032052816095847474,337.90629757045565
Simulation_000002,Aluminium 6061,77.02537176217506,0.20417027306609567,0.032052816095847474,337.7527830172003
Simulation_000002,Aluminium 6061,77.02537176217506,0.20805923064830703,0.032052816095847474,337.59801816383293
Simulation_000002,Aluminium 6061,77.02537176217506,0.21194818823051836,0.032052816095847474,337.443287900302
Simulation_000002,Aluminium 6061,77.02537176217506,0.21583714581272972,0.032052816095847474,337.2897309055543
Simulation_000002,Aluminium 6061,77.02537176217506,0.21972610339494106,0.032052816095847474,337.13834564477014
Simulation_000002,Aluminium 6061,77.02537176217506,0.22361506097715242,0.032052816095847474,336.9899991556247
Simulation_000002,Aluminium 6061,77.02537176217506,0.22750401855936375,0.032052816095847474,336.84543747693493
Simulation_000002,Aluminium 6061,77.02537176217506,0.2313929761415751,0.032052816095847474,336.70529685281065
Simulation_000002,Aluminium 6061,77.02537176217506,0.23528193372378645,0.032052816095847474,336.57011508722803
Simulation_000002,Aluminium 6061,77.02537176217506,0.2391708913059978,0.032052816095847474,336.4403426209325
Simulation_000002,Aluminium 6061,77.02537176217506,0.24305984888820914,0.032052816095847474,336.3163530556277
Simulation_000002,Aluminium 6061,77.02537176217506,0.2469488064704205,0.032052816095847474,336.1984529644846
Simulation_000002,Aluminium 6061,77.02537176217506,0.2508377640526318,0.032052816095847474,336.0868909097164
Simulation_000002,Aluminium 6061,77.02537176217506,0.25472672163484317,0.032052816095847474,335.9818656440767
Simulation_000002,Aluminium 6061,77.02537176217506,0.2586156792170545,0.032052816095847474,335.8835335097942
Simulation_000002,Aluminium 6061,77.02537176217506,0.26250463679926583,0.032052816095847474,335.7920150708092
Simulation_000002,Aluminium 6061,77.02537176217506,0.2663935943814772,0.032052816095847474,335.7074010263894
Simulation_000002,Aluminium 6061,77.02537176217506,0.27028255196368856,0.032052816095847474,335.629757459426
Simulation_000002,Aluminium 6061,77.02537176217506,0.27417150954589986,0.032052816095847474,335.55913047334013
Simulation_000002,Aluminium 6061,77.02537176217506,0.2780604671281112,0.032052816095847474,335.4955502692594
Simulation_000002,Aluminium 6061,77.02537176217506,0.2819494247103226,0.032052816095847474,335.4390347111627
Simulation_000002,Aluminium 6061,77.02537176217506,0.28583838229253394,0.032052816095847474,335.38959242185695
Simulation_000002,Aluminium 6061,77.02537176217506,0.28972733987474525,0.032052816095847474,335.34722544746944
Simulation_000002,Aluminium 6061,77.02537176217506,0.2936162974569566,0.032052816095847474,335.31193152296476
Simulation_000002,Aluminium 6061,77.02537176217506,0.29750525503916797,0.032052816095847474,335.2837059661941
Simulation_000002,Aluminium 6061,77.02537176217506,0.30139421262137933,0.032052816095847474,335.26254322328236
Simulation_000002,Aluminium 6061,77.02537176217506,0.30528317020359064,0.032052816095847474,335.2484380837606
Simulation_000002,Aluminium 6061,77.02537176217506,0.309172127785802,0.032052816095847474,335.24138657976033
Simulation_000002,Aluminium 6061,77.02537176217506,0.0019444787911056729,0.03461704138351527,335.02374322827524
Simulation_000002,Aluminium 6061,77.02537176217506,0.005833436373317019,0.03461704138351527,335.0467604649481
Simulation_000002,Aluminium 6061,77.02537176217506,0.009722393955528366,0.03461704138351527,335.0768275558497
Simulation_000002,Aluminium 6061,77.02537176217506,0.013611351537739711,0.03461704138351527,335.11394865507305
Simulation_000002,Aluminium 6061,77.02537176217506,0.017500309119951058,0.03461704138351527,335.15812919251397
Simulation_000002,Aluminium 6061,77.02537176217506,0.021389266702162405,0.03461704138351527,335.2093749000322
Simulation_000002,Aluminium 6061,77.02537176217506,0.02527822428437375,0.03461704138351527,335.26769049207394
Simulation_000002,Aluminium 6061,77.02537176217506,0.029167181866585096,0.03461704138351527,335.33307798214844
Simulation_000002,Aluminium 6061,77.02537176217506,0.03305613944879644,0.03461704138351527,335.4055346110675
Simulation_000002,Aluminium 6061,77.02537176217506,0.03694509703100779,0.03461704138351527,335.4850503568837
Simulation_000002,Aluminium 6061,77.02537176217506,0.04083405461321914,0.03461704138351527,335.57160498993926
Simulation_000002,Aluminium 6061,77.02537176217506,0.044723012195430484,0.03461704138351527,335.66516462939273
Simulation_000002,Aluminium 6061,77.02537176217506,0.048611969777641824,0.03461704138351527,335.76567775013393
Simulation_000002,Aluminium 6061,77.02537176217506,0.05250092735985317,0.03461704138351527,335.8730705813703
Simulation_000002,Aluminium 6061,77.02537176217506,0.05638988494206452,0.03461704138351527,335.98724183082777
Simulation_000002,Aluminium 6061,77.02537176217506,0.060278842524275865,0.03461704138351527,336.10805666219983
Simulation_000002,Aluminium 6061,77.02537176217506,0.0641678001064872,0.03461704138351527,336.23533984937296
Simulation_000002,Aluminium 6061,77.02537176217506,0.06805675768869855,0.03461704138351527,336.3688680308051
Simulation_000002,Aluminium 6061,77.02537176217506,0.0719457152709099,0.03461704138351527,336.5083609937623
Simulation_000002,Aluminium 6061,77.02537176217506,0.07583467285312125,0.03461704138351527,336.65347193447263
Simulation_000002,Aluminium 6061,77.02537176217506,0.0797236304353326,0.03461704138351527,336.8037766714329
Simulation_000002,Aluminium 6061,77.02537176217506,0.08361258801754394,0.03461704138351527,336.95876184136864
Simulation_000002,Aluminium 6061,77.02537176217506,0.08750154559975529,0.03461704138351527,337.1178121885512
Simulation_000002,Aluminium 6061,77.02537176217506,0.09139050318196663,0.03461704138351527,337.28019717756297
Simulation_000002,Aluminium 6061,77.02537176217506,0.09527946076417797,0.03461704138351527,337.4450573272007
Simulation_000002,Aluminium 6061,77.02537176217506,0.09916841834638931,0.03461704138351527,337.6113908883246
Simulation_000002,Aluminium 6061,77.02537176217506,0.10305737592860066,0.03461704138351527,337.7780417770181
Simulation_000002,Aluminium 6061,77.02537176217506,0.10694633351081201,0.03461704138351527,337.9436900245507
Simulation_000002,Aluminium 6061,77.02537176217506,0.11083529109302336,0.03461704138351527,338.10684640130233
Simulation_000002,Aluminium 6061,77.02537176217506,0.1147242486752347,0.03461704138351527,338.2658532745979
Simulation_000002,Aluminium 6061,77.02537176217506,0.11861320625744605,0.03461704138351527,338.4188941006268
Simulation_000002,Aluminium 6061,77.02537176217506,0.1225021638396574,0.03461704138351527,338.56401412066094
Simulation_000002,Aluminium 6061,77.02537176217506,0.12639112142186876,0.03461704138351527,338.6991546868908
Simulation_000002,Aluminium 6061,77.02537176217506,0.1302800790040801,0.03461704138351527,338.82220301745537
Simulation_000002,Aluminium 6061,77.02537176217506,0.13416903658629145,0.03461704138351527,338.93105792574306
Simulation_000002,Aluminium 6061,77.02537176217506,0.13805799416850278,0.03461704138351527,339.0237101224984
Simulation_000002,Aluminium 6061,77.02537176217506,0.14194695175071415,0.03461704138351527,339.0983331579572
Simulation_000002,Aluminium 6061,77.02537176217506,0.14583590933292548,0.03461704138351527,339.1533783093878
Simulation_000002,Aluminium 6061,77.02537176217506,0.14972486691513684,0.03461704138351527,339.1876643433617
Simulation_000002,Aluminium 6061,77.02537176217506,0.15361382449734817,0.03461704138351527,339.20045186506684
Simulation_000002,Aluminium 6061,77.02537176217506,0.15750278207955953,0.03461704138351527,339.19149258994463
Simulation_000002,Aluminium 6061,77.02537176217506,0.16139173966177087,0.03461704138351527,339.16104659434205
Simulation_000002,Aluminium 6061,77.02537176217506,0.16528069724398223,0.03461704138351527,339.10986501383854
Simulation_000002,Aluminium 6061,77.02537176217506,0.16916965482619356,0.03461704138351527,339.03914072068835
Simulation_000002,Aluminium 6061,77.02537176217506,0.17305861240840492,0.03461704138351527,338.95043392379023
Simulation_000002,Aluminium 6061,77.02537176217506,0.17694756999061625,0.03461704138351527,338.8455823560147
Simulation_000002,Aluminium 6061,77.02537176217506,0.18083652757282762,0.03461704138351527,338.72660633669676
Simulation_000002,Aluminium 6061,77.02537176217506,0.18472548515503895,0.03461704138351527,338.59561778010715
Simulation_000002,Aluminium 6061,77.02537176217506,0.18861444273725028,0.03461704138351527,338.4547398446755
Simulation_000002,Aluminium 6061,77.02537176217506,0.19250340031946164,0.03461704138351527,338.30604115591734
Simulation_000002,Aluminium 6061,77.02537176217506,0.19639235790167298,0.03461704138351527,338.15148600472486
Simulation_000002,Aluminium 6061,77.02537176217506,0.20028131548388434,0.03461704138351527,337.9928999761631
Simulation_000002,Aluminium 6061,77.02537176217506,0.20417027306609567,0.03461704138351527,337.8319492094479
Simulation_000002,Aluminium 6061,77.02537176217506,0.20805923064830703,0.03461704138351527,337.670130864058
Simulation_000002,Aluminium 6061,77.02537176217506,0.21194818823051836,0.03461704138351527,337.5087722220794
Simulation_000002,Aluminium 6061,77.02537176217506,0.21583714581272972,0.03461704138351527,337.34903602694334
Simulation_000002,Aluminium 6061,77.02537176217506,0.21972610339494106,0.03461704138351527,337.1919299989824
Simulation_000002,Aluminium 6061,77.02537176217506,0.22361506097715242,0.03461704138351527,337.03831887105144
Simulation_000002,Aluminium 6061,77.02537176217506,0.22750401855936375,0.03461704138351527,336.8889376831569
Simulation_000002,Aluminium 6061,77.02537176217506,0.2313929761415751,0.03461704138351527,336.74440542520284
Simulation_000002,Aluminium 6061,77.02537176217506,0.23528193372378645,0.03461704138351527,336.60523840554913
Simulation_000002,Aluminium 6061,77.02537176217506,0.2391708913059978,0.03461704138351527,336.4718629482321
Simulation_000002,Aluminium 6061,77.02537176217506,0.24305984888820914,0.03461704138351527,336.34462718932434
Simulation_000002,Aluminium 6061,77.02537176217506,0.2469488064704205,0.03461704138351527,336.2238118623368
Simulation_000002,Aluminium 6061,77.02537176217506,0.2508377640526318,0.03461704138351527,336.10964004379866
Simulation_000002,Aluminium 6061,77.02537176217506,0.25472672163484317,0.03461704138351527,336.00228588245284
Simulation_000002,Aluminium 6061,77.02537176217506,0.2586156792170545,0.03461704138351527,335.9018823667154
Simulation_000002,Aluminium 6061,77.02537176217506,0.26250463679926583,0.03461704138351527,335.80852820144133
Simulation_000002,Aluminium 6061,77.02537176217506,0.2663935943814772,0.03461704138351527,335.7222938714077
Simulation_000002,Aluminium 6061,77.02537176217506,0.27028255196368856,0.03461704138351527,335.64322696882516
Simulation_000002,Aluminium 6061,77.02537176217506,0.27417150954589986,0.03461704138351527,335.5713568581326
Simulation_000002,Aluminium 6061,77.02537176217506,0.2780604671281112,0.03461704138351527,335.5066987450909
Simulation_000002,Aluminium 6061,77.02537176217506,0.2819494247103226,0.03461704138351527,335.44925720992353
Simulation_000002,Aluminium 6061,77.02537176217506,0.28583838229253394,0.03461704138351527,335.39902925672226
Simulation_000002,Aluminium 6061,77.02537176217506,0.28972733987474525,0.03461704138351527,335.3560069239897
Simulation_000002,Aluminium 6061,77.02537176217506,0.2936162974569566,0.03461704138351527,335.32017949428774
Simulation_000002,Aluminium 6061,77.02537176217506,0.29750525503916797,0.03461704138351527,335.29153533460766
Simulation_000002,Aluminium 6061,77.02537176217506,0.30139421262137933,0.03461704138351527,335.27006339331217
Simulation_000002,Aluminium 6061,77.02537176217506,0.30528317020359064,0.03461704138351527,335.25575437427636
Simulation_000002,Aluminium 6061,77.02537176217506,0.309172127785802,0.03461704138351527,335.2486016041247
Simulation_000002,Aluminium 6061,77.02537176217506,0.0019444787911056729,0.037181266671183065,335.0322277156267
Simulation_000002,Aluminium 6061,77.02537176217506,0.005833436373317019,0.037181266671183065,335.0553644528432
Simulation_000002,Aluminium 6061,77.02537176217506,0.009722393955528366,0.037181266671183065,335.0856721345085
Simulation_000002,Aluminium 6061,77.02537176217506,0.013611351537739711,0.037181266671183065,335.123158107119
Simulation_000002,Aluminium 6061,77.02537176217506,0.017500309119951058,0.037181266671183065,335.1678326214072
Simulation_000002,Aluminium 6061,77.02537176217506,0.021389266702162405,0.037181266671183065,335.2197078960319
Simulation_000002,Aluminium 6061,77.02537176217506,0.02527822428437375,0.037181266671183065,335.27879684620905
Simulation_000002,Aluminium 6061,77.02537176217506,0.029167181866585096,0.037181266671183065,335.3451114566805
Simulation_000002,Aluminium 6061,77.02537176217506,0.03305613944879644,0.037181266671183065,335.4186607721193
Simulation_000002,Aluminium 6061,77.02537176217506,0.03694509703100779,0.037181266671183065,335.4994484710241
Simulation_000002,Aluminium 6061,77.02537176217506,0.04083405461321914,0.037181266671183065,335.587469981254
Simulation_000002,Aluminium 6061,77.02537176217506,0.044723012195430484,0.037181266671183065,335.6827090865275
Simulation_000002,Aluminium 6061,77.02537176217506,0.048611969777641824,0.037181266671183065,335.78513396346796
Simulation_000002,Aluminium 6061,77.02537176217506,0.05250092735985317,0.037181266671183065,335.8946925782555
Simulation_000002,Aluminium 6061,77.02537176217506,0.05638988494206452,0.037181266671183065,336.0113073609718
Simulation_000002,Aluminium 6061,77.02537176217506,0.060278842524275865,0.037181266671183065,336.13486906493273
Simulation_000002,Aluminium 6061,77.02537176217506,0.0641678001064872,0.037181266671183065,336.26522970875965
Simulation_000002,Aluminium 6061,77.02537176217506,0.06805675768869855,0.037181266671183065,336.4021944923532
Simulation_000002,Aluminium 6061,77.02537176217506,0.0719457152709099,0.037181266671183065,336.5455125768937
Simulation_000002,Aluminium 6061,77.02537176217506,0.07583467285312125,0.037181266671183065,336.69486662729366
Simulation_000002,Aluminium 6061,77.02537176217506,0.0797236304353326,0.037181266671183065,336.84986103853896
Simulation_000002,Aluminium 6061,77.02537176217506,0.08361258801754394,0.037181266671183065,337.01000881240213
Simulation_000002,Aluminium 6061,77.02537176217506,0.08750154559975529,0.037181266671183065,337.17471712771226
Simulation_000002,Aluminium 6061,77.02537176217506,0.09139050318196663,0.037181266671183065,337.34327176775173
Simulation_000002,Aluminium 6061,77.02537176217506,0.09527946076417797,0.037181266671183065,337.51482074647305
Simulation_000002,Aluminium 6061,77.02537176217506,0.09916841834638931,0.037181266671183065,337.6883577259456
Simulation_000002,Aluminium 6061,77.02537176217506,0.10305737592860066,0.037181266671183065,337.86270615360206
Simulation_000002,Aluminium 6061,77.02537176217506,0.10694633351081201,0.037181266671183065,338.036505475353
Simulation_000002,Aluminium 6061,77.02537176217506,0.11083529109302336,0.037181266671183065,338.2082012904278
Simulation_000002,Aluminium 6061,77.02537176217506,0.1147242486752347,0.037181266671183065,338.3760418706093
Simulation_000002,Aluminium 6061,77.02537176217506,0.11861320625744605,0.037181266671183065,338.53808399503976
Simulation_000002,Aluminium 6061,77.02537176217506,0.1225021638396574,0.037181266671183065,338.6922114232901
Simulation_000002,Aluminium 6061,77.02537176217506,0.12639112142186876,0.037181266671183065,338.83616935558314
Simulation_000002,Aluminium 6061,77.02537176217506,0.1302800790040801,0.037181266671183065,338.9676176740091
Simulation_000002,Aluminium 6061,77.02537176217506,0.13416903658629145,0.037181266671183065,339.08420438299316
Simulation_000002,Aluminium 6061,77.02537176217506,0.13805799416850278,0.037181266671183065,339.18365831685446
Simulation_000002,Aluminium 6061,77.02537176217506,0.14194695175071415,0.037181266671183065,339.2638969165849
Simulation_000002,Aluminium 6061,77.02537176217506,0.14583590933292548,0.037181266671183065,339.32314110541387
Simulation_000002,Aluminium 6061,77.02537176217506,0.14972486691513684,0.037181266671183065,339.360025834463
Simulation_000002,Aluminium 6061,77.02537176217506,0.15361382449734817,0.037181266671183065,339.3736928488396
Simulation_000002,Aluminium 6061,77.02537176217506,0.15750278207955953,0.037181266671183065,339.3638527130262
Simulation_000002,Aluminium 6061,77.02537176217506,0.16139173966177087,0.037181266671183065,339.33080662883395
Simulation_000002,Aluminium 6061,77.02537176217506,0.16528069724398223,0.037181266671183065,339.2754245660222
Simulation_000002,Aluminium 6061,77.02537176217506,0.16916965482619356,0.037181266671183065,339.1990831855751
Simulation_000002,Aluminium 6061,77.02537176217506,0.17305861240840492,0.037181266671183065,339.1035730224674
Simulation_000002,Aluminium 6061,77.02537176217506,0.17694756999061625,0.037181266671183065,338.9909878891658
Simulation_000002,Aluminium 6061,77.02537176217506,0.18083652757282762,0.037181266671183065,338.8636099496332
Simulation_000002,Aluminium 6061,77.02537176217506,0.18472548515503895,0.037181266671183065,338.72380189265874
Simulation_000002,Aluminium 6061,77.02537176217506,0.18861444273725028,0.037181266671183065,338.5739141750967
Simulation_000002,Aluminium 6061,77.02537176217506,0.19250340031946164,0.037181266671183065,338.41621153304715
Simulation_000002,Aluminium 6061,77.02537176217506,0.19639235790167298,0.037181266671183065,338.2528196933289
Simulation_000002,Aluminium 6061,77.02537176217506,0.20028131548388434,0.037181266671183065,338.08569086719615
Simulation_000002,Aluminium 6061,77.02537176217506,0.20417027306609567,0.037181266671183065,337.91658523269865
Simulation_000002,Aluminium 6061,77.02537176217506,0.20805923064830703,0.037181266671183065,337.7470650570605
Simulation_000002,Aluminium 6061,77.02537176217506,0.21194818823051836,0.037181266671183065,337.5784981366828
Simulation_000002,Aluminium 6061,77.02537176217506,0.21583714581272972,0.037181266671183065,337.41206760391793
Simulation_000002,Aluminium 6061,77.02537176217506,0.21972610339494106,0.037181266671183065,337.24878567830524
Simulation_000002,Aluminium 6061,77.02537176217506,0.22361506097715242,0.037181266671183065,337.0895094967996
Simulation_000002,Aluminium 6061,77.02537176217506,0.22750401855936375,0.037181266671183065,336.93495766734543
Simulation_000002,Aluminium 6061,77.02537176217506,0.2313929761415751,0.037181266671183065,336.7857266176763
Simulation_000002,Aluminium 6061,77.02537176217506,0.23528193372378645,0.037181266671183065,336.6423061474174
Simulation_000002,Aluminium 6061,77.02537176217506,0.2391708913059978,0.037181266671183065,336.50509384230804
Simulation_000002,Aluminium 6061,77.02537176217506,0.24305984888820914,0.037181266671183065,336.37440818752225
Simulation_000002,Aluminium 6061,77.02537176217506,0.2469488064704205,0.037181266671183065,336.2505003374782
Simulation_000002,Aluminium 6061,77.02537176217506,0.2508377640526318,0.037181266671183065,336.13356457625747
Simulation_000002,Aluminium 6061,77.02537176217506,0.25472672163484317,0.037181266671183065,336.0237475478403
Simulation_000002,Aluminium 6061,77.02537176217506,0.2586156792170545,0.037181266671183065,335.9211563583982
Simulation_000002,Aluminium 6061,77.02537176217506,0.26250463679926583,0.037181266671183065,335.82586566123206
Simulation_000002,Aluminium 6061,77.02537176217506,0.2663935943814772,0.037181266671183065,335.7379238339345
Simulation_000002,Aluminium 6061,77.02537176217506,0.27028255196368856,0.037181266671183065,335.6573583508211
Simulation_000002,Aluminium 6061,77.02537176217506,0.27417150954589986,0.037181266671183065,335.5841804441794
Simulation_000002,Aluminium 6061,77.02537176217506,0.2780604671281112,0.037181266671183065,335.5183891371585
Simulation_000002,Aluminium 6061,77.02537176217506,0.2819494247103226,0.037181266671183065,335.45997472022503
Simulation_000002,Aluminium 6061,77.02537176217506,0.28583838229253394,0.037181266671183065,335.4089217326856
Simulation_000002,Aluminium 6061,77.02537176217506,0.28972733987474525,0.037181266671183065,335.3652115011497
Simulation_000002,Aluminium 6061,77.02537176217506,0.2936162974569566,0.037181266671183065,335.32882427813047
Simulation_000002,Aluminium 6061,77.02537176217506,0.29750525503916797,0.037181266671183065,335.29974101625885
Simulation_000002,Aluminium 6061,77.02537176217506,0.30139421262137933,0.037181266671183065,335.2779448067713
Simulation_000002,Aluminium 6061,77.02537176217506,0.30528317020359064,0.037181266671183065,335.2634220049129
Simulation_000002,Aluminium 6061,77.02537176217506,0.309172127785802,0.037181266671183065,335.2561630595592
Simulation_000002,Aluminium 6061,77.02537176217506,0.0019444787911056729,0.03974549195885087,335.0410511018774
Simulation_000002,Aluminium 6061,77.02537176217506,0.005833436373317019,0.03974549195885087,335.06431224269755
Simulation_000002,Aluminium 6061,77.02537176217506,0.009722393955528366,0.03974549195885087,335.09487041376457
Simulation_000002,Aluminium 6061,77.02537176217506,0.013611351537739711,0.03974549195885087,335.1327363413253
Simulation_000002,Aluminium 6061,77.02537176217506,0.017500309119951058,0.03974549195885087,335.17792538381354
Simulation_000002,Aluminium 6061,77.02537176217506,0.021389266702162405,0.03974549195885087,335.2304566402687
Simulation_000002,Aluminium 6061,77.02537176217506,0.02527822428437375,0.03974549195885087,335.29035173687794
Simulation_000002,Aluminium 6061,77.02537176217506,0.029167181866585096,0.03974549195885087,335.35763326931055
Simulation_000002,Aluminium 6061,77.02537176217506,0.03305613944879644,0.03974549195885087,335.432322871445
Simulation_000002,Aluminium 6061,77.02537176217506,0.03694509703100779,0.03974549195885087,335.5144388730281
Simulation_000002,Aluminium 6061,77.02537176217506,0.04083405461321914,0.03974549195885087,335.60399349954776
Simulation_000002,Aluminium 6061,77.02537176217506,0.044723012195430484,0.03974549195885087,335.7009895569897
Simulation_000002,Aluminium 6061,77.02537176217506,0.048611969777641824,0.03974549195885087,335.80541653206063
Simulation_000002,Aluminium 6061,77.02537176217506,0.05250092735985317,0.03974549195885087,335.9172460248977
Simulation_000002,Aluminium 6061,77.02537176217506,0.05638988494206452,0.03974549195885087,336.0364264164054
Simulation_000002,Aluminium 6061,77.02537176217506,0.060278842524275865,0.03974549195885087,336.16287665661616
Simulation_000002,Aluminium 6061,77.02537176217506,0.0641678001064872,0.03974549195885087,336.29647904474837
Simulation_000002,Aluminium 6061,77.02537176217506,0.06805675768869855,0.03974549195885087,336.43707085748656
Simulation_000002,Aluminium 6061,77.02537176217506,0.0719457152709099,0.03974549195885087,336.5844346719465
Simulation_000002,Aluminium 6061,77.02537176217506,0.07583467285312125,0.03974549195885087,336.73828722770537
Simulation_000002,Aluminium 6061,77.02537176217506,0.0797236304353326,0.03974549195885087,336.89826668393493
Simulation_000002,Aluminium 6061,77.02537176217506,0.08361258801754394,0.03974549195885087,337.06391816132094
Simulation_000002,Aluminium 6061,77.02537176217506,0.08750154559975529,0.03974549195885087,337.23467752542683
Simulation_000002,Aluminium 6061,77.02537176217506,0.09139050318196663,0.03974549195885087,337.40985348342065
Simulation_000002,Aluminium 6061,77.02537176217506,0.09527946076417797,0.03974549195885087,337.5886082482885
Simulation_000002,Aluminium 6061,77.02537176217506,0.09916841834638931,0.03974549195885087,337.7699372953722
Simulation_000002,Aluminium 6061,77.02537176217506,0.10305737592860066,0.03974549195885087,337.95264911727656
Simulation_000002,Aluminium 6061,77.02537176217506,0.10694633351081201,0.03974549195885087,338.1353463919942
Simulation_000002,Aluminium 6061,77.02537176217506,0.11083529109302336,0.03974549195885087,338.3164106183411
Simulation_000002,Aluminium 6061,77.02537176217506,0.1147242486752347,0.03974549195885087,338.4939930163707
Simulation_000002,Aluminium 6061,77.02537176217506,0.11861320625744605,0.03974549195885087,338.6660152631868
Simulation_000002,Aluminium 6061,77.02537176217506,0.1225021638396574,0.03974549195885087,338.83018428942916
Simulation_000002,Aluminium 6061,77.02537176217506,0.12639112142186876,0.03974549195885087,338.9840256615828
Simulation_000002,Aluminium 6061,77.02537176217506,0.1302800790040801,0.03974549195885087,339.12493969491993
Simulation_000002,Aluminium 6061,77.02537176217506,0.13416903658629145,0.03974549195885087,339.2502830123262
Simulation_000002,Aluminium 6061,77.02537176217506,0.13805799416850278,0.03974549195885087,339.3574754840612
Simulation_000002,Aluminium 6061,77.02537176217506,0.14194695175071415,0.03974549195885087,339.44412830584173
Simulation_000002,Aluminium 6061,77.02537176217506,0.14583590933292548,0.03974549195885087,339.508183832339
Simulation_000002,Aluminium 6061,77.02537176217506,0.14972486691513684,0.03974549195885087,339.54805275449434
Simulation_000002,Aluminium 6061,77.02537176217506,0.15361382449734817,0.03974549195885087,339.5627309180198
Simulation_000002,Aluminium 6061,77.02537176217506,0.15750278207955953,0.03974549195885087,339.5518782186868
Simulation_000002,Aluminium 6061,77.02537176217506,0.16139173966177087,0.03974549195885087,339.5158465006339
Simulation_000002,Aluminium 6061,77.02537176217506,0.16528069724398223,0.03974549195885087,339.4556516062098
Simulation_000002,Aluminium 6061,77.02537176217506,0.16916965482619356,0.03974549195885087,339.3728944289252
Simulation_000002,Aluminium 6061,77.02537176217506,0.17305861240840492,0.03974549195885087,339.2696440433706
Simulation_000002,Aluminium 6061,77.02537176217506,0.17694756999061625,0.03974549195885087,339.14830047659973
Simulation_000002,Aluminium 6061,77.02537176217506,0.18083652757282762,0.03974549195885087,339.0114548237177
Simulation_000002,Aluminium 6061,77.02537176217506,0.18472548515503895,0.03974549195885087,338.86176111939363
Simulation_000002,Aluminium 6061,77.02537176217506,0.18861444273725028,0.03974549195885087,338.70182934834264
Simulation_000002,Aluminium 6061,77.02537176217506,0.19250340031946164,0.03974549195885087,338.53414383754904
Simulation_000002,Aluminium 6061,77.02537176217506,0.19639235790167298,0.03974549195885087,338.3610070953568
Simulation_000002,Aluminium 6061,77.02537176217506,0.20028131548388434,0.03974549195885087,338.18450638238033
Simulation_000002,Aluminium 6061,77.02537176217506,0.20417027306609567,0.03974549195885087,338.0064988696532
Simulation_000002,Aluminium 6061,77.02537176217506,0.20805923064830703,0.03974549195885087,337.8286108591208
Simulation_000002,Aluminium 6061,77.02537176217506,0.21194818823051836,0.03974549195885087,337.65224684148546
Simulation_000002,Aluminium 6061,77.02537176217506,0.21583714581272972,0.03974549195885087,337.4786048212971
Simulation_000002,Aluminium 6061,77.02537176217506,0.21972610339494106,0.03974549195885087,337.30869511196374
Simulation_000002,Aluminium 6061,77.02537176217506,0.22361506097715242,0.03974549195885087,337.14336054696275
Simulation_000002,Aluminium 6061,77.02537176217506,0.22750401855936375,0.03974549195885087,336.9832966928039
Simulation_000002,Aluminium 6061,77.02537176217506,0.2313929761415751,0.03974549195885087,336.82907115813504
Simulation_000002,Aluminium 6061,77.02537176217506,0.23528193372378645,0.03974549195885087,336.68114147460983
Simulation_000002,Aluminium 6061,77.02537176217506,0.2391708913059978,0.03974549195885087,336.5398712958865
Simulation_000002,Aluminium 6061,77.02537176217506,0.24305984888820914,0.03974549195885087,336.40554484335405
Simulation_000002,Aluminium 6061,77.02537176217506,0.2469488064704205,0.03974549195885087,336.2783796424766
Simulation_000002,Aluminium 6061,77.02537176217506,0.2508377640526318,0.03974549195885087,336.15853766064225
Simulation_000002,Aluminium 6061,77.02537176217506,0.25472672163484317,0.03974549195885087,336.04613499108353
Simulation_000002,Aluminium 6061,77.02537176217506,0.2586156792170545,0.03974549195885087,335.9412502391194
Simulation_000002,Aluminium 6061,77.02537176217506,0.26250463679926583,0.03974549195885087,335.8439317649204
Simulation_000002,Aluminium 6061,77.02537176217506,0.2663935943814772,0.03974549195885087,335.75420392697237
Simulation_000002,Aluminium 6061,77.02537176217506,0.27028255196368856,0.03974549195885087,335.67207245630834
Simulation_000002,Aluminium 6061,77.02537176217506,0.27417150954589986,0.03974549195885087,335.59752907590206
Simulation_000002,Aluminium 6061,77.02537176217506,0.2780604671281112,0.03974549195885087,335.53055546393756
Simulation_000002,Aluminium 6061,77.02537176217506,0.2819494247103226,0.03974549195885087,335.4711266448638
Simulation_000002,Aluminium 6061,77.02537176217506,0.28583838229253394,0.03974549195885087,335.4192138786742
Simulation_000002,Aluminium 6061,77.02537176217506,0.28972733987474525,0.03974549195885087,335.37478710688754
Simulation_000002,Aluminium 6061,77.02537176217506,0.2936162974569566,0.03974549195885087,335.3378170032422
Simulation_000002,Aluminium 6061,77.02537176217506,0.29750525503916797,0.03974549195885087,335.3082766680545
Simulation_000002,Aluminium 6061,77.02537176217506,0.30139421262137933,0.03974549195885087,335.2861429973673
Simulation_000002,Aluminium 6061,77.02537176217506,0.30528317020359064,0.03974549195885087,335.27139775125625
Simulation_000002,Aluminium 6061,77.02537176217506,0.309172127785802,0.03974549195885087,335.2640283397689
Simulation_000002,Aluminium 6061,77.02537176217506,0.0019444787911056729,0.04230971724651866,335.0501631450993
Simulation_000002,Aluminium 6061,77.02537176217506,0.005833436373317019,0.04230971724651866,335.0735528658504
Simulation_000002,Aluminium 6061,77.02537176217506,0.009722393955528366,0.04230971724651866,335.10436996478353
Simulation_000002,Aluminium 6061,77.02537176217506,0.013611351537739711,0.04230971724651866,335.1426287219716
Simulation_000002,Aluminium 6061,77.02537176217506,0.017500309119951058,0.04230971724651866,335.18834987088337
Simulation_000002,Aluminium 6061,77.02537176217506,0.021389266702162405,0.04230971724651866,335.2415597592286
Simulation_000002,Aluminium 6061,77.02537176217506,0.02527822428437375,0.04230971724651866,335.30228920407023
Simulation_000002,Aluminium 6061,77.02537176217506,0.029167181866585096,0.04230971724651866,335.37057201748166
Simulation_000002,Aluminium 6061,77.02537176217506,0.03305613944879644,0.04230971724651866,335.4464431712822
Simulation_000002,Aluminium 6061,77.02537176217506,0.03694509703100779,0.04230971724651866,335.5299365603857
Simulation_000002,Aluminium 6061,77.02537176217506,0.04083405461321914,0.04230971724651866,335.6210823137591
Simulation_000002,Aluminium 6061,77.02537176217506,0.044723012195430484,0.04230971724651866,335.7199035896353
Simulation_000002,Aluminium 6061,77.02537176217506,0.048611969777641824,0.04230971724651866,335.82641277719705
Simulation_000002,Aluminium 6061,77.02537176217506,0.05250092735985317,0.04230971724651866,335.9406070102719
Simulation_000002,Aluminium 6061,77.02537176217506,0.05638988494206452,0.04230971724651866,336.06246287959516
Simulation_000002,Aluminium 6061,77.02537176217506,0.060278842524275865,0.04230971724651866,336.19193020911655
Simulation_000002,Aluminium 6061,77.02537176217506,0.0641678001064872,0.04230971724651866,336.32892473924915
Simulation_000002,Aluminium 6061,77.02537176217506,0.06805675768869855,0.04230971724651866,336.4733195371495
Simulation_000002,Aluminium 6061,77.02537176217506,0.0719457152709099,0.04230971724651866,336.6249349333483
Simulation_000002,Aluminium 6061,77.02537176217506,0.07583467285312125,0.04230971724651866,336.7835267690713
Simulation_000002,Aluminium 6061,77.02537176217506,0.0797236304353326,0.04230971724651866,336.94877273531307
Simulation_000002,Aluminium 6061,77.02537176217506,0.08361258801754394,0.04230971724651866,337.12025660203744
Simulation_000002,Aluminium 6061,77.02537176217506,0.08750154559975529,0.04230971724651866,337.29745018662186
Simulation_000002,Aluminium 6061,77.02537176217506,0.09139050318196663,0.04230971724651866,337.4796930126899
Simulation_000002,Aluminium 6061,77.02537176217506,0.09527946076417797,0.04230971724651866,337.6661697873813
Simulation_000002,Aluminium 6061,77.02537176217506,0.09916841834638931,0.04230971724651866,337.85588610627053
Simulation_000002,Aluminium 6061,77.02537176217506,0.10305737592860066,0.04230971724651866,338.0476432139568
Simulation_000002,Aluminium 6061,77.02537176217506,0.10694633351081201,0.04230971724651866,338.24001323722206
Simulation_000002,Aluminium 6061,77.02537176217506,0.11083529109302336,0.04230971724651866,338.4313170877076
Simulation_000002,Aluminium 6061,77.02537176217506,0.1147242486752347,0.04230971724651866,338.61960819407153
Simulation_000002,Aluminium 6061,77.02537176217506,0.11861320625744605,0.04230971724651866,338.8026663045253
Simulation_000002,Aluminium 6061,77.02537176217506,0.1225021638396574,0.04230971724651866,338.9780066419167
Simulation_000002,Aluminium 6061,77.02537176217506,0.12639112142186876,0.04230971724651866,339.1429104084831
Simulation_000002,Aluminium 6061,77.02537176217506,0.1302800790040801,0.04230971724651866,339.2944825921873
Simulation_000002,Aluminium 6061,77.02537176217506,0.13416903658629145,0.04230971724651866,339.42974167406834
Simulation_000002,Aluminium 6061,77.02537176217506,0.13805799416850278,0.04230971724651866,339.54574264640814
Simulation_000002,Aluminium 6061,77.02537176217506,0.14194695175071415,0.04230971724651866,339.63972947286055
Simulation_000002,Aluminium 6061,77.02537176217506,0.14583590933292548,0.04230971724651866,339.70930614662734
Simulation_000002,Aluminium 6061,77.02537176217506,0.14972486691513684,0.04230971724651866,339.7526081967219
Simulation_000002,Aluminium 6061,77.02537176217506,0.15361382449734817,0.04230971724651866,339.7684511958027
Simulation_000002,Aluminium 6061,77.02537176217506,0.15750278207955953,0.04230971724651866,339.75643220968277
Simulation_000002,Aluminium 6061,77.02537176217506,0.16139173966177087,0.04230971724651866,339.71696588535775
Simulation_000002,Aluminium 6061,77.02537176217506,0.16528069724398223,0.04230971724651866,339.65124831069556
Simulation_000002,Aluminium 6061,77.02537176217506,0.16916965482619356,0.04230971724651866,339.56115551272694
Simulation_000002,Aluminium 6061,77.02537176217506,0.17305861240840492,0.04230971724651866,339.44909489777893
Simulation_000002,Aluminium 6061,77.02537176217506,0.17694756999061625,0.04230971724651866,339.31783369343896
Simulation_000002,Aluminium 6061,77.02537176217506,0.18083652757282762,0.04230971724651866,339.17032783896724
Simulation_000002,Aluminium 6061,77.02537176217506,0.18472548515503895,0.04230971724651866,339.0095694742343
Simulation_000002,Aluminium 6061,77.02537176217506,0.18861444273725028,0.04230971724651866,338.83846387122736
Simulation_000002,Aluminium 6061,77.02537176217506,0.19250340031946164,0.04230971724651866,338.65973967713063
Simulation_000002,Aluminium 6061,77.02537176217506,0.19639235790167298,0.04230971724651866,338.475891059346
Simulation_000002,Aluminium 6061,77.02537176217506,0.20028131548388434,0.04230971724651866,338.2891471532192
Simulation_000002,Aluminium 6061,77.02537176217506,0.20417027306609567,0.04230971724651866,338.1014628607718
Simulation_000002,Aluminium 6061,77.02537176217506,0.20805923064830703,0.04230971724651866,337.9145250035631
Simulation_000002,Aluminium 6061,77.02537176217506,0.21194818823051836,0.04230971724651866,337.7297685477833
Simulation_000002,Aluminium 6061,77.02537176217506,0.21583714581272972,0.04230971724651866,337.54839866097996
Simulation_000002,Aluminium 6061,77.02537176217506,0.21972610339494106,0.04230971724651866,337.37141544078145
Simulation_000002,Aluminium 6061,77.02537176217506,0.22361506097715242,0.04230971724651866,337.1996391190229
Simulation_000002,Aluminium 6061,77.02537176217506,0.22750401855936375,0.04230971724651866,337.0337343247604
Simulation_000002,Aluminium 6061,77.02537176217506,0.2313929761415751,0.04230971724651866,336.8742325785625
Simulation_000002,Aluminium 6061,77.02537176217506,0.23528193372378645,0.04230971724651866,336.7215526093035
Simulation_000002,Aluminium 6061,77.02537176217506,0.2391708913059978,0.04230971724651866,336.57601836587395
Simulation_000002,Aluminium 6061,77.02537176217506,0.24305984888820914,0.04230971724651866,336.4378747731527
Simulation_000002,Aluminium 6061,77.02537176217506,0.2469488064704205,0.04230971724651866,336.30730138363555
Simulation_000002,Aluminium 6061,77.02537176217506,0.2508377640526318,0.04230971724651866,336.18442412688495
Simulation_000002,Aluminium 6061,77.02537176217506,0.25472672163484317,0.04230971724651866,336.069325376301
Simulation_000002,Aluminium 6061,77.02537176217506,0.2586156792170545,0.04230971724651866,335.9620525494616
Simulation_000002,Aluminium 6061,77.02537176217506,0.26250463679926583,0.04230971724651866,335.8626254433305
Simulation_000002,Aluminium 6061,77.02537176217506,0.2663935943814772,0.04230971724651866,335.77104248489155
Simulation_000002,Aluminium 6061,77.02537176217506,0.27028255196368856,0.04230971724651866,335.68728605499695
Simulation_000002,Aluminium 6061,77.02537176217506,0.27417150954589986,0.04230971724651866,335.611327020687
Simulation_000002,Aluminium 6061,77.02537176217506,0.2780604671281112,0.04230971724651866,335.5431285902116
Simulation_000002,Aluminium 6061,77.02537176217506,0.2819494247103226,0.04230971724651866,335.48264958607746
Simulation_000002,Aluminium 6061,77.02537176217506,0.28583838229253394,0.04230971724651866,335.42984721485567
Simulation_000002,Aluminium 6061,77.02537176217506,0.28972733987474525,0.04230971724651866,335.3846793981814
Simulation_000002,Aluminium 6061,77.02537176217506,0.2936162974569566,0.04230971724651866,335.3471067171734
Simulation_000002,Aluminium 6061,77.02537176217506,0.29750525503916797,0.04230971724651866,335.31709401216125
Simulation_000002,Aluminium 6061,77.02537176217506,0.30139421262137933,0.04230971724651866,335.2946116708611
Simulation_000002,Aluminium 6061,77.02537176217506,0.30528317020359064,0.04230971724651866,335.27963663071375
Simulation_000002,Aluminium 6061,77.02537176217506,0.309172127785802,0.04230971724651866,335.2721531147407
Simulation_000002,Aluminium 6061,77.02537176217506,0.0019444787911056729,0.04487394253418646,335.05951191161176
Simulation_000002,Aluminium 6061,77.02537176217506,0.005833436373317019,0.04487394253418646,335.0830336246727
Simulation_000002,Aluminium 6061,77.02537176217506,0.009722393955528366,0.04487394253418646,335.11411655426514
Simulation_000002,Aluminium 6061,77.02537176217506,0.013611351537739711,0.04487394253418646,335.15277869292
Simulation_000002,Aluminium 6061,77.02537176217506,0.017500309119951058,0.04487394253418646,335.19904639359396
Simulation_000002,Aluminium 6061,77.02537176217506,0.021389266702162405,0.04487394253418646,335.2529535910303
Simulation_000002,Aluminium 6061,77.02537176217506,0.02527822428437375,0.04487394253418646,335.31454073670363
Simulation_000002,Aluminium 6061,77.02537176217506,0.029167181866585096,0.04487394253418646,335.38385342265804
Simulation_000002,Aluminium 6061,77.02537176217506,0.03305613944879644,0.04487394253418646,335.4609406612437
Simulation_000002,Aluminium 6061,77.02537176217506,0.03694509703100779,0.04487394253418646,335.54585277794484
Simulation_000002,Aluminium 6061,77.02537176217506,0.04083405461321914,0.04487394253418646,335.63863886279245
Simulation_000002,Aluminium 6061,77.02537176217506,0.044723012195430484,0.04487394253418646,335.7393437118699
Simulation_000002,Aluminium 6061,77.02537176217506,0.048611969777641824,0.04487394253418646,335.8480041737345
Simulation_000002,Aluminium 6061,77.02537176217506,0.05250092735985317,0.04487394253418646,335.964644795801
Simulation_000002,Aluminium 6061,77.02537176217506,0.05638988494206452,0.04487394253418646,336.0892726425627
Simulation_000002,Aluminium 6061,77.02537176217506,0.060278842524275865,0.04487394253418646,336.221871130841
Simulation_000002,Aluminium 6061,77.02537176217506,0.0641678001064872,0.04487394253418646,336.3623926972691
Simulation_000002,Aluminium 6061,77.02537176217506,0.06805675768869855,0.04487394253418646,336.5107500807668
Simulation_000002,Aluminium 6061,77.02537176217506,0.0719457152709099,0.04487394253418646,336.6668059696406
Simulation_000002,Aluminium 6061,77.02537176217506,0.07583467285312125,0.04487394253418646,336.8303607325073
Simulation_000002,Aluminium 6061,77.02537176217506,0.0797236304353326,0.04487394253418646,337.00113793015817
Simulation_000002,Aluminium 6061,77.02537176217506,0.08361258801754394,0.04487394253418646,337.17876730086925
Simulation_000002,Aluminium 6061,77.02537176217506,0.08750154559975529,0.04487394253418646,337.36276493842456
Simulation_000002,Aluminium 6061,77.02537176217506,0.09139050318196663,0.04487394253418646,337.55251046064313
Simulation_000002,Aluminium 6061,77.02537176217506,0.09527946076417797,0.04487394253418646,337.7472211250378
Simulation_000002,Aluminium 6061,77.02537176217506,0.09916841834638931,0.04487394253418646,337.94592312532745
Simulation_000002,Aluminium 6061,77.02537176217506,0.10305737592860066,0.04487394253418646,338.1474207448429
Simulation_000002,Aluminium 6061,77.02537176217506,0.10694633351081201,0.04487394253418646,338.3502647026354
Simulation_000002,Aluminium 6061,77.02537176217506,0.11083529109302336,0.04487394253418646,338.55272195253445
Simulation_000002,Aluminium 6061,77.02537176217506,0.1147242486752347,0.04487394253418646,338.7527504061173
Simulation_000002,Aluminium 6061,77.02537176217506,0.11861320625744605,0.04487394253418646,338.947983508198
Simulation_000002,Aluminium 6061,77.02537176217506,0.1225021638396574,0.04487394253418646,339.1357311457434
Simulation_000002,Aluminium 6061,77.02537176217506,0.12639112142186876,0.04487394253418646,339.31300468977554
Simulation_000002,Aluminium 6061,77.02537176217506,0.1302800790040801,0.04487394253418646,339.4765744976147
Simulation_000002,Aluminium 6061,77.02537176217506,0.13416903658629145,0.04487394253418646,339.62306715776333
Simulation_000002,Aluminium 6061,77.02537176217506,0.13805799416850278,0.04487394253418646,339.74910627019153
Simulation_000002,Aluminium 6061,77.02537176217506,0.14194695175071415,0.04487394253418646,339.8514940044353
Simulation_000002,Aluminium 6061,77.02537176217506,0.14583590933292548,0.04487394253418646,339.92742127447707
Simulation_000002,Aluminium 6061,77.02537176217506,0.14972486691513684,0.04487394253418646,339.97468376843517
Simulation_000002,Aluminium 6061,77.02537176217506,0.15361382449734817,0.04487394253418646,339.9918726066127
Simulation_000002,Aluminium 6061,77.02537176217506,0.15750278207955953,0.04487394253418646,339.9785063030651
Simulation_000002,Aluminium 6061,77.02537176217506,0.16139173966177087,0.04487394253418646,339.93507802890485
Simulation_000002,Aluminium 6061,77.02537176217506,0.16528069724398223,0.04487394253418646,339.86300829627163
Simulation_000002,Aluminium 6061,77.02537176217506,0.16916965482619356,0.04487394253418646,339.76451294411544
Simulation_000002,Aluminium 6061,77.02537176217506,0.17305861240840492,0.04487394253418646,339.64241242765314
Simulation_000002,Aluminium 6061,77.02537176217506,0.17694756999061625,0.04487394253418646,339.49991573642507
Simulation_000002,Aluminium 6061,77.02537176217506,0.18083652757282762,0.04487394253418646,339.3404101674954
Simulation_000002,Aluminium 6061,77.02537176217506,0.18472548515503895,0.04487394253418646,339.16727971587903
Simulation_000002,Aluminium 6061,77.02537176217506,0.18861444273725028,0.04487394253418646,338.98376424334657
Simulation_000002,Aluminium 6061,77.02537176217506,0.19250340031946164,0.04487394253418646,338.79286218333937
Simulation_000002,Aluminium 6061,77.02537176217506,0.19639235790167298,0.04487394253418646,338.59727298939316
Simulation_000002,Aluminium 6061,77.02537176217506,0.20028131548388434,0.04487394253418646,338.3993720449548
Simulation_000002,Aluminium 6061,77.02537176217506,0.20417027306609567,0.04487394253418646,338.20120970744426
Simulation_000002,Aluminium 6061,77.02537176217506,0.20805923064830703,0.04487394253418646,338.00452668723455
Simulation_000002,Aluminium 6061,77.02537176217506,0.21194818823051836,0.04487394253418646,337.8107792809002
Simulation_000002,Aluminium 6061,77.02537176217506,0.21583714581272972,0.04487394253418646,337.6211695304114
Simulation_000002,Aluminium 6061,77.02537176217506,0.21972610339494106,0.04487394253418646,337.4366768376217
Simulation_000002,Aluminium 6061,77.02537176217506,0.22361506097715242,0.04487394253418646,337.2580887741389
Simulation_000002,Aluminium 6061,77.02537176217506,0.22750401855936375,0.04487394253418646,337.0860297511373
Simulation_000002,Aluminium 6061,77.02537176217506,0.2313929761415751,0.04487394253418646,336.9209868734542
Simulation_000002,Aluminium 6061,77.02537176217506,0.23528193372378645,0.04487394253418646,336.76333274466634
Simulation_000002,Aluminium 6061,77.02537176217506,0.2391708913059978,0.04487394253418646,336.613345266951
Simulation_000002,Aluminium 6061,77.02537176217506,0.24305984888820914,0.04487394253418646,336.4712246384006
Simulation_000002,Aluminium 6061,77.02537176217506,0.2469488064704205,0.04487394253418646,336.33710782900255
Simulation_000002,Aluminium 6061,77.02537176217506,0.2508377640526318,0.04487394253418646,336.2110808432781
Simulation_000002,Aluminium 6061,77.02537176217506,0.25472672163484317,0.04487394253418646,336.09318907298456
Simulation_000002,Aluminium 6061,77.02537176217506,0.2586156792170545,0.04487394253418646,335.98344602122427
Simulation_000002,Aluminium 6061,77.02537176217506,0.26250463679926583,0.04487394253418646,335.8818406488914
Simulation_000002,Aluminium 6061,77.02537176217506,0.2663935943814772,0.04487394253418646,335.788343561292
Simulation_000002,Aluminium 6061,77.02537176217506,0.27028255196368856,0.04487394253418646,335.70291222035456
Simulation_000002,Aluminium 6061,77.02537176217506,0.27417150954589986,0.04487394253418646,335.6254953379077
Simulation_000002,Aluminium 6061,77.02537176217506,0.2780604671281112,0.04487394253418646,335.55603657886275
Simulation_000002,Aluminium 6061,77.02537176217506,0.2819494247103226,0.04487394253418646,335.4944776800391
Simulation_000002,Aluminium 6061,77.02537176217506,0.28583838229253394,0.04487394253418646,335.4407610706804
Simulation_000002,Aluminium 6061,77.02537176217506,0.28972733987474525,0.04487394253418646,335.39483206414087
Simulation_000002,Aluminium 6061,77.02537176217506,0.2936162974569566,0.04487394253418646,335.35664067638095
Simulation_000002,Aluminium 6061,77.02537176217506,0.29750525503916797,0.04487394253418646,335.3261431154154
Simulation_000002,Aluminium 6061,77.02537176217506,0.30139421262137933,0.04487394253418646,335.3033029762929
Simulation_000002,Aluminium 6061,77.02537176217506,0.30528317020359064,0.04487394253418646,335.28809216821304
Simulation_000002,Aluminium 6061,77.02537176217506,0.309172127785802,0.04487394253418646,335.280491593659
Simulation_000002,Aluminium 6061,77.02537176217506,0.0019444787911056729,0.04743816782185426,335.06904408551696
Simulation_000002,Aluminium 6061,77.02537176217506,0.005833436373317019,0.04743816782185426,335.0927004054481
Simulation_000002,Aluminium 6061,77.02537176217506,0.009722393955528366,0.04743816782185426,335.12405446396576
Simulation_000002,Aluminium 6061,77.02537176217506,0.013611351537739711,0.04743816782185426,335.16312810697536
Simulation_000002,Aluminium 6061,77.02537176217506,0.017500309119951058,0.04743816782185426,335.20995352497687
Simulation_000002,Aluminium 6061,77.02537176217506,0.021389266702162405,0.04743816782185426,335.2645725432859
Simulation_000002,Aluminium 6061,77.02537176217506,0.02527822428437375,0.04743816782185426,335.32703564849436
Simulation_000002,Aluminium 6061,77.02537176217506,0.029167181866585096,0.04743816782185426,335.3974007260138
Simulation_000002,Aluminium 6061,77.02537176217506,0.03305613944879644,0.04743816782185426,335.4757314748256
Simulation_000002,Aluminium 6061,77.02537176217506,0.03694509703100779,0.04743816782185426,335.5620954551014
Simulation_000002,Aluminium 6061,77.02537176217506,0.04083405461321914,0.04743816782185426,335.6565617116722
Simulation_000002,Aluminium 6061,77.02537176217506,0.044723012195430484,0.04743816782185426,335.75919790088136
Simulation_000002,Aluminium 6061,77.02537176217506,0.048611969777641824,0.04743816782185426,335.87006682958304
Simulation_000002,Aluminium 6061,77.02537176217506,0.05250092735985317,0.04743816782185426,335.98922229230146
Simulation_000002,Aluminium 6061,77.02537176217506,0.05638988494206452,0.04743816782185426,336.11670406526554
Simulation_000002,Aluminium 6061,77.02537176217506,0.060278842524275865,0.04743816782185426,336.25253188363604
Simulation_000002,Aluminium 6061,77.02537176217506,0.0641678001064872,0.04743816782185426,336.39669819050454
Simulation_000002,Aluminium 6061,77.02537176217506,0.06805675768869855,0.04743816782185426,336.5491594033568
Simulation_000002,Aluminium 6061,77.02537176217506,0.0719457152709099,0.04743816782185426,336.709825396772
Simulation_000002,Aluminium 6061,77.02537176217506,0.07583467285312125,0.04743816782185426,336.8785468517579
Simulation_000002,Aluminium 6061,77.02537176217506,0.0797236304353326,0.04743816782185426,337.0551000772836
Simulation_000002,Aluminium 6061,77.02537176217506,0.08361258801754394,0.04743816782185426,337.2391688769861
Simulation_000002,Aluminium 6061,77.02537176217506,0.08750154559975529,0.04743816782185426,337.4303230279436
Simulation_000002,Aluminium 6061,77.02537176217506,0.09139050318196663,0.04743816782185426,337.62799298101356
Simulation_000002,Aluminium 6061,77.02537176217506,0.09527946076417797,0.04743816782185426,337.8314405165127
Simulation_000002,Aluminium 6061,77.02537176217506,0.09916841834638931,0.04743816782185426,338.03972534161034
Simulation_000002,Aluminium 6061,77.02537176217506,0.10305737592860066,0.04743816782185426,338.25166805894105
Simulation_000002,Aluminium 6061,77.02537176217506,0.10694633351081201,0.04743816782185426,338.4658106460654
Simulation_000002,Aluminium 6061,77.02537176217506,0.11083529109302336,0.04743816782185426,338.68037664483916
Simulation_000002,Aluminium 6061,77.02537176217506,0.1147242486752347,0.04743816782185426,338.8932347352824
Simulation_000002,Aluminium 6061,77.02537176217506,0.11861320625744605,0.04743816782185426,339.1018712690916
Simulation_000002,Aluminium 6061,77.02537176217506,0.1225021638396574,0.04743816782185426,339.3033795440027
Simulation_000002,Aluminium 6061,77.02537176217506,0.12639112142186876,0.04743816782185426,339.49447576481623
Simulation_000002,Aluminium 6061,77.02537176217506,0.1302800790040801,0.04743816782185426,339.6715530776646
Simulation_000002,Aluminium 6061,77.02537176217506,0.13416903658629145,0.04743816782185426,339.83078470543404
Simulation_000002,Aluminium 6061,77.02537176217506,0.13805799416850278,0.04743816782185426,339.968283690752
Simulation_000002,Aluminium 6061,77.02537176217506,0.14194695175071415,0.04743816782185426,340.0803188406055
Simulation_000002,Aluminium 6061,77.02537176217506,0.14583590933292548,0.04743816782185426,340.1635739150533
Simulation_000002,Aluminium 6061,77.02537176217506,0.14972486691513684,0.04743816782185426,340.2154217571954
Simulation_000002,Aluminium 6061,77.02537176217506,0.15361382449734817,0.04743816782185426,340.23417159031567
Simulation_000002,Aluminium 6061,77.02537176217506,0.15750278207955953,0.04743816782185426,340.2192427963678
Simulation_000002,Aluminium 6061,77.02537176217506,0.16139173966177087,0.04743816782185426,340.171227650567
Simulation_000002,Aluminium 6061,77.02537176217506,0.16528069724398223,0.04743816782185426,340.09182853362375
Simulation_000002,Aluminium 6061,77.02537176217506,0.16916965482619356,0.04743816782185426,339.9836841001528
Simulation_000002,Aluminium 6061,77.02537176217506,0.17305861240840492,0.04743816782185426,339.8501219285669
Simulation_000002,Aluminium 6061,77.02537176217506,0.17694756999061625,0.04743816782185426,339.694884338365
Simulation_000002,Aluminium 6061,77.02537176217506,0.18083652757282762,0.04743816782185426,339.52186914898545
Simulation_000002,Aluminium 6061,77.02537176217506,0.18472548515503895,0.04743816782185426,339.3349136831631
Simulation_000002,Aluminium 6061,77.02537176217506,0.18861444273725028,0.04743816782185426,339.1376349724408
Simulation_000002,Aluminium 6061,77.02537176217506,0.19250340031946164,0.04743816782185426,338.93332657090485
Simulation_000002,Aluminium 6061,77.02537176217506,0.19639235790167298,0.04743816782185426,338.72490447088126
Simulation_000002,Aluminium 6061,77.02537176217506,0.20028131548388434,0.04743816782185426,338.51489109285995
Simulation_000002,Aluminium 6061,77.02537176217506,0.20417027306609567,0.04743816782185426,338.3054259632561
Simulation_000002,Aluminium 6061,77.02537176217506,0.20805923064830703,0.04743816782185426,338.09829313442356
Simulation_000002,Aluminium 6061,77.02537176217506,0.21194818823051836,0.04743816782185426,337.8949575659519
Simulation_000002,Aluminium 6061,77.02537176217506,0.21583714581272972,0.04743816782185426,337.6966048923774
Simulation_000002,Aluminium 6061,77.02537176217506,0.21972610339494106,0.04743816782185426,337.5041809030094
Simulation_000002,Aluminium 6061,77.02537176217506,0.22361506097715242,0.04743816782185426,337.3184285351294
Simulation_000002,Aluminium 6061,77.02537176217506,0.22750401855936375,0.04743816782185426,337.1399212412796
Simulation_000002,Aluminium 6061,77.02537176217506,0.2313929761415751,0.04743816782185426,336.96909230149845
Simulation_000002,Aluminium 6061,77.02537176217506,0.23528193372378645,0.04743816782185426,336.8062600945187
Simulation_000002,Aluminium 6061,77.02537176217506,0.2391708913059978,0.04743816782185426,336.65164959455956
Simulation_000002,Aluminium 6061,77.02537176217506,0.24305984888820914,0.04743816782185426,336.50541048463924
Simulation_000002,Aluminium 6061,77.02537176217506,0.2469488064704205,0.04743816782185426,336.3676323199584
Simulation_000002,Aluminium 6061,77.02537176217506,0.2508377640526318,0.04743816782185426,336.2383571688403
Simulation_000002,Aluminium 6061,77.02537176217506,0.25472672163484317,0.04743816782185426,336.11759012613845
Simulation_000002,Aluminium 6061,77.02537176217506,0.2586156792170545,0.04743816782185426,336.00530804920743
Simulation_000002,Aluminium 6061,77.02537176217506,0.26250463679926583,0.04743816782185426,335.9014668181736
Simulation_000002,Aluminium 6061,77.02537176217506,0.2663935943814772,0.04743816782185426,335.80600737534394
Simulation_000002,Aluminium 6061,77.02537176217506,0.27028255196368856,0.04743816782185426,335.7188607557326
Simulation_000002,Aluminium 6061,77.02537176217506,0.27417150954589986,0.04743816782185426,335.6399522829745
Simulation_000002,Aluminium 6061,77.02537176217506,0.2780604671281112,0.04743816782185426,335.5692050725497
Simulation_000002,Aluminium 6061,77.02537176217506,0.2819494247103226,0.04743816782185426,335.5065429569918
Simulation_000002,Aluminium 6061,77.02537176217506,0.28583838229253394,0.04743816782185426,335.45189292509804
Simulation_000002,Aluminium 6061,77.02537176217506,0.28972733987474525,0.04743816782185426,335.4051871484828
Simulation_000002,Aluminium 6061,77.02537176217506,0.2936162974569566,0.04743816782185426,335.36636465352314
Simulation_000002,Aluminium 6061,77.02537176217506,0.29750525503916797,0.04743816782185426,335.3353726842487
Simulation_000002,Aluminium 6061,77.02537176217506,0.30139421262137933,0.04743816782185426,335.3121677915173
Simulation_000002,Aluminium 6061,77.02537176217506,0.30528317020359064,0.04743816782185426,335.29671667542806
Simulation_000002,Aluminium 6061,77.02537176217506,0.309172127785802,0.04743816782185426,335.28899680096305
Simulation_000002,Aluminium 6061,77.02537176217506,0.0019444787911056729,0.05000239310952206,335.0787052924383
Simulation_000002,Aluminium 6061,77.02537176217506,0.005833436373317019,0.05000239310952206,335.1024980059373
Simulation_000002,Aluminium 6061,77.02537176217506,0.009722393955528366,0.05000239310952206,335.13412682588984
Simulation_000002,Aluminium 6061,77.02537176217506,0.013611351537739711,0.05000239310952206,335.17361757244333
Simulation_000002,Aluminium 6061,77.02537176217506,0.017500309119951058,0.05000239310952206,335.2210084616701
Simulation_000002,Aluminium 6061,77.02537176217506,0.021389266702162405,0.05000239310952206,335.27634947309144
Simulation_000002,Aluminium 6061,77.02537176217506,0.02527822428437375,0.05000239310952206,335.33970147954346
Simulation_000002,Aluminium 6061,77.02537176217506,0.029167181866585096,0.05000239310952206,335.4111351143314
Simulation_000002,Aluminium 6061,77.02537176217506,0.03305613944879644,0.05000239310952206,335.49072934167117
Simulation_000002,Aluminium 6061,77.02537176217506,0.03694509703100779,0.05000239310952206,335.5785696855134
Simulation_000002,Aluminium 6061,77.02537176217506,0.04083405461321914,0.05000239310952206,335.67474605839584
Simulation_000002,Aluminium 6061,77.02537176217506,0.044723012195430484,0.05000239310952206,335.7793501153383
Simulation_000002,Aluminium 6061,77.02537176217506,0.048611969777641824,0.05000239310952206,335.89247203718145
Simulation_000002,Aluminium 6061,77.02537176217506,0.05250092735985317,0.05000239310952206,336.01419662233826
Simulation_000002,Aluminium 6061,77.02537176217506,0.05638988494206452,0.05000239310952206,336.14459853469754
Simulation_000002,Aluminium 6061,77.02537176217506,0.060278842524275865,0.05000239310952206,336.2837365174478
Simulation_000002,Aluminium 6061,77.02537176217506,0.0641678001064872,0.05000239310952206,336.4316463369841
Simulation_000002,Aluminium 6061,77.02537176217506,0.06805675768869855,0.05000239310952206,336.5883321672712
Simulation_000002,Aluminium 6061,77.02537176217506,0.0719457152709099,0.05000239310952206,336.75375606318306
Simulation_000002,Aluminium 6061,77.02537176217506,0.07583467285312125,0.05000239310952206,336.9278251028652
Simulation_000002,Aluminium 6061,77.02537176217506,0.0797236304353326,0.05000239310952206,337.1103757077828
Simulation_000002,Aluminium 6061,77.02537176217506,0.08361258801754394,0.05000239310952206,337.301154582359
Simulation_000002,Aluminium 6061,77.02537176217506,0.08750154559975529,0.05000239310952206,337.4997956665307
Simulation_000002,Aluminium 6061,77.02537176217506,0.09139050318196663,0.05000239310952206,337.7057924869061
Simulation_000002,Aluminium 6061,77.02537176217506,0.09527946076417797,0.05000239310952206,337.918465361634
Simulation_000002,Aluminium 6061,77.02537176217506,0.09916841834638931,0.05000239310952206,338.136923115153
Simulation_000002,Aluminium 6061,77.02537176217506,0.10305737592860066,0.05000239310952206,338.3600193696946
Simulation_000002,Aluminium 6061,77.02537176217506,0.10694633351081201,0.05000239310952206,338.5863042050996
Simulation_000002,Aluminium 6061,77.02537176217506,0.11083529109302336,0.05000239310952206,338.81397314390296
Simulation_000002,Aluminium 6061,77.02537176217506,0.1147242486752347,0.05000239310952206,339.0408171551083
Simulation_000002,Aluminium 6061,77.02537176217506,0.11861320625744605,0.05000239310952206,339.2641797654788
Simulation_000002,Aluminium 6061,77.02537176217506,0.1225021638396574,0.05000239310952206,339.48093037787027
Simulation_000002,Aluminium 6061,77.02537176217506,0.12639112142186876,0.05000239310952206,339.68746620333224
Simulation_000002,Aluminium 6061,77.02537176217506,0.1302800790040801,0.05000239310952206,339.8797580350933
Simulation_000002,Aluminium 6061,77.02537176217506,0.13416903658629145,0.05000239310952206,340.0534560129915
Simulation_000002,Aluminium 6061,77.02537176217506,0.13805799416850278,0.05000239310952206,340.2040685073537
Simulation_000002,Aluminium 6061,77.02537176217506,0.14194695175071415,0.05000239310952206,340.32721808496984
Simulation_000002,Aluminium 6061,77.02537176217506,0.14583590933292548,0.05000239310952206,340.4189620176928
Simulation_000002,Aluminium 6061,77.02537176217506,0.14972486691513684,0.05000239310952206,340.4761426751923
Simulation_000002,Aluminium 6061,77.02537176217506,0.15361382449734817,0.05000239310952206,340.4967117588462
Simulation_000002,Aluminium 6061,77.02537176217506,0.15750278207955953,0.05000239310952206,340.47996221190107
Simulation_000002,Aluminium 6061,77.02537176217506,0.16139173966177087,0.05000239310952206,340.42661272010616
Simulation_000002,Aluminium 6061,77.02537176217506,0.16528069724398223,0.05000239310952206,340.33872315745197
Simulation_000002,Aluminium 6061,77.02537176217506,0.16916965482619356,0.05000239310952206,340.2194626224446
Simulation_000002,Aluminium 6061,77.02537176217506,0.17305861240840492,0.05000239310952206,340.07278515077854
Simulation_000002,Aluminium 6061,77.02537176217506,0.17694756999061625,0.05000239310952206,339.9030792693476
Simulation_000002,Aluminium 6061,77.02537176217506,0.18083652757282762,0.05000239310952206,339.71484743468983
Simulation_000002,Aluminium 6061,77.02537176217506,0.18472548515503895,0.05000239310952206,339.5124500144353
Simulation_000002,Aluminium 6061,77.02537176217506,0.18861444273725028,0.05000239310952206,339.2999263513284
Simulation_000002,Aluminium 6061,77.02537176217506,0.19250340031946164,0.05000239310952206,339.08088894730594
Simulation_000002,Aluminium 6061,77.02537176217506,0.19639235790167298,0.05000239310952206,338.8584776387679
Simulation_000002,Aluminium 6061,77.02537176217506,0.20028131548388434,0.05000239310952206,338.63535761464595
Simulation_000002,Aluminium 6061,77.02537176217506,0.20417027306609567,0.05000239310952206,338.41374604933446
Simulation_000002,Aluminium 6061,77.02537176217506,0.20805923064830703,0.05000239310952206,338.1954549439691
Simulation_000002,Aluminium 6061,77.02537176217506,0.21194818823051836,0.05000239310952206,337.9819410767577
Simulation_000002,Aluminium 6061,77.02537176217506,0.21583714581272972,0.05000239310952206,337.7743569737893
Simulation_000002,Aluminium 6061,77.02537176217506,0.21972610339494106,0.05000239310952206,337.57359920717926
Simulation_000002,Aluminium 6061,77.02537176217506,0.22361506097715242,0.05000239310952206,337.3803520638958
Simulation_000002,Aluminium 6061,77.02537176217506,0.22750401855936375,0.05000239310952206,337.19512579402857
Simulation_000002,Aluminium 6061,77.02537176217506,0.2313929761415751,0.05000239310952206,337.0182893719682
Simulation_000002,Aluminium 6061,77.02537176217506,0.23528193372378645,0.05000239310952206,336.8500981146897
Simulation_000002,Aluminium 6061,77.02537176217506,0.2391708913059978,0.05000239310952206,336.6907167024059
Simulation_000002,Aluminium 6061,77.02537176217506,0.24305984888820914,0.05000239310952206,336.54023821630017
Simulation_000002,Aluminium 6061,77.02537176217506,0.2469488064704205,0.05000239310952206,336.3986998004176
Simulation_000002,Aluminium 6061,77.02537176217506,0.2508377640526318,0.05000239310952206,336.26609550622715
Simulation_000002,Aluminium 6061,77.02537176217506,0.25472672163484317,0.05000239310952206,336.1423868116218
Simulation_000002,Aluminium 6061,77.02537176217506,0.2586156792170545,0.05000239310952206,336.0275112347499
Simulation_000002,Aluminium 6061,77.02537176217506,0.26250463679926583,0.05000239310952206,335.9213893946094
Simulation_000002,Aluminium 6061,77.02537176217506,0.2663935943814772,0.05000239310952206,335.82393080849596
Simulation_000002,Aluminium 6061,77.02537176217506,0.27028255196368856,0.05000239310952206,335.73503866262666
Simulation_000002,Aluminium 6061,77.02537176217506,0.27417150954589986,0.05000239310952206,335.6546137466793
Simulation_000002,Aluminium 6061,77.02537176217506,0.2780604671281112,0.05000239310952206,335.5825577050496
Simulation_000002,Aluminium 6061,77.02537176217506,0.2819494247103226,0.05000239310952206,335.518775726454
Simulation_000002,Aluminium 6061,77.02537176217506,0.28583838229253394,0.05000239310952206,335.4631787681341
Simulation_000002,Aluminium 6061,77.02537176217506,0.28972733987474525,0.05000239310952206,335.41568539041447
Simulation_000002,Aluminium 6061,77.02537176217506,0.2936162974569566,0.05000239310952206,335.3762232608532
Simulation_000002,Aluminium 6061,77.02537176217506,0.29750525503916797,0.05000239310952206,335.3447303739665
Simulation_000002,Aluminium 6061,77.02537176217506,0.30139421262137933,0.05000239310952206,335.3211560218371
Simulation_000002,Aluminium 6061,77.02537176217506,0.30528317020359064,0.05000239310952206,335.3054615422939
Simulation_000002,Aluminium 6061,77.02537176217506,0.309172127785802,0.05000239310952206,335.29762086429747
Simulation_000002,Aluminium 6061,77.02537176217506,0.0019444787911056729,0.05256661839718985,335.08844043593336
Simulation_000002,Aluminium 6061,77.02537176217506,0.005833436373317019,0.05256661839718985,335.11237047611553
Simulation_000002,Aluminium 6061,77.02537176217506,0.009722393955528366,0.05256661839718985,335.1442759716691
Simulation_000002,Aluminium 6061,77.02537176217506,0.013611351537739711,0.05256661839718985,335.1841868154507
Simulation_000002,Aluminium 6061,77.02537176217506,0.017500309119951058,0.05256661839718985,335.23214740343786
Simulation_000002,Aluminium 6061,77.02537176217506,0.021389266702162405,0.05256661839718985,335.2882160879182
Simulation_000002,Aluminium 6061,77.02537176217506,0.02527822428437375,0.05256661839718985,335.3524644226046
Simulation_000002,Aluminium 6061,77.02537176217506,0.029167181866585096,0.05256661839718985,335.4249761753615
Simulation_000002,Aluminium 6061,77.02537176217506,0.03305613944879644,0.05256661839718985,335.5058460752669
Simulation_000002,Aluminium 6061,77.02537176217506,0.03694509703100779,0.05256661839718985,335.5951782496251
Simulation_000002,Aluminium 6061,77.02537176217506,0.04083405461321914,0.05256661839718985,335.6930842926353
Simulation_000002,Aluminium 6061,77.02537176217506,0.044723012195430484,0.05256661839718985,335.7996808899108
Simulation_000002,Aluminium 6061,77.02537176217506,0.048611969777641824,0.05256661839718985,335.9150869009962
Simulation_000002,Aluminium 6061,77.02537176217506,0.05250092735985317,0.05256661839718985,336.0394197742912
Simulation_000002,Aluminium 6061,77.02537176217506,0.05638988494206452,0.05256661839718985,336.17279113408375
Simulation_000002,Aluminium 6061,77.02537176217506,0.060278842524275865,0.05256661839718985,336.31530133620106
Simulation_000002,Aluminium 6061,77.02537176217506,0.0641678001064872,0.05256661839718985,336.4670327355774
Simulation_000002,Aluminium 6061,77.02537176217506,0.06805675768869855,0.05256661839718985,336.62804134427535
Simulation_000002,Aluminium 6061,77.02537176217506,0.0719457152709099,0.05256661839718985,336.798346481097
Simulation_000002,Aluminium 6061,77.02537176217506,0.07583467285312125,0.05256661839718985,336.9779179237193
Simulation_000002,Aluminium 6061,77.02537176217506,0.0797236304353326,0.05256661839718985,337.1666599730897
Simulation_000002,Aluminium 6061,77.02537176217506,0.08361258801754394,0.05256661839718985,337.3643917329921
Simulation_000002,Aluminium 6061,77.02537176217506,0.08750154559975529,0.05256661839718985,337.57082280672745
Simulation_000002,Aluminium 6061,77.02537176217506,0.09139050318196663,0.05256661839718985,337.7855235392502
Simulation_000002,Aluminium 6061,77.02537176217506,0.09527946076417797,0.05256661839718985,338.007888923958
Simulation_000002,Aluminium 6061,77.02537176217506,0.09916841834638931,0.05256661839718985,338.2370954089303
Simulation_000002,Aluminium 6061,77.02537176217506,0.10305737592860066,0.05256661839718985,338.472050170331
Simulation_000002,Aluminium 6061,77.02537176217506,0.10694633351081201,0.05256661839718985,338.7113331048449
Simulation_000002,Aluminium 6061,77.02537176217506,0.11083529109302336,0.05256661839718985,338.9531330077002
Simulation_000002,Aluminium 6061,77.02537176217506,0.1147242486752347,0.05256661839718985,339.19518136202373
Simulation_000002,Aluminium 6061,77.02537176217506,0.11861320625744605,0.05256661839718985,339.43469007452626
Simulation_000002,Aluminium 6061,77.02537176217506,0.1225021638396574,0.05256661839718985,339.66830344642926
Simulation_000002,Aluminium 6061,77.02537176217506,0.12639112142186876,0.05256661839718985,339.8920794584671
Simulation_000002,Aluminium 6061,77.02537176217506,0.1302800790040801,0.05256661839718985,340.10152026604794
Simulation_000002,Aluminium 6061,77.02537176217506,0.13416903658629145,0.05256661839718985,340.29167488670987
Simulation_000002,Aluminium 6061,77.02537176217506,0.13805799416850278,0.05256661839718985,340.45733550381345
Simulation_000002,Aluminium 6061,77.02537176217506,0.14194695175071415,0.05256661839718985,340.59333890695206
Simulation_000002,Aluminium 6061,77.02537176217506,0.14583590933292548,0.05256661839718985,340.6949633896474
Simulation_000002,Aluminium 6061,77.02537176217506,0.14972486691513684,0.05256661839718985,340.75837977090515
Simulation_000002,Aluminium 6061,77.02537176217506,0.15361382449734817,0.05256661839718985,340.78108133214255
Simulation_000002,Aluminium 6061,77.02537176217506,0.15750278207955953,0.05256661839718985,340.76219780834845
Simulation_000002,Aluminium 6061,77.02537176217506,0.16139173966177087,0.05256661839718985,340.7026110653687
Simulation_000002,Aluminium 6061,77.02537176217506,0.16528069724398223,0.05256661839718985,340.60483936853933
Simulation_000002,Aluminium 6061,77.02537176217506,0.16916965482619356,0.05256661839718985,340.47272333750146
Simulation_000002,Aluminium 6061,77.02537176217506,0.17305861240840492,0.05256661839718985,340.31099595536324
Simulation_000002,Aluminium 6061,77.02537176217506,0.17694756999061625,0.05256661839718985,340.12483149341557
Simulation_000002,Aluminium 6061,77.02537176217506,0.18083652757282762,0.05256661839718985,339.91944855996167
Simulation_000002,Aluminium 6061,77.02537176217506,0.18472548515503895,0.05256661839718985,339.69980860677083
Simulation_000002,Aluminium 6061,77.02537176217506,0.18861444273725028,0.05256661839718985,339.4704195726902
Simulation_000002,Aluminium 6061,77.02537176217506,0.19250340031946164,0.05256661839718985,339.23523314404736
Simulation_000002,Aluminium 6061,77.02537176217506,0.19639235790167298,0.05256661839718985,338.9976142080343
Simulation_000002,Aluminium 6061,77.02537176217506,0.20028131548388434,0.05256661839718985,338.7603595170926
Simulation_000002,Aluminium 6061,77.02537176217506,0.20417027306609567,0.05256661839718985,338.52574566838734
Simulation_000002,Aluminium 6061,77.02537176217506,0.20805923064830703,0.05256661839718985,338.2955913197326
Simulation_000002,Aluminium 6061,77.02537176217506,0.21194818823051836,0.05256661839718985,338.07132335327293
Simulation_000002,Aluminium 6061,77.02537176217506,0.21583714581272972,0.05256661839718985,337.8540406521649
Simulation_000002,Aluminium 6061,77.02537176217506,0.21972610339494106,0.05256661839718985,337.64457206476857
Simulation_000002,Aluminium 6061,77.02537176217506,0.22361506097715242,0.05256661839718985,337.44352709008245
Simulation_000002,Aluminium 6061,77.02537176217506,0.22750401855936375,0.05256661839718985,337.2513390328484
Simulation_000002,Aluminium 6061,77.02537176217506,0.2313929761415751,0.05256661839718985,337.0683010609303
Simulation_000002,Aluminium 6061,77.02537176217506,0.23528193372378645,0.05256661839718985,336.89459593050526
Simulation_000002,Aluminium 6061,77.02537176217506,0.2391708913059978,0.05256661839718985,336.7303202602158
Simulation_000002,Aluminium 6061,77.02537176217506,0.24305984888820914,0.05256661839718985,336.57550422630106
Simulation_000002,Aluminium 6061,77.02537176217506,0.2469488064704205,0.05256661839718985,336.4301274771291
Simulation_000002,Aluminium 6061,77.02537176217506,0.2508377640526318,0.05256661839718985,336.2941319645964
Simulation_000002,Aluminium 6061,77.02537176217506,0.25472672163484317,0.05256661839718985,336.1674322830375
Simulation_000002,Aluminium 6061,77.02537176217506,0.2586156792170545,0.05256661839718985,336.0499240050954
Simulation_000002,Aluminium 6061,77.02537176217506,0.26250463679926583,0.05256661839718985,335.94149041380655
Simulation_000002,Aluminium 6061,77.02537176217506,0.2663935943814772,0.05256661839718985,335.84200795275734
Simulation_000002,Aluminium 6061,77.02537176217506,0.27028255196368856,0.05256661839718985,335.75135065142126
Simulation_000002,Aluminium 6061,77.02537176217506,0.27417150954589986,0.05256661839718985,335.6693937295827
Simulation_000002,Aluminium 6061,77.02537176217506,0.2780604671281112,0.05256661839718985,335.59601654159513
Simulation_000002,Aluminium 6061,77.02537176217506,0.2819494247103226,0.05256661839718985,335.53110498654115
Simulation_000002,Aluminium 6061,77.02537176217506,0.28583838229253394,0.05256661839718985,335.47455348268807
Simulation_000002,Aluminium 6061,77.02537176217506,0.28972733987474525,0.05256661839718985,335.42626658266323
Simulation_000002,Aluminium 6061,77.02537176217506,0.2936162974569566,0.05256661839718985,335.38616028838055
Simulation_000002,Aluminium 6061,77.02537176217506,0.29750525503916797,0.05256661839718985,335.3541631110025
Simulation_000002,Aluminium 6061,77.02537176217506,0.30139421262137933,0.05256661839718985,335.33021691033605
Simulation_000002,Aluminium 6061,77.02537176217506,0.30528317020359064,0.05256661839718985,335.31427753940017
Simulation_000002,Aluminium 6061,77.02537176217506,0.309172127785802,0.05256661839718985,335.3063153129384
Simulation_000002,Aluminium 6061,77.02537176217506,0.0019444787911056729,0.055130843684857656,335.09819404484665
Simulation_000002,Aluminium 6061,77.02537176217506,0.005833436373317019,0.055130843684857656,335.1222614703465
Simulation_000002,Aluminium 6061,77.02537176217506,0.009722393955528366,0.055130843684857656,335.15444379439907
Simulation_000002,Aluminium 6061,77.02537176217506,0.013611351537739711,0.055130843684857656,335.194775056319
Simulation_000002,Aluminium 6061,77.02537176217506,0.017500309119951058,0.055130843684857656,335.24330594899067
Simulation_000002,Aluminium 6061,77.02537176217506,0.021389266702162405,0.055130843684857656,335.30010336580835
Simulation_000002,Aluminium 6061,77.02537176217506,0.02527822428437375,0.055130843684857656,335.36524977256187
Simulation_000002,Aluminium 6061,77.02537176217506,0.029167181866585096,0.055130843684857656,335.4388423813847
Simulation_000002,Aluminium 6061,77.02537176217506,0.03305613944879644,0.055130843684857656,335.52099209513597
Simulation_000002,Aluminium 6061,77.02537176217506,0.03694509703100779,0.055130843684857656,335.61182217956855
Simulation_000002,Aluminium 6061,77.02537176217506,0.04083405461321914,0.055130843684857656,335.7114666065958
Simulation_000002,Aluminium 6061,77.02537176217506,0.044723012195430484,0.055130843684857656,335.82006799400966
Simulation_000002,Aluminium 6061,77.02537176217506,0.048611969777641824,0.055130843684857656,335.93777504398616
Simulation_000002,Aluminium 6061,77.02537176217506,0.05250092735985317,0.055130843684857656,336.06473935326954
Simulation_000002,Aluminium 6061,77.02537176217506,0.05638988494206452,0.055130843684857656,336.2011114303525
Simulation_000002,Aluminium 6061,77.02537176217506,0.060278842524275865,0.055130843684857656,336.3470357072637
Simulation_000002,Aluminium 6061,77.02537176217506,0.0641678001064872,0.055130843684857656,336.5026442733889
Simulation_000002,Aluminium 6061,77.02537176217506,0.06805675768869855,0.055130843684857656,336.66804898351427
Simulation_000002,Aluminium 6061,77.02537176217506,0.0719457152709099,0.055130843684857656,336.84333149938794
Simulation_000002,Aluminium 6061,77.02537176217506,0.07583467285312125,0.055130843684857656,337.02853071138526
Simulation_000002,Aluminium 6061,77.02537176217506,0.0797236304353326,0.055130843684857656,337.2236268535165
Simulation_000002,Aluminium 6061,77.02537176217506,0.08361258801754394,0.055130843684857656,337.42852147312294
Simulation_000002,Aluminium 6061,77.02537176217506,0.08750154559975529,0.055130843684857656,337.64301225390875
Simulation_000002,Aluminium 6061,77.02537176217506,0.09139050318196663,0.055130843684857656,337.8667615352572
Simulation_000002,Aluminium 6061,77.02537176217506,0.09527946076417797,0.055130843684857656,338.0992572568708
Simulation_000002,Aluminium 6061,77.02537176217506,0.09916841834638931,0.055130843684857656,338.3397650476457
Simulation_000002,Aluminium 6061,77.02537176217506,0.10305737592860066,0.055130843684857656,338.58727037461915
Simulation_000002,Aluminium 6061,77.02537176217506,0.10694633351081201,0.055130843684857656,338.84041023350056
Simulation_000002,Aluminium 6061,77.02537176217506,0.11083529109302336,0.055130843684857656,339.0973950332235
Simulation_000002,Aluminium 6061,77.02537176217506,0.1147242486752347,0.055130843684857656,339.3559234195421
Simulation_000002,Aluminium 6061,77.02537176217506,0.11861320625744605,0.055130843684857656,339.6130961646302
Simulation_000002,Aluminium 6061,77.02537176217506,0.1225021638396574,0.055130843684857656,339.8653402375133
Simulation_000002,Aluminium 6061,77.02537176217506,0.12639112142186876,0.055130843684857656,340.1083607943691
Simulation_000002,Aluminium 6061,77.02537176217506,0.1302800790040801,0.055130843684857656,340.33714640538483
Simulation_000002,Aluminium 6061,77.02537176217506,0.13416903658629145,0.055130843684857656,340.5460593529789
Simulation_000002,Aluminium 6061,77.02537176217506,0.13805799416850278,0.055130843684857656,340.7290443484123
Simulation_000002,Aluminium 6061,77.02537176217506,0.14194695175071415,0.055130843684857656,340.879979656298
Simulation_000002,Aluminium 6061,77.02537176217506,0.14583590933292548,0.055130843684857656,340.9931683525809
Simulation_000002,Aluminium 6061,77.02537176217506,0.14972486691513684,0.055130843684857656,341.0639226732189
Simulation_000002,Aluminium 6061,77.02537176217506,0.15361382449734817,0.055130843684857656,341.0891408963277
Simulation_000002,Aluminium 6061,77.02537176217506,0.15750278207955953,0.055130843684857656,341.0677392248188
Simulation_000002,Aluminium 6061,77.02537176217506,0.16139173966177087,0.055130843684857656,341.00081302865254
Simulation_000002,Aluminium 6061,77.02537176217506,0.16528069724398223,0.055130843684857656,340.891475548052
Simulation_000002,Aluminium 6061,77.02537176217506,0.16916965482619356,0.055130843684857656,340.7444259563809
Simulation_000002,Aluminium 6061,77.02537176217506,0.17305861240840492,0.055130843684857656,340.5653724236182
Simulation_000002,Aluminium 6061,77.02537176217506,0.17694756999061625,0.055130843684857656,340.36044771345564
Simulation_000002,Aluminium 6061,77.02537176217506,0.18083652757282762,0.055130843684857656,340.1357178713238
Simulation_000002,Aluminium 6061,77.02537176217506,0.18472548515503895,0.055130843684857656,339.89683104619456
Simulation_000002,Aluminium 6061,77.02537176217506,0.18861444273725028,0.055130843684857656,339.64880872067647
Simulation_000002,Aluminium 6061,77.02537176217506,0.19250340031946164,0.055130843684857656,339.39595536000445
Simulation_000002,Aluminium 6061,77.02537176217506,0.19639235790167298,0.055130843684857656,339.1418531330192
Simulation_000002,Aluminium 6061,77.02537176217506,0.20028131548388434,0.055130843684857656,338.88940987047374
Simulation_000002,Aluminium 6061,77.02537176217506,0.20417027306609567,0.055130843684857656,338.64093494414095
Simulation_000002,Aluminium 6061,77.02537176217506,0.20805923064830703,0.055130843684857656,338.3982253278673
Simulation_000002,Aluminium 6061,77.02537176217506,0.21194818823051836,0.055130843684857656,338.16265072594877
Simulation_000002,Aluminium 6061,77.02537176217506,0.21583714581272972,0.055130843684857656,337.9352316420918
Simulation_000002,Aluminium 6061,77.02537176217506,0.21972610339494106,0.055130843684857656,337.71670764418064
Simulation_000002,Aluminium 6061,77.02537176217506,0.22361506097715242,0.055130843684857656,337.50759517267295
Simulation_000002,Aluminium 6061,77.02537176217506,0.22750401855936375,0.055130843684857656,337.30823541139506
Simulation_000002,Aluminium 6061,77.02537176217506,0.2313929761415751,0.055130843684857656,337.11883330518856
Simulation_000002,Aluminium 6061,77.02537176217506,0.23528193372378645,0.055130843684857656,336.93948900580364
Simulation_000002,Aluminium 6061,77.02537176217506,0.2391708913059978,0.055130843684857656,336.77022301731813
Simulation_000002,Aluminium 6061,77.02537176217506,0.24305984888820914,0.055130843684857656,336.61099619845464
Simulation_000002,Aluminium 6061,77.02537176217506,0.2469488064704205,0.055130843684857656,336.4617256234767
Simulation_000002,Aluminium 6061,77.02537176217506,0.2508377640526318,0.055130843684857656,336.3222971406484
Simulation_000002,Aluminium 6061,77.02537176217506,0.25472672163484317,0.055130843684857656,336.1925753153484
Simulation_000002,Aluminium 6061,77.02537176217506,0.2586156792170545,0.055130843684857656,336.0724113115794
Simulation_000002,Aluminium 6061,77.02537176217506,0.26250463679926583,0.055130843684857656,335.96164915290177
Simulation_000002,Aluminium 6061,77.02537176217506,0.2663935943814772,0.055130843684857656,335.860130710925
Simulation_000002,Aluminium 6061,77.02537176217506,0.27028255196368856,0.055130843684857656,335.76769969425084
Simulation_000002,Aluminium 6061,77.02537176217506,0.27417150954589986,0.055130843684857656,335.6842048505839
Simulation_000002,Aluminium 6061,77.02537176217506,0.2780604671281112,0.055130843684857656,335.60950254702675
Simulation_000002,Aluminium 6061,77.02537176217506,0.2819494247103226,0.055130843684857656,335.54345885602993
Simulation_000002,Aluminium 6061,77.02537176217506,0.28583838229253394,0.055130843684857656,335.48595124506016
Simulation_000002,Aluminium 6061,77.02537176217506,0.28972733987474525,0.055130843684857656,335.43686994509784
Simulation_000002,Aluminium 6061,77.02537176217506,0.2936162974569566,0.055130843684857656,335.3961190552108
Simulation_000002,Aluminium 6061,77.02537176217506,0.29750525503916797,0.055130843684857656,335.36361742655333
Simulation_000002,Aluminium 6061,77.02537176217506,0.30139421262137933,0.055130843684857656,335.3392993583133
Simulation_000002,Aluminium 6061,77.02537176217506,0.30528317020359064,0.055130843684857656,335.323115129667
Simulation_000002,Aluminium 6061,77.02537176217506,0.309172127785802,0.055130843684857656,335.3150313851043
Simulation_000002,Aluminium 6061,77.02537176217506,0.0019444787911056729,0.05769506897252545,335.10791062964734
Simulation_000002,Aluminium 6061,77.02537176217506,0.005833436373317019,0.05769506897252545,335.1321146090331
Simulation_000002,Aluminium 6061,77.02537176217506,0.009722393955528366,0.05769506897252545,335.1645721209606
Simulation_000002,Aluminium 6061,77.02537176217506,0.013611351537739711,0.05769506897252545,335.2053213980021
Simulation_000002,Aluminium 6061,77.02537176217506,0.017500309119951058,0.05769506897252545,335.2544195061073
Simulation_000002,Aluminium 6061,77.02537176217506,0.021389266702162405,0.05769506897252545,335.31194199288865
Simulation_000002,Aluminium 6061,77.02537176217506,0.02527822428437375,0.05769506897252545,335.3779823971815
Simulation_000002,Aluminium 6061,77.02537176217506,0.029167181866585096,0.05769506897252545,335.45265159914504
Simulation_000002,Aluminium 6061,77.02537176217506,0.03305613944879644,0.05769506897252545,335.53607698191234
Simulation_000002,Aluminium 6061,77.02537176217506,0.03694509703100779,0.05769506897252545,335.6284013651792
Simulation_000002,Aluminium 6061,77.02537176217506,0.04083405461321914,0.05769506897252545,335.7297816573548
Simulation_000002,Aluminium 6061,77.02537176217506,0.044723012195430484,0.05769506897252545,335.840387154964
Simulation_000002,Aluminium 6061,77.02537176217506,0.048611969777641824,0.05769506897252545,335.9603973946228
Simulation_000002,Aluminium 6061,77.02537176217506,0.05250092735985317,0.05769506897252545,336.0899994324688
Simulation_000002,Aluminium 6061,77.02537176217506,0.05638988494206452,0.05769506897252545,336.22938438638397
Simulation_000002,Aluminium 6061,77.02537176217506,0.060278842524275865,0.05769506897252545,336.3787430251253
Simulation_000002,Aluminium 6061,77.02537176217506,0.0641678001064872,0.05769506897252545,336.5382601224517
Simulation_000002,Aluminium 6061,77.02537176217506,0.06805675768869855,0.05769506897252545,336.7081072097452
Simulation_000002,Aluminium 6061,77.02537176217506,0.0719457152709099,0.05769506897252545,336.88843325317816
Simulation_000002,Aluminium 6061,77.02537176217506,0.07583467285312125,0.05769506897252545,337.0793526466221
Simulation_000002,Aluminium 6061,77.02537176217506,0.0797236304353326,0.05769506897252545,337.2809297450802
Simulation_000002,Aluminium 6061,77.02537176217506,0.08361258801754394,0.05769506897252545,337.49315896310236
Simulation_000002,Aluminium 6061,77.02537176217506,0.08750154559975529,0.05769506897252545,337.7159392304718
Simulation_000002,Aluminium 6061,77.02537176217506,0.09139050318196663,0.05769506897252545,337.94904134453253
Simulation_000002,Aluminium 6061,77.02537176217506,0.09527946076417797,0.05769506897252545,338.1920665128912
Simulation_000002,Aluminium 6061,77.02537176217506,0.09916841834638931,0.05769506897252545,338.4443941994861
Simulation_000002,Aluminium 6061,77.02537176217506,0.10305737592860066,0.05769506897252545,338.7051173776466
Simulation_000002,Aluminium 6061,77.02537176217506,0.10694633351081201,0.05769506897252545,338.9729636381334
Simulation_000002,Aluminium 6061,77.02537176217506,0.11083529109302336,0.05769506897252545,339.2462015897695
Simulation_000002,Aluminium 6061,77.02537176217506,0.1147242486752347,0.05769506897252545,339.5225340563775
Simulation_000002,Aluminium 6061,77.02537176217506,0.11861320625744605,0.05769506897252545,339.7989832907481
Simulation_000002,Aluminium 6061,77.02537176217506,0.1225021638396574,0.05769506897252545,340.0717794349468
Simulation_000002,Aluminium 6061,77.02537176217506,0.12639112142186876,0.05769506897252545,340.3362722116716
Simulation_000002,Aluminium 6061,77.02537176217506,0.1302800790040801,0.05769506897252545,340.58689704457214
Simulation_000002,Aluminium 6061,77.02537176217506,0.13416903658629145,0.05769506897252545,340.8172384713426
Simulation_000002,Aluminium 6061,77.02537176217506,0.13805799416850278,0.05769506897252545,341.0202408453699
Simulation_000002,Aluminium 6061,77.02537176217506,0.14194695175071415,0.05769506897252545,341.18861013463356
Simulation_000002,Aluminium 6061,77.02537176217506,0.14583590933292548,0.05769506897252545,341.31541999332995
Simulation_000002,Aluminium 6061,77.02537176217506,0.14972486691513684,0.05769506897252545,341.39487315654117
Simulation_000002,Aluminium 6061,77.02537176217506,0.15361382449734817,0.05769506897252545,341.4230850616189
Simulation_000002,Aluminium 6061,77.02537176217506,0.15750278207955953,0.05769506897252545,341.3986882458983
Simulation_000002,Aluminium 6061,77.02537176217506,0.16139173966177087,0.05769506897252545,341.32306171733717
Simulation_000002,Aluminium 6061,77.02537176217506,0.16528069724398223,0.05769506897252545,341.2001015288967
Simulation_000002,Aluminium 6061,77.02537176217506,0.16916965482619356,0.05769506897252545,341.035616325891
Simulation_000002,Aluminium 6061,77.02537176217506,0.17305861240840492,0.05769506897252545,340.83654366975526
Simulation_000002,Aluminium 6061,77.02537176217506,0.17694756999061625,0.05769506897252545,340.6101885886697
Simulation_000002,Aluminium 6061,77.02537176217506,0.18083652757282762,0.05769506897252545,340.36361745142796
Simulation_000002,Aluminium 6061,77.02537176217506,0.18472548515503895,0.05769506897252545,340.1032561143011
Simulation_000002,Aluminium 6061,77.02537176217506,0.18861444273725028,0.05769506897252545,339.8346791655062
Simulation_000002,Aluminium 6061,77.02537176217506,0.19250340031946164,0.05769506897252545,339.56254645868313
Simulation_000002,Aluminium 6061,77.02537176217506,0.19639235790167298,0.05769506897252545,339.29063693971057
Simulation_000002,Aluminium 6061,77.02537176217506,0.20028131548388434,0.05769506897252545,339.0219369031833
Simulation_000002,Aluminium 6061,77.02537176217506,0.20417027306609567,0.05769506897252545,338.7587514807893
Simulation_000002,Aluminium 6061,77.02537176217506,0.20805923064830703,0.05769506897252545,338.5028193770475
Simulation_000002,Aluminium 6061,77.02537176217506,0.21194818823051836,0.05769506897252545,338.2554196232844
Simulation_000002,Aluminium 6061,77.02537176217506,0.21583714581272972,0.05769506897252545,338.0174651293359
Simulation_000002,Aluminium 6061,77.02537176217506,0.21972610339494106,0.05769506897252545,337.78958152948235
Simulation_000002,Aluminium 6061,77.02537176217506,0.22361506097715242,0.05769506897252545,337.57217188525186
Simulation_000002,Aluminium 6061,77.02537176217506,0.22750401855936375,0.05769506897252545,337.3654687973548
Simulation_000002,Aluminium 6061,77.02537176217506,0.2313929761415751,0.05769506897252545,337.16957582339637
Simulation_000002,Aluminium 6061,77.02537176217506,0.23528193372378645,0.05769506897252545,336.9845000886522
Simulation_000002,Aluminium 6061,77.02537176217506,0.2391708913059978,0.05769506897252545,336.81017779645936
Simulation_000002,Aluminium 6061,77.02537176217506,0.24305984888820914,0.05769506897252545,336.6464940991377
Simulation_000002,Aluminium 6061,77.02537176217506,0.2469488064704205,0.05769506897252545,336.4932985374441
Simulation_000002,Aluminium 6061,77.02537176217506,0.2508377640526318,0.05769506897252545,336.35041702438104
Simulation_000002,Aluminium 6061,77.02537176217506,0.25472672163484317,0.05769506897252545,336.2176611488576
Simulation_000002,Aluminium 6061,77.02537176217506,0.2586156792170545,0.05769506897252545,336.094835408274
Simulation_000002,Aluminium 6061,77.02537176217506,0.26250463679926583,0.05769506897252545,335.9817428442351
Simulation_000002,Aluminium 6061,77.02537176217506,0.2663935943814772,0.05769506897252545,335.87818944813955
Simulation_000002,Aluminium 6061,77.02537176217506,0.27028255196368856,0.05769506897252545,335.78398761879066
Simulation_000002,Aluminium 6061,77.02537176217506,0.27417150954589986,0.05769506897252545,335.6989588881364
Simulation_000002,Aluminium 6061,77.02537176217506,0.2780604671281112,0.05769506897252545,335.6229360800255
Simulation_000002,Aluminium 6061,77.02537176217506,0.2819494247103226,0.05769506897252545,335.5557650273257
Simulation_000002,Aluminium 6061,77.02537176217506,0.28583838229253394,0.05769506897252545,335.49730594233216
Simulation_000002,Aluminium 6061,77.02537176217506,0.28972733987474525,0.05769506897252545,335.4474345120678
Simulation_000002,Aluminium 6061,77.02537176217506,0.2936162974569566,0.05769506897252545,335.4060427722162
Simulation_000002,Aluminium 6061,77.02537176217506,0.29750525503916797,0.05769506897252545,335.3730397997701
Simulation_000002,Aluminium 6061,77.02537176217506,0.30139421262137933,0.05769506897252545,335.3483522540255
Simulation_000002,Aluminium 6061,77.02537176217506,0.30528317020359064,0.05769506897252545,335.33192478753165
Simulation_000002,Aluminium 6061,77.02537176217506,0.309172127785802,0.05769506897252545,335.3237203423879
Simulation_000002,Aluminium 6061,77.02537176217506,0.0019444787911056729,0.06025929426019325,335.1175350455865
Simulation_000002,Aluminium 6061,77.02537176217506,0.005833436373317019,0.06025929426019325,335.14187384755763
Simulation_000002,Aluminium 6061,77.02537176217506,0.009722393955528366,0.06025929426019325,335.17460309260065
Simulation_000002,Aluminium 6061,77.02537176217506,0.013611351537739711,0.06025929426019325,335.21576522431286
Simulation_000002,Aluminium 6061,77.02537176217506,0.017500309119951058,0.06025929426019325,335.26542371372256
Simulation_000002,Aluminium 6061,77.02537176217506,0.021389266702162405,0.06025929426019325,335.3236628158086
Simulation_000002,Aluminium 6061,77.02537176217506,0.02527822428437375,0.06025929426019325,335.3905872266996
Simulation_000002,Aluminium 6061,77.02537176217506,0.029167181866585096,0.06025929426019325,335.4663216237177
Simulation_000002,Aluminium 6061,77.02537176217506,0.03305613944879644,0.06025929426019325,335.5510100629212
Simulation_000002,Aluminium 6061,77.02537176217506,0.03694509703100779,0.06025929426019325,335.64481519894565
Simulation_000002,Aluminium 6061,77.02537176217506,0.04083405461321914,0.06025929426019325,335.74791727886975
Simulation_000002,Aluminium 6061,77.02537176217506,0.044723012195430484,0.06025929426019325,335.8605128444962
Simulation_000002,Aluminium 6061,77.02537176217506,0.048611969777641824,0.06025929426019325,335.98281305440855
Simulation_000002,Aluminium 6061,77.02537176217506,0.05250092735985317,0.06025929426019325,336.11504150663245
Simulation_000002,Aluminium 6061,77.02537176217506,0.05638988494206452,0.06025929426019325,336.2574314023149
Simulation_000002,Aluminium 6061,77.02537176217506,0.060278842524275865,0.06025929426019325,336.41022183746736
Simulation_000002,Aluminium 6061,77.02537176217506,0.0641678001064872,0.06025929426019325,336.5736529395787
Simulation_000002,Aluminium 6061,77.02537176217506,0.06805675768869855,0.06025929426019325,336.7479594738237
Simulation_000002,Aluminium 6061,77.02537176217506,0.0719457152709099,0.06025929426019325,336.9333624235768
Simulation_000002,Aluminium 6061,77.02537176217506,0.07583467285312125,0.06025929426019325,337.1300578947369
Simulation_000002,Aluminium 6061,77.02537176217506,0.0797236304353326,0.06025929426019325,337.3382024949097
Simulation_000002,Aluminium 6061,77.02537176217506,0.08361258801754394,0.06025929426019325,337.5578940888512
Simulation_000002,Aluminium 6061,77.02537176217506,0.08750154559975529,0.06025929426019325,337.78914652509826
Simulation_000002,Aluminium 6061,77.02537176217506,0.09139050318196663,0.06025929426019325,338.0318565663892
Simulation_000002,Aluminium 6061,77.02537176217506,0.09527946076417797,0.06025929426019325,338.285760854071
Simulation_000002,Aluminium 6061,77.02537176217506,0.09916841834638931,0.06025929426019325,338.55038033903975
Simulation_000002,Aluminium 6061,77.02537176217506,0.10305737592860066,0.06025929426019325,338.8249493168084
Simulation_000002,Aluminium 6061,77.02537176217506,0.10694633351081201,0.06025929426019325,339.10832620062973
Simulation_000002,Aluminium 6061,77.02537176217506,0.11083529109302336,0.06025929426019325,339.3988837874196
Simulation_000002,Aluminium 6061,77.02537176217506,0.1147242486752347,0.06025929426019325,339.6943785611354
Simulation_000002,Aluminium 6061,77.02537176217506,0.11861320625744605,0.06025929426019325,339.99180235179426
Simulation_000002,Aluminium 6061,77.02537176217506,0.1225021638396574,0.06025929426019325,340.28722649970734
Simulation_000002,Aluminium 6061,77.02537176217506,0.12639112142186876,0.06025929426019325,340.57565968675516
Simulation_000002,Aluminium 6061,77.02537176217506,0.1302800790040801,0.06025929426019325,340.8509563170057
Simulation_000002,Aluminium 6061,77.02537176217506,0.13416903658629145,0.06025929426019325,341.1058313106332
Simulation_000002,Aluminium 6061,77.02537176217506,0.13805799416850278,0.06025929426019325,341.332053746204
Simulation_000002,Aluminium 6061,77.02537176217506,0.14194695175071415,0.06025929426019325,341.52089360731605
Simulation_000002,Aluminium 6061,77.02537176217506,0.14583590933292548,0.06025929426019325,341.66386395027325
Simulation_000002,Aluminium 6061,77.02537176217506,0.14972486691513684,0.06025929426019325,341.75371721017484
Simulation_000002,Aluminium 6061,77.02537176217506,0.15361382449734817,0.06025929426019325,341.78552314407307
Simulation_000002,Aluminium 6061,77.02537176217506,0.15750278207955953,0.06025929426019325,341.7575308709585
Simulation_000002,Aluminium 6061,77.02537176217506,0.16139173966177087,0.06025929426019325,341.67150279012236
Simulation_000002,Aluminium 6061,77.02537176217506,0.16528069724398223,0.06025929426019325,341.53238060737533
Simulation_000002,Aluminium 6061,77.02537176217506,0.16916965482619356,0.06025929426019325,341.34742323968
Simulation_000002,Aluminium 6061,77.02537176217506,0.17305861240840492,0.06025929426019325,341.1251288166874
Simulation_000002,Aluminium 6061,77.02537176217506,0.17694756999061625,0.06025929426019325,340.8742383194622
Simulation_000002,Aluminium 6061,77.02537176217506,0.18083652757282762,0.06025929426019325,340.602993357797
Simulation_000002,Aluminium 6061,77.02537176217506,0.18472548515503895,0.06025929426019325,340.3186893687972
Simulation_000002,Aluminium 6061,77.02537176217506,0.18861444273725028,0.06025929426019325,340.02748192013274
Simulation_000002,Aluminium 6061,77.02537176217506,0.19250340031946164,0.06025929426019325,339.73437186205695
Simulation_000002,Aluminium 6061,77.02537176217506,0.19639235790167298,0.06025929426019325,339.4432968932338
Simulation_000002,Aluminium 6061,77.02537176217506,0.20028131548388434,0.06025929426019325,339.1572736765371
Simulation_000002,Aluminium 6061,77.02537176217506,0.20417027306609567,0.06025929426019325,338.8785536226593
Simulation_000002,Aluminium 6061,77.02537176217506,0.20805923064830703,0.06025929426019325,338.60877117986416
Simulation_000002,Aluminium 6061,77.02537176217506,0.21194818823051836,0.06025929426019325,338.34907448048136
Simulation_000002,Aluminium 6061,77.02537176217506,0.21583714581272972,0.06025929426019325,338.1002350261515
Simulation_000002,Aluminium 6061,77.02537176217506,0.21972610339494106,0.06025929426019325,337.8627368673755
Simulation_000002,Aluminium 6061,77.02537176217506,0.22361506097715242,0.06025929426019325,337.6368475228456
Simulation_000002,Aluminium 6061,77.02537176217506,0.22750401855936375,0.06025929426019325,337.4226735048647
Simulation_000002,Aluminium 6061,77.02537176217506,0.2313929761415751,0.06025929426019325,337.22020331350467
Simulation_000002,Aluminium 6061,77.02537176217506,0.23528193372378645,0.06025929426019325,337.0293404672042
Simulation_000002,Aluminium 6061,77.02537176217506,0.2391708913059978,0.06025929426019325,336.84992873986744
Simulation_000002,Aluminium 6061,77.02537176217506,0.24305984888820914,0.06025929426019325,336.68177137210745
Simulation_000002,Aluminium 6061,77.02537176217506,0.2469488064704205,0.06025929426019325,336.5246456619566
Simulation_000002,Aluminium 6061,77.02537176217506,0.2508377640526318,0.06025929426019325,336.3783140338794
Simulation_000002,Aluminium 6061,77.02537176217506,0.25472672163484317,0.06025929426019325,336.242532435263
Simulation_000002,Aluminium 6061,77.02537176217506,0.2586156792170545,0.06025929426019325,336.11705671108814
Simulation_000002,Aluminium 6061,77.02537176217506,0.26250463679926583,0.06025929426019325,336.00164745225936
Simulation_000002,Aluminium 6061,77.02537176217506,0.2663935943814772,0.06025929426019325,335.89607369303116
Simulation_000002,Aluminium 6061,77.02537176217506,0.27028255196368856,0.06025929426019325,335.80011574087
Simulation_000002,Aluminium 6061,77.02537176217506,0.27417150954589986,0.06025929426019325,335.7135673518231
Simulation_000002,Aluminium 6061,77.02537176217506,0.2780604671281112,0.06025929426019325,335.636237411083
Simulation_000002,Aluminium 6061,77.02537176217506,0.2819494247103226,0.06025929426019325,335.56795123800936
Simulation_000002,Aluminium 6061,77.02537176217506,0.28583838229253394,0.06025929426019325,335.50855160433395
Simulation_000002,Aluminium 6061,77.02537176217506,0.28972733987474525,0.06025929426019325,335.4578995312662
Simulation_000002,Aluminium 6061,77.02537176217506,0.2936162974569566,0.06025929426019325,335.41587491391556
Simulation_000002,Aluminium 6061,77.02537176217506,0.29750525503916797,0.06025929426019325,335.3823770084594
Simulation_000002,Aluminium 6061,77.02537176217506,0.30139421262137933,0.06025929426019325,335.3573248077438
Simulation_000002,Aluminium 6061,77.02537176217506,0.30528317020359064,0.06025929426019325,335.34065732369316
Simulation_000002,Aluminium 6061,77.02537176217506,0.309172127785802,0.06025929426019325,335.3323337893804
Simulation_000002,Aluminium 6061,77.02537176217506,0.0019444787911056729,0.06282351954786106,335.12701286030295
Simulation_000002,Aluminium 6061,77.02537176217506,0.005833436373317019,0.06282351954786106,335.15148385010946
Simulation_000002,Aluminium 6061,77.02537176217506,0.009722393955528366,0.06282351954786106,335.18447955130875
Simulation_000002,Aluminium 6061,77.02537176217506,0.013611351537739711,0.06282351954786106,335.2260466053795
Simulation_000002,Aluminium 6061,77.02537176217506,0.017500309119951058,0.06282351954786106,335.27625487330766
Simulation_000002,Aluminium 6061,77.02537176217506,0.021389266702162405,0.06282351954786106,335.3351973062926
Simulation_000002,Aluminium 6061,77.02537176217506,0.02527822428437375,0.06282351954786106,335.40298975929613
Simulation_000002,Aluminium 6061,77.02537176217506,0.029167181866585096,0.06282351954786106,335.47977073322704
Simulation_000002,Aluminium 6061,77.02537176217506,0.03305613944879644,0.06282351954786106,335.56570102509295
Simulation_000002,Aluminium 6061,77.02537176217506,0.03694509703100779,0.06282351954786106,335.6609632567005
Simulation_000002,Aluminium 6061,77.02537176217506,0.04083405461321914,0.06282351954786106,335.7657612405957
Simulation_000002,Aluminium 6061,77.02537176217506,0.044723012195430484,0.06282351954786106,335.88031912578936
Simulation_000002,Aluminium 6061,77.02537176217506,0.048611969777641824,0.06282351954786106,336.00488024392644
Simulation_000002,Aluminium 6061,77.02537176217506,0.05250092735985317,0.06282351954786106,336.13970554695555
Simulation_000002,Aluminium 6061,77.02537176217506,0.05638988494206452,0.06282351954786106,336.28507148740516
Simulation_000002,Aluminium 6061,77.02537176217506,0.060278842524275865,0.06282351954786106,336.4412671385704
Simulation_000002,Aluminium 6061,77.02537176217506,0.0641678001064872,0.06282351954786106,336.6085902796056
Simulation_000002,Aluminium 6061,77.02537176217506,0.06805675768869855,0.06282351954786106,336.7873420736116
Simulation_000002,Aluminium 6061,77.02537176217506,0.0719457152709099,0.06282351954786106,336.9778198373641
Simulation_000002,Aluminium 6061,77.02537176217506,0.07583467285312125,0.06282351954786106,337.18030722928347
Simulation_000002,Aluminium 6061,77.02537176217506,0.0797236304353326,0.06282351954786106,337.3950609551964
Simulation_000002,Aluminium 6061,77.02537176217506,0.08361258801754394,0.06282351954786106,337.622292794923
Simulation_000002,Aluminium 6061,77.02537176217506,0.08750154559975529,0.06282351954786106,337.86214537150914
Simulation_000002,Aluminium 6061,77.02537176217506,0.09139050318196663,0.06282351954786106,338.11465960635354
Simulation_000002,Aluminium 6061,77.02537176217506,0.09527946076417797,0.06282351954786106,338.37973122479315
Simulation_000002,Aluminium 6061,77.02537176217506,0.09916841834638931,0.06282351954786106,338.6570530195793
Simulation_000002,Aluminium 6061,77.02537176217506,0.10305737592860066,0.06282351954786106,338.9460389171516
Simulation_000002,Aluminium 6061,77.02537176217506,0.10694633351081201,0.06282351954786106,339.2457253950549
Simulation_000002,Aluminium 6061,77.02537176217506,0.11083529109302336,0.06282351954786106,339.5546458140847
Simulation_000002,Aluminium 6061,77.02537176217506,0.1147242486752347,0.06282351954786106,339.87067438834794
Simulation_000002,Aluminium 6061,77.02537176217506,0.11861320625744605,0.06282351954786106,340.1908398794355
Simulation_000002,Aluminium 6061,77.02537176217506,0.1225021638396574,0.06282351954786106,340.511116266881
Simulation_000002,Aluminium 6061,77.02537176217506,0.12639112142186876,0.06282351954786106,340.8262106868898
Simulation_000002,Aluminium 6061,77.02537176217506,0.1302800790040801,0.06282351954786106,341.12938978819926
Simulation_000002,Aluminium 6061,77.02537176217506,0.13416903658629145,0.06282351954786106,341.4124144171576
Simulation_000002,Aluminium 6061,77.02537176217506,0.13805799416850278,0.06282351954786106,341.6656839190955
Simulation_000002,Aluminium 6061,77.02537176217506,0.14194695175071415,0.06282351954786106,341.8787094367313
Simulation_000002,Aluminium 6061,77.02537176217506,0.14583590933292548,0.06282351954786106,342.0410101229961
Simulation_000002,Aluminium 6061,77.02537176217506,0.14972486691513684,0.06282351954786106,342.1434193555638
Simulation_000002,Aluminium 6061,77.02537176217506,0.15361382449734817,0.06282351954786106,342.1795863599876
Simulation_000002,Aluminium 6061,77.02537176217506,0.15750278207955953,0.06282351954786106,342.1472316313384
Simulation_000002,Aluminium 6061,77.02537176217506,0.16139173966177087,0.06282351954786106,342.04864616656437
Simulation_000002,Aluminium 6061,77.02537176217506,0.16528069724398223,0.06282351954786106,341.8901921762846
Simulation_000002,Aluminium 6061,77.02537176217506,0.16916965482619356,0.06282351954786106,341.6810476073336
Simulation_000002,Aluminium 6061,77.02537176217506,0.17305861240840492,0.06282351954786106,341.43170446387205
Simulation_000002,Aluminium 6061,77.02537176217506,0.17694756999061625,0.06282351954786106,341.15266253720495
Simulation_000002,Aluminium 6061,77.02537176217506,0.18083652757282762,0.06282351954786106,340.85353313745236
Simulation_000002,Aluminium 6061,77.02537176217506,0.18472548515503895,0.06282351954786106,340.5425657398438
Simulation_000002,Aluminium 6061,77.02537176217506,0.18861444273725028,0.06282351954786106,340.2265036283158
Simulation_000002,Aluminium 6061,77.02537176217506,0.19250340031946164,0.06282351954786106,339.91064915575583
Simulation_000002,Aluminium 6061,77.02537176217506,0.19639235790167298,0.06282351954786106,339.5990373339122
Simulation_000002,Aluminium 6061,77.02537176217506,0.20028131548388434,0.06282351954786106,339.29464784099554
Simulation_000002,Aluminium 6061,77.02537176217506,0.20417027306609567,0.06282351954786106,338.99961429824236
Simulation_000002,Aluminium 6061,77.02537176217506,0.20805923064830703,0.06282351954786106,338.71541052359703
Simulation_000002,Aluminium 6061,77.02537176217506,0.21194818823051836,0.06282351954786106,338.4430065105067
Simulation_000002,Aluminium 6061,77.02537176217506,0.21583714581272972,0.06282351954786106,338.1829940458025
Simulation_000002,Aluminium 6061,77.02537176217506,0.21972610339494106,0.06282351954786106,337.93568524367936
Simulation_000002,Aluminium 6061,77.02537176217506,0.22361506097715242,0.06282351954786106,337.7011884323859
Simulation_000002,Aluminium 6061,77.02537176217506,0.22750401855936375,0.06282351954786106,337.47946584549646
Simulation_000002,Aluminium 6061,77.02537176217506,0.2313929761415751,0.06282351954786106,337.27037707307477
Simulation_000002,Aluminium 6061,77.02537176217506,0.23528193372378645,0.06282351954786106,337.0737115655214
Simulation_000002,Aluminium 6061,77.02537176217506,0.2391708913059978,0.06282351954786106,336.88921282576024
Simulation_000002,Aluminium 6061,77.02537176217506,0.24305984888820914,0.06282351954786106,336.7165963467324
Simulation_000002,Aluminium 6061,77.02537176217506,0.2469488064704205,0.06282351954786106,336.5555628725814
Simulation_000002,Aluminium 6061,77.02537176217506,0.2508377640526318,0.06282351954786106,336.4058081806873
Simulation_000002,Aluminium 6061,77.02537176217506,0.25472672163484317,0.06282351954786106,336.2670302851706
Simulation_000002,Aluminium 6061,77.02537176217506,0.2586156792170545,0.06282351954786106,336.13893473541026
Simulation_000002,Aluminium 6061,77.02537176217506,0.26250463679926583,0.06282351954786106,336.02123851104574
Simulation_000002,Aluminium 6061,77.02537176217506,0.2663935943814772,0.06282351954786106,335.9136728854606
Simulation_000002,Aluminium 6061,77.02537176217506,0.27028255196368856,0.06282351954786106,335.8159855327966
Simulation_000002,Aluminium 6061,77.02537176217506,0.27417150954589986,0.06282351954786106,335.7279420812093
Simulation_000002,Aluminium 6061,77.02537176217506,0.2780604671281112,0.06282351954786106,335.64932726123095
Simulation_000002,Aluminium 6061,77.02537176217506,0.2819494247103226,0.06282351954786106,335.5799457581294
Simulation_000002,Aluminium 6061,77.02537176217506,0.28583838229253394,0.06282351954786106,335.51962284751977
Simulation_000002,Aluminium 6061,77.02537176217506,0.28972733987474525,0.06282351954786106,335.46820487159295
Simulation_000002,Aluminium 6061,77.02537176217506,0.2936162974569566,0.06282351954786106,335.4255595971799
Simulation_000002,Aluminium 6061,77.02537176217506,0.29750525503916797,0.06282351954786106,335.3915764850226
Simulation_000002,Aluminium 6061,77.02537176217506,0.30139421262137933,0.06282351954786106,335.36616689094524
Simulation_000002,Aluminium 6061,77.02537176217506,0.30528317020359064,0.06282351954786106,335.34926421329374
Simulation_000002,Aluminium 6061,77.02537176217506,0.309172127785802,0.06282351954786106,335.3408239963941
Simulation_000002,Aluminium 6061,77.02537176217506,0.0019444787911056729,0.06538774483552885,335.1362907233136
Simulation_000002,Aluminium 6061,77.02537176217506,0.005833436373317019,0.06538774483552885,335.1608903657922
Simulation_000002,Aluminium 6061,77.02537176217506,0.009722393955528366,0.06538774483552885,335.1941454292887
Simulation_000002,Aluminium 6061,77.02537176217506,0.013611351537739711,0.06538774483552885,335.23610670750145
Simulation_000002,Aluminium 6061,77.02537176217506,0.017500309119951058,0.06538774483552885,335.28685038653333
Simulation_000002,Aluminium 6061,77.02537176217506,0.021389266702162405,0.06538774483552885,335.34647803458444
Simulation_000002,Aluminium 6061,77.02537176217506,0.02527822428437375,0.06538774483552885,335.41511657898127
Simulation_000002,Aluminium 6061,77.02537176217506,0.029167181866585096,0.06538774483552885,335.4929182606739
Simulation_000002,Aluminium 6061,77.02537176217506,0.03305613944879644,0.06538774483552885,335.5800605511929
Simulation_000002,Aluminium 6061,77.02537176217506,0.03694509703100779,0.06538774483552885,335.6767460097943
Simulation_000002,Aluminium 6061,77.02537176217506,0.04083405461321914,0.06538774483552885,335.78320204828634
Simulation_000002,Aluminium 6061,77.02537176217506,0.044723012195430484,0.06538774483552885,335.8996805567268
Simulation_000002,Aluminium 6061,77.02537176217506,0.048611969777641824,0.06538774483552885,336.02645732328864
Simulation_000002,Aluminium 6061,77.02537176217506,0.05250092735985317,0.06538774483552885,336.1638311540673
Simulation_000002,Aluminium 6061,77.02537176217506,0.05638988494206452,0.06538774483552885,336.3121225606402
Simulation_000002,Aluminium 6061,77.02537176217506,0.060278842524275865,0.06538774483552885,336.47167183096497
Simulation_000002,Aluminium 6061,77.02537176217506,0.0641678001064872,0.06538774483552885,336.6428362274879
Simulation_000002,Aluminium 6061,77.02537176217506,0.06805675768869855,0.06538774483552885,336.82598595803944
Simulation_000002,Aluminium 6061,77.02537176217506,0.0719457152709099,0.06538774483552885,337.02149843060243
Simulation_000002,Aluminium 6061,77.02537176217506,0.07583467285312125,0.06538774483552885,337.2297501195501
Simulation_000002,Aluminium 6061,77.02537176217506,0.0797236304353326,0.06538774483552885,337.4511051215833
Simulation_000002,Aluminium 6061,77.02537176217506,0.08361258801754394,0.06538774483552885,337.6858991428368
Simulation_000002,Aluminium 6061,77.02537176217506,0.08750154559975529,0.06538774483552885,337.93441720817395
Simulation_000002,Aluminium 6061,77.02537176217506,0.09139050318196663,0.06538774483552885,338.1968627900709
Simulation_000002,Aluminium 6061,77.02537176217506,0.09527946076417797,0.06538774483552885,338.4733152901023
Simulation_000002,Aluminium 6061,77.02537176217506,0.09916841834638931,0.06538774483552885,338.763671857674
Simulation_000002,Aluminium 6061,77.02537176217506,0.10305737592860066,0.06538774483552885,339.06756842604557
Simulation_000002,Aluminium 6061,77.02537176217506,0.10694633351081201,0.06538774483552885,339.3842737058705
Simulation_000002,Aluminium 6061,77.02537176217506,0.11083529109302336,0.06538774483552885,339.7125490111529
Simulation_000002,Aluminium 6061,77.02537176217506,0.1147242486752347,0.06538774483552885,340.05046686135586
Simulation_000002,Aluminium 6061,77.02537176217506,0.11861320625744605,0.06538774483552885,340.395183560503
Simulation_000002,Aluminium 6061,77.02537176217506,0.1225021638396574,0.06538774483552885,340.7426675543242
Simulation_000002,Aluminium 6061,77.02537176217506,0.12639112142186876,0.06538774483552885,341.08739958906637
Simulation_000002,Aluminium 6061,77.02537176217506,0.1302800790040801,0.06538774483552885,341.42208665002494
Simulation_000002,Aluminium 6061,77.02537176217506,0.13416903658629145,0.06538774483552885,341.737472504523
Simulation_000002,Aluminium 6061,77.02537176217506,0.13805799416850278,0.06538774483552885,342.02238076254747
Simulation_000002,Aluminium 6061,77.02537176217506,0.14194695175071415,0.06538774483552885,342.26417389720825
Simulation_000002,Aluminium 6061,77.02537176217506,0.14583590933292548,0.06538774483552885,342.44980911782204
Simulation_000002,Aluminium 6061,77.02537176217506,0.14972486691513684,0.06538774483552885,342.5675477895579
Simulation_000002,Aluminium 6061,77.02537176217506,0.15361382449734817,0.06538774483552885,342.6090727300501
Simulation_000002,Aluminium 6061,77.02537176217506,0.15750278207955953,0.06538774483552885,342.57135873354605
Simulation_000002,Aluminium 6061,77.02537176217506,0.16139173966177087,0.06538774483552885,342.45744247248
Simulation_000002,Aluminium 6061,77.02537176217506,0.16528069724398223,0.06538774483552885,342.27565253963775
Simulation_000002,Aluminium 6061,77.02537176217506,0.16916965482619356,0.06538774483552885,342.0377388677711
Simulation_000002,Aluminium 6061,77.02537176217506,0.17305861240840492,0.06538774483552885,341.75675537679916
Simulation_000002,Aluminium 6061,77.02537176217506,0.17694756999061625,0.06538774483552885,341.4453504980583
Simulation_000002,Aluminium 6061,77.02537176217506,0.18083652757282762,0.06538774483552885,341.1147112452385
Simulation_000002,Aluminium 6061,77.02537176217506,0.18472548515503895,0.06538774483552885,340.77410413811236
Simulation_000002,Aluminium 6061,77.02537176217506,0.18861444273725028,0.06538774483552885,340.4308320863203
Simulation_000002,Aluminium 6061,77.02537176217506,0.19250340031946164,0.06538774483552885,340.0904237911149
Simulation_000002,Aluminium 6061,77.02537176217506,0.19639235790167298,0.06538774483552885,339.7569197519457
Simulation_000002,Aluminium 6061,77.02537176217506,0.20028131548388434,0.06538774483552885,339.4331720532582
Simulation_000002,Aluminium 6061,77.02537176217506,0.20417027306609567,0.06538774483552885,339.1211159535702
Simulation_000002,Aluminium 6061,77.02537176217506,0.20805923064830703,0.06538774483552885,338.82199725333874
Simulation_000002,Aluminium 6061,77.02537176217506,0.21194818823051836,0.06538774483552885,338.5365536407149
Simulation_000002,Aluminium 6061,77.02537176217506,0.21583714581272972,0.06538774483552885,338.26515481450775
Simulation_000002,Aluminium 6061,77.02537176217506,0.21972610339494106,0.06538774483552885,338.0079084407971
Simulation_000002,Aluminium 6061,77.02537176217506,0.22361506097715242,0.06538774483552885,337.76473906848
Simulation_000002,Aluminium 6061,77.02537176217506,0.22750401855936375,0.06538774483552885,337.53544626371644
Simulation_000002,Aluminium 6061,77.02537176217506,0.2313929761415751,0.06538774483552885,337.31974708342375
Simulation_000002,Aluminium 6061,77.02537176217506,0.23528193372378645,0.06538774483552885,337.1173069033728
Simulation_000002,Aluminium 6061,77.02537176217506,0.2391708913059978,0.06538774483552885,336.92776166805976
Simulation_000002,Aluminium 6061,77.02537176217506,0.24305984888820914,0.06538774483552885,336.75073386513486
Simulation_000002,Aluminium 6061,77.02537176217506,0.2469488064704205,0.06538774483552885,336.58584393353243
Simulation_000002,Aluminium 6061,77.02537176217506,0.2508377640526318,0.06538774483552885,336.4327183639775
Simulation_000002,Aluminium 6061,77.02537176217506,0.25472672163484317,0.06538774483552885,336.2909954137523
Simulation_000002,Aluminium 6061,77.02537176217506,0.2586156792170545,0.06538774483552885,336.16032910821514
Simulation_000002,Aluminium 6061,77.02537176217506,0.26250463679926583,0.06538774483552885,336.04039201802635
Simulation_000002,Aluminium 6061,77.02537176217506,0.2663935943814772,0.06538774483552885,335.9308771665081
Simulation_000002,Aluminium 6061,77.02537176217506,0.27028255196368856,0.06538774483552885,335.83149932321805
Simulation_000002,Aluminium 6061,77.02537176217506,0.27417150954589986,0.06538774483552885,335.7419958680503
Simulation_000002,Aluminium 6061,77.02537176217506,0.2780604671281112,0.06538774483552885,335.6621273578977
Simulation_000002,Aluminium 6061,77.02537176217506,0.2819494247103226,0.06538774483552885,335.5916778898936
Simulation_000002,Aluminium 6061,77.02537176217506,0.28583838229253394,0.06538774483552885,335.5304553276753
Simulation_000002,Aluminium 6061,77.02537176217506,0.28972733987474525,0.06538774483552885,335.4782914371764
Simulation_000002,Aluminium 6061,77.02537176217506,0.2936162974569566,0.06538774483552885,335.4350419641213
Simulation_000002,Aluminium 6061,77.02537176217506,0.29750525503916797,0.06538774483552885,335.4005866751528
Simulation_000002,Aluminium 6061,77.02537176217506,0.30139421262137933,0.06538774483552885,335.37482937727884
Simulation_000002,Aluminium 6061,77.02537176217506,0.30528317020359064,0.06538774483552885,335.35769792525775
Simulation_000002,Aluminium 6061,77.02537176217506,0.309172127785802,0.06538774483552885,335.34914422304627
Simulation_000002,Aluminium 6061,77.02537176217506,0.0019444787911056729,0.06795197012319665,335.1453167346531
Simulation_000002,Aluminium 6061,77.02537176217506,0.005833436373317019,0.06795197012319665,335.17004060421493
Simulation_000002,Aluminium 6061,77.02537176217506,0.009722393955528366,0.06795197012319665,335.2035461386171
Simulation_000002,Aluminium 6061,77.02537176217506,0.013611351537739711,0.06795197012319665,335.2458882043175
Simulation_000002,Aluminium 6061,77.02537176217506,0.017500309119951058,0.06795197012319665,335.29714919589435
Simulation_000002,Aluminium 6061,77.02537176217506,0.021389266702162405,0.06795197012319665,335.3574391481589
Simulation_000002,Aluminium 6061,77.02537176217506,0.02527822428437375,0.06795197012319665,335.4268958819136
Simulation_000002,Aluminium 6061,77.02537176217506,0.029167181866585096,0.06795197012319665,335.50568517846864
Simulation_000002,Aluminium 6061,77.02537176217506,0.03305613944879644,0.06795197012319665,335.5940009744983
Simulation_000002,Aluminium 6061,77.02537176217506,0.03694509703100779,0.06795197012319665,335.6920655633875
Simulation_000002,Aluminium 6061,77.02537176217506,0.04083405461321914,0.06795197012319665,335.8001297811315
Simulation_000002,Aluminium 6061,77.02537176217506,0.044723012195430484,0.06795197012319665,335.9184731430379
Simulation_000002,Aluminium 6061,77.02537176217506,0.048611969777641824,0.06795197012319665,336.0474038804767
Simulation_000002,Aluminium 6061,77.02537176217506,0.05250092735985317,0.06795197012319665,336.18725880269426
Simulation_000002,Aluminium 6061,77.02537176217506,0.05638988494206452,0.06795197012319665,336.3384028743936
Simulation_000002,Aluminium 6061,77.02537176217506,0.060278842524275865,0.06795197012319665,336.501228351408
Simulation_000002,Aluminium 6061,77.02537176217506,0.0641678001064872,0.06795197012319665,336.67615324876186
Simulation_000002,Aluminium 6061,77.02537176217506,0.06805675768869855,0.06795197012319665,336.86361881989285
Simulation_000002,Aluminium 6061,77.02537176217506,0.0719457152709099,0.06795197012319665,337.06408559186025
Simulation_000002,Aluminium 6061,77.02537176217506,0.07583467285312125,0.06795197012319665,337.2780273137401
Simulation_000002,Aluminium 6061,77.02537176217506,0.0797236304353326,0.06795197012319665,337.5059219131043
Simulation_000002,Aluminium 6061,77.02537176217506,0.08361258801754394,0.06795197012319665,337.7482381898887
Simulation_000002,Aluminium 6061,77.02537176217506,0.08750154559975529,0.06795197012319665,338.0054164700982
Simulation_000002,Aluminium 6061,77.02537176217506,0.09139050318196663,0.06795197012319665,338.277840745118
Simulation_000002,Aluminium 6061,77.02537176217506,0.09527946076417797,0.06795197012319665,338.565798878063
Simulation_000002,Aluminium 6061,77.02537176217506,0.09916841834638931,0.06795197012319665,338.86942620691946
Simulation_000002,Aluminium 6061,77.02537176217506,0.10305737592860066,0.06795197012319665,339.1886262749507
Simulation_000002,Aluminium 6061,77.02537176217506,0.10694633351081201,0.06795197012319665,339.52296050111977
Simulation_000002,Aluminium 6061,77.02537176217506,0.11083529109302336,0.06795197012319665,339.8714965705821
Simulation_000002,Aluminium 6061,77.02537176217506,0.1147242486752347,0.06795197012319665,340.2326037581542
Simulation_000002,Aluminium 6061,77.02537176217506,0.11861320625744605,0.06795197012319665,340.60368361202467
Simulation_000002,Aluminium 6061,77.02537176217506,0.1225021638396574,0.06795197012319665,340.98082903375536
Simulation_000002,Aluminium 6061,77.02537176217506,0.12639112142186876,0.06795197012319665,341.35841840930135
Simulation_000002,Aluminium 6061,77.02537176217506,0.1302800790040801,0.06795197012319665,341.72868112379246
Simulation_000002,Aluminium 6061,77.02537176217506,0.13416903658629145,0.06795197012319665,342.08132487522437
Simulation_000002,Aluminium 6061,77.02537176217506,0.13805799416850278,0.06795197012319665,342.4033977434219
Simulation_000002,Aluminium 6061,77.02537176217506,0.14194695175071415,0.06795197012319665,342.6796542897321
Simulation_000002,Aluminium 6061,77.02537176217506,0.14583590933292548,0.06795197012319665,342.89374644353586
Simulation_000002,Aluminium 6061,77.02537176217506,0.14972486691513684,0.06795197012319665,343.0304429343921
Simulation_000002,Aluminium 6061,77.02537176217506,0.15361382449734817,0.06795197012319665,343.07864687582565
Simulation_000002,Aluminium 6061,77.02537176217506,0.15750278207955953,0.06795197012319665,343.0342526091767
Simulation_000002,Aluminium 6061,77.02537176217506,0.16139173966177087,0.06795197012319665,342.9013772355456
Simulation_000002,Aluminium 6061,77.02537176217506,0.16528069724398223,0.06795197012319665,342.6911290271884
Simulation_000002,Aluminium 6061,77.02537176217506,0.16916965482619356,0.06795197012319665,342.41875052702477
Simulation_000002,Aluminium 6061,77.02537176217506,0.17305861240840492,0.06795197012319665,342.10060090824754
Simulation_000002,Aluminium 6061,77.02537176217506,0.17694756999061625,0.06795197012319665,341.75193648564164
Simulation_000002,Aluminium 6061,77.02537176217506,0.18083652757282762,0.06795197012319665,341.3857197726312
Simulation_000002,Aluminium 6061,77.02537176217506,0.18472548515503895,0.06795197012319665,341.01225332528657
Simulation_000002,Aluminium 6061,77.02537176217506,0.18861444273725028,0.06795197012319665,340.63931761725195
Simulation_000002,Aluminium 6061,77.02537176217506,0.19250340031946164,0.06795197012319665,340.2725436702042
Simulation_000002,Aluminium 6061,77.02537176217506,0.19639235790167298,0.06795197012319665,339.9158474835559
Simulation_000002,Aluminium 6061,77.02537176217506,0.20028131548388434,0.06795197012319665,339.5718358483514
Simulation_000002,Aluminium 6061,77.02537176217506,0.20417027306609567,0.06795197012319665,339.2421472127178
Simulation_000002,Aluminium 6061,77.02537176217506,0.20805923064830703,0.06795197012319665,338.9277209442665
Simulation_000002,Aluminium 6061,77.02537176217506,0.21194818823051836,0.06795197012319665,338.6290019535333
Simulation_000002,Aluminium 6061,77.02537176217506,0.21583714581272972,0.06795197012319665,338.34609225133624
Simulation_000002,Aluminium 6061,77.02537176217506,0.21972610339494106,0.06795197012319665,338.0788612273076
Simulation_000002,Aluminium 6061,77.02537176217506,0.22361506097715242,0.06795197012319665,337.8270248697097
Simulation_000002,Aluminium 6061,77.02537176217506,0.22750401855936375,0.06795197012319665,337.5902021139547
Simulation_000002,Aluminium 6061,77.02537176217506,0.2313929761415751,0.06795197012319665,337.3679545895258
Simulation_000002,Aluminium 6061,77.02537176217506,0.23528193372378645,0.06795197012319665,337.15981443571593
Simulation_000002,Aluminium 6061,77.02537176217506,0.2391708913059978,0.06795197012319665,336.9653036049095
Simulation_000002,Aluminium 6061,77.02537176217506,0.24305984888820914,0.06795197012319665,336.78394712778197
Simulation_000002,Aluminium 6061,77.02537176217506,0.2469488064704205,0.06795197012319665,336.61528211809696
Simulation_000002,Aluminium 6061,77.02537176217506,0.2508377640526318,0.06795197012319665,336.4588637878883
Simulation_000002,Aluminium 6061,77.02537176217506,0.25472672163484317,0.06795197012319665,336.3142693781978
Simulation_000002,Aluminium 6061,77.02537176217506,0.2586156792170545,0.06795197012319665,336.1811006481867
Simulation_000002,Aluminium 6061,77.02537176217506,0.26250463679926583,0.06795197012319665,336.05898537777256
Simulation_000002,Aluminium 6061,77.02537176217506,0.2663935943814772,0.06795197012319665,335.9475782049331
Simulation_000002,Aluminium 6061,77.02537176217506,0.27028255196368856,0.06795197012319665,335.84656102324055
Simulation_000002,Aluminium 6061,77.02537176217506,0.27417150954589986,0.06795197012319665,335.7556430970858
Simulation_000002,Aluminium 6061,77.02537176217506,0.2780604671281112,0.06795197012319665,335.674561003602
Simulation_000002,Aluminium 6061,77.02537176217506,0.2819494247103226,0.06795197012319665,335.6030784759083
Simulation_000002,Aluminium 6061,77.02537176217506,0.28583838229253394,0.06795197012319665,335.54098619798435
Simulation_000002,Aluminium 6061,77.02537176217506,0.28972733987474525,0.06795197012319665,335.4881015844047
Simulation_000002,Aluminium 6061,77.02537176217506,0.2936162974569566,0.06795197012319665,335.4442685662819
Simulation_000002,Aluminium 6061,77.02537176217506,0.29750525503916797,0.06795197012319665,335.40935739661535
Simulation_000002,Aluminium 6061,77.02537176217506,0.30139421262137933,0.06795197012319665,335.38326448278326
Simulation_000002,Aluminium 6061,77.02537176217506,0.30528317020359064,0.06795197012319665,335.3659122503686
Simulation_000002,Aluminium 6061,77.02537176217506,0.309172127785802,0.06795197012319665,335.3572490403338
Simulation_000002,Aluminium 6061,77.02537176217506,0.0019444787911056729,0.07051619541086444,335.1540408097762
Simulation_000002,Aluminium 6061,77.02537176217506,0.005833436373317019,0.07051619541086444,335.1788836076123
Simulation_000002,Aluminium 6061,77.02537176217506,0.009722393955528366,0.07051619541086444,335.2126289579889
Simulation_000002,Aluminium 6061,77.02537176217506,0.013611351537739711,0.07051619541086444,335.2553356859709
Simulation_000002,Aluminium 6061,77.02537176217506,0.017500309119951058,0.07051619541086444,335.3070922246796
Simulation_000002,Aluminium 6061,77.02537176217506,0.021389266702162405,0.07051619541086444,335.368016851706
Simulation_000002,Aluminium 6061,77.02537176217506,0.02527822428437375,0.07051619541086444,335.4382580066744
Simulation_000002,Aluminium 6061,77.02537176217506,0.029167181866585096,0.07051619541086444,335.5179946906276
Simulation_000002,Aluminium 6061,77.02537176217506,0.03305613944879644,0.07051619541086444,335.60743694621095
Simulation_000002,Aluminium 6061,77.02537176217506,0.03694509703100779,0.07051619541086444,335.7068264143864
Simulation_000002,Aluminium 6061,77.02537176217506,0.04083405461321914,0.07051619541086444,335.8164369579137
Simulation_000002,Aluminium 6061,77.02537176217506,0.044723012195430484,0.07051619541086444,335.93657533315695
Simulation_000002,Aluminium 6061,77.02537176217506,0.048611969777641824,0.07051619541086444,336.0675818785433
Simulation_000002,Aluminium 6061,77.02537176217506,0.05250092735985317,0.07051619541086444,336.2098311683008
Simulation_000002,Aluminium 6061,77.02537176217506,0.05638988494206452,0.07051619541086444,336.3637325511726
Simulation_000002,Aluminium 6061,77.02537176217506,0.060278842524275865,0.07051619541086444,336.52973045170734
Simulation_000002,Aluminium 6061,77.02537176217506,0.0641678001064872,0.07051619541086444,336.7083042507729
Simulation_000002,Aluminium 6061,77.02537176217506,0.06805675768869855,0.07051619541086444,336.89996747396384
Simulation_000002,Aluminium 6061,77.02537176217506,0.0719457152709099,0.07051619541086444,337.1052658897737
Simulation_000002,Aluminium 6061,77.02537176217506,0.07583467285312125,0.07051619541086444,337.3247739367984
Simulation_000002,Aluminium 6061,77.02537176217506,0.0797236304353326,0.07051619541086444,337.559088636409
Simulation_000002,Aluminium 6061,77.02537176217506,0.08361258801754394,0.07051619541086444,337.80881976944096
Simulation_000002,Aluminium 6061,77.02537176217506,0.08750154559975529,0.07051619541086444,338.07457455327636
Simulation_000002,Aluminium 6061,77.02537176217506,0.09139050318196663,0.07051619541086444,338.3569342811052
Simulation_000002,Aluminium 6061,77.02537176217506,0.09527946076417797,0.07051619541086444,338.6564192868228
Simulation_000002,Aluminium 6061,77.02537176217506,0.09916841834638931,0.07051619541086444,338.9734370615177
Simulation_000002,Aluminium 6061,77.02537176217506,0.10305737592860066,0.07051619541086444,339.3082062408789
Simulation_000002,Aluminium 6061,77.02537176217506,0.10694633351081201,0.07051619541086444,339.6606463987638
Simulation_000002,Aluminium 6061,77.02537176217506,0.11083529109302336,0.07051619541086444,340.0302201297151
Simulation_000002,Aluminium 6061,77.02537176217506,0.1147242486752347,0.07051619541086444,340.4157101279552
Simulation_000002,Aluminium 6061,77.02537176217506,0.11861320625744605,0.07051619541086444,340.81491100603284
Simulation_000002,Aluminium 6061,77.02537176217506,0.1225021638396574,0.07051619541086444,341.22421620703255
Simulation_000002,Aluminium 6061,77.02537176217506,0.12639112142186876,0.07051619541086444,341.6380903142682
Simulation_000002,Aluminium 6061,77.02537176217506,0.1302800790040801,0.07051619541086444,342.0484468359136
Simulation_000002,Aluminium 6061,77.02537176217506,0.13416903658629145,0.07051619541086444,342.4440170974679
Simulation_000002,Aluminium 6061,77.02537176217506,0.13805799416850278,0.07051619541086444,342.80991425154457
Simulation_000002,Aluminium 6061,77.02537176217506,0.14194695175071415,0.07051619541086444,343.1277670075196
Simulation_000002,Aluminium 6061,77.02537176217506,0.14583590933292548,0.07051619541086444,343.3769569472561
Simulation_000002,Aluminium 6061,77.02537176217506,0.14972486691513684,0.07051619541086444,343.5374481359593
Simulation_000002,Aluminium 6061,77.02537176217506,0.15361382449734817,0.07051619541086444,343.5941218780515
Simulation_000002,Aluminium 6061,77.02537176217506,0.15750278207955953,0.07051619541086444,343.5412566131253
Simulation_000002,Aluminium 6061,77.02537176217506,0.16139173966177087,0.07051619541086444,343.3845853210492
Simulation_000002,Aluminium 6061,77.02537176217506,0.16528069724398223,0.07051619541086444,343.1392380598224
Simulation_000002,Aluminium 6061,77.02537176217506,0.16916965482619356,0.07051619541086444,342.8252620125937
Simulation_000002,Aluminium 6061,77.02537176217506,0.17305861240840492,0.07051619541086444,342.46328667478826
Simulation_000002,Aluminium 6061,77.02537176217506,0.17694756999061625,0.07051619541086444,342.0716941862994
Simulation_000002,Aluminium 6061,77.02537176217506,0.18083652757282762,0.07051619541086444,341.66538195888796
Simulation_000002,Aluminium 6061,77.02537176217506,0.18472548515503895,0.07051619541086444,341.25562888976424
Simulation_000002,Aluminium 6061,77.02537176217506,0.18861444273725028,0.07051619541086444,340.8505312951874
Simulation_000002,Aluminium 6061,77.02537176217506,0.19250340031946164,0.07051619541086444,340.4556339615995
Simulation_000002,Aluminium 6061,77.02537176217506,0.19639235790167298,0.07051619541086444,340.07455230487875
Simulation_000002,Aluminium 6061,77.02537176217506,0.20028131548388434,0.07051619541086444,339.709500004898
Simulation_000002,Aluminium 6061,77.02537176217506,0.20417027306609567,0.07051619541086444,339.36170203803226
Simulation_000002,Aluminium 6061,77.02537176217506,0.20805923064830703,0.07051619541086444,339.03170280380687
Simulation_000002,Aluminium 6061,77.02537176217506,0.21194818823051836,0.07051619541086444,338.7195889918977
Simulation_000002,Aluminium 6061,77.02537176217506,0.21583714581272972,0.07051619541086444,338.4251474464427
Simulation_000002,Aluminium 6061,77.02537176217506,0.21972610339494106,0.07051619541086444,338.1479753202807
Simulation_000002,Aluminium 6061,77.02537176217506,0.22361506097715242,0.07051619541086444,337.88755603647553
Simulation_000002,Aluminium 6061,77.02537176217506,0.22750401855936375,0.07051619541086444,337.6433111220353
Simulation_000002,Aluminium 6061,77.02537176217506,0.2313929761415751,0.07051619541086444,337.41463519464713
Simulation_000002,Aluminium 6061,77.02537176217506,0.23528193372378645,0.07051619541086444,337.200919276614
Simulation_000002,Aluminium 6061,77.02537176217506,0.2391708913059978,0.07051619541086444,337.0015660726658
Simulation_000002,Aluminium 6061,77.02537176217506,0.24305984888820914,0.07051619541086444,336.8159997499692
Simulation_000002,Aluminium 6061,77.02537176217506,0.2469488064704205,0.07051619541086444,336.6436719840438
Simulation_000002,Aluminium 6061,77.02537176217506,0.2508377640526318,0.07051619541086444,336.48406549209176
Simulation_000002,Aluminium 6061,77.02537176217506,0.25472672163484317,0.07051619541086444,336.33669589730977
Simulation_000002,Aluminium 6061,77.02537176217506,0.2586156792170545,0.07051619541086444,336.2011125048822
Simulation_000002,Aluminium 6061,77.02537176217506,0.26250463679926583,0.07051619541086444,336.07689838768505
Simulation_000002,Aluminium 6061,77.02537176217506,0.2663935943814772,0.07051619541086444,335.96367005286686
Simulation_000002,Aluminium 6061,77.02537176217506,0.27028255196368856,0.07051619541086444,335.8610768724192
Simulation_000002,Aluminium 6061,77.02537176217506,0.27417150954589986,0.07051619541086444,335.76880039980955
Simulation_000002,Aluminium 6061,77.02537176217506,0.2780604671281112,0.07051619541086444,335.6865536525611
Simulation_000002,Aluminium 6061,77.02537176217506,0.2819494247103226,0.07051619541086444,335.61408041162895
Simulation_000002,Aluminium 6061,77.02537176217506,0.28583838229253394,0.07051619541086444,335.55115456861773
Simulation_000002,Aluminium 6061,77.02537176217506,0.28972733987474525,0.07051619541086444,335.49757953854004
Simulation_000002,Aluminium 6061,77.02537176217506,0.2936162974569566,0.07051619541086444,335.4531877470226
Simulation_000002,Aluminium 6061,77.02537176217506,0.29750525503916797,0.07051619541086444,335.41784019526386
Simulation_000002,Aluminium 6061,77.02537176217506,0.30139421262137933,0.07051619541086444,335.3914261026983
Simulation_000002,Aluminium 6061,77.02537176217506,0.30528317020359064,0.07051619541086444,335.37386262554224
Simulation_000002,Aluminium 6061,77.02537176217506,0.309172127785802,0.07051619541086444,335.3650946487176
Simulation_000002,Aluminium 6061,77.02537176217506,0.0019444787911056729,0.07308042069853224,335.16241503771755
Simulation_000002,Aluminium 6061,77.02537176217506,0.005833436373317019,0.07308042069853224,335.18737061640616
Simulation_000002,Aluminium 6061,77.02537176217506,0.009722393955528366,0.07308042069853224,335.22134341329604
Simulation_000002,Aluminium 6061,77.02537176217506,0.013611351537739711,0.07308042069853224,335.26439606275704
Simulation_000002,Aluminium 6061,77.02537176217506,0.017500309119951058,0.07308042069853224,335.31662281242114
Simulation_000002,Aluminium 6061,77.02537176217506,0.021389266702162405,0.07308042069853224,335.37814988405273
Simulation_000002,Aluminium 6061,77.02537176217506,0.02527822428437375,0.07308042069853224,335.4491359635829
Simulation_000002,Aluminium 6061,77.02537176217506,0.029167181866585096,0.07308042069853224,335.529772826992
Simulation_000002,Aluminium 6061,77.02537176217506,0.03305613944879644,0.07308042069853224,335.6202861090909
Simulation_000002,Aluminium 6061,77.02537176217506,0.03694509703100779,0.07308042069853224,335.7209362214722
Simulation_000002,Aluminium 6061,77.02537176217506,0.04083405461321914,0.07308042069853224,335.83201942342833
Simulation_000002,Aluminium 6061,77.02537176217506,0.044723012195430484,0.07308042069853224,335.9538690446682
Simulation_000002,Aluminium 6061,77.02537176217506,0.048611969777641824,0.07308042069853224,336.0868568500441
Simulation_000002,Aluminium 6061,77.02537176217506,0.05250092735985317,0.07308042069853224,336.2313945225264
Simulation_000002,Aluminium 6061,77.02537176217506,0.05638988494206452,0.07308042069853224,336.38793521883144
Simulation_000002,Aluminium 6061,77.02537176217506,0.060278842524275865,0.07308042069853224,336.556975118757
Simulation_000002,Aluminium 6061,77.02537176217506,0.0641678001064872,0.07308042069853224,336.73905483896
Simulation_000002,Aluminium 6061,77.02537176217506,0.06805675768869855,0.07308042069853224,336.93476050660485
Simulation_000002,Aluminium 6061,77.02537176217506,0.0719457152709099,0.07308042069853224,337.14472417604645
Simulation_000002,Aluminium 6061,77.02537176217506,0.07583467285312125,0.07308042069853224,337.3696231047338
Simulation_000002,Aluminium 6061,77.02537176217506,0.0797236304353326,0.07308042069853224,337.6101771563261
Simulation_000002,Aluminium 6061,77.02537176217506,0.08361258801754394,0.07308042069853224,337.8671432302063
Simulation_000002,Aluminium 6061,77.02537176217506,0.08750154559975529,0.07308042069853224,338.14130506872505
Simulation_000002,Aluminium 6061,77.02537176217506,0.09139050318196663,0.07308042069853224,338.43345598070596
Simulation_000002,Aluminium 6061,77.02537176217506,0.09527946076417797,0.07308042069853224,338.74437081760345
Simulation_000002,Aluminium 6061,77.02537176217506,0.09916841834638931,0.07308042069853224,339.07476177187834
Simulation_000002,Aluminium 6061,77.02537176217506,0.10305737592860066,0.07308042069853224,339.4252100002871
Simulation_000002,Aluminium 6061,77.02537176217506,0.10694633351081201,0.07308042069853224,339.79606142036573
Simulation_000002,Aluminium 6061,77.02537176217506,0.11083529109302336,0.07308042069853224,340.1872700059579
Simulation_000002,Aluminium 6061,77.02537176217506,0.1147242486752347,0.07308042069853224,340.59816543136753
Simulation_000002,Aluminium 6061,77.02537176217506,0.11861320625744605,0.07308042069853224,341.027114568906
Simulation_000002,Aluminium 6061,77.02537176217506,0.1225021638396574,0.07308042069853224,341.47104045128407
Simulation_000002,Aluminium 6061,77.02537176217506,0.12639112142186876,0.07308042069853224,341.92476403353453
Simulation_000002,Aluminium 6061,77.02537176217506,0.1302800790040801,0.07308042069853224,342.38015702020385
Simulation_000002,Aluminium 6061,77.02537176217506,0.13416903658629145,0.07308042069853224,342.8251636441146
Simulation_000002,Aluminium 6061,77.02537176217506,0.13805799416850278,0.07308042069853224,343.24290375785716
Simulation_000002,Aluminium 6061,77.02537176217506,0.14194695175071415,0.07308042069853224,343.61134209313843
Simulation_000002,Aluminium 6061,77.02537176217506,0.14583590933292548,0.07308042069853224,343.9043595375676
Simulation_000002,Aluminium 6061,77.02537176217506,0.14972486691513684,0.07308042069853224,344.0952308142544
Simulation_000002,Aluminium 6061,77.02537176217506,0.15361382449734817,0.07308042069853224,344.1628676812628
Simulation_000002,Aluminium 6061,77.02537176217506,0.15750278207955953,0.07308042069853224,344.09903817397367
Simulation_000002,Aluminium 6061,77.02537176217506,0.16139173966177087,0.07308042069853224,343.9119856549065
Simulation_000002,Aluminium 6061,77.02537176217506,0.16528069724398223,0.07308042069853224,343.62280970649977
Simulation_000002,Aluminium 6061,77.02537176217506,0.16916965482619356,0.07308042069853224,343.25824683135664
Simulation_000002,Aluminium 6061,77.02537176217506,0.17305861240840492,0.07308042069853224,342.8444271954177
Simulation_000002,Aluminium 6061,77.02537176217506,0.17694756999061625,0.07308042069853224,342.40339689102007
Simulation_000002,Aluminium 6061,77.02537176217506,0.18083652757282762,0.07308042069853224,341.9520466028203
Simulation_000002,Aluminium 6061,77.02537176217506,0.18472548515503895,0.07308042069853224,341.50244229123575
Simulation_000002,Aluminium 6061,77.02537176217506,0.18861444273725028,0.07308042069853224,341.06272204386335
Simulation_000002,Aluminium 6061,77.02537176217506,0.19250340031946164,0.07308042069853224,340.638074239798
Simulation_000002,Aluminium 6061,77.02537176217506,0.19639235790167298,0.07308042069853224,340.23158466575524
Simulation_000002,Aluminium 6061,77.02537176217506,0.20028131548388434,0.07308042069853224,339.84489469777276
Simulation_000002,Aluminium 6061,77.02537176217506,0.20417027306609567,0.07308042069853224,339.4786822828397
Simulation_000002,Aluminium 6061,77.02537176217506,0.20805923064830703,0.07308042069853224,339.13300038586885
Simulation_000002,Aluminium 6061,77.02537176217506,0.21194818823051836,0.07308042069853224,338.8075092906732
Simulation_000002,Aluminium 6061,77.02537176217506,0.21583714581272972,0.07308042069853224,338.50163325029666
Simulation_000002,Aluminium 6061,77.02537176217506,0.21972610339494106,0.07308042069853224,338.2146646372487
Simulation_000002,Aluminium 6061,77.02537176217506,0.22361506097715242,0.07308042069853224,337.94583226792116
Simulation_000002,Aluminium 6061,77.02537176217506,0.22750401855936375,0.07308042069853224,337.69434555303997
Simulation_000002,Aluminium 6061,77.02537176217506,0.2313929761415751,0.07308042069853224,337.4594224715829
Simulation_000002,Aluminium 6061,77.02537176217506,0.23528193372378645,0.07308042069853224,337.2403067987112
Simulation_000002,Aluminium 6061,77.02537176217506,0.2391708913059978,0.07308042069853224,337.0362782514281
Simulation_000002,Aluminium 6061,77.02537176217506,0.24305984888820914,0.07308042069853224,336.846658013509
Simulation_000002,Aluminium 6061,77.02537176217506,0.2469488064704205,0.07308042069853224,336.6708112884159
Simulation_000002,Aluminium 6061,77.02537176217506,0.2508377640526318,0.07308042069853224,336.50814798102147
Simulation_000002,Aluminium 6061,77.02537176217506,0.25472672163484317,0.07308042069853224,336.3581222401085
Simulation_000002,Aluminium 6061,77.02537176217506,0.2586156792170545,0.07308042069853224,336.2202313453633
Simulation_000002,Aluminium 6061,77.02537176217506,0.26250463679926583,0.07308042069853224,336.0940142555301
Simulation_000002,Aluminium 6061,77.02537176217506,0.2663935943814772,0.07308042069853224,335.9790500220565
Simulation_000002,Aluminium 6061,77.02537176217506,0.27028255196368856,0.07308042069853224,335.87495619715685
Simulation_000002,Aluminium 6061,77.02537176217506,0.27417150954589986,0.07308042069853224,335.7813873148042
Simulation_000002,Aluminium 6061,77.02537176217506,0.2780604671281112,0.07308042069853224,335.69803348969117
Simulation_000002,Aluminium 6061,77.02537176217506,0.2819494247103226,0.07308042069853224,335.6246191572461
Simulation_000002,Aluminium 6061,77.02537176217506,0.28583838229253394,0.07308042069853224,335.56090196367535
Simulation_000002,Aluminium 6061,77.02537176217506,0.28972733987474525,0.07308042069853224,335.50667180623725
Simulation_000002,Aluminium 6061,77.02537176217506,0.2936162974569566,0.07308042069853224,335.4617500188256
Simulation_000002,Aluminium 6061,77.02537176217506,0.29750525503916797,0.07308042069853224,335.42598869530576
Simulation_000002,Aluminium 6061,77.02537176217506,0.30139421262137933,0.07308042069853224,335.39927014209326
Simulation_000002,Aluminium 6061,77.02537176217506,0.30528317020359064,0.07308042069853224,335.3815064516651
Simulation_000002,Aluminium 6061,77.02537176217506,0.309172127785802,0.07308042069853224,335.3726391896537
Simulation_000002,Aluminium 6061,77.02537176217506,0.0019444787911056729,0.07564464598620005,335.17039402942
Simulation_000002,Aluminium 6061,77.02537176217506,0.005833436373317019,0.07564464598620005,335.19545542502544
Simulation_000002,Aluminium 6061,77.02537176217506,0.009722393955528366,0.07564464598620005,335.2296416486664
Simulation_000002,Aluminium 6061,77.02537176217506,0.013611351537739711,0.07564464598620005,335.27301895959124
Simulation_000002,Aluminium 6061,77.02537176217506,0.017500309119951058,0.07564464598620005,335.3256871417466
Simulation_000002,Aluminium 6061,77.02537176217506,0.021389266702162405,0.07564464598620005,335.38777998740983
Simulation_000002,Aluminium 6061,77.02537176217506,0.02527822428437375,0.07564464598620005,335.45946595774325
Simulation_000002,Aluminium 6061,77.02537176217506,0.029167181866585096,0.07564464598620005,335.5409490332955
Simulation_000002,Aluminium 6061,77.02537176217506,0.03305613944879644,0.07564464598620005,335.632469770065
Simulation_000002,Aluminium 6061,77.02537176217506,0.03694509703100779,0.07564464598620005,335.734306578666
Simulation_000002,Aluminium 6061,77.02537176217506,0.04083405461321914,0.07564464598620005,335.846777245029
Simulation_000002,Aluminium 6061,77.02537176217506,0.044723012195430484,0.07564464598620005,335.97024071031876
Simulation_000002,Aluminium 6061,77.02537176217506,0.048611969777641824,0.07564464598620005,336.10509912448794
Simulation_000002,Aluminium 6061,77.02537176217506,0.05250092735985317,0.07564464598620005,336.2518001807109
Simulation_000002,Aluminium 6061,77.02537176217506,0.05638988494206452,0.07564464598620005,336.4108397248163
Simulation_000002,Aluminium 6061,77.02537176217506,0.060278842524275865,0.07564464598620005,336.5827646115792
Simulation_000002,Aluminium 6061,77.02537176217506,0.0641678001064872,0.07564464598620005,336.76817574355505
Simulation_000002,Aluminium 6061,77.02537176217506,0.06805675768869855,0.07564464598620005,336.96773117068136
Simulation_000002,Aluminium 6061,77.02537176217506,0.0719457152709099,0.07564464598620005,337.18214903888287
Simulation_000002,Aluminium 6061,77.02537176217506,0.07583467285312125,0.07564464598620005,337.41221003607103
Simulation_000002,Aluminium 6061,77.02537176217506,0.0797236304353326,0.07564464598620005,337.65875876750573
Simulation_000002,Aluminium 6061,77.02537176217506,0.08361258801754394,0.07564464598620005,337.9227031581606
Simulation_000002,Aluminium 6061,77.02537176217506,0.08750154559975529,0.07564464598620005,338.2050104635479
Simulation_000002,Aluminium 6061,77.02537176217506,0.09139050318196663,0.07564464598620005,338.50669767353224
Simulation_000002,Aluminium 6061,77.02537176217506,0.09527946076417797,0.07564464598620005,338.8288128639277
Simulation_000002,Aluminium 6061,77.02537176217506,0.09916841834638931,0.07564464598620005,339.1724021568658
Simulation_000002,Aluminium 6061,77.02537176217506,0.10305737592860066,0.07564464598620005,339.53845404878984
Simulation_000002,Aluminium 6061,77.02537176217506,0.10694633351081201,0.07564464598620005,339.92780846212526
Simulation_000002,Aluminium 6061,77.02537176217506,0.11083529109302336,0.07564464598620005,340.3410113215884
Simulation_000002,Aluminium 6061,77.02537176217506,0.1147242486752347,0.07564464598620005,340.7780860243409
Simulation_000002,Aluminium 6061,77.02537176217506,0.11861320625744605,0.07564464598620005,341.23818043929856
Simulation_000002,Aluminium 6061,77.02537176217506,0.1225021638396574,0.07564464598620005,341.7190329932101
Simulation_000002,Aluminium 6061,77.02537176217506,0.12639112142186876,0.07564464598620005,342.2161889887143
Simulation_000002,Aluminium 6061,77.02537176217506,0.1302800790040801,0.07564464598620005,342.72190330981385
Simulation_000002,Aluminium 6061,77.02537176217506,0.13416903658629145,0.07564464598620005,343.2237227635152
Simulation_000002,Aluminium 6061,77.02537176217506,0.13805799416850278,0.07564464598620005,343.7029174608897
Simulation_000002,Aluminium 6061,77.02537176217506,0.14194695175071415,0.07564464598620005,344.1333222166738
Simulation_000002,Aluminium 6061,77.02537176217506,0.14583590933292548,0.07564464598620005,344.4818051254108
Simulation_000002,Aluminium 6061,77.02537176217506,0.14972486691513684,0.07564464598620005,344.71223718233625
Simulation_000002,Aluminium 6061,77.02537176217506,0.15361382449734817,0.07564464598620005,344.7944219135926
Simulation_000002,Aluminium 6061,77.02537176217506,0.15750278207955953,0.07564464598620005,344.71604351289676
Simulation_000002,Aluminium 6061,77.02537176217506,0.16139173966177087,0.07564464598620005,344.4894291644394
Simulation_000002,Aluminium 6061,77.02537176217506,0.16528069724398223,0.07564464598620005,344.1447866622528
Simulation_000002,Aluminium 6061,77.02537176217506,0.16916965482619356,0.07564464598620005,343.7182562158124
Simulation_000002,Aluminium 6061,77.02537176217506,0.17305861240840492,0.07564464598620005,343.242980762098
Simulation_000002,Aluminium 6061,77.02537176217506,0.17694756999061625,0.07564464598620005,342.7451362870004
Simulation_000002,Aluminium 6061,77.02537176217506,0.18083652757282762,0.07564464598620005,342.24346319150226
Simulation_000002,Aluminium 6061,77.02537176217506,0.18472548515503895,0.07564464598620005,341.75042483445503
Simulation_000002,Aluminium 6061,77.02537176217506,0.18861444273725028,0.07564464598620005,341.27377609398155
Simulation_000002,Aluminium 6061,77.02537176217506,0.19250340031946164,0.07564464598620005,340.8179809684316
Simulation_000002,Aluminium 6061,77.02537176217506,0.19639235790167298,0.07564464598620005,340.3853098136894
Simulation_000002,Aluminium 6061,77.02537176217506,0.20028131548388434,0.07564464598620005,339.97662296815247
Simulation_000002,Aluminium 6061,77.02537176217506,0.20417027306609567,0.07564464598620005,339.5919046100213
Simulation_000002,Aluminium 6061,77.02537176217506,0.20805923064830703,0.07564464598620005,339.2306157017841
Simulation_000002,Aluminium 6061,77.02537176217506,0.21194818823051836,0.07564464598620005,338.8919224643787
Simulation_000002,Aluminium 6061,77.02537176217506,0.21583714581272972,0.07564464598620005,338.57484174583414
Simulation_000002,Aluminium 6061,77.02537176217506,0.21972610339494106,0.07564464598620005,338.278331915295
Simulation_000002,Aluminium 6061,77.02537176217506,0.22361506097715242,0.07564464598620005,338.0013484815839
Simulation_000002,Aluminium 6061,77.02537176217506,0.22750401855936375,0.07564464598620005,337.7428770803642
Simulation_000002,Aluminium 6061,77.02537176217506,0.2313929761415751,0.07564464598620005,337.5019520711524
Simulation_000002,Aluminium 6061,77.02537176217506,0.23528193372378645,0.07564464598620005,337.27766608328693
Simulation_000002,Aluminium 6061,77.02537176217506,0.2391708913059978,0.07564464598620005,337.06917395613056
Simulation_000002,Aluminium 6061,77.02537176217506,0.24305984888820914,0.07564464598620005,336.8756932890222
Simulation_000002,Aluminium 6061,77.02537176217506,0.2469488064704205,0.07564464598620005,336.6965030195359
Simulation_000002,Aluminium 6061,77.02537176217506,0.2508377640526318,0.07564464598620005,336.5309409323663
Simulation_000002,Aluminium 6061,77.02537176217506,0.25472672163484317,0.07564464598620005,336.37840066678797
Simulation_000002,Aluminium 6061,77.02537176217506,0.2586156792170545,0.07564464598620005,336.238328574141
Simulation_000002,Aluminium 6061,77.02537176217506,0.26250463679926583,0.07564464598620005,336.11022063687454
Simulation_000002,Aluminium 6061,77.02537176217506,0.2663935943814772,0.07564464598620005,335.99361957060034
Simulation_000002,Aluminium 6061,77.02537176217506,0.27028255196368856,0.07564464598620005,335.8881121730457
Simulation_000002,Aluminium 6061,77.02537176217506,0.27417150954589986,0.07564464598620005,335.7933269474986
Simulation_000002,Aluminium 6061,77.02537176217506,0.2780604671281112,0.07564464598620005,335.7089320059483
Simulation_000002,Aluminium 6061,77.02537176217506,0.2819494247103226,0.07564464598620005,335.63463324384054
Simulation_000002,Aluminium 6061,77.02537176217506,0.28583838229253394,0.07564464598620005,335.5701727710348
Simulation_000002,Aluminium 6061,77.02537176217506,0.28972733987474525,0.07564464598620005,335.5153275800927
Simulation_000002,Aluminium 6061,77.02537176217506,0.2936162974569566,0.07564464598620005,335.46990843207846
Simulation_000002,Aluminium 6061,77.02537176217506,0.29750525503916797,0.07564464598620005,335.4337589407189
Simulation_000002,Aluminium 6061,77.02537176217506,0.30139421262137933,0.07564464598620005,335.40675483746145
Simulation_000002,Aluminium 6061,77.02537176217506,0.30528317020359064,0.07564464598620005,335.38880340229787
Simulation_000002,Aluminium 6061,77.02537176217506,0.309172127785802,0.07564464598620005,335.3798430479471
Simulation_000002,Aluminium 6061,77.02537176217506,0.0019444787911056729,0.07820887127386784,335.17793525309656
Simulation_000002,Aluminium 6061,77.02537176217506,0.005833436373317019,0.07820887127386784,335.20309472474855
Simulation_000002,Aluminium 6061,77.02537176217506,0.009722393955528366,0.07820887127386784,335.2374787845188
Simulation_000002,Aluminium 6061,77.02537176217506,0.013611351537739711,0.07820887127386784,335.2811570975228
Simulation_000002,Aluminium 6061,77.02537176217506,0.017500309119951058,0.07820887127386784,335.33423465240816
Simulation_000002,Aluminium 6061,77.02537176217506,0.021389266702162405,0.07820887127386784,335.3968523641073
Simulation_000002,Aluminium 6061,77.02537176217506,0.02527822428437375,0.07820887127386784,335.46918790020527
Simulation_000002,Aluminium 6061,77.02537176217506,0.029167181866585096,0.07820887127386784,335.5514567504603
Simulation_000002,Aluminium 6061,77.02537176217506,0.03305613944879644,0.07820887127386784,335.64391356393384
Simulation_000002,Aluminium 6061,77.02537176217506,0.03694509703100779,0.07820887127386784,335.74685378298824
Simulation_000002,Aluminium 6061,77.02537176217506,0.04083405461321914,0.07820887127386784,335.86061560791717
Simulation_000002,Aluminium 6061,77.02537176217506,0.044723012195430484,0.07820887127386784,335.9855823298382
Simulation_000002,Aluminium 6061,77.02537176217506,0.048611969777641824,0.07820887127386784,336.12218507214624
Simulation_000002,Aluminium 6061,77.02537176217506,0.05250092735985317,0.07820887127386784,336.27090598136914
Simulation_000002,Aluminium 6061,77.02537176217506,0.05638988494206452,0.07820887127386784,336.43228190520415
Simulation_000002,Aluminium 6061,77.02537176217506,0.060278842524275865,0.07820887127386784,336.60690858644784
Simulation_000002,Aluminium 6061,77.02537176217506,0.0641678001064872,0.07820887127386784,336.7954453826783
Simulation_000002,Aluminium 6061,77.02537176217506,0.06805675768869855,0.07820887127386784,336.99862048684577
Simulation_000002,Aluminium 6061,77.02537176217506,0.0719457152709099,0.07820887127386784,337.2172365637345
Simulation_000002,Aluminium 6061,77.02537176217506,0.07583467285312125,0.07820887127386784,337.4521766161677
Simulation_000002,Aluminium 6061,77.02537176217506,0.0797236304353326,0.07820887127386784,337.7044097281354
Simulation_000002,Aluminium 6061,77.02537176217506,0.08361258801754394,0.07820887127386784,337.9749960599927
Simulation_000002,Aluminium 6061,77.02537176217506,0.08750154559975529,0.07820887127386784,338.265090029341
Simulation_000002,Aluminium 6061,77.02537176217506,0.09139050318196663,0.07820887127386784,338.5759398962579
Simulation_000002,Aluminium 6061,77.02537176217506,0.09527946076417797,0.07820887127386784,338.9088808147713
Simulation_000002,Aluminium 6061,77.02537176217506,0.09916841834638931,0.07820887127386784,339.2653165413366
Simulation_000002,Aluminium 6061,77.02537176217506,0.10305737592860066,0.07820887127386784,339.646681967736
Simulation_000002,Aluminium 6061,77.02537176217506,0.10694633351081201,0.07820887127386784,340.0543737779228
Simulation_000002,Aluminium 6061,77.02537176217506,0.11083529109302336,0.07820887127386784,340.4896287555038
Simulation_000002,Aluminium 6061,77.02537176217506,0.1147242486752347,0.07820887127386784,340.9533170663121
Simulation_000002,Aluminium 6061,77.02537176217506,0.11861320625744605,0.07820887127386784,341.44559930086655
Simulation_000002,Aluminium 6061,77.02537176217506,0.1225021638396574,0.07820887127386784,341.9653696217414
Simulation_000002,Aluminium 6061,77.02537176217506,0.12639112142186876,0.07820887127386784,342.50937439694434
Simulation_000002,Aluminium 6061,77.02537176217506,0.1302800790040801,0.07820887127386784,343.0708677209837
Simulation_000002,Aluminium 6061,77.02537176217506,0.13416903658629145,0.07820887127386784,343.63768067218825
Simulation_000002,Aluminium 6061,77.02537176217506,0.13805799416850278,0.07820887127386784,344.18973709581496
Simulation_000002,Aluminium 6061,77.02537176217506,0.14194695175071415,0.07820887127386784,344.69653797819257
Simulation_000002,Aluminium 6061,77.02537176217506,0.14583590933292548,0.07820887127386784,345.1162126473232
Simulation_000002,Aluminium 6061,77.02537176217506,0.14972486691513684,0.07820887127386784,345.3993460418835
Simulation_000002,Aluminium 6061,77.02537176217506,0.15361382449734817,0.07820887127386784,345.5014388536226
Simulation_000002,Aluminium 6061,77.02537176217506,0.15750278207955953,0.07820887127386784,345.40315143916655
Simulation_000002,Aluminium 6061,77.02537176217506,0.16139173966177087,0.07820887127386784,345.12383480151175
Simulation_000002,Aluminium 6061,77.02537176217506,0.16528069724398223,0.07820887127386784,344.70799955048926
Simulation_000002,Aluminium 6061,77.02537176217506,0.16916965482619356,0.07820887127386784,344.20507193291695
Simulation_000002,Aluminium 6061,77.02537176217506,0.17305861240840492,0.07820887127386784,343.65693363215354
Simulation_000002,Aluminium 6061,77.02537176217506,0.17694756999061625,0.07820887127386784,343.0940944410523
Simulation_000002,Aluminium 6061,77.02537176217506,0.18083652757282762,0.07820887127386784,342.5366410033258
Simulation_000002,Aluminium 6061,77.02537176217506,0.18472548515503895,0.07820887127386784,341.99675238139673
Simulation_000002,Aluminium 6061,77.02537176217506,0.18861444273725028,0.07820887127386784,341.4811842153424
Simulation_000002,Aluminium 6061,77.02537176217506,0.19250340031946164,0.07820887127386784,340.99319940772045
Simulation_000002,Aluminium 6061,77.02537176217506,0.19639235790167298,0.07820887127386784,340.5339125447905
Simulation_000002,Aluminium 6061,77.02537176217506,0.20028131548388434,0.07820887127386784,340.1031712056264
Simulation_000002,Aluminium 6061,77.02537176217506,0.20417027306609567,0.07820887127386784,339.70011275751244
Simulation_000002,Aluminium 6061,77.02537176217506,0.20805923064830703,0.07820887127386784,339.3235072566027
Simulation_000002,Aluminium 6061,77.02537176217506,0.21194818823051836,0.07820887127386784,338.97196410891297
Simulation_000002,Aluminium 6061,77.02537176217506,0.21583714581272972,0.07820887127386784,338.6440537069443
Simulation_000002,Aluminium 6061,77.02537176217506,0.21972610339494106,0.07820887127386784,338.3383767175845
Simulation_000002,Aluminium 6061,77.02537176217506,0.22361506097715242,0.07820887127386784,338.05360149469846
Simulation_000002,Aluminium 6061,77.02537176217506,0.22750401855936375,0.07820887127386784,337.788482316976
Simulation_000002,Aluminium 6061,77.02537176217506,0.2313929761415751,0.07820887127386784,337.5418662837068
Simulation_000002,Aluminium 6061,77.02537176217506,0.23528193372378645,0.07820887127386784,337.31269367779197
Simulation_000002,Aluminium 6061,77.02537176217506,0.2391708913059978,0.07820887127386784,337.09999473414666
Simulation_000002,Aluminium 6061,77.02537176217506,0.24305984888820914,0.07820887127386784,336.90288459483975
Simulation_000002,Aluminium 6061,77.02537176217506,0.2469488064704205,0.07820887127386784,336.7205575173386
Simulation_000002,Aluminium 6061,77.02537176217506,0.2508377640526318,0.07820887127386784,336.5522809606338
Simulation_000002,Aluminium 6061,77.02537176217506,0.25472672163484317,0.07820887127386784,336.3973899019311
Simulation_000002,Aluminium 6061,77.02537176217506,0.2586156792170545,0.07820887127386784,336.2552815698281
Simulation_000002,Aluminium 6061,77.02537176217506,0.26250463679926583,0.07820887127386784,336.1254106787186
Simulation_000002,Aluminium 6061,77.02537176217506,0.2663935943814772,0.07820887127386784,336.00728518886905
Simulation_000002,Aluminium 6061,77.02537176217506,0.27028255196368856,0.07820887127386784,335.90046258179524
Simulation_000002,Aluminium 6061,77.02537176217506,0.27417150954589986,0.07820887127386784,335.8045466215747
Simulation_000002,Aluminium 6061,77.02537176217506,0.2780604671281112,0.07820887127386784,335.7191845635111
Simulation_000002,Aluminium 6061,77.02537176217506,0.2819494247103226,0.07820887127386784,335.6440647683315
Simulation_000002,Aluminium 6061,77.02537176217506,0.28583838229253394,0.07820887127386784,335.5789146804395
Simulation_000002,Aluminium 6061,77.02537176217506,0.28972733987474525,0.07820887127386784,335.52349913119434
Simulation_000002,Aluminium 6061,77.02537176217506,0.2936162974569566,0.07820887127386784,335.47761893180626
Simulation_000002,Aluminium 6061,77.02537176217506,0.29750525503916797,0.07820887127386784,335.44110972466063
Simulation_000002,Aluminium 6061,77.02537176217506,0.30139421262137933,0.07820887127386784,335.41384106638156
Simulation_000002,Aluminium 6061,77.02537176217506,0.30528317020359064,0.07820887127386784,335.39571572051807
Simulation_000002,Aluminium 6061,77.02537176217506,0.309172127785802,0.07820887127386784,335.38666914228673
Simulation_000002,Aluminium 6061,77.02537176217506,0.0019444787911056729,0.08077309656153564,335.1849993534913
Simulation_000002,Aluminium 6061,77.02537176217506,0.005833436373317019,0.08077309656153564,335.21024843032313
Simulation_000002,Aluminium 6061,77.02537176217506,0.009722393955528366,0.08077309656153564,335.2448132591634
Simulation_000002,Aluminium 6061,77.02537176217506,0.013611351537739711,0.08077309656153564,335.2887666584794
Simulation_000002,Aluminium 6061,77.02537176217506,0.017500309119951058,0.08077309656153564,335.34221843817704
Simulation_000002,Aluminium 6061,77.02537176217506,0.021389266702162405,0.08077309656153564,335.4053161158447
Simulation_000002,Aluminium 6061,77.02537176217506,0.02527822428437375,0.08077309656153564,335.47824590139675
Simulation_000002,Aluminium 6061,77.02537176217506,0.029167181866585096,0.08077309656153564,335.56123397616904
Simulation_000002,Aluminium 6061,77.02537176217506,0.03305613944879644,0.08077309656153564,335.65454809980616
Simulation_000002,Aluminium 6061,77.02537176217506,0.03694509703100779,0.08077309656153564,335.75849958604226
Simulation_000002,Aluminium 6061,77.02537176217506,0.04083405461321914,0.08077309656153564,335.87344569674013
Simulation_000002,Aluminium 6061,77.02537176217506,0.044723012195430484,0.08077309656153564,335.99979251227614
Simulation_000002,Aluminium 6061,77.02537176217506,0.048611969777641824,0.08077309656153564,336.13799834536394
Simulation_000002,Aluminium 6061,77.02537176217506,0.05250092735985317,0.08077309656153564,336.288577774313
Simulation_000002,Aluminium 6061,77.02537176217506,0.05638988494206452,0.08077309656153564,336.45210637975265
Simulation_000002,Aluminium 6061,77.02537176217506,0.060278842524275865,0.08077309656153564,336.6292262746315
Simulation_000002,Aluminium 6061,77.02537176217506,0.0641678001064872,0.08077309656153564,336.8206525184021
Simulation_000002,Aluminium 6061,77.02537176217506,0.06805675768869855,0.08077309656153564,337.0271804985405
Simulation_000002,Aluminium 6061,77.02537176217506,0.0719457152709099,0.08077309656153564,337.2496943388568
Simulation_000002,Aluminium 6061,77.02537176217506,0.07583467285312125,0.08077309656153564,337.48917634244964
Simulation_000002,Aluminium 6061,77.02537176217506,0.0797236304353326,0.08077309656153564,337.74671737747656
Simulation_000002,Aluminium 6061,77.02537176217506,0.08361258801754394,0.08077309656153564,338.0235279320662
Simulation_000002,Aluminium 6061,77.02537176217506,0.08750154559975529,0.08077309656153564,338.32094924298354
Simulation_000002,Aluminium 6061,77.02537176217506,0.09139050318196663,0.08077309656153564,338.6404633429252
Simulation_000002,Aluminium 6061,77.02537176217506,0.09527946076417797,0.08077309656153564,338.9836999059846
Simulation_000002,Aluminium 6061,77.02537176217506,0.09916841834638931,0.08077309656153564,339.3524361127313
Simulation_000002,Aluminium 6061,77.02537176217506,0.10305737592860066,0.08077309656153564,339.7485829127926
Simulation_000002,Aluminium 6061,77.02537176217506,0.10694633351081201,0.08077309656153564,340.17414619085463
Simulation_000002,Aluminium 6061,77.02537176217506,0.11083529109302336,0.08077309656153564,340.6311430141985
Simulation_000002,Aluminium 6061,77.02537176217506,0.1147242486752347,0.08077309656153564,341.1214389966786
Simulation_000002,Aluminium 6061,77.02537176217506,0.11861320625744605,0.08077309656153564,341.6464491480358
Simulation_000002,Aluminium 6061,77.02537176217506,0.1225021638396574,0.08077309656153564,342.2066061773706
Simulation_000002,Aluminium 6061,77.02537176217506,0.12639112142186876,0.08077309656153564,342.80044170070494
Simulation_000002,Aluminium 6061,77.02537176217506,0.1302800790040801,0.08077309656153564,343.42304812067425
Simulation_000002,Aluminium 6061,77.02537176217506,0.13416903658629145,0.08077309656153564,344.0636205460142
Simulation_000002,Aluminium 6061,77.02537176217506,0.13805799416850278,0.08077309656153564,344.70183000724495
Simulation_000002,Aluminium 6061,77.02537176217506,0.14194695175071415,0.08077309656153564,345.3032559638193
Simulation_000002,Aluminium 6061,77.02537176217506,0.14583590933292548,0.08077309656153564,345.81562489205936
Simulation_000002,Aluminium 6061,77.02537176217506,0.14972486691513684,0.08077309656153564,346.17081843273127
Simulation_000002,Aluminium 6061,77.02537176217506,0.15361382449734817,0.08077309656153564,346.30123319968567
Simulation_000002,Aluminium 6061,77.02537176217506,0.15750278207955953,0.08077309656153564,346.17462299964006
Simulation_000002,Aluminium 6061,77.02537176217506,0.16139173966177087,0.08077309656153564,345.8232453690508
Simulation_000002,Aluminium 6061,77.02537176217506,0.16528069724398223,0.08077309656153564,345.3147149789182
Simulation_000002,Aluminium 6061,77.02537176217506,0.16916965482619356,0.08077309656153564,344.71716135667447
Simulation_000002,Aluminium 6061,77.02537176217506,0.17305861240840492,0.08077309656153564,344.0828690192025
Simulation_000002,Aluminium 6061,77.02537176217506,0.17694756999061625,0.08077309656153564,343.4462692669085
Simulation_000002,Aluminium 6061,77.02537176217506,0.18083652757282762,0.08077309656153564,342.82770153742626
Simulation_000002,Aluminium 6061,77.02537176217506,0.18472548515503895,0.08077309656153564,342.23798084011617
Simulation_000002,Aluminium 6061,77.02537176217506,0.18861444273725028,0.08077309656153564,341.6820244820573
Simulation_000002,Aluminium 6061,77.02537176217506,0.19250340031946164,0.08077309656153564,341.16131009029607
Simulation_000002,Aluminium 6061,77.02537176217506,0.19639235790167298,0.08077309656153564,340.6754136739932
Simulation_000002,Aluminium 6061,77.02537176217506,0.20028131548388434,0.08077309656153564,340.222928358855
Simulation_000002,Aluminium 6061,77.02537176217506,0.20417027306609567,0.08077309656153564,339.80199602587413
Simulation_000002,Aluminium 6061,77.02537176217506,0.20805923064830703,0.08077309656153564,339.41060640452
Simulation_000002,Aluminium 6061,77.02537176217506,0.21194818823051836,0.08077309656153564,339.0467596516364
Simulation_000002,Aluminium 6061,77.02537176217506,0.21583714581272972,0.08077309656153564,338.70855004723893
Simulation_000002,Aluminium 6061,77.02537176217506,0.21972610339494106,0.08077309656153564,338.3942047723926
Simulation_000002,Aluminium 6061,77.02537176217506,0.22361506097715242,0.08077309656153564,338.10209759114
Simulation_000002,Aluminium 6061,77.02537176217506,0.22750401855936375,0.08077309656153564,337.83074893064395
Simulation_000002,Aluminium 6061,77.02537176217506,0.2313929761415751,0.08077309656153564,337.5788189817224
Simulation_000002,Aluminium 6061,77.02537176217506,0.23528193372378645,0.08077309656153564,337.34509759838306
Simulation_000002,Aluminium 6061,77.02537176217506,0.2391708913059978,0.08077309656153564,337.1284931168391
Simulation_000002,Aluminium 6061,77.02537176217506,0.24305984888820914,0.08077309656153564,336.9280212491185
Simulation_000002,Aluminium 6061,77.02537176217506,0.2469488064704205,0.08077309656153564,336.7427946466003
Simulation_000002,Aluminium 6061,77.02537176217506,0.2508377640526318,0.08077309656153564,336.5720134070394
Simulation_000002,Aluminium 6061,77.02537176217506,0.25472672163484317,0.08077309656153564,336.4149566167303
Simulation_000002,Aluminium 6061,77.02537176217506,0.2586156792170545,0.08077309656153564,336.2709749196982
Simulation_000002,Aluminium 6061,77.02537176217506,0.26250463679926583,0.08077309656153564,336.1394840541037
Simulation_000002,Aluminium 6061,77.02537176217506,0.2663935943814772,0.08077309656153564,336.0199592722479
Simulation_000002,Aluminium 6061,77.02537176217506,0.27028255196368856,0.08077309656153564,335.91193055266564
Simulation_000002,Aluminium 6061,77.02537176217506,0.27417150954589986,0.08077309656153564,335.81497851375275
Simulation_000002,Aluminium 6061,77.02537176217506,0.2780604671281112,0.08077309656153564,335.7287309439713
Simulation_000002,Aluminium 6061,77.02537176217506,0.2819494247103226,0.08077309656153564,335.6528598715189
Simulation_000002,Aluminium 6061,77.02537176217506,0.28583838229253394,0.08077309656153564,335.58707910502176
Simulation_000002,Aluminium 6061,77.02537176217506,0.28972733987474525,0.08077309656153564,335.5311421855615
Simulation_000002,Aluminium 6061,77.02537176217506,0.2936162974569566,0.08077309656153564,335.4848406987726
Simulation_000002,Aluminium 6061,77.02537176217506,0.29750525503916797,0.08077309656153564,335.44800290368255
Simulation_000002,Aluminium 6061,77.02537176217506,0.30139421262137933,0.08077309656153564,335.4204926423453
Simulation_000002,Aluminium 6061,77.02537176217506,0.30528317020359064,0.08077309656153564,335.4022085011812
Simulation_000002,Aluminium 6061,77.02537176217506,0.309172127785802,0.08077309656153564,335.39308320132864
Simulation_000002,Aluminium 6061,77.02537176217506,0.0019444787911056729,0.08333732184920344,335.19155045194805
Simulation_000002,Aluminium 6061,77.02537176217506,0.005833436373317019,0.08333732184920344,335.21687998715953
Simulation_000002,Aluminium 6061,77.02537176217506,0.009722393955528366,0.08333732184920344,335.25160715051175
Simulation_000002,Aluminium 6061,77.02537176217506,0.013611351537739711,0.08333732184920344,335.2958076294345
Simulation_000002,Aluminium 6061,77.02537176217506,0.017500309119951058,0.08333732184920344,335.3495956222765
Simulation_000002,Aluminium 6061,77.02537176217506,0.021389266702162405,0.08333732184920344,335.41312466042865
Simulation_000002,Aluminium 6061,77.02537176217506,0.02527822428437375,0.08333732184920344,335.4865887408748
Simulation_000002,Aluminium 6061,77.02537176217506,0.029167181866585096,0.08333732184920344,335.5702238015549
Simulation_000002,Aluminium 6061,77.02537176217506,0.03305613944879644,0.08333732184920344,335.6643095815535
Simulation_000002,Aluminium 6061,77.02537176217506,0.03694509703100779,0.08333732184920344,335.7691719188307
Simulation_000002,Aluminium 6061,77.02537176217506,0.04083405461321914,0.08333732184920344,335.88518555025667
Simulation_000002,Aluminium 6061,77.02537176217506,0.044723012195430484,0.08333732184920344,336.01277749235743
Simulation_000002,Aluminium 6061,77.02537176217506,0.048611969777641824,0.08333732184920344,336.15243109669746
Simulation_000002,Aluminium 6061,77.02537176217506,0.05250092735985317,0.08333732184920344,336.3046908914129
Simulation_000002,Aluminium 6061,77.02537176217506,0.05638988494206452,0.08333732184920344,336.470168340146
Simulation_000002,Aluminium 6061,77.02537176217506,0.060278842524275865,0.08333732184920344,336.64954867130973
Simulation_000002,Aluminium 6061,77.02537176217506,0.0641678001064872,0.08333732184920344,336.8435989534769
Simulation_000002,Aluminium 6061,77.02537176217506,0.06805675768869855,0.08333732184920344,337.05317761495195
Simulation_000002,Aluminium 6061,77.02537176217506,0.0719457152709099,0.08333732184920344,337.27924562358766
Simulation_000002,Aluminium 6061,77.02537176217506,0.07583467285312125,0.08333732184920344,337.5228795495671
Simulation_000002,Aluminium 6061,77.02537176217506,0.0797236304353326,0.08333732184920344,337.78528671601526
Simulation_000002,Aluminium 6061,77.02537176217506,0.08361258801754394,0.08333732184920344,338.0678225757369
Simulation_000002,Aluminium 6061,77.02537176217506,0.08750154559975529,0.08333732184920344,338.37201029314843
Simulation_000002,Aluminium 6061,77.02537176217506,0.09139050318196663,0.08333732184920344,338.69956217880815
Simulation_000002,Aluminium 6061,77.02537176217506,0.09527946076417797,0.08333732184920344,339.05240197489417
Simulation_000002,Aluminium 6061,77.02537176217506,0.09916841834638931,0.08333732184920344,339.43268575911725
Simulation_000002,Aluminium 6061,77.02537176217506,0.10305737592860066,0.08333732184920344,339.8428169372782
Simulation_000002,Aluminium 6061,77.02537176217506,0.10694633351081201,0.08333732184920344,340.2854465391981
Simulation_000002,Aluminium 6061,77.02537176217506,0.11083529109302336,0.08333732184920344,340.76344217582647
Simulation_000002,Aluminium 6061,77.02537176217506,0.1147242486752347,0.08333732184920344,341.27979454296815
Simulation_000002,Aluminium 6061,77.02537176217506,0.11861320625744605,0.08333732184920344,341.8374038303241
Simulation_000002,Aluminium 6061,77.02537176217506,0.1225021638396574,0.08333732184920344,342.43864037523656
Simulation_000002,Aluminium 6061,77.02537176217506,0.12639112142186876,0.08333732184920344,343.08448941111715
Simulation_000002,Aluminium 6061,77.02537176217506,0.1302800790040801,0.08333732184920344,343.7729500097468
Simulation_000002,Aluminium 6061,77.02537176217506,0.13416903658629145,0.08333732184920344,344.4961578077371
Simulation_000002,Aluminium 6061,77.02537176217506,0.13805799416850278,0.08333732184920344,345.23551653411647
Simulation_000002,Aluminium 6061,77.02537176217506,0.14194695175071415,0.08333732184920344,345.9543192241898
Simulation_000002,Aluminium 6061,77.02537176217506,0.14583590933292548,0.08333732184920344,346.58901629203143
Simulation_000002,Aluminium 6061,77.02537176217506,0.14972486691513684,0.08333732184920344,347.04567343441096
Simulation_000002,Aluminium 6061,77.02537176217506,0.15361382449734817,0.08333732184920344,347.2184352365015
Simulation_000002,Aluminium 6061,77.02537176217506,0.15750278207955953,0.08333732184920344,347.0494772802532
Simulation_000002,Aluminium 6061,77.02537176217506,0.16139173966177087,0.08333732184920344,346.59663531239613
Simulation_000002,Aluminium 6061,77.02537176217506,0.16528069724398223,0.08333732184920344,345.96577601786333
Simulation_000002,Aluminium 6061,77.02537176217506,0.16916965482619356,0.08333732184920344,345.2508448528325
Simulation_000002,Aluminium 6061,77.02537176217506,0.17305861240840492,0.08333732184920344,344.51540238041423
Simulation_000002,Aluminium 6061,77.02537176217506,0.17694756999061625,0.08333732184920344,343.79616630809875
Simulation_000002,Aluminium 6061,77.02537176217506,0.18083652757282762,0.08333732184920344,343.11174335661286
Simulation_000002,Aluminium 6061,77.02537176217506,0.18472548515503895,0.08333732184920344,342.4700079873963
Simulation_000002,Aluminium 6061,77.02537176217506,0.18861444273725028,0.08333732184920344,341.87297081635484
Simulation_000002,Aluminium 6061,77.02537176217506,0.19250340031946164,0.08333732184920344,341.3196558287668
Simulation_000002,Aluminium 6061,77.02537176217506,0.19639235790167298,0.08333732184920344,340.8077013784179
Simulation_000002,Aluminium 6061,77.02537176217506,0.20028131548388434,0.08333732184920344,340.33421538072093
Simulation_000002,Aluminium 6061,77.02537176217506,0.20417027306609567,0.08333732184920344,339.89621460068724
Simulation_000002,Aluminium 6061,77.02537176217506,0.20805923064830703,0.08333732184920344,339.49083818583676
Simulation_000002,Aluminium 6061,77.02537176217506,0.21194818823051836,0.08333732184920344,339.115441104728
Simulation_000002,Aluminium 6061,77.02537176217506,0.21583714581272972,0.08333732184920344,338.76762513248786
Simulation_000002,Aluminium 6061,77.02537176217506,0.21972610339494106,0.08333732184920344,338.4452384979781
Simulation_000002,Aluminium 6061,77.02537176217506,0.22361506097715242,0.08333732184920344,338.1463608348666
Simulation_000002,Aluminium 6061,77.02537176217506,0.22750401855936375,0.08333732184920344,337.8692822219401
Simulation_000002,Aluminium 6061,77.02537176217506,0.2313929761415751,0.08333732184920344,337.61248084250127
Simulation_000002,Aluminium 6061,77.02537176217506,0.23528193372378645,0.08333732184920344,337.3746014953927
Simulation_000002,Aluminium 6061,77.02537176217506,0.2391708913059978,0.08333732184920344,337.15443595929986
Simulation_000002,Aluminium 6061,77.02537176217506,0.24305984888820914,0.08333732184920344,336.95090556289273
Simulation_000002,Aluminium 6061,77.02537176217506,0.2469488064704205,0.08333732184920344,336.76304598165314
Simulation_000002,Aluminium 6061,77.02537176217506,0.2508377640526318,0.08333732184920344,336.58999412294514
Simulation_000002,Aluminium 6061,77.02537176217506,0.25472672163484317,0.08333732184920344,336.43097689424826
Simulation_000002,Aluminium 6061,77.02537176217506,0.2586156792170545,0.08333732184920344,336.2853016315253
Simulation_000002,Aluminium 6061,77.02537176217506,0.26250463679926583,0.08333732184920344,336.15234797125424
Simulation_000002,Aluminium 6061,77.02537176217506,0.2663935943814772,0.08333732184920344,336.031560967534
Simulation_000002,Aluminium 6061,77.02537176217506,0.27028255196368856,0.08333732184920344,335.92244527779553
Simulation_000002,Aluminium 6061,77.02537176217506,0.27417150954589986,0.08333732184920344,335.82456026335
Simulation_000002,Aluminium 6061,77.02537176217506,0.2780604671281112,0.08333732184920344,335.73751587249353
Simulation_000002,Aluminium 6061,77.02537176217506,0.2819494247103226,0.08333732184920344,335.66096919340265
Simulation_000002,Aluminium 6061,77.02537176217506,0.28583838229253394,0.08333732184920344,335.59462158139434
Simulation_000002,Aluminium 6061,77.02537176217506,0.28972733987474525,0.08333732184920344,335.5382162803444
Simulation_000002,Aluminium 6061,77.02537176217506,0.2936162974569566,0.08333732184920344,335.49153647137814
Simulation_000002,Aluminium 6061,77.02537176217506,0.29750525503916797,0.08333732184920344,335.45440369359994
Simulation_000002,Aluminium 6061,77.02537176217506,0.30139421262137933,0.08333732184920344,335.42667659189163
Simulation_000002,Aluminium 6061,77.02537176217506,0.30528317020359064,0.08333732184920344,335.4082499559259
Simulation_000002,Aluminium 6061,77.02537176217506,0.309172127785802,0.08333732184920344,335.39905402274394
Simulation_000002,Aluminium 6061,77.02537176217506,0.0019444787911056729,0.08590154713687123,335.1975564242922
Simulation_000002,Aluminium 6061,77.02537176217506,0.005833436373317019,0.08590154713687123,335.22295665598654
Simulation_000002,Aluminium 6061,77.02537176217506,0.009722393955528366,0.08590154713687123,335.25782647454486
Simulation_000002,Aluminium 6061,77.02537176217506,0.013611351537739711,0.08590154713687123,335.3022441222735
Simulation_000002,Aluminium 6061,77.02537176217506,0.017500309119951058,0.08590154713687123,335.3563277070931
Simulation_000002,Aluminium 6061,77.02537176217506,0.021389266702162405,0.08590154713687123,335.4202361210087
Simulation_000002,Aluminium 6061,77.02537176217506,0.02527822428437375,0.08590154713687123,335.4941703074459
Simulation_000002,Aluminium 6061,77.02537176217506,0.029167181866585096,0.08590154713687123,335.57837491580494
Simulation_000002,Aluminium 6061,77.02537176217506,0.03305613944879644,0.08590154713687123,335.673140393443
Simulation_000002,Aluminium 6061,77.02537176217506,0.03694509703100779,0.08590154713687123,335.77880557883236
Simulation_000002,Aluminium 6061,77.02537176217506,0.04083405461321914,0.08590154713687123,335.89576087533914
Simulation_000002,Aluminium 6061,77.02537176217506,0.044723012195430484,0.08590154713687123,336.0244521035361
Simulation_000002,Aluminium 6061,77.02537176217506,0.048611969777641824,0.08590154713687123,336.16538515189023
Simulation_000002,Aluminium 6061,77.02537176217506,0.05250092735985317,0.08590154713687123,336.31913157191406
Simulation_000002,Aluminium 6061,77.02537176217506,0.05638988494206452,0.08590154713687123,336.4863352953924
Simulation_000002,Aluminium 6061,77.02537176217506,0.060278842524275865,0.08590154713687123,336.6677206892042
Simulation_000002,Aluminium 6061,77.02537176217506,0.0641678001064872,0.08590154713687123,336.8641022086616
Simulation_000002,Aluminium 6061,77.02537176217506,0.06805675768869855,0.08590154713687123,337.0763959641732
Simulation_000002,Aluminium 6061,77.02537176217506,0.0719457152709099,0.08590154713687123,337.3056335788077
Simulation_000002,Aluminium 6061,77.02537176217506,0.07583467285312125,0.08590154713687123,337.5529787849949
Simulation_000002,Aluminium 6061,77.02537176217506,0.0797236304353326,0.08590154713687123,337.81974728307114
Simulation_000002,Aluminium 6061,77.02537176217506,0.08361258801754394,0.08590154713687123,338.10743045220556
Simulation_000002,Aluminium 6061,77.02537176217506,0.08750154559975529,0.08590154713687123,338.4177235421779
Simulation_000002,Aluminium 6061,77.02537176217506,0.09139050318196663,0.08590154713687123,338.75255893390613
Simulation_000002,Aluminium 6061,77.02537176217506,0.09527946076417797,0.08590154713687123,339.1141448388043
Simulation_000002,Aluminium 6061,77.02537176217506,0.09916841834638931,0.08590154713687123,339.5050092141149
Simulation_000002,Aluminium 6061,77.02537176217506,0.10305737592860066,0.08590154713687123,339.92804730805955
Simulation_000002,Aluminium 6061,77.02537176217506,0.10694633351081201,0.08590154713687123,340.3865683240831
Simulation_000002,Aluminium 6061,77.02537176217506,0.11083529109302336,0.08590154713687123,340.8843306177638
Simulation_000002,Aluminium 6061,77.02537176217506,0.1147242486752347,0.08590154713687123,341.4255424030686
Simulation_000002,Aluminium 6061,77.02537176217506,0.11861320625744605,0.08590154713687123,342.01477966044945
Simulation_000002,Aluminium 6061,77.02537176217506,0.1225021638396574,0.08590154713687123,342.65672181233776
Simulation_000002,Aluminium 6061,77.02537176217506,0.12639112142186876,0.08590154713687123,343.35550344127677
Simulation_000002,Aluminium 6061,77.02537176217506,0.1302800790040801,0.08590154713687123,344.11328089598527
Simulation_000002,Aluminium 6061,77.02537176217506,0.13416903658629145,0.08590154713687123,344.9272466701663
Simulation_000002,Aluminium 6061,77.02537176217506,0.13805799416850278,0.08590154713687123,345.78374493219656
Simulation_000002,Aluminium 6061,77.02537176217506,0.14194695175071415,0.08590154713687123,346.64757835913036
Simulation_000002,Aluminium 6061,77.02537176217506,0.14583590933292548,0.08590154713687123,347.4454610959285
Simulation_000002,Aluminium 6061,77.02537176217506,0.14972486691513684,0.08590154713687123,348.0496156100988
Simulation_000002,Aluminium 6061,77.02537176217506,0.15361382449734817,0.08590154713687123,348.28986982355093
Simulation_000002,Aluminium 6061,77.02537176217506,0.15750278207955953,0.08590154713687123,348.0534188499279
Simulation_000002,Aluminium 6061,77.02537176217506,0.16139173966177087,0.08590154713687123,347.4530788918344
Simulation_000002,Aluminium 6061,77.02537176217506,0.16528069724398223,0.08590154713687123,346.6590332848147
Simulation_000002,Aluminium 6061,77.02537176217506,0.16916965482619356,0.08590154713687123,345.7990707012134
Simulation_000002,Aluminium 6061,77.02537176217506,0.17305861240840492,0.08590154713687123,344.94648795948694
Simulation_000002,Aluminium 6061,77.02537176217506,0.17694756999061625,0.08590154713687123,344.13649311069486
Simulation_000002,Aluminium 6061,77.02537176217506,0.18083652757282762,0.08590154713687123,343.3827524203667
Simulation_000002,Aluminium 6061,77.02537176217506,0.18472548515503895,0.08590154713687123,342.6880834755603
Simulation_000002,Aluminium 6061,77.02537176217506,0.18861444273725028,0.08590154713687123,342.05033959621613
Simulation_000002,Aluminium 6061,77.02537176217506,0.19250340031946164,0.08590154713687123,341.46539539739416
Simulation_000002,Aluminium 6061,77.02537176217506,0.19639235790167298,0.08590154713687123,340.9285801242893
Simulation_000002,Aluminium 6061,77.02537176217506,0.20028131548388434,0.08590154713687123,340.43532587525476
Simulation_000002,Aluminium 6061,77.02537176217506,0.20417027306609567,0.08590154713687123,339.981431867587
Simulation_000002,Aluminium 6061,77.02537176217506,0.20805923064830703,0.08590154713687123,339.56314647089346
Simulation_000002,Aluminium 6061,77.02537176217506,0.21194818823051836,0.08590154713687123,339.1771664425471
Simulation_000002,Aluminium 6061,77.02537176217506,0.21583714581272972,0.08590154713687123,338.8206016728027
Simulation_000002,Aluminium 6061,77.02537176217506,0.21972610339494106,0.08590154713687123,338.4909284629576
Simulation_000002,Aluminium 6061,77.02537176217506,0.22361506097715242,0.08590154713687123,338.1859419230515
Simulation_000002,Aluminium 6061,77.02537176217506,0.22750401855936375,0.08590154713687123,337.90371199988016
Simulation_000002,Aluminium 6061,77.02537176217506,0.2313929761415751,0.08590154713687123,337.64254472151674
Simulation_000002,Aluminium 6061,77.02537176217506,0.23528193372378645,0.08590154713687123,337.40094888121047
Simulation_000002,Aluminium 6061,77.02537176217506,0.2391708913059978,0.08590154713687123,337.1776077905637
Simulation_000002,Aluminium 6061,77.02537176217506,0.24305984888820914,0.08590154713687123,336.97135551403045
Simulation_000002,Aluminium 6061,77.02537176217506,0.2469488064704205,0.08590154713687123,336.7811569561552
Simulation_000002,Aluminium 6061,77.02537176217506,0.2508377640526318,0.08590154713687123,336.6060912108396
Simulation_000002,Aluminium 6061,77.02537176217506,0.25472672163484317,0.08590154713687123,336.44533764967633
Simulation_000002,Aluminium 6061,77.02537176217506,0.2586156792170545,0.08590154713687123,336.29816430076767
Simulation_000002,Aluminium 6061,77.02537176217506,0.26250463679926583,0.08590154713687123,336.16391813999167
Simulation_000002,Aluminium 6061,77.02537176217506,0.2663935943814772,0.08590154713687123,336.04201697932194
Simulation_000002,Aluminium 6061,77.02537176217506,0.27028255196368856,0.08590154713687123,335.9319426905341
Simulation_000002,Aluminium 6061,77.02537176217506,0.27417150954589986,0.08590154713687123,335.83323554785954
Simulation_000002,Aluminium 6061,77.02537176217506,0.2780604671281112,0.08590154713687123,335.74548951084546
Simulation_000002,Aluminium 6061,77.02537176217506,0.2819494247103226,0.08590154713687123,335.6683482999638
Simulation_000002,Aluminium 6061,77.02537176217506,0.28583838229253394,0.08590154713687123,335.60150214348164
Simulation_000002,Aluminium 6061,77.02537176217506,0.28972733987474525,0.08590154713687123,335.5446850957126
Simulation_000002,Aluminium 6061,77.02537176217506,0.2936162974569566,0.08590154713687123,335.497672844861
Simulation_000002,Aluminium 6061,77.02537176217506,0.29750525503916797,0.08590154713687123,335.4602809439395
Simulation_000002,Aluminium 6061,77.02537176217506,0.30139421262137933,0.08590154713687123,335.4323634112687
Simulation_000002,Aluminium 6061,77.02537176217506,0.30528317020359064,0.08590154713687123,335.4138116583398
Simulation_000002,Aluminium 6061,77.02537176217506,0.309172127785802,0.08590154713687123,335.40455371273924
Simulation_000002,Aluminium 6061,77.02537176217506,0.0019444787911056729,0.08846577242453903,335.20298915367624
Simulation_000002,Aluminium 6061,77.02537176217506,0.005833436373317019,0.08846577242453903,335.2284497720032
Simulation_000002,Aluminium 6061,77.02537176217506,0.009722393955528366,0.08846577242453903,335.2634414573359
Simulation_000002,Aluminium 6061,77.02537176217506,0.013611351537739711,0.08846577242453903,335.30804466577985
Simulation_000002,Aluminium 6061,77.02537176217506,0.017500309119951058,0.08846577242453903,335.36238089405435
Simulation_000002,Aluminium 6061,77.02537176217506,0.021389266702162405,0.08846577242453903,335.4266136829711
Simulation_000002,Aluminium 6061,77.02537176217506,0.02527822428437375,0.08846577242453903,335.50095000384096
Simulation_000002,Aluminium 6061,77.02537176217506,0.029167181866585096,0.08846577242453903,335.58564207157684
Simulation_000002,Aluminium 6061,77.02537176217506,0.03305613944879644,0.08846577242453903,335.6809896421696
Simulation_000002,Aluminium 6061,77.02537176217506,0.03694509703100779,0.08846577242453903,335.7873428683624
Simulation_000002,Aluminium 6061,77.02537176217506,0.04083405461321914,0.08846577242453903,335.9051058064482
Simulation_000002,Aluminium 6061,77.02537176217506,0.044723012195430484,0.08846577242453903,336.0347406900843
Simulation_000002,Aluminium 6061,77.02537176217506,0.048611969777641824,0.08846577242453903,336.1767731150026
Simulation_000002,Aluminium 6061,77.02537176217506,0.05250092735985317,0.08846577242453903,336.3317983129649
Simulation_000002,Aluminium 6061,77.02537176217506,0.05638988494206452,0.08846577242453903,336.5004887361543
Simulation_000002,Aluminium 6061,77.02537176217506,0.060278842524275865,0.08846577242453903,336.68360322683503
Simulation_000002,Aluminium 6061,77.02537176217506,0.0641678001064872,0.08846577242453903,336.8819981146321
Simulation_000002,Aluminium 6061,77.02537176217506,0.06805675768869855,0.08846577242453903,337.09664066910335
Simulation_000002,Aluminium 6061,77.02537176217506,0.0719457152709099,0.08846577242453903,337.3286254432502
Simulation_000002,Aluminium 6061,77.02537176217506,0.07583467285312125,0.08846577242453903,337.57919418004235
Simulation_000002,Aluminium 6061,77.02537176217506,0.0797236304353326,0.08846577242453903,337.8497601253777
Simulation_000002,Aluminium 6061,77.02537176217506,0.08361258801754394,0.08846577242453903,338.1419378032269
Simulation_000002,Aluminium 6061,77.02537176217506,0.08750154559975529,0.08846577242453903,338.45757956495237
Simulation_000002,Aluminium 6061,77.02537176217506,0.09139050318196663,0.08846577242453903,338.7988205182261
Simulation_000002,Aluminium 6061,77.02537176217506,0.09527946076417797,0.08846577242453903,339.1681337404253
Simulation_000002,Aluminium 6061,77.02537176217506,0.09916841834638931,0.08846577242453903,339.56839789820503
Simulation_000002,Aluminium 6061,77.02537176217506,0.10305737592860066,0.08846577242453903,340.00297930947477
Simulation_000002,Aluminium 6061,77.02537176217506,0.10694633351081201,0.08846577242453903,340.4758295815587
Simulation_000002,Aluminium 6061,77.02537176217506,0.11083529109302336,0.08846577242453903,340.99159706042064
Simulation_000002,Aluminium 6061,77.02537176217506,0.1147242486752347,0.08846577242453903,341.5557427442967
Simulation_000002,Aluminium 6061,77.02537176217506,0.11861320625744605,0.08846577242453903,342.17463292331274
Simulation_000002,Aluminium 6061,77.02537176217506,0.1225021638396574,0.08846577242453903,342.8555375803962
Simulation_000002,Aluminium 6061,77.02537176217506,0.12639112142186876,0.08846577242453903,343.60636348603225
Simulation_000002,Aluminium 6061,77.02537176217506,0.1302800790040801,0.08846577242453903,344.4347219784644
Simulation_000002,Aluminium 6061,77.02537176217506,0.13416903658629145,0.08846577242453903,345.3454204492179
Simulation_000002,Aluminium 6061,77.02537176217506,0.13805799416850278,0.08846577242453903,346.33439219455335
Simulation_000002,Aluminium 6061,77.02537176217506,0.14194695175071415,0.08846577242453903,347.37514326935286
Simulation_000002,Aluminium 6061,77.02537176217506,0.14583590933292548,0.08846577242453903,348.3917827655667
Simulation_000002,Aluminium 6061,77.02537176217506,0.14972486691513684,0.08846577242453903,349.2174305011661
Simulation_000002,Aluminium 6061,77.02537176217506,0.15361382449734817,0.08846577242453903,349.57422561078084
Simulation_000002,Aluminium 6061,77.02537176217506,0.15750278207955953,0.08846577242453903,349.22123325508494
Simulation_000002,Aluminium 6061,77.02537176217506,0.16139173966177087,0.08846577242453903,348.3993995793743
Simulation_000002,Aluminium 6061,77.02537176217506,0.16528069724398223,0.08846577242453903,347.3865966960084
Simulation_000002,Aluminium 6061,77.02537176217506,0.16916965482619356,0.08846577242453903,346.34971591602795
Simulation_000002,Aluminium 6061,77.02537176217506,0.17305861240840492,0.08846577242453903,345.3646590994871
Simulation_000002,Aluminium 6061,77.02537176217506,0.17694756999061625,0.08846577242453903,344.4579309074287
Simulation_000002,Aluminium 6061,77.02537176217506,0.18083652757282762,0.08846577242453903,343.63360846431544
Simulation_000002,Aluminium 6061,77.02537176217506,0.18472548515503895,0.08846577242453903,342.8868944449735
Simulation_000002,Aluminium 6061,77.02537176217506,0.18861444273725028,0.08846577242453903,342.21018716393075
Simulation_000002,Aluminium 6061,77.02537176217506,0.19250340031946164,0.08846577242453903,341.5955890306625
Simulation_000002,Aluminium 6061,77.02537176217506,0.19639235790167298,0.08846577242453903,341.03583871016696
Simulation_000002,Aluminium 6061,77.02537176217506,0.20028131548388434,0.08846577242453903,340.52457796902814
Simulation_000002,Aluminium 6061,77.02537176217506,0.20417027306609567,0.08846577242453903,340.0563532154092
Simulation_000002,Aluminium 6061,77.02537176217506,0.20805923064830703,0.08846577242453903,339.62652280048115
Simulation_000002,Aluminium 6061,77.02537176217506,0.21194818823051836,0.08846577242453903,339.2311410460315
Simulation_000002,Aluminium 6061,77.02537176217506,0.21583714581272972,0.08846577242453903,338.86684673673744
Simulation_000002,Aluminium 6061,77.02537176217506,0.21972610339494106,0.08846577242453903,338.53076542381854
Simulation_000002,Aluminium 6061,77.02537176217506,0.22361506097715242,0.08846577242453903,338.220427305239
Simulation_000002,Aluminium 6061,77.02537176217506,0.22750401855936375,0.08846577242453903,337.93369954872475
Simulation_000002,Aluminium 6061,77.02537176217506,0.2313929761415751,0.08846577242453903,337.6687310213879
Simulation_000002,Aluminium 6061,77.02537176217506,0.23528193372378645,0.08846577242453903,337.4239073042638
Simulation_000002,Aluminium 6061,77.02537176217506,0.2391708913059978,0.08846577242453903,337.1978140868421
Simulation_000002,Aluminium 6061,77.02537176217506,0.24305984888820914,0.08846577242453903,336.98920733609197
Simulation_000002,Aluminium 6061,77.02537176217506,0.2469488064704205,0.08846577242453903,336.79698892785774
Simulation_000002,Aluminium 6061,77.02537176217506,0.2508377640526318,0.08846577242453903,336.6201866846729
Simulation_000002,Aluminium 6061,77.02537176217506,0.25472672163484317,0.08846577242453903,336.45793797628806
Simulation_000002,Aluminium 6061,77.02537176217506,0.2586156792170545,0.08846577242453903,336.30947621045385
Simulation_000002,Aluminium 6061,77.02537176217506,0.26250463679926583,0.08846577242453903,336.1741196778111
Simulation_000002,Aluminium 6061,77.02537176217506,0.2663935943814772,0.08846577242453903,336.0512623225774
Simulation_000002,Aluminium 6061,77.02537176217506,0.27028255196368856,0.08846577242453903,335.94036609587255
Simulation_000002,Aluminium 6061,77.02537176217506,0.27417150954589986,0.08846577242453903,335.84095461586213
Simulation_000002,Aluminium 6061,77.02537176217506,0.2780604671281112,0.08846577242453903,335.7526079123093
Simulation_000002,Aluminium 6061,77.02537176217506,0.2819494247103226,0.08846577242453903,335.67495807571606
Simulation_000002,Aluminium 6061,77.02537176217506,0.28583838229253394,0.08846577242453903,335.607685665401
Simulation_000002,Aluminium 6061,77.02537176217506,0.28972733987474525,0.08846577242453903,335.55051675850063
Simulation_000002,Aluminium 6061,77.02537176217506,0.2936162974569566,0.08846577242453903,335.5032205444374
Simulation_000002,Aluminium 6061,77.02537176217506,0.29750525503916797,0.08846577242453903,335.46560738802737
Simulation_000002,Aluminium 6061,77.02537176217506,0.30139421262137933,0.08846577242453903,335.43752729998386
Simulation_000002,Aluminium 6061,77.02537176217506,0.30528317020359064,0.08846577242453903,335.41886876682594
Simulation_000002,Aluminium 6061,77.02537176217506,0.309172127785802,0.08846577242453903,335.40955790368525
Simulation_000002,Aluminium 6061,77.02537176217506,0.0019444787911056729,0.09102999771220682,335.20782475572895
Simulation_000002,Aluminium 6061,77.02537176217506,0.005833436373317019,0.09102999771220682,335.23333497575896
Simulation_000002,Aluminium 6061,77.02537176217506,0.009722393955528366,0.09102999771220682,335.26842677763
Simulation_000002,Aluminium 6061,77.02537176217506,0.013611351537739711,0.09102999771220682,335.3131824663805
Simulation_000002,Aluminium 6061,77.02537176217506,0.017500309119951058,0.09102999771220682,335.3677263697908
Simulation_000002,Aluminium 6061,77.02537176217506,0.021389266702162405,0.09102999771220682,335.4322259138969
Simulation_000002,Aluminium 6061,77.02537176217506,0.02527822428437375,0.09102999771220682,335.50689311039844
Simulation_000002,Aluminium 6061,77.02537176217506,0.029167181866585096,0.09102999771220682,335.5919865044215
Simulation_000002,Aluminium 6061,77.02537176217506,0.03305613944879644,0.09102999771220682,335.68781364680706
Simulation_000002,Aluminium 6061,77.02537176217506,0.03694509703100779,0.09102999771220682,335.7947341735313
Simulation_000002,Aluminium 6061,77.02537176217506,0.04083405461321914,0.09102999771220682,335.91316359697606
Simulation_000002,Aluminium 6061,77.02537176217506,0.044723012195430484,0.09102999771220682,336.0435779407331
Simulation_000002,Aluminium 6061,77.02537176217506,0.048611969777641824,0.09102999771220682,336.18651938302725
Simulation_000002,Aluminium 6061,77.02537176217506,0.05250092735985317,0.09102999771220682,336.34260311571546
Simulation_000002,Aluminium 6061,77.02537176217506,0.05638988494206452,0.09102999771220682,336.5125256789293
Simulation_000002,Aluminium 6061,77.02537176217506,0.060278842524275865,0.09102999771220682,336.69707509945226
Simulation_000002,Aluminium 6061,77.02537176217506,0.0641678001064872,0.09102999771220682,336.8971432488598
Simulation_000002,Aluminium 6061,77.02537176217506,0.06805675768869855,0.09102999771220682,337.11374095209743
Simulation_000002,Aluminium 6061,77.02537176217506,0.0719457152709099,0.09102999771220682,337.34801652782375
Simulation_000002,Aluminium 6061,77.02537176217506,0.07583467285312125,0.09102999771220682,337.60127864123035
Simulation_000002,Aluminium 6061,77.02537176217506,0.0797236304353326,0.09102999771220682,337.8750246156423
Simulation_000002,Aluminium 6061,77.02537176217506,0.08361258801754394,0.09102999771220682,338.1709757047486
Simulation_000002,Aluminium 6061,77.02537176217506,0.08750154559975529,0.09102999771220682,338.49112130478085
Simulation_000002,Aluminium 6061,77.02537176217506,0.09139050318196663,0.09102999771220682,338.8377747269491
Simulation_000002,Aluminium 6061,77.02537176217506,0.09527946076417797,0.09102999771220682,339.2136440057265
Simulation_000002,Aluminium 6061,77.02537176217506,0.09916841834638931,0.09102999771220682,339.62192234062627
Simulation_000002,Aluminium 6061,77.02537176217506,0.10305737592860066,0.09102999771220682,340.0664041852546
Simulation_000002,Aluminium 6061,77.02537176217506,0.10694633351081201,0.09102999771220682,340.55163462986746
Simulation_000002,Aluminium 6061,77.02537176217506,0.11083529109302336,0.09102999771220682,341.08310116940805
Simulation_000002,Aluminium 6061,77.02537176217506,0.1147242486752347,0.09102999771220682,341.6674768868276
Simulation_000002,Aluminium 6061,77.02537176217506,0.11861320625744605,0.09102999771220682,342.3129186792822
Simulation_000002,Aluminium 6061,77.02537176217506,0.1225021638396574,0.09102999771220682,343.0294027596693
Simulation_000002,Aluminium 6061,77.02537176217506,0.12639112142186876,0.09102999771220682,343.829013036567
Simulation_000002,Aluminium 6061,77.02537176217506,0.1302800790040801,0.09102999771220682,344.7259061251347
Simulation_000002,Aluminium 6061,77.02537176217506,0.13416903658629145,0.09102999771220682,345.73514308023084
Simulation_000002,Aluminium 6061,77.02537176217506,0.13805799416850278,0.09102999771220682,346.86813840907416
Simulation_000002,Aluminium 6061,77.02537176217506,0.14194695175071415,0.09102999771220682,348.1188266072121
Simulation_000002,Aluminium 6061,77.02537176217506,0.14583590933292548,0.09102999771220682,349.42679407969365
Simulation_000002,Aluminium 6061,77.02537176217506,0.14972486691513684,0.09102999771220682,350.5947492720866
Simulation_000002,Aluminium 6061,77.02537176217506,0.15361382449734817,0.09102999771220682,351.1728390748638
Simulation_000002,Aluminium 6061,77.02537176217506,0.15750278207955953,0.09102999771220682,350.5985516645177
Simulation_000002,Aluminium 6061,77.02537176217506,0.16139173966177087,0.09102999771220682,349.43441016248295
Simulation_000002,Aluminium 6061,77.02537176217506,0.16528069724398223,0.09102999771220682,348.1302789170811
Simulation_000002,Aluminium 6061,77.02537176217506,0.16916965482619356,0.09102999771220682,346.8834606032538
Simulation_000002,Aluminium 6061,77.02537176217506,0.17305861240840492,0.09102999771220682,345.7543797589874
Simulation_000002,Aluminium 6061,77.02537176217506,0.17694756999061625,0.09102999771220682,344.7491125950555
Simulation_000002,Aluminium 6061,77.02537176217506,0.18083652757282762,0.09102999771220682,343.85625501454695
Simulation_000002,Aluminium 6061,77.02537176217506,0.18472548515503895,0.09102999771220682,343.0607560175355
Simulation_000002,Aluminium 6061,77.02537176217506,0.18861444273725028,0.09102999771220682,342.3484686290035
Simulation_000002,Aluminium 6061,77.02537176217506,0.19250340031946164,0.09102999771220682,341.70731810626626
Simulation_000002,Aluminium 6061,77.02537176217506,0.19639235790167298,0.09102999771220682,341.1273368685977
Simulation_000002,Aluminium 6061,77.02537176217506,0.20028131548388434,0.09102999771220682,340.6003760578316
Simulation_000002,Aluminium 6061,77.02537176217506,0.20417027306609567,0.09102999771220682,340.1197699774225
Simulation_000002,Aluminium 6061,77.02537176217506,0.20805923064830703,0.09102999771220682,339.68003780694727
Simulation_000002,Aluminium 6061,77.02537176217506,0.21194818823051836,0.09102999771220682,339.2766403596385
Simulation_000002,Aluminium 6061,77.02537176217506,0.21583714581272972,0.09102999771220682,338.9057882554081
Simulation_000002,Aluminium 6061,77.02537176217506,0.21972610339494106,0.09102999771220682,338.5642924796095
Simulation_000002,Aluminium 6061,77.02537176217506,0.22361506097715242,0.09102999771220682,338.2494482356087
Simulation_000002,Aluminium 6061,77.02537176217506,0.22750401855936375,0.09102999771220682,337.95894444496474
Simulation_000002,Aluminium 6061,77.02537176217506,0.2313929761415751,0.09102999771220682,337.6907928814539
Simulation_000002,Aluminium 6061,77.02537176217506,0.23528193372378645,0.09102999771220682,337.44327234127684
Simulation_000002,Aluminium 6061,77.02537176217506,0.2391708913059978,0.09102999771220682,337.2148843738116
Simulation_000002,Aluminium 6061,77.02537176217506,0.24305984888820914,0.09102999771220682,337.0043179525061
Simulation_000002,Aluminium 6061,77.02537176217506,0.2469488064704205,0.09102999771220682,336.81042110644233
Simulation_000002,Aluminium 6061,77.02537176217506,0.2508377640526318,0.09102999771220682,336.6321780104957
Simulation_000002,Aluminium 6061,77.02537176217506,0.25472672163484317,0.09102999771220682,336.4686903874796
Simulation_000002,Aluminium 6061,77.02537176217506,0.2586156792170545,0.09102999771220682,336.31916234114726
Simulation_000002,Aluminium 6061,77.02537176217506,0.26250463679926583,0.09102999771220682,336.18288793818675
Simulation_000002,Aluminium 6061,77.02537176217506,0.2663935943814772,0.09102999771220682,336.059241007854
Simulation_000002,Aluminium 6061,77.02537176217506,0.27028255196368856,0.09102999771220682,335.94766674236047
Simulation_000002,Aluminium 6061,77.02537176217506,0.27417150954589986,0.09102999771220682,335.84767476887095
Simulation_000002,Aluminium 6061,77.02537176217506,0.2780604671281112,0.09102999771220682,335.75883343175906
Simulation_000002,Aluminium 6061,77.02537176217506,0.2819494247103226,0.09102999771220682,335.6807650765994
Simulation_000002,Aluminium 6061,77.02537176217506,0.28583838229253394,0.09102999771220682,335.6131421689371
Simulation_000002,Aluminium 6061,77.02537176217506,0.28972733987474525,0.09102999771220682,335.5556841138968
Simulation_000002,Aluminium 6061,77.02537176217506,0.2936162974569566,0.09102999771220682,335.5081546692264
Simulation_000002,Aluminium 6061,77.02537176217506,0.29750525503916797,0.09102999771220682,335.4703598659669
Simulation_000002,Aluminium 6061,77.02537176217506,0.30139421262137933,0.09102999771220682,335.4421463687723
Simulation_000002,Aluminium 6061,77.02537176217506,0.30528317020359064,0.09102999771220682,335.4234002228892
Simulation_000002,Aluminium 6061,77.02537176217506,0.309172127785802,0.09102999771220682,335.414045947654
Simulation_000002,Aluminium 6061,77.02537176217506,0.0019444787911056729,0.09359422299987463,335.2120437735953
Simulation_000002,Aluminium 6061,77.02537176217506,0.005833436373317019,0.09359422299987463,335.23759241324154
Simulation_000002,Aluminium 6061,77.02537176217506,0.009722393955528366,0.09359422299987463,335.2727617772463
Simulation_000002,Aluminium 6061,77.02537176217506,0.013611351537739711,0.09359422299987463,335.31763563457565
Simulation_000002,Aluminium 6061,77.02537176217506,0.017500309119951058,0.09359422299987463,335.3723405550179
Simulation_000002,Aluminium 6061,77.02537176217506,0.021389266702162405,0.09359422299987463,335.4370470423456
Simulation_000002,Aluminium 6061,77.02537176217506,0.02527822428437375,0.09359422299987463,335.5119711026102
Simulation_000002,Aluminium 6061,77.02537176217506,0.029167181866585096,0.09359422299987463,335.5973762998576
Simulation_000002,Aluminium 6061,77.02537176217506,0.03305613944879644,0.09359422299987463,335.6935763687264
Simulation_000002,Aluminium 6061,77.02537176217506,0.03694509703100779,0.09359422299987463,335.8009384737201
Simulation_000002,Aluminium 6061,77.02537176217506,0.04083405461321914,0.09359422299987463,335.91988722953704
Simulation_000002,Aluminium 6061,77.02537176217506,0.044723012195430484,0.09359422299987463,336.05090962713507
Simulation_000002,Aluminium 6061,77.02537176217506,0.048611969777641824,0.09359422299987463,336.1945610481176
Simulation_000002,Aluminium 6061,77.02537176217506,0.05250092735985317,0.09359422299987463,336.3514725981178
Simulation_000002,Aluminium 6061,77.02537176217506,0.05638988494206452,0.09359422299987463,336.52236005162126
Simulation_000002,Aluminium 6061,77.02537176217506,0.060278842524275865,0.09359422299987463,336.7080347809089
Simulation_000002,Aluminium 6061,77.02537176217506,0.0641678001064872,0.09359422299987463,336.90941714719725
Simulation_000002,Aluminium 6061,77.02537176217506,0.06805675768869855,0.09359422299987463,337.1275529719855
Simulation_000002,Aluminium 6061,77.02537176217506,0.0719457152709099,0.09359422299987463,337.3636338944045
Simulation_000002,Aluminium 6061,77.02537176217506,0.07583467285312125,0.09359422299987463,337.61902267512926
Simulation_000002,Aluminium 6061,77.02537176217506,0.0797236304353326,0.09359422299987463,337.8952848568981
Simulation_000002,Aluminium 6061,77.02537176217506,0.08361258801754394,0.09359422299987463,338.19422867657215
Simulation_000002,Aluminium 6061,77.02537176217506,0.08750154559975529,0.09359422299987463,338.51795580426176
Simulation_000002,Aluminium 6061,77.02537176217506,0.09139050318196663,0.09359422299987463,338.8689264515376
Simulation_000002,Aluminium 6061,77.02537176217506,0.09527946076417797,0.09359422299987463,339.25004377901456
Simulation_000002,Aluminium 6061,77.02537176217506,0.09916841834638931,0.09359422299987463,339.66476454903494
Simulation_000002,Aluminium 6061,77.02537176217506,0.10305737592860066,0.09359422299987463,340.1172459207175
Simulation_000002,Aluminium 6061,77.02537176217506,0.10694633351081201,0.09359422299987463,340.6125426271994
Simulation_000002,Aluminium 6061,77.02537176217506,0.11083529109302336,0.09359422299987463,341.1568751397027
Simulation_000002,Aluminium 6061,77.02537176217506,0.1147242486752347,0.09359422299987463,341.7579985462768
Simulation_000002,Aluminium 6061,77.02537176217506,0.11861320625744605,0.09359422299987463,342.42571409183404
Simulation_000002,Aluminium 6061,77.02537176217506,0.1225021638396574,0.09359422299987463,343.17257847495983
Simulation_000002,Aluminium 6061,77.02537176217506,0.12639112142186876,0.09359422299987463,344.0148676157296
Simulation_000002,Aluminium 6061,77.02537176217506,0.1302800790040801,0.09359422299987463,344.9737910124514
Simulation_000002,Aluminium 6061,77.02537176217506,0.13416903658629145,0.09359422299987463,346.07664168383644
Simulation_000002,Aluminium 6061,77.02537176217506,0.13805799416850278,0.09359422299987463,347.3563293011386
Simulation_000002,Aluminium 6061,77.02537176217506,0.14194695175071415,0.09359422299987463,348.84324523720306
Simulation_000002,Aluminium 6061,77.02537176217506,0.14583590933292548,0.09359422299987463,350.52833344001215
Simulation_000002,Aluminium 6061,77.02537176217506,0.14972486691513684,0.09359422299987463,352.2341850465486
Simulation_000002,Aluminium 6061,77.02537176217506,0.15361382449734817,0.09359422299987463,353.27813097889725
Simulation_000002,Aluminium 6061,77.02537176217506,0.15750278207955953,0.09359422299987463,352.2379872054759
Simulation_000002,Aluminium 6061,77.02537176217506,0.16139173966177087,0.09359422299987463,350.5359490500529
Simulation_000002,Aluminium 6061,77.02537176217506,0.16528069724398223,0.09359422299987463,348.8546968234796
Simulation_000002,Aluminium 6061,77.02537176217506,0.16916965482619356,0.09359422299987463,347.37165050318896
Simulation_000002,Aluminium 6061,77.02537176217506,0.17305861240840492,0.09359422299987463,346.09587707778104
Simulation_000002,Aluminium 6061,77.02537176217506,0.17694756999061625,0.09359422299987463,344.9969958737914
Simulation_000002,Aluminium 6061,77.02537176217506,0.18083652757282762,0.09359422299987463,344.0421076227078
Simulation_000002,Aluminium 6061,77.02537176217506,0.18472548515503895,0.09359422299987463,343.20392935241307
Simulation_000002,Aluminium 6061,77.02537176217506,0.18861444273725028,0.09359422299987463,342.4612611954685
Simulation_000002,Aluminium 6061,77.02537176217506,0.19250340031946164,0.09359422299987463,341.79783638731
Simulation_000002,Aluminium 6061,77.02537176217506,0.19639235790167298,0.09359422299987463,341.201106849836
Simulation_000002,Aluminium 6061,77.02537176217506,0.20028131548388434,0.09359422299987463,340.6612793639148
Simulation_000002,Aluminium 6061,77.02537176217506,0.20417027306609567,0.09359422299987463,340.17060621292944
Simulation_000002,Aluminium 6061,77.02537176217506,0.20805923064830703,0.09359422299987463,339.72287358316925
Simulation_000002,Aluminium 6061,77.02537176217506,0.21194818823051836,0.09359422299987463,339.31303262563625
Simulation_000002,Aluminium 6061,77.02537176217506,0.21583714581272972,0.09359422299987463,338.9369312326953
Simulation_000002,Aluminium 6061,77.02537176217506,0.21972610339494106,0.09359422299987463,338.5911168017641
Simulation_000002,Aluminium 6061,77.02537176217506,0.22361506097715242,0.09359422299987463,338.2726893814467
Simulation_000002,Aluminium 6061,77.02537176217506,0.22750401855936375,0.09359422299987463,337.97919096031217
Simulation_000002,Aluminium 6061,77.02537176217506,0.2313929761415751,0.09359422299987463,337.70852100105344
Simulation_000002,Aluminium 6061,77.02537176217506,0.23528193372378645,0.09359422299987463,337.4588712742798
Simulation_000002,Aluminium 6061,77.02537176217506,0.2391708913059978,0.09359422299987463,337.22867506159247
Simulation_000002,Aluminium 6061,77.02537176217506,0.24305984888820914,0.09359422299987463,337.0165671858205
Simulation_000002,Aluminium 6061,77.02537176217506,0.2469488064704205,0.09359422299987463,336.8213522927207
Simulation_000002,Aluminium 6061,77.02537176217506,0.2508377640526318,0.09359422299987463,336.6419794889679
Simulation_000002,Aluminium 6061,77.02537176217506,0.25472672163484317,0.09359422299987463,336.4775219260619
Simulation_000002,Aluminium 6061,77.02537176217506,0.2586156792170545,0.09359422299987463,336.3271602691521
Simulation_000002,Aluminium 6061,77.02537176217506,0.26250463679926583,0.09359422299987463,336.19016924441803
Simulation_000002,Aluminium 6061,77.02537176217506,0.2663935943814772,0.09359422299987463,336.06590664628243
Simulation_000002,Aluminium 6061,77.02537176217506,0.27028255196368856,0.09359422299987463,335.95380432548427
Simulation_000002,Aluminium 6061,77.02537176217506,0.27417150954589986,0.09359422299987463,335.85336078423046
Simulation_000002,Aluminium 6061,77.02537176217506,0.2780604671281112,0.09359422299987463,335.76413508463963
Simulation_000002,Aluminium 6061,77.02537176217506,0.2819494247103226,0.09359422299987463,335.68574183817265
Simulation_000002,Aluminium 6061,77.02537176217506,0.28583838229253394,0.09359422299987463,335.61784709149805
Simulation_000002,Aluminium 6061,77.02537176217506,0.28972733987474525,0.09359422299987463,335.5601649617628
Simulation_000002,Aluminium 6061,77.02537176217506,0.2936162974569566,0.09359422299987463,335.5124549040671
Simulation_000002,Aluminium 6061,77.02537176217506,0.29750525503916797,0.09359422299987463,335.47451951799655
Simulation_000002,Aluminium 6061,77.02537176217506,0.30139421262137933,0.09359422299987463,335.4462028197438
Simulation_000002,Aluminium 6061,77.02537176217506,0.30528317020359064,0.09359422299987463,335.4273889227649
Simulation_000002,Aluminium 6061,77.02537176217506,0.309172127785802,0.09359422299987463,335.4180010838742
Simulation_000002,Aluminium 6061,77.02537176217506,0.0019444787911056729,0.09615844828754243,335.2156313407376
Simulation_000002,Aluminium 6061,77.02537176217506,0.005833436373317019,0.09615844828754243,335.24120690295086
Simulation_000002,Aluminium 6061,77.02537176217506,0.009722393955528366,0.09615844828754243,335.276430636884
Simulation_000002,Aluminium 6061,77.02537176217506,0.013611351537739711,0.09615844828754243,335.32138737432456
Simulation_000002,Aluminium 6061,77.02537176217506,0.017500309119951058,0.09615844828754243,335.376205312966
Simulation_000002,Aluminium 6061,77.02537176217506,0.021389266702162405,0.09615844828754243,335.4410571916788
Simulation_000002,Aluminium 6061,77.02537176217506,0.02527822428437375,0.09615844828754243,335.51616191791805
Simulation_000002,Aluminium 6061,77.02537176217506,0.029167181866585096,0.09615844828754243,335.6017867023794
Simulation_000002,Aluminium 6061,77.02537176217506,0.03305613944879644,0.09615844828754243,335.6982497742835
Simulation_000002,Aluminium 6061,77.02537176217506,0.03694509703100779,0.09615844828754243,335.80592377240106
Simulation_000002,Aluminium 6061,77.02537176217506,0.04083405461321914,0.09615844828754243,335.9252399333834
Simulation_000002,Aluminium 6061,77.02537176217506,0.044723012195430484,0.09615844828754243,336.0566932317448
Simulation_000002,Aluminium 6061,77.02537176217506,0.048611969777641824,0.09615844828754243,336.20084866715297
Simulation_000002,Aluminium 6061,77.02537176217506,0.05250092735985317,0.09615844828754243,336.35834894746193
Simulation_000002,Aluminium 6061,77.02537176217506,0.05638988494206452,0.09615844828754243,336.5299238842593
Simulation_000002,Aluminium 6061,77.02537176217506,0.060278842524275865,0.09615844828754243,336.7164019072466
Simulation_000002,Aluminium 6061,77.02537176217506,0.0641678001064872,0.09615844828754243,336.9187242225506
Simulation_000002,Aluminium 6061,77.02537176217506,0.06805675768869855,0.09615844828754243,337.1379622994851
Simulation_000002,Aluminium 6061,77.02537176217506,0.0719457152709099,0.09615844828754243,337.3753395868945
Simulation_000002,Aluminium 6061,77.02537176217506,0.07583467285312125,0.09615844828754243,337.63225865828804
Simulation_000002,Aluminium 6061,77.02537176217506,0.0797236304353326,0.09615844828754243,337.91033540066275
Simulation_000002,Aluminium 6061,77.02537176217506,0.08361258801754394,0.09615844828754243,338.21144244992706
Simulation_000002,Aluminium 6061,77.02537176217506,0.08750154559975529,0.09615844828754243,338.53776492034785
Simulation_000002,Aluminium 6061,77.02537176217506,0.09139050318196663,0.09615844828754243,338.89187270834924
Simulation_000002,Aluminium 6061,77.02537176217506,0.09527946076417797,0.09615844828754243,339.27681548296755
Simulation_000002,Aluminium 6061,77.02537176217506,0.09916841834638931,0.09615844828754243,339.6962492497693
Simulation_000002,Aluminium 6061,77.02537176217506,0.10305737592860066,0.09615844828754243,340.1546076642086
Simulation_000002,Aluminium 6061,77.02537176217506,0.10694633351081201,0.09615844828754243,340.6573380486423
Simulation_000002,Aluminium 6061,77.02537176217506,0.11083529109302336,0.09615844828754243,341.211233031033
Simulation_000002,Aluminium 6061,77.02537176217506,0.1147242486752347,0.09615844828754243,341.82490688540645
Simulation_000002,Aluminium 6061,77.02537176217506,0.11861320625744605,0.09615844828754243,342.5094964353254
Simulation_000002,Aluminium 6061,77.02537176217506,0.1225021638396574,0.09615844828754243,343.2797194916439
Simulation_000002,Aluminium 6061,77.02537176217506,0.12639112142186876,0.09615844828754243,344.1555156983223
Simulation_000002,Aluminium 6061,77.02537176217506,0.1302800790040801,0.09615844828754243,345.1646471869486
Simulation_000002,Aluminium 6061,77.02537176217506,0.13416903658629145,0.09615844828754243,346.34684164371185
Simulation_000002,Aluminium 6061,77.02537176217506,0.13805799416850278,0.09615844828754243,347.76004039219174
Simulation_000002,Aluminium 6061,77.02537176217506,0.14194695175071415,0.09615844828754243,349.48714666002775
Simulation_000002,Aluminium 6061,77.02537176217506,0.14583590933292548,0.09615844828754243,351.62650421906847
Simulation_000002,Aluminium 6061,77.02537176217506,0.14972486691513684,0.09615844828754243,354.1670594194247
Simulation_000002,Aluminium 6061,77.02537176217506,0.15361382449734817,0.09615844828754243,356.29517087848546
Simulation_000002,Aluminium 6061,77.02537176217506,0.15750278207955953,0.09615844828754243,354.1708614756113
Simulation_000002,Aluminium 6061,77.02537176217506,0.16139173966177087,0.09615844828754243,351.6341196202406
Simulation_000002,Aluminium 6061,77.02537176217506,0.16528069724398223,0.09615844828754243,349.49859792445335
Simulation_000002,Aluminium 6061,77.02537176217506,0.16916965482619356,0.09615844828754243,347.7753611489236
Simulation_000002,Aluminium 6061,77.02537176217506,0.17305861240840492,0.09615844828754243,346.3660764545067
Simulation_000002,Aluminium 6061,77.02537176217506,0.17694756999061625,0.09615844828754243,345.18785130872743
Simulation_000002,Aluminium 6061,77.02537176217506,0.18083652757282762,0.09615844828754243,344.1827547860982
Simulation_000002,Aluminium 6061,77.02537176217506,0.18472548515503895,0.09615844828754243,343.3110692418376
Simulation_000002,Aluminium 6061,77.02537176217506,0.18861444273725028,0.09615844828754243,342.5450421693901
Simulation_000002,Aluminium 6061,77.02537176217506,0.19250340031946164,0.09615844828754243,341.86474307369537
Simulation_000002,Aluminium 6061,77.02537176217506,0.19639235790167298,0.09615844828754243,341.2554627568585
Simulation_000002,Aluminium 6061,77.02537176217506,0.20028131548388434,0.09615844828754243,340.7060724125053
Simulation_000002,Aluminium 6061,77.02537176217506,0.20417027306609567,0.09615844828754243,340.2079651282083
Simulation_000002,Aluminium 6061,77.02537176217506,0.20805923064830703,0.09615844828754243,339.75435492224733
Simulation_000002,Aluminium 6061,77.02537176217506,0.21194818823051836,0.09615844828754243,339.33980034347906
Simulation_000002,Aluminium 6061,77.02537176217506,0.21583714581272972,0.09615844828754243,338.95987277310365
Simulation_000002,Aluminium 6061,77.02537176217506,0.21972610339494106,0.09615844828754243,338.610920348299
Simulation_000002,Aluminium 6061,77.02537176217506,0.22361506097715242,0.09615844828754243,338.2898965897284
Simulation_000002,Aluminium 6061,77.02537176217506,0.22750401855936375,0.09615844828754243,337.99423377872165
Simulation_000002,Aluminium 6061,77.02537176217506,0.2313929761415751,0.09615844828754243,337.7217479081528
Simulation_000002,Aluminium 6061,77.02537176217506,0.23528193372378645,0.09615844828754243,337.4705663201773
Simulation_000002,Aluminium 6061,77.02537176217506,0.2391708913059978,0.09615844828754243,337.2390719184562
Simulation_000002,Aluminium 6061,77.02537176217506,0.24305984888820914,0.09615844828754243,337.0258596744223
Simulation_000002,Aluminium 6061,77.02537176217506,0.2469488064704205,0.09615844828754243,336.8297023799866
Simulation_000002,Aluminium 6061,77.02537176217506,0.2508377640526318,0.09615844828754243,336.64952344351974
Simulation_000002,Aluminium 6061,77.02537176217506,0.25472672163484317,0.09615844828754243,336.4843751138648
Simulation_000002,Aluminium 6061,77.02537176217506,0.2586156792170545,0.09615844828754243,336.33342093271705
Simulation_000002,Aluminium 6061,77.02537176217506,0.26250463679926583,0.09615844828754243,336.19592151365407
Simulation_000002,Aluminium 6061,77.02537176217506,0.2663935943814772,0.09615844828754243,336.07122296255534
Simulation_000002,Aluminium 6061,77.02537176217506,0.27028255196368856,0.09615844828754243,335.95874741339287
Simulation_000002,Aluminium 6061,77.02537176217506,0.27417150954589986,0.09615844828754243,335.8579852719345
Simulation_000002,Aluminium 6061,77.02537176217506,0.2780604671281112,0.09615844828754243,335.7684888492049
Simulation_000002,Aluminium 6061,77.02537176217506,0.2819494247103226,0.09615844828754243,335.68986713458617
Simulation_000002,Aluminium 6061,77.02537176217506,0.28583838229253394,0.09615844828754243,335.6217815108789
Simulation_000002,Aluminium 6061,77.02537176217506,0.28972733987474525,0.09615844828754243,335.56394225454557
Simulation_000002,Aluminium 6061,77.02537176217506,0.2936162974569566,0.09615844828754243,335.51610569666474
Simulation_000002,Aluminium 6061,77.02537176217506,0.29750525503916797,0.09615844828754243,335.4780719460098
Simulation_000002,Aluminium 6061,77.02537176217506,0.30139421262137933,0.09615844828754243,335.4496830967292
Simulation_000002,Aluminium 6061,77.02537176217506,0.30528317020359064,0.09615844828754243,335.4308218605665
Simulation_000002,Aluminium 6061,77.02537176217506,0.309172127785802,0.09615844828754243,335.4214105783521
Simulation_000002,Aluminium 6061,77.02537176217506,0.0019444787911056729,0.09872267357521022,335.2185773096956
Simulation_000002,Aluminium 6061,77.02537176217506,0.005833436373317019,0.09872267357521022,335.24416806807477
Simulation_000002,Aluminium 6061,77.02537176217506,0.009722393955528366,0.09872267357521022,335.2794225152819
Simulation_000002,Aluminium 6061,77.02537176217506,0.013611351537739711,0.09872267357521022,335.3244261330709
Simulation_000002,Aluminium 6061,77.02537176217506,0.017500309119951058,0.09872267357521022,335.3793081146529
Simulation_000002,Aluminium 6061,77.02537176217506,0.021389266702162405,0.09872267357521022,335.444242565688
Simulation_000002,Aluminium 6061,77.02537176217506,0.02527822428437375,0.09872267357521022,335.5194501678022
Simulation_000002,Aluminium 6061,77.02537176217506,0.029167181866585096,0.09872267357521022,335.6052003614713
Simulation_000002,Aluminium 6061,77.02537176217506,0.03305613944879644,0.09872267357521022,335.70181412405117
Simulation_000002,Aluminium 6061,77.02537176217506,0.03694509703100779,0.09872267357521022,335.809667441337
Simulation_000002,Aluminium 6061,77.02537176217506,0.04083405461321914,0.09872267357521022,335.9291955986286
Simulation_000002,Aluminium 6061,77.02537176217506,0.044723012195430484,0.09872267357521022,336.06089845160835
Simulation_000002,Aluminium 6061,77.02537176217506,0.048611969777641824,0.09872267357521022,336.2053468807534
Simulation_000002,Aluminium 6061,77.02537176217506,0.05250092735985317,0.09872267357521022,336.3631906887061
Simulation_000002,Aluminium 6061,77.02537176217506,0.05638988494206452,0.09872267357521022,336.5351682724626
Simulation_000002,Aluminium 6061,77.02537176217506,0.060278842524275865,0.09872267357521022,336.72211849762107
Simulation_000002,Aluminium 6061,77.02537176217506,0.0641678001064872,0.09872267357521022,336.92499532911773
Simulation_000002,Aluminium 6061,77.02537176217506,0.06805675768869855,0.09872267357521022,337.1448859446017
Simulation_000002,Aluminium 6061,77.02537176217506,0.0719457152709099,0.09872267357521022,337.3830332914826
Simulation_000002,Aluminium 6061,77.02537176217506,0.07583467285312125,0.09872267357521022,337.6408643743533
Simulation_000002,Aluminium 6061,77.02537176217506,0.0797236304353326,0.09872267357521022,337.9200260176053
Simulation_000002,Aluminium 6061,77.02537176217506,0.08361258801754394,0.09872267357521022,338.2224305025928
Simulation_000002,Aluminium 6061,77.02537176217506,0.08750154559975529,0.09872267357521022,338.55031442978424
Simulation_000002,Aluminium 6061,77.02537176217506,0.09139050318196663,0.09872267357521022,338.9063155640751
Simulation_000002,Aluminium 6061,77.02537176217506,0.09527946076417797,0.09872267357521022,339.29357454778517
Simulation_000002,Aluminium 6061,77.02537176217506,0.09916841834638931,0.09872267357521022,339.71587165070196
Simulation_000002,Aluminium 6061,77.02537176217506,0.10305737592860066,0.09872267357521022,340.177813929687
Simulation_000002,Aluminium 6061,77.02537176217506,0.10694633351081201,0.09872267357521022,340.68509664673996
Simulation_000002,Aluminium 6061,77.02537176217506,0.11083529109302336,0.09872267357521022,341.2448770474415
Simulation_000002,Aluminium 6061,77.02537176217506,0.1147242486752347,0.09872267357521022,341.86632344579215
Simulation_000002,Aluminium 6061,77.02537176217506,0.11861320625744605,0.09872267357521022,342.5614476837245
Simulation_000002,Aluminium 6061,77.02537176217506,0.1225021638396574,0.09872267357521022,343.3464149470427
Simulation_000002,Aluminium 6061,77.02537176217506,0.12639112142186876,0.09872267357521022,344.2436976142631
Simulation_000002,Aluminium 6061,77.02537176217506,0.1302800790040801,0.09872267357521022,345.2858089203945
Simulation_000002,Aluminium 6061,77.02537176217506,0.13416903658629145,0.09872267357521022,346.5221945552665
Simulation_000002,Aluminium 6061,77.02537176217506,0.13805799416850278,0.09872267357521022,348.0328934095841
Simulation_000002,Aluminium 6061,77.02537176217506,0.14194695175071415,0.09872267357521022,349.9574598424377
Simulation_000002,Aluminium 6061,77.02537176217506,0.14583590933292548,0.09872267357521022,352.5559113937026
Simulation_000002,Aluminium 6061,77.02537176217506,0.14972486691513684,0.09872267357521022,356.2849184085653
Simulation_000002,Aluminium 6061,77.02537176217506,0.15361382449734817,0.09872267357521022,361.16665571645535
Simulation_000002,Aluminium 6061,77.02537176217506,0.15750278207955953,0.09872267357521022,356.2887204947515
Simulation_000002,Aluminium 6061,77.02537176217506,0.16139173966177087,0.09872267357521022,352.5635268538791
Simulation_000002,Aluminium 6061,77.02537176217506,0.16528069724398223,0.09872267357521022,349.9689111928385
Simulation_000002,Aluminium 6061,77.02537176217506,0.16916965482619356,0.09872267357521022,348.0482142761007
Simulation_000002,Aluminium 6061,77.02537176217506,0.17305861240840492,0.09872267357521022,346.54142949523145
Simulation_000002,Aluminium 6061,77.02537176217506,0.17694756999061625,0.09872267357521022,345.30901318485735
Simulation_000002,Aluminium 6061,77.02537176217506,0.18083652757282762,0.09872267357521022,344.27093685067905
Simulation_000002,Aluminium 6061,77.02537176217506,0.18472548515503895,0.09872267357521022,343.3777648422917
Simulation_000002,Aluminium 6061,77.02537176217506,0.18861444273725028,0.09872267357521022,342.5969935473748
Simulation_000002,Aluminium 6061,77.02537176217506,0.19250340031946164,0.09872267357521022,341.9061597335335
Simulation_000002,Aluminium 6061,77.02537176217506,0.19639235790167298,0.09872267357521022,341.28910682463084
Simulation_000002,Aluminium 6061,77.02537176217506,0.20028131548388434,0.09872267357521022,340.7338309920241
Simulation_000002,Aluminium 6061,77.02537176217506,0.20417027306609567,0.09872267357521022,340.2311712787044
Simulation_000002,Aluminium 6061,77.02537176217506,0.20805923064830703,0.09872267357521022,339.77397707990013
Simulation_000002,Aluminium 6061,77.02537176217506,0.21194818823051836,0.09872267357521022,339.3565589984341
Simulation_000002,Aluminium 6061,77.02537176217506,0.21583714581272972,0.09872267357521022,338.974315006597
Simulation_000002,Aluminium 6061,77.02537176217506,0.21972610339494106,0.09872267357521022,338.62346896856235
Simulation_000002,Aluminium 6061,77.02537176217506,0.22361506097715242,0.09872267357521022,338.30088342144876
Simulation_000002,Aluminium 6061,77.02537176217506,0.22750401855936375,0.09872267357521022,338.0039227661524
Simulation_000002,Aluminium 6061,77.02537176217506,0.2313929761415751,0.09872267357521022,337.73035149542824
Simulation_000002,Aluminium 6061,77.02537176217506,0.23528193372378645,0.09872267357521022,337.478257289824
Simulation_000002,Aluminium 6061,77.02537176217506,0.2391708913059978,0.09872267357521022,337.245992096869
Simulation_000002,Aluminium 6061,77.02537176217506,0.24305984888820914,0.09872267357521022,337.03212643522363
Simulation_000002,Aluminium 6061,77.02537176217506,0.2469488064704205,0.09872267357521022,336.8354135731635
Simulation_000002,Aluminium 6061,77.02537176217506,0.2508377640526318,0.09872267357521022,336.6547611817819
Simulation_000002,Aluminium 6061,77.02537176217506,0.25472672163484317,0.09872267357521022,336.48920871773714
Simulation_000002,Aluminium 6061,77.02537176217506,0.2586156792170545,0.09872267357521022,336.3379092483784
Simulation_000002,Aluminium 6061,77.02537176217506,0.26250463679926583,0.09872267357521022,336.20011475761584
Simulation_000002,Aluminium 6061,77.02537176217506,0.2663935943814772,0.09872267357521022,336.0751642056288
Simulation_000002,Aluminium 6061,77.02537176217506,0.27028255196368856,0.09872267357521022,335.9624737870462
Simulation_000002,Aluminium 6061,77.02537176217506,0.27417150954589986,0.09872267357521022,335.86152895919514
Simulation_000002,Aluminium 6061,77.02537176217506,0.2780604671281112,0.09872267357521022,335.77187790715163
Simulation_000002,Aluminium 6061,77.02537176217506,0.2819494247103226,0.09872267357521022,335.69312618445247
Simulation_000002,Aluminium 6061,77.02537176217506,0.28583838229253394,0.09872267357521022,335.62493232368786
Simulation_000002,Aluminium 6061,77.02537176217506,0.28972733987474525,0.09872267357521022,335.5670042541914
Simulation_000002,Aluminium 6061,77.02537176217506,0.2936162974569566,0.09872267357521022,335.51909639788494
Simulation_000002,Aluminium 6061,77.02537176217506,0.29750525503916797,0.09872267357521022,335.48100734135545
Simulation_000002,Aluminium 6061,77.02537176217506,0.30139421262137933,0.09872267357521022,335.45257800415226
Simulation_000002,Aluminium 6061,77.02537176217506,0.30528317020359064,0.09872267357521022,335.4336902414071
Simulation_000002,Aluminium 6061,77.02537176217506,0.309172127785802,0.09872267357521022,335.42426583417745
Simulation_000002,Aluminium 6061,77.02537176217506,0.0019444787911056729,0.10128689886287802,335.2208763453675
Simulation_000002,Aluminium 6061,77.02537176217506,0.005833436373317019,0.10128689886287802,335.24647043226264
Simulation_000002,Aluminium 6061,77.02537176217506,0.009722393955528366,0.10128689886287802,335.28173165008826
Simulation_000002,Aluminium 6061,77.02537176217506,0.013611351537739711,0.10128689886287802,335.32674571054633
Simulation_000002,Aluminium 6061,77.02537176217506,0.017500309119951058,0.10128689886287802,335.3816421588275
Simulation_000002,Aluminium 6061,77.02537176217506,0.021389266702162405,0.10128689886287802,335.4465955834164
Simulation_000002,Aluminium 6061,77.02537176217506,0.02527822428437375,0.10128689886287802,335.5218272919627
Simulation_000002,Aluminium 6061,77.02537176217506,0.029167181866585096,0.10128689886287802,335.607607510635
Simulation_000002,Aluminium 6061,77.02537176217506,0.03305613944879644,0.10128689886287802,335.7042581835371
Simulation_000002,Aluminium 6061,77.02537176217506,0.03694509703100779,0.10128689886287802,335.81215647166107
Simulation_000002,Aluminium 6061,77.02537176217506,0.04083405461321914,0.10128689886287802,335.9317390788326
Simulation_000002,Aluminium 6061,77.02537176217506,0.044723012195430484,0.10128689886287802,336.0635075669532
Simulation_000002,Aluminium 6061,77.02537176217506,0.048611969777641824,0.10128689886287802,336.20803486697463
Simulation_000002,Aluminium 6061,77.02537176217506,0.05250092735985317,0.10128689886287802,336.3659732487341
Simulation_000002,Aluminium 6061,77.02537176217506,0.05638988494206452,0.10128689886287802,336.5380640866056
Simulation_000002,Aluminium 6061,77.02537176217506,0.060278842524275865,0.10128689886287802,336.7251498552925
Simulation_000002,Aluminium 6061,77.02537176217506,0.0641678001064872,0.10128689886287802,336.92818892014293
Simulation_000002,Aluminium 6061,77.02537176217506,0.06805675768869855,0.10128689886287802,337.14827386229183
Simulation_000002,Aluminium 6061,77.02537176217506,0.0719457152709099,0.10128689886287802,337.3866543200824
Simulation_000002,Aluminium 6061,77.02537176217506,0.07583467285312125,0.10128689886287802,337.64476566336043
Simulation_000002,Aluminium 6061,77.02537176217506,0.0797236304353326,0.10128689886287802,337.92426528996504
Simulation_000002,Aluminium 6061,77.02537176217506,0.08361258801754394,0.10128689886287802,338.2270790112685
Simulation_000002,Aluminium 6061,77.02537176217506,0.08750154559975529,0.10128689886287802,338.5554609816724
Simulation_000002,Aluminium 6061,77.02537176217506,0.09139050318196663,0.10128689886287802,338.91207209562947
Simulation_000002,Aluminium 6061,77.02537176217506,0.09527946076417797,0.10128689886287802,339.30008400525696
Simulation_000002,Aluminium 6061,77.02537176217506,0.09916841834638931,0.10128689886287802,339.72331937643315
Simulation_000002,Aluminium 6061,77.02537176217506,0.10305737592860066,0.10128689886287802,340.18644452936024
Simulation_000002,Aluminium 6061,77.02537176217506,0.10694633351081201,0.10128689886287802,340.69523969570554
Simulation_000002,Aluminium 6061,77.02537176217506,0.11083529109302336,0.10128689886287802,341.2569875735819
Simulation_000002,Aluminium 6061,77.02537176217506,0.1147242486752347,0.10128689886287802,341.8810481762482
Simulation_000002,Aluminium 6061,77.02537176217506,0.11861320625744605,0.10128689886287802,342.5797385155673
Simulation_000002,Aluminium 6061,77.02537176217506,0.1225021638396574,0.10128689886287802,343.3697343837418
Simulation_000002,Aluminium 6061,77.02537176217506,0.12639112142186876,0.10128689886287802,344.27441732162265
Simulation_000002,Aluminium 6061,77.02537176217506,0.1302800790040801,0.10128689886287802,345.32805519636844
Simulation_000002,Aluminium 6061,77.02537176217506,0.13416903658629145,0.10128689886287802,346.58387233517703
Simulation_000002,Aluminium 6061,77.02537176217506,0.13805799416850278,0.10128689886287802,348.13143082282147
Simulation_000002,Aluminium 6061,77.02537176217506,0.14194695175071415,0.10128689886287802,350.1404385491274
Simulation_000002,Aluminium 6061,77.02537176217506,0.14583590933292548,0.10128689886287802,352.9994627424787
Simulation_000002,Aluminium 6061,77.02537176217506,0.14972486691513684,0.10128689886287802,357.90729337534185
Simulation_000002,Aluminium 6061,77.02537176217506,0.15361382449734817,0.10128689886287802,370.2868989161433
Simulation_000002,Aluminium 6061,77.02537176217506,0.15750278207955953,0.10128689886287802,357.9110956254299
Simulation_000002,Aluminium 6061,77.02537176217506,0.16139173966177087,0.10128689886287802,353.00707853187896
Simulation_000002,Aluminium 6061,77.02537176217506,0.16528069724398223,0.10128689886287802,350.1518903969073
Simulation_000002,Aluminium 6061,77.02537176217506,0.16916965482619356,0.10128689886287802,348.1467523591059
Simulation_000002,Aluminium 6061,77.02537176217506,0.17305861240840492,0.10128689886287802,346.60310812291056
Simulation_000002,Aluminium 6061,77.02537176217506,0.17694756999061625,0.10128689886287802,345.3512604935603
Simulation_000002,Aluminium 6061,77.02537176217506,0.18083652757282762,0.10128689886287802,344.3016577839946
Simulation_000002,Aluminium 6061,77.02537176217506,0.18472548515503895,0.10128689886287802,343.40108570769286
Simulation_000002,Aluminium 6061,77.02537176217506,0.18861444273725028,0.10128689886287802,342.61528602136735
Simulation_000002,Aluminium 6061,77.02537176217506,0.19250340031946164,0.10128689886287802,341.9208863313826
Simulation_000002,Aluminium 6061,77.02537176217506,0.19639235790167298,0.10128689886287802,341.3012194561852
Simulation_000002,Aluminium 6061,77.02537176217506,0.20028131548388434,0.10128689886287802,340.74397639804636
Simulation_000002,Aluminium 6061,77.02537176217506,0.20417027306609567,0.10128689886287802,340.23980450137185
Simulation_000002,Aluminium 6061,77.02537176217506,0.20805923064830703,0.10128689886287802,339.78142770932203
Simulation_000002,Aluminium 6061,77.02537176217506,0.21194818823051836,0.10128689886287802,339.3630716552617
Simulation_000002,Aluminium 6061,77.02537176217506,0.21583714581272972,0.10128689886287802,338.9800750480446
Simulation_000002,Aluminium 6061,77.02537176217506,0.21972610339494106,0.10128689886287802,338.6286193552885
Simulation_000002,Aluminium 6061,77.02537176217506,0.22361506097715242,0.10128689886287802,338.3055361034094
Simulation_000002,Aluminium 6061,77.02537176217506,0.22750401855936375,0.10128689886287802,338.00816656231916
Simulation_000002,Aluminium 6061,77.02537176217506,0.2313929761415751,0.10128689886287802,337.7342576687939
Simulation_000002,Aluminium 6061,77.02537176217506,0.23528193372378645,0.10128689886287802,337.4818835705887
Simulation_000002,Aluminium 6061,77.02537176217506,0.2391708913059978,0.10128689886287802,337.24938563815624
Simulation_000002,Aluminium 6061,77.02537176217506,0.24305984888820914,0.10128689886287802,337.0353260202744
Simulation_000002,Aluminium 6061,77.02537176217506,0.2469488064704205,0.10128689886287802,336.8384512884889
Simulation_000002,Aluminium 6061,77.02537176217506,0.2508377640526318,0.10128689886287802,336.6576637032543
Simulation_000002,Aluminium 6061,77.02537176217506,0.25472672163484317,0.10128689886287802,336.49199831209046
Simulation_000002,Aluminium 6061,77.02537176217506,0.2586156792170545,0.10128689886287802,336.3406045626919
Simulation_000002,Aluminium 6061,77.02537176217506,0.26250463679926583,0.10128689886287802,336.2027314489364
Simulation_000002,Aluminium 6061,77.02537176217506,0.2663935943814772,0.10128689886287802,336.0777154487246
Simulation_000002,Aluminium 6061,77.02537176217506,0.27028255196368856,0.10128689886287802,335.96497068832633
Simulation_000002,Aluminium 6061,77.02537176217506,0.27417150954589986,0.10128689886287802,335.8639808977428
Simulation_000002,Aluminium 6061,77.02537176217506,0.2780604671281112,0.10128689886287802,335.77429281870764
Simulation_000002,Aluminium 6061,77.02537176217506,0.2819494247103226,0.10128689886287802,335.69551080047734
Simulation_000002,Aluminium 6061,77.02537176217506,0.28583838229253394,0.10128689886287802,335.6272923749017
Simulation_000002,Aluminium 6061,77.02537176217506,0.28972733987474525,0.10128689886287802,335.5693446459774
Simulation_000002,Aluminium 6061,77.02537176217506,0.2936162974569566,0.10128689886287802,335.52142136344816
Simulation_000002,Aluminium 6061,77.02537176217506,0.29750525503916797,0.10128689886287802,335.4833205774104
Simulation_000002,Aluminium 6061,77.02537176217506,0.30139421262137933,0.10128689886287802,335.45488279308773
Simulation_000002,Aluminium 6061,77.02537176217506,0.30528317020359064,0.10128689886287802,335.43598956326383
Simulation_000002,Aluminium 6061,77.02537176217506,0.309172127785802,0.10128689886287802,335.4265624713342
Simulation_000002,Aluminium 6061,77.02537176217506,0.0019444787911056729,0.10385112415054581,335.2225279817611
Simulation_000002,Aluminium 6061,77.02537176217506,0.005833436373317019,0.10385112415054581,335.2481134778972
Simulation_000002,Aluminium 6061,77.02537176217506,0.009722393955528366,0.10385112415054581,335.28335741924343
Simulation_000002,Aluminium 6061,77.02537176217506,0.013611351537739711,0.10385112415054581,335.3283453249943
Simulation_000002,Aluminium 6061,77.02537176217506,0.017500309119951058,0.10385112415054581,335.38320644499163
Simulation_000002,Aluminium 6061,77.02537176217506,0.021389266702162405,0.10385112415054581,335.4481149612638
Simulation_000002,Aluminium 6061,77.02537176217506,0.02527822428437375,0.10385112415054581,335.5232916522446
Simulation_000002,Aluminium 6061,77.02537176217506,0.029167181866585096,0.10385112415054581,335.60900607649154
Simulation_000002,Aluminium 6061,77.02537176217506,0.03305613944879644,0.10385112415054581,335.7055793516525
Simulation_000002,Aluminium 6061,77.02537176217506,0.03694509703100779,0.10385112415054581,335.8133876270304
Simulation_000002,Aluminium 6061,77.02537176217506,0.04083405461321914,0.10385112415054581,335.93286637568207
Simulation_000002,Aluminium 6061,77.02537176217506,0.044723012195430484,0.10385112415054581,336.06451566631483
Simulation_000002,Aluminium 6061,77.02537176217506,0.048611969777641824,0.10385112415054581,336.2089066186527
Simulation_000002,Aluminium 6061,77.02537176217506,0.05250092735985317,0.10385112415054581,336.3666893016456
Simulation_000002,Aluminium 6061,77.02537176217506,0.05638988494206452,0.10385112415054581,336.53860240632474
Simulation_000002,Aluminium 6061,77.02537176217506,0.060278842524275865,0.10385112415054581,336.7254851204904
Simulation_000002,Aluminium 6061,77.02537176217506,0.0641678001064872,0.10385112415054581,336.92829175960304
Simulation_000002,Aluminium 6061,77.02537176217506,0.06805675768869855,0.10385112415054581,337.14810987997197
Simulation_000002,Aluminium 6061,77.02537176217506,0.0719457152709099,0.10385112415054581,337.3861828352226
Simulation_000002,Aluminium 6061,77.02537176217506,0.07583467285312125,0.10385112415054581,337.6439380626947
Simulation_000002,Aluminium 6061,77.02537176217506,0.0797236304353326,0.10385112415054581,337.9230228445469
Simulation_000002,Aluminium 6061,77.02537176217506,0.08361258801754394,0.10385112415054581,338.2253499428875
Simulation_000002,Aluminium 6061,77.02537176217506,0.08750154559975529,0.10385112415054581,338.5531564593473
Simulation_000002,Aluminium 6061,77.02537176217506,0.09139050318196663,0.10385112415054581,338.9090806772534
Simulation_000002,Aluminium 6061,77.02537176217506,0.09527946076417797,0.10385112415054581,339.29626377093126
Simulation_000002,Aluminium 6061,77.02537176217506,0.09916841834638931,0.10385112415054581,339.71848655151086
Simulation_000002,Aluminium 6061,77.02537176217506,0.10305737592860066,0.10385112415054581,340.1803566217895
Simulation_000002,Aluminium 6061,77.02537176217506,0.10694633351081201,0.10385112415054581,340.6875697890942
Simulation_000002,Aluminium 6061,77.02537176217506,0.11083529109302336,0.10385112415054581,341.24728383813454
Simulation_000002,Aluminium 6061,77.02537176217506,0.1147242486752347,0.10385112415054581,341.8686676099465
Simulation_000002,Aluminium 6061,77.02537176217506,0.11861320625744605,0.10385112415054581,342.56373345530403
Simulation_000002,Aluminium 6061,77.02537176217506,0.1225021638396574,0.10385112415054581,343.3486470444673
Simulation_000002,Aluminium 6061,77.02537176217506,0.12639112142186876,0.10385112415054581,344.245881209864
Simulation_000002,Aluminium 6061,77.02537176217506,0.1302800790040801,0.10385112415054581,345.2879496038732
Simulation_000002,Aluminium 6061,77.02537176217506,0.13416903658629145,0.10385112415054581,346.5242982914564
Simulation_000002,Aluminium 6061,77.02537176217506,0.13805799416850278,0.10385112415054581,348.03496649094654
Simulation_000002,Aluminium 6061,77.02537176217506,0.14194695175071415,0.10385112415054581,349.9595088368517
Simulation_000002,Aluminium 6061,77.02537176217506,0.14583590933292548,0.10385112415054581,352.5579430882278
Simulation_000002,Aluminium 6061,77.02537176217506,0.14972486691513684,0.10385112415054581,356.2869397499588
Simulation_000002,Aluminium 6061,77.02537176217506,0.15361382449734817,0.10385112415054581,361.1686737493106
Simulation_000002,Aluminium 6061,77.02537176217506,0.15750278207955953,0.10385112415054581,356.29074229818787
Simulation_000002,Aluminium 6061,77.02537176217506,0.16139173966177087,0.10385112415054581,352.56555947775314
Simulation_000002,Aluminium 6061,77.02537176217506,0.16528069724398223,0.10385112415054581,349.97096159445806
Simulation_000002,Aluminium 6061,77.02537176217506,0.16916965482619356,0.10385112415054581,348.05028925841174
Simulation_000002,Aluminium 6061,77.02537176217506,0.17305861240840492,0.10385112415054581,346.54353564740666
Simulation_000002,Aluminium 6061,77.02537176217506,0.17694756999061625,0.10385112415054581,345.3111568261526
Simulation_000002,Aluminium 6061,77.02537176217506,0.18083652757282762,0.10385112415054581,344.2731239783395
Simulation_000002,Aluminium 6061,77.02537176217506,0.18472548515503895,0.10385112415054581,343.38000108418214
Simulation_000002,Aluminium 6061,77.02537176217506,0.18861444273725028,0.10385112415054581,342.59928411989483
Simulation_000002,Aluminium 6061,77.02537176217506,0.19250340031946164,0.10385112415054581,341.90850940524535
Simulation_000002,Aluminium 6061,77.02537176217506,0.19639235790167298,0.10385112415054581,341.2915198858961
Simulation_000002,Aluminium 6061,77.02537176217506,0.20028131548388434,0.10385112415054581,340.73631123081094
Simulation_000002,Aluminium 6061,77.02537176217506,0.20417027306609567,0.10385112415054581,340.233721962592
Simulation_000002,Aluminium 6061,77.02537176217506,0.20805923064830703,0.10385112415054581,339.77660094418667
Simulation_000002,Aluminium 6061,77.02537176217506,0.21194818823051836,0.10385112415054581,339.3592582401377
Simulation_000002,Aluminium 6061,77.02537176217506,0.21583714581272972,0.10385112415054581,338.9770912840412
Simulation_000002,Aluminium 6061,77.02537176217506,0.21972610339494106,0.10385112415054581,338.62632340614977
Simulation_000002,Aluminium 6061,77.02537176217506,0.22361506097715242,0.10385112415054581,338.30381661916135
Simulation_000002,Aluminium 6061,77.02537176217506,0.22750401855936375,0.10385112415054581,338.00693481326306
Simulation_000002,Aluminium 6061,77.02537176217506,0.2313929761415751,0.10385112415054581,337.7334419878766
Simulation_000002,Aluminium 6061,77.02537176217506,0.23528193372378645,0.10385112415054581,337.48142535069
Simulation_000002,Aluminium 6061,77.02537176217506,0.2391708913059978,0.10385112415054581,337.24923639937754
Simulation_000002,Aluminium 6061,77.02537176217506,0.24305984888820914,0.10385112415054581,337.0354452277238
Simulation_000002,Aluminium 6061,77.02537176217506,0.2469488064704205,0.10385112415054581,336.8388047055512
Simulation_000002,Aluminium 6061,77.02537176217506,0.2508377640526318,0.10385112415054581,336.65822213286833
Simulation_000002,Aluminium 6061,77.02537176217506,0.25472672163484317,0.10385112415054581,336.4927366231088
Simulation_000002,Aluminium 6061,77.02537176217506,0.2586156792170545,0.10385112415054581,336.3415009283412
Simulation_000002,Aluminium 6061,77.02537176217506,0.26250463679926583,0.10385112415054581,336.2037667448717
Simulation_000002,Aluminium 6061,77.02537176217506,0.2663935943814772,0.10385112415054581,336.07887277238723
Simulation_000002,Aluminium 6061,77.02537176217506,0.27028255196368856,0.10385112415054581,335.96623497132964
Simulation_000002,Aluminium 6061,77.02537176217506,0.27417150954589986,0.10385112415054581,335.8653385901564
Simulation_000002,Aluminium 6061,77.02537176217506,0.2780604671281112,0.10385112415054581,335.7757316292723
Simulation_000002,Aluminium 6061,77.02537176217506,0.2819494247103226,0.10385112415054581,335.6970194805481
Simulation_000002,Aluminium 6061,77.02537176217506,0.28583838229253394,0.10385112415054581,335.62886053669223
Simulation_000002,Aluminium 6061,77.02537176217506,0.28972733987474525,0.10385112415054581,335.57096260773767
Simulation_000002,Aluminium 6061,77.02537176217506,0.2936162974569566,0.10385112415054581,335.52308001574403
Simulation_000002,Aluminium 6061,77.02537176217506,0.29750525503916797,0.10385112415054581,335.48501126582624
Simulation_000002,Aluminium 6061,77.02537176217506,0.30139421262137933,0.10385112415054581,335.4565972135307
Simulation_000002,Aluminium 6061,77.02537176217506,0.30528317020359064,0.10385112415054581,335.43771966668663
Simulation_000002,Aluminium 6061,77.02537176217506,0.309172127785802,0.10385112415054581,335.42830037515535
Simulation_000002,Aluminium 6061,77.02537176217506,0.0019444787911056729,0.10641534943821361,335.223536641579
Simulation_000002,Aluminium 6061,77.02537176217506,0.005833436373317019,0.10641534943821361,335.2491016661996
Simulation_000002,Aluminium 6061,77.02537176217506,0.009722393955528366,0.10641534943821361,335.2843043621463
Simulation_000002,Aluminium 6061,77.02537176217506,0.013611351537739711,0.10641534943821361,335.32922963598736
Simulation_000002,Aluminium 6061,77.02537176217506,0.017500309119951058,0.10641534943821361,335.3840057985327
Simulation_000002,Aluminium 6061,77.02537176217506,0.021389266702162405,0.10641534943821361,335.44880574120737
Simulation_000002,Aluminium 6061,77.02537176217506,0.02527822428437375,0.10641534943821361,335.5238485648718
Simulation_000002,Aluminium 6061,77.02537176217506,0.029167181866585096,0.10641534943821361,335.6094017161591
Simulation_000002,Aluminium 6061,77.02537176217506,0.03305613944879644,0.10641534943821361,335.70578370464557
Simulation_000002,Aluminium 6061,77.02537176217506,0.03694509703100779,0.10641534943821361,335.81336749590264
Simulation_000002,Aluminium 6061,77.02537176217506,0.04083405461321914,0.10641534943821361,335.9325847019124
Simulation_000002,Aluminium 6061,77.02537176217506,0.044723012195430484,0.10641534943821361,336.0639307231069
Simulation_000002,Aluminium 6061,77.02537176217506,0.048611969777641824,0.10641534943821361,336.2079710375877
Simulation_000002,Aluminium 6061,77.02537176217506,0.05250092735985317,0.10641534943821361,336.36534888585805
Simulation_000002,Aluminium 6061,77.02537176217506,0.05638988494206452,0.10641534943821361,336.53679466772604
Simulation_000002,Aluminium 6061,77.02537176217506,0.060278842524275865,0.10641534943821361,336.72313745758777
Simulation_000002,Aluminium 6061,77.02537176217506,0.0641678001064872,0.10641534943821361,336.92531916307024
Simulation_000002,Aluminium 6061,77.02537176217506,0.06805675768869855,0.10641534943821361,337.1444120114421
Simulation_000002,Aluminium 6061,77.02537176217506,0.0719457152709099,0.10641534943821361,337.3816402648155
Simulation_000002,Aluminium 6061,77.02537176217506,0.07583467285312125,0.10641534943821361,337.6384073632479
Simulation_000002,Aluminium 6061,77.02537176217506,0.0797236304353326,0.10641534943821361,337.9163301105557
Simulation_000002,Aluminium 6061,77.02537176217506,0.08361258801754394,0.10641534943821361,338.2172821056799
Simulation_000002,Aluminium 6061,77.02537176217506,0.08750154559975529,0.10641534943821361,338.5434494669778
Simulation_000002,Aluminium 6061,77.02537176217506,0.09139050318196663,0.10641534943821361,338.89740312974186
Simulation_000002,Aluminium 6061,77.02537176217506,0.09527946076417797,0.10641534943821361,339.2821938292532
Simulation_000002,Aluminium 6061,77.02537176217506,0.09916841834638931,0.10641534943821361,339.70147865620953
Simulation_000002,Aluminium 6061,77.02537176217506,0.10305737592860066,0.10641534943821361,340.15969236056947
Simulation_000002,Aluminium 6061,77.02537176217506,0.10694633351081201,0.10641534943821361,340.66228335813406
Simulation_000002,Aluminium 6061,77.02537176217506,0.11083529109302336,0.10641534943821361,341.2160453580293
Simulation_000002,Aluminium 6061,77.02537176217506,0.1147242486752347,0.10641534943821361,341.82959369132885
Simulation_000002,Aluminium 6061,77.02537176217506,0.11861320625744605,0.10641534943821361,342.51406620227505
Simulation_000002,Aluminium 6061,77.02537176217506,0.1225021638396574,0.10641534943821361,343.28418167359473
Simulation_000002,Aluminium 6061,77.02537176217506,0.12639112142186876,0.10641534943821361,344.1598806599361
Simulation_000002,Aluminium 6061,77.02537176217506,0.1302800790040801,0.10641534943821361,345.16892613033855
Simulation_000002,Aluminium 6061,77.02537176217506,0.13416903658629145,0.10641534943821361,346.35104652375026
Simulation_000002,Aluminium 6061,77.02537176217506,0.13805799416850278,0.10641534943821361,347.76418382122995
Simulation_000002,Aluminium 6061,77.02537176217506,0.14194695175071415,0.10641534943821361,349.49124180315175
Simulation_000002,Aluminium 6061,77.02537176217506,0.14583590933292548,0.10641534943821361,351.63056468125416
Simulation_000002,Aluminium 6061,77.02537176217506,0.14972486691513684,0.10641534943821361,354.17109912616354
Simulation_000002,Aluminium 6061,77.02537176217506,0.15361382449734817,0.10641534943821361,356.29920395162475
Simulation_000002,Aluminium 6061,77.02537176217506,0.15750278207955953,0.10641534943821361,354.174902106281
Simulation_000002,Aluminium 6061,77.02537176217506,0.16139173966177087,0.10641534943821361,351.63818194081574
Simulation_000002,Aluminium 6061,77.02537176217506,0.16528069724398223,0.10641534943821361,349.50269588152884
Simulation_000002,Aluminium 6061,77.02537176217506,0.16916965482619356,0.10641534943821361,347.77950837925147
Simulation_000002,Aluminium 6061,77.02537176217506,0.17305861240840492,0.10641534943821361,346.3702861657654
Simulation_000002,Aluminium 6061,77.02537176217506,0.17694756999061625,0.10641534943821361,345.1921361668651
Simulation_000002,Aluminium 6061,77.02537176217506,0.18083652757282762,0.10641534943821361,344.1871268108197
Simulation_000002,Aluminium 6061,77.02537176217506,0.18472548515503895,0.10641534943821361,343.31553971159485
Simulation_000002,Aluminium 6061,77.02537176217506,0.18861444273725028,0.10641534943821361,342.54962153699745
Simulation_000002,Aluminium 6061,77.02537176217506,0.19250340031946164,0.10641534943821361,341.86944089343064
Simulation_000002,Aluminium 6061,77.02537176217506,0.19639235790167298,0.10641534943821361,341.2602876236431
Simulation_000002,Aluminium 6061,77.02537176217506,0.20028131548388434,0.10641534943821361,340.71103191348226
Simulation_000002,Aluminium 6061,77.02537176217506,0.20417027306609567,0.10641534943821361,340.2130658067729
Simulation_000002,Aluminium 6061,77.02537176217506,0.20805923064830703,0.10641534943821361,339.7596022543349
Simulation_000002,Aluminium 6061,77.02537176217506,0.21194818823051836,0.10641534943821361,339.34519872568546
Simulation_000002,Aluminium 6061,77.02537176217506,0.21583714581272972,0.10641534943821361,338.9654255220129
Simulation_000002,Aluminium 6061,77.02537176217506,0.21972610339494106,0.10641534943821361,338.61662971022037
Simulation_000002,Aluminium 6061,77.02537176217506,0.22361506097715242,0.10641534943821361,338.2957637599103
Simulation_000002,Aluminium 6061,77.02537176217506,0.22750401855936375,0.10641534943821361,338.0002589290066
Simulation_000002,Aluminium 6061,77.02537176217506,0.2313929761415751,0.10641534943821361,337.72793022196964
Simulation_000002,Aluminium 6061,77.02537176217506,0.23528193372378645,0.10641534943821361,337.47690403373286
Simulation_000002,Aluminium 6061,77.02537176217506,0.2391708913059978,0.10641534943821361,337.2455623669861
Simulation_000002,Aluminium 6061,77.02537176217506,0.24305984888820914,0.10641534943821361,337.0324993423833
Simulation_000002,Aluminium 6061,77.02537176217506,0.2469488064704205,0.10641534943821361,336.83648695412296
Simulation_000002,Aluminium 6061,77.02537176217506,0.2508377640526318,0.10641534943821361,336.6564478678058
Simulation_000002,Aluminium 6061,77.02537176217506,0.25472672163484317,0.10641534943821361,336.4914336454101
Simulation_000002,Aluminium 6061,77.02537176217506,0.2586156792170545,0.10641534943821361,336.34060719782065
Simulation_000002,Aluminium 6061,77.02537176217506,0.26250463679926583,0.10641534943821361,336.2032285633008
Simulation_000002,Aluminium 6061,77.02537176217506,0.2663935943814772,0.10641534943821361,336.0786433267589
Simulation_000002,Aluminium 6061,77.02537176217506,0.27028255196368856,0.10641534943821361,335.96627315390526
Simulation_000002,Aluminium 6061,77.02537176217506,0.27417150954589986,0.10641534943821361,335.8656080329555
Simulation_000002,Aluminium 6061,77.02537176217506,0.2780604671281112,0.10641534943821361,335.7761999058345
Simulation_000002,Aluminium 6061,77.02537176217506,0.2819494247103226,0.10641534943821361,335.69765743886927
Simulation_000002,Aluminium 6061,77.02537176217506,0.28583838229253394,0.10641534943821361,335.62964173539024
Simulation_000002,Aluminium 6061,77.02537176217506,0.28972733987474525,0.10641534943821361,335.57186283355236
Simulation_000002,Aluminium 6061,77.02537176217506,0.2936162974569566,0.10641534943821361,335.52407686498856
Simulation_000002,Aluminium 6061,77.02537176217506,0.29750525503916797,0.10641534943821361,335.48608377578
Simulation_000002,Aluminium 6061,77.02537176217506,0.30139421262137933,0.10641534943821361,335.45772553228346
Simulation_000002,Aluminium 6061,77.02537176217506,0.30528317020359064,0.10641534943821361,335.43888475180574
Simulation_000002,Aluminium 6061,77.02537176217506,0.309172127785802,0.10641534943821361,335.4294837128999
Simulation_000002,Aluminium 6061,77.02537176217506,0.0019444787911056729,0.10897957472588142,335.22391161842404
Simulation_000002,Aluminium 6061,77.02537176217506,0.005833436373317019,0.10897957472588142,335.2494444189425
Simulation_000002,Aluminium 6061,77.02537176217506,0.009722393955528366,0.10897957472588142,335.2845821603604
Simulation_000002,Aluminium 6061,77.02537176217506,0.013611351537739711,0.10897957472588142,335.3294087235613
Simulation_000002,Aluminium 6061,77.02537176217506,0.017500309119951058,0.10897957472588142,335.38405084764304
Simulation_000002,Aluminium 6061,77.02537176217506,0.021389266702162405,0.10897957472588142,335.44867926474956
Simulation_000002,Aluminium 6061,77.02537176217506,0.02527822428437375,0.10897957472588142,335.5235102705112
Simulation_000002,Aluminium 6061,77.02537176217506,0.029167181866585096,0.10897957472588142,335.6088077823081
Simulation_000002,Aluminium 6061,77.02537176217506,0.03305613944879644,0.10897957472588142,335.7048859547342
Simulation_000002,Aluminium 6061,77.02537176217506,0.03694509703100779,0.10897957472588142,335.8121124419491
Simulation_000002,Aluminium 6061,77.02537176217506,0.04083405461321914,0.10897957472588142,335.930912421181
Simulation_000002,Aluminium 6061,77.02537176217506,0.044723012195430484,0.10897957472588142,336.0617735219244
Simulation_000002,Aluminium 6061,77.02537176217506,0.048611969777641824,0.10897957472588142,336.20525184327374
Simulation_000002,Aluminium 6061,77.02537176217506,0.05250092735985317,0.10897957472588142,336.36197928991044
Simulation_000002,Aluminium 6061,77.02537176217506,0.05638988494206452,0.10897957472588142,336.5326725190175
Simulation_000002,Aluminium 6061,77.02537176217506,0.060278842524275865,0.10897957472588142,336.71814387063307
Simulation_000002,Aluminium 6061,77.02537176217506,0.0641678001064872,0.10897957472588142,336.9193147593438
Simulation_000002,Aluminium 6061,77.02537176217506,0.06805675768869855,0.10897957472588142,337.13723214515886
Simulation_000002,Aluminium 6061,77.02537176217506,0.0719457152709099,0.10897957472588142,337.3730888891936
Simulation_000002,Aluminium 6061,77.02537176217506,0.07583467285312125,0.10897957472588142,337.6282490545755
Simulation_000002,Aluminium 6061,77.02537176217506,0.0797236304353326,0.10897957472588142,337.90427956248067
Simulation_000002,Aluminium 6061,77.02537176217506,0.08361258801754394,0.10897957472588142,338.2029900981279
Simulation_000002,Aluminium 6061,77.02537176217506,0.08750154559975529,0.10897957472588142,338.52648384217895
Simulation_000002,Aluminium 6061,77.02537176217506,0.09139050318196663,0.10897957472588142,338.87722256952316
Simulation_000002,Aluminium 6061,77.02537176217506,0.09527946076417797,0.10897957472588142,339.258111045734
Simulation_000002,Aluminium 6061,77.02537176217506,0.09916841834638931,0.10897957472588142,339.672607666975
Simulation_000002,Aluminium 6061,77.02537176217506,0.10305737592860066,0.10897957472588142,340.1248712407189
Simulation_000002,Aluminium 6061,77.02537176217506,0.10694633351081201,0.10897957472588142,340.6199581472583
Simulation_000002,Aluminium 6061,77.02537176217506,0.11083529109302336,0.10897957472588142,341.1640904868451
Simulation_000002,Aluminium 6061,77.02537176217506,0.1147242486752347,0.10897957472588142,341.7650249405643
Simulation_000002,Aluminium 6061,77.02537176217506,0.11861320625744605,0.10897957472588142,342.4325642918635
Simulation_000002,Aluminium 6061,77.02537176217506,0.1225021638396574,0.10897957472588142,343.1792667045645
Simulation_000002,Aluminium 6061,77.02537176217506,0.12639112142186876,0.10897957472588142,344.02140947196443
Simulation_000002,Aluminium 6061,77.02537176217506,0.1302800790040801,0.10897957472588142,344.98020335534943
Simulation_000002,Aluminium 6061,77.02537176217506,0.13416903658629145,0.10897957472588142,346.0829425088333
Simulation_000002,Aluminium 6061,77.02537176217506,0.13805799416850278,0.10897957472588142,347.36253759546975
Simulation_000002,Aluminium 6061,77.02537176217506,0.14194695175071415,0.10897957472588142,348.84938082197345
Simulation_000002,Aluminium 6061,77.02537176217506,0.14583590933292548,0.10897957472588142,350.5344167999991
Simulation_000002,Aluminium 6061,77.02537176217506,0.14972486691513684,0.10897957472588142,352.2402371501155
Simulation_000002,Aluminium 6061,77.02537176217506,0.15361382449734817,0.10897957472588142,353.2841730906591
Simulation_000002,Aluminium 6061,77.02537176217506,0.15750278207955953,0.10897957472588142,352.2440406945495
Simulation_000002,Aluminium 6061,77.02537176217506,0.16139173966177087,0.10897957472588142,350.5420351968471
Simulation_000002,Aluminium 6061,77.02537176217506,0.16528069724398223,0.10897957472588142,348.86083662801906
Simulation_000002,Aluminium 6061,77.02537176217506,0.16916965482619356,0.10897957472588142,347.37786449792424
Simulation_000002,Aluminium 6061,77.02537176217506,0.17305861240840492,0.10897957472588142,346.10218514771856
Simulation_000002,Aluminium 6061,77.02537176217506,0.17694756999061625,0.10897957472588142,345.00341708657925
Simulation_000002,Aluminium 6061,77.02537176217506,0.18083652757282762,0.10897957472588142,344.0486600710535
Simulation_000002,Aluminium 6061,77.02537176217506,0.18472548515503895,0.10897957472588142,343.21063001088845
Simulation_000002,Aluminium 6061,77.02537176217506,0.18861444273725028,0.10897957472588142,342.4681257933955
Simulation_000002,Aluminium 6061,77.02537176217506,0.19250340031946164,0.10897957472588142,341.8048792990262
Simulation_000002,Aluminium 6061,77.02537176217506,0.19639235790167298,0.10897957472588142,341.2083410032296
Simulation_000002,Aluminium 6061,77.02537176217506,0.20028131548388434,0.10897957472588142,340.668716167705
Simulation_000002,Aluminium 6061,77.02537176217506,0.20417027306609567,0.10897957472588142,340.1782555027665
Simulation_000002,Aluminium 6061,77.02537176217506,0.20805923064830703,0.10897957472588142,339.73074358624973
Simulation_000002,Aluminium 6061,77.02537176217506,0.21194818823051836,0.10897957472588142,339.3211299431817
Simulation_000002,Aluminium 6061,77.02537176217506,0.21583714581272972,0.10897957472588142,338.9452608393398
Simulation_000002,Aluminium 6061,77.02537176217506,0.21972610339494106,0.10897957472588142,338.59968206063644
Simulation_000002,Aluminium 6061,77.02537176217506,0.22361506097715242,0.10897957472588142,338.28149207352976
Simulation_000002,Aluminium 6061,77.02537176217506,0.22750401855936375,0.10897957472588142,337.98823132650546
Simulation_000002,Aluminium 6061,77.02537176217506,0.2313929761415751,0.10897957472588142,337.71779779526724
Simulation_000002,Aluminium 6061,77.02537176217506,0.23528193372378645,0.10897957472588142,337.4683818258366
Simulation_000002,Aluminium 6061,77.02537176217506,0.2391708913059978,0.10897957472588142,337.23841534520926
Simulation_000002,Aluminium 6061,77.02537176217506,0.24305984888820914,0.10897957472588142,337.0265318974835
Simulation_000002,Aluminium 6061,77.02537176217506,0.2469488064704205,0.10897957472588142,336.83153492983985
Simulation_000002,Aluminium 6061,77.02537176217506,0.2508377640526318,0.10897957472588142,336.65237243330427
Simulation_000002,Aluminium 6061,77.02537176217506,0.25472672163484317,0.10897957472588142,336.488116528052
Simulation_000002,Aluminium 6061,77.02537176217506,0.2586156792170545,0.10897957472588142,336.3379469324028
Simulation_000002,Aluminium 6061,77.02537176217506,0.26250463679926583,0.10897957472588142,336.2011375093092
Simulation_000002,Aluminium 6061,77.02537176217506,0.2663935943814772,0.10897957472588142,336.0770452717825
Simulation_000002,Aluminium 6061,77.02537176217506,0.27028255196368856,0.10897957472588142,335.9651013684588
Simulation_000002,Aluminium 6061,77.02537176217506,0.27417150954589986,0.10897957472588142,335.8648036756954
Simulation_000002,Aluminium 6061,77.02537176217506,0.2780604671281112,0.10897957472588142,335.7757107025757
Simulation_000002,Aluminium 6061,77.02537176217506,0.2819494247103226,0.10897957472588142,335.69743657667874
Simulation_000002,Aluminium 6061,77.02537176217506,0.28583838229253394,0.10897957472588142,335.62964692620903
Simulation_000002,Aluminium 6061,77.02537176217506,0.28972733987474525,0.10897957472588142,335.5720555115926
Simulation_000002,Aluminium 6061,77.02537176217506,0.2936162974569566,0.10897957472588142,335.5244214894647
Simulation_000002,Aluminium 6061,77.02537176217506,0.29750525503916797,0.10897957472588142,335.48654721600656
Simulation_000002,Aluminium 6061,77.02537176217506,0.30139421262137933,0.10897957472588142,335.4582765162626
Simulation_000002,Aluminium 6061,77.02537176217506,0.30528317020359064,0.10897957472588142,335.4394933624564
Simulation_000002,Aluminium 6061,77.02537176217506,0.309172127785802,0.10897957472588142,335.43012091827734
Simulation_000002,Aluminium 6061,77.02537176217506,0.0019444787911056729,0.11154380001354922,335.2236670218402
Simulation_000002,Aluminium 6061,77.02537176217506,0.005833436373317019,0.11154380001354922,335.2491560619989
Simulation_000002,Aluminium 6061,77.02537176217506,0.009722393955528366,0.11154380001354922,335.2842055781072
Simulation_000002,Aluminium 6061,77.02537176217506,0.013611351537739711,0.11154380001354922,335.3288980239477
Simulation_000002,Aluminium 6061,77.02537176217506,0.017500309119951058,0.11154380001354922,335.3833579523552
Simulation_000002,Aluminium 6061,77.02537176217506,0.021389266702162405,0.11154380001354922,335.447753092992
Simulation_000002,Aluminium 6061,77.02537176217506,0.02527822428437375,0.11154380001354922,335.5222958426578
Simulation_000002,Aluminium 6061,77.02537176217506,0.029167181866585096,0.11154380001354922,335.60724521650695
Simulation_000002,Aluminium 6061,77.02537176217506,0.03305613944879644,0.11154380001354922,335.7029093242218
Simulation_000002,Aluminium 6061,77.02537176217506,0.03694509703100779,0.11154380001354922,335.80964845361416
Simulation_000002,Aluminium 6061,77.02537176217506,0.04083405461321914,0.11154380001354922,335.92787886620926
Simulation_000002,Aluminium 6061,77.02537176217506,0.044723012195430484,0.11154380001354922,336.05807743632096
Simulation_000002,Aluminium 6061,77.02537176217506,0.048611969777641824,0.11154380001354922,336.2007872985022
Simulation_000002,Aluminium 6061,77.02537176217506,0.05250092735985317,0.11154380001354922,336.3566247101184
Simulation_000002,Aluminium 6061,77.02537176217506,0.05638988494206452,0.11154380001354922,336.52628738888683
Simulation_000002,Aluminium 6061,77.02537176217506,0.060278842524275865,0.11154380001354922,336.71056465324034
Simulation_000002,Aluminium 6061,77.02537176217506,0.0641678001064872,0.11154380001354922,336.9103497813115
Simulation_000002,Aluminium 6061,77.02537176217506,0.06805675768869855,0.11154380001354922,337.1266551189797
Simulation_000002,Aluminium 6061,77.02537176217506,0.0719457152709099,0.11154380001354922,337.3606306180833
Simulation_000002,Aluminium 6061,77.02537176217506,0.07583467285312125,0.11154380001354922,337.6135866853098
Simulation_000002,Aluminium 6061,77.02537176217506,0.0797236304353326,0.11154380001354922,337.8870224878796
Simulation_000002,Aluminium 6061,77.02537176217506,0.08361258801754394,0.11154380001354922,338.1826612177301
Simulation_000002,Aluminium 6061,77.02537176217506,0.08750154559975529,0.11154380001354922,338.5024942934068
Simulation_000002,Aluminium 6061,77.02537176217506,0.09139050318196663,0.11154380001354922,338.84883711991864
Simulation_000002,Aluminium 6061,77.02537176217506,0.09527946076417797,0.11154380001354922,339.2243998821402
Simulation_000002,Aluminium 6061,77.02537176217506,0.09916841834638931,0.11154380001354922,339.63237796947453
Simulation_000002,Aluminium 6061,77.02537176217506,0.10305737592860066,0.11154380001354922,340.0765680456848
Simulation_000002,Aluminium 6061,77.02537176217506,0.10694633351081201,0.11154380001354922,340.5615174103278
Simulation_000002,Aluminium 6061,77.02537176217506,0.11083529109302336,0.11154380001354922,341.0927157440383
Simulation_000002,Aluminium 6061,77.02537176217506,0.1147242486752347,0.11154380001354922,341.6768382678103
Simulation_000002,Aluminium 6061,77.02537176217506,0.11861320625744605,0.11154380001354922,342.3220439442773
Simulation_000002,Aluminium 6061,77.02537176217506,0.1225021638396574,0.11154380001354922,343.03831095391956
Simulation_000002,Aluminium 6061,77.02537176217506,0.12639112142186876,0.11154380001354922,343.83772504977156
Simulation_000002,Aluminium 6061,77.02537176217506,0.1302800790040801,0.11154380001354922,344.7344445437324
Simulation_000002,Aluminium 6061,77.02537176217506,0.13416903658629145,0.11154380001354922,345.74353201629134
Simulation_000002,Aluminium 6061,77.02537176217506,0.13805799416850278,0.11154380001354922,346.87640330754897
Simulation_000002,Aluminium 6061,77.02537176217506,0.14194695175071415,0.11154380001354922,348.12699403383414
Simulation_000002,Aluminium 6061,77.02537176217506,0.14583590933292548,0.11154380001354922,349.43489149230174
Simulation_000002,Aluminium 6061,77.02537176217506,0.14972486691513684,0.11154380001354922,350.60280477858606
Simulation_000002,Aluminium 6061,77.02537176217506,0.15361382449734817,0.11154380001354922,351.1808811813886
Simulation_000002,Aluminium 6061,77.02537176217506,0.15750278207955953,0.11154380001354922,350.60660901762407
Simulation_000002,Aluminium 6061,77.02537176217506,0.16139173966177087,0.11154380001354922,349.44251128936867
Simulation_000002,Aluminium 6061,77.02537176217506,0.16528069724398223,0.11154380001354922,348.1384519678765
Simulation_000002,Aluminium 6061,77.02537176217506,0.16916965482619356,0.11154380001354922,346.8917330993786
Simulation_000002,Aluminium 6061,77.02537176217506,0.17305861240840492,0.11154380001354922,345.7627783513998
Simulation_000002,Aluminium 6061,77.02537176217506,0.17694756999061625,0.11154380001354922,344.75766283595624
Simulation_000002,Aluminium 6061,77.02537176217506,0.18083652757282762,0.11154380001354922,343.86498114574397
Simulation_000002,Aluminium 6061,77.02537176217506,0.18472548515503895,0.11154380001354922,343.0696807782413
Simulation_000002,Aluminium 6061,77.02537176217506,0.18861444273725028,0.11154380001354922,342.3576130853439
Simulation_000002,Aluminium 6061,77.02537176217506,0.19250340031946164,0.11154380001354922,341.71670150424626
Simulation_000002,Aluminium 6061,77.02537176217506,0.19639235790167298,0.11154380001354922,341.13697651171066
Simulation_000002,Aluminium 6061,77.02537176217506,0.20028131548388434,0.11154380001354922,340.6102872099423
Simulation_000002,Aluminium 6061,77.02537176217506,0.20417027306609567,0.11154380001354922,340.12996579100695
Simulation_000002,Aluminium 6061,77.02537176217506,0.20805923064830703,0.11154380001354922,339.6905292762621
Simulation_000002,Aluminium 6061,77.02537176217506,0.21194818823051836,0.11154380001354922,339.28743629792416
Simulation_000002,Aluminium 6061,77.02537176217506,0.21583714581272972,0.11154380001354922,338.91689529482045
Simulation_000002,Aluminium 6061,77.02537176217506,0.21972610339494106,0.11154380001354922,338.5757150922288
Simulation_000002,Aluminium 6061,77.02537176217506,0.22361506097715242,0.11154380001354922,338.2611887735977
Simulation_000002,Aluminium 6061,77.02537176217506,0.22750401855936375,0.11154380001354922,337.97100319774563
Simulation_000002,Aluminium 6061,77.02537176217506,0.2313929761415751,0.11154380001354922,337.70316814763896
Simulation_000002,Aluminium 6061,77.02537176217506,0.23528193372378645,0.11154380001354922,337.4559605130232
Simulation_000002,Aluminium 6061,77.02537176217506,0.2391708913059978,0.11154380001354922,337.2278800312695
Simulation_000002,Aluminium 6061,77.02537176217506,0.24305984888820914,0.11154380001354922,337.01761396608515
Simulation_000002,Aluminium 6061,77.02537176217506,0.2469488064704205,0.11154380001354922,336.82400874472376
Simulation_000002,Aluminium 6061,77.02537176217506,0.2508377640526318,0.11154380001354922,336.64604705176447
Simulation_000002,Aluminium 6061,77.02537176217506,0.25472672163484317,0.11154380001354922,336.4828292330301
Simulation_000002,Aluminium 6061,77.02537176217506,0.2586156792170545,0.11154380001354922,336.33355812871645
Simulation_000002,Aluminium 6061,77.02537176217506,0.26250463679926583,0.11154380001354922,336.1975266540936
Simulation_000002,Aluminium 6061,77.02537176217506,0.2663935943814772,0.11154380001354922,336.07410759664907
Simulation_000002,Aluminium 6061,77.02537176217506,0.27028255196368856,0.11154380001354922,335.96274521302604
Simulation_000002,Aluminium 6061,77.02537176217506,0.27417150954589986,0.11154380001354922,335.86294829684306
Simulation_000002,Aluminium 6061,77.02537176217506,0.2780604671281112,0.11154380001354922,335.77428445626555
Simulation_000002,Aluminium 6061,77.02537176217506,0.2819494247103226,0.11154380001354922,335.6963753930235
Simulation_000002,Aluminium 6061,77.02537176217506,0.28583838229253394,0.11154380001354922,335.6288930161144
Simulation_000002,Aluminium 6061,77.02537176217506,0.28972733987474525,0.11154380001354922,335.57155625643577
Simulation_000002,Aluminium 6061,77.02537176217506,0.2936162974569566,0.11154380001354922,335.52412847511033
Simulation_000002,Aluminium 6061,77.02537176217506,0.29750525503916797,0.11154380001354922,335.48641537983747
Simulation_000002,Aluminium 6061,77.02537176217506,0.30139421262137933,0.11154380001354922,335.45826338142376
Simulation_000002,Aluminium 6061,77.02537176217506,0.30528317020359064,0.11154380001354922,335.4395583376033
Simulation_000002,Aluminium 6061,77.02537176217506,0.309172127785802,0.11154380001354922,335.43022464409364
Simulation_000002,Aluminium 6061,77.02537176217506,0.0019444787911056729,0.11410802530121701,335.222821685828
Simulation_000002,Aluminium 6061,77.02537176217506,0.005833436373317019,0.11410802530121701,335.24825573139395
Simulation_000002,Aluminium 6061,77.02537176217506,0.009722393955528366,0.11410802530121701,335.2831943632788
Simulation_000002,Aluminium 6061,77.02537176217506,0.013611351537739711,0.11410802530121701,335.3277182227353
Simulation_000002,Aluminium 6061,77.02537176217506,0.017500309119951058,0.11410802530121701,335.3819490866715
Simulation_000002,Aluminium 6061,77.02537176217506,0.021389266702162405,0.11410802530121701,335.446050874008
Simulation_000002,Aluminium 6061,77.02537176217506,0.02527822428437375,0.11410802530121701,335.52023103578574
Simulation_000002,Aluminium 6061,77.02537176217506,0.029167181866585096,0.11410802530121701,335.6047423726725
Simulation_000002,Aluminium 6061,77.02537176217506,0.03305613944879644,0.11410802530121701,335.69988533740144
Simulation_000002,Aluminium 6061,77.02537176217506,0.03694509703100779,0.11410802530121701,335.8060108957913
Simulation_000002,Aluminium 6061,77.02537176217506,0.04083405461321914,0.11410802530121701,335.9235240390719
Simulation_000002,Aluminium 6061,77.02537176217506,0.044723012195430484,0.11410802530121701,336.0528880631844
Simulation_000002,Aluminium 6061,77.02537176217506,0.048611969777641824,0.11410802530121701,336.1946297586867
Simulation_000002,Aluminium 6061,77.02537176217506,0.05250092735985317,0.11410802530121701,336.34934568934267
Simulation_000002,Aluminium 6061,77.02537176217506,0.05638988494206452,0.11410802530121701,336.51770978030845
Simulation_000002,Aluminium 6061,77.02537176217506,0.060278842524275865,0.11410802530121701,336.7004824904497
Simulation_000002,Aluminium 6061,77.02537176217506,0.0641678001064872,0.11410802530121701,336.89852191084657
Simulation_000002,Aluminium 6061,77.02537176217506,0.06805675768869855,0.11410802530121701,337.1127972168636
Simulation_000002,Aluminium 6061,77.02537176217506,0.0719457152709099,0.11410802530121701,337.34440500914735
Simulation_000002,Aluminium 6061,77.02537176217506,0.07583467285312125,0.11410802530121701,337.5945892153633
Simulation_000002,Aluminium 6061,77.02537176217506,0.0797236304353326,0.11410802530121701,337.8647653958622
Simulation_000002,Aluminium 6061,77.02537176217506,0.08361258801754394,0.11410802530121701,338.15655050883174
Simulation_000002,Aluminium 6061,77.02537176217506,0.08750154559975529,0.11410802530121701,338.47179944678464
Simulation_000002,Aluminium 6061,77.02537176217506,0.09139050318196663,0.11410802530121701,338.81264994972815
Simulation_000002,Aluminium 6061,77.02537176217506,0.09527946076417797,0.11410802530121701,339.18157779988894
Simulation_000002,Aluminium 6061,77.02537176217506,0.09916841834638931,0.11410802530121701,339.5814644197652
Simulation_000002,Aluminium 6061,77.02537176217506,0.10305737592860066,0.11410802530121701,340.0156789098951
Simulation_000002,Aluminium 6061,77.02537176217506,0.10694633351081201,0.11410802530121701,340.4881756603718
Simulation_000002,Aluminium 6061,77.02537176217506,0.11083529109302336,0.11410802530121701,341.00360577133154
Simulation_000002,Aluminium 6061,77.02537176217506,0.1147242486752347,0.11410802530121701,341.5674329361895
Simulation_000002,Aluminium 6061,77.02537176217506,0.11861320625744605,0.11410802530121701,342.18602604971915
Simulation_000002,Aluminium 6061,77.02537176217506,0.1225021638396574,0.11410802530121701,342.8666575768748
Simulation_000002,Aluminium 6061,77.02537176217506,0.12639112142186876,0.11410802530121701,343.6172366155566
Simulation_000002,Aluminium 6061,77.02537176217506,0.1302800790040801,0.11410802530121701,344.4453766456097
Simulation_000002,Aluminium 6061,77.02537176217506,0.13416903658629145,0.11410802530121701,345.3558869846483
Simulation_000002,Aluminium 6061,77.02537176217506,0.13805799416850278,0.11410802530121701,346.34470261202
Simulation_000002,Aluminium 6061,77.02537176217506,0.14194695175071415,0.11410802530121701,347.38533099809644
Simulation_000002,Aluminium 6061,77.02537176217506,0.14583590933292548,0.11410802530121701,348.4018823616464
Simulation_000002,Aluminium 6061,77.02537176217506,0.14972486691513684,0.11410802530121701,349.2274773417914
Simulation_000002,Aluminium 6061,77.02537176217506,0.15361382449734817,0.11410802530121701,349.5842555761784
Simulation_000002,Aluminium 6061,77.02537176217506,0.15750278207955953,0.11410802530121701,349.23128240277083
Simulation_000002,Aluminium 6061,77.02537176217506,0.16139173966177087,0.11410802530121701,348.40950381591244
Simulation_000002,Aluminium 6061,77.02537176217506,0.16528069724398223,0.11410802530121701,347.39679145140593
Simulation_000002,Aluminium 6061,77.02537176217506,0.16916965482619356,0.11410802530121701,346.3600358258456
Simulation_000002,Aluminium 6061,77.02537176217506,0.17305861240840492,0.11410802530121701,345.37513769953404
Simulation_000002,Aluminium 6061,77.02537176217506,0.17694756999061625,0.11410802530121701,344.46860034556767
Simulation_000002,Aluminium 6061,77.02537176217506,0.18083652757282762,0.11410802530121701,343.64449923345035
Simulation_000002,Aluminium 6061,77.02537176217506,0.18472548515503895,0.11410802530121701,342.89803514073327
Simulation_000002,Aluminium 6061,77.02537176217506,0.18861444273725028,0.11410802530121701,342.2216042699336
Simulation_000002,Aluminium 6061,77.02537176217506,0.19250340031946164,0.11410802530121701,341.60730673356073
Simulation_000002,Aluminium 6061,77.02537176217506,0.19639235790167298,0.11410802530121701,341.04787874596093
Simulation_000002,Aluminium 6061,77.02537176217506,0.20028131548388434,0.11410802530121701,340.536959501424
Simulation_000002,Aluminium 6061,77.02537176217506,0.20417027306609567,0.11410802530121701,340.0690927463028
Simulation_000002,Aluminium 6061,77.02537176217506,0.20805923064830703,0.11410802530121701,339.63963411199524
Simulation_000002,Aluminium 6061,77.02537176217506,0.21194818823051836,0.11410802530121701,339.2446351729458
Simulation_000002,Aluminium 6061,77.02537176217506,0.21583714581272972,0.11410802530121701,338.8807319676249
Simulation_000002,Aluminium 6061,77.02537176217506,0.21972610339494106,0.11410802530121701,338.5450473287704
Simulation_000002,Aluminium 6061,77.02537176217506,0.22361506097715242,0.11410802530121701,338.2351087877111
Simulation_000002,Aluminium 6061,77.02537176217506,0.22750401855936375,0.11410802530121701,337.9487809187837
Simulation_000002,Aluminium 6061,77.02537176217506,0.2313929761415751,0.11410802530121701,337.68421008747174
Simulation_000002,Aluminium 6061,77.02537176217506,0.23528193372378645,0.11410802530121701,337.4397794804943
Simulation_000002,Aluminium 6061,77.02537176217506,0.2391708913059978,0.11410802530121701,337.21407251292925
Simulation_000002,Aluminium 6061,77.02537176217506,0.24305984888820914,0.11410802530121701,337.0058430069458
Simulation_000002,Aluminium 6061,77.02537176217506,0.2469488064704205,0.11410802530121701,336.8139908301584
Simulation_000002,Aluminium 6061,77.02537176217506,0.2508377640526318,0.11410802530121701,336.63754193784047
Simulation_000002,Aluminium 6061,77.02537176217506,0.25472672163484317,0.11410802530121701,336.4756319755222
Simulation_000002,Aluminium 6061,77.02537176217506,0.2586156792170545,0.11410802530121701,336.3274927697721
Simulation_000002,Aluminium 6061,77.02537176217506,0.26250463679926583,0.11410802530121701,336.1924411712994
Simulation_000002,Aluminium 6061,77.02537176217506,0.2663935943814772,0.11410802530121701,336.069869822355
Simulation_000002,Aluminium 6061,77.02537176217506,0.27028255196368856,0.11410802530121701,335.95923950557267
Simulation_000002,Aluminium 6061,77.02537176217506,0.27417150954589986,0.11410802530121701,335.8600727987209
Simulation_000002,Aluminium 6061,77.02537176217506,0.2780604671281112,0.11410802530121701,335.77194881324056
Simulation_000002,Aluminium 6061,77.02537176217506,0.2819494247103226,0.11410802530121701,335.6944988370164
Simulation_000002,Aluminium 6061,77.02537176217506,0.28583838229253394,0.11410802530121701,335.6274027359842
Simulation_000002,Aluminium 6061,77.02537176217506,0.28972733987474525,0.11410802530121701,335.57038599678714
Simulation_000002,Aluminium 6061,77.02537176217506,0.2936162974569566,0.11410802530121701,335.52321731523494
Simulation_000002,Aluminium 6061,77.02537176217506,0.29750525503916797,0.11410802530121701,335.48570665391975
Simulation_000002,Aluminium 6061,77.02537176217506,0.30139421262137933,0.11410802530121701,335.45770370790257
Simulation_000002,Aluminium 6061,77.02537176217506,0.30528317020359064,0.11410802530121701,335.4390967306104
Simulation_000002,Aluminium 6061,77.02537176217506,0.309172127785802,0.11410802530121701,335.4298116835434
Simulation_000002,Aluminium 6061,77.02537176217506,0.0019444787911056729,0.11667225058888481,335.22139904188606
Simulation_000002,Aluminium 6061,77.02537176217506,0.005833436373317019,0.11667225058888481,335.24676724296086
Simulation_000002,Aluminium 6061,77.02537176217506,0.009722393955528366,0.11667225058888481,335.2815731101702
Simulation_000002,Aluminium 6061,77.02537176217506,0.013611351537739711,0.11667225058888481,335.325895106825
Simulation_000002,Aluminium 6061,77.02537176217506,0.017500309119951058,0.11667225058888481,335.3798516753803
Simulation_000002,Aluminium 6061,77.02537176217506,0.021389266702162405,0.11667225058888481,335.4436021594379
Simulation_000002,Aluminium 6061,77.02537176217506,0.02527822428437375,0.11667225058888481,335.5173480756277
Simulation_000002,Aluminium 6061,77.02537176217506,0.029167181866585096,0.11667225058888481,335.60133477357635
Simulation_000002,Aluminium 6061,77.02537176217506,0.03305613944879644,0.11667225058888481,335.6958535339987
Simulation_000002,Aluminium 6061,77.02537176217506,0.03694509703100779,0.11667225058888481,335.80124416844745
Simulation_000002,Aluminium 6061,77.02537176217506,0.04083405461321914,0.11667225058888481,335.9178981999267
Simulation_000002,Aluminium 6061,77.02537176217506,0.044723012195430484,0.11667225058888481,336.04626272200505
Simulation_000002,Aluminium 6061,77.02537176217506,0.048611969777641824,0.11667225058888481,336.18684505597264
Simulation_000002,Aluminium 6061,77.02537176217506,0.05250092735985317,0.11667225058888481,336.3402183518024
Simulation_000002,Aluminium 6061,77.02537176217506,0.05638988494206452,0.11667225058888481,336.50702831018526
Simulation_000002,Aluminium 6061,77.02537176217506,0.060278842524275865,0.11667225058888481,336.68800124080065
Simulation_000002,Aluminium 6061,77.02537176217506,0.0641678001064872,0.11667225058888481,336.8839537173787
Simulation_000002,Aluminium 6061,77.02537176217506,0.06805675768869855,0.11667225058888481,337.09580414400347
Simulation_000002,Aluminium 6061,77.02537176217506,0.0719457152709099,0.11667225058888481,337.32458660988095
Simulation_000002,Aluminium 6061,77.02537176217506,0.07583467285312125,0.11667225058888481,337.5714674804866
Simulation_000002,Aluminium 6061,77.02537176217506,0.0797236304353326,0.11667225058888481,337.83776524750937
Simulation_000002,Aluminium 6061,77.02537176217506,0.08361258801754394,0.11667225058888481,338.12497422788806
Simulation_000002,Aluminium 6061,77.02537176217506,0.08750154559975529,0.11667225058888481,338.4347927402346
Simulation_000002,Aluminium 6061,77.02537176217506,0.09139050318196663,0.11667225058888481,338.7691563464385
Simulation_000002,Aluminium 6061,77.02537176217506,0.09527946076417797,0.11667225058888481,339.13027652851775
Simulation_000002,Aluminium 6061,77.02537176217506,0.09916841834638931,0.11667225058888481,339.5206845779445
Simulation_000002,Aluminium 6061,77.02537176217506,0.10305737592860066,0.11667225058888481,339.9432791114773
Simulation_000002,Aluminium 6061,77.02537176217506,0.10694633351081201,0.11667225058888481,340.40137270307815
Simulation_000002,Aluminium 6061,77.02537176217506,0.11083529109302336,0.11667225058888481,340.8987270459007
Simulation_000002,Aluminium 6061,77.02537176217506,0.1147242486752347,0.11667225058888481,341.4395536215563
Simulation_000002,Aluminium 6061,77.02537176217506,0.11861320625744605,0.11667225058888481,342.0284315697834
Simulation_000002,Aluminium 6061,77.02537176217506,0.1225021638396574,0.11667225058888481,342.67004332480093
Simulation_000002,Aluminium 6061,77.02537176217506,0.12639112142186876,0.11667225058888481,343.3685262943788
Simulation_000002,Aluminium 6061,77.02537176217506,0.1302800790040801,0.11667225058888481,344.1260394277732
Simulation_000002,Aluminium 6061,77.02537176217506,0.13416903658629145,0.11667225058888481,344.93977755821174
Simulation_000002,Aluminium 6061,77.02537176217506,0.13805799416850278,0.11667225058888481,345.79608689894087
Simulation_000002,Aluminium 6061,77.02537176217506,0.14194695175071415,0.11667225058888481,346.6597718471118
Simulation_000002,Aluminium 6061,77.02537176217506,0.14583590933292548,0.11667225058888481,347.457547917191
Simulation_000002,Aluminium 6061,77.02537176217506,0.14972486691513684,0.11667225058888481,348.06163857476884
Simulation_000002,Aluminium 6061,77.02537176217506,0.15361382449734817,0.11667225058888481,348.3018723531324
Simulation_000002,Aluminium 6061,77.02537176217506,0.15750278207955953,0.11667225058888481,348.0654445812834
Simulation_000002,Aluminium 6061,77.02537176217506,0.16139173966177087,0.11667225058888481,347.4651712780836
Simulation_000002,Aluminium 6061,77.02537176217506,0.16528069724398223,0.11667225058888481,346.67123519946364
Simulation_000002,Aluminium 6061,77.02537176217506,0.16916965482619356,0.11667225058888481,345.81142405174404
Simulation_000002,Aluminium 6061,77.02537176217506,0.17305861240840492,0.11667225058888481,344.95903331637135
Simulation_000002,Aluminium 6061,77.02537176217506,0.17694756999061625,0.11667225058888481,344.1492693573796
Simulation_000002,Aluminium 6061,77.02537176217506,0.18083652757282762,0.11667225058888481,343.39579642920575
Simulation_000002,Aluminium 6061,77.02537176217506,0.18472548515503895,0.11667225058888481,342.7014298139885
Simulation_000002,Aluminium 6061,77.02537176217506,0.18861444273725028,0.11667225058888481,342.06402026667587
Simulation_000002,Aluminium 6061,77.02537176217506,0.19250340031946164,0.11667225058888481,341.4794396136826
Simulation_000002,Aluminium 6061,77.02537176217506,0.19639235790167298,0.11667225058888481,340.9430141261178
Simulation_000002,Aluminium 6061,77.02537176217506,0.20028131548388434,0.11667225058888481,340.45017278193427
Simulation_000002,Aluminium 6061,77.02537176217506,0.20417027306609567,0.11667225058888481,339.9967115708998
Simulation_000002,Aluminium 6061,77.02537176217506,0.20805923064830703,0.11667225058888481,339.5788755664126
Simulation_000002,Aluminium 6061,77.02537176217506,0.21194818823051836,0.11667225058888481,339.19335819794117
Simulation_000002,Aluminium 6061,77.02537176217506,0.21583714581272972,0.11667225058888481,338.8372660310282
Simulation_000002,Aluminium 6061,77.02537176217506,0.21972610339494106,0.11667225058888481,338.5080720777122
Simulation_000002,Aluminium 6061,77.02537176217506,0.22361506097715242,0.11667225058888481,338.20356822344354
Simulation_000002,Aluminium 6061,77.02537176217506,0.22750401855936375,0.11667225058888481,337.9218212809625
Simulation_000002,Aluminium 6061,77.02537176217506,0.2313929761415751,0.11667225058888481,337.6611342571419
Simulation_000002,Aluminium 6061,77.02537176217506,0.23528193372378645,0.11667225058888481,337.4200130555757
Simulation_000002,Aluminium 6061,77.02537176217506,0.2391708913059978,0.11667225058888481,337.1971382448262
Simulation_000002,Aluminium 6061,77.02537176217506,0.24305984888820914,0.11667225058888481,336.991341304472
Simulation_000002,Aluminium 6061,77.02537176217506,0.2469488064704205,0.11667225058888481,336.80158472054814
Simulation_000002,Aluminium 6061,77.02537176217506,0.2508377640526318,0.11667225058888481,336.6269453399035
Simulation_000002,Aluminium 6061,77.02537176217506,0.25472672163484317,0.11667225058888481,336.46660046079893
Simulation_000002,Aluminium 6061,77.02537176217506,0.2586156792170545,0.11667225058888481,336.31981621148515
Simulation_000002,Aluminium 6061,77.02537176217506,0.26250463679926583,0.11667225058888481,336.18593783907005
Simulation_000002,Aluminium 6061,77.02537176217506,0.2663935943814772,0.11667225058888481,336.064381593639
Simulation_000002,Aluminium 6061,77.02537176217506,0.27028255196368856,0.11667225058888481,335.9546279463236
Simulation_000002,Aluminium 6061,77.02537176217506,0.27417150954589986,0.11667225058888481,335.8562159252376
Simulation_000002,Aluminium 6061,77.02537176217506,0.2780604671281112,0.11667225058888481,335.7687383908816
Simulation_000002,Aluminium 6061,77.02537176217506,0.2819494247103226,0.11667225058888481,335.6918381038882
Simulation_000002,Aluminium 6061,77.02537176217506,0.28583838229253394,0.11667225058888481,335.6252044639229
Simulation_000002,Aluminium 6061,77.02537176217506,0.28972733987474525,0.11667225058888481,335.5685708201391
Simulation_000002,Aluminium 6061,77.02537176217506,0.2936162974569566,0.11667225058888481,335.52171227164956
Simulation_000002,Aluminium 6061,77.02537176217506,0.29750525503916797,0.11667225058888481,335.4844438917145
Simulation_000002,Aluminium 6061,77.02537176217506,0.30139421262137933,0.11667225058888481,335.4566193223442
Simulation_000002,Aluminium 6061,77.02537176217506,0.30528317020359064,0.11667225058888481,335.4381296972553
Simulation_000002,Aluminium 6061,77.02537176217506,0.309172127785802,0.11667225058888481,335.4289028610056
Simulation_000002,Aluminium 6061,77.02537176217506,0.0019444787911056729,0.1192364758765526,335.21942695801573
Simulation_000002,Aluminium 6061,77.02537176217506,0.005833436373317019,0.1192364758765526,335.2447189271062
Simulation_000002,Aluminium 6061,77.02537176217506,0.009722393955528366,0.1192364758765526,335.2793710855757
Simulation_000002,Aluminium 6061,77.02537176217506,0.013611351537739711,0.1192364758765526,335.3234593770383
Simulation_000002,Aluminium 6061,77.02537176217506,0.017500309119951058,0.1192364758765526,335.3770983877414
Simulation_000002,Aluminium 6061,77.02537176217506,0.021389266702162405,0.1192364758765526,335.44044217291923
Simulation_000002,Aluminium 6061,77.02537176217506,0.02527822428437375,0.1192364758765526,335.5136853947899
Simulation_000002,Aluminium 6061,77.02537176217506,0.029167181866585096,0.1192364758765526,335.5970648044157
Simulation_000002,Aluminium 6061,77.02537176217506,0.03305613944879644,0.1192364758765526,335.69086110923115
Simulation_000002,Aluminium 6061,77.02537176217506,0.03694509703100779,0.1192364758765526,335.79540127871167
Simulation_000002,Aluminium 6061,77.02537176217506,0.04083405461321914,0.1192364758765526,335.9110613526566
Simulation_000002,Aluminium 6061,77.02537176217506,0.044723012195430484,0.1192364758765526,336.03826983017393
Simulation_000002,Aluminium 6061,77.02537176217506,0.048611969777641824,0.1192364758765526,336.17751173293715
Simulation_000002,Aluminium 6061,77.02537176217506,0.05250092735985317,0.1192364758765526,336.3293334538429
Simulation_000002,Aluminium 6061,77.02537176217506,0.05638988494206452,0.1192364758765526,336.4943485219117
Simulation_000002,Aluminium 6061,77.02537176217506,0.060278842524275865,0.1192364758765526,336.6732444359374
Simulation_000002,Aluminium 6061,77.02537176217506,0.0641678001064872,0.1192364758765526,336.8667907422427
Simulation_000002,Aluminium 6061,77.02537176217506,0.06805675768869855,0.1192364758765526,337.0758485541696
Simulation_000002,Aluminium 6061,77.02537176217506,0.0719457152709099,0.1192364758765526,337.3013817289461
Simulation_000002,Aluminium 6061,77.02537176217506,0.07583467285312125,0.1192364758765526,337.54446992425983
Simulation_000002,Aluminium 6061,77.02537176217506,0.0797236304353326,0.1192364758765526,337.80632373904973
Simulation_000002,Aluminium 6061,77.02537176217506,0.08361258801754394,0.1192364758765526,338.08830207652016
Simulation_000002,Aluminium 6061,77.02537176217506,0.08750154559975529,0.1192364758765526,338.39193170822386
Simulation_000002,Aluminium 6061,77.02537176217506,0.09139050318196663,0.1192364758765526,338.7189286864847
Simulation_000002,Aluminium 6061,77.02537176217506,0.09527946076417797,0.1192364758765526,339.0712206034828
Simulation_000002,Aluminium 6061,77.02537176217506,0.09916841834638931,0.1192364758765526,339.4509674645764
Simulation_000002,Aluminium 6061,77.02537176217506,0.10305737592860066,0.1192364758765526,339.86057664628544
Simulation_000002,Aluminium 6061,77.02537176217506,0.10694633351081201,0.1192364758765526,340.30270315401725
Simulation_000002,Aluminium 6061,77.02537176217506,0.11083529109302336,0.1192364758765526,340.78021853782565
Simulation_000002,Aluminium 6061,77.02537176217506,0.1147242486752347,0.1192364758765526,341.296117352269
Simulation_000002,Aluminium 6061,77.02537176217506,0.11861320625744605,0.1192364758765526,341.8533035198087
Simulation_000002,Aluminium 6061,77.02537176217506,0.1225021638396574,0.1192364758765526,342.4541509380023
Simulation_000002,Aluminium 6061,77.02537176217506,0.12639112142186876,0.1192364758765526,343.0996481814214
Simulation_000002,Aluminium 6061,77.02537176217506,0.1302800790040801,0.1192364758765526,343.787797398502
Simulation_000002,Aluminium 6061,77.02537176217506,0.13416903658629145,0.1192364758765526,344.5107369946711
Simulation_000002,Aluminium 6061,77.02537176217506,0.13805799416850278,0.1192364758765526,345.24987311976366
Simulation_000002,Aluminium 6061,77.02537176217506,0.14194695175071415,0.1192364758765526,345.9685008458962
Simulation_000002,Aluminium 6061,77.02537176217506,0.14583590933292548,0.1192364758765526,346.6030722090933
Simulation_000002,Aluminium 6061,77.02537176217506,0.14972486691513684,0.1192364758765526,347.0596540882974
Simulation_000002,Aluminium 6061,77.02537176217506,0.15361382449734817,0.1192364758765526,347.23239179279136
Simulation_000002,Aluminium 6061,77.02537176217506,0.15750278207955953,0.1192364758765526,347.06346115942574
Simulation_000002,Aluminium 6061,77.02537176217506,0.16139173966177087,0.1192364758765526,346.6106977169294
Simulation_000002,Aluminium 6061,77.02537176217506,0.16528069724398223,0.1192364758765526,345.97996746319893
Simulation_000002,Aluminium 6061,77.02537176217506,0.16916965482619356,0.1192364758765526,345.26521470965815
Simulation_000002,Aluminium 6061,77.02537176217506,0.17305861240840492,0.1192364758765526,344.52999843540033
Simulation_000002,Aluminium 6061,77.02537176217506,0.17694756999061625,0.1192364758765526,343.8110343497126
Simulation_000002,Aluminium 6061,77.02537176217506,0.18083652757282762,0.1192364758765526,343.1269267919539
Simulation_000002,Aluminium 6061,77.02537176217506,0.18472548515503895,0.1192364758765526,342.4855474951605
Simulation_000002,Aluminium 6061,77.02537176217506,0.18861444273725028,0.1192364758765526,341.8889040400994
Simulation_000002,Aluminium 6061,77.02537176217506,0.19250340031946164,0.1192364758765526,341.3360171136257
Simulation_000002,Aluminium 6061,77.02537176217506,0.19639235790167298,0.1192364758765526,340.82452155336523
Simulation_000002,Aluminium 6061,77.02537176217506,0.20028131548388434,0.1192364758765526,340.3515215874217
Simulation_000002,Aluminium 6061,77.02537176217506,0.20417027306609567,0.1192364758765526,339.91403016895447
Simulation_000002,Aluminium 6061,77.02537176217506,0.20805923064830703,0.1192364758765526,339.5091825547581
Simulation_000002,Aluminium 6061,77.02537176217506,0.21194818823051836,0.1192364758765526,339.1343297876582
Simulation_000002,Aluminium 6061,77.02537176217506,0.21583714581272972,0.1192364758765526,338.7870697233534
Simulation_000002,Aluminium 6061,77.02537176217506,0.21972610339494106,0.1192364758765526,338.46524671571154
Simulation_000002,Aluminium 6061,77.02537176217506,0.22361506097715242,0.1192364758765526,338.16693660229816
Simulation_000002,Aluminium 6061,77.02537176217506,0.22750401855936375,0.1192364758765526,337.89042577511725
Simulation_000002,Aluminium 6061,77.02537176217506,0.2313929761415751,0.1192364758765526,337.63418886618786
Simulation_000002,Aluminium 6061,77.02537176217506,0.23528193372378645,0.1192364758765526,337.3968672804066
Simulation_000002,Aluminium 6061,77.02537176217506,0.2391708913059978,0.1192364758765526,337.1772495773708
Simulation_000002,Aluminium 6061,77.02537176217506,0.24305984888820914,0.1192364758765526,336.97425405485023
Simulation_000002,Aluminium 6061,77.02537176217506,0.2469488064704205,0.1192364758765526,336.78691355497034
Simulation_000002,Aluminium 6061,77.02537176217506,0.2508377640526318,0.1192364758765526,336.6143623549546
Simulation_000002,Aluminium 6061,77.02537176217506,0.25472672163484317,0.1192364758765526,336.4558249376907
Simulation_000002,Aluminium 6061,77.02537176217506,0.2586156792170545,0.1192364758765526,336.31060641948045
Simulation_000002,Aluminium 6061,77.02537176217506,0.26250463679926583,0.1192364758765526,336.1780844189197
Simulation_000002,Aluminium 6061,77.02537176217506,0.2663935943814772,0.1192364758765526,336.05770216874413
Simulation_000002,Aluminium 6061,77.02537176217506,0.27028255196368856,0.1192364758765526,335.9489626946073
Simulation_000002,Aluminium 6061,77.02537176217506,0.27417150954589986,0.1192364758765526,335.8514239074436
Simulation_000002,Aluminium 6061,77.02537176217506,0.2780604671281112,0.1192364758765526,335.76469447754687
Simulation_000002,Aluminium 6061,77.02537176217506,0.2819494247103226,0.1192364758765526,335.6884303779838
Simulation_000002,Aluminium 6061,77.02537176217506,0.28583838229253394,0.1192364758765526,335.62233200227325
Simulation_000002,Aluminium 6061,77.02537176217506,0.28972733987474525,0.1192364758765526,335.566141776456
Simulation_000002,Aluminium 6061,77.02537176217506,0.2936162974569566,0.1192364758765526,335.5196421989598
Simulation_000002,Aluminium 6061,77.02537176217506,0.29750525503916797,0.1192364758765526,335.482654253285
Simulation_000002,Aluminium 6061,77.02537176217506,0.30139421262137933,0.1192364758765526,335.4550361487631
Simulation_000002,Aluminium 6061,77.02537176217506,0.30528317020359064,0.1192364758765526,335.4366823537177
Simulation_000002,Aluminium 6061,77.02537176217506,0.309172127785802,0.1192364758765526,335.42752289352364
Simulation_000002,Aluminium 6061,77.02537176217506,0.0019444787911056729,0.1218007011642204,335.216937545493
Simulation_000002,Aluminium 6061,77.02537176217506,0.005833436373317019,0.1218007011642204,335.24214343056747
Simulation_000002,Aluminium 6061,77.02537176217506,0.009722393955528366,0.1218007011642204,335.2766220203017
Simulation_000002,Aluminium 6061,77.02537176217506,0.013611351537739711,0.1218007011642204,335.3204464237031
Simulation_000002,Aluminium 6061,77.02537176217506,0.017500309119951058,0.1218007011642204,335.37372689074715
Simulation_000002,Aluminium 6061,77.02537176217506,0.021389266702162405,0.1218007011642204,335.4366115335988
Simulation_000002,Aluminium 6061,77.02537176217506,0.02527822428437375,0.1218007011642204,335.509287317672
Simulation_000002,Aluminium 6061,77.02537176217506,0.029167181866585096,0.1218007011642204,335.59198134838624
Simulation_000002,Aluminium 6061,77.02537176217506,0.03305613944879644,0.1218007011642204,335.68496248672585
Simulation_000002,Aluminium 6061,77.02537176217506,0.03694509703100779,0.1218007011642204,335.78854333441774
Simulation_000002,Aluminium 6061,77.02537176217506,0.04083405461321914,0.1218007011642204,335.90308263776495
Simulation_000002,Aluminium 6061,77.02537176217506,0.044723012195430484,0.1218007011642204,336.0289881678514
Simulation_000002,Aluminium 6061,77.02537176217506,0.048611969777641824,0.1218007011642204,336.1667201438006
Simulation_000002,Aluminium 6061,77.02537176217506,0.05250092735985317,0.1218007011642204,336.31679527463706
Simulation_000002,Aluminium 6061,77.02537176217506,0.05638988494206452,0.1218007011642204,336.47979150330724
Simulation_000002,Aluminium 6061,77.02537176217506,0.060278842524275865,0.1218007011642204,336.6563535421728
Simulation_000002,Aluminium 6061,77.02537176217506,0.0641678001064872,0.1218007011642204,336.84719929037743
Simulation_000002,Aluminium 6061,77.02537176217506,0.06805675768869855,0.1218007011642204,337.0531272157311
Simulation_000002,Aluminium 6061,77.02537176217506,0.0719457152709099,0.1218007011642204,337.2750247600701
Simulation_000002,Aluminium 6061,77.02537176217506,0.07583467285312125,0.1218007011642204,337.5138777754832
Simulation_000002,Aluminium 6061,77.02537176217506,0.0797236304353326,0.1218007011642204,337.7707808991553
Simulation_000002,Aluminium 6061,77.02537176217506,0.08361258801754394,0.1218007011642204,338.04694859279954
Simulation_000002,Aluminium 6061,77.02537176217506,0.08750154559975529,0.1218007011642204,338.3437262510199
Simulation_000002,Aluminium 6061,77.02537176217506,0.09139050318196663,0.1218007011642204,338.6626002233099
Simulation_000002,Aluminium 6061,77.02537176217506,0.09527946076417797,0.1218007011642204,339.00520462918263
Simulation_000002,Aluminium 6061,77.02537176217506,0.09916841834638931,0.1218007011642204,339.3733211879636
Simulation_000002,Aluminium 6061,77.02537176217506,0.10305737592860066,0.1218007011642204,339.76886544137386
Simulation_000002,Aluminium 6061,77.02537176217506,0.10694633351081201,0.1218007011642204,340.1938478752209
Simulation_000002,Aluminium 6061,77.02537176217506,0.11083529109302336,0.1218007011642204,340.650290118872
Simulation_000002,Aluminium 6061,77.02537176217506,0.1147242486752347,0.1218007011642204,341.1400622581419
Simulation_000002,Aluminium 6061,77.02537176217506,0.11861320625744605,0.1218007011642204,341.66458363136036
Simulation_000002,Aluminium 6061,77.02537176217506,0.1225021638396574,0.1218007011642204,342.22429107845426
Simulation_000002,Aluminium 6061,77.02537176217506,0.12639112142186876,0.1218007011642204,342.8177200940943
Simulation_000002,Aluminium 6061,77.02537176217506,0.1302800790040801,0.1218007011642204,343.43996665414807
Simulation_000002,Aluminium 6061,77.02537176217506,0.13416903658629145,0.1218007011642204,344.08022908435197
Simulation_000002,Aluminium 6061,77.02537176217506,0.13805799416850278,0.1218007011642204,344.71818122884827
Simulation_000002,Aluminium 6061,77.02537176217506,0.14194695175071415,0.1218007011642204,345.3194049150627
Simulation_000002,Aluminium 6061,77.02537176217506,0.14583590933292548,0.1218007011642204,345.8316285053604
Simulation_000002,Aluminium 6061,77.02537176217506,0.14972486691513684,0.1218007011642204,346.18673501531845
Simulation_000002,Aluminium 6061,77.02537176217506,0.15361382449734817,0.1218007011642204,346.31712190085193
Simulation_000002,Aluminium 6061,77.02537176217506,0.15750278207955953,0.1218007011642204,346.1905432648783
Simulation_000002,Aluminium 6061,77.02537176217506,0.16139173966177087,0.1218007011642204,345.8392563898421
Simulation_000002,Aluminium 6061,77.02537176217506,0.16528069724398223,0.1218007011642204,345.3308751470674
Simulation_000002,Aluminium 6061,77.02537176217506,0.16916965482619356,0.1218007011642204,344.733527731962
Simulation_000002,Aluminium 6061,77.02537176217506,0.17305861240840492,0.1218007011642204,344.09949681874394
Simulation_000002,Aluminium 6061,77.02537176217506,0.17694756999061625,0.1218007011642204,343.4632113840033
Simulation_000002,Aluminium 6061,77.02537176217506,0.18083652757282762,0.1218007011642204,342.84500809686426
Simulation_000002,Aluminium 6061,77.02537176217506,0.18472548515503895,0.1218007011642204,342.2556987959218
Simulation_000002,Aluminium 6061,77.02537176217506,0.18861444273725028,0.1218007011642204,341.700197262531
Simulation_000002,Aluminium 6061,77.02537176217506,0.19250340031946164,0.1218007011642204,341.17997729400673
Simulation_000002,Aluminium 6061,77.02537176217506,0.19639235790167298,0.1218007011642204,340.69461081912266
Simulation_000002,Aluminium 6061,77.02537176217506,0.20028131548388434,0.1218007011642204,340.24268668704997
Simulation_000002,Aluminium 6061,77.02537176217506,0.20417027306609567,0.1218007011642204,339.8223423605526
Simulation_000002,Aluminium 6061,77.02537176217506,0.20805923064830703,0.1218007011642204,339.4315630624578
Simulation_000002,Aluminium 6061,77.02537176217506,0.21194818823051836,0.1218007011642204,339.06834440564427
Simulation_000002,Aluminium 6061,77.02537176217506,0.21583714581272972,0.1218007011642204,338.7307761368626
Simulation_000002,Aluminium 6061,77.02537176217506,0.21972610339494106,0.1218007011642204,338.4170809588422
Simulation_000002,Aluminium 6061,77.02537176217506,0.22361506097715242,0.1218007011642204,338.12562825208806
Simulation_000002,Aluminium 6061,77.02537176217506,0.22750401855936375,0.1218007011642204,337.85493419012727
Simulation_000002,Aluminium 6061,77.02537176217506,0.2313929761415751,0.1218007011642204,337.60365487014036
Simulation_000002,Aluminium 6061,77.02537176217506,0.23528193372378645,0.1218007011642204,337.3705762374881
Simulation_000002,Aluminium 6061,77.02537176217506,0.2391708913059978,0.1218007011642204,337.1546029246597
Simulation_000002,Aluminium 6061,77.02537176217506,0.24305984888820914,0.1218007011642204,336.95474715991594
Simulation_000002,Aluminium 6061,77.02537176217506,0.2469488064704205,0.1218007011642204,336.7701183412269
Simulation_000002,Aluminium 6061,77.02537176217506,0.2508377640526318,0.1218007011642204,336.5999135494151
Simulation_000002,Aluminium 6061,77.02537176217506,0.25472672163484317,0.1218007011642204,336.44340909256886
Simulation_000002,Aluminium 6061,77.02537176217506,0.2586156792170545,0.1218007011642204,336.2999530740732
Simulation_000002,Aluminium 6061,77.02537176217506,0.26250463679926583,0.1218007011642204,336.16895892493733
Simulation_000002,Aluminium 6061,77.02537176217506,0.2663935943814772,0.1218007011642204,336.0498998173064
Simulation_000002,Aluminium 6061,77.02537176217506,0.27028255196368856,0.1218007011642204,335.94230386815434
Simulation_000002,Aluminium 6061,77.02537176217506,0.27417150954589986,0.1218007011642204,335.8457500430955
Simulation_000002,Aluminium 6061,77.02537176217506,0.2780604671281112,0.1218007011642204,335.7598646758353
Simulation_000002,Aluminium 6061,77.02537176217506,0.2819494247103226,0.1218007011642204,335.6843185265939
Simulation_000002,Aluminium 6061,77.02537176217506,0.28583838229253394,0.1218007011642204,335.6188243114768
Simulation_000002,Aluminium 6061,77.02537176217506,0.28972733987474525,0.1218007011642204,335.56313464348017
Simulation_000002,Aluminium 6061,77.02537176217506,0.2936162974569566,0.1218007011642204,335.5170403342061
Simulation_000002,Aluminium 6061,77.02537176217506,0.29750525503916797,0.1218007011642204,335.4803690132559
Simulation_000002,Aluminium 6061,77.02537176217506,0.30139421262137933,0.1218007011642204,335.45298402960515
Simulation_000002,Aluminium 6061,77.02537176217506,0.30528317020359064,0.1218007011642204,335.4347836060858
Simulation_000002,Aluminium 6061,77.02537176217506,0.309172127785802,0.1218007011642204,335.4257002244481
Simulation_000002,Aluminium 6061,77.02537176217506,0.0019444787911056729,0.12436492645188821,335.21396693553237
Simulation_000002,Aluminium 6061,77.02537176217506,0.005833436373317019,0.12436492645188821,335.23907748738486
Simulation_000002,Aluminium 6061,77.02537176217506,0.009722393955528366,0.12436492645188821,335.27336386851226
Simulation_000002,Aluminium 6061,77.02537176217506,0.013611351537739711,0.12436492645188821,335.3168960679418
Simulation_000002,Aluminium 6061,77.02537176217506,0.017500309119951058,0.12436492645188821,335.3697795651329
Simulation_000002,Aluminium 6061,77.02537176217506,0.021389266702162405,0.12436492645188821,335.43215593851414
Simulation_000002,Aluminium 6061,77.02537176217506,0.02527822428437375,0.12436492645188821,335.50420369931084
Simulation_000002,Aluminium 6061,77.02537176217506,0.029167181866585096,0.12436492645188821,335.58613936998955
Simulation_000002,Aluminium 6061,77.02537176217506,0.03305613944879644,0.12436492645188821,335.67821883150515
Simulation_000002,Aluminium 6061,77.02537176217506,0.03694509703100779,0.12436492645188821,335.78073896828937
Simulation_000002,Aluminium 6061,77.02537176217506,0.04083405461321914,0.12436492645188821,335.89403964437116
Simulation_000002,Aluminium 6061,77.02537176217506,0.044723012195430484,0.12436492645188821,336.0185060478368
Simulation_000002,Aluminium 6061,77.02537176217506,0.048611969777641824,0.12436492645188821,336.15457144345874
Simulation_000002,Aluminium 6061,77.02537176217506,0.05250092735985317,0.12436492645188821,336.302720373826
Simulation_000002,Aluminium 6061,77.02537176217506,0.05638988494206452,0.12436492645188821,336.46349234620664
Simulation_000002,Aluminium 6061,77.02537176217506,0.060278842524275865,0.12436492645188821,336.637486033286
Simulation_000002,Aluminium 6061,77.02537176217506,0.0641678001064872,0.12436492645188821,336.825363997051
Simulation_000002,Aluminium 6061,77.02537176217506,0.06805675768869855,0.12436492645188821,337.0278579103871
Simulation_000002,Aluminium 6061,77.02537176217506,0.0719457152709099,0.12436492645188821,337.2457741907735
Simulation_000002,Aluminium 6061,77.02537176217506,0.07583467285312125,0.12436492645188821,337.47999985940294
Simulation_000002,Aluminium 6061,77.02537176217506,0.0797236304353326,0.12436492645188821,337.7315082724101
Simulation_000002,Aluminium 6061,77.02537176217506,0.08361258801754394,0.12436492645188821,338.0013640989331
Simulation_000002,Aluminium 6061,77.02537176217506,0.08750154559975529,0.12436492645188821,338.29072647928933
Simulation_000002,Aluminium 6061,77.02537176217506,0.09139050318196663,0.12436492645188821,338.6008485817217
Simulation_000002,Aluminium 6061,77.02537176217506,0.09527946076417797,0.12436492645188821,338.9330706195367
Simulation_000002,Aluminium 6061,77.02537176217506,0.09916841834638931,0.12436492645188821,339.2888015194747
Simulation_000002,Aluminium 6061,77.02537176217506,0.10305737592860066,0.12436492645188821,339.66948140899495
Simulation_000002,Aluminium 6061,77.02537176217506,0.10694633351081201,0.12436492645188821,340.0765122224396
Simulation_000002,Aluminium 6061,77.02537176217506,0.11083529109302336,0.12436492645188821,340.51113595340814
Simulation_000002,Aluminium 6061,77.02537176217506,0.1147242486752347,0.12436492645188821,340.97422787862
Simulation_000002,Aluminium 6061,77.02537176217506,0.11861320625744605,0.12436492645188821,341.4659535390696
Simulation_000002,Aluminium 6061,77.02537176217506,0.1225021638396574,0.12436492645188821,341.9852118246628
Simulation_000002,Aluminium 6061,77.02537176217506,0.12639112142186876,0.12436492645188821,342.52875354473775
Simulation_000002,Aluminium 6061,77.02537176217506,0.1302800790040801,0.12436492645188821,343.08983688755046
Simulation_000002,Aluminium 6061,77.02537176217506,0.13416903658629145,0.12436492645188821,343.6562966187431
Simulation_000002,Aluminium 6061,77.02537176217506,0.13805799416850278,0.12436492645188821,344.20805980979384
Simulation_000002,Aluminium 6061,77.02537176217506,0.14194695175071415,0.12436492645188821,344.71463016310975
Simulation_000002,Aluminium 6061,77.02537176217506,0.14583590933292548,0.12436492645188821,345.13413917049843
Simulation_000002,Aluminium 6061,77.02537176217506,0.14972486691513684,0.12436492645188821,345.4171733481197
Simulation_000002,Aluminium 6061,77.02537176217506,0.15361382449734817,0.12436492645188821,345.5192343538747
Simulation_000002,Aluminium 6061,77.02537176217506,0.15750278207955953,0.12436492645188821,345.4209828839534
Simulation_000002,Aluminium 6061,77.02537176217506,0.16139173966177087,0.12436492645188821,345.14176964927026
Simulation_000002,Aluminium 6061,77.02537176217506,0.16528069724398223,0.12436492645188821,344.7261043412139
Simulation_000002,Aluminium 6061,77.02537176217506,0.16916965482619356,0.12436492645188821,344.2234116772793
Simulation_000002,Aluminium 6061,77.02537176217506,0.17305861240840492,0.12436492645188821,343.6755712258522
Simulation_000002,Aluminium 6061,77.02537176217506,0.17694756999061625,0.12436492645188821,343.11309011342314
Simulation_000002,Aluminium 6061,77.02537176217506,0.18083652757282762,0.12436492645188821,342.55605180828456
Simulation_000002,Aluminium 6061,77.02537176217506,0.18472548515503895,0.12436492645188821,342.01663173762125
Simulation_000002,Aluminium 6061,77.02537176217506,0.18861444273725028,0.12436492645188821,341.5015815012859
Simulation_000002,Aluminium 6061,77.02537176217506,0.19250340031946164,0.12436492645188821,341.01415961563026
Simulation_000002,Aluminium 6061,77.02537176217506,0.19639235790167298,0.12436492645188821,340.55547599643984
Simulation_000002,Aluminium 6061,77.02537176217506,0.20028131548388434,0.12436492645188821,340.1253733310096
Simulation_000002,Aluminium 6061,77.02537176217506,0.20417027306609567,0.12436492645188821,339.7229839363483
Simulation_000002,Aluminium 6061,77.02537176217506,0.20805923064830703,0.12436492645188821,339.34707272118516
Simulation_000002,Aluminium 6061,77.02537176217506,0.21194818823051836,0.12436492645188821,338.99624390567476
Simulation_000002,Aluminium 6061,77.02537176217506,0.21583714581272972,0.12436492645188821,338.6690627130894
Simulation_000002,Aluminium 6061,77.02537176217506,0.21972610339494106,0.12436492645188821,338.36412470831294
Simulation_000002,Aluminium 6061,77.02537176217506,0.22361506097715242,0.12436492645188821,338.08009325590587
Simulation_000002,Aluminium 6061,77.02537176217506,0.22750401855936375,0.12436492645188821,337.8157177978579
Simulation_000002,Aluminium 6061,77.02537176217506,0.2313929761415751,0.12436492645188821,337.5698407834366
Simulation_000002,Aluminium 6061,77.02537176217506,0.23528193372378645,0.12436492645188821,337.3413980603465
Simulation_000002,Aluminium 6061,77.02537176217506,0.2391708913059978,0.12436492645188821,337.129415665424
Simulation_000002,Aluminium 6061,77.02537176217506,0.24305984888820914,0.12436492645188821,336.93300479641965
Simulation_000002,Aluminium 6061,77.02537176217506,0.2469488064704205,0.12436492645188821,336.75135603155564
Simulation_000002,Aluminium 6061,77.02537176217506,0.2508377640526318,0.12436492645188821,336.5837334220559
Simulation_000002,Aluminium 6061,77.02537176217506,0.25472672163484317,0.12436492645188821,336.42946881081997
Simulation_000002,Aluminium 6061,77.02537176217506,0.2586156792170545,0.12436492645188821,336.28795656370374
Simulation_000002,Aluminium 6061,77.02537176217506,0.26250463679926583,0.12436492645188821,336.1586487987173
Simulation_000002,Aluminium 6061,77.02537176217506,0.2663935943814772,0.12436492645188821,336.0410511381725
Simulation_000002,Aluminium 6061,77.02537176217506,0.27028255196368856,0.12436492645188821,335.9347189739923
Simulation_000002,Aluminium 6061,77.02537176217506,0.27417150954589986,0.12436492645188821,335.83925421738275
Simulation_000002,Aluminium 6061,77.02537176217506,0.2780604671281112,0.12436492645188821,335.7543024948361
Simulation_000002,Aluminium 6061,77.02537176217506,0.2819494247103226,0.12436492645188821,335.6795507491498
Simulation_000002,Aluminium 6061,77.02537176217506,0.28583838229253394,0.12436492645188821,335.61472520446154
Simulation_000002,Aluminium 6061,77.02537176217506,0.28972733987474525,0.12436492645188821,335.55958965669885
Simulation_000002,Aluminium 6061,77.02537176217506,0.2936162974569566,0.12436492645188821,335.5139440544152
Simulation_000002,Aluminium 6061,77.02537176217506,0.29750525503916797,0.12436492645188821,335.4776233391616
Simulation_000002,Aluminium 6061,77.02537176217506,0.30139421262137933,0.12436492645188821,335.4504965189886
Simulation_000002,Aluminium 6061,77.02537176217506,0.30528317020359064,0.12436492645188821,335.4324659532017
Simulation_000002,Aluminium 6061,77.02537176217506,0.309172127785802,0.12436492645188821,335.4234668309903
Simulation_000002,Aluminium 6061,77.02537176217506,0.0019444787911056729,0.126929151739556,335.21055502825476
Simulation_000002,Aluminium 6061,77.02537176217506,0.005833436373317019,0.126929151739556,335.23556166160273
Simulation_000002,Aluminium 6061,77.02537176217506,0.009722393955528366,0.126929151739556,335.2696385376406
Simulation_000002,Aluminium 6061,77.02537176217506,0.013611351537739711,0.126929151739556,335.31285227173765
Simulation_000002,Aluminium 6061,77.02537176217506,0.017500309119951058,0.126929151739556,335.36530318770633
Simulation_000002,Aluminium 6061,77.02537176217506,0.021389266702162405,0.126929151739556,335.42712580808825
Simulation_000002,Aluminium 6061,77.02537176217506,0.02527822428437375,0.126929151739556,335.4984895233014
Simulation_000002,Aluminium 6061,77.02537176217506,0.029167181866585096,0.126929151739556,335.5795994524355
Simulation_000002,Aluminium 6061,77.02537176217506,0.03305613944879644,0.126929151739556,335.6706975110088
Simulation_000002,Aluminium 6061,77.02537176217506,0.03694509703100779,0.126929151739556,335.77206370286916
Simulation_000002,Aluminium 6061,77.02537176217506,0.04083405461321914,0.126929151739556,335.8840176542506
Simulation_000002,Aluminium 6061,77.02537176217506,0.044723012195430484,0.126929151739556,336.0069204071982
Simulation_000002,Aluminium 6061,77.02537176217506,0.048611969777641824,0.126929151739556,336.14117648624364
Simulation_000002,Aluminium 6061,77.02537176217506,0.05250092735985317,0.126929151739556,336.2872362450055
Simulation_000002,Aluminium 6061,77.02537176217506,0.05638988494206452,0.126929151739556,336.4455984862095
Simulation_000002,Aluminium 6061,77.02537176217506,0.060278842524275865,0.126929151739556,336.61681332633975
Simulation_000002,Aluminium 6061,77.02537176217506,0.0641678001064872,0.126929151739556,336.8014852399313
Simulation_000002,Aluminium 6061,77.02537176217506,0.06805675768869855,0.126929151739556,337.0002761610507
Simulation_000002,Aluminium 6061,77.02537176217506,0.0719457152709099,0.126929151739556,337.2139084295349
Simulation_000002,Aluminium 6061,77.02537176217506,0.07583467285312125,0.126929151739556,337.4431672297434
Simulation_000002,Aluminium 6061,77.02537176217506,0.0797236304353326,0.126929151739556,337.68890195320927
Simulation_000002,Aluminium 6061,77.02537176217506,0.08361258801754394,0.126929151739556,337.9520255823307
Simulation_000002,Aluminium 6061,77.02537176217506,0.08750154559975529,0.126929151739556,338.2335106761603
Simulation_000002,Aluminium 6061,77.02537176217506,0.09139050318196663,0.126929151739556,338.5343797425561
Simulation_000002,Aluminium 6061,77.02537176217506,0.09527946076417797,0.126929151739556,338.8556865513816
Simulation_000002,Aluminium 6061,77.02537176217506,0.09916841834638931,0.126929151739556,339.1984830498148
Simulation_000002,Aluminium 6061,77.02537176217506,0.10305737592860066,0.126929151739556,339.5637636388938
Simulation_000002,Aluminium 6061,77.02537176217506,0.10694633351081201,0.126929151739556,339.9523741678415
Simulation_000002,Aluminium 6061,77.02537176217506,0.11083529109302336,0.126929151739556,340.36486644783986
Simulation_000002,Aluminium 6061,77.02537176217506,0.1147242486752347,0.126929151739556,340.8012696553986
Simulation_000002,Aluminium 6061,77.02537176217506,0.11861320625744605,0.126929151739556,341.26073726177293
Simulation_000002,Aluminium 6061,77.02537176217506,0.1225021638396574,0.126929151739556,341.74101304738485
Simulation_000002,Aluminium 6061,77.02537176217506,0.12639112142186876,0.126929151739556,342.23764734795566
Simulation_000002,Aluminium 6061,77.02537176217506,0.1302800790040801,0.126929151739556,342.7428996894055
Simulation_000002,Aluminium 6061,77.02537176217506,0.13416903658629145,0.126929151739556,343.2443210619593
Simulation_000002,Aluminium 6061,77.02537176217506,0.13805799416850278,0.126929151739556,343.7231852384103
Simulation_000002,Aluminium 6061,77.02537176217506,0.14194695175071415,0.126929151739556,344.15333011730866
Simulation_000002,Aluminium 6061,77.02537176217506,0.14583590933292548,0.126929151739556,344.50162625061085
Simulation_000002,Aluminium 6061,77.02537176217506,0.14972486691513684,0.126929151739556,344.7319464253462
Simulation_000002,Aluminium 6061,77.02537176217506,0.15361382449734817,0.126929151739556,344.81409526500954
Simulation_000002,Aluminium 6061,77.02537176217506,0.15750278207955953,0.126929151739556,344.735757348641
Simulation_000002,Aluminium 6061,77.02537176217506,0.16139173966177087,0.126929151739556,344.50925952788907
Simulation_000002,Aluminium 6061,77.02537176217506,0.16528069724398223,0.126929151739556,344.1648085524688
Simulation_000002,Aluminium 6061,77.02537176217506,0.16916965482619356,0.126929151739556,343.7385428936034
Simulation_000002,Aluminium 6061,77.02537176217506,0.17305861240840492,0.126929151739556,343.26360308515444
Simulation_000002,Aluminium 6061,77.02537176217506,0.17694756999061625,0.126929151739556,342.7661620844847
Simulation_000002,Aluminium 6061,77.02537176217506,0.18083652757282762,0.126929151739556,342.2649566873589
Simulation_000002,Aluminium 6061,77.02537176217506,0.18472548515503895,0.126929151739556,341.7724461273447
Simulation_000002,Aluminium 6061,77.02537176217506,0.18861444273725028,0.126929151739556,341.29638070020826
Simulation_000002,Aluminium 6061,77.02537176217506,0.19250340031946164,0.126929151739556,340.84121943257867
Simulation_000002,Aluminium 6061,77.02537176217506,0.19639235790167298,0.126929151739556,340.40922738997875
Simulation_000002,Aluminium 6061,77.02537176217506,0.20028131548388434,0.126929151739556,340.00125937385036
Simulation_000002,Aluminium 6061,77.02537176217506,0.20417027306609567,0.126929151739556,339.61729385058976
Simulation_000002,Aluminium 6061,77.02537176217506,0.20805923064830703,0.126929151739556,339.25678596597436
Simulation_000002,Aluminium 6061,77.02537176217506,0.21194818823051836,0.126929151739556,338.9188960861199
Simulation_000002,Aluminium 6061,77.02537176217506,0.21583714581272972,0.126929151739556,338.6026352286168
Simulation_000002,Aluminium 6061,77.02537176217506,0.21972610339494106,0.126929151739556,338.3069560138097
Simulation_000002,Aluminium 6061,77.02537176217506,0.22361506097715242,0.126929151739556,338.03080833465765
Simulation_000002,Aluminium 6061,77.02537176217506,0.22750401855936375,0.126929151739556,337.77317238873957
Simulation_000002,Aluminium 6061,77.02537176217506,0.2313929761415751,0.126929151739556,337.53307731337753
Simulation_000002,Aluminium 6061,77.02537176217506,0.23528193372378645,0.126929151739556,337.3096107629018
Simulation_000002,Aluminium 6061,77.02537176217506,0.2391708913059978,0.126929151739556,337.1019228734377
Simulation_000002,Aluminium 6061,77.02537176217506,0.24305984888820914,0.126929151739556,336.90922683098853
Simulation_000002,Aluminium 6061,77.02537176217506,0.2469488064704205,0.126929151739556,336.7307974617605
Simulation_000002,Aluminium 6061,77.02537176217506,0.2508377640526318,0.126929151739556,336.56596874754683
Simulation_000002,Aluminium 6061,77.02537176217506,0.25472672163484317,0.126929151739556,336.41413083468854
Simulation_000002,Aluminium 6061,77.02537176217506,0.2586156792170545,0.126929151739556,336.27472688869733
Simulation_000002,Aluminium 6061,77.02537176217506,0.26250463679926583,0.126929151739556,336.1472500067305
Simulation_000002,Aluminium 6061,77.02537176217506,0.2663935943814772,0.126929151739556,336.0312403100423
Simulation_000002,Aluminium 6061,77.02537176217506,0.27028255196368856,0.126929151739556,335.92628228097163
Simulation_000002,Aluminium 6061,77.02537176217506,0.27417150954589986,0.126929151739556,335.83200237270546
Simulation_000002,Aluminium 6061,77.02537176217506,0.2780604671281112,0.126929151739556,335.74806689763886
Simulation_000002,Aluminium 6061,77.02537176217506,0.2819494247103226,0.126929151739556,335.6741801868308
Simulation_000002,Aluminium 6061,77.02537176217506,0.28583838229253394,0.126929151739556,335.61008300567374
Simulation_000002,Aluminium 6061,77.02537176217506,0.28972733987474525,0.126929151739556,335.5555512073884
Simulation_000002,Aluminium 6061,77.02537176217506,0.2936162974569566,0.126929151739556,335.5103946049533
Simulation_000002,Aluminium 6061,77.02537176217506,0.29750525503916797,0.126929151739556,335.47445604269035
Simulation_000002,Aluminium 6061,77.02537176217506,0.30139421262137933,0.126929151739556,335.4476106503624
Simulation_000002,Aluminium 6061,77.02537176217506,0.30528317020359064,0.126929151739556,335.42976526491657
Simulation_000002,Aluminium 6061,77.02537176217506,0.309172127785802,0.126929151739556,335.4208580076742
Simulation_000002,Aluminium 6061,77.02537176217506,0.0019444787911056729,0.1294933770272238,335.20674521661084
Simulation_000002,Aluminium 6061,77.02537176217506,0.005833436373317019,0.1294933770272238,335.23164006446444
Simulation_000002,Aluminium 6061,77.02537176217506,0.009722393955528366,0.1294933770272238,335.2654915918598
Simulation_000002,Aluminium 6061,77.02537176217506,0.013611351537739711,0.1294933770272238,335.30836282013826
Simulation_000002,Aluminium 6061,77.02537176217506,0.017500309119951058,0.1294933770272238,335.3603485838717
Simulation_000002,Aluminium 6061,77.02537176217506,0.021389266702162405,0.1294933770272238,335.4215758993314
Simulation_000002,Aluminium 6061,77.02537176217506,0.02527822428437375,0.1294933770272238,335.4922044643439
Simulation_000002,Aluminium 6061,77.02537176217506,0.029167181866585096,0.1294933770272238,335.5724272959586
Simulation_000002,Aluminium 6061,77.02537176217506,0.03305613944879644,0.1294933770272238,335.662471512645
Simulation_000002,Aluminium 6061,77.02537176217506,0.03694509703100779,0.1294933770272238,335.76259926689204
Simulation_000002,Aluminium 6061,77.02537176217506,0.04083405461321914,0.1294933770272238,335.8731088315436
Simulation_000002,Aluminium 6061,77.02537176217506,0.044723012195430484,0.1294933770272238,335.99433583817216
Simulation_000002,Aluminium 6061,77.02537176217506,0.048611969777641824,0.1294933770272238,336.1266546571117
Simulation_000002,Aluminium 6061,77.02537176217506,0.05250092735985317,0.1294933770272238,336.27047989473994
Simulation_000002,Aluminium 6061,77.02537176217506,0.05638988494206452,0.1294933770272238,336.4262679617199
Simulation_000002,Aluminium 6061,77.02537176217506,0.060278842524275865,0.1294933770272238,336.5945186325166
Simulation_000002,Aluminium 6061,77.02537176217506,0.0641678001064872,0.1294933770272238,336.7757764661641
Simulation_000002,Aluminium 6061,77.02537176217506,0.06805675768869855,0.1294933770272238,336.97063188293225
Simulation_000002,Aluminium 6061,77.02537176217506,0.0719457152709099,0.1294933770272238,337.1797215792973
Simulation_000002,Aluminium 6061,77.02537176217506,0.07583467285312125,0.1294933770272238,337.4037277966632
Simulation_000002,Aluminium 6061,77.02537176217506,0.0797236304353326,0.1294933770272238,337.64337571115203
Simulation_000002,Aluminium 6061,77.02537176217506,0.08361258801754394,0.1294933770272238,337.899427843054
Simulation_000002,Aluminium 6061,77.02537176217506,0.08750154559975529,0.1294933770272238,338.1726738367952
Simulation_000002,Aluminium 6061,77.02537176217506,0.09139050318196663,0.1294933770272238,338.46391314962403
Simulation_000002,Aluminium 6061,77.02537176217506,0.09527946076417797,0.1294933770272238,338.77392698525523
Simulation_000002,Aluminium 6061,77.02537176217506,0.09916841834638931,0.1294933770272238,339.10343404208845
Simulation_000002,Aluminium 6061,77.02537176217506,0.10305737592860066,0.1294933770272238,339.4530220789815
Simulation_000002,Aluminium 6061,77.02537176217506,0.10694633351081201,0.1294933770272238,339.8230436473864
Simulation_000002,Aluminium 6061,77.02537176217506,0.11083529109302336,0.1294933770272238,340.21345931648955
Simulation_000002,Aluminium 6061,77.02537176217506,0.1147242486752347,0.1294933770272238,340.62360524198203
Simulation_000002,Aluminium 6061,77.02537176217506,0.11861320625744605,0.1294933770272238,341.0518545845268
Simulation_000002,Aluminium 6061,77.02537176217506,0.1225021638396574,0.1294933770272238,341.495136390897
Simulation_000002,Aluminium 6061,77.02537176217506,0.12639112142186876,0.1294933770272238,341.9482772741846
Simulation_000002,Aluminium 6061,77.02537176217506,0.1302800790040801,0.1294933770272238,342.4031541606765
Simulation_000002,Aluminium 6061,77.02537176217506,0.13416903658629145,0.1294933770272238,342.8477159916453
Simulation_000002,Aluminium 6061,77.02537176217506,0.13805799416850278,0.1294933770272238,343.26508674317483
Simulation_000002,Aluminium 6061,77.02537176217506,0.14194695175071415,0.1294933770272238,343.63323462105836
Simulation_000002,Aluminium 6061,77.02537176217506,0.14583590933292548,0.1294933770272238,343.9260432821303
Simulation_000002,Aluminium 6061,77.02537176217506,0.14972486691513684,0.1294933770272238,344.1167894689818
Simulation_000002,Aluminium 6061,77.02537176217506,0.15361382449734817,0.1294933770272238,344.18438617640976
Simulation_000002,Aluminium 6061,77.02537176217506,0.15750278207955953,0.1294933770272238,344.1206018736304
Simulation_000002,Aluminium 6061,77.02537176217506,0.16139173966177087,0.1294933770272238,343.9336795474113
Simulation_000002,Aluminium 6061,77.02537176217506,0.16528069724398223,0.1294933770272238,343.6447176018239
Simulation_000002,Aluminium 6061,77.02537176217506,0.16916965482619356,0.1294933770272238,343.28045057891865
Simulation_000002,Aluminium 6061,77.02537176217506,0.17305861240840492,0.1294933770272238,342.8670059351763
Simulation_000002,Aluminium 6061,77.02537176217506,0.17694756999061625,0.1294933770272238,342.42642634971406
Simulation_000002,Aluminium 6061,77.02537176217506,0.18083652757282762,0.1294933770272238,341.9755984459161
Simulation_000002,Aluminium 6061,77.02537176217506,0.18472548515503895,0.1294933770272238,341.526583539563
Simulation_000002,Aluminium 6061,77.02537176217506,0.18861444273725028,0.1294933770272238,341.08751456213423
Simulation_000002,Aluminium 6061,77.02537176217506,0.19250340031946164,0.1294933770272238,340.6635743022951
Simulation_000002,Aluminium 6061,77.02537176217506,0.19639235790167298,0.1294933770272238,340.25784260250356
Simulation_000002,Aluminium 6061,77.02537176217506,0.20028131548388434,0.1294933770272238,339.87195462256363
Simulation_000002,Aluminium 6061,77.02537176217506,0.20417027306609567,0.1294933770272238,339.5065819026111
Simulation_000002,Aluminium 6061,77.02537176217506,0.20805923064830703,0.1294933770272238,339.16177088922683
Simulation_000002,Aluminium 6061,77.02537176217506,0.21194818823051836,0.1294933770272238,338.8371753118116
Simulation_000002,Aluminium 6061,77.02537176217506,0.21583714581272972,0.1294933770272238,338.5322129032695
Simulation_000002,Aluminium 6061,77.02537176217506,0.21972610339494106,0.1294933770272238,338.2461696144948
Simulation_000002,Aluminium 6061,77.02537176217506,0.22361506097715242,0.1294933770272238,337.97826799614825
Simulation_000002,Aluminium 6061,77.02537176217506,0.22750401855936375,0.1294933770272238,337.72771139903534
Simulation_000002,Aluminium 6061,77.02537176217506,0.2313929761415751,0.1294933770272238,337.4937119902301
Simulation_000002,Aluminium 6061,77.02537176217506,0.23528193372378645,0.1294933770272238,337.2755080154325
Simulation_000002,Aluminium 6061,77.02537176217506,0.2391708913059978,0.1294933770272238,337.0723739714151
Simulation_000002,Aluminium 6061,77.02537176217506,0.24305984888820914,0.1294933770272238,336.8836261504273
Simulation_000002,Aluminium 6061,77.02537176217506,0.2469488064704205,0.1294933770272238,336.7086252057374
Simulation_000002,Aluminium 6061,77.02537176217506,0.2508377640526318,0.1294933770272238,336.5467768397215
Simulation_000002,Aluminium 6061,77.02537176217506,0.25472672163484317,0.1294933770272238,336.39753134713436
Simulation_000002,Aluminium 6061,77.02537176217506,0.2586156792170545,0.1294933770272238,336.26038249800735
Simulation_000002,Aluminium 6061,77.02537176217506,0.26250463679926583,0.1294933770272238,336.1348660775996
Simulation_000002,Aluminium 6061,77.02537176217506,0.2663935943814772,0.1294933770272238,336.0205582884993
Simulation_000002,Aluminium 6061,77.02537176217506,0.27028255196368856,0.1294933770272238,335.91707414456084
Simulation_000002,Aluminium 6061,77.02537176217506,0.27417150954589986,0.1294933770272238,335.82406593592077
Simulation_000002,Aluminium 6061,77.02537176217506,0.2780604671281112,0.1294933770272238,335.74122181082765
Simulation_000002,Aluminium 6061,77.02537176217506,0.2819494247103226,0.1294933770272238,335.6682644980191
Simulation_000002,Aluminium 6061,77.02537176217506,0.28583838229253394,0.1294933770272238,335.6049501792123
Simulation_000002,Aluminium 6061,77.02537176217506,0.28972733987474525,0.1294933770272238,335.55106751244716
Simulation_000002,Aluminium 6061,77.02537176217506,0.2936162974569566,0.1294933770272238,335.50643680183504
Simulation_000002,Aluminium 6061,77.02537176217506,0.29750525503916797,0.1294933770272238,335.47090930657015
Simulation_000002,Aluminium 6061,77.02537176217506,0.30139421262137933,0.1294933770272238,335.44436668104254
Simulation_000002,Aluminium 6061,77.02537176217506,0.30528317020359064,0.1294933770272238,335.42672053803415
Simulation_000002,Aluminium 6061,77.02537176217506,0.309172127785802,0.1294933770272238,335.41791212787757
Simulation_000002,Aluminium 6061,77.02537176217506,0.0019444787911056729,0.13205760231489158,335.2025840881038
Simulation_000002,Aluminium 6061,77.02537176217506,0.005833436373317019,0.13205760231489158,335.227360049059
Simulation_000002,Aluminium 6061,77.02537176217506,0.009722393955528366,0.13205760231489158,335.26097193231095
Simulation_000002,Aluminium 6061,77.02537176217506,0.013611351537739711,0.13205760231489158,335.3034789791672
Simulation_000002,Aluminium 6061,77.02537176217506,0.017500309119951058,0.13205760231489158,335.35497025446267
Simulation_000002,Aluminium 6061,77.02537176217506,0.021389266702162405,0.13205760231489158,335.41556489159285
Simulation_000002,Aluminium 6061,77.02537176217506,0.02527822428437375,0.13205760231489158,335.48541242123673
Simulation_000002,Aluminium 6061,77.02537176217506,0.029167181866585096,0.13205760231489158,335.5646931841513
Simulation_000002,Aluminium 6061,77.02537176217506,0.03305613944879644,0.13205760231489158,335.6536188266557
Simulation_000002,Aluminium 6061,77.02537176217506,0.03694509703100779,0.13205760231489158,335.75243287409586
Simulation_000002,Aluminium 6061,77.02537176217506,0.04083405461321914,0.13205760231489158,335.8614113720176
Simulation_000002,Aluminium 6061,77.02537176217506,0.044723012195430484,0.13205760231489158,335.98086357602216
Simulation_000002,Aluminium 6061,77.02537176217506,0.048611969777641824,0.13205760231489158,336.1111326579763
Simulation_000002,Aluminium 6061,77.02537176217506,0.05250092735985317,0.13205760231489158,336.2525963764833
Simulation_000002,Aluminium 6061,77.02537176217506,0.05638988494206452,0.13205760231489158,336.4056676305346
Simulation_000002,Aluminium 6061,77.02537176217506,0.060278842524275865,0.13205760231489158,336.57079477311464
Simulation_000002,Aluminium 6061,77.02537176217506,0.0641678001064872,0.13205760231489158,336.74846150054475
Simulation_000002,Aluminium 6061,77.02537176217506,0.06805675768869855,0.13205760231489158,336.93918604536015
Simulation_000002,Aluminium 6061,77.02537176217506,0.0719457152709099,0.13205760231489158,337.1435192737146
Simulation_000002,Aluminium 6061,77.02537176217506,0.07583467285312125,0.13205760231489158,337.3620411057376
Simulation_000002,Aluminium 6061,77.02537176217506,0.0797236304353326,0.13205760231489158,337.595354414495
Simulation_000002,Aluminium 6061,77.02537176217506,0.08361258801754394,0.13205760231489158,337.8440751814057
Simulation_000002,Aluminium 6061,77.02537176217506,0.08750154559975529,0.13205760231489158,338.10881714392366
Simulation_000002,Aluminium 6061,77.02537176217506,0.09139050318196663,0.13205760231489158,338.39016839686286
Simulation_000002,Aluminium 6061,77.02537176217506,0.09527946076417797,0.13205760231489158,338.6886563106135
Simulation_000002,Aluminium 6061,77.02537176217506,0.09916841834638931,0.13205760231489158,339.0046955922272
Simulation_000002,Aluminium 6061,77.02537176217506,0.10305737592860066,0.13205760231489158,339.3385122089812
Simulation_000002,Aluminium 6061,77.02537176217506,0.10694633351081201,0.13205760231489158,339.6900331102306
Simulation_000002,Aluminium 6061,77.02537176217506,0.11083529109302336,0.13205760231489158,340.0587282312023
Simulation_000002,Aluminium 6061,77.02537176217506,0.1147242486752347,0.13205760231489158,340.44338748742257
Simulation_000002,Aluminium 6061,77.02537176217506,0.11861320625744605,0.13205760231489158,340.8418125044108
Simulation_000002,Aluminium 6061,77.02537176217506,0.1225021638396574,0.13205760231489158,341.25040343827254
Simulation_000002,Aluminium 6061,77.02537176217506,0.12639112142186876,0.13205760231489158,341.66363119306135
Simulation_000002,Aluminium 6061,77.02537176217506,0.1302800790040801,0.13205760231489158,342.07341511448953
Simulation_000002,Aluminium 6061,77.02537176217506,0.13416903658629145,0.13205760231489158,342.4684917951143
Simulation_000002,Aluminium 6061,77.02537176217506,0.13805799416850278,0.13205760231489158,342.83397900274633
Simulation_000002,Aluminium 6061,77.02537176217506,0.14194695175071415,0.13205760231489158,343.1515093368247
Simulation_000002,Aluminium 6061,77.02537176217506,0.14583590933292548,0.13205760231489158,343.40046748102696
Simulation_000002,Aluminium 6061,77.02537176217506,0.14972486691513684,0.13205760231489158,343.560819763004
Simulation_000002,Aluminium 6061,77.02537176217506,0.15361382449734817,0.13205760231489158,343.6174488726356
Simulation_000002,Aluminium 6061,77.02537176217506,0.15750278207955953,0.13205760231489158,343.56463373500753
Simulation_000002,Aluminium 6061,77.02537176217506,0.16139173966177087,0.13205760231489158,343.40810690788356
Simulation_000002,Aluminium 6061,77.02537176217506,0.16528069724398223,0.13205760231489158,343.1629971275053
Simulation_000002,Aluminium 6061,77.02537176217506,0.16916965482619356,0.13205760231489158,342.84934937889693
Simulation_000002,Aluminium 6061,77.02537176217506,0.17305861240840492,0.13205760231489158,342.4877901209109
Simulation_000002,Aluminium 6061,77.02537176217506,0.17694756999061625,0.13205760231489158,342.09669766983603
Simulation_000002,Aluminium 6061,77.02537176217506,0.18083652757282762,0.13205760231489158,341.69096489018756
Simulation_000002,Aluminium 6061,77.02537176217506,0.18472548515503895,0.13205760231489158,341.2818654818282
Simulation_000002,Aluminium 6061,77.02537176217506,0.18861444273725028,0.13205760231489158,340.87748999518885
Simulation_000002,Aluminium 6061,77.02537176217506,0.19250340031946164,0.13205760231489158,340.48337696990075
Simulation_000002,Aluminium 6061,77.02537176217506,0.19639235790167298,0.13205760231489158,340.1031351851584
Simulation_000002,Aluminium 6061,77.02537176217506,0.20028131548388434,0.13205760231489158,339.7389713867655
Simulation_000002,Aluminium 6061,77.02537176217506,0.20417027306609567,0.13205760231489158,339.3921034113769
Simulation_000002,Aluminium 6061,77.02537176217506,0.20805923064830703,0.13205760231489158,339.06306840217314
Simulation_000002,Aluminium 6061,77.02537176217506,0.21194818823051836,0.13205760231489158,338.7519457604517
Simulation_000002,Aluminium 6061,77.02537176217506,0.21583714581272972,0.13205760231489158,338.4585150886307
Simulation_000002,Aluminium 6061,77.02537176217506,0.21972610339494106,0.13205760231489158,338.1823664161083
Simulation_000002,Aluminium 6061,77.02537176217506,0.22361506097715242,0.13205760231489158,337.92297622446614
Simulation_000002,Aluminium 6061,77.02537176217506,0.22750401855936375,0.13205760231489158,337.679759336351
Simulation_000002,Aluminium 6061,77.02537176217506,0.2313929761415751,0.13205760231489158,337.45210394856457
Simulation_000002,Aluminium 6061,77.02537176217506,0.23528193372378645,0.13205760231489158,337.2393949835162
Simulation_000002,Aluminium 6061,77.02537176217506,0.2391708913059978,0.13205760231489158,337.0410293959147
Simulation_000002,Aluminium 6061,77.02537176217506,0.24305984888820914,0.13205760231489158,336.85642597341746
Simulation_000002,Aluminium 6061,77.02537176217506,0.2469488064704205,0.13205760231489158,336.68503139550734
Simulation_000002,Aluminium 6061,77.02537176217506,0.2508377640526318,0.13205760231489158,336.5263237727885
Simulation_000002,Aluminium 6061,77.02537176217506,0.25472672163484317,0.13205760231489158,336.3798145110476
Simulation_000002,Aluminium 6061,77.02537176217506,0.2586156792170545,0.13205760231489158,336.2450490816135
Simulation_000002,Aluminium 6061,77.02537176217506,0.26250463679926583,0.13205760231489158,336.1216070969128
Simulation_000002,Aluminium 6061,77.02537176217506,0.2663935943814772,0.13205760231489158,336.0091019632565
Simulation_000002,Aluminium 6061,77.02537176217506,0.27028255196368856,0.13205760231489158,335.907180294826
Simulation_000002,Aluminium 6061,77.02537176217506,0.27417150954589986,0.13205760231489158,335.8155212117538
Simulation_000002,Aluminium 6061,77.02537176217506,0.2780604671281112,0.13205760231489158,335.73383560295696
Simulation_000002,Aluminium 6061,77.02537176217506,0.2819494247103226,0.13205760231489158,335.6618654052957
Simulation_000002,Aluminium 6061,77.02537176217506,0.28583838229253394,0.13205760231489158,335.599382930756
Simulation_000002,Aluminium 6061,77.02537176217506,0.28972733987474525,0.13205760231489158,335.54619025994776
Simulation_000002,Aluminium 6061,77.02537176217506,0.2936162974569566,0.13205760231489158,335.5021187113459
Simulation_000002,Aluminium 6061,77.02537176217506,0.29750525503916797,0.13205760231489158,335.4670283900306
Simulation_000002,Aluminium 6061,77.02537176217506,0.30139421262137933,0.13205760231489158,335.4408078162631
Simulation_000002,Aluminium 6061,77.02537176217506,0.30528317020359064,0.13205760231489158,335.42337363238994
Simulation_000002,Aluminium 6061,77.02537176217506,0.309172127785802,0.13205760231489158,335.4146703858194
Simulation_000002,Aluminium 6061,77.02537176217506,0.0019444787911056729,0.1346218276025594,335.1981211072948
Simulation_000002,Aluminium 6061,77.02537176217506,0.005833436373317019,0.1346218276025594,335.2227718855218
Simulation_000002,Aluminium 6061,77.02537176217506,0.009722393955528366,0.1346218276025594,335.2561314574279
Simulation_000002,Aluminium 6061,77.02537176217506,0.013611351537739711,0.1346218276025594,335.29825513316393
Simulation_000002,Aluminium 6061,77.02537176217506,0.017500309119951058,0.1346218276025594,335.3492259811352
Simulation_000002,Aluminium 6061,77.02537176217506,0.021389266702162405,0.1346218276025594,335.4091549498446
Simulation_000002,Aluminium 6061,77.02537176217506,0.02527822428437375,0.1346218276025594,335.4781810262622
Simulation_000002,Aluminium 6061,77.02537176217506,0.029167181866585096,0.1346218276025594,335.55647142552476
Simulation_000002,Aluminium 6061,77.02537176217506,0.03305613944879644,0.1346218276025594,335.64422180315177
Simulation_000002,Aluminium 6061,77.02537176217506,0.03694509703100779,0.1346218276025594,335.74165647545294
Simulation_000002,Aluminium 6061,77.02537176217506,0.04083405461321914,0.1346218276025594,335.8490286256327
Simulation_000002,Aluminium 6061,77.02537176217506,0.044723012195430484,0.1346218276025594,335.9666204611987
Simulation_000002,Aluminium 6061,77.02537176217506,0.048611969777641824,0.1346218276025594,336.0947432712026
Simulation_000002,Aluminium 6061,77.02537176217506,0.05250092735985317,0.1346218276025594,336.2337373075288
Simulation_000002,Aluminium 6061,77.02537176217506,0.05638988494206452,0.1346218276025594,336.38397138007315
Simulation_000002,Aluminium 6061,77.02537176217506,0.060278842524275865,0.1346218276025594,336.54584200721314
Simulation_000002,Aluminium 6061,77.02537176217506,0.0641678001064872,0.1346218276025594,336.71977189489814
Simulation_000002,Aluminium 6061,77.02537176217506,0.06805675768869855,0.1346218276025594,336.9062074221424
Simulation_000002,Aluminium 6061,77.02537176217506,0.0719457152709099,0.1346218276025594,337.1056146767529
Simulation_000002,Aluminium 6061,77.02537176217506,0.07583467285312125,0.1346218276025594,337.3184733975257
Simulation_000002,Aluminium 6061,77.02537176217506,0.0797236304353326,0.1346218276025594,337.54526791689966
Simulation_000002,Aluminium 6061,77.02537176217506,0.08361258801754394,0.1346218276025594,337.78647383256197
Simulation_000002,Aluminium 6061,77.02537176217506,0.08750154559975529,0.1346218276025594,338.0425386297758
Simulation_000002,Aluminium 6061,77.02537176217506,0.09139050318196663,0.1346218276025594,338.3138537796976
Simulation_000002,Aluminium 6061,77.02537176217506,0.09527946076417797,0.1346218276025594,338.60071489484164
Simulation_000002,Aluminium 6061,77.02537176217506,0.09916841834638931,0.1346218276025594,338.9032652714185
Simulation_000002,Aluminium 6061,77.02537176217506,0.10305737592860066,0.1346218276025594,339.22141654929715
Simulation_000002,Aluminium 6061,77.02537176217506,0.10694633351081201,0.1346218276025594,339.55473830293965
Simulation_000002,Aluminium 6061,77.02537176217506,0.11083529109302336,0.1346218276025594,339.9023063443024
Simulation_000002,Aluminium 6061,77.02537176217506,0.1147242486752347,0.1346218276025594,340.26249795189494
Simulation_000002,Aluminium 6061,77.02537176217506,0.11861320625744605,0.1346218276025594,340.63272245489094
Simulation_000002,Aluminium 6061,77.02537176217506,0.1225021638396574,0.1346218276025594,341.0090802102793
Simulation_000002,Aluminium 6061,77.02537176217506,0.12639112142186876,0.1346218276025594,341.3859566299907
Simulation_000002,Aluminium 6061,77.02537176217506,0.1302800790040801,0.1346218276025594,341.7555875931645
Simulation_000002,Aluminium 6061,77.02537176217506,0.13416903658629145,0.1346218276025594,342.1076866612527
Simulation_000002,Aluminium 6061,77.02537176217506,0.13805799416850278,0.1346218276025594,342.42930705491676
Simulation_000002,Aluminium 6061,77.02537176217506,0.14194695175071415,0.1346218276025594,342.7052076707121
Simulation_000002,Aluminium 6061,77.02537176217506,0.14583590933292548,0.1346218276025594,342.91904389602456
Simulation_000002,Aluminium 6061,77.02537176217506,0.14972486691513684,0.1346218276025594,343.0555869831838
Simulation_000002,Aluminium 6061,77.02537176217506,0.15361382449734817,0.1346218276025594,343.1037415905205
Simulation_000002,Aluminium 6061,77.02537176217506,0.15750278207955953,0.1346218276025594,343.0594026001026
Simulation_000002,Aluminium 6061,77.02537176217506,0.16139173966177087,0.1346218276025594,342.9266866409975
Simulation_000002,Aluminium 6061,77.02537176217506,0.16528069724398223,0.1346218276025594,342.71670050969067
Simulation_000002,Aluminium 6061,77.02537176217506,0.16916965482619356,0.1346218276025594,342.444684296046
Simulation_000002,Aluminium 6061,77.02537176217506,0.17305861240840492,0.1346218276025594,342.1269937859777
Simulation_000002,Aluminium 6061,77.02537176217506,0.17694756999061625,0.1346218276025594,341.7788810311193
Simulation_000002,Aluminium 6061,77.02537176217506,0.18083652757282762,0.1346218276025594,341.4133034777551
Simulation_000002,Aluminium 6061,77.02537176217506,0.18472548515503895,0.1346218276025594,341.04055789412445
Simulation_000002,Aluminium 6061,77.02537176217506,0.18861444273725028,0.1346218276025594,340.66841833768376
Simulation_000002,Aluminium 6061,77.02537176217506,0.19250340031946164,0.1346218276025594,340.30250888439457
Simulation_000002,Aluminium 6061,77.02537176217506,0.19639235790167298,0.1346218276025594,339.9467381611528
Simulation_000002,Aluminium 6061,77.02537176217506,0.20028131548388434,0.1346218276025594,339.6037052637531
Simulation_000002,Aluminium 6061,77.02537176217506,0.20417027306609567,0.1346218276025594,339.27504072532554
Simulation_000002,Aluminium 6061,77.02537176217506,0.20805923064830703,0.1346218276025594,338.96167587842433
Simulation_000002,Aluminium 6061,77.02537176217506,0.21194818823051836,0.1346218276025594,338.66404757291184
Simulation_000002,Aluminium 6061,77.02537176217506,0.21583714581272972,0.1346218276025594,338.38224982088394
Simulation_000002,Aluminium 6061,77.02537176217506,0.21972610339494106,0.1346218276025594,338.1161441545968
Simulation_000002,Aluminium 6061,77.02537176217506,0.22361506097715242,0.1346218276025594,337.86543891655975
Simulation_000002,Aluminium 6061,77.02537176217506,0.22750401855936375,0.1346218276025594,337.6297456686075
Simulation_000002,Aluminium 6061,77.02537176217506,0.2313929761415751,0.1346218276025594,337.40861898936595
Simulation_000002,Aluminium 6061,77.02537176217506,0.23528193372378645,0.1346218276025594,337.2015843305419
Simulation_000002,Aluminium 6061,77.02537176217506,0.2391708913059978,0.1346218276025594,337.0081573510301
Simulation_000002,Aluminium 6061,77.02537176217506,0.24305984888820914,0.1346218276025594,336.8278572037044
Simulation_000002,Aluminium 6061,77.02537176217506,0.2469488064704205,0.1346218276025594,336.660215553238
Simulation_000002,Aluminium 6061,77.02537176217506,0.2508377640526318,0.1346218276025594,336.5047825965434
Simulation_000002,Aluminium 6061,77.02537176217506,0.25472672163484317,0.1346218276025594,336.3611309919003
Simulation_000002,Aluminium 6061,77.02537176217506,0.2586156792170545,0.1346218276025594,336.22885834054586
Simulation_000002,Aluminium 6061,77.02537176217506,0.26250463679926583,0.1346218276025594,336.10758867686394
Simulation_000002,Aluminium 6061,77.02537176217506,0.2663935943814772,0.1346218276025594,335.9969732892968
Simulation_000002,Aluminium 6061,77.02537176217506,0.27028255196368856,0.1346218276025594,335.89669109850274
Simulation_000002,Aluminium 6061,77.02537176217506,0.27417150954589986,0.1346218276025594,335.8064487511348
Simulation_000002,Aluminium 6061,77.02537176217506,0.2780604671281112,0.1346218276025594,335.72598053911156
Simulation_000002,Aluminium 6061,77.02537176217506,0.2819494247103226,0.1346218276025594,335.65504821979545
Simulation_000002,Aluminium 6061,77.02537176217506,0.28583838229253394,0.1346218276025594,335.59344078811034
Simulation_000002,Aluminium 6061,77.02537176217506,0.28972733987474525,0.1346218276025594,335.54097423447496
Simulation_000002,Aluminium 6061,77.02537176217506,0.2936162974569566,0.1346218276025594,335.49749131046644
Simulation_000002,Aluminium 6061,77.02537176217506,0.29750525503916797,0.1346218276025594,335.46286131590506
Simulation_000002,Aluminium 6061,77.02537176217506,0.30139421262137933,0.1346218276025594,335.43697991550755
Simulation_000002,Aluminium 6061,77.02537176217506,0.30528317020359064,0.1346218276025594,335.41976898964333
Simulation_000002,Aluminium 6061,77.02537176217506,0.309172127785802,0.1346218276025594,335.4111765214756
Simulation_000002,Aluminium 6061,77.02537176217506,0.0019444787911056729,0.1371860528902272,335.1934082821703
Simulation_000002,Aluminium 6061,77.02537176217506,0.005833436373317019,0.1371860528902272,335.21792841998
Simulation_000002,Aluminium 6061,77.02537176217506,0.009722393955528366,0.1371860528902272,335.25102470678814
Simulation_000002,Aluminium 6061,77.02537176217506,0.013611351537739711,0.1371860528902272,335.29274840534634
Simulation_000002,Aluminium 6061,77.02537176217506,0.017500309119951058,0.1371860528902272,335.34317641464145
Simulation_000002,Aluminium 6061,77.02537176217506,0.021389266702162405,0.1371860528902272,335.40241127052155
Simulation_000002,Aluminium 6061,77.02537176217506,0.02527822428437375,0.1371860528902272,335.470581136918
Simulation_000002,Aluminium 6061,77.02537176217506,0.029167181866585096,0.1371860528902272,335.5478397774559
Simulation_000002,Aluminium 6061,77.02537176217506,0.03305613944879644,0.1371860528902272,335.6343664920258
Simulation_000002,Aluminium 6061,77.02537176217506,0.03694509703100779,0.1371860528902272,335.7303659955254
Simulation_000002,Aluminium 6061,77.02537176217506,0.04083405461321914,0.1371860528902272,335.83606820566536
Simulation_000002,Aluminium 6061,77.02537176217506,0.044723012195430484,0.1371860528902272,335.95172789232464
Simulation_000002,Aluminium 6061,77.02537176217506,0.048611969777641824,0.1371860528902272,336.0776241209697
Simulation_000002,Aluminium 6061,77.02537176217506,0.05250092735985317,0.1371860528902272,336.2140593950322
Simulation_000002,Aluminium 6061,77.02537176217506,0.05638988494206452,0.1371860528902272,336.36135836410375
Simulation_000002,Aluminium 6061,77.02537176217506,0.060278842524275865,0.1371860528902272,336.51986591250636
Simulation_000002,Aluminium 6061,77.02537176217506,0.0641678001064872,0.1371860528902272,336.68994437103316
Simulation_000002,Aluminium 6061,77.02537176217506,0.06805675768869855,0.1371860528902272,336.87196949631937
Simulation_000002,Aluminium 6061,77.02537176217506,0.0719457152709099,0.1371860528902272,337.0663247278073
Simulation_000002,Aluminium 6061,77.02537176217506,0.07583467285312125,0.1371860528902272,337.27339304879706
Simulation_000002,Aluminium 6061,77.02537176217506,0.0797236304353326,0.1371860528902272,337.4935455287685
Simulation_000002,Aluminium 6061,77.02537176217506,0.08361258801754394,0.1371860528902272,337.7271252874952
Simulation_000002,Aluminium 6061,77.02537176217506,0.08750154559975529,0.1371860528902272,337.9744251711704
Simulation_000002,Aluminium 6061,77.02537176217506,0.09139050318196663,0.1371860528902272,338.23565683733193
Simulation_000002,Aluminium 6061,77.02537176217506,0.09527946076417797,0.1371860528902272,338.5109081812331
Simulation_000002,Aluminium 6061,77.02537176217506,0.09916841834638931,0.1371860528902272,338.800085088223
Simulation_000002,Aluminium 6061,77.02537176217506,0.10305737592860066,0.1371860528902272,339.10283239243466
Simulation_000002,Aluminium 6061,77.02537176217506,0.10694633351081201,0.1371860528902272,339.4184277826261
Simulation_000002,Aluminium 6061,77.02537176217506,0.11083529109302336,0.1371860528902272,339.7456415310877
Simulation_000002,Aluminium 6061,77.02537176217506,0.1147242486752347,0.1371860528902272,340.0825549907631
Simulation_000002,Aluminium 6061,77.02537176217506,0.11861320625744605,0.1371860528902272,340.4263330632341
Simulation_000002,Aluminium 6061,77.02537176217506,0.1225021638396574,0.1371860528902272,340.7729524407968
Simulation_000002,Aluminium 6061,77.02537176217506,0.12639112142186876,0.1371860528902272,341.11690164874284
Simulation_000002,Aluminium 6061,77.02537176217506,0.1302800790040801,0.1371860528902272,341.4508948686508
Simulation_000002,Aluminium 6061,77.02537176217506,0.13416903658629145,0.1371860528902272,341.765682370324
Simulation_000002,Aluminium 6061,77.02537176217506,0.13805799416850278,0.1371860528902272,342.0500934685539
Simulation_000002,Aluminium 6061,77.02537176217506,0.14194695175071415,0.1371860528902272,342.29149544979026
Simulation_000002,Aluminium 6061,77.02537176217506,0.14583590933292548,0.1371860528902272,342.4768493642548
Simulation_000002,Aluminium 6061,77.02537176217506,0.14972486691513684,0.1371860528902272,342.5944193798765
Simulation_000002,Aluminium 6061,77.02537176217506,0.15361382449734817,0.1371860528902272,342.63589003048156
Simulation_000002,Aluminium 6061,77.02537176217506,0.15750278207955953,0.1371860528902272,342.59823671033195
Simulation_000002,Aluminium 6061,77.02537176217506,0.16139173966177087,0.1371860528902272,342.4844955658464
Simulation_000002,Aluminium 6061,77.02537176217506,0.16528069724398223,0.1371860528902272,342.3029935479894
Simulation_000002,Aluminium 6061,77.02537176217506,0.16916965482619356,0.1371860528902272,342.0654778618641
Simulation_000002,Aluminium 6061,77.02537176217506,0.17305861240840492,0.1371860528902272,341.7849986626966
Simulation_000002,Aluminium 6061,77.02537176217506,0.17694756999061625,0.1371860528902272,341.4741996461482
Simulation_000002,Aluminium 6061,77.02537176217506,0.18083652757282762,0.1371860528902272,341.1442622005562
Simulation_000002,Aluminium 6061,77.02537176217506,0.18472548515503895,0.1371860528902272,340.8044464247706
Simulation_000002,Aluminium 6061,77.02537176217506,0.18861444273725028,0.1371860528902272,340.4620481161052
Simulation_000002,Aluminium 6061,77.02537176217506,0.19250340031946164,0.1371860528902272,340.12258828339094
Simulation_000002,Aluminium 6061,77.02537176217506,0.19639235790167298,0.1371860528902272,339.79009926903484
Simulation_000002,Aluminium 6061,77.02537176217506,0.20028131548388434,0.1371860528902272,339.4674246525454
Simulation_000002,Aluminium 6061,77.02537176217506,0.20417027306609567,0.1371860528902272,339.1564909548314
Simulation_000002,Aluminium 6061,77.02537176217506,0.20805923064830703,0.1371860528902272,338.8585351172892
Simulation_000002,Aluminium 6061,77.02537176217506,0.21194818823051836,0.1371860528902272,338.57428595259205
Simulation_000002,Aluminium 6061,77.02537176217506,0.21583714581272972,0.1371860528902272,338.30410436468657
Simulation_000002,Aluminium 6061,77.02537176217506,0.21972610339494106,0.1371860528902272,338.0480893930164
Simulation_000002,Aluminium 6061,77.02537176217506,0.22361506097715242,0.1371860528902272,337.8061572052361
Simulation_000002,Aluminium 6061,77.02537176217506,0.22750401855936375,0.1371860528902272,337.5780992977524
Simulation_000002,Aluminium 6061,77.02537176217506,0.2313929761415751,0.1371860528902272,337.3636250239801
Simulation_000002,Aluminium 6061,77.02537176217506,0.23528193372378645,0.1371860528902272,337.1623924659348
Simulation_000002,Aluminium 6061,77.02537176217506,0.2391708913059978,0.1371860528902272,336.9740307166948
Simulation_000002,Aluminium 6061,77.02537176217506,0.24305984888820914,0.1371860528902272,336.79815587711386
Simulation_000002,Aluminium 6061,77.02537176217506,0.2469488064704205,0.1371860528902272,336.6343824767181
Simulation_000002,Aluminium 6061,77.02537176217506,0.2508377640526318,0.1371860528902272,336.48233157840184
Simulation_000002,Aluminium 6061,77.02537176217506,0.25472672163484317,0.1371860528902272,336.3416364898381
Simulation_000002,Aluminium 6061,77.02537176217506,0.2586156792170545,0.1371860528902272,336.21194675518865
Simulation_000002,Aluminium 6061,77.02537176217506,0.26250463679926583,0.1371860528902272,336.09293091718257
Simulation_000002,Aluminium 6061,77.02537176217506,0.2663935943814772,0.1371860528902272,335.9842784050958
Simulation_000002,Aluminium 6061,77.02537176217506,0.27028255196368856,0.1371860528902272,335.88570080578035
Simulation_000002,Aluminium 6061,77.02537176217506,0.27417150954589986,0.1371860528902272,335.7969327030768
Simulation_000002,Aluminium 6061,77.02537176217506,0.2780604671281112,0.1371860528902272,335.71773221859195
Simulation_000002,Aluminium 6061,77.02537176217506,0.2819494247103226,0.1371860528902272,335.64788134873436
Simulation_000002,Aluminium 6061,77.02537176217506,0.28583838229253394,0.1371860528902272,335.5871861652359
Simulation_000002,Aluminium 6061,77.02537176217506,0.28972733987474525,0.1371860528902272,335.53547692637125
Simulation_000002,Aluminium 6061,77.02537176217506,0.2936162974569566,0.1371860528902272,335.4926081316609
Simulation_000002,Aluminium 6061,77.02537176217506,0.29750525503916797,0.1371860528902272,335.45845854251814
Simulation_000002,Aluminium 6061,77.02537176217506,0.30139421262137933,0.1371860528902272,335.432931183971
Simulation_000002,Aluminium 6061,77.02537176217506,0.30528317020359064,0.1371860528902272,335.4159533374414
Simulation_000002,Aluminium 6061,77.02537176217506,0.309172127785802,0.1371860528902272,335.4074765309925
Simulation_000002,Aluminium 6061,77.02537176217506,0.0019444787911056729,0.13975027817789498,335.1884998174886
Simulation_000002,Aluminium 6061,77.02537176217506,0.005833436373317019,0.13975027817789498,335.2128847204724
Simulation_000002,Aluminium 6061,77.02537176217506,0.009722393955528366,0.13975027817789498,335.24570849194174
Simulation_000002,Aluminium 6061,77.02537176217506,0.013611351537739711,0.13975027817789498,335.28701826540214
Simulation_000002,Aluminium 6061,77.02537176217506,0.017500309119951058,0.13975027817789498,335.3368846502834
Simulation_000002,Aluminium 6061,77.02537176217506,0.021389266702162405,0.13975027817789498,335.3954016148842
Simulation_000002,Aluminium 6061,77.02537176217506,0.02527822428437375,0.13975027817789498,335.4626863158288
Simulation_000002,Aluminium 6061,77.02537176217506,0.029167181866585096,0.13975027817789498,335.53887885947046
Simulation_000002,Aluminium 6061,77.02537176217506,0.03305613944879644,0.13975027817789498,335.6241419741187
Simulation_000002,Aluminium 6061,77.02537176217506,0.03694509703100779,0.13975027817789498,335.7186605631215
Simulation_000002,Aluminium 6061,77.02537176217506,0.04083405461321914,0.13975027817789498,335.8226410968412
Simulation_000002,Aluminium 6061,77.02537176217506,0.044723012195430484,0.13975027817789498,335.9363107853122
Simulation_000002,Aluminium 6061,77.02537176217506,0.048611969777641824,0.13975027817789498,336.05991645138363
Simulation_000002,Aluminium 6061,77.02537176217506,0.05250092735985317,0.13975027817789498,336.19372299444564
Simulation_000002,Aluminium 6061,77.02537176217506,0.05638988494206452,0.13975027817789498,336.3380112947965
Simulation_000002,Aluminium 6061,77.02537176217506,0.060278842524275865,0.13975027817789498,336.49307535481853
Simulation_000002,Aluminium 6061,77.02537176217506,0.0641678001064872,0.13975027817789498,336.6592184007608
Simulation_000002,Aluminium 6061,77.02537176217506,0.06805675768869855,0.13975027817789498,336.8367475719651
Simulation_000002,Aluminium 6061,77.02537176217506,0.0719457152709099,0.13975027817789498,337.02596669491504
Simulation_000002,Aluminium 6061,77.02537176217506,0.07583467285312125,0.13975027817789498,337.227166467453
Simulation_000002,Aluminium 6061,77.02537176217506,0.0797236304353326,0.13975027817789498,337.4406111515135
Simulation_000002,Aluminium 6061,77.02537176217506,0.08361258801754394,0.13975027817789498,337.6665205763057
Simulation_000002,Aluminium 6061,77.02537176217506,0.08750154559975529,0.13975027817789498,337.90504587281447
Simulation_000002,Aluminium 6061,77.02537176217506,0.09139050318196663,0.13975027817789498,338.1562368821295
Simulation_000002,Aluminium 6061,77.02537176217506,0.09527946076417797,0.13975027817789498,338.41999860168687
Simulation_000002,Aluminium 6061,77.02537176217506,0.09916841834638931,0.13975027817789498,338.6960333767003
Simulation_000002,Aluminium 6061,77.02537176217506,0.10305737592860066,0.13975027817789498,338.98376488190604
Simulation_000002,Aluminium 6061,77.02537176217506,0.10694633351081201,0.13975027817789498,339.2822394425973
Simulation_000002,Aluminium 6061,77.02537176217506,0.11083529109302336,0.13975027817789498,339.59000025961814
Simulation_000002,Aluminium 6061,77.02537176217506,0.1147242486752347,0.13975027817789498,339.9049312630417
Simulation_000002,Aluminium 6061,77.02537176217506,0.11861320625744605,0.13975027817789498,340.2240706827367
Simulation_000002,Aluminium 6061,77.02537176217506,0.1225021638396574,0.13975027817789498,340.54340159042346
Simulation_000002,Aluminium 6061,77.02537176217506,0.12639112142186876,0.13975027817789498,340.85763970802
Simulation_000002,Aluminium 6061,77.02537176217506,0.1302800790040801,0.13975027817789498,341.16005963424766
Simulation_000002,Aluminium 6061,77.02537176217506,0.13416903658629145,0.13975027817789498,341.44242940490346
Simulation_000002,Aluminium 6061,77.02537176217506,0.13805799416850278,0.13975027817789498,341.695154677267
Simulation_000002,Aluminium 6061,77.02537176217506,0.14194695175071415,0.13975027817789498,341.90775192273003
Simulation_000002,Aluminium 6061,77.02537176217506,0.14583590933292548,0.13975027817789498,342.0697445481851
Simulation_000002,Aluminium 6061,77.02537176217506,0.14972486691513684,0.13975027817789498,342.1719690362708
Simulation_000002,Aluminium 6061,77.02537176217506,0.15361382449734817,0.13975027817789498,342.2080765137245
Simulation_000002,Aluminium 6061,77.02537176217506,0.15750278207955953,0.13975027817789498,342.17578813949916
Simulation_000002,Aluminium 6061,77.02537176217506,0.16139173966177087,0.13975027817789498,342.0773943259603
Simulation_000002,Aluminium 6061,77.02537176217506,0.16528069724398223,0.13975027817789498,341.9192554622455
Simulation_000002,Aluminium 6061,77.02537176217506,0.16916965482619356,0.13975027817789498,341.71054647072947
Simulation_000002,Aluminium 6061,77.02537176217506,0.17305861240840492,0.13975027817789498,341.46175518331194
Simulation_000002,Aluminium 6061,77.02537176217506,0.17694756999061625,0.13975027817789498,341.1833761459001
Simulation_000002,Aluminium 6061,77.02537176217506,0.18083652757282762,0.13975027817789498,340.88501444188216
Simulation_000002,Aluminium 6061,77.02537176217506,0.18472548515503895,0.13975027817789498,340.5749124445433
Simulation_000002,Aluminium 6061,77.02537176217506,0.18861444273725028,0.13975027817789498,340.2598055779495
Simulation_000002,Aluminium 6061,77.02537176217506,0.19250340031946164,0.13975027817789498,339.94498770229137
Simulation_000002,Aluminium 6061,77.02537176217506,0.19639235790167298,0.13975027817789498,339.63448483330717
Simulation_000002,Aluminium 6061,77.02537176217506,0.20028131548388434,0.13975027817789498,339.33126728048785
Simulation_000002,Aluminium 6061,77.02537176217506,0.20417027306609567,0.13975027817789498,339.03745905221473
Simulation_000002,Aluminium 6061,77.02537176217506,0.20805923064830703,0.13975027817789498,338.75452423317097
Simulation_000002,Aluminium 6061,77.02537176217506,0.21194818823051836,0.13975027817789498,338.4834230795782
Simulation_000002,Aluminium 6061,77.02537176217506,0.21583714581272972,0.13975027817789498,338.2247377442259
Simulation_000002,Aluminium 6061,77.02537176217506,0.21972610339494106,0.13975027817789498,337.9787709067505
Simulation_000002,Aluminium 6061,77.02537176217506,0.22361506097715242,0.13975027817789498,337.7456217446905
Simulation_000002,Aluminium 6061,77.02537176217506,0.22750401855936375,0.13975027817789498,337.5252436965425
Simulation_000002,Aluminium 6061,77.02537176217506,0.2313929761415751,0.13975027817789498,337.3174879719063
Simulation_000002,Aluminium 6061,77.02537176217506,0.23528193372378645,0.13975027817789498,337.12213610165225
Simulation_000002,Aluminium 6061,77.02537176217506,0.2391708913059978,0.13975027817789498,336.9389241642354
Simulation_000002,Aluminium 6061,77.02537176217506,0.24305984888820914,0.13975027817789498,336.7675607458528
Simulation_000002,Aluminium 6061,77.02537176217506,0.2469488064704205,0.13975027817789498,336.6077402137672
Simulation_000002,Aluminium 6061,77.02537176217506,0.2508377640526318,0.13975027817789498,336.4591525010425
Simulation_000002,Aluminium 6061,77.02537176217506,0.25472672163484317,0.13975027817789498,336.3214903045016
Simulation_000002,Aluminium 6061,77.02537176217506,0.2586156792170545,0.13975027817789498,336.1944543706936
Simulation_000002,Aluminium 6061,77.02537176217506,0.26250463679926583,0.13975027817789498,336.077757372599
Simulation_000002,Aluminium 6061,77.02537176217506,0.2663935943814772,0.13975027817789498,335.9711267503043
Simulation_000002,Aluminium 6061,77.02537176217506,0.27028255196368856,0.13975027817789498,335.87430679189015
Simulation_000002,Aluminium 6061,77.02537176217506,0.27417150954589986,0.13975027817789498,335.7870601583653
Simulation_000002,Aluminium 6061,77.02537176217506,0.2780604671281112,0.13975027817789498,335.7091690025584
Simulation_000002,Aluminium 6061,77.02537176217506,0.2819494247103226,0.13975027817789498,335.6404357918064
Simulation_000002,Aluminium 6061,77.02537176217506,0.28583838229253394,0.13975027817789498,335.58068391455555
Simulation_000002,Aluminium 6061,77.02537176217506,0.28972733987474525,0.13975027817789498,335.5297581289937
Simulation_000002,Aluminium 6061,77.02537176217506,0.2936162974569566,0.13975027817789498,335.4875248955973
Simulation_000002,Aluminium 6061,77.02537176217506,0.29750525503916797,0.13975027817789498,335.4538726235267
Simulation_000002,Aluminium 6061,77.02537176217506,0.30139421262137933,0.13975027817789498,335.4287118520372
Simulation_000002,Aluminium 6061,77.02537176217506,0.30528317020359064,0.13975027817789498,335.4119753816612
Simulation_000002,Aluminium 6061,77.02537176217506,0.309172127785802,0.13975027817789498,335.4036183652148
Simulation_000002,Aluminium 6061,77.02537176217506,0.0019444787911056729,0.1423145034655628,335.18345175822304
Simulation_000002,Aluminium 6061,77.02537176217506,0.005833436373317019,0.1423145034655628,335.20769771306163
Simulation_000002,Aluminium 6061,77.02537176217506,0.009722393955528366,0.1423145034655628,335.2402415176466
Simulation_000002,Aluminium 6061,77.02537176217506,0.013611351537739711,0.1423145034655628,335.2811261278625
Simulation_000002,Aluminium 6061,77.02537176217506,0.017500309119951058,0.1423145034655628,335.3304157947596
Simulation_000002,Aluminium 6061,77.02537176217506,0.021389266702162405,0.1423145034655628,335.3881958347246
Simulation_000002,Aluminium 6061,77.02537176217506,0.02527822428437375,0.1423145034655628,335.4545723044489
Simulation_000002,Aluminium 6061,77.02537176217506,0.029167181866585096,0.1423145034655628,335.5296715624773
Simulation_000002,Aluminium 6061,77.02537176217506,0.03305613944879644,0.1423145034655628,335.61363969151523
Simulation_000002,Aluminium 6061,77.02537176217506,0.03694509703100779,0.1423145034655628,335.7066417457001
Simulation_000002,Aluminium 6061,77.02537176217506,0.04083405461321914,0.1423145034655628,335.8088607738686
Simulation_000002,Aluminium 6061,77.02537176217506,0.044723012195430484,0.1423145034655628,335.92049655239384
Simulation_000002,Aluminium 6061,77.02537176217506,0.048611969777641824,0.1423145034655628,336.0417639380275
Simulation_000002,Aluminium 6061,77.02537176217506,0.05250092735985317,0.1423145034655628,336.17289072053416
Simulation_000002,Aluminium 6061,77.02537176217506,0.05638988494206452,0.1423145034655628,336.31411481438045
Simulation_000002,Aluminium 6061,77.02537176217506,0.060278842524275865,0.1423145034655628,336.4656805752788
Simulation_000002,Aluminium 6061,77.02537176217506,0.0641678001064872,0.1423145034655628,336.6278339570574
Simulation_000002,Aluminium 6061,77.02537176217506,0.06805675768869855,0.1423145034655628,336.80081613219056
Simulation_000002,Aluminium 6061,77.02537176217506,0.0719457152709099,0.1423145034655628,336.9848550792691
Simulation_000002,Aluminium 6061,77.02537176217506,0.07583467285312125,0.1423145034655628,337.18015448549374
Simulation_000002,Aluminium 6061,77.02537176217506,0.0797236304353326,0.1423145034655628,337.3868791138598
Simulation_000002,Aluminium 6061,77.02537176217506,0.08361258801754394,0.1423145034655628,337.60513553515966
Simulation_000002,Aluminium 6061,77.02537176217506,0.08750154559975529,0.1423145034655628,337.8349468186069
Simulation_000002,Aluminium 6061,77.02537176217506,0.09139050318196663,0.1423145034655628,338.0762194127902
Simulation_000002,Aluminium 6061,77.02537176217506,0.09527946076417797,0.1423145034655628,338.32870004653967
Simulation_000002,Aluminium 6061,77.02537176217506,0.09916841834638931,0.1423145034655628,338.59192008199994
Simulation_000002,Aluminium 6061,77.02537176217506,0.10305737592860066,0.1423145034655628,338.8651244576635
Simulation_000002,Aluminium 6061,77.02537176217506,0.10694633351081201,0.1423145034655628,339.1471823559254
Simulation_000002,Aluminium 6061,77.02537176217506,0.11083529109302336,0.1423145034655628,339.43647735104554
Simulation_000002,Aluminium 6061,77.02537176217506,0.1147242486752347,0.1423145034655628,339.7307765838508
Simulation_000002,Aluminium 6061,77.02537176217506,0.11861320625744605,0.1423145034655628,340.02708228356653
Simulation_000002,Aluminium 6061,77.02537176217506,0.1225021638396574,0.1423145034655628,340.32147578906813
Simulation_000002,Aluminium 6061,77.02537176217506,0.12639112142186876,0.1423145034655628,340.6089752345364
Simulation_000002,Aluminium 6061,77.02537176217506,0.1302800790040801,0.1423145034655628,340.8834437853437
Simulation_000002,Aluminium 6061,77.02537176217506,0.13416903658629145,0.1423145034655628,341.13760429189983
Simulation_000002,Aluminium 6061,77.02537176217506,0.13805799416850278,0.1423145034655628,341.36323280040943
Simulation_000002,Aluminium 6061,77.02537176217506,0.14194695175071415,0.1423145034655628,341.55160518036246
Simulation_000002,Aluminium 6061,77.02537176217506,0.14583590933292548,0.1423145034655628,341.6942391890668
Simulation_000002,Aluminium 6061,77.02537176217506,0.14972486691513684,0.1423145034655628,341.7838906938505
Simulation_000002,Aluminium 6061,77.02537176217506,0.15361382449734817,0.1423145034655628,341.8156315532965
Simulation_000002,Aluminium 6061,77.02537176217506,0.15750278207955953,0.1423145034655628,341.78771161931473
Simulation_000002,Aluminium 6061,77.02537176217506,0.16139173966177087,0.1423145034655628,341.7018926428692
Simulation_000002,Aluminium 6061,77.02537176217506,0.16528069724398223,0.1423145034655628,341.56311431326765
Simulation_000002,Aluminium 6061,77.02537176217506,0.16916965482619356,0.1423145034655628,341.378632201139
Simulation_000002,Aluminium 6061,77.02537176217506,0.17305861240840492,0.1423145034655628,341.1569398223156
Simulation_000002,Aluminium 6061,77.02537176217506,0.17694756999061625,0.1423145034655628,340.9067723608593
Simulation_000002,Aluminium 6061,77.02537176217506,0.18083652757282762,0.1423145034655628,340.6363645499125
Simulation_000002,Aluminium 6061,77.02537176217506,0.18472548515503895,0.1423145034655628,340.3530039898087
Simulation_000002,Aluminium 6061,77.02537176217506,0.18861444273725028,0.1423145034655628,340.0628375832032
Simulation_000002,Aluminium 6061,77.02537176217506,0.19250340031946164,0.1423145034655628,339.77085682748543
Simulation_000002,Aluminium 6061,77.02537176217506,0.19639235790167298,0.1423145034655628,339.48098952562367
Simulation_000002,Aluminium 6061,77.02537176217506,0.20028131548388434,0.1423145034655628,339.19624204782724
Simulation_000002,Aluminium 6061,77.02537176217506,0.20417027306609567,0.1423145034655628,338.91885525833464
Simulation_000002,Aluminium 6061,77.02537176217506,0.20805923064830703,0.1423145034655628,338.65045294249256
Simulation_000002,Aluminium 6061,77.02537176217506,0.21194818823051836,0.1423145034655628,338.39217258200625
Simulation_000002,Aluminium 6061,77.02537176217506,0.21583714581272972,0.1423145034655628,338.1447751581525
Simulation_000002,Aluminium 6061,77.02537176217506,0.21972610339494106,0.1423145034655628,337.9087344368265
Simulation_000002,Aluminium 6061,77.02537176217506,0.22361506097715242,0.1423145034655628,337.68430797974577
Simulation_000002,Aluminium 6061,77.02537176217506,0.22750401855936375,0.1423145034655628,337.47159274747884
Simulation_000002,Aluminium 6061,77.02537176217506,0.2313929761415751,0.1423145034655628,337.27056815677355
Simulation_000002,Aluminium 6061,77.02537176217506,0.23528193372378645,0.1423145034655628,337.08112916013306
Simulation_000002,Aluminium 6061,77.02537176217506,0.2391708913059978,0.1423145034655628,336.9031115182961
Simulation_000002,Aluminium 6061,77.02537176217506,0.24305984888820914,0.1423145034655628,336.73631103415215
Simulation_000002,Aluminium 6061,77.02537176217506,0.2469488064704205,0.1423145034655628,336.5804981545217
Simulation_000002,Aluminium 6061,77.02537176217506,0.2508377640526318,0.1423145034655628,336.4354290398999
Simulation_000002,Aluminium 6061,77.02537176217506,0.25472672163484317,0.1423145034655628,336.30085395270373
Simulation_000002,Aluminium 6061,77.02537176217506,0.2586156792170545,0.1423145034655628,336.1765236161366
Simulation_000002,Aluminium 6061,77.02537176217506,0.26250463679926583,0.1423145034655628,336.0621940405624
Simulation_000002,Aluminium 6061,77.02537176217506,0.2663935943814772,0.1423145034655628,335.95763019420906
Simulation_000002,Aluminium 6061,77.02537176217506,0.27028255196368856,0.1423145034655628,335.8626088028588
Simulation_000002,Aluminium 6061,77.02537176217506,0.27417150954589986,0.1423145034655628,335.7769204928374
Simulation_000002,Aluminium 6061,77.02537176217506,0.2780604671281112,0.1423145034655628,335.7003714381295
Simulation_000002,Aluminium 6061,77.02537176217506,0.2819494247103226,0.1423145034655628,335.63278463191773
Simulation_000002,Aluminium 6061,77.02537176217506,0.28583838229253394,0.1423145034655628,335.574000872197
Simulation_000002,Aluminium 6061,77.02537176217506,0.28972733987474525,0.1423145034655628,335.52387952799467
Simulation_000002,Aluminium 6061,77.02537176217506,0.2936162974569566,0.1423145034655628,335.4822991353184
Simulation_000002,Aluminium 6061,77.02537176217506,0.29750525503916797,0.1423145034655628,335.44915785886144
Simulation_000002,Aluminium 6061,77.02537176217506,0.30139421262137933,0.1423145034655628,335.42437384565346
Simulation_000002,Aluminium 6061,77.02537176217506,0.30528317020359064,0.1423145034655628,335.40788548943914
Simulation_000002,Aluminium 6061,77.02537176217506,0.309172127785802,0.1423145034655628,335.3996516189539
Simulation_000002,Aluminium 6061,77.02537176217506,0.0019444787911056729,0.14487872875323057,335.17832162616736
Simulation_000002,Aluminium 6061,77.02537176217506,0.005833436373317019,0.14487872875323057,335.2024258112989
Simulation_000002,Aluminium 6061,77.02537176217506,0.009722393955528366,0.14487872875323057,335.2346839968618
Simulation_000002,Aluminium 6061,77.02537176217506,0.013611351537739711,0.14487872875323057,335.2751349449042
Simulation_000002,Aluminium 6061,77.02537176217506,0.017500309119951058,0.14487872875323057,335.323836528461
Simulation_000002,Aluminium 6061,77.02537176217506,0.021389266702162405,0.14487872875323057,335.3808653950174
Simulation_000002,Aluminium 6061,77.02537176217506,0.02527822428437375,0.14487872875323057,335.44631649585045
Simulation_000002,Aluminium 6061,77.02537176217506,0.029167181866585096,0.14487872875323057,335.5203024601205
Simulation_000002,Aluminium 6061,77.02537176217506,0.03305613944879644,0.14487872875323057,335.6029527842104
Simulation_000002,Aluminium 6061,77.02537176217506,0.03694509703100779,0.14487872875323057,335.6944127960805
Simulation_000002,Aluminium 6061,77.02537176217506,0.04083405461321914,0.14487872875323057,335.79484234051745
Simulation_000002,Aluminium 6061,77.02537176217506,0.044723012195430484,0.14487872875323057,335.9044141130967
Simulation_000002,Aluminium 6061,77.02537176217506,0.048611969777641824,0.14487872875323057,336.0233115471819
Simulation_000002,Aluminium 6061,77.02537176217506,0.05250092735985317,0.14487872875323057,336.1517261277156
Simulation_000002,Aluminium 6061,77.02537176217506,0.05638988494206452,0.14487872875323057,336.2898539658857
Simulation_000002,Aluminium 6061,77.02537176217506,0.060278842524275865,0.14487872875323057,336.43789141741274
Simulation_000002,Aluminium 6061,77.02537176217506,0.0641678001064872,0.14487872875323057,336.59602946107617
Simulation_000002,Aluminium 6061,77.02537176217506,0.06805675768869855,0.14487872875323057,336.76444646942457
Simulation_000002,Aluminium 6061,77.02537176217506,0.0719457152709099,0.14487872875323057,336.94329889611976
Simulation_000002,Aluminium 6061,77.02537176217506,0.07583467285312125,0.14487872875323057,337.1327092694969
Simulation_000002,Aluminium 6061,77.02537176217506,0.0797236304353326,0.14487872875323057,337.3327507155484
Simulation_000002,Aluminium 6061,77.02537176217506,0.08361258801754394,0.14487872875323057,337.5434270333093
Simulation_000002,Aluminium 6061,77.02537176217506,0.08750154559975529,0.14487872875323057,337.76464711361587
Simulation_000002,Aluminium 6061,77.02537176217506,0.09139050318196663,0.14487872875323057,337.99619223952203
Simulation_000002,Aluminium 6061,77.02537176217506,0.09527946076417797,0.14487872875323057,338.2376745613377
Simulation_000002,Aluminium 6061,77.02537176217506,0.09916841834638931,0.14487872875323057,338.4884848588987
Simulation_000002,Aluminium 6061,77.02537176217506,0.10305737592860066,0.14487872875323057,338.747727694775
Simulation_000002,Aluminium 6061,77.02537176217506,0.10694633351081201,0.14487872875323057,339.0141424070226
Simulation_000002,Aluminium 6061,77.02537176217506,0.11083529109302336,0.14487872875323057,339.2860093802825
Simulation_000002,Aluminium 6061,77.02537176217506,0.1147242486752347,0.14487872875323057,339.5610431007524
Simulation_000002,Aluminium 6061,77.02537176217506,0.11861320625744605,0.14487872875323057,339.8362772181784
Simulation_000002,Aluminium 6061,77.02537176217506,0.1225021638396574,0.14487872875323057,340.10795284719296
Simulation_000002,Aluminium 6061,77.02537176217506,0.12639112142186876,0.14487872875323057,340.37143009625737
Simulation_000002,Aluminium 6061,77.02537176217506,0.1302800790040801,0.14487872875323057,340.6211540261038
Simulation_000002,Aluminium 6061,77.02537176217506,0.13416903658629145,0.14487872875323057,340.85071790577973
Simulation_000002,Aluminium 6061,77.02537176217506,0.13805799416850278,0.14487872875323057,341.0530737665125
Simulation_000002,Aluminium 6061,77.02537176217506,0.14194695175071415,0.14487872875323057,341.22093406649407
Simulation_000002,Aluminium 6061,77.02537176217506,0.14583590933292548,0.14487872875323057,341.347377646233
Simulation_000002,Aluminium 6061,77.02537176217506,0.14972486691513684,0.14487872875323057,341.42661102853936
Simulation_000002,Aluminium 6061,77.02537176217506,0.15361382449734817,0.14487872875323057,341.4547519699539
Simulation_000002,Aluminium 6061,77.02537176217506,0.15750278207955953,0.14487872875323057,341.4304338155983
Simulation_000002,Aluminium 6061,77.02537176217506,0.16139173966177087,0.14487872875323057,341.35503485551766
Simulation_000002,Aluminium 6061,77.02537176217506,0.16528069724398223,0.14487872875323057,341.23244891382666
Simulation_000002,Aluminium 6061,77.02537176217506,0.16916965482619356,0.14487872875323057,341.068480939387
Simulation_000002,Aluminium 6061,77.02537176217506,0.17305861240840492,0.14487872875323057,340.87006339998726
Simulation_000002,Aluminium 6061,77.02537176217506,0.17694756999061625,0.14487872875323057,340.64449492809496
Simulation_000002,Aluminium 6061,77.02537176217506,0.18083652757282762,0.14487872875323057,340.398834311426
Simulation_000002,Aluminium 6061,77.02537176217506,0.18472548515503895,0.14487872875323057,340.1394987743298
Simulation_000002,Aluminium 6061,77.02537176217506,0.18861444273725028,0.14487872875323057,339.8720533704231
Simulation_000002,Aluminium 6061,77.02537176217506,0.19250340031946164,0.14487872875323057,339.6011476734648
Simulation_000002,Aluminium 6061,77.02537176217506,0.19639235790167298,0.14487872875323057,339.33054976636225
Simulation_000002,Aluminium 6061,77.02537176217506,0.20028131548388434,0.14487872875323057,339.0632346603326
Simulation_000002,Aluminium 6061,77.02537176217506,0.20417027306609567,0.14487872875323057,338.8014959424702
Simulation_000002,Aluminium 6061,77.02537176217506,0.20805923064830703,0.14487872875323057,338.5470606636218
Simulation_000002,Aluminium 6061,77.02537176217506,0.21194818823051836,0.14487872875323057,338.30119623442783
Simulation_000002,Aluminium 6061,77.02537176217506,0.21583714581272972,0.14487872875323057,338.0648041065795
Simulation_000002,Aluminium 6061,77.02537176217506,0.21972610339494106,0.14487872875323057,337.8384987339839
Simulation_000002,Aluminium 6061,77.02537176217506,0.22361506097715242,0.14487872875323057,337.6226723752657
Simulation_000002,Aluminium 6061,77.02537176217506,0.22750401855936375,0.14487872875323057,337.4175472892446
Simulation_000002,Aluminium 6061,77.02537176217506,0.2313929761415751,0.14487872875323057,337.223217219941
Simulation_000002,Aluminium 6061,77.02537176217506,0.23528193372378645,0.14487872875323057,337.0396800587636
Simulation_000002,Aluminium 6061,77.02537176217506,0.2391708913059978,0.14487872875323057,336.86686339118876
Simulation_000002,Aluminium 6061,77.02537176217506,0.24305984888820914,0.14487872875323057,336.7046443899182
Simulation_000002,Aluminium 6061,77.02537176217506,0.2469488064704205,0.14487872875323057,336.55286526382025
Simulation_000002,Aluminium 6061,77.02537176217506,0.2508377640526318,0.14487872875323057,336.4113452399432
Simulation_000002,Aluminium 6061,77.02537176217506,0.25472672163484317,0.14487872875323057,336.2798898556568
Simulation_000002,Aluminium 6061,77.02537176217506,0.2586156792170545,0.14487872875323057,336.1582981715929
Simulation_000002,Aluminium 6061,77.02537176217506,0.26250463679926583,0.14487872875323057,336.0463683811777
Simulation_000002,Aluminium 6061,77.02537176217506,0.2663935943814772,0.14487872875323057,335.9439021850395
Simulation_000002,Aluminium 6061,77.02537176217506,0.27028255196368856,0.14487872875323057,335.85070821389616
Simulation_000002,Aluminium 6061,77.02537176217506,0.27417150954589986,0.14487872875323057,335.76660471738705
Simulation_000002,Aluminium 6061,77.02537176217506,0.2780604671281112,0.14487872875323057,335.6914216849793
Simulation_000002,Aluminium 6061,77.02537176217506,0.2819494247103226,0.14487872875323057,335.6250025254124
Simulation_000002,Aluminium 6061,77.02537176217506,0.28583838229253394,0.14487872875323057,335.56720540060434
Simulation_000002,Aluminium 6061,77.02537176217506,0.28972733987474525,0.14487872875323057,335.51790428648906
Simulation_000002,Aluminium 6061,77.02537176217506,0.2936162974569566,0.14487872875323057,335.4769898152757
Simulation_000002,Aluminium 6061,77.02537176217506,0.29750525503916797,0.14487872875323057,335.44436993984397
Simulation_000002,Aluminium 6061,77.02537176217506,0.30139421262137933,0.14487872875323057,335.41997045043394
Simulation_000002,Aluminium 6061,77.02537176217506,0.30528317020359064,0.14487872875323057,335.40373536566364
Simulation_000002,Aluminium 6061,77.02537176217506,0.309172127785802,0.14487872875323057,335.3956272135953
Simulation_000002,Aluminium 6061,77.02537176217506,0.0019444787911056729,0.14744295404089838,335.1731680526827
Simulation_000002,Aluminium 6061,77.02537176217506,0.005833436373317019,0.14744295404089838,335.1971285421033
Simulation_000002,Aluminium 6061,77.02537176217506,0.009722393955528366,0.14744295404089838,335.2290972627274
Simulation_000002,Aluminium 6061,77.02537176217506,0.013611351537739711,0.14744295404089838,335.26910879706924
Simulation_000002,Aluminium 6061,77.02537176217506,0.017500309119951058,0.14744295404089838,335.3172146670635
Simulation_000002,Aluminium 6061,77.02537176217506,0.021389266702162405,0.14744295404089838,335.37348289782625
Simulation_000002,Aluminium 6061,77.02537176217506,0.02527822428437375,0.14744295404089838,335.4379974114988
Simulation_000002,Aluminium 6061,77.02537176217506,0.029167181866585096,0.14744295404089838,335.51085722787496
Simulation_000002,Aluminium 6061,77.02537176217506,0.03305613944879644,0.14744295404089838,335.59217543965286
Simulation_000002,Aluminium 6061,77.02537176217506,0.03694509703100779,0.14744295404089838,335.6820779190066
Simulation_000002,Aluminium 6061,77.02537176217506,0.04083405461321914,0.14744295404089838,335.780701698005
Simulation_000002,Aluminium 6061,77.02537176217506,0.044723012195430484,0.14744295404089838,335.8881929473018
Simulation_000002,Aluminium 6061,77.02537176217506,0.048611969777641824,0.14744295404089838,336.0047044543677
Simulation_000002,Aluminium 6061,77.02537176217506,0.05250092735985317,0.14744295404089838,336.13039247293597
Simulation_000002,Aluminium 6061,77.02537176217506,0.05638988494206452,0.14744295404089838,336.26541277762385
Simulation_000002,Aluminium 6061,77.02537176217506,0.060278842524275865,0.14744295404089838,336.4099157098398
Simulation_000002,Aluminium 6061,77.02537176217506,0.0641678001064872,0.14744295404089838,336.5640399407852
Simulation_000002,Aluminium 6061,77.02537176217506,0.06805675768869855,0.14744295404089838,336.7279046020143
Simulation_000002,Aluminium 6061,77.02537176217506,0.0719457152709099,0.14744295404089838,336.9015993410552
Simulation_000002,Aluminium 6061,77.02537176217506,0.07583467285312125,0.14744295404089838,337.0851717468564
Simulation_000002,Aluminium 6061,77.02537176217506,0.0797236304353326,0.14744295404089838,337.2786114564974
Simulation_000002,Aluminium 6061,77.02537176217506,0.08361258801754394,0.14744295404089838,337.4818301027998
Simulation_000002,Aluminium 6061,77.02537176217506,0.08750154559975529,0.14744295404089838,337.69463609993824
Simulation_000002,Aluminium 6061,77.02537176217506,0.09139050318196663,0.14744295404089838,337.91670310869887
Simulation_000002,Aluminium 6061,77.02537176217506,0.09527946076417797,0.14744295404089838,338.1475309094558
Simulation_000002,Aluminium 6061,77.02537176217506,0.09916841834638931,0.14744295404089838,338.38639740123926
Simulation_000002,Aluminium 6061,77.02537176217506,0.10305737592860066,0.14744295404089838,338.632300642709
Simulation_000002,Aluminium 6061,77.02537176217506,0.10694633351081201,0.14744295404089838,338.8838904171185
Simulation_000002,Aluminium 6061,77.02537176217506,0.11083529109302336,0.14744295404089838,339.13938997494137
Simulation_000002,Aluminium 6061,77.02537176217506,0.1147242486752347,0.14744295404089838,339.3965107011214
Simulation_000002,Aluminium 6061,77.02537176217506,0.11861320625744605,0.14744295404089838,339.65236583656116
Simulation_000002,Aluminium 6061,77.02537176217506,0.1225021638396574,0.14744295404089838,339.90339437202437
Simulation_000002,Aluminium 6061,77.02537176217506,0.12639112142186876,0.14744295404089838,340.1453128574639
Simulation_000002,Aluminium 6061,77.02537176217506,0.1302800790040801,0.14744295404089838,340.3731204479659
Simulation_000002,Aluminium 6061,77.02537176217506,0.13416903658629145,0.14744295404089838,340.5811890259917
Simulation_000002,Aluminium 6061,77.02537176217506,0.13805799416850278,0.14744295404089838,340.7634717520165
Simulation_000002,Aluminium 6061,77.02537176217506,0.14194695175071415,0.14744295404089838,340.9138540381234
Simulation_000002,Aluminium 6061,77.02537176217506,0.14583590933292548,0.14744295404089838,341.02664467493463
Simulation_000002,Aluminium 6061,77.02537176217506,0.14972486691513684,0.14744295404089838,341.09716007343906
Simulation_000002,Aluminium 6061,77.02537176217506,0.15361382449734817,0.14744295404089838,341.1223010681083
Simulation_000002,Aluminium 6061,77.02537176217506,0.15750278207955953,0.14744295404089838,341.10098475107844
Simulation_000002,Aluminium 6061,77.02537176217506,0.16139173966177087,0.14744295404089838,341.0343056982248
Simulation_000002,Aluminium 6061,77.02537176217506,0.16528069724398223,0.14744295404089838,340.92537468905675
Simulation_000002,Aluminium 6061,77.02537176217506,0.16916965482619356,0.14744295404089838,340.77888681855086
Simulation_000002,Aluminium 6061,77.02537176217506,0.17305861240840492,0.14744295404089838,340.60054464014365
Simulation_000002,Aluminium 6061,77.02537176217506,0.17694756999061625,0.14744295404089838,340.3964738701612
Simulation_000002,Aluminium 6061,77.02537176217506,0.18083652757282762,0.14744295404089838,340.1727322073552
Simulation_000002,Aluminium 6061,77.02537176217506,0.18472548515503895,0.14744295404089838,339.93495830605906
Simulation_000002,Aluminium 6061,77.02537176217506,0.18861444273725028,0.14744295404089838,339.68816317266993
Simulation_000002,Aluminium 6061,77.02537176217506,0.19250340031946164,0.14744295404089838,339.436639990997
Simulation_000002,Aluminium 6061,77.02537176217506,0.19639235790167298,0.14744295404089838,339.18395902449754
Simulation_000002,Aluminium 6061,77.02537176217506,0.20028131548388434,0.14744295404089838,338.9330157558529
Simulation_000002,Aluminium 6061,77.02537176217506,0.20417027306609567,0.14744295404089838,338.6861069428522
Simulation_000002,Aluminium 6061,77.02537176217506,0.20805923064830703,0.14744295404089838,338.4450168477432
Simulation_000002,Aluminium 6061,77.02537176217506,0.21194818823051836,0.14744295404089838,338.2111025220745
Simulation_000002,Aluminium 6061,77.02537176217506,0.21583714581272972,0.14744295404089838,337.9853720176248
Simulation_000002,Aluminium 6061,77.02537176217506,0.21972610339494106,0.14744295404089838,337.76855277669284
Simulation_000002,Aluminium 6061,77.02537176217506,0.22361506097715242,0.14744295404089838,337.56114954832833
Simulation_000002,Aluminium 6061,77.02537176217506,0.22750401855936375,0.14744295404089838,337.3634923486837
Simulation_000002,Aluminium 6061,77.02537176217506,0.2313929761415751,0.14744295404089838,337.1757755499545
Simulation_000002,Aluminium 6061,77.02537176217506,0.23528193372378645,0.14744295404089838,336.99808937982954
Simulation_000002,Aluminium 6061,77.02537176217506,0.2391708913059978,0.14744295404089838,336.8304451036788
Simulation_000002,Aluminium 6061,77.02537176217506,0.24305984888820914,0.14744295404089838,336.6727950481437
Simulation_000002,Aluminium 6061,77.02537176217506,0.2469488064704205,0.14744295404089838,336.5250484693407
Simulation_000002,Aluminium 6061,77.02537176217506,0.2508377640526318,0.14744295404089838,336.3870841063567
Simulation_000002,Aluminium 6061,77.02537176217506,0.25472672163484317,0.14744295404089838,336.258760108911
Simulation_000002,Aluminium 6061,77.02537176217506,0.2586156792170545,0.14744295404089838,336.13992189472964
Simulation_000002,Aluminium 6061,77.02537176217506,0.26250463679926583,0.14744295404089838,336.03040837943735
Simulation_000002,Aluminium 6061,77.02537176217506,0.2663935943814772,0.14744295404089838,335.9300569288093
Simulation_000002,Aluminium 6061,77.02537176217506,0.27028255196368856,0.14744295404089838,335.83870730787885
Simulation_000002,Aluminium 6061,77.02537176217506,0.27417150954589986,0.14744295404089838,335.7562048411026
Simulation_000002,Aluminium 6061,77.02537176217506,0.2780604671281112,0.14744295404089838,335.682402949944
Simulation_000002,Aluminium 6061,77.02537176217506,0.2819494247103226,0.14744295404089838,335.6171651965537
Simulation_000002,Aluminium 6061,77.02537176217506,0.28583838229253394,0.14744295404089838,335.560366932668
Simulation_000002,Aluminium 6061,77.02537176217506,0.28972733987474525,0.14744295404089838,335.5118966297624
Simulation_000002,Aluminium 6061,77.02537176217506,0.2936162974569566,0.14744295404089838,335.47165694849417
Simulation_000002,Aluminium 6061,77.02537176217506,0.29750525503916797,0.14744295404089838,335.43956559144584
Simulation_000002,Aluminium 6061,77.02537176217506,0.30139421262137933,0.14744295404089838,335.41555597224294
Simulation_000002,Aluminium 6061,77.02537176217506,0.30528317020359064,0.14744295404089838,335.39957772554044
Simulation_000002,Aluminium 6061,77.02537176217506,0.309172127785802,0.14744295404089838,335.3915970755864
Simulation_000002,Aluminium 6061,77.02537176217506,0.0019444787911056729,0.1500071793285662,335.1680504104423
Simulation_000002,Aluminium 6061,77.02537176217506,0.005833436373317019,0.1500071793285662,335.1918661709823
Simulation_000002,Aluminium 6061,77.02537176217506,0.009722393955528366,0.1500071793285662,335.22354338060165
Simulation_000002,Aluminium 6061,77.02537176217506,0.013611351537739711,0.1500071793285662,335.26311248518977
Simulation_000002,Aluminium 6061,77.02537176217506,0.017500309119951058,0.1500071793285662,335.31061872600264
Simulation_000002,Aluminium 6061,77.02537176217506,0.021389266702162405,0.1500071793285662,335.36612161144114
Simulation_000002,Aluminium 6061,77.02537176217506,0.02527822428437375,0.1500071793285662,335.42969418646675
Simulation_000002,Aluminium 6061,77.02537176217506,0.029167181866585096,0.1500071793285662,335.5014220749133
Simulation_000002,Aluminium 6061,77.02537176217506,0.03305613944879644,0.1500071793285662,335.58140226086493
Simulation_000002,Aluminium 6061,77.02537176217506,0.03694509703100779,0.1500071793285662,335.669741564032
Simulation_000002,Aluminium 6061,77.02537176217506,0.04083405461321914,0.1500071793285662,335.76655475000246
Simulation_000002,Aluminium 6061,77.02537176217506,0.044723012195430484,0.1500071793285662,335.8719621985867
Simulation_000002,Aluminium 6061,77.02537176217506,0.048611969777641824,0.1500071793285662,335.9860870312591
Simulation_000002,Aluminium 6061,77.02537176217506,0.05250092735985317,0.1500071793285662,336.1090515708088
Simulation_000002,Aluminium 6061,77.02537176217506,0.05638988494206452,0.1500071793285662,336.24097297142566
Simulation_000002,Aluminium 6061,77.02537176217506,0.060278842524275865,0.1500071793285662,336.38195781410604
Simulation_000002,Aluminium 6061,77.02537176217506,0.0641678001064872,0.1500071793285662,336.5320954088926
Simulation_000002,Aluminium 6061,77.02537176217506,0.06805675768869855,0.1500071793285662,336.69144948058164
Simulation_000002,Aluminium 6061,77.02537176217506,0.0719457152709099,0.1500071793285662,336.86004783702947
Simulation_000002,Aluminium 6061,77.02537176217506,0.07583467285312125,0.1500071793285662,337.03786952893796
Simulation_000002,Aluminium 6061,77.02537176217506,0.0797236304353326,0.1500071793285662,337.2248289088078
Simulation_000002,Aluminium 6061,77.02537176217506,0.08361258801754394,0.1500071793285662,337.4207558899936
Simulation_000002,Aluminium 6061,77.02537176217506,0.08750154559975529,0.1500071793285662,337.62537160599555
Simulation_000002,Aluminium 6061,77.02537176217506,0.09139050318196663,0.1500071793285662,337.8382585967656
Simulation_000002,Aluminium 6061,77.02537176217506,0.09527946076417797,0.1500071793285662,338.05882464002855
Simulation_000002,Aluminium 6061,77.02537176217506,0.09916841834638931,0.1500071793285662,338.28625946167256
Simulation_000002,Aluminium 6061,77.02537176217506,0.10305737592860066,0.1500071793285662,338.51948389276544
Simulation_000002,Aluminium 6061,77.02537176217506,0.10694633351081201,0.1500071793285662,338.757091725568
Simulation_000002,Aluminium 6061,77.02537176217506,0.11083529109302336,0.1500071793285662,338.99728573635434
Simulation_000002,Aluminium 6061,77.02537176217506,0.1147242486752347,0.1500071793285662,339.23781130285136
Simulation_000002,Aluminium 6061,77.02537176217506,0.11861320625744605,0.1500071793285662,339.47589395418606
Simulation_000002,Aluminium 6061,77.02537176217506,0.1225021638396574,0.1500071793285662,339.7081911459608
Simulation_000002,Aluminium 6061,77.02537176217506,0.12639112142186876,0.1500071793285662,339.93077334373857
Simulation_000002,Aluminium 6061,77.02537176217506,0.1302800790040801,0.1500071793285662,340.13915431610445
Simulation_000002,Aluminium 6061,77.02537176217506,0.13416903658629145,0.1500071793285662,340.3283936249818
Simulation_000002,Aluminium 6061,77.02537176217506,0.13805799416850278,0.1500071793285662,340.493292742942
Simulation_000002,Aluminium 6061,77.02537176217506,0.14194695175071415,0.1500071793285662,340.62869632379045
Simulation_000002,Aluminium 6061,77.02537176217506,0.14583590933292548,0.1500071793285662,340.7298889525395
Simulation_000002,Aluminium 6061,77.02537176217506,0.14972486691513684,0.1500071793285662,340.79304604634575
Simulation_000002,Aluminium 6061,77.02537176217506,0.15361382449734817,0.1500071793285662,340.81566370213693
Simulation_000002,Aluminium 6061,77.02537176217506,0.15750278207955953,0.1500071793285662,340.79687263297063
Simulation_000002,Aluminium 6061,77.02537176217506,0.16139173966177087,0.1500071793285662,340.7375538270084
Simulation_000002,Aluminium 6061,77.02537176217506,0.16528069724398223,0.1500071793285662,340.64022283499804
Simulation_000002,Aluminium 6061,77.02537176217506,0.16916965482619356,0.1500071793285662,340.5087157804228
Simulation_000002,Aluminium 6061,77.02537176217506,0.17305861240840492,0.1500071793285662,340.3477594584896
Simulation_000002,Aluminium 6061,77.02537176217506,0.17694756999061625,0.1500071793285662,340.1625203819752
Simulation_000002,Aluminium 6061,77.02537176217506,0.18083652757282762,0.1500071793285662,339.95820797827326
Simulation_000002,Aluminium 6061,77.02537176217506,0.18472548515503895,0.1500071793285662,339.73977326614573
Simulation_000002,Aluminium 6061,77.02537176217506,0.18861444273725028,0.1500071793285662,339.5117126861623
Simulation_000002,Aluminium 6061,77.02537176217506,0.19250340031946164,0.1500071793285662,339.27796555865564
Simulation_000002,Aluminium 6061,77.02537176217506,0.19639235790167298,0.1500071793285662,339.0418837395787
Simulation_000002,Aluminium 6061,77.02537176217506,0.20028131548388434,0.1500071793285662,338.8062504867333
Simulation_000002,Aluminium 6061,77.02537176217506,0.20417027306609567,0.1500071793285662,338.5733286353711
Simulation_000002,Aluminium 6061,77.02537176217506,0.20805923064830703,0.1500071793285662,338.3449230000699
Simulation_000002,Aluminium 6061,77.02537176217506,0.21194818823051836,0.1500071793285662,338.12244671047523
Simulation_000002,Aluminium 6061,77.02537176217506,0.21583714581272972,0.1500071793285662,337.9069851432489
Simulation_000002,Aluminium 6061,77.02537176217506,0.21972610339494106,0.1500071793285662,337.69935402265907
Simulation_000002,Aluminium 6061,77.02537176217506,0.22361506097715242,0.1500071793285662,337.5001502222769
Simulation_000002,Aluminium 6061,77.02537176217506,0.22750401855936375,0.1500071793285662,337.30979501569084
Simulation_000002,Aluminium 6061,77.02537176217506,0.2313929761415751,0.1500071793285662,337.1285702089926
Simulation_000002,Aluminium 6061,77.02537176217506,0.23528193372378645,0.1500071793285662,336.95664792129514
Simulation_000002,Aluminium 6061,77.02537176217506,0.2391708913059978,0.1500071793285662,336.7941148956185
Simulation_000002,Aluminium 6061,77.02537176217506,0.24305984888820914,0.1500071793285662,336.6409922137048
Simulation_000002,Aluminium 6061,77.02537176217506,0.2469488064704205,0.1500071793285662,336.49725121498136
Simulation_000002,Aluminium 6061,77.02537176217506,0.2508377640526318,0.1500071793285662,336.3628263190943
Simulation_000002,Aluminium 6061,77.02537176217506,0.25472672163484317,0.1500071793285662,336.23762534468636
Simulation_000002,Aluminium 6061,77.02537176217506,0.2586156792170545,0.1500071793285662,336.1215378159054
Simulation_000002,Aluminium 6061,77.02537176217506,0.26250463679926583,0.1500071793285662,336.0144416578834
Simulation_000002,Aluminium 6061,77.02537176217506,0.2663935943814772,0.1500071793285662,335.9162086049299
Simulation_000002,Aluminium 6061,77.02537176217506,0.27028255196368856,0.1500071793285662,335.8267085803113
Simulation_000002,Aluminium 6061,77.02537176217506,0.27417150954589986,0.1500071793285662,335.7458132531359
Simulation_000002,Aluminium 6061,77.02537176217506,0.2780604671281112,0.1500071793285662,335.6733989345463
Simulation_000002,Aluminium 6061,77.02537176217506,0.2819494247103226,0.1500071793285662,335.60934894057567
Simulation_000002,Aluminium 6061,77.02537176217506,0.28583838229253394,0.1500071793285662,335.5535555211919
Simulation_000002,Aluminium 6061,77.02537176217506,0.28972733987474525,0.1500071793285662,335.5059214329257
Simulation_000002,Aluminium 6061,77.02537176217506,0.2936162974569566,0.1500071793285662,335.46636121493884
Simulation_000002,Aluminium 6061,77.02537176217506,0.29750525503916797,0.1500071793285662,335.43480221450875
Simulation_000002,Aluminium 6061,77.02537176217506,0.30139421262137933,0.1500071793285662,335.4111853968899
Simulation_000002,Aluminium 6061,77.02537176217506,0.30528317020359064,0.1500071793285662,335.395465965744
Simulation_000002,Aluminium 6061,77.02537176217506,0.309172127785802,0.1500071793285662,335.38761381325656
Simulation_000002,Aluminium 6061,77.02537176217506,0.0019444787911056729,0.15257140461623397,335.1630284468767
Simulation_000002,Aluminium 6061,77.02537176217506,0.005833436373317019,0.15257140461623397,335.18669932935273
Simulation_000002,Aluminium 6061,77.02537176217506,0.009722393955528366,0.15257140461623397,335.21808476303227
Simulation_000002,Aluminium 6061,77.02537176217506,0.013611351537739711,0.15257140461623397,335.25721112657334
Simulation_000002,Aluminium 6061,77.02537176217506,0.017500309119951058,0.15257140461623397,335.30411749112614
Simulation_000002,Aluminium 6061,77.02537176217506,0.021389266702162405,0.15257140461623397,335.35885500833956
Simulation_000002,Aluminium 6061,77.02537176217506,0.02527822428437375,0.15257140461623397,335.4214860670447
Simulation_000002,Aluminium 6061,77.02537176217506,0.029167181866585096,0.15257140461623397,335.4920831931231
Simulation_000002,Aluminium 6061,77.02537176217506,0.03305613944879644,0.15257140461623397,335.57072765799046
Simulation_000002,Aluminium 6061,77.02537176217506,0.03694509703100779,0.15257140461623397,335.65750775007945
Simulation_000002,Aluminium 6061,77.02537176217506,0.04083405461321914,0.15257140461623397,335.75251665010927
Simulation_000002,Aluminium 6061,77.02537176217506,0.044723012195430484,0.15257140461623397,335.8558498341222
Simulation_000002,Aluminium 6061,77.02537176217506,0.048611969777641824,0.15257140461623397,335.9676019074868
Simulation_000002,Aluminium 6061,77.02537176217506,0.05250092735985317,0.15257140461623397,336.08786274744284
Simulation_000002,Aluminium 6061,77.02537176217506,0.05638988494206452,0.15257140461623397,336.2167128003475
Simulation_000002,Aluminium 6061,77.02537176217506,0.060278842524275865,0.15257140461623397,336.35421734162225
Simulation_000002,Aluminium 6061,77.02537176217506,0.0641678001064872,0.15257140461623397,336.5004194606159
Simulation_000002,Aluminium 6061,77.02537176217506,0.06805675768869855,0.15257140461623397,336.65533147865216
Simulation_000002,Aluminium 6061,77.02537176217506,0.0719457152709099,0.15257140461623397,336.81892444655153
Simulation_000002,Aluminium 6061,77.02537176217506,0.07583467285312125,0.15257140461623397,336.9911152993615
Simulation_000002,Aluminium 6061,77.02537176217506,0.0797236304353326,0.15257140461623397,337.17175117462943
Simulation_000002,Aluminium 6061,77.02537176217506,0.08361258801754394,0.15257140461623397,337.36059033384964
Simulation_000002,Aluminium 6061,77.02537176217506,0.08750154559975529,0.15257140461623397,337.5572790782933
Simulation_000002,Aluminium 6061,77.02537176217506,0.09139050318196663,0.15257140461623397,337.7613240430426
Simulation_000002,Aluminium 6061,77.02537176217506,0.09527946076417797,0.15257140461623397,337.97205932285914
Simulation_000002,Aluminium 6061,77.02537176217506,0.09916841834638931,0.15257140461623397,338.18860808507327
Simulation_000002,Aluminium 6061,77.02537176217506,0.10305737592860066,0.15257140461623397,338.4098387360228
Simulation_000002,Aluminium 6061,77.02537176217506,0.10694633351081201,0.15257140461623397,338.63431643300254
Simulation_000002,Aluminium 6061,77.02537176217506,0.11083529109302336,0.15257140461623397,338.8602518999331
Simulation_000002,Aluminium 6061,77.02537176217506,0.1147242486752347,0.15257140461623397,339.0854512423499
Simulation_000002,Aluminium 6061,77.02537176217506,0.11861320625744605,0.15257140461623397,339.3072728536829
Simulation_000002,Aluminium 6061,77.02537176217506,0.1225021638396574,0.15257140461623397,339.5226005164445
Simulation_000002,Aluminium 6061,77.02537176217506,0.12639112142186876,0.15257140461623397,339.7278451100287
Simulation_000002,Aluminium 6061,77.02537176217506,0.1302800790040801,0.15257140461623397,339.91899015897013
Simulation_000002,Aluminium 6061,77.02537176217506,0.13416903658629145,0.15257140461623397,340.09169737652775
Simulation_000002,Aluminium 6061,77.02537176217506,0.13805799416850278,0.15257140461623397,340.24148533922437
Simulation_000002,Aluminium 6061,77.02537176217506,0.14194695175071415,0.15257140461623397,340.36398526165806
Simulation_000002,Aluminium 6061,77.02537176217506,0.14583590933292548,0.15257140461623397,340.4552613385112
Simulation_000002,Aluminium 6061,77.02537176217506,0.14972486691513684,0.15257140461623397,340.51216100108064
Simulation_000002,Aluminium 6061,77.02537176217506,0.15361382449734817,0.15257140461623397,340.53263905019685
Simulation_000002,Aluminium 6061,77.02537176217506,0.15750278207955953,0.15257140461623397,340.51598950437216
Simulation_000002,Aluminium 6061,77.02537176217506,0.16139173966177087,0.15257140461623397,340.4629300796928
Simulation_000002,Aluminium 6061,77.02537176217506,0.16528069724398223,0.15257140461623397,340.37551765687283
Simulation_000002,Aluminium 6061,77.02537176217506,0.16916965482619356,0.15257140461623397,340.2569163801105
Simulation_000002,Aluminium 6061,77.02537176217506,0.17305861240840492,0.15257140461623397,340.1110734712932
Simulation_000002,Aluminium 6061,77.02537176217506,0.17694756999061625,0.15257140461623397,339.9423689207803
Simulation_000002,Aluminium 6061,77.02537176217506,0.18083652757282762,0.15257140461623397,339.7552950929699
Simulation_000002,Aluminium 6061,77.02537176217506,0.18472548515503895,0.15257140461623397,339.55420089941606
Simulation_000002,Aluminium 6061,77.02537176217506,0.18861444273725028,0.15257140461623397,339.3431130726708
Simulation_000002,Aluminium 6061,77.02537176217506,0.19250340031946164,0.15257140461623397,339.12563057165585
Simulation_000002,Aluminium 6061,77.02537176217506,0.19639235790167298,0.15257140461623397,338.90487898306543
Simulation_000002,Aluminium 6061,77.02537176217506,0.20028131548388434,0.15257140461623397,338.68350876409556
Simulation_000002,Aluminium 6061,77.02537176217506,0.20417027306609567,0.15257140461623397,338.4637220928267
Simulation_000002,Aluminium 6061,77.02537176217506,0.20805923064830703,0.15257140461623397,338.2473159147553
Simulation_000002,Aluminium 6061,77.02537176217506,0.21194818823051836,0.15257140461623397,338.0357320820816
Simulation_000002,Aluminium 6061,77.02537176217506,0.21583714581272972,0.15257140461623397,337.83010849402456
Simulation_000002,Aluminium 6061,77.02537176217506,0.21972610339494106,0.15257140461623397,337.63132754283225
Simulation_000002,Aluminium 6061,77.02537176217506,0.22361506097715242,0.15257140461623397,337.44005990756654
Simulation_000002,Aluminium 6061,77.02537176217506,0.22750401855936375,0.15257140461623397,337.2568029040093
Simulation_000002,Aluminium 6061,77.02537176217506,0.2313929761415751,0.15257140461623397,337.08191332449155
Simulation_000002,Aluminium 6061,77.02537176217506,0.23528193372378645,0.15257140461623397,336.915635112803
Simulation_000002,Aluminium 6061,77.02537176217506,0.2391708913059978,0.15257140461623397,336.75812242091484
Simulation_000002,Aluminium 6061,77.02537176217506,0.24305984888820914,0.15257140461623397,336.60945866407
Simulation_000002,Aluminium 6061,77.02537176217506,0.2469488064704205,0.15257140461623397,336.4696721834207
Simulation_000002,Aluminium 6061,77.02537176217506,0.2508377640526318,0.15257140461623397,336.3387490769815
Simulation_000002,Aluminium 6061,77.02537176217506,0.25472672163484317,0.15257140461623397,336.21664369297304
Simulation_000002,Aluminium 6061,77.02537176217506,0.2586156792170545,0.15257140461623397,336.10328720824305
Simulation_000002,Aluminium 6061,77.02537176217506,0.26250463679926583,0.15257140461623397,335.99859464590486
Simulation_000002,Aluminium 6061,77.02537176217506,0.2663935943814772,0.15257140461623397,335.90247062437174
Simulation_000002,Aluminium 6061,77.02537176217506,0.27028255196368856,0.15257140461623397,335.8148140760319
Simulation_000002,Aluminium 6061,77.02537176217506,0.27417150954589986,0.15257140461623397,335.735522128057
Simulation_000002,Aluminium 6061,77.02537176217506,0.2780604671281112,0.15257140461623397,335.66449329970743
Simulation_000002,Aluminium 6061,77.02537176217506,0.2819494247103226,0.15257140461623397,335.60163013913586
Simulation_000002,Aluminium 6061,77.02537176217506,0.28583838229253394,0.15257140461623397,335.54684139714067
Simulation_000002,Aluminium 6061,77.02537176217506,0.28972733987474525,0.15257140461623397,335.5000438146364
Simulation_000002,Aluminium 6061,77.02537176217506,0.2936162974569566,0.15257140461623397,335.4611635839409
Simulation_000002,Aluminium 6061,77.02537176217506,0.29750525503916797,0.15257140461623397,335.43013753057016
Simulation_000002,Aluminium 6061,77.02537176217506,0.30139421262137933,0.15257140461623397,335.4069140514291
Simulation_000002,Aluminium 6061,77.02537176217506,0.30528317020359064,0.15257140461623397,335.39145383654164
Simulation_000002,Aluminium 6061,77.02537176217506,0.309172127785802,0.15257140461623397,335.38373039430854
Simulation_000002,Aluminium 6061,77.02537176217506,0.0019444787911056729,0.15513562990390178,335.15816192184315
Simulation_000002,Aluminium 6061,77.02537176217506,0.005833436373317019,0.15513562990390178,335.18168864653546
Simulation_000002,Aluminium 6061,77.02537176217506,0.009722393955528366,0.15513562990390178,335.21278379032236
Simulation_000002,Aluminium 6061,77.02537176217506,0.013611351537739711,0.15513562990390178,335.2514697582427
Simulation_000002,Aluminium 6061,77.02537176217506,0.017500309119951058,0.15513562990390178,335.29777959849486
Simulation_000002,Aluminium 6061,77.02537176217506,0.021389266702162405,0.15513562990390178,335.3517563151625
Simulation_000002,Aluminium 6061,77.02537176217506,0.02527822428437375,0.15513562990390178,335.4134519241883
Simulation_000002,Aluminium 6061,77.02537176217506,0.029167181866585096,0.15513562990390178,335.4829262269892
Simulation_000002,Aluminium 6061,77.02537176217506,0.03305613944879644,0.15513562990390178,335.5602452672628
Simulation_000002,Aluminium 6061,77.02537176217506,0.03694509703100779,0.15513562990390178,335.64547942591634
Simulation_000002,Aluminium 6061,77.02537176217506,0.04083405461321914,0.15513562990390178,335.7387010962049
Simulation_000002,Aluminium 6061,77.02537176217506,0.044723012195430484,0.15513562990390178,335.839981865542
Simulation_000002,Aluminium 6061,77.02537176217506,0.048611969777641824,0.15513562990390178,335.94938911147096
Simulation_000002,Aluminium 6061,77.02537176217506,0.05250092735985317,0.15513562990390178,336.06698189634164
Simulation_000002,Aluminium 6061,77.02537176217506,0.05638988494206452,0.15513562990390178,336.19280601770674
Simulation_000002,Aluminium 6061,77.02537176217506,0.060278842524275865,0.15513562990390178,336.3268880388504
Simulation_000002,Aluminium 6061,77.02537176217506,0.0641678001064872,0.15513562990390178,336.4692280859008
Simulation_000002,Aluminium 6061,77.02537176217506,0.06805675768869855,0.15513562990390178,336.6197911549046
Simulation_000002,Aluminium 6061,77.02537176217506,0.0719457152709099,0.15513562990390178,336.7784966251567
Simulation_000002,Aluminium 6061,77.02537176217506,0.07583467285312125,0.15513562990390178,336.94520562658863
Simulation_000002,Aluminium 6061,77.02537176217506,0.0797236304353326,0.15513562990390178,337.1197058641353
Simulation_000002,Aluminium 6061,77.02537176217506,0.08361258801754394,0.15513562990390178,337.3016934694453
Simulation_000002,Aluminium 6061,77.02537176217506,0.08750154559975529,0.15513562990390178,337.4907514443527
Simulation_000002,Aluminium 6061,77.02537176217506,0.09139050318196663,0.15513562990390178,337.6863243033978
Simulation_000002,Aluminium 6061,77.02537176217506,0.09527946076417797,0.15513562990390178,337.88768864735056
Simulation_000002,Aluminium 6061,77.02537176217506,0.09916841834638931,0.15513562990390178,338.09391965283817
Simulation_000002,Aluminium 6061,77.02537176217506,0.10305737592860066,0.15513562990390178,338.30385390699587
Simulation_000002,Aluminium 6061,77.02537176217506,0.10694633351081201,0.15513562990390178,338.51604972702637
Simulation_000002,Aluminium 6061,77.02537176217506,0.11083529109302336,0.15513562990390178,338.728747164948
Simulation_000002,Aluminium 6061,77.02537176217506,0.1147242486752347,0.15513562990390178,338.9398313744039
Simulation_000002,Aluminium 6061,77.02537176217506,0.11861320625744605,0.15513562990390178,339.1468049180686
Simulation_000002,Aluminium 6061,77.02537176217506,0.1225021638396574,0.15513562990390178,339.3467768013741
Simulation_000002,Aluminium 6061,77.02537176217506,0.12639112142186876,0.15513562990390178,339.5364781839194
Simulation_000002,Aluminium 6061,77.02537176217506,0.1302800790040801,0.15513562990390178,339.7123161616156
Simulation_000002,Aluminium 6061,77.02537176217506,0.13416903658629145,0.15513562990390178,339.870476654642
Simulation_000002,Aluminium 6061,77.02537176217506,0.13805799416850278,0.15513562990390178,340.00708391521323
Simulation_000002,Aluminium 6061,77.02537176217506,0.14194695175071415,0.15513562990390178,340.1184162568944
Simulation_000002,Aluminium 6061,77.02537176217506,0.14583590933292548,0.15513562990390178,340.201165055318
Simulation_000002,Aluminium 6061,77.02537176217506,0.14972486691513684,0.15513562990390178,340.252708724183
Simulation_000002,Aluminium 6061,77.02537176217506,0.15361382449734817,0.15513562990390178,340.27135989813604
Simulation_000002,Aluminium 6061,77.02537176217506,0.15750278207955953,0.15513562990390178,340.2565391410191
Simulation_000002,Aluminium 6061,77.02537176217506,0.16139173966177087,0.15513562990390178,340.20883765694714
Simulation_000002,Aluminium 6061,77.02537176217506,0.16528069724398223,0.15513562990390178,340.129954526666
Simulation_000002,Aluminium 6061,77.02537176217506,0.16916965482619356,0.15513562990390178,340.0225229468061
Simulation_000002,Aluminium 6061,77.02537176217506,0.17305861240840492,0.15513562990390178,339.8898629946348
Simulation_000002,Aluminium 6061,77.02537176217506,0.17694756999061625,0.15513562990390178,339.7357075998994
Simulation_000002,Aluminium 6061,77.02537176217506,0.18083652757282762,0.15513562990390178,339.56394349224223
Simulation_000002,Aluminium 6061,77.02537176217506,0.18472548515503895,0.15513562990390178,339.3783954204049
Simulation_000002,Aluminium 6061,77.02537176217506,0.18861444273725028,0.15513562990390178,339.1826665934753
Simulation_000002,Aluminium 6061,77.02537176217506,0.19250340031946164,0.15513562990390178,338.98003574257007
Simulation_000002,Aluminium 6061,77.02537176217506,0.19639235790167298,0.15513562990390178,338.7734032890952
Simulation_000002,Aluminium 6061,77.02537176217506,0.20028131548388434,0.15513562990390178,338.56527558467747
Simulation_000002,Aluminium 6061,77.02537176217506,0.20417027306609567,0.15513562990390178,338.3577758299023
Simulation_000002,Aluminium 6061,77.02537176217506,0.20805923064830703,0.15513562990390178,338.1526717207062
Simulation_000002,Aluminium 6061,77.02537176217506,0.21194818823051836,0.15513562990390178,337.95141203693555
Simulation_000002,Aluminium 6061,77.02537176217506,0.21583714581272972,0.15513562990390178,337.7551665947974
Simulation_000002,Aluminium 6061,77.02537176217506,0.21972610339494106,0.15513562990390178,337.56486588661
Simulation_000002,Aluminium 6061,77.02537176217506,0.22361506097715242,0.15513562990390178,337.381238207882
Simulation_000002,Aluminium 6061,77.02537176217506,0.22750401855936375,0.15513562990390178,337.2048431321647
Simulation_000002,Aluminium 6061,77.02537176217506,0.2313929761415751,0.15513562990390178,337.0361009051073
Simulation_000002,Aluminium 6061,77.02537176217506,0.23528193372378645,0.15513562990390178,336.8753177729875
Simulation_000002,Aluminium 6061,77.02537176217506,0.2391708913059978,0.15513562990390178,336.7227075141531
Simulation_000002,Aluminium 6061,77.02537176217506,0.24305984888820914,0.15513562990390178,336.5784095664955
Simulation_000002,Aluminium 6061,77.02537176217506,0.2469488064704205,0.15513562990390178,336.44250418696197
Simulation_000002,Aluminium 6061,77.02537176217506,0.2508377640526318,0.15513562990390178,336.31502507318106
Simulation_000002,Aluminium 6061,77.02537176217506,0.25472672163484317,0.15513562990390178,336.195969844737
Simulation_000002,Aluminium 6061,77.02537176217506,0.2586156792170545,0.15513562990390178,336.0853087367605
Simulation_000002,Aluminium 6061,77.02537176217506,0.26250463679926583,0.15513562990390178,335.9829918100292
Simulation_000002,Aluminium 6061,77.02537176217506,0.2663935943814772,0.15513562990390178,335.88895493471045
Simulation_000002,Aluminium 6061,77.02537176217506,0.27028255196368856,0.15513562990390178,335.80312476182553
Simulation_000002,Aluminium 6061,77.02537176217506,0.27417150954589986,0.15513562990390178,335.725422858594
Simulation_000002,Aluminium 6061,77.02537176217506,0.2780604671281112,0.15513562990390178,335.6557691512535
Simulation_000002,Aluminium 6061,77.02537176217506,0.2819494247103226,0.15513562990390178,335.5940847914853
Simulation_000002,Aluminium 6061,77.02537176217506,0.28583838229253394,0.15513562990390178,335.54029453971623
Simulation_000002,Aluminium 6061,77.02537176217506,0.28972733987474525,0.15513562990390178,335.4943287396967
Simulation_000002,Aluminium 6061,77.02537176217506,0.2936162974569566,0.15513562990390178,335.456124943289
Simulation_000002,Aluminium 6061,77.02537176217506,0.29750525503916797,0.15513562990390178,335.42562923174324
Simulation_000002,Aluminium 6061,77.02537176217506,0.30139421262137933,0.15513562990390178,335.40279726938655
Simulation_000002,Aluminium 6061,77.02537176217506,0.30528317020359064,0.15513562990390178,335.3875951171373
Simulation_000002,Aluminium 6061,77.02537176217506,0.309172127785802,0.15513562990390178,335.37999982618385
Simulation_000002,Aluminium 6061,77.02537176217506,0.0019444787911056729,0.15769985519156957,335.15351025184935
Simulation_000002,Aluminium 6061,77.02537176217506,0.005833436373317019,0.15769985519156957,335.17689438878017
Simulation_000002,Aluminium 6061,77.02537176217506,0.009722393955528366,0.15769985519156957,335.20770243911556
Simulation_000002,Aluminium 6061,77.02537176217506,0.013611351537739711,0.15769985519156957,335.2459529497486
Simulation_000002,Aluminium 6061,77.02537176217506,0.017500309119951058,0.15769985519156957,335.29167312596775
Simulation_000002,Aluminium 6061,77.02537176217506,0.021389266702162405,0.15769985519156957,335.34489807747565
Simulation_000002,Aluminium 6061,77.02537176217506,0.02527822428437375,0.15769985519156957,335.4056697857187
Simulation_000002,Aluminium 6061,77.02537176217506,0.029167181866585096,0.15769985519156957,335.47403576739197
Simulation_000002,Aluminium 6061,77.02537176217506,0.03305613944879644,0.15769985519156957,335.5500474005413
Simulation_000002,Aluminium 6061,77.02537176217506,0.03694509703100779,0.15769985519156957,335.6337578697124
Simulation_000002,Aluminium 6061,77.02537176217506,0.04083405461321914,0.15769985519156957,335.7252196747269
Simulation_000002,Aluminium 6061,77.02537176217506,0.044723012195430484,0.15769985519156957,335.8244816334801
Simulation_000002,Aluminium 6061,77.02537176217506,0.048611969777641824,0.15769985519156957,335.9315852922568
Simulation_000002,Aluminium 6061,77.02537176217506,0.05250092735985317,0.15769985519156957,336.04656063705244
Simulation_000002,Aluminium 6061,77.02537176217506,0.05638988494206452,0.15769985519156957,336.16942097597223
Simulation_000002,Aluminium 6061,77.02537176217506,0.060278842524275865,0.15769985519156957,336.3001568358404
Simulation_000002,Aluminium 6061,77.02537176217506,0.0641678001064872,0.15769985519156957,336.4387286859209
Simulation_000002,Aluminium 6061,77.02537176217506,0.06805675768869855,0.15769985519156957,336.5850582689639
Simulation_000002,Aluminium 6061,77.02537176217506,0.0719457152709099,0.15769985519156957,336.73901828646586
Simulation_000002,Aluminium 6061,77.02537176217506,0.07583467285312125,0.15769985519156957,336.90042015443566
Simulation_000002,Aluminium 6061,77.02537176217506,0.0797236304353326,0.15769985519156957,337.0689995237892
Simulation_000002,Aluminium 6061,77.02537176217506,0.08361258801754394,0.15769985519156957,337.24439925488355
Simulation_000002,Aluminium 6061,77.02537176217506,0.08750154559975529,0.15769985519156957,337.42614956257916
Simulation_000002,Aluminium 6061,77.02537176217506,0.09139050318196663,0.15769985519156957,337.6136451269943
Simulation_000002,Aluminium 6061,77.02537176217506,0.09527946076417797,0.15769985519156957,337.80611912436154
Simulation_000002,Aluminium 6061,77.02537176217506,0.09916841834638931,0.15769985519156957,338.0026144100697
Simulation_000002,Aluminium 6061,77.02537176217506,0.10305737592860066,0.15769985519156957,338.20195252905336
Simulation_000002,Aluminium 6061,77.02537176217506,0.10694633351081201,0.15769985519156957,338.4027018893904
Simulation_000002,Aluminium 6061,77.02537176217506,0.11083529109302336,0.15769985519156957,338.60314736049764
Simulation_000002,Aluminium 6061,77.02537176217506,0.1147242486752347,0.15769985519156957,338.8012647692449
Simulation_000002,Aluminium 6061,77.02537176217506,0.11861320625744605,0.15769985519156957,338.9947052262455
Simulation_000002,Aluminium 6061,77.02537176217506,0.1225021638396574,0.15769985519156957,339.1807957681865
Simulation_000002,Aluminium 6061,77.02537176217506,0.12639112142186876,0.15769985519156957,339.356564121957
Simulation_000002,Aluminium 6061,77.02537176217506,0.1302800790040801,0.15769985519156957,339.51879592522295
Simulation_000002,Aluminium 6061,77.02537176217506,0.13416903658629145,0.15769985519156957,339.66413169389955
Simulation_000002,Aluminium 6061,77.02537176217506,0.13805799416850278,0.15769985519156957,339.7892073379731
Simulation_000002,Aluminium 6061,77.02537176217506,0.14194695175071415,0.15769985519156957,339.8908354769217
Simulation_000002,Aluminium 6061,77.02537176217506,0.14583590933292548,0.15769985519156957,339.9662154022552
Simulation_000002,Aluminium 6061,77.02537176217506,0.14972486691513684,0.15769985519156957,340.01314893300446
Simulation_000002,Aluminium 6061,77.02537176217506,0.15361382449734817,0.15769985519156957,340.0302309443297
Simulation_000002,Aluminium 6061,77.02537176217506,0.15750278207955953,0.15769985519156957,340.01698124944596
Simulation_000002,Aluminium 6061,77.02537176217506,0.16139173966177087,0.15769985519156957,339.9738918362394
Simulation_000002,Aluminium 6061,77.02537176217506,0.16528069724398223,0.15769985519156957,339.9023795785734
Simulation_000002,Aluminium 6061,77.02537176217506,0.16916965482619356,0.15769985519156957,339.8046543023584
Simulation_000002,Aluminium 6061,77.02537176217506,0.17305861240840492,0.15769985519156957,339.68352820508335
Simulation_000002,Aluminium 6061,77.02537176217506,0.17694756999061625,0.15769985519156957,339.5421999486945
Simulation_000002,Aluminium 6061,77.02537176217506,0.18083652757282762,0.15769985519156957,339.38404464574063
Simulation_000002,Aluminium 6061,77.02537176217506,0.18472548515503895,0.15769985519156957,339.21243249305866
Simulation_000002,Aluminium 6061,77.02537176217506,0.18861444273725028,0.15769985519156957,339.03058820559505
Simulation_000002,Aluminium 6061,77.02537176217506,0.19250340031946164,0.15769985519156957,338.8414939992502
Simulation_000002,Aluminium 6061,77.02537176217506,0.19639235790167298,0.15769985519156957,338.64783232144805
Simulation_000002,Aluminium 6061,77.02537176217506,0.20028131548388434,0.15769985519156957,338.45196103915646
Simulation_000002,Aluminium 6061,77.02537176217506,0.20417027306609567,0.15769985519156957,338.25591274990796
Simulation_000002,Aluminium 6061,77.02537176217506,0.20805923064830703,0.15769985519156957,338.06141041028746
Simulation_000002,Aluminium 6061,77.02537176217506,0.21194818823051836,0.15769985519156957,337.8698927962708
Simulation_000002,Aluminium 6061,77.02537176217506,0.21583714581272972,0.15769985519156957,337.68254486343056
Simulation_000002,Aluminium 6061,77.02537176217506,0.21972610339494106,0.15769985519156957,337.5003295339887
Simulation_000002,Aluminium 6061,77.02537176217506,0.22361506097715242,0.15769985519156957,337.3240186496496
Simulation_000002,Aluminium 6061,77.02537176217506,0.22750401855936375,0.15769985519156957,337.1542217547036
Simulation_000002,Aluminium 6061,77.02537176217506,0.2313929761415751,0.15769985519156957,336.9914120346119
Simulation_000002,Aluminium 6061,77.02537176217506,0.23528193372378645,0.15769985519156957,336.8359491783864
Simulation_000002,Aluminium 6061,77.02537176217506,0.2391708913059978,0.15769985519156957,336.6880992107715
Simulation_000002,Aluminium 6061,77.02537176217506,0.24305984888820914,0.15769985519156957,336.5480514995052
Simulation_000002,Aluminium 6061,77.02537176217506,0.2469488064704205,0.15769985519156957,336.4159332217283
Simulation_000002,Aluminium 6061,77.02537176217506,0.2508377640526318,0.15769985519156957,336.2918216005094
Simulation_000002,Aluminium 6061,77.02537176217506,0.25472672163484317,0.15769985519156957,336.1757542178622
Simulation_000002,Aluminium 6061,77.02537176217506,0.2586156792170545,0.15769985519156957,336.06773768847995
Simulation_000002,Aluminium 6061,77.02537176217506,0.26250463679926583,0.15769985519156957,335.9677549478413
Simulation_000002,Aluminium 6061,77.02537176217506,0.2663935943814772,0.15769985519156957,335.8757713750391
Simulation_000002,Aluminium 6061,77.02537176217506,0.27028255196368856,0.15769985519156957,335.79173993803073
Simulation_000002,Aluminium 6061,77.02537176217506,0.27417150954589986,0.15769985519156957,335.7156055188164
Simulation_000002,Aluminium 6061,77.02537176217506,0.2780604671281112,0.15769985519156957,335.6473085491646
Simulation_000002,Aluminium 6061,77.02537176217506,0.2819494247103226,0.15769985519156957,335.5867880641566
Simulation_000002,Aluminium 6061,77.02537176217506,0.28583838229253394,0.15769985519156957,335.53398426090445
Simulation_000002,Aluminium 6061,77.02537176217506,0.28972733987474525,0.15769985519156957,335.48884063301364
Simulation_000002,Aluminium 6061,77.02537176217506,0.2936162974569566,0.15769985519156957,335.45130573733525
Simulation_000002,Aluminium 6061,77.02537176217506,0.29750525503916797,0.15769985519156957,335.4213346378798
Simulation_000002,Aluminium 6061,77.02537176217506,0.30139421262137933,0.15769985519156957,335.3988900620594
Simulation_000002,Aluminium 6061,77.02537176217506,0.30528317020359064,0.15769985519156957,335.3839432963157
Simulation_000002,Aluminium 6061,77.02537176217506,0.309172127785802,0.15769985519156957,335.37647484135636
Simulation_000002,Aluminium 6061,77.02537176217506,0.0019444787911056729,0.16026408047923738,335.1491321629495
Simulation_000002,Aluminium 6061,77.02537176217506,0.005833436373317019,0.16026408047923738,335.17237610746355
Simulation_000002,Aluminium 6061,77.02537176217506,0.009722393955528366,0.16026408047923738,335.20290192117665
Simulation_000002,Aluminium 6061,77.02537176217506,0.013611351537739711,0.16026408047923738,335.24072442778197
Simulation_000002,Aluminium 6061,77.02537176217506,0.017500309119951058,0.16026408047923738,335.2858651988607
Simulation_000002,Aluminium 6061,77.02537176217506,0.021389266702162405,0.16026408047923738,335.3383517416652
Simulation_000002,Aluminium 6061,77.02537176217506,0.02527822428437375,0.16026408047923738,335.39821638966896
Simulation_000002,Aluminium 6061,77.02537176217506,0.029167181866585096,0.16026408047923738,335.4654948717197
Simulation_000002,Aluminium 6061,77.02537176217506,0.03305613944879644,0.16026408047923738,335.54022452775007
Simulation_000002,Aluminium 6061,77.02537176217506,0.03694509703100779,0.16026408047923738,335.6224421298343
Simulation_000002,Aluminium 6061,77.02537176217506,0.04083405461321914,0.16026408047923738,335.71218125665894
Simulation_000002,Aluminium 6061,77.02537176217506,0.044723012195430484,0.16026408047923738,335.80946915690777
Simulation_000002,Aluminium 6061,77.02537176217506,0.048611969777641824,0.16026408047923738,335.9143230224044
Simulation_000002,Aluminium 6061,77.02537176217506,0.05250092735985317,0.16026408047923738,336.02674557491474
Simulation_000002,Aluminium 6061,77.02537176217506,0.05638988494206452,0.16026408047923738,336.14671985125625
Simulation_000002,Aluminium 6061,77.02537176217506,0.060278842524275865,0.16026408047923738,336.2742030499855
Simulation_000002,Aluminium 6061,77.02537176217506,0.0641678001064872,0.16026408047923738,336.40911928006716
Simulation_000002,Aluminium 6061,77.02537176217506,0.06805675768869855,0.16026408047923738,336.55135102883565
Simulation_000002,Aluminium 6061,77.02537176217506,0.0719457152709099,0.16026408047923738,336.70072914553174
Simulation_000002,Aluminium 6061,77.02537176217506,0.07583467285312125,0.16026408047923738,336.85702112150733
Simulation_000002,Aluminium 6061,77.02537176217506,0.0797236304353326,0.16026408047923738,337.0199174447791
Simulation_000002,Aluminium 6061,77.02537176217506,0.08361258801754394,0.16026408047923738,337.1890158238741
Simulation_000002,Aluminium 6061,77.02537176217506,0.08750154559975529,0.16026408047923738,337.36380312674424
Simulation_000002,Aluminium 6061,77.02537176217506,0.09139050318196663,0.16026408047923738,337.54363498278553
Simulation_000002,Aluminium 6061,77.02537176217506,0.09527946076417797,0.16026408047923738,337.7277131733195
Simulation_000002,Aluminium 6061,77.02537176217506,0.09916841834638931,0.16026408047923738,337.9150612176715
Simulation_000002,Aluminium 6061,77.02537176217506,0.10305737592860066,0.16026408047923738,338.1044989816168
Simulation_000002,Aluminium 6061,77.02537176217506,0.10694633351081201,0.16026408047923738,338.2946177248727
Simulation_000002,Aluminium 6061,77.02537176217506,0.11083529109302336,0.16026408047923738,338.4837577856008
Simulation_000002,Aluminium 6061,77.02537176217506,0.1147242486752347,0.16026408047923738,338.66999206428306
Simulation_000002,Aluminium 6061,77.02537176217506,0.11861320625744605,0.16026408047923738,338.85111955176853
Simulation_000002,Aluminium 6061,77.02537176217506,0.1225021638396574,0.16026408047923738,339.0246741890885
Simulation_000002,Aluminium 6061,77.02537176217506,0.12639112142186876,0.16026408047923738,339.1879550630679
Simulation_000002,Aluminium 6061,77.02537176217506,0.1302800790040801,0.16026408047923738,339.3380838978695
Simulation_000002,Aluminium 6061,77.02537176217506,0.13416903658629145,0.16026408047923738,339.47209445117943
Simulation_000002,Aluminium 6061,77.02537176217506,0.13805799416850278,0.16026408047923738,339.58705523479654
Simulation_000002,Aluminium 6061,77.02537176217506,0.14194695175071415,0.16026408047923738,339.6802217009694
Simulation_000002,Aluminium 6061,77.02537176217506,0.14583590933292548,0.16026408047923738,339.74920706047317
Simulation_000002,Aluminium 6061,77.02537176217506,0.14972486691513684,0.16026408047923738,339.7921535915515
Simulation_000002,Aluminium 6061,77.02537176217506,0.15361382449734817,0.16026408047923738,339.80788100092815
Simulation_000002,Aluminium 6061,77.02537176217506,0.15750278207955953,0.16026408047923738,339.79598778289267
Simulation_000002,Aluminium 6061,77.02537176217506,0.16139173966177087,0.16026408047923738,339.7568872769949
Simulation_000002,Aluminium 6061,77.02537176217506,0.16528069724398223,0.16026408047923738,339.69177155875457
Simulation_000002,Aluminium 6061,77.02537176217506,0.16916965482619356,0.16026408047923738,339.6025100290578
Simulation_000002,Aluminium 6061,77.02537176217506,0.17305861240840492,0.16026408047923738,339.4915010017863
Simulation_000002,Aluminium 6061,77.02537176217506,0.17694756999061625,0.16026408047923738,339.36150034376374
Simulation_000002,Aluminium 6061,77.02537176217506,0.18083652757282762,0.16026408047923738,339.21545060590995
Simulation_000002,Aluminium 6061,77.02537176217506,0.18472548515503895,0.16026408047923738,339.05632878659026
Simulation_000002,Aluminium 6061,77.02537176217506,0.18861444273725028,0.16026408047923738,338.88702356129
Simulation_000002,Aluminium 6061,77.02537176217506,0.19250340031946164,0.16026408047923738,338.7102458374176
Simulation_000002,Aluminium 6061,77.02537176217506,0.19639235790167298,0.16026408047923738,338.5284712146323
Simulation_000002,Aluminium 6061,77.02537176217506,0.20028131548388434,0.16026408047923738,338.3439097421799
Simulation_000002,Aluminium 6061,77.02537176217506,0.20417027306609567,0.16026408047923738,338.15849701330325
Simulation_000002,Aluminium 6061,77.02537176217506,0.20805923064830703,0.16026408047923738,337.9739005929401
Simulation_000002,Aluminium 6061,77.02537176217506,0.21194818823051836,0.16026408047923738,337.7915364913689
Simulation_000002,Aluminium 6061,77.02537176217506,0.21583714581272972,0.16026408047923738,337.6125914392945
Simulation_000002,Aluminium 6061,77.02537176217506,0.21972610339494106,0.16026408047923738,337.438047802325
Simulation_000002,Aluminium 6061,77.02537176217506,0.22361506097715242,0.16026408047923738,337.26870893721843
Simulation_000002,Aluminium 6061,77.02537176217506,0.22750401855936375,0.16026408047923738,337.10522357358974
Simulation_000002,Aluminium 6061,77.02537176217506,0.2313929761415751,0.16026408047923738,336.9481083947014
Simulation_000002,Aluminium 6061,77.02537176217506,0.23528193372378645,0.16026408047923738,336.79776841062466
Simulation_000002,Aluminium 6061,77.02537176217506,0.2391708913059978,0.16026408047923738,336.65451499885774
Simulation_000002,Aluminium 6061,77.02537176217506,0.24305984888820914,0.16026408047923738,336.5185816648354
Simulation_000002,Aluminium 6061,77.02537176217506,0.2469488064704205,0.16026408047923738,336.39013767704324
Simulation_000002,Aluminium 6061,77.02537176217506,0.2508377640526318,0.16026408047923738,336.26929978230964
Simulation_000002,Aluminium 6061,77.02537176217506,0.25472672163484317,0.16026408047923738,336.15614222413313
Simulation_000002,Aluminium 6061,77.02537176217506,0.2586156792170545,0.16026408047923738,336.050705283515
Simulation_000002,Aluminium 6061,77.02537176217506,0.26250463679926583,0.16026408047923738,335.953002546604
Simulation_000002,Aluminium 6061,77.02537176217506,0.2663935943814772,0.16026408047923738,335.86302708246444
Simulation_000002,Aluminium 6061,77.02537176217506,0.27028255196368856,0.16026408047923738,335.78075669122086
Simulation_000002,Aluminium 6061,77.02537176217506,0.27417150954589986,0.16026408047923738,335.7061583600128
Simulation_000002,Aluminium 6061,77.02537176217506,0.2780604671281112,0.16026408047923738,335.6391920428723
Simulation_000002,Aluminium 6061,77.02537176217506,0.2819494247103226,0.16026408047923738,335.5798138614563
Simulation_000002,Aluminium 6061,77.02537176217506,0.28583838229253394,0.16026408047923738,335.5279788067191
Simulation_000002,Aluminium 6061,77.02537176217506,0.28972733987474525,0.16026408047923738,335.4836430070752
Simulation_000002,Aluminium 6061,77.02537176217506,0.2936162974569566,0.16026408047923738,335.4467656161911
Simulation_000002,Aluminium 6061,77.02537176217506,0.29750525503916797,0.16026408047923738,335.4173103630258
Simulation_000002,Aluminium 6061,77.02537176217506,0.30139421262137933,0.16026408047923738,335.3952467978354
Simulation_000002,Aluminium 6061,77.02537176217506,0.30528317020359064,0.16026408047923738,335.3805512602974
Simulation_000002,Aluminium 6061,77.02537176217506,0.309172127785802,0.16026408047923738,335.37320758944213
Simulation_000002,Aluminium 6061,77.02537176217506,0.0019444787911056729,0.16282830576690516,335.145085354215
Simulation_000002,Aluminium 6061,77.02537176217506,0.005833436373317019,0.16282830576690516,335.16819229836716
Simulation_000002,Aluminium 6061,77.02537176217506,0.009722393955528366,0.16282830576690516,335.19844233429126
Simulation_000002,Aluminium 6061,77.02537176217506,0.013611351537739711,0.16282830576690516,335.2358467145276
Simulation_000002,Aluminium 6061,77.02537176217506,0.017500309119951058,0.16282830576690516,335.2804216116256
Simulation_000002,Aluminium 6061,77.02537176217506,0.021389266702162405,0.16282830576690516,335.33218725590564
Simulation_000002,Aluminium 6061,77.02537176217506,0.02527822428437375,0.16282830576690516,335.391166760666
Simulation_000002,Aluminium 6061,77.02537176217506,0.029167181866585096,0.16282830576690516,335.4573846120776
Simulation_000002,Aluminium 6061,77.02537176217506,0.03305613944879644,0.16282830576690516,335.53086479379704
Simulation_000002,Aluminium 6061,77.02537176217506,0.03694509703100779,0.16282830576690516,335.61162850809933
Simulation_000002,Aluminium 6061,77.02537176217506,0.04083405461321914,0.16282830576690516,335.69969144587805
Simulation_000002,Aluminium 6061,77.02537176217506,0.044723012195430484,0.16282830576690516,335.7950605470219
Simulation_000002,Aluminium 6061,77.02537176217506,0.048611969777641824,0.16282830576690516,335.8977301803346
Simulation_000002,Aluminium 6061,77.02537176217506,0.05250092735985317,0.16282830576690516,336.00767765831597
Simulation_000002,Aluminium 6061,77.02537176217506,0.05638988494206452,0.16282830576690516,336.1248579869299
Simulation_000002,Aluminium 6061,77.02537176217506,0.060278842524275865,0.16282830576690516,336.2491977344082
Simulation_000002,Aluminium 6061,77.02537176217506,0.0641678001064872,0.16282830576690516,336.3805878870759
Simulation_000002,Aluminium 6061,77.02537176217506,0.06805675768869855,0.16282830576690516,336.5188755456943
Simulation_000002,Aluminium 6061,77.02537176217506,0.0719457152709099,0.16282830576690516,336.6638543054394
Simulation_000002,Aluminium 6061,77.02537176217506,0.07583467285312125,0.16282830576690516,336.8152531602805
Simulation_000002,Aluminium 6061,77.02537176217506,0.0797236304353326,0.16282830576690516,336.9727237839791
Simulation_000002,Aluminium 6061,77.02537176217506,0.08361258801754394,0.16282830576690516,337.13582607347763
Simulation_000002,Aluminium 6061,77.02537176217506,0.08750154559975529,0.16282830576690516,337.3040119074621
Simulation_000002,Aluminium 6061,77.02537176217506,0.09139050318196663,0.16282830576690516,337.4766071883524
Simulation_000002,Aluminium 6061,77.02537176217506,0.09527946076417797,0.16282830576690516,337.65279241859184
Simulation_000002,Aluminium 6061,77.02537176217506,0.09916841834638931,0.16282830576690516,337.83158233346705
Simulation_000002,Aluminium 6061,77.02537176217506,0.10305737592860066,0.16282830576690516,338.0118054947871
Simulation_000002,Aluminium 6061,77.02537176217506,0.10694633351081201,0.16282830576690516,338.1920852596982
Simulation_000002,Aluminium 6061,77.02537176217506,0.11083529109302336,0.16282830576690516,338.37082417954036
Simulation_000002,Aluminium 6061,77.02537176217506,0.1147242486752347,0.16282830576690516,338.546194628813
Simulation_000002,Aluminium 6061,77.02537176217506,0.11861320625744605,0.16282830576690516,338.71613923880267
Simulation_000002,Aluminium 6061,77.02537176217506,0.1225021638396574,0.16282830576690516,338.87838536707534
Simulation_000002,Aluminium 6061,77.02537176217506,0.12639112142186876,0.16282830576690516,339.03047813566315
Simulation_000002,Aluminium 6061,77.02537176217506,0.1302800790040801,0.16282830576690516,339.1698361920235
Simulation_000002,Aluminium 6061,77.02537176217506,0.13416903658629145,0.16282830576690516,339.29383291858227
Simulation_000002,Aluminium 6061,77.02537176217506,0.13805799416850278,0.16282830576690516,339.3999030373441
Simulation_000002,Aluminium 6061,77.02537176217506,0.14194695175071415,0.16282830576690516,339.4856703787355
Simulation_000002,Aluminium 6061,77.02537176217506,0.14583590933292548,0.16282830576690516,339.5490874432775
Simulation_000002,Aluminium 6061,77.02537176217506,0.14972486691513684,0.16282830576690516,339.5885723550817
Simulation_000002,Aluminium 6061,77.02537176217506,0.15361382449734817,0.16282830576690516,339.60312551357504
Simulation_000002,Aluminium 6061,77.02537176217506,0.15750278207955953,0.16282830576690516,339.592408385966
Simulation_000002,Aluminium 6061,77.02537176217506,0.16139173966177087,0.16282830576690516,339.55677137102805
Simulation_000002,Aluminium 6061,77.02537176217506,0.16528069724398223,0.16282830576690516,339.49722588419314
Simulation_000002,Aluminium 6061,77.02537176217506,0.16916965482619356,0.16282830576690516,339.4153655140463
Simulation_000002,Aluminium 6061,77.02537176217506,0.17305861240840492,0.16282830576690516,339.3132493197342
Simulation_000002,Aluminium 6061,77.02537176217506,0.17694756999061625,0.16282830576690516,339.19326482686705
Simulation_000002,Aluminium 6061,77.02537176217506,0.18083652757282762,0.16282830576690516,339.05798841561386
Simulation_000002,Aluminium 6061,77.02537176217506,0.18472548515503895,0.16282830576690516,338.9100575021151
Simulation_000002,Aluminium 6061,77.02537176217506,0.18861444273725028,0.16282830576690516,338.7520638847462
Simulation_000002,Aluminium 6061,77.02537176217506,0.19250340031946164,0.16282830576690516,338.5864724862202
Simulation_000002,Aluminium 6061,77.02537176217506,0.19639235790167298,0.16282830576690516,338.4155655452179
Simulation_000002,Aluminium 6061,77.02537176217506,0.20028131548388434,0.16282830576690516,338.2414095319276
Simulation_000002,Aluminium 6061,77.02537176217506,0.20417027306609567,0.16282830576690516,338.06584063363994
Simulation_000002,Aluminium 6061,77.02537176217506,0.20805923064830703,0.16282830576690516,337.89046427781005
Simulation_000002,Aluminium 6061,77.02537176217506,0.21194818823051836,0.16282830576690516,337.7166644616625
Simulation_000002,Aluminium 6061,77.02537176217506,0.21583714581272972,0.16282830576690516,337.5456193140846
Simulation_000002,Aluminium 6061,77.02537176217506,0.21972610339494106,0.16282830576690516,337.3783200900724
Simulation_000002,Aluminium 6061,77.02537176217506,0.22361506097715242,0.16282830576690516,337.21559154318305
Simulation_000002,Aluminium 6061,77.02537176217506,0.22750401855936375,0.16282830576690516,337.05811226210324
Simulation_000002,Aluminium 6061,77.02537176217506,0.2313929761415751,0.16282830576690516,336.906434067421
Simulation_000002,Aluminium 6061,77.02537176217506,0.23528193372378645,0.16282830576690516,336.7609999468145
Simulation_000002,Aluminium 6061,77.02537176217506,0.2391708913059978,0.16282830576690516,336.62216027825394
Simulation_000002,Aluminium 6061,77.02537176217506,0.24305984888820914,0.16282830576690516,336.4901872734626
Simulation_000002,Aluminium 6061,77.02537176217506,0.2469488064704205,0.16282830576690516,336.3652876893738
Simulation_000002,Aluminium 6061,77.02537176217506,0.2508377640526318,0.16282830576690516,336.24761392236525
Simulation_000002,Aluminium 6061,77.02537176217506,0.25472672163484317,0.16282830576690516,336.1372736336251
Simulation_000002,Aluminium 6061,77.02537176217506,0.2586156792170545,0.16282830576690516,336.0343380654911
Simulation_000002,Aluminium 6061,77.02537176217506,0.26250463679926583,0.16282830576690516,335.9388492062789
Simulation_000002,Aluminium 6061,77.02537176217506,0.2663935943814772,0.16282830576690516,335.8508259507739
Simulation_000002,Aluminium 6061,77.02537176217506,0.27028255196368856,0.16282830576690516,335.7702693891123
Simulation_000002,Aluminium 6061,77.02537176217506,0.27417150954589986,0.16282830576690516,335.6971673407616
Simulation_000002,Aluminium 6061,77.02537176217506,0.2780604671281112,0.16282830576690516,335.6314982342972
Simulation_000002,Aluminium 6061,77.02537176217506,0.2819494247103226,0.16282830576690516,335.5732344185526
Simulation_000002,Aluminium 6061,77.02537176217506,0.28583838229253394,0.16282830576690516,335.5223449769718
Simulation_000002,Aluminium 6061,77.02537176217506,0.28972733987474525,0.16282830576690516,335.4787981047688
Simulation_000002,Aluminium 6061,77.02537176217506,0.2936162974569566,0.16282830576690516,335.4425630978183
Simulation_000002,Aluminium 6061,77.02537176217506,0.29750525503916797,0.16282830576690516,335.41361199294266
Simulation_000002,Aluminium 6061,77.02537176217506,0.30139421262137933,0.16282830576690516,335.39192089128187
Simulation_000002,Aluminium 6061,77.02537176217506,0.30528317020359064,0.16282830576690516,335.37747098953264
Simulation_000002,Aluminium 6061,77.02537176217506,0.309172127785802,0.16282830576690516,335.3702493378419
Simulation_000002,Aluminium 6061,77.02537176217506,0.0019444787911056729,0.16539253105457297,335.1414261734617
Simulation_000002,Aluminium 6061,77.02537176217506,0.005833436373317019,0.16539253105457297,335.164400073717
Simulation_000002,Aluminium 6061,77.02537176217506,0.009722393955528366,0.16539253105457297,335.19438232695614
Simulation_000002,Aluminium 6061,77.02537176217506,0.013611351537739711,0.16539253105457297,335.2313807814075
Simulation_000002,Aluminium 6061,77.02537176217506,0.017500309119951058,0.16539253105457297,335.27540646716346
Simulation_000002,Aluminium 6061,77.02537176217506,0.021389266702162405,0.16539253105457297,335.32647269173907
Simulation_000002,Aluminium 6061,77.02537176217506,0.02527822428437375,0.16539253105457297,335.3845938107634
Simulation_000002,Aluminium 6061,77.02537176217506,0.029167181866585096,0.16539253105457297,335.44978365280184
Simulation_000002,Aluminium 6061,77.02537176217506,0.03305613944879644,0.16539253105457297,335.52205357085546
Simulation_000002,Aluminium 6061,77.02537176217506,0.03694509703100779,0.16539253105457297,335.6014100858749
Simulation_000002,Aluminium 6061,77.02537176217506,0.04083405461321914,0.16539253105457297,335.68785207951095
Simulation_000002,Aluminium 6061,77.02537176217506,0.044723012195430484,0.16539253105457297,335.78136748426397
Simulation_000002,Aluminium 6061,77.02537176217506,0.048611969777641824,0.16539253105457297,335.8819294091683
Simulation_000002,Aluminium 6061,77.02537176217506,0.05250092735985317,0.16539253105457297,335.98949162831536
Simulation_000002,Aluminium 6061,77.02537176217506,0.05638988494206452,0.16539253105457297,336.1039833481925
Simulation_000002,Aluminium 6061,77.02537176217506,0.060278842524275865,0.16539253105457297,336.2253031586468
Simulation_000002,Aluminium 6061,77.02537176217506,0.0641678001064872,0.16539253105457297,336.35331206233894
Simulation_000002,Aluminium 6061,77.02537176217506,0.06805675768869855,0.16539253105457297,336.487825470567
Simulation_000002,Aluminium 6061,77.02537176217506,0.0719457152709099,0.16539253105457297,336.6286040519098
Simulation_000002,Aluminium 6061,77.02537176217506,0.07583467285312125,0.16539253105457297,336.77534332809853
Simulation_000002,Aluminium 6061,77.02537176217506,0.0797236304353326,0.16539253105457297,336.9276619342593
Simulation_000002,Aluminium 6061,77.02537176217506,0.08361258801754394,0.16539253105457297,337.0850885055492
Simulation_000002,Aluminium 6061,77.02537176217506,0.08750154559975529,0.16539253105457297,337.24704722889436
Simulation_000002,Aluminium 6061,77.02537176217506,0.09139050318196663,0.16539253105457297,337.41284221908427
Simulation_000002,Aluminium 6061,77.02537176217506,0.09527946076417797,0.16539253105457297,337.58164105701024
Simulation_000002,Aluminium 6061,77.02537176217506,0.09916841834638931,0.16539253105457297,337.7524580792087
Simulation_000002,Aluminium 6061,77.02537176217506,0.10305737592860066,0.16539253105457297,337.92413834499087
Simulation_000002,Aluminium 6061,77.02537176217506,0.10694633351081201,0.16539253105457297,338.0953436361993
Simulation_000002,Aluminium 6061,77.02537176217506,0.11083529109302336,0.16539253105457297,338.264542355972
Simulation_000002,Aluminium 6061,77.02537176217506,0.1147242486752347,0.16539253105457297,338.4300057515169
Simulation_000002,Aluminium 6061,77.02537176217506,0.11861320625744605,0.16539253105457297,338.58981341641555
Simulation_000002,Aluminium 6061,77.02537176217506,0.1225021638396574,0.16539253105457297,338.74187140159154
Simulation_000002,Aluminium 6061,77.02537176217506,0.12639112142186876,0.16539253105457297,338.8839462923625
Simulation_000002,Aluminium 6061,77.02537176217506,0.1302800790040801,0.16539253105457297,339.01371805585353
Simulation_000002,Aluminium 6061,77.02537176217506,0.13416903658629145,0.16539253105457297,339.1288530890601
Simulation_000002,Aluminium 6061,77.02537176217506,0.13805799416850278,0.16539253105457297,339.22709654853645
Simulation_000002,Aluminium 6061,77.02537176217506,0.14194695175071415,0.16539253105457297,339.3063797774582
Simulation_000002,Aluminium 6061,77.02537176217506,0.14583590933292548,0.16539253105457297,339.3649348730115
Simulation_000002,Aluminium 6061,77.02537176217506,0.14972486691513684,0.16539253105457297,339.4014049777874
Simulation_000002,Aluminium 6061,77.02537176217506,0.15361382449734817,0.16539253105457297,339.4149368561246
Simulation_000002,Aluminium 6061,77.02537176217506,0.15750278207955953,0.16539253105457297,339.40524280238697
Simulation_000002,Aluminium 6061,77.02537176217506,0.16139173966177087,0.16539253105457297,339.37262241955295
Simulation_000002,Aluminium 6061,77.02537176217506,0.16528069724398223,0.16539253105457297,339.31794078996427
Simulation_000002,Aluminium 6061,77.02537176217506,0.16916965482619356,0.16539253105457297,339.2425665164776
Simulation_000002,Aluminium 6061,77.02537176217506,0.17305861240840492,0.16539253105457297,339.1482790957336
Simulation_000002,Aluminium 6061,77.02537176217506,0.17694756999061625,0.16539253105457297,339.0371585766597
Simulation_000002,Aluminium 6061,77.02537176217506,0.18083652757282762,0.16539253105457297,338.91147094337254
Simulation_000002,Aluminium 6061,77.02537176217506,0.18472548515503895,0.16539253105457297,338.7735606389251
Simulation_000002,Aluminium 6061,77.02537176217506,0.18861444273725028,0.16539253105457297,338.62575818708905
Simulation_000002,Aluminium 6061,77.02537176217506,0.19250340031946164,0.16539253105457297,338.4703070965778
Simulation_000002,Aluminium 6061,77.02537176217506,0.19639235790167298,0.16539253105457297,338.309310966921
Simulation_000002,Aluminium 6061,77.02537176217506,0.20028131548388434,0.16539253105457297,338.14469936590075
Simulation_000002,Aluminium 6061,77.02537176217506,0.20417027306609567,0.16539253105457297,337.97820967450747
Simulation_000002,Aluminium 6061,77.02537176217506,0.20805923064830703,0.16539253105457297,337.81138154224925
Simulation_000002,Aluminium 6061,77.02537176217506,0.21194818823051836,0.16539253105457297,337.64556062396764
Simulation_000002,Aluminium 6061,77.02537176217506,0.21583714581272972,0.16539253105457297,337.48190864295515
Simulation_000002,Aluminium 6061,77.02537176217506,0.21972610339494106,0.16539253105457297,337.32141735571645
Simulation_000002,Aluminium 6061,77.02537176217506,0.22361506097715242,0.16539253105457297,337.1649245523685
Simulation_000002,Aluminium 6061,77.02537176217506,0.22750401855936375,0.16539253105457297,337.01313073804374
Simulation_000002,Aluminium 6061,77.02537176217506,0.2313929761415751,0.16539253105457297,336.86661556945137
Simulation_000002,Aluminium 6061,77.02537176217506,0.23528193372378645,0.16539253105457297,336.7258534578993
Simulation_000002,Aluminium 6061,77.02537176217506,0.2391708913059978,0.16539253105457297,336.59122800148583
Simulation_000002,Aluminium 6061,77.02537176217506,0.24305984888820914,0.16539253105457297,336.46304508772846
Simulation_000002,Aluminium 6061,77.02537176217506,0.2469488064704205,0.16539253105457297,336.34154462847397
Simulation_000002,Aluminium 6061,77.02537176217506,0.2508377640526318,0.16539253105457297,336.22691096564887
Simulation_000002,Aluminium 6061,77.02537176217506,0.25472672163484317,0.16539253105457297,336.1192820313182
Simulation_000002,Aluminium 6061,77.02537176217506,0.2586156792170545,0.16539253105457297,336.01875736828725
Simulation_000002,Aluminium 6061,77.02537176217506,0.26250463679926583,0.16539253105457297,335.92540512547055
Simulation_000002,Aluminium 6061,77.02537176217506,0.2663935943814772,0.16539253105457297,335.8392681408656
Simulation_000002,Aluminium 6061,77.02537176217506,0.27028255196368856,0.16539253105457297,335.76036921802176
Simulation_000002,Aluminium 6061,77.02537176217506,0.27417150954589986,0.16539253105457297,335.68871569200525
Simulation_000002,Aluminium 6061,77.02537176217506,0.2780604671281112,0.16539253105457297,335.62430336975643
Simulation_000002,Aluminium 6061,77.02537176217506,0.2819494247103226,0.16539253105457297,335.5671199184844
Simulation_000002,Aluminium 6061,77.02537176217506,0.28583838229253394,0.16539253105457297,335.5171477650078
Simulation_000002,Aluminium 6061,77.02537176217506,0.28972733987474525,0.16539253105457297,335.4743665590458
Simulation_000002,Aluminium 6061,77.02537176217506,0.2936162974569566,0.16539253105457297,335.4387552445493
Simulation_000002,Aluminium 6061,77.02537176217506,0.29750525503916797,0.16539253105457297,335.41029377524126
Simulation_000002,Aluminium 6061,77.02537176217506,0.30139421262137933,0.16539253105457297,335.3889645035507
Simulation_000002,Aluminium 6061,77.02537176217506,0.30528317020359064,0.16539253105457297,335.3747532659763
Simulation_000002,Aluminium 6061,77.02537176217506,0.309172127785802,0.16539253105457297,335.36765018245825
Simulation_000002,Aluminium 6061,77.02537176217506,0.0019444787911056729,0.16795675634224078,335.13820930669766
Simulation_000002,Aluminium 6061,77.02537176217506,0.005833436373317019,0.16795675634224078,335.1610548484332
Simulation_000002,Aluminium 6061,77.02537176217506,0.009722393955528366,0.16795675634224078,335.1907787782833
Simulation_000002,Aluminium 6061,77.02537176217506,0.013611351537739711,0.16795675634224078,335.2273857195911
Simulation_000002,Aluminium 6061,77.02537176217506,0.017500309119951058,0.16795675634224078,335.27088183506305
Simulation_000002,Aluminium 6061,77.02537176217506,0.021389266702162405,0.16795675634224078,335.3212738874318
Simulation_000002,Aluminium 6061,77.02537176217506,0.02527822428437375,0.16795675634224078,335.37856796569685
Simulation_000002,Aluminium 6061,77.02537176217506,0.029167181866585096,0.16795675634224078,335.44276785796285
Simulation_000002,Aluminium 6061,77.02537176217506,0.03305613944879644,0.16795675634224078,335.513873046273
Simulation_000002,Aluminium 6061,77.02537176217506,0.03694509703100779,0.16795675634224078,335.5918762926849
Simulation_000002,Aluminium 6061,77.02537176217506,0.04083405461321914,0.16795675634224078,335.6767607791015
Simulation_000002,Aluminium 6061,77.02537176217506,0.044723012195430484,0.16795675634224078,335.76849675606957
Simulation_000002,Aluminium 6061,77.02537176217506,0.048611969777641824,0.16795675634224078,335.8670376480039
Simulation_000002,Aluminium 6061,77.02537176217506,0.05250092735985317,0.16795675634224078,335.97231555431955
Simulation_000002,Aluminium 6061,77.02537176217506,0.05638988494206452,0.16795675634224078,336.0842360782286
Simulation_000002,Aluminium 6061,77.02537176217506,0.060278842524275865,0.16795675634224078,336.20267240821426
Simulation_000002,Aluminium 6061,77.02537176217506,0.0641678001064872,0.16795675634224078,336.3274585726359
Simulation_000002,Aluminium 6061,77.02537176217506,0.06805675768869855,0.16795675634224078,336.4583817872904
Simulation_000002,Aluminium 6061,77.02537176217506,0.0719457152709099,0.16795675634224078,336.595173821616
Simulation_000002,Aluminium 6061,77.02537176217506,0.07583467285312125,0.16795675634224078,336.7375013251491
Simulation_000002,Aluminium 6061,77.02537176217506,0.0797236304353326,0.16795675634224078,336.8849550866514
Simulation_000002,Aluminium 6061,77.02537176217506,0.08361258801754394,0.16795675634224078,337.0370382503402
Simulation_000002,Aluminium 6061,77.02537176217506,0.08750154559975529,0.16795675634224078,337.1931535947573
Simulation_000002,Aluminium 6061,77.02537176217506,0.09139050318196663,0.16795675634224078,337.352590099314
Simulation_000002,Aluminium 6061,77.02537176217506,0.09527946076417797,0.16795675634224078,337.5145091915144
Simulation_000002,Aluminium 6061,77.02537176217506,0.09916841834638931,0.16795675634224078,337.67793129365555
Simulation_000002,Aluminium 6061,77.02537176217506,0.10305737592860066,0.16795675634224078,337.84172357737657
Simulation_000002,Aluminium 6061,77.02537176217506,0.10694633351081201,0.16795675634224078,338.004590185933
Simulation_000002,Aluminium 6061,77.02537176217506,0.11083529109302336,0.16795675634224078,338.165066581481
Simulation_000002,Aluminium 6061,77.02537176217506,0.1147242486752347,0.16795675634224078,338.32152007950475
Simulation_000002,Aluminium 6061,77.02537176217506,0.11861320625744605,0.16795675634224078,338.47215897506675
Simulation_000002,Aluminium 6061,77.02537176217506,0.1225021638396574,0.16795675634224078,338.6150528380676
Simulation_000002,Aluminium 6061,77.02537176217506,0.12639112142186876,0.16795675634224078,338.74816641228193
Simulation_000002,Aluminium 6061,77.02537176217506,0.1302800790040801,0.16795675634224078,338.86940892949997
Simulation_000002,Aluminium 6061,77.02537176217506,0.13416903658629145,0.16795675634224078,338.9766993975591
Simulation_000002,Aluminium 6061,77.02537176217506,0.13805799416850278,0.16795675634224078,339.06804647590644
Simulation_000002,Aluminium 6061,77.02537176217506,0.14194695175071415,0.16795675634224078,339.14163902169616
Simulation_000002,Aluminium 6061,77.02537176217506,0.14583590933292548,0.16795675634224078,339.19594062740487
Simulation_000002,Aluminium 6061,77.02537176217506,0.14972486691513684,0.16795675634224078,339.22977909377573
Simulation_000002,Aluminium 6061,77.02537176217506,0.15361382449734817,0.16795675634224078,339.2424205628629
Simulation_000002,Aluminium 6061,77.02537176217506,0.15750278207955953,0.16795675634224078,339.23361865603357
Simulation_000002,Aluminium 6061,77.02537176217506,0.16139173966177087,0.16795675634224078,339.2036316796589
Simulation_000002,Aluminium 6061,77.02537176217506,0.16528069724398223,0.16795675634224078,339.15320536920865
Simulation_000002,Aluminium 6061,77.02537176217506,0.16916965482619356,0.16795675634224078,339.08352370113107
Simulation_000002,Aluminium 6061,77.02537176217506,0.17305861240840492,0.16795675634224078,338.9961347098863
Simulation_000002,Aluminium 6061,77.02537176217506,0.17694756999061625,0.16795675634224078,338.89286096538143
Simulation_000002,Aluminium 6061,77.02537176217506,0.18083652757282762,0.16795675634224078,338.7757049861543
Simulation_000002,Aluminium 6061,77.02537176217506,0.18472548515503895,0.16795675634224078,338.64675864462555
Simulation_000002,Aluminium 6061,77.02537176217506,0.18861444273725028,0.16795675634224078,338.5081232435802
Simulation_000002,Aluminium 6061,77.02537176217506,0.19250340031946164,0.16795675634224078,338.36184418104756
Simulation_000002,Aluminium 6061,77.02537176217506,0.19639235790167298,0.16795675634224078,338.2098615901202
Simulation_000002,Aluminium 6061,77.02537176217506,0.20028131548388434,0.16795675634224078,338.05397639514644
Simulation_000002,Aluminium 6061,77.02537176217506,0.20417027306609567,0.16795675634224078,337.8958299732043
Simulation_000002,Aluminium 6061,77.02537176217506,0.20805923064830703,0.16795675634224078,337.736894986357
Simulation_000002,Aluminium 6061,77.02537176217506,0.21194818823051836,0.16795675634224078,337.5784748078035
Simulation_000002,Aluminium 6061,77.02537176217506,0.21583714581272972,0.16795675634224078,337.42170913756985
Simulation_000002,Aluminium 6061,77.02537176217506,0.21972610339494106,0.16795675634224078,337.2675837459668
Simulation_000002,Aluminium 6061,77.02537176217506,0.22361506097715242,0.16795675634224078,337.1169426879219
Simulation_000002,Aluminium 6061,77.02537176217506,0.22750401855936375,0.16795675634224078,336.97050172873054
Simulation_000002,Aluminium 6061,77.02537176217506,0.2313929761415751,0.16795675634224078,336.8288620733073
Simulation_000002,Aluminium 6061,77.02537176217506,0.23528193372378645,0.16795675634224078,336.69252378062697
Simulation_000002,Aluminium 6061,77.02537176217506,0.2391708913059978,0.16795675634224078,336.56189847086904
Simulation_000002,Aluminium 6061,77.02537176217506,0.24305984888820914,0.16795675634224078,336.43732110077565
Simulation_000002,Aluminium 6061,77.02537176217506,0.2469488064704205,0.16795675634224078,336.31906070226876
Simulation_000002,Aluminium 6061,77.02537176217506,0.2508377640526318,0.16795675634224078,336.20733006050335
Simulation_000002,Aluminium 6061,77.02537176217506,0.25472672163484317,0.16795675634224078,336.10229435958246
Simulation_000002,Aluminium 6061,77.02537176217506,0.2586156792170545,0.16795675634224078,336.00407885500175
Simulation_000002,Aluminium 6061,77.02537176217506,0.26250463679926583,0.16795675634224078,335.9127756478491
Simulation_000002,Aluminium 6061,77.02537176217506,0.2663935943814772,0.16795675634224078,335.8284496416882
Simulation_000002,Aluminium 6061,77.02537176217506,0.27028255196368856,0.16795675634224078,335.7511437624721
Simulation_000002,Aluminium 6061,77.02537176217506,0.27417150954589986,0.16795675634224078,335.680883517325
Simulation_000002,Aluminium 6061,77.02537176217506,0.2780604671281112,0.16795675634224078,335.61768096135177
Simulation_000002,Aluminium 6061,77.02537176217506,0.2819494247103226,0.16795675634224078,335.5615381339838
Simulation_000002,Aluminium 6061,77.02537176217506,0.28583838229253394,0.16795675634224078,335.5124500184892
Simulation_000002,Aluminium 6061,77.02537176217506,0.28972733987474525,0.16795675634224078,335.4704070706325
Simulation_000002,Aluminium 6061,77.02537176217506,0.2936162974569566,0.16795675634224078,335.43539735531294
Simulation_000002,Aluminium 6061,77.02537176217506,0.29750525503916797,0.16795675634224078,335.40740832344954
Simulation_000002,Aluminium 6061,77.02537176217506,0.30139421262137933,0.16795675634224078,335.386428255445
Simulation_000002,Aluminium 6061,77.02537176217506,0.30528317020359064,0.16795675634224078,335.37244739220495
Simulation_000002,Aluminium 6061,77.02537176217506,0.309172127785802,0.16795675634224078,335.3654587698507
Simulation_000002,Aluminium 6061,77.02537176217506,0.0019444787911056729,0.17052098162990856,335.13548748254425
Simulation_000002,Aluminium 6061,77.02537176217506,0.005833436373317019,0.17052098162990856,335.1582100418258
Simulation_000002,Aluminium 6061,77.02537176217506,0.009722393955528366,0.17052098162990856,335.18768649430524
Simulation_000002,Aluminium 6061,77.02537176217506,0.013611351537739711,0.17052098162990856,335.22391842838255
Simulation_000002,Aluminium 6061,77.02537176217506,0.017500309119951058,0.17052098162990856,335.26690742976297
Simulation_000002,Aluminium 6061,77.02537176217506,0.021389266702162405,0.17052098162990856,335.316654113934
Simulation_000002,Aluminium 6061,77.02537176217506,0.02527822428437375,0.17052098162990856,335.37315681713915
Simulation_000002,Aluminium 6061,77.02537176217506,0.029167181866585096,0.17052098162990856,335.4364099290815
Simulation_000002,Aluminium 6061,77.02537176217506,0.03305613944879644,0.17052098162990856,335.5064018458347
Simulation_000002,Aluminium 6061,77.02537176217506,0.03694509703100779,0.17052098162990856,335.5831125163634
Simulation_000002,Aluminium 6061,77.02537176217506,0.04083405461321914,0.17052098162990856,335.66651055069156
Simulation_000002,Aluminium 6061,77.02537176217506,0.044723012195430484,0.17052098162990856,335.75654985217744
Simulation_000002,Aluminium 6061,77.02537176217506,0.048611969777641824,0.17052098162990856,335.8531657307497
Simulation_000002,Aluminium 6061,77.02537176217506,0.05250092735985317,0.17052098162990856,335.95627044865887
Simulation_000002,Aluminium 6061,77.02537176217506,0.05638988494206452,0.17052098162990856,336.06574814582535
Simulation_000002,Aluminium 6061,77.02537176217506,0.060278842524275865,0.17052098162990856,336.18144908905225
Simulation_000002,Aluminium 6061,77.02537176217506,0.0641678001064872,0.17052098162990856,336.3031831894097
Simulation_000002,Aluminium 6061,77.02537176217506,0.06805675768869855,0.17052098162990856,336.4307127367282
Simulation_000002,Aluminium 6061,77.02537176217506,0.0719457152709099,0.17052098162990856,336.56374431173555
Simulation_000002,Aluminium 6061,77.02537176217506,0.07583467285312125,0.17052098162990856,336.70191985815404
Simulation_000002,Aluminium 6061,77.02537176217506,0.0797236304353326,0.17052098162990856,336.84480693321876
Simulation_000002,Aluminium 6061,77.02537176217506,0.08361258801754394,0.17052098162990856,336.99188821078815
Simulation_000002,Aluminium 6061,77.02537176217506,0.08750154559975529,0.17052098162990856,337.14255039270046
Simulation_000002,Aluminium 6061,77.02537176217506,0.09139050318196663,0.17052098162990856,337.2960727981017
Simulation_000002,Aluminium 6061,77.02537176217506,0.09527946076417797,0.17052098162990856,337.45161605380486
Simulation_000002,Aluminium 6061,77.02537176217506,0.09916841834638931,0.17052098162990856,337.60821150636264
Simulation_000002,Aluminium 6061,77.02537176217506,0.10305737592860066,0.17052098162990856,337.76475221937073
Simulation_000002,Aluminium 6061,77.02537176217506,0.10694633351081201,0.17052098162990856,337.91998670074275
Simulation_000002,Aluminium 6061,77.02537176217506,0.11083529109302336,0.17052098162990856,338.0725168048804
Simulation_000002,Aluminium 6061,77.02537176217506,0.1147242486752347,0.17052098162990856,338.22080153607584
Simulation_000002,Aluminium 6061,77.02537176217506,0.11861320625744605,0.17052098162990856,338.3631686808919
Simulation_000002,Aluminium 6061,77.02537176217506,0.1225021638396574,0.17052098162990856,338.4978362316528
Simulation_000002,Aluminium 6061,77.02537176217506,0.12639112142186876,0.17052098162990856,338.62294532226997
Simulation_000002,Aluminium 6061,77.02537176217506,0.1302800790040801,0.17052098162990856,338.73660576827905
Simulation_000002,Aluminium 6061,77.02537176217506,0.13416903658629145,0.17052098162990856,338.8369541994562
Simulation_000002,Aluminium 6061,77.02537176217506,0.13805799416850278,0.17052098162990856,338.9222231858647
Simulation_000002,Aluminium 6061,77.02537176217506,0.14194695175071415,0.17052098162990856,338.99081780816636
Simulation_000002,Aluminium 6061,77.02537176217506,0.14583590933292548,0.17052098162990856,339.0413941038861
Simulation_000002,Aluminium 6061,77.02537176217506,0.14972486691513684,0.17052098162990856,339.07293219006607
Simulation_000002,Aluminium 6061,77.02537176217506,0.15361382449734817,0.17052098162990856,339.0847961513208
Simulation_000002,Aluminium 6061,77.02537176217506,0.15750278207955953,0.17052098162990856,339.076773424
Simulation_000002,Aluminium 6061,77.02537176217506,0.16139173966177087,0.17052098162990856,339.0490885287474
Simulation_000002,Aluminium 6061,77.02537176217506,0.16528069724398223,0.17052098162990856,339.00238928815816
Simulation_000002,Aluminium 6061,77.02537176217506,0.16916965482619356,0.17052098162990856,338.93770739293456
Simulation_000002,Aluminium 6061,77.02537176217506,0.17305861240840492,0.17052098162990856,338.8563984643554
Simulation_000002,Aluminium 6061,77.02537176217506,0.17694756999061625,0.17052098162990856,338.760068882467
Simulation_000002,Aluminium 6061,77.02537176217506,0.18083652757282762,0.17052098162990856,338.650497291106
Simulation_000002,Aluminium 6061,77.02537176217506,0.18472548515503895,0.17052098162990856,338.52955797945395
Simulation_000002,Aluminium 6061,77.02537176217506,0.18861444273725028,0.17052098162990856,338.39915170859206
Simulation_000002,Aluminium 6061,77.02537176217506,0.19250340031946164,0.17052098162990856,338.2611475323917
Simulation_000002,Aluminium 6061,77.02537176217506,0.19639235790167298,0.17052098162990856,338.11733721208986
Simulation_000002,Aluminium 6061,77.02537176217506,0.20028131548388434,0.17052098162990856,337.9694022364005
Simulation_000002,Aluminium 6061,77.02537176217506,0.20417027306609567,0.17052098162990856,337.818892355537
Simulation_000002,Aluminium 6061,77.02537176217506,0.20805923064830703,0.17052098162990856,337.66721390819527
Simulation_000002,Aluminium 6061,77.02537176217506,0.21194818823051836,0.17052098162990856,337.51562597967825
Simulation_000002,Aluminium 6061,77.02537176217506,0.21583714581272972,0.17052098162990856,337.36524246375086
Simulation_000002,Aluminium 6061,77.02537176217506,0.21972610339494106,0.17052098162990856,337.21703830226375
Simulation_000002,Aluminium 6061,77.02537176217506,0.22361506097715242,0.17052098162990856,337.0718584580267
Simulation_000002,Aluminium 6061,77.02537176217506,0.22750401855936375,0.17052098162990856,336.9304284766288
Simulation_000002,Aluminium 6061,77.02537176217506,0.2313929761415751,0.17052098162990856,336.7933657741599
Simulation_000002,Aluminium 6061,77.02537176217506,0.23528193372378645,0.17052098162990856,336.6611910306578
Simulation_000002,Aluminium 6061,77.02537176217506,0.2391708913059978,0.17052098162990856,336.5343392667569
Simulation_000002,Aluminium 6061,77.02537176217506,0.24305984888820914,0.17052098162990856,336.4131703343872
Simulation_000002,Aluminium 6061,77.02537176217506,0.2469488064704205,0.17052098162990856,336.2979786664728
Simulation_000002,Aluminium 6061,77.02537176217506,0.2508377640526318,0.17052098162990856,336.1890022120965
Simulation_000002,Aluminium 6061,77.02537176217506,0.25472672163484317,0.17052098162990856,336.086430539344
Simulation_000002,Aluminium 6061,77.02537176217506,0.2586156792170545,0.17052098162990856,335.99041212421787
Simulation_000002,Aluminium 6061,77.02537176217506,0.26250463679926583,0.17052098162990856,335.9010608658325
Simulation_000002,Aluminium 6061,77.02537176217506,0.2663935943814772,0.17052098162990856,335.8184618797428
Simulation_000002,Aluminium 6061,77.02537176217506,0.27028255196368856,0.17052098162990856,335.74267662593275
Simulation_000002,Aluminium 6061,77.02537176217506,0.27417150954589986,0.17052098162990856,335.6737474280843
Simulation_000002,Aluminium 6061,77.02537176217506,0.2780604671281112,0.17052098162990856,335.6117014379955
Simulation_000002,Aluminium 6061,77.02537176217506,0.2819494247103226,0.17052098162990856,335.5565540946181
Simulation_000002,Aluminium 6061,77.02537176217506,0.28583838229253394,0.17052098162990856,335.5083121219732
Simulation_000002,Aluminium 6061,77.02537176217506,0.28972733987474525,0.17052098162990856,335.46697610470653
Simulation_000002,Aluminium 6061,77.02537176217506,0.2936162974569566,0.17052098162990856,335.43254267459594
Simulation_000002,Aluminium 6061,77.02537176217506,0.29750525503916797,0.17052098162990856,335.40500633611776
Simulation_000002,Aluminium 6061,77.02537176217506,0.30139421262137933,0.17052098162990856,335.3843609542988
Simulation_000002,Aluminium 6061,77.02537176217506,0.30528317020359064,0.17052098162990856,335.37060092355404
Simulation_000002,Aluminium 6061,77.02537176217506,0.309172127785802,0.17052098162990856,335.36372203202376
Simulation_000002,Aluminium 6061,77.02537176217506,0.0019444787911056729,0.17308520691757637,335.1333111926817
Simulation_000002,Aluminium 6061,77.02537176217506,0.005833436373317019,0.17308520691757637,335.1559167957557
Simulation_000002,Aluminium 6061,77.02537176217506,0.009722393955528366,0.17308520691757637,335.1851579216455
Simulation_000002,Aluminium 6061,77.02537176217506,0.013611351537739711,0.17308520691757637,335.22103332235355
Simulation_000002,Aluminium 6061,77.02537176217506,0.017500309119951058,0.17308520691757637,335.26354030935875
Simulation_000002,Aluminium 6061,77.02537176217506,0.021389266702162405,0.17308520691757637,335.31267376395556
Simulation_000002,Aluminium 6061,77.02537176217506,0.02527822428437375,0.17308520691757637,335.3684248011775
Simulation_000002,Aluminium 6061,77.02537176217506,0.029167181866585096,0.17308520691757637,335.43077907287886
Simulation_000002,Aluminium 6061,77.02537176217506,0.03305613944879644,0.17308520691757637,335.4997146916555
Simulation_000002,Aluminium 6061,77.02537176217506,0.03694509703100779,0.17308520691757637,335.5751997532899
Simulation_000002,Aluminium 6061,77.02537176217506,0.04083405461321914,0.17308520691757637,335.65718943136295
Simulation_000002,Aluminium 6061,77.02537176217506,0.044723012195430484,0.17308520691757637,335.74562261374103
Simulation_000002,Aluminium 6061,77.02537176217506,0.048611969777641824,0.17308520691757637,335.8404180470511
Simulation_000002,Aluminium 6061,77.02537176217506,0.05250092735985317,0.17308520691757637,335.94146995238987
Simulation_000002,Aluminium 6061,77.02537176217506,0.05638988494206452,0.17308520691757637,336.0486430739489
Simulation_000002,Aluminium 6061,77.02537176217506,0.060278842524275865,0.17308520691757637,336.1617671228154
Simulation_000002,Aluminium 6061,77.02537176217506,0.0641678001064872,0.17308520691757637,336.28063058210654
Simulation_000002,Aluminium 6061,77.02537176217506,0.06805675768869855,0.17308520691757637,336.40497384843695
Simulation_000002,Aluminium 6061,77.02537176217506,0.0719457152709099,0.17308520691757637,336.5344817006565
Simulation_000002,Aluminium 6061,77.02537176217506,0.07583467285312125,0.17308520691757637,336.66877511262624
Simulation_000002,Aluminium 6061,77.02537176217506,0.0797236304353326,0.17308520691757637,336.8074024660033
Simulation_000002,Aluminium 6061,77.02537176217506,0.08361258801754394,0.17308520691757637,336.9498302757264
Simulation_000002,Aluminium 6061,77.02537176217506,0.08750154559975529,0.17308520691757637,337.095433619784
Simulation_000002,Aluminium 6061,77.02537176217506,0.09139050318196663,0.17308520691757637,337.2434865705875
Simulation_000002,Aluminium 6061,77.02537176217506,0.09527946076417797,0.17308520691757637,337.39315306179236
Simulation_000002,Aluminium 6061,77.02537176217506,0.09916841834638931,0.17308520691757637,337.54347879345744
Simulation_000002,Aluminium 6061,77.02537176217506,0.10305737592860066,0.17308520691757637,337.69338497749095
Simulation_000002,Aluminium 6061,77.02537176217506,0.10694633351081201,0.17308520691757637,337.8416649447272
Simulation_000002,Aluminium 6061,77.02537176217506,0.11083529109302336,0.17308520691757637,337.98698485433846
Simulation_000002,Aluminium 6061,77.02537176217506,0.1147242486752347,0.17308520691757637,338.12788993087884
Simulation_000002,Aluminium 6061,77.02537176217506,0.11861320625744605,0.17308520691757637,338.2628177523737
Simulation_000002,Aluminium 6061,77.02537176217506,0.1225021638396574,0.17308520691757637,338.39012005619503
Simulation_000002,Aluminium 6061,77.02537176217506,0.12639112142186876,0.17308520691757637,338.50809423926876
Simulation_000002,Aluminium 6061,77.02537176217506,0.1302800790040801,0.17308520691757637,338.6150251311603
Simulation_000002,Aluminium 6061,77.02537176217506,0.13416903658629145,0.17308520691757637,338.7092366684064
Simulation_000002,Aluminium 6061,77.02537176217506,0.13805799416850278,0.17308520691757637,338.7891518157331
Simulation_000002,Aluminium 6061,77.02537176217506,0.14194695175071415,0.17308520691757637,338.8533575828728
Simulation_000002,Aluminium 6061,77.02537176217506,0.14583590933292548,0.17308520691757637,338.9006705107235
Simulation_000002,Aluminium 6061,77.02537176217506,0.14972486691513684,0.17308520691757637,338.930196883999
Simulation_000002,Aluminium 6061,77.02537176217506,0.15361382449734817,0.17308520691757637,338.94138153534294
Simulation_000002,Aluminium 6061,77.02537176217506,0.15750278207955953,0.17308520691757637,338.9340397140646
Simulation_000002,Aluminium 6061,77.02537176217506,0.16139173966177087,0.17308520691757637,338.9083681557926
Simulation_000002,Aluminium 6061,77.02537176217506,0.16528069724398223,0.17308520691757637,338.86493396344827
Simulation_000002,Aluminium 6061,77.02537176217506,0.16916965482619356,0.17308520691757637,338.80464268924595
Simulation_000002,Aluminium 6061,77.02537176217506,0.17305861240840492,0.17308520691757637,338.72868948153126
Simulation_000002,Aluminium 6061,77.02537176217506,0.17694756999061625,0.17308520691757637,338.6384988234193
Simulation_000002,Aluminium 6061,77.02537176217506,0.18083652757282762,0.17308520691757637,338.5356589983894
Simulation_000002,Aluminium 6061,77.02537176217506,0.18472548515503895,0.17308520691757637,338.4218570258294
Simulation_000002,Aluminium 6061,77.02537176217506,0.18861444273725028,0.17308520691757637,338.2988186929474
Simulation_000002,Aluminium 6061,77.02537176217506,0.19250340031946164,0.17308520691757637,338.1682568345192
Simulation_000002,Aluminium 6061,77.02537176217506,0.19639235790167298,0.17308520691757637,338.03182951503385
Simulation_000002,Aluminium 6061,77.02537176217506,0.20028131548388434,0.17308520691757637,337.8911084851025
Simulation_000002,Aluminium 6061,77.02537176217506,0.20417027306609567,0.17308520691757637,337.74755733383756
Simulation_000002,Aluminium 6061,77.02537176217506,0.20805923064830703,0.17308520691757637,337.6025181609471
Simulation_000002,Aluminium 6061,77.02537176217506,0.21194818823051836,0.17308520691757637,337.457205302119
Simulation_000002,Aluminium 6061,77.02537176217506,0.21583714581272972,0.17308520691757637,337.3127045846376
Simulation_000002,Aluminium 6061,77.02537176217506,0.21972610339494106,0.17308520691757637,337.16997668831493
Simulation_000002,Aluminium 6061,77.02537176217506,0.22361506097715242,0.17308520691757637,337.0298633714555
Simulation_000002,Aluminium 6061,77.02537176217506,0.22750401855936375,0.17308520691757637,336.89309554096167
Simulation_000002,Aluminium 6061,77.02537176217506,0.2313929761415751,0.17308520691757637,336.7603023651201
Simulation_000002,Aluminium 6061,77.02537176217506,0.23528193372378645,0.17308520691757637,336.6320208267024
Simulation_000002,Aluminium 6061,77.02537176217506,0.2391708913059978,0.17308520691757637,336.50870528309514
Simulation_000002,Aluminium 6061,77.02537176217506,0.24305984888820914,0.17308520691757637,336.3907367367283
Simulation_000002,Aluminium 6061,77.02537176217506,0.2469488064704205,0.17308520691757637,336.2784316248496
Simulation_000002,Aluminium 6061,77.02537176217506,0.2508377640526318,0.17308520691757637,336.1720500166153
Simulation_000002,Aluminium 6061,77.02537176217506,0.25472672163484317,0.17308520691757637,336.0718031622247
Simulation_000002,Aluminium 6061,77.02537176217506,0.2586156792170545,0.17308520691757637,335.97786037806884
Simulation_000002,Aluminium 6061,77.02537176217506,0.26250463679926583,0.17308520691757637,335.89035527772927
Simulation_000002,Aluminium 6061,77.02537176217506,0.2663935943814772,0.17308520691757637,335.80939137464895
Simulation_000002,Aluminium 6061,77.02537176217506,0.27028255196368856,0.17308520691757637,335.7350470911785
Simulation_000002,Aluminium 6061,77.02537176217506,0.27417150954589986,0.17308520691757637,335.66738021265934
Simulation_000002,Aluminium 6061,77.02537176217506,0.2780604671281112,0.17308520691757637,335.6064318258376
Simulation_000002,Aluminium 6061,77.02537176217506,0.2819494247103226,0.17308520691757637,335.5522297794127
Simulation_000002,Aluminium 6061,77.02537176217506,0.28583838229253394,0.17308520691757637,335.50479170173736
Simulation_000002,Aluminium 6061,77.02537176217506,0.28972733987474525,0.17308520691757637,335.4641276071931
Simulation_000002,Aluminium 6061,77.02537176217506,0.2936162974569566,0.17308520691757637,335.4302421189425
Simulation_000002,Aluminium 6061,77.02537176217506,0.29750525503916797,0.17308520691757637,335.4031363318635
Simulation_000002,Aluminium 6061,77.02537176217506,0.30139421262137933,0.17308520691757637,335.3828093356388
Simulation_000002,Aluminium 6061,77.02537176217506,0.30528317020359064,0.17308520691757637,335.36925941428285
Simulation_000002,Aluminium 6061,77.02537176217506,0.309172127785802,0.17308520691757637,335.36248493486977
Simulation_000002,Aluminium 6061,77.02537176217506,0.0019444787911056729,0.17564943220524415,335.13172842918146
Simulation_000002,Aluminium 6061,77.02537176217506,0.005833436373317019,0.17564943220524415,335.15422371009254
Simulation_000002,Aluminium 6061,77.02537176217506,0.009722393955528366,0.17564943220524415,335.1832428793135
Simulation_000002,Aluminium 6061,77.02537176217506,0.013611351537739711,0.17564943220524415,335.218782057866
Simulation_000002,Aluminium 6061,77.02537176217506,0.017500309119951058,0.17564943220524415,335.26083459553377
Simulation_000002,Aluminium 6061,77.02537176217506,0.021389266702162405,0.17564943220524415,335.3093900644022
Simulation_000002,Aluminium 6061,77.02537176217506,0.02527822428437375,0.17564943220524415,335.36443290293425
Simulation_000002,Aluminium 6061,77.02537176217506,0.029167181866585096,0.17564943220524415,335.4259406985446
Simulation_000002,Aluminium 6061,77.02537176217506,0.03305613944879644,0.17564943220524415,335.4938820936037
Simulation_000002,Aluminium 6061,77.02537176217506,0.03694509703100779,0.17564943220524415,335.56821429684504
Simulation_000002,Aluminium 6061,77.02537176217506,0.04083405461321914,0.17564943220524415,335.6488801793747
Simulation_000002,Aluminium 6061,77.02537176217506,0.044723012195430484,0.17564943220524415,335.73580493208004
Simulation_000002,Aluminium 6061,77.02537176217506,0.048611969777641824,0.17564943220524415,335.8288922594821
Simulation_000002,Aluminium 6061,77.02537176217506,0.05250092735985317,0.17564943220524415,335.9280200843939
Simulation_000002,Aluminium 6061,77.02537176217506,0.05638988494206452,0.17564943220524415,336.03303573872125
Simulation_000002,Aluminium 6061,77.02537176217506,0.060278842524275865,0.17564943220524415,336.1437506192002
Simulation_000002,Aluminium 6061,77.02537176217506,0.0641678001064872,0.17564943220524415,336.25993429391724
Simulation_000002,Aluminium 6061,77.02537176217506,0.06805675768869855,0.17564943220524415,336.38130805757055
Simulation_000002,Aluminium 6061,77.02537176217506,0.0719457152709099,0.17564943220524415,336.50753795249864
Simulation_000002,Aluminium 6061,77.02537176217506,0.07583467285312125,0.17564943220524415,336.6382273008597
Simulation_000002,Aluminium 6061,77.02537176217506,0.0797236304353326,0.17564943220524415,336.77290883380834
Simulation_000002,Aluminium 6061,77.02537176217506,0.08361258801754394,0.17564943220524415,336.91103655922905
Simulation_000002,Aluminium 6061,77.02537176217506,0.08750154559975529,0.17564943220524415,337.05197758383633
Simulation_000002,Aluminium 6061,77.02537176217506,0.09139050318196663,0.17564943220524415,337.19500420116475
Simulation_000002,Aluminium 6061,77.02537176217506,0.09527946076417797,0.17564943220524415,337.33928667591033
Simulation_000002,Aluminium 6061,77.02537176217506,0.09916841834638931,0.17564943220524415,337.48388729665294
Simulation_000002,Aluminium 6061,77.02537176217506,0.10305737592860066,0.17564943220524415,337.6277564284788
Simulation_000002,Aluminium 6061,77.02537176217506,0.10694633351081201,0.17564943220524415,337.7697314634433
Simulation_000002,Aluminium 6061,77.02537176217506,0.11083529109302336,0.17564943220524415,337.90853972045255
Simulation_000002,Aluminium 6061,77.02537176217506,0.1147242486752347,0.17564943220524415,338.04280645640284
Simulation_000002,Aluminium 6061,77.02537176217506,0.11861320625744605,0.17564943220524415,338.1710691749268
Simulation_000002,Aluminium 6061,77.02537176217506,0.1225021638396574,0.17564943220524415,338.29179930560986
Simulation_000002,Aluminium 6061,77.02537176217506,0.12639112142186876,0.17564943220524415,338.4034320193381
Simulation_000002,Aluminium 6061,77.02537176217506,0.1302800790040801,0.17564943220524415,338.50440439809927
Simulation_000002,Aluminium 6061,77.02537176217506,0.13416903658629145,0.17564943220524415,338.5932013721589
Simulation_000002,Aluminium 6061,77.02537176217506,0.13805799416850278,0.17564943220524415,338.6684078081564
Simulation_000002,Aluminium 6061,77.02537176217506,0.14194695175071415,0.17564943220524415,338.7287639851546
Simulation_000002,Aluminium 6061,77.02537176217506,0.14583590933292548,0.17564943220524415,338.77322061861946
Simulation_000002,Aluminium 6061,77.02537176217506,0.14972486691513684,0.17564943220524415,338.80098883124356
Simulation_000002,Aluminium 6061,77.02537176217506,0.15361382449734817,0.17564943220524415,338.8115802766249
Simulation_000002,Aluminium 6061,77.02537176217506,0.15750278207955953,0.17564943220524415,338.8048331727553
Simulation_000002,Aluminium 6061,77.02537176217506,0.16139173966177087,0.17564943220524415,338.7809213130514
Simulation_000002,Aluminium 6061,77.02537176217506,0.16528069724398223,0.17564943220524415,338.7403450063412
Simulation_000002,Aluminium 6061,77.02537176217506,0.16916965482619356,0.17564943220524415,338.6839049945051
Simulation_000002,Aluminium 6061,77.02537176217506,0.17305861240840492,0.17564943220524415,338.61266228015523
Simulation_000002,Aluminium 6061,77.02537176217506,0.17694756999061625,0.17564943220524415,338.5278881075215
Simulation_000002,Aluminium 6061,77.02537176217506,0.18083652757282762,0.17564943220524415,338.4310088906667
Simulation_000002,Aluminium 6061,77.02537176217506,0.18472548515503895,0.17564943220524415,338.3235506902675
Simulation_000002,Aluminium 6061,77.02537176217506,0.18861444273725028,0.17564943220524415,338.2070870791487
Simulation_000002,Aluminium 6061,77.02537176217506,0.19250340031946164,0.17564943220524415,338.0831931597275
Simulation_000002,Aluminium 6061,77.02537176217506,0.19639235790167298,0.17564943220524415,337.9534073500311
Simulation_000002,Aluminium 6061,77.02537176217506,0.20028131548388434,0.17564943220524415,337.8192015256048
Simulation_000002,Aluminium 6061,77.02537176217506,0.20417027306609567,0.17564943220524415,337.68195929925463
Simulation_000002,Aluminium 6061,77.02537176217506,0.20805923064830703,0.17564943220524415,337.54296167325685
Simulation_000002,Aluminium 6061,77.02537176217506,0.21194818823051836,0.17564943220524415,337.40337899150364
Simulation_000002,Aluminium 6061,77.02537176217506,0.21583714581272972,0.17564943220524415,337.26426800559403
Simulation_000002,Aluminium 6061,77.02537176217506,0.21972610339494106,0.17564943220524415,337.1265728934292
Simulation_000002,Aluminium 6061,77.02537176217506,0.22361506097715242,0.17564943220524415,336.9911291791654
Simulation_000002,Aluminium 6061,77.02537176217506,0.22750401855936375,0.17564943220524415,336.85866965705037
Simulation_000002,Aluminium 6061,77.02537176217506,0.2313929761415751,0.17564943220524415,336.72983158812997
Simulation_000002,Aluminium 6061,77.02537176217506,0.23528193372378645,0.17564943220524415,336.6051645983336
Simulation_000002,Aluminium 6061,77.02537176217506,0.2391708913059978,0.17564943220524415,336.48513884805215
Simulation_000002,Aluminium 6061,77.02537176217506,0.24305984888820914,0.17564943220524415,336.37015316230037
Simulation_000002,Aluminium 6061,77.02537176217506,0.2469488064704205,0.17564943220524415,336.2605429063006
Simulation_000002,Aluminium 6061,77.02537176217506,0.2508377640526318,0.17564943220524415,336.156587465613
Simulation_000002,Aluminium 6061,77.02537176217506,0.25472672163484317,0.17564943220524415,336.05851724569123
Simulation_000002,Aluminium 6061,77.02537176217506,0.2586156792170545,0.17564943220524415,335.96652014623857
Simulation_000002,Aluminium 6061,77.02537176217506,0.26250463679926583,0.17564943220524415,335.88074749414164
Simulation_000002,Aluminium 6061,77.02537176217506,0.2663935943814772,0.17564943220524415,335.80131943786614
Simulation_000002,Aluminium 6061,77.02537176217506,0.27028255196368856,0.17564943220524415,335.7283298183601
Simulation_000002,Aluminium 6061,77.02537176217506,0.27417150954589986,0.17564943220524415,335.66185053861244
Simulation_000002,Aluminium 6061,77.02537176217506,0.2780604671281112,0.17564943220524415,335.6019354575279
Simulation_000002,Aluminium 6061,77.02537176217506,0.2819494247103226,0.17564943220524415,335.54862383482316
Simulation_000002,Aluminium 6061,77.02537176217506,0.28583838229253394,0.17564943220524415,335.50194335304025
Simulation_000002,Aluminium 6061,77.02537176217506,0.28972733987474525,0.17564943220524415,335.46191274110805
Simulation_000002,Aluminium 6061,77.02537176217506,0.2936162974569566,0.17564943220524415,335.4285440215865
Simulation_000002,Aluminium 6061,77.02537176217506,0.29750525503916797,0.17564943220524415,335.4018444010711
Simulation_000002,Aluminium 6061,77.02537176217506,0.30139421262137933,0.17564943220524415,335.38181782042227
Simulation_000002,Aluminium 6061,77.02537176217506,0.30528317020359064,0.17564943220524415,335.3684661786122
Simulation_000002,Aluminium 6061,77.02537176217506,0.309172127785802,0.17564943220524415,335.3617902411374
Simulation_000002,Aluminium 6061,77.02537176217506,0.0019444787911056729,0.17821365749291196,335.1307844394155
Simulation_000002,Aluminium 6061,77.02537176217506,0.005833436373317019,0.17821365749291196,335.1531765961205
Simulation_000002,Aluminium 6061,77.02537176217506,0.009722393955528366,0.17821365749291196,335.1819883091962
Simulation_000002,Aluminium 6061,77.02537176217506,0.013611351537739711,0.17821365749291196,335.21721327943334
Simulation_000002,Aluminium 6061,77.02537176217506,0.017500309119951058,0.17821365749291196,335.2588412148779
Simulation_000002,Aluminium 6061,77.02537176217506,0.021389266702162405,0.17821365749291196,335.3068568121831
Simulation_000002,Aluminium 6061,77.02537176217506,0.02527822428437375,0.17821365749291196,335.3612383869983
Simulation_000002,Aluminium 6061,77.02537176217506,0.029167181866585096,0.17821365749291196,335.4219561437377
Simulation_000002,Aluminium 6061,77.02537176217506,0.03305613944879644,0.17821365749291196,335.4889700728732
Simulation_000002,Aluminium 6061,77.02537176217506,0.03694509703100779,0.17821365749291196,335.56222746192645
Simulation_000002,Aluminium 6061,77.02537176217506,0.04083405461321914,0.17821365749291196,335.64166000474523
Simulation_000002,Aluminium 6061,77.02537176217506,0.044723012195430484,0.17821365749291196,335.7271804926577
Simulation_000002,Aluminium 6061,77.02537176217506,0.048611969777641824,0.17821365749291196,335.81867907100735
Simulation_000002,Aluminium 6061,77.02537176217506,0.05250092735985317,0.17821365749291196,335.91601904581154
Simulation_000002,Aluminium 6061,77.02537176217506,0.05638988494206452,0.17821365749291196,336.0190322284452
Simulation_000002,Aluminium 6061,77.02537176217506,0.060278842524275865,0.17821365749291196,336.1275138121024
Simulation_000002,Aluminium 6061,77.02537176217506,0.0641678001064872,0.17821365749291196,336.2412167833523
Simulation_000002,Aluminium 6061,77.02537176217506,0.06805675768869855,0.17821365749291196,336.3598458866717
Simulation_000002,Aluminium 6061,77.02537176217506,0.0719457152709099,0.17821365749291196,336.48305118100643
Simulation_000002,Aluminium 6061,77.02537176217506,0.07583467285312125,0.17821365749291196,336.6104212570894
Simulation_000002,Aluminium 6061,77.02537176217506,0.0797236304353326,0.17821365749291196,336.74147622458145
Simulation_000002,Aluminium 6061,77.02537176217506,0.08361258801754394,0.17821365749291196,336.87566063138553
Simulation_000002,Aluminium 6061,77.02537176217506,0.08750154559975529,0.17821365749291196,337.0123365458258
Simulation_000002,Aluminium 6061,77.02537176217506,0.09139050318196663,0.17821365749291196,337.1507771172912
Simulation_000002,Aluminium 6061,77.02537176217506,0.09527946076417797,0.17821365749291196,337.2901610325687
Simulation_000002,Aluminium 6061,77.02537176217506,0.09916841834638931,0.17821365749291196,337.42956840122235
Simulation_000002,Aluminium 6061,77.02537176217506,0.10305737592860066,0.17821365749291196,337.5679787280731
Simulation_000002,Aluminium 6061,77.02537176217506,0.10694633351081201,0.17821365749291196,337.70427175285147
Simulation_000002,Aluminium 6061,77.02537176217506,0.11083529109302336,0.17821365749291196,337.83723203831727
Simulation_000002,Aluminium 6061,77.02537176217506,0.1147242486752347,0.17821365749291196,337.9655582424809
Simulation_000002,Aluminium 6061,77.02537176217506,0.11861320625744605,0.17821365749291196,338.0878779841982
Simulation_000002,Aluminium 6061,77.02537176217506,0.1225021638396574,0.17821365749291196,338.2027690653102
Simulation_000002,Aluminium 6061,77.02537176217506,0.12639112142186876,0.17821365749291196,338.30878750850405
Simulation_000002,Aluminium 6061,77.02537176217506,0.1302800790040801,0.17821365749291196,338.4045023811557
Simulation_000002,Aluminium 6061,77.02537176217506,0.13416903658629145,0.17821365749291196,338.48853669999994
Simulation_000002,Aluminium 6061,77.02537176217506,0.13805799416850278,0.17821365749291196,338.55961288898595
Simulation_000002,Aluminium 6061,77.02537176217506,0.14194695175071415,0.17821365749291196,338.6166003854608
Simulation_000002,Aluminium 6061,77.02537176217506,0.14583590933292548,0.17821365749291196,338.658562203509
Simulation_000002,Aluminium 6061,77.02537176217506,0.14972486691513684,0.17821365749291196,338.68479674809834
Simulation_000002,Aluminium 6061,77.02537176217506,0.15361382449734817,0.17821365749291196,338.69487110368806
Simulation_000002,Aluminium 6061,77.02537176217506,0.15750278207955953,0.17821365749291196,338.6886425077044
Simulation_000002,Aluminium 6061,77.02537176217506,0.16139173966177087,0.17821365749291196,338.6662657589728
Simulation_000002,Aluminium 6061,77.02537176217506,0.16528069724398223,0.17821365749291196,338.6281857606694
Simulation_000002,Aluminium 6061,77.02537176217506,0.16916965482619356,0.17821365749291196,338.5751159983449
Simulation_000002,Aluminium 6061,77.02537176217506,0.17305861240840492,0.17821365749291196,338.50800520305506
Simulation_000002,Aluminium 6061,77.02537176217506,0.17694756999061625,0.17821365749291196,338.42799548931856
Simulation_000002,Aluminium 6061,77.02537176217506,0.18083652757282762,0.17821365749291196,338.3363757443876
Simulation_000002,Aluminium 6061,77.02537176217506,0.18472548515503895,0.17821365749291196,338.23453397533353
Simulation_000002,Aluminium 6061,77.02537176217506,0.18861444273725028,0.17821365749291196,338.1239118052932
Simulation_000002,Aluminium 6061,77.02537176217506,0.19250340031946164,0.17821365749291196,338.005963523925
Simulation_000002,Aluminium 6061,77.02537176217506,0.19639235790167298,0.17821365749291196,337.8821212199364
Simulation_000002,Aluminium 6061,77.02537176217506,0.20028131548388434,0.17821365749291196,337.7537667010801
Simulation_000002,Aluminium 6061,77.02537176217506,0.20417027306609567,0.17821365749291196,337.6222102316306
Simulation_000002,Aluminium 6061,77.02537176217506,0.20805923064830703,0.17821365749291196,337.4886756284726
Simulation_000002,Aluminium 6061,77.02537176217506,0.21194818823051836,0.17821365749291196,337.35429095296377
Simulation_000002,Aluminium 6061,77.02537176217506,0.21583714581272972,0.17821365749291196,337.2200838896744
Simulation_000002,Aluminium 6061,77.02537176217506,0.21972610339494106,0.17821365749291196,337.0869808767738
Simulation_000002,Aluminium 6061,77.02537176217506,0.22361506097715242,0.17821365749291196,336.9558091072164
Simulation_000002,Aluminium 6061,77.02537176217506,0.22750401855936375,0.17821365749291196,336.82730062113257
Simulation_000002,Aluminium 6061,77.02537176217506,0.2313929761415751,0.17821365749291196,336.7020978318877
Simulation_000002,Aluminium 6061,77.02537176217506,0.23528193372378645,0.17821365749291196,336.5807599530102
Simulation_000002,Aluminium 6061,77.02537176217506,0.2391708913059978,0.17821365749291196,336.4637699093529
Simulation_000002,Aluminium 6061,77.02537176217506,0.24305984888820914,0.17821365749291196,336.35154141752116
Simulation_000002,Aluminium 6061,77.02537176217506,0.2469488064704205,0.17821365749291196,336.2444260055418
Simulation_000002,Aluminium 6061,77.02537176217506,0.2508377640526318,0.17821365749291196,336.14271981012917
Simulation_000002,Aluminium 6061,77.02537176217506,0.25472672163484317,0.17821365749291196,336.04667004322556
Simulation_000002,Aluminium 6061,77.02537176217506,0.2586156792170545,0.17821365749291196,335.9564810598717
Simulation_000002,Aluminium 6061,77.02537176217506,0.26250463679926583,0.17821365749291196,335.8723199891782
Simulation_000002,Aluminium 6061,77.02537176217506,0.2663935943814772,0.17821365749291196,335.79432191138244
Simulation_000002,Aluminium 6061,77.02537176217506,0.27028255196368856,0.17821365749291196,335.72259457858644
Simulation_000002,Aluminium 6061,77.02537176217506,0.27417150954589986,0.17821365749291196,335.6572226863826
Simulation_000002,Aluminium 6061,77.02537176217506,0.2780604671281112,0.17821365749291196,335.59827170948233
Simulation_000002,Aluminium 6061,77.02537176217506,0.2819494247103226,0.17821365749291196,335.54579131767895
Simulation_000002,Aluminium 6061,77.02537176217506,0.28583838229253394,0.17821365749291196,335.4998183897846
Simulation_000002,Aluminium 6061,77.02537176217506,0.28972733987474525,0.17821365749291196,335.46037964317014
Simulation_000002,Aluminium 6061,77.02537176217506,0.2936162974569566,0.17821365749291196,335.42749389562795
Simulation_000002,Aluminium 6061,77.02537176217506,0.29750525503916797,0.17821365749291196,335.40117397479133
Simulation_000002,Aluminium 6061,77.02537176217506,0.30139421262137933,0.17821365749291196,335.3814282884873
Simulation_000002,Aluminium 6061,77.02537176217506,0.30528317020359064,0.17821365749291196,335.36826206732684
Simulation_000002,Aluminium 6061,77.02537176217506,0.309172127785802,0.17821365749291196,335.36167828864484
Simulation_000002,Aluminium 6061,77.02537176217506,0.0019444787911056729,0.18077788278057974,335.13052149907367
Simulation_000002,Aluminium 6061,77.02537176217506,0.005833436373317019,0.18077788278057974,335.1528182483833
Simulation_000002,Aluminium 6061,77.02537176217506,0.009722393955528366,0.18077788278057974,335.1814380456547
Simulation_000002,Aluminium 6061,77.02537176217506,0.013611351537739711,0.18077788278057974,335.2163723861923
Simulation_000002,Aluminium 6061,77.02537176217506,0.017500309119951058,0.18077788278057974,335.25760766167565
Simulation_000002,Aluminium 6061,77.02537176217506,0.021389266702162405,0.18077788278057974,335.3051241332062
Simulation_000002,Aluminium 6061,77.02537176217506,0.02527822428437375,0.18077788278057974,335.3588945531329
Simulation_000002,Aluminium 6061,77.02537176217506,0.029167181866585096,0.18077788278057974,335.4188824283208
Simulation_000002,Aluminium 6061,77.02537176217506,0.03305613944879644,0.18077788278057974,335.48503991611005
Simulation_000002,Aluminium 6061,77.02537176217506,0.03694509703100779,0.18077788278057974,335.5573053431707
Simulation_000002,Aluminium 6061,77.02537176217506,0.04083405461321914,0.18077788278057974,335.63560033695944
Simulation_000002,Aluminium 6061,77.02537176217506,0.044723012195430484,0.18077788278057974,335.7198265597653
Simulation_000002,Aluminium 6061,77.02537176217506,0.048611969777641824,0.18077788278057974,335.80986203671455
Simulation_000002,Aluminium 6061,77.02537176217506,0.05250092735985317,0.18077788278057974,335.9055570720173
Simulation_000002,Aluminium 6061,77.02537176217506,0.05638988494206452,0.18077788278057974,336.00672975273557
Simulation_000002,Aluminium 6061,77.02537176217506,0.060278842524275865,0.18077788278057974,336.11316104715803
Simulation_000002,Aluminium 6061,77.02537176217506,0.0641678001064872,0.18077788278057974,336.2245895163774
Simulation_000002,Aluminium 6061,77.02537176217506,0.06805675768869855,0.18077788278057974,336.3407056739911
Simulation_000002,Aluminium 6061,77.02537176217506,0.0719457152709099,0.18077788278057974,336.4611460512889
Simulation_000002,Aluminium 6061,77.02537176217506,0.07583467285312125,0.18077788278057974,336.585487055343
Simulation_000002,Aluminium 6061,77.02537176217506,0.0797236304353326,0.18077788278057974,336.7132387466453
Simulation_000002,Aluminium 6061,77.02537176217506,0.08361258801754394,0.18077788278057974,336.84383871286326
Simulation_000002,Aluminium 6061,77.02537176217506,0.08750154559975529,0.18077788278057974,336.9766462770671
Simulation_000002,Aluminium 6061,77.02537176217506,0.09139050318196663,0.18077788278057974,337.110937352816
Simulation_000002,Aluminium 6061,77.02537176217506,0.09527946076417797,0.18077788278057974,337.24590034376524
Simulation_000002,Aluminium 6061,77.02537176217506,0.09916841834638931,0.18077788278057974,337.380633578732
Simulation_000002,Aluminium 6061,77.02537176217506,0.10305737592860066,0.18077788278057974,337.5141448679529
Simulation_000002,Aluminium 6061,77.02537176217506,0.10694633351081201,0.18077788278057974,337.6453538517606
Simulation_000002,Aluminium 6061,77.02537176217506,0.11083529109302336,0.18077788278057974,337.77309787304944
Simulation_000002,Aluminium 6061,77.02537176217506,0.1147242486752347,0.18077788278057974,337.8961421180279
Simulation_000002,Aluminium 6061,77.02537176217506,0.11861320625744605,0.18077788278057974,338.0131947094838
Simulation_000002,Aluminium 6061,77.02537176217506,0.1225021638396574,0.18077788278057974,338.12292727468235
Simulation_000002,Aluminium 6061,77.02537176217506,0.12639112142186876,0.18077788278057974,338.22400122094933
Simulation_000002,Aluminium 6061,77.02537176217506,0.1302800790040801,0.18077788278057974,338.3150995222186
Simulation_000002,Aluminium 6061,77.02537176217506,0.13416903658629145,0.18077788278057974,338.39496325723024
Simulation_000002,Aluminium 6061,77.02537176217506,0.13805799416850278,0.18077788278057974,338.4624314843333
Simulation_000002,Aluminium 6061,77.02537176217506,0.14194695175071415,0.18077788278057974,338.516482366615
Simulation_000002,Aluminium 6061,77.02537176217506,0.14583590933292548,0.18077788278057974,338.5562728871418
Simulation_000002,Aluminium 6061,77.02537176217506,0.14972486691513684,0.18077788278057974,338.58117414915
Simulation_000002,Aluminium 6061,77.02537176217506,0.15361382449734817,0.18077788278057974,338.59079926042943
Simulation_000002,Aluminium 6061,77.02537176217506,0.15750278207955953,0.18077788278057974,338.5850212253595
Simulation_000002,Aluminium 6061,77.02537176217506,0.16139173966177087,0.18077788278057974,338.5639790988841
Simulation_000002,Aluminium 6061,77.02537176217506,0.16528069724398223,0.18077788278057974,338.5280717842596
Simulation_000002,Aluminium 6061,77.02537176217506,0.16916965482619356,0.18077788278057974,338.47794009286343
Simulation_000002,Aluminium 6061,77.02537176217506,0.17305861240840492,0.18077788278057974,338.4144388119011
Simulation_000002,Aluminium 6061,77.02537176217506,0.17694756999061625,0.18077788278057974,338.3386013566864
Simulation_000002,Aluminium 6061,77.02537176217506,0.18083652757282762,0.18077788278057974,338.2516000083951
Simulation_000002,Aluminium 6061,77.02537176217506,0.18472548515503895,0.18077788278057974,338.1547047426131
Simulation_000002,Aluminium 6061,77.02537176217506,0.18861444273725028,0.18077788278057974,338.0492433090716
Simulation_000002,Aluminium 6061,77.02537176217506,0.19250340031946164,0.18077788278057974,337.93656464904706
Simulation_000002,Aluminium 6061,77.02537176217506,0.19639235790167298,0.18077788278057974,337.8180070656935
Simulation_000002,Aluminium 6061,77.02537176217506,0.20028131548388434,0.18077788278057974,337.69487190687397
Simulation_000002,Aluminium 6061,77.02537176217506,0.20417027306609567,0.18077788278057974,337.5684029574913
Simulation_000002,Aluminium 6061,77.02537176217506,0.20805923064830703,0.18077788278057974,337.4397713085773
Simulation_000002,Aluminium 6061,77.02537176217506,0.21194818823051836,0.18077788278057974,337.31006518136735
Simulation_000002,Aluminium 6061,77.02537176217506,0.21583714581272972,0.18077788278057974,337.1802840225143
Simulation_000002,Aluminium 6061,77.02537176217506,0.21972610339494106,0.18077788278057974,337.05133612636195
Simulation_000002,Aluminium 6061,77.02537176217506,0.22361506097715242,0.18077788278057974,336.9240390533612
Simulation_000002,Aluminium 6061,77.02537176217506,0.22750401855936375,0.18077788278057974,336.7991221738945
Simulation_000002,Aluminium 6061,77.02537176217506,0.2313929761415751,0.18077788278057974,336.6772307523068
Simulation_000002,Aluminium 6061,77.02537176217506,0.23528193372378645,0.18077788278057974,336.55893108077163
Simulation_000002,Aluminium 6061,77.02537176217506,0.2391708913059978,0.18077788278057974,336.4447162659409
Simulation_000002,Aluminium 6061,77.02537176217506,0.24305984888820914,0.18077788278057974,336.33501235663425
Simulation_000002,Aluminium 6061,77.02537176217506,0.2469488064704205,0.18077788278057974,336.2301845749027
Simulation_000002,Aluminium 6061,77.02537176217506,0.2508377640526318,0.18077788278057974,336.1305434746158
Simulation_000002,Aluminium 6061,77.02537176217506,0.25472672163484317,0.18077788278057974,336.03635090169234
Simulation_000002,Aluminium 6061,77.02537176217506,0.2586156792170545,0.18077788278057974,335.94782566936067
Simulation_000002,Aluminium 6061,77.02537176217506,0.26250463679926583,0.18077788278057974,335.8651488919271
Simulation_000002,Aluminium 6061,77.02537176217506,0.2663935943814772,0.18077788278057974,335.78846894301813
Simulation_000002,Aluminium 6061,77.02537176217506,0.27028255196368856,0.18077788278057974,335.7179060206275
Simulation_000002,Aluminium 6061,77.02537176217506,0.27417150954589986,0.18077788278057974,335.65355631286053
Simulation_000002,Aluminium 6061,77.02537176217506,0.2780604671281112,0.18077788278057974,335.595495766119
Simulation_000002,Aluminium 6061,77.02537176217506,0.2819494247103226,0.18077788278057974,335.543783462527
Simulation_000002,Aluminium 6061,77.02537176217506,0.28583838229253394,0.18077788278057974,335.4984646163653
Simulation_000002,Aluminium 6061,77.02537176217506,0.28972733987474525,0.18077788278057974,335.4595732007322
Simulation_000002,Aluminium 6061,77.02537176217506,0.2936162974569566,0.18077788278057974,335.42713421600274
Simulation_000002,Aluminium 6061,77.02537176217506,0.29750525503916797,0.18077788278057974,335.40116561123386
Simulation_000002,Aluminium 6061,77.02537176217506,0.30139421262137933,0.18077788278057974,335.3816798687107
Simulation_000002,Aluminium 6061,77.02537176217506,0.30528317020359064,0.18077788278057974,335.36868526050097
Simulation_000002,Aluminium 6061,77.02537176217506,0.309172127785802,0.18077788278057974,335.3621867843251
Simulation_000002,Aluminium 6061,77.02537176217506,0.0019444787911056729,0.18334210806824755,335.13097870368756
Simulation_000002,Aluminium 6061,77.02537176217506,0.005833436373317019,0.18334210806824755,335.1531882353234
Simulation_000002,Aluminium 6061,77.02537176217506,0.009722393955528366,0.18334210806824755,335.18163260449285
Simulation_000002,Aluminium 6061,77.02537176217506,0.013611351537739711,0.18334210806824755,335.21630131861554
Simulation_000002,Aluminium 6061,77.02537176217506,0.017500309119951058,0.18334210806824755,335.2571777820948
Simulation_000002,Aluminium 6061,77.02537176217506,0.021389266702162405,0.18334210806824755,335.30423826422447
Simulation_000002,Aluminium 6061,77.02537176217506,0.02527822428437375,0.18334210806824755,335.3574505165683
Simulation_000002,Aluminium 6061,77.02537176217506,0.029167181866585096,0.18334210806824755,335.41677203468186
Simulation_000002,Aluminium 6061,77.02537176217506,0.03305613944879644,0.18334210806824755,335.4821479583612
Simulation_000002,Aluminium 6061,77.02537176217506,0.03694509703100779,0.18334210806824755,335.5535086044127
Simulation_000002,Aluminium 6061,77.02537176217506,0.04083405461321914,0.18334210806824755,335.6307666264207
Simulation_000002,Aluminium 6061,77.02537176217506,0.044723012195430484,0.18334210806824755,335.7138137974077
Simulation_000002,Aluminium 6061,77.02537176217506,0.048611969777641824,0.18334210806824755,335.80251741394954
Simulation_000002,Aluminium 6061,77.02537176217506,0.05250092735985317,0.18334210806824755,335.8967163246474
Simulation_000002,Aluminium 6061,77.02537176217506,0.05638988494206452,0.18334210806824755,335.99621659238363
Simulation_000002,Aluminium 6061,77.02537176217506,0.060278842524275865,0.18334210806824755,336.1007868091525
Simulation_000002,Aluminium 6061,77.02537176217506,0.0641678001064872,0.18334210806824755,336.21015309523636
Simulation_000002,Aluminium 6061,77.02537176217506,0.06805675768869855,0.18334210806824755,336.3239938320061
Simulation_000002,Aluminium 6061,77.02537176217506,0.0719457152709099,0.18334210806824755,336.4419342007018
Simulation_000002,Aluminium 6061,77.02537176217506,0.07583467285312125,0.18334210806824755,336.56354062928364
Simulation_000002,Aluminium 6061,77.02537176217506,0.0797236304353326,0.18334210806824755,336.68831528691186
Simulation_000002,Aluminium 6061,77.02537176217506,0.08361258801754394,0.18334210806824755,336.8156908116707
Simulation_000002,Aluminium 6061,77.02537176217506,0.08750154559975529,0.18334210806824755,336.9450255122075
Simulation_000002,Aluminium 6061,77.02537176217506,0.09139050318196663,0.18334210806824755,337.07559934755307
Simulation_000002,Aluminium 6061,77.02537176217506,0.09527946076417797,0.18334210806824755,337.20661105972295
Simulation_000002,Aluminium 6061,77.02537176217506,0.09916841834638931,0.18334210806824755,337.33717690693993
Simulation_000002,Aluminium 6061,77.02537176217506,0.10305737592860066,0.18334210806824755,337.4663315149069
Simulation_000002,Aluminium 6061,77.02537176217506,0.10694633351081201,0.18334210806824755,337.5930314195217
Simulation_000002,Aluminium 6061,77.02537176217506,0.11083529109302336,0.18334210806824755,337.71616190288876
Simulation_000002,Aluminium 6061,77.02537176217506,0.1147242486752347,0.18334210806824755,337.8345477078899
Simulation_000002,Aluminium 6061,77.02537176217506,0.11861320625744605,0.18334210806824755,337.946968134742
Simulation_000002,Aluminium 6061,77.02537176217506,0.1225021638396574,0.18334210806824755,338.0521768557882
Simulation_000002,Aluminium 6061,77.02537176217506,0.12639112142186876,0.18334210806824755,338.1489265166124
Simulation_000002,Aluminium 6061,77.02537176217506,0.1302800790040801,0.18334210806824755,338.23599781749533
Simulation_000002,Aluminium 6061,77.02537176217506,0.13416903658629145,0.18334210806824755,338.31223230222355
Simulation_000002,Aluminium 6061,77.02537176217506,0.13805799416850278,0.18334210806824755,338.3765675585199
Simulation_000002,Aluminium 6061,77.02537176217506,0.14194695175071415,0.18334210806824755,338.42807302009237
Simulation_000002,Aluminium 6061,77.02537176217506,0.14583590933292548,0.18334210806824755,338.46598414147127
Simulation_000002,Aluminium 6061,77.02537176217506,0.14972486691513684,0.18334210806824755,338.4897324897751
Simulation_000002,Aluminium 6061,77.02537176217506,0.15361382449734817,0.18334210806824755,338.4989693457093
Simulation_000002,Aluminium 6061,77.02537176217506,0.15750278207955953,0.18334210806824755,338.4935807735344
Simulation_000002,Aluminium 6061,77.02537176217506,0.16139173966177087,0.18334210806824755,338.4736927894785
Simulation_000002,Aluminium 6061,77.02537176217506,0.16528069724398223,0.18334210806824755,338.4396661453591
Simulation_000002,Aluminium 6061,77.02537176217506,0.16916965482619356,0.18334210806824755,338.39208121077576
Simulation_000002,Aluminium 6061,77.02537176217506,0.17305861240840492,0.18334210806824755,338.3317143245253
Simulation_000002,Aluminium 6061,77.02537176217506,0.17694756999061625,0.18334210806824755,338.2595076556435
Simulation_000002,Aluminium 6061,77.02537176217506,0.18083652757282762,0.18334210806824755,338.17653498191555
Simulation_000002,Aluminium 6061,77.02537176217506,0.18472548515503895,0.18334210806824755,338.0839658418783
Simulation_000002,Aluminium 6061,77.02537176217506,0.18861444273725028,0.18334210806824755,337.9830302893288
Simulation_000002,Aluminium 6061,77.02537176217506,0.19250340031946164,0.18334210806824755,337.87498606054413
Simulation_000002,Aluminium 6061,77.02537176217506,0.19639235790167298,0.18334210806824755,337.7610894501743
Simulation_000002,Aluminium 6061,77.02537176217506,0.20028131548388434,0.18334210806824755,337.6425706690533
Simulation_000002,Aluminium 6061,77.02537176217506,0.20417027306609567,0.18334210806824755,337.52061399019595
Simulation_000002,Aluminium 6061,77.02537176217506,0.20805923064830703,0.18334210806824755,337.39634261521155
Simulation_000002,Aluminium 6061,77.02537176217506,0.21194818823051836,0.18334210806824755,337.27080792523975
Simulation_000002,Aluminium 6061,77.02537176217506,0.21583714581272972,0.18334210806824755,337.1449826133699
Simulation_000002,Aluminium 6061,77.02537176217506,0.21972610339494106,0.18334210806824755,337.01975711370875
Simulation_000002,Aluminium 6061,77.02537176217506,0.22361506097715242,0.18334210806824755,336.89593872570424
Simulation_000002,Aluminium 6061,77.02537176217506,0.22750401855936375,0.18334210806824755,336.77425286083854
Simulation_000002,Aluminium 6061,77.02537176217506,0.2313929761415751,0.18334210806824755,336.655345894801
Simulation_000002,Aluminium 6061,77.02537176217506,0.23528193372378645,0.18334210806824755,336.5397891778834
Simulation_000002,Aluminium 6061,77.02537176217506,0.2391708913059978,0.18334210806824755,336.42808382961874
Simulation_000002,Aluminium 6061,77.02537176217506,0.24305984888820914,0.18334210806824755,336.32066601405734
Simulation_000002,Aluminium 6061,77.02537176217506,0.2469488064704205,0.18334210806824755,336.2179124557087
Simulation_000002,Aluminium 6061,77.02537176217506,0.2508377640526318,0.18334210806824755,336.1201460112747
Simulation_000002,Aluminium 6061,77.02537176217506,0.25472672163484317,0.18334210806824755,336.0276411583929
Simulation_000002,Aluminium 6061,77.02537176217506,0.2586156792170545,0.18334210806824755,335.94062930011944
Simulation_000002,Aluminium 6061,77.02537176217506,0.26250463679926583,0.18334210806824755,335.85930381365455
Simulation_000002,Aluminium 6061,77.02537176217506,0.2663935943814772,0.18334210806824755,335.7838247949311
Simulation_000002,Aluminium 6061,77.02537176217506,0.27028255196368856,0.18334210806824755,335.7143234682401
Simulation_000002,Aluminium 6061,77.02537176217506,0.27417150954589986,0.18334210806824755,335.6509062430866
Simulation_000002,Aluminium 6061,77.02537176217506,0.2780604671281112,0.18334210806824755,335.5936584098824
Simulation_000002,Aluminium 6061,77.02537176217506,0.2819494247103226,0.18334210806824755,335.54264747265455
Simulation_000002,Aluminium 6061,77.02537176217506,0.28583838229253394,0.18334210806824755,335.4979261213377
Simulation_000002,Aluminium 6061,77.02537176217506,0.28972733987474525,0.18334210806824755,335.4595348489422
Simulation_000002,Aluminium 6061,77.02537176217506,0.2936162974569566,0.18334210806824755,335.42750422036045
Simulation_000002,Aluminium 6061,77.02537176217506,0.29750525503916797,0.18334210806824755,335.40185680011837
Simulation_000002,Aluminium 6061,77.02537176217506,0.30139421262137933,0.18334210806824755,335.38260874624126
Simulation_000002,Aluminium 6061,77.02537176217506,0.30528317020359064,0.18334210806824755,335.3697710767807
Simulation_000002,Aluminium 6061,77.02537176217506,0.309172127785802,0.18334210806824755,335.3633506145705
Simulation_000002,Aluminium 6061,77.02537176217506,0.0019444787911056729,0.18590633335591536,335.13219177893586
Simulation_000002,Aluminium 6061,77.02537176217506,0.005833436373317019,0.18590633335591536,335.15432270894814
Simulation_000002,Aluminium 6061,77.02537176217506,0.009722393955528366,0.18590633335591536,335.1826089914419
Simulation_000002,Aluminium 6061,77.02537176217506,0.013611351537739711,0.18590633335591536,335.217038365472
Simulation_000002,Aluminium 6061,77.02537176217506,0.017500309119951058,0.18590633335591536,335.25759157958714
Simulation_000002,Aluminium 6061,77.02537176217506,0.021389266702162405,0.18590633335591536,335.3042413570809
Simulation_000002,Aluminium 6061,77.02537176217506,0.02527822428437375,0.18590633335591536,335.3569510120812
Simulation_000002,Aluminium 6061,77.02537176217506,0.029167181866585096,0.18590633335591536,335.4156727133987
Simulation_000002,Aluminium 6061,77.02537176217506,0.03305613944879644,0.18590633335591536,335.48034539304376
Simulation_000002,Aluminium 6061,77.02537176217506,0.03694509703100779,0.18590633335591536,335.5508922968856
Simulation_000002,Aluminium 6061,77.02537176217506,0.04083405461321914,0.18590633335591536,335.627218176293
Simulation_000002,Aluminium 6061,77.02537176217506,0.044723012195430484,0.18590633335591536,335.7092061220034
Simulation_000002,Aluminium 6061,77.02537176217506,0.048611969777641824,0.18590633335591536,335.79671404523896
Simulation_000002,Aluminium 6061,77.02537176217506,0.05250092735985317,0.18590633335591536,335.88957081662795
Simulation_000002,Aluminium 6061,77.02537176217506,0.05638988494206452,0.18590633335591536,335.98757208126045
Simulation_000002,Aluminium 6061,77.02537176217506,0.060278842524275865,0.18590633335591536,336.0904757787891
Simulation_000002,Aluminium 6061,77.02537176217506,0.0641678001064872,0.18590633335591536,336.1979974115347
Simulation_000002,Aluminium 6061,77.02537176217506,0.06805675768869855,0.18590633335591536,336.30980512180025
Simulation_000002,Aluminium 6061,77.02537176217506,0.0719457152709099,0.18590633335591536,336.4255146628262
Simulation_000002,Aluminium 6061,77.02537176217506,0.07583467285312125,0.18590633335591536,336.5446843767767
Simulation_000002,Aluminium 6061,77.02537176217506,0.0797236304353326,0.18590633335591536,336.6668103284714
Simulation_000002,Aluminium 6061,77.02537176217506,0.08361258801754394,0.18590633335591536,336.7913217855966
Simulation_000002,Aluminium 6061,77.02537176217506,0.08750154559975529,0.18590633335591536,336.91757728464546
Simulation_000002,Aluminium 6061,77.02537176217506,0.09139050318196663,0.18590633335591536,337.0448615757887
Simulation_000002,Aluminium 6061,77.02537176217506,0.09527946076417797,0.18590633335591536,337.1723837969259
Simulation_000002,Aluminium 6061,77.02537176217506,0.09916841834638931,0.18590633335591536,337.29927728322417
Simulation_000002,Aluminium 6061,77.02537176217506,0.10305737592860066,0.18590633335591536,337.42460146718133
Simulation_000002,Aluminium 6061,77.02537176217506,0.10694633351081201,0.18590633335591536,337.54734635669166
Simulation_000002,Aluminium 6061,77.02537176217506,0.11083529109302336,0.18590633335591536,337.66644008303643
Simulation_000002,Aluminium 6061,77.02537176217506,0.1147242486752347,0.18590633335591536,337.78075997315733
Simulation_000002,Aluminium 6061,77.02537176217506,0.11861320625744605,0.18590633335591536,337.8891475059351
Simulation_000002,Aluminium 6061,77.02537176217506,0.1225021638396574,0.18590633335591536,337.9904273467295
Simulation_000002,Aluminium 6061,77.02537176217506,0.12639112142186876,0.18590633335591536,338.08343040932976
Simulation_000002,Aluminium 6061,77.02537176217506,0.1302800790040801,0.18590633335591536,338.1670205704696
Simulation_000002,Aluminium 6061,77.02537176217506,0.13416903658629145,0.18590633335591536,338.2401242744527
Simulation_000002,Aluminium 6061,77.02537176217506,0.13805799416850278,0.18590633335591536,338.3017618477808
Simulation_000002,Aluminium 6061,77.02537176217506,0.14194695175071415,0.18590633335591536,338.351078948544
Simulation_000002,Aluminium 6061,77.02537176217506,0.14583590933292548,0.18590633335591536,338.3873762697388
Simulation_000002,Aluminium 6061,77.02537176217506,0.14972486691513684,0.18590633335591536,338.41013547029866
Simulation_000002,Aluminium 6061,77.02537176217506,0.15361382449734817,0.18590633335591536,338.4190393803992
Simulation_000002,Aluminium 6061,77.02537176217506,0.15750278207955953,0.18590633335591536,338.4139848456124
Simulation_000002,Aluminium 6061,77.02537176217506,0.16139173966177087,0.18590633335591536,338.3950871199907
Simulation_000002,Aluminium 6061,77.02537176217506,0.16528069724398223,0.18590633335591536,338.3626754252993
Simulation_000002,Aluminium 6061,77.02537176217506,0.16916965482619356,0.18590633335591536,338.3172800593071
Simulation_000002,Aluminium 6061,77.02537176217506,0.17305861240840492,0.18590633335591536,338.25961214318966
Simulation_000002,Aluminium 6061,77.02537176217506,0.17694756999061625,0.18590633335591536,338.19053764360933
Simulation_000002,Aluminium 6061,77.02537176217506,0.18083652757282762,0.18590633335591536,338.1110476230633
Simulation_000002,Aluminium 6061,77.02537176217506,0.18472548515503895,0.18590633335591536,338.02222674488434
Simulation_000002,Aluminium 6061,77.02537176217506,0.18861444273725028,0.18590633335591536,337.9252219139117
Simulation_000002,Aluminium 6061,77.02537176217506,0.19250340031946164,0.18590633335591536,337.8212126282858
Simulation_000002,Aluminium 6061,77.02537176217506,0.19639235790167298,0.18590633335591536,337.7113842227047
Simulation_000002,Aluminium 6061,77.02537176217506,0.20028131548388434,0.18590633335591536,337.5969047658606
Simulation_000002,Aluminium 6061,77.02537176217506,0.20417027306609567,0.18590633335591536,337.4789059871943
Simulation_000002,Aluminium 6061,77.02537176217506,0.20805923064830703,0.18590633335591536,337.35846828414424
Simulation_000002,Aluminium 6061,77.02537176217506,0.21194818823051836,0.18590633335591536,337.2366096159925
Simulation_000002,Aluminium 6061,77.02537176217506,0.21583714581272972,0.18590633335591536,337.1142779249844
Simulation_000002,Aluminium 6061,77.02537176217506,0.21972610339494106,0.18590633335591536,336.992346630796
Simulation_000002,Aluminium 6061,77.02537176217506,0.22361506097715242,0.18590633335591536,336.8716127069004
Simulation_000002,Aluminium 6061,77.02537176217506,0.22750401855936375,0.18590633335591536,336.75279685186723
Simulation_000002,Aluminium 6061,77.02537176217506,0.2313929761415751,0.18590633335591536,336.63654530111086
Simulation_000002,Aluminium 6061,77.02537176217506,0.23528193372378645,0.18590633335591536,336.52343287337254
Simulation_000002,Aluminium 6061,77.02537176217506,0.2391708913059978,0.18590633335591536,336.4139669023184
Simulation_000002,Aluminium 6061,77.02537176217506,0.24305984888820914,0.18590633335591536,336.3085917607258
Simulation_000002,Aluminium 6061,77.02537176217506,0.2469488064704205,0.18590633335591536,336.20769373872145
Simulation_000002,Aluminium 6061,77.02537176217506,0.2508377640526318,0.18590633335591536,336.11160608608935
Simulation_000002,Aluminium 6061,77.02537176217506,0.25472672163484317,0.18590633335591536,336.0206140707285
Simulation_000002,Aluminium 6061,77.02537176217506,0.2586156792170545,0.18590633335591536,335.93495994070156
Simulation_000002,Aluminium 6061,77.02537176217506,0.26250463679926583,0.18590633335591536,335.85484770631615
Simulation_000002,Aluminium 6061,77.02537176217506,0.2663935943814772,0.18590633335591536,335.78044768194655
Simulation_000002,Aluminium 6061,77.02537176217506,0.27028255196368856,0.18590633335591536,335.71190074558996
Simulation_000002,Aluminium 6061,77.02537176217506,0.27417150954589986,0.18590633335591536,335.6493222882411
Simulation_000002,Aluminium 6061,77.02537176217506,0.2780604671281112,0.18590633335591536,335.5928058357903
Simulation_000002,Aluminium 6061,77.02537176217506,0.2819494247103226,0.18590633335591536,335.5424263339679
Simulation_000002,Aluminium 6061,77.02537176217506,0.28583838229253394,0.18590633335591536,335.4982430924338
Simulation_000002,Aluminium 6061,77.02537176217506,0.28972733987474525,0.18590633335591536,335.46030238792895
Simulation_000002,Aluminium 6061,77.02537176217506,0.2936162974569566,0.18590633335591536,335.42863972885374
Simulation_000002,Aluminium 6061,77.02537176217506,0.29750525503916797,0.18590633335591536,335.40328178503836
Simulation_000002,Aluminium 6061,77.02537176217506,0.30139421262137933,0.18590633335591536,335.3842479870697
Simulation_000002,Aluminium 6061,77.02537176217506,0.30528317020359064,0.18590633335591536,335.37155179955096
Simulation_000002,Aluminium 6061,77.02537176217506,0.309172127785802,0.18590633335591536,335.36520167223523
Simulation_000002,Aluminium 6061,77.02537176217506,0.0019444787911056729,0.18847055864358314,335.1341929099094
Simulation_000002,Aluminium 6061,77.02537176217506,0.005833436373317019,0.18847055864358314,335.1562542336604
Simulation_000002,Aluminium 6061,77.02537176217506,0.009722393955528366,0.18847055864358314,335.18440053021345
Simulation_000002,Aluminium 6061,77.02537176217506,0.013611351537739711,0.18847055864358314,335.218617990948
Simulation_000002,Aluminium 6061,77.02537176217506,0.017500309119951058,0.18847055864358314,335.25888504122355
Simulation_000002,Aluminium 6061,77.02537176217506,0.021389266702162405,0.18847055864358314,335.30517130481945
Simulation_000002,Aluminium 6061,77.02537176217506,0.02527822428437375,0.18847055864358314,335.3574362209955
Simulation_000002,Aluminium 6061,77.02537176217506,0.029167181866585096,0.18847055864358314,335.4156273129617
Simulation_000002,Aluminium 6061,77.02537176217506,0.03305613944879644,0.18847055864358314,335.4796781071213
Simulation_000002,Aluminium 6061,77.02537176217506,0.03694509703100779,0.18847055864358314,335.54950570369897
Simulation_000002,Aluminium 6061,77.02537176217506,0.04083405461321914,0.18847055864358314,335.625008001489
Simulation_000002,Aluminium 6061,77.02537176217506,0.044723012195430484,0.18847055864358314,335.706060582717
Simulation_000002,Aluminium 6061,77.02537176217506,0.048611969777641824,0.18847055864358314,335.792513268719
Simulation_000002,Aluminium 6061,77.02537176217506,0.05250092735985317,0.18847055864358314,335.8841863636643
Simulation_000002,Aluminium 6061,77.02537176217506,0.05638988494206452,0.18847055864358314,335.98086661232077
Simulation_000002,Aluminium 6061,77.02537176217506,0.060278842524275865,0.18847055864358314,336.0823029093736
Simulation_000002,Aluminium 6061,77.02537176217506,0.0641678001064872,0.18847055864358314,336.18820181260406
Simulation_000002,Aluminium 6061,77.02537176217506,0.06805675768869855,0.18847055864358314,336.29822293087835
Simulation_000002,Aluminium 6061,77.02537176217506,0.0719457152709099,0.18847055864358314,336.4119742809453
Simulation_000002,Aluminium 6061,77.02537176217506,0.07583467285312125,0.18847055864358314,336.5290077349475
Simulation_000002,Aluminium 6061,77.02537176217506,0.0797236304353326,0.18847055864358314,336.6488147135892
Simulation_000002,Aluminium 6061,77.02537176217506,0.08361258801754394,0.18847055864358314,336.77082231796567
Simulation_000002,Aluminium 6061,77.02537176217506,0.08750154559975529,0.18847055864358314,336.89439013550515
Simulation_000002,Aluminium 6061,77.02537176217506,0.09139050318196663,0.18847055864358314,337.01880800078857
Simulation_000002,Aluminium 6061,77.02537176217506,0.09527946076417797,0.18847055864358314,337.14329503756016
Simulation_000002,Aluminium 6061,77.02537176217506,0.09916841834638931,0.18847055864358314,337.26700034986703
Simulation_000002,Aluminium 6061,77.02537176217506,0.10305737592860066,0.18847055864358314,337.3890057620333
Simulation_000002,Aluminium 6061,77.02537176217506,0.10694633351081201,0.18847055864358314,337.50833102118673
Simulation_000002,Aluminium 6061,77.02537176217506,0.11083529109302336,0.18847055864358314,337.62394186256347
Simulation_000002,Aluminium 6061,77.02537176217506,0.1147242486752347,0.18847055864358314,337.73476128584787
Simulation_000002,Aluminium 6061,77.02537176217506,0.11861320625744605,0.18847055864358314,337.8396842893292
Simulation_000002,Aluminium 6061,77.02537176217506,0.1225021638396574,0.18847055864358314,337.9375961487522
Simulation_000002,Aluminium 6061,77.02537176217506,0.12639112142186876,0.18847055864358314,338.02739410534764
Simulation_000002,Aluminium 6061,77.02537176217506,0.1302800790040801,0.18847055864358314,338.10801204697424
Simulation_000002,Aluminium 6061,77.02537176217506,0.13416903658629145,0.18847055864358314,338.1784474434968
Simulation_000002,Aluminium 6061,77.02537176217506,0.13805799416850278,0.18847055864358314,338.237789462116
Simulation_000002,Aluminium 6061,77.02537176217506,0.14194695175071415,0.18847055864358314,338.28524688322807
Simulation_000002,Aluminium 6061,77.02537176217506,0.14583590933292548,0.18847055864358314,338.32017421431505
Simulation_000002,Aluminium 6061,77.02537176217506,0.14972486691513684,0.18847055864358314,338.3420943104402
Simulation_000002,Aluminium 6061,77.02537176217506,0.15361382449734817,0.18847055864358314,338.350715895542
Simulation_000002,Aluminium 6061,77.02537176217506,0.15750278207955953,0.18847055864358314,338.3459446550339
Simulation_000002,Aluminium 6061,77.02537176217506,0.16139173966177087,0.18847055864358314,338.32788702012203
Simulation_000002,Aluminium 6061,77.02537176217506,0.16528069724398223,0.18847055864358314,338.2968463360538
Simulation_000002,Aluminium 6061,77.02537176217506,0.16916965482619356,0.18847055864358314,338.2533117222176
Simulation_000002,Aluminium 6061,77.02537176217506,0.17305861240840492,0.18847055864358314,338.19794050381586
Simulation_000002,Aluminium 6061,77.02537176217506,0.17694756999061625,0.18847055864358314,338.131535544751
Simulation_000002,Aluminium 6061,77.02537176217506,0.18083652757282762,0.18847055864358314,338.0550190876845
Simulation_000002,Aluminium 6061,77.02537176217506,0.18472548515503895,0.18847055864358314,337.96940479286815
Simulation_000002,Aluminium 6061,77.02537176217506,0.18861444273725028,0.18847055864358314,337.8757695784348
Simulation_000002,Aluminium 6061,77.02537176217506,0.19250340031946164,0.18847055864358314,337.77522664178673
Simulation_000002,Aluminium 6061,77.02537176217506,0.19639235790167298,0.18847055864358314,337.6689007366005
Simulation_000002,Aluminium 6061,77.02537176217506,0.20028131548388434,0.18847055864358314,337.557906444593
Simulation_000002,Aluminium 6061,77.02537176217506,0.20417027306609567,0.18847055864358314,337.44332985841436
Simulation_000002,Aluminium 6061,77.02537176217506,0.20805923064830703,0.18847055864358314,337.3262138115119
Simulation_000002,Aluminium 6061,77.02537176217506,0.21194818823051836,0.18847055864358314,337.20754656845475
Simulation_000002,Aluminium 6061,77.02537176217506,0.21583714581272972,0.18847055864358314,337.0882537293398
Simulation_000002,Aluminium 6061,77.02537176217506,0.21972610339494106,0.18847055864358314,336.9691930004644
Simulation_000002,Aluminium 6061,77.02537176217506,0.22361506097715242,0.18847055864358314,336.8511514315194
Simulation_000002,Aluminium 6061,77.02537176217506,0.22750401855936375,0.18847055864358314,336.7348447061056
Simulation_000002,Aluminium 6061,77.02537176217506,0.2313929761415751,0.18847055864358314,336.62091808642987
Simulation_000002,Aluminium 6061,77.02537176217506,0.23528193372378645,0.18847055864358314,336.50994864484363
Simulation_000002,Aluminium 6061,77.02537176217506,0.2391708913059978,0.18847055864358314,336.40244845655565
Simulation_000002,Aluminium 6061,77.02537176217506,0.24305984888820914,0.18847055864358314,336.2988684734339
Simulation_000002,Aluminium 6061,77.02537176217506,0.2469488064704205,0.18847055864358314,336.19960284417505
Simulation_000002,Aluminium 6061,77.02537176217506,0.2508377640526318,0.18847055864358314,336.10499348859673
Simulation_000002,Aluminium 6061,77.02537176217506,0.25472672163484317,0.18847055864358314,336.01533477191725
Simulation_000002,Aluminium 6061,77.02537176217506,0.2586156792170545,0.18847055864358314,335.9308781579615
Simulation_000002,Aluminium 6061,77.02537176217506,0.26250463679926583,0.18847055864358314,335.8518367481781
Simulation_000002,Aluminium 6061,77.02537176217506,0.2663935943814772,0.18847055864358314,335.7783896364403
Simulation_000002,Aluminium 6061,77.02537176217506,0.27028255196368856,0.18847055864358314,335.71068602828706
Simulation_000002,Aluminium 6061,77.02537176217506,0.27417150954589986,0.18847055864358314,335.64884908809086
Simulation_000002,Aluminium 6061,77.02537176217506,0.2780604671281112,0.18847055864358314,335.5929794891916
Simulation_000002,Aluminium 6061,77.02537176217506,0.2819494247103226,0.18847055864358314,335.5431586508435
Simulation_000002,Aluminium 6061,77.02537176217506,0.28583838229253394,0.18847055864358314,335.4994516523784
Simulation_000002,Aluminium 6061,77.02537176217506,0.28972733987474525,0.18847055864358314,335.4619098197308
Simulation_000002,Aluminium 6061,77.02537176217506,0.2936162974569566,0.18847055864358314,335.4305729827542
Simulation_000002,Aluminium 6061,77.02537176217506,0.29750525503916797,0.18847055864358314,335.40547140390277
Simulation_000002,Aluminium 6061,77.02537176217506,0.30139421262137933,0.18847055864358314,335.386627380105
Simulation_000002,Aluminium 6061,77.02537176217506,0.30528317020359064,0.18847055864358314,335.3740565202245
Simulation_000002,Aluminium 6061,77.02537176217506,0.309172127785802,0.18847055864358314,335.36776870056644
Simulation_000002,Aluminium 6061,77.02537176217506,0.0019444787911056729,0.19103478393125095,335.13701058943485
Simulation_000002,Aluminium 6061,77.02537176217506,0.005833436373317019,0.19103478393125095,335.1590116343088
Simulation_000002,Aluminium 6061,77.02537176217506,0.009722393955528366,0.19103478393125095,335.18703671009183
Simulation_000002,Aluminium 6061,77.02537176217506,0.013611351537739711,0.19103478393125095,335.22107068177615
Simulation_000002,Aluminium 6061,77.02537176217506,0.017500309119951058,0.19103478393125095,335.26108998462826
Simulation_000002,Aluminium 6061,77.02537176217506,0.021389266702162405,0.19103478393125095,335.3070615890801
Simulation_000002,Aluminium 6061,77.02537176217506,0.02527822428437375,0.19103478393125095,335.35894162021316
Simulation_000002,Aluminium 6061,77.02537176217506,0.029167181866585096,0.19103478393125095,335.4166736322688
Simulation_000002,Aluminium 6061,77.02537176217506,0.03305613944879644,0.19103478393125095,335.4801865397162
Simulation_000002,Aluminium 6061,77.02537176217506,0.03694509703100779,0.19103478393125095,335.54939220823354
Simulation_000002,Aluminium 6061,77.02537176217506,0.04083405461321914,0.19103478393125095,335.6241827117301
Simulation_000002,Aluminium 6061,77.02537176217506,0.044723012195430484,0.19103478393125095,335.70442726551545
Simulation_000002,Aluminium 6061,77.02537176217506,0.048611969777641824,0.19103478393125095,335.7899688512009
Simulation_000002,Aluminium 6061,77.02537176217506,0.05250092735985317,0.19103478393125095,335.88062055624005
Simulation_000002,Aluminium 6061,77.02537176217506,0.05638988494206452,0.19103478393125095,335.9761616605733
Simulation_000002,Aluminium 6061,77.02537176217506,0.060278842524275865,0.19103478393125095,336.07633351504666
Simulation_000002,Aluminium 6061,77.02537176217506,0.0641678001064872,0.19103478393125095,336.1808352715692
Simulation_000002,Aluminium 6061,77.02537176217506,0.06805675768869855,0.19103478393125095,336.2893195437768
Simulation_000002,Aluminium 6061,77.02537176217506,0.0719457152709099,0.19103478393125095,336.40138809963486
Simulation_000002,Aluminium 6061,77.02537176217506,0.07583467285312125,0.19103478393125095,336.51658771415674
Simulation_000002,Aluminium 6061,77.02537176217506,0.0797236304353326,0.19103478393125095,336.63440634119866
Simulation_000002,Aluminium 6061,77.02537176217506,0.08361258801754394,0.19103478393125095,336.7542697976922
Simulation_000002,Aluminium 6061,77.02537176217506,0.08750154559975529,0.19103478393125095,336.8755391906895
Simulation_000002,Aluminium 6061,77.02537176217506,0.09139050318196663,0.19103478393125095,336.9975093554368
Simulation_000002,Aluminium 6061,77.02537176217506,0.09527946076417797,0.19103478393125095,337.1194086085325
Simulation_000002,Aluminium 6061,77.02537176217506,0.09916841834638931,0.19103478393125095,337.24040015000577
Simulation_000002,Aluminium 6061,77.02537176217506,0.10305737592860066,0.19103478393125095,337.35958546639
Simulation_000002,Aluminium 6061,77.02537176217506,0.10694633351081201,0.19103478393125095,337.47601008667823
Simulation_000002,Aluminium 6061,77.02537176217506,0.11083529109302336,0.19103478393125095,337.5886720164113
Simulation_000002,Aluminium 6061,77.02537176217506,0.1147242486752347,0.19103478393125095,337.6965331135412
Simulation_000002,Aluminium 6061,77.02537176217506,0.11861320625744605,0.19103478393125095,337.7985335653088
Simulation_000002,Aluminium 6061,77.02537176217506,0.1225021638396574,0.19103478393125095,337.89360947277066
Simulation_000002,Aluminium 6061,77.02537176217506,0.12639112142186876,0.19103478393125095,337.98071334807605
Simulation_000002,Aluminium 6061,77.02537176217506,0.1302800790040801,0.19103478393125095,338.05883708554944
Simulation_000002,Aluminium 6061,77.02537176217506,0.13416903658629145,0.19103478393125095,338.12703669675005
Simulation_000002,Aluminium 6061,77.02537176217506,0.13805799416850278,0.19103478393125095,338.1844578278722
Simulation_000002,Aluminium 6061,77.02537176217506,0.14194695175071415,0.19103478393125095,338.2303608401939
Simulation_000002,Aluminium 6061,77.02537176217506,0.14583590933292548,0.19103478393125095,338.2641440710778
Simulation_000002,Aluminium 6061,77.02537176217506,0.14972486691513684,0.19103478393125095,338.2853638429947
Simulation_000002,Aluminium 6061,77.02537176217506,0.15361382449734817,0.19103478393125095,338.29374987948427
Simulation_000002,Aluminium 6061,77.02537176217506,0.15750278207955953,0.19103478393125095,338.28921502901517
Simulation_000002,Aluminium 6061,77.02537176217506,0.16139173966177087,0.19103478393125095,338.2718585744937
Simulation_000002,Aluminium 6061,77.02537176217506,0.16528069724398223,0.19103478393125095,338.2419628765387
Simulation_000002,Aluminium 6061,77.02537176217506,0.16916965482619356,0.19103478393125095,338.1999836025408
Simulation_000002,Aluminium 6061,77.02537176217506,0.17305861240840492,0.19103478393125095,338.1465342638948
Simulation_000002,Aluminium 6061,77.02537176217506,0.17694756999061625,0.19103478393125095,338.08236616059133
Simulation_000002,Aluminium 6061,77.02537176217506,0.18083652757282762,0.19103478393125095,338.0083450744118
Simulation_000002,Aluminium 6061,77.02537176217506,0.18472548515503895,0.19103478393125095,337.9254261434307
Simulation_000002,Aluminium 6061,77.02537176217506,0.18861444273725028,0.19103478393125095,337.83462830051513
Simulation_000002,Aluminium 6061,77.02537176217506,0.19250340031946164,0.19103478393125095,337.73700949533185
Simulation_000002,Aluminium 6061,77.02537176217506,0.19639235790167298,0.19103478393125095,337.6336436817376
Simulation_000002,Aluminium 6061,77.02537176217506,0.20028131548388434,0.19103478393125095,337.52560028065426
Simulation_000002,Aluminium 6061,77.02537176217506,0.20417027306609567,0.19103478393125095,337.4139265576745
Simulation_000002,Aluminium 6061,77.02537176217506,0.20805923064830703,0.19103478393125095,337.2996331106328
Simulation_000002,Aluminium 6061,77.02537176217506,0.21194818823051836,0.19103478393125095,337.1836824608784
Simulation_000002,Aluminium 6061,77.02537176217506,0.21583714581272972,0.19103478393125095,337.0669805894196
Simulation_000002,Aluminium 6061,77.02537176217506,0.21972610339494106,0.19103478393125095,336.9503711547441
Simulation_000002,Aluminium 6061,77.02537176217506,0.22361506097715242,0.19103478393125095,336.8346320675519
Simulation_000002,Aluminium 6061,77.02537176217506,0.22750401855936375,0.19103478393125095,336.7204740710416
Simulation_000002,Aluminium 6061,77.02537176217506,0.2313929761415751,0.19103478393125095,336.6085409752436
Simulation_000002,Aluminium 6061,77.02537176217506,0.23528193372378645,0.19103478393125095,336.49941121217665
Simulation_000002,Aluminium 6061,77.02537176217506,0.2391708913059978,0.19103478393125095,336.39360040842047
Simulation_000002,Aluminium 6061,77.02537176217506,0.24305984888820914,0.19103478393125095,336.2915647075837
Simulation_000002,Aluminium 6061,77.02537176217506,0.2469488064704205,0.19103478393125095,336.1937046130256
Simulation_000002,Aluminium 6061,77.02537176217506,0.2508377640526318,0.19103478393125095,336.1003691582454
Simulation_000002,Aluminium 6061,77.02537176217506,0.25472672163484317,0.19103478393125095,336.0118602467916
Simulation_000002,Aluminium 6061,77.02537176217506,0.2586156792170545,0.19103478393125095,335.9284370343716
Simulation_000002,Aluminium 6061,77.02537176217506,0.26250463679926583,0.19103478393125095,335.85032025261944
Simulation_000002,Aluminium 6061,77.02537176217506,0.2663935943814772,0.19103478393125095,335.7776963966852
Simulation_000002,Aluminium 6061,77.02537176217506,0.27028255196368856,0.19103478393125095,335.71072171765104
Simulation_000002,Aluminium 6061,77.02537176217506,0.27417150954589986,0.19103478393125095,335.64952597610346
Simulation_000002,Aluminium 6061,77.02537176217506,0.2780604671281112,0.19103478393125095,335.59421592543714
Simulation_000002,Aluminium 6061,77.02537176217506,0.2819494247103226,0.19103478393125095,335.54487850304656
Simulation_000002,Aluminium 6061,77.02537176217506,0.28583838229253394,0.19103478393125095,335.50158371491744
Simulation_000002,Aluminium 6061,77.02537176217506,0.28972733987474525,0.19103478393125095,335.4643872046264
Simulation_000002,Aluminium 6061,77.02537176217506,0.2936162974569566,0.19103478393125095,335.4333325017486
Simulation_000002,Aluminium 6061,77.02537176217506,0.29750525503916797,0.19103478393125095,335.4084529474507
Simulation_000002,Aluminium 6061,77.02537176217506,0.30139421262137933,0.19103478393125095,335.3897732968535
Simulation_000002,Aluminium 6061,77.02537176217506,0.30528317020359064,0.19103478393125095,335.37731099881347
Simulation_000002,Aluminium 6061,77.02537176217506,0.309172127785802,0.19103478393125095,335.3710771542565
Simulation_000002,Aluminium 6061,77.02537176217506,0.0019444787911056729,0.19359900921891873,335.14066948549043
Simulation_000002,Aluminium 6061,77.02537176217506,0.005833436373317019,0.19359900921891873,335.16261986345677
Simulation_000002,Aluminium 6061,77.02537176217506,0.009722393955528366,0.19359900921891873,335.1905430529876
Simulation_000002,Aluminium 6061,77.02537176217506,0.013611351537739711,0.19359900921891873,335.2244228141675
Simulation_000002,Aluminium 6061,77.02537176217506,0.017500309119951058,0.19359900921891873,335.26423392513794
Simulation_000002,Aluminium 6061,77.02537176217506,0.021389266702162405,0.19359900921891873,335.3099411481878
Simulation_000002,Aluminium 6061,77.02537176217506,0.02527822428437375,0.19359900921891873,335.3614978523938
Simulation_000002,Aluminium 6061,77.02537176217506,0.029167181866585096,0.19359900921891873,335.418844294653
Simulation_000002,Aluminium 6061,77.02537176217506,0.03305613944879644,0.19359900921891873,335.48190556247846
Simulation_000002,Aluminium 6061,77.02537176217506,0.03694509703100779,0.19359900921891873,335.55058918423936
Simulation_000002,Aluminium 6061,77.02537176217506,0.04083405461321914,0.19359900921891873,335.62478241583756
Simulation_000002,Aluminium 6061,77.02537176217506,0.044723012195430484,0.19359900921891873,335.70434921737524
Simulation_000002,Aluminium 6061,77.02537176217506,0.048611969777641824,0.19359900921891873,335.7891269394652
Simulation_000002,Aluminium 6061,77.02537176217506,0.05250092735985317,0.19359900921891873,335.87892274679456
Simulation_000002,Aluminium 6061,77.02537176217506,0.05638988494206452,0.19359900921891873,335.97350981670405
Simulation_000002,Aluminium 6061,77.02537176217506,0.060278842524275865,0.19359900921891873,336.07262336325743
Simulation_000002,Aluminium 6061,77.02537176217506,0.0641678001064872,0.19359900921891873,336.1759565528837
Simulation_000002,Aluminium 6061,77.02537176217506,0.06805675768869855,0.19359900921891873,336.2831563964802
Simulation_000002,Aluminium 6061,77.02537176217506,0.0719457152709099,0.19359900921891873,336.3938197250577
Simulation_000002,Aluminium 6061,77.02537176217506,0.07583467285312125,0.19359900921891873,336.50748938159626
Simulation_000002,Aluminium 6061,77.02537176217506,0.0797236304353326,0.19359900921891873,336.6236507905055
Simulation_000002,Aluminium 6061,77.02537176217506,0.08361258801754394,0.19359900921891873,336.74172909724564
Simulation_000002,Aluminium 6061,77.02537176217506,0.08750154559975529,0.19359900921891873,336.86108710303563
Simulation_000002,Aluminium 6061,77.02537176217506,0.09139050318196663,0.19359900921891873,336.9810242511575
Simulation_000002,Aluminium 6061,77.02537176217506,0.09527946076417797,0.19359900921891873,337.1007769492746
Simulation_000002,Aluminium 6061,77.02537176217506,0.09916841834638931,0.19359900921891873,337.2195205324947
Simulation_000002,Aluminium 6061,77.02537176217506,0.10305737592860066,0.19359900921891873,337.33637317960734
Simulation_000002,Aluminium 6061,77.02537176217506,0.10694633351081201,0.19359900921891873,337.4504020840362
Simulation_000002,Aluminium 6061,77.02537176217506,0.11083529109302336,0.19359900921891873,337.56063214495776
Simulation_000002,Aluminium 6061,77.02537176217506,0.1147242486752347,0.19359900921891873,337.6660573762085
Simulation_000002,Aluminium 6061,77.02537176217506,0.11861320625744605,0.19359900921891873,337.7656551256084
Simulation_000002,Aluminium 6061,77.02537176217506,0.1225021638396574,0.19359900921891873,337.8584030523478
Simulation_000002,Aluminium 6061,77.02537176217506,0.12639112142186876,0.19359900921891873,337.94329862661925
Simulation_000002,Aluminium 6061,77.02537176217506,0.1302800790040801,0.19359900921891873,338.01938070132735
Simulation_000002,Aluminium 6061,77.02537176217506,0.13416903658629145,0.19359900921891873,338.08575247547657
Simulation_000002,Aluminium 6061,77.02537176217506,0.13805799416850278,0.19359900921891873,338.1416049453919
Simulation_000002,Aluminium 6061,77.02537176217506,0.14194695175071415,0.19359900921891873,338.18623975222926
Simulation_000002,Aluminium 6061,77.02537176217506,0.14583590933292548,0.19359900921891873,338.2190902140667
Simulation_000002,Aluminium 6061,77.02537176217506,0.14972486691513684,0.19359900921891873,338.23973930743085
Simulation_000002,Aluminium 6061,77.02537176217506,0.15361382449734817,0.19359900921891873,338.24793345640853
Simulation_000002,Aluminium 6061,77.02537176217506,0.15750278207955953,0.19359900921891873,338.24359120217963
Simulation_000002,Aluminium 6061,77.02537176217506,0.16139173966177087,0.19359900921891873,338.22680614736896
Simulation_000002,Aluminium 6061,77.02537176217506,0.16528069724398223,0.19359900921891873,338.19784396466105
Simulation_000002,Aluminium 6061,77.02537176217506,0.16916965482619356,0.19359900921891873,338.15713368037166
Simulation_000002,Aluminium 6061,77.02537176217506,0.17305861240840492,0.19359900921891873,338.1052538387197
Simulation_000002,Aluminium 6061,77.02537176217506,0.17694756999061625,0.19359900921891873,338.0429144741135
Simulation_000002,Aluminium 6061,77.02537176217506,0.18083652757282762,0.19359900921891873,337.9709360334617
Simulation_000002,Aluminium 6061,77.02537176217506,0.18472548515503895,0.19359900921891873,337.89022648383457
Simulation_000002,Aluminium 6061,77.02537176217506,0.18861444273725028,0.19359900921891873,337.80175781737705
Simulation_000002,Aluminium 6061,77.02537176217506,0.19250340031946164,0.19359900921891873,337.70654304524083
Simulation_000002,Aluminium 6061,77.02537176217506,0.19639235790167298,0.19359900921891873,337.60561458462195
Simulation_000002,Aluminium 6061,77.02537176217506,0.20028131548388434,0.19359900921891873,337.50000471957964
Simulation_000002,Aluminium 6061,77.02537176217506,0.20417027306609567,0.19359900921891873,337.3907285861107
Simulation_000002,Aluminium 6061,77.02537176217506,0.20805923064830703,0.19359900921891873,337.2787699176338
Simulation_000002,Aluminium 6061,77.02537176217506,0.21194818823051836,0.19359900921891873,337.1650696036166
Simulation_000002,Aluminium 6061,77.02537176217506,0.21583714581272972,0.19359900921891873,337.0505169691276
Simulation_000002,Aluminium 6061,77.02537176217506,0.21972610339494106,0.19359900921891873,336.935943578145
Simulation_000002,Aluminium 6061,77.02537176217506,0.22361506097715242,0.19359900921891873,336.822119295663
Simulation_000002,Aluminium 6061,77.02537176217506,0.22750401855936375,0.19359900921891873,336.7097503075894
Simulation_000002,Aluminium 6061,77.02537176217506,0.2313929761415751,0.19359900921891873,336.59947878657874
Simulation_000002,Aluminium 6061,77.02537176217506,0.23528193372378645,0.19359900921891873,336.49188389968873
Simulation_000002,Aluminium 6061,77.02537176217506,0.2391708913059978,0.19359900921891873,336.3874838741005
Simulation_000002,Aluminium 6061,77.02537176217506,0.24305984888820914,0.19359900921891873,336.2867388650939
Simulation_000002,Aluminium 6061,77.02537176217506,0.2469488064704205,0.19359900921891873,336.19005440209435
Simulation_000002,Aluminium 6061,77.02537176217506,0.2508377640526318,0.19359900921891873,336.0977852210159
Simulation_000002,Aluminium 6061,77.02537176217506,0.25472672163484317,0.19359900921891873,336.0102393223329
Simulation_000002,Aluminium 6061,77.02537176217506,0.2586156792170545,0.19359900921891873,335.9276821230687
Simulation_000002,Aluminium 6061,77.02537176217506,0.26250463679926583,0.19359900921891873,335.8503405965254
Simulation_000002,Aluminium 6061,77.02537176217506,0.2663935943814772,0.19359900921891873,335.7784073158001
Simulation_000002,Aluminium 6061,77.02537176217506,0.27028255196368856,0.19359900921891873,335.7120443359777
Simulation_000002,Aluminium 6061,77.02537176217506,0.27417150954589986,0.19359900921891873,335.6513868655324
Simulation_000002,Aluminium 6061,77.02537176217506,0.2780604671281112,0.19359900921891873,335.596546690207
Simulation_000002,Aluminium 6061,77.02537176217506,0.2819494247103226,0.19359900921891873,335.5476153228246
Simulation_000002,Aluminium 6061,77.02537176217506,0.28583838229253394,0.19359900921891873,335.504666860458
Simulation_000002,Aluminium 6061,77.02537176217506,0.28972733987474525,0.19359900921891873,335.46776053649796
Simulation_000002,Aluminium 6061,77.02537176217506,0.2936162974569566,0.19359900921891873,335.4369429597248
Simulation_000002,Aluminium 6061,77.02537176217506,0.29750525503916797,0.19359900921891873,335.4122500357833
Simulation_000002,Aluminium 6061,77.02537176217506,0.30139421262137933,0.19359900921891873,335.39370856874154
Simulation_000002,Aluminium 6061,77.02537176217506,0.30528317020359064,0.19359900921891873,335.38133754188544
Simulation_000002,Aluminium 6061,77.02537176217506,0.309172127785802,0.19359900921891873,335.3751490777465
Simulation_000002,Aluminium 6061,77.02537176217506,0.0019444787911056729,0.19616323450658654,335.1451903277059
Simulation_000002,Aluminium 6061,77.02537176217506,0.005833436373317019,0.19616323450658654,335.1670998878243
Simulation_000002,Aluminium 6061,77.02537176217506,0.009722393955528366,0.19616323450658654,335.19494099983575
Simulation_000002,Aluminium 6061,77.02537176217506,0.013611351537739711,0.19616323450658654,335.2286965403242
Simulation_000002,Aluminium 6061,77.02537176217506,0.017500309119951058,0.19616323450658654,335.26833996281096
Simulation_000002,Aluminium 6061,77.02537176217506,0.021389266702162405,0.19616323450658654,335.3138342653487
Simulation_000002,Aluminium 6061,77.02537176217506,0.02527822428437375,0.19616323450658654,335.3651306164423
Simulation_000002,Aluminium 6061,77.02537176217506,0.029167181866585096,0.19616323450658654,335.4221666422817
Simulation_000002,Aluminium 6061,77.02537176217506,0.03305613944879644,0.19616323450658654,335.4848643801564
Simulation_000002,Aluminium 6061,77.02537176217506,0.03694509703100779,0.19616323450658654,335.55312790561686
Simulation_000002,Aluminium 6061,77.02537176217506,0.04083405461321914,0.19616323450658654,335.62684064468453
Simulation_000002,Aluminium 6061,77.02537176217506,0.044723012195430484,0.19616323450658654,335.70586238743766
Simulation_000002,Aluminium 6061,77.02537176217506,0.048611969777641824,0.19616323450658654,335.79002602587536
Simulation_000002,Aluminium 6061,77.02537176217506,0.05250092735985317,0.19616323450658654,335.87913404740283
Simulation_000002,Aluminium 6061,77.02537176217506,0.05638988494206452,0.19616323450658654,335.97295482587685
Simulation_000002,Aluminium 6061,77.02537176217506,0.060278842524275865,0.19616323450658654,336.0712187652155
Simulation_000002,Aluminium 6061,77.02537176217506,0.0641678001064872,0.19616323450658654,336.17361436636776
Simulation_000002,Aluminium 6061,77.02537176217506,0.06805675768869855,0.19616323450658654,336.2797843071662
Simulation_000002,Aluminium 6061,77.02537176217506,0.0719457152709099,0.19616323450658654,336.3893216462935
Simulation_000002,Aluminium 6061,77.02537176217506,0.07583467285312125,0.19616323450658654,336.5017662871501
Simulation_000002,Aluminium 6061,77.02537176217506,0.0797236304353326,0.19616323450658654,336.6166018643641
Simulation_000002,Aluminium 6061,77.02537176217506,0.08361258801754394,0.19616323450658654,336.7332532441556
Simulation_000002,Aluminium 6061,77.02537176217506,0.08750154559975529,0.19616323450658654,336.85108485835366
Simulation_000002,Aluminium 6061,77.02537176217506,0.09139050318196663,0.19616323450658654,336.969400118445
Simulation_000002,Aluminium 6061,77.02537176217506,0.09527946076417797,0.19616323450658654,337.08744217771925
Simulation_000002,Aluminium 6061,77.02537176217506,0.09916841834638931,0.19616323450658654,337.2043963225937
Simulation_000002,Aluminium 6061,77.02537176217506,0.10305737592860066,0.19616323450658654,337.31939427396827
Simulation_000002,Aluminium 6061,77.02537176217506,0.10694633351081201,0.19616323450658654,337.4315206607368
Simulation_000002,Aluminium 6061,77.02537176217506,0.11083529109302336,0.19616323450658654,337.53982188488806
Simulation_000002,Aluminium 6061,77.02537176217506,0.1147242486752347,0.19616323450658654,337.64331752593336
Simulation_000002,Aluminium 6061,77.02537176217506,0.11861320625744605,0.19616323450658654,337.74101432804474
Simulation_000002,Aluminium 6061,77.02537176217506,0.1225021638396574,0.19616323450658654,337.8319226752749
Simulation_000002,Aluminium 6061,77.02537176217506,0.12639112142186876,0.19616323450658654,337.9150752915306
Simulation_000002,Aluminium 6061,77.02537176217506,0.1302800790040801,0.19616323450658654,337.9895477107998
Simulation_000002,Aluminium 6061,77.02537176217506,0.13416903658629145,0.19616323450658654,338.0544798636942
Simulation_000002,Aluminium 6061,77.02537176217506,0.13805799416850278,0.19616323450658654,338.10909793870115
Simulation_000002,Aluminium 6061,77.02537176217506,0.14194695175071415,0.19616323450658654,338.1527355249735
Simulation_000002,Aluminium 6061,77.02537176217506,0.14583590933292548,0.19616323450658654,338.18485295367975
Simulation_000002,Aluminium 6061,77.02537176217506,0.14972486691513684,0.19616323450658654,338.20505374938625
Simulation_000002,Aluminium 6061,77.02537176217506,0.15361382449734817,0.19616323450658654,338.213097196082
Simulation_000002,Aluminium 6061,77.02537176217506,0.15750278207955953,0.19616323450658654,338.2089062160823
Simulation_000002,Aluminium 6061,77.02537176217506,0.16139173966177087,0.19616323450658654,338.1925700409082
Simulation_000002,Aluminium 6061,77.02537176217506,0.16528069724398223,0.19616323450658654,338.1643414935217
Simulation_000002,Aluminium 6061,77.02537176217506,0.16916965482619356,0.19616323450658654,338.12462906267547
Simulation_000002,Aluminium 6061,77.02537176217506,0.17305861240840492,0.19616323450658654,338.0739842904255
Simulation_000002,Aluminium 6061,77.02537176217506,0.17694756999061625,0.19616323450658654,338.01308527472025
Simulation_000002,Aluminium 6061,77.02537176217506,0.18083652757282762,0.19616323450658654,337.94271728262095
Simulation_000002,Aluminium 6061,77.02537176217506,0.18472548515503895,0.19616323450658654,337.8637515628588
Simulation_000002,Aluminium 6061,77.02537176217506,0.18861444273725028,0.19616323450658654,337.77712344090844
Simulation_000002,Aluminium 6061,77.02537176217506,0.19250340031946164,0.19616323450658654,337.6838106899672
Simulation_000002,Aluminium 6061,77.02537176217506,0.19639235790167298,0.19616323450658654,337.58481301969806
Simulation_000002,Aluminium 6061,77.02537176217506,0.20028131548388434,0.19616323450658654,337.4811333369484
Simulation_000002,Aluminium 6061,77.02537176217506,0.20417027306609567,0.19616323450658654,337.37376123325487
Simulation_000002,Aluminium 6061,77.02537176217506,0.20805923064830703,0.19616323450658654,337.26365896280396
Simulation_000002,Aluminium 6061,77.02537176217506,0.21194818823051836,0.19616323450658654,337.1517500058588
Simulation_000002,Aluminium 6061,77.02537176217506,0.21583714581272972,0.19616323450658654,337.0389101746822
Simulation_000002,Aluminium 6061,77.02537176217506,0.21972610339494106,0.19616323450658654,336.92596111467805
Simulation_000002,Aluminium 6061,77.02537176217506,0.22361506097715242,0.19616323450658654,336.81366598181296
Simulation_000002,Aluminium 6061,77.02537176217506,0.22750401855936375,0.19616323450658654,336.7027270347316
Simulation_000002,Aluminium 6061,77.02537176217506,0.2313929761415751,0.19616323450658654,336.59378486129503
Simulation_000002,Aluminium 6061,77.02537176217506,0.23528193372378645,0.19616323450658654,336.48741895908154
Simulation_000002,Aluminium 6061,77.02537176217506,0.2391708913059978,0.19616323450658654,336.38414940244985
Simulation_000002,Aluminium 6061,77.02537176217506,0.24305984888820914,0.19616323450658654,336.2844393504921
Simulation_000002,Aluminium 6061,77.02537176217506,0.2469488064704205,0.19616323450658654,336.1886981768273
Simulation_000002,Aluminium 6061,77.02537176217506,0.2508377640526318,0.19616323450658654,336.0972850308115
Simulation_000002,Aluminium 6061,77.02537176217506,0.25472672163484317,0.19616323450658654,336.01051266825226
Simulation_000002,Aluminium 6061,77.02537176217506,0.2586156792170545,0.19616323450658654,335.9286514167096
Simulation_000002,Aluminium 6061,77.02537176217506,0.26250463679926583,0.19616323450658654,335.85193316505655
Simulation_000002,Aluminium 6061,77.02537176217506,0.2663935943814772,0.19616323450658654,335.78055528871914
Simulation_000002,Aluminium 6061,77.02537176217506,0.27028255196368856,0.19616323450658654,335.71468444077425
Simulation_000002,Aluminium 6061,77.02537176217506,0.27417150954589986,0.19616323450658654,335.6544601549074
Simulation_000002,Aluminium 6061,77.02537176217506,0.2780604671281112,0.19616323450658654,335.59999821932433
Simulation_000002,Aluminium 6061,77.02537176217506,0.2819494247103226,0.19616323450658654,335.55139379132953
Simulation_000002,Aluminium 6061,77.02537176217506,0.28583838229253394,0.19616323450658654,335.5087242307356
Simulation_000002,Aluminium 6061,77.02537176217506,0.28972733987474525,0.19616323450658654,335.4720516368544
Simulation_000002,Aluminium 6061,77.02537176217506,0.2936162974569566,0.19616323450658654,335.4414250788349
Simulation_000002,Aluminium 6061,77.02537176217506,0.29750525503916797,0.19616323450658654,335.4168825128242
Simulation_000002,Aluminium 6061,77.02537176217506,0.30139421262137933,0.19616323450658654,335.3984523820786
Simulation_000002,Aluminium 6061,77.02537176217506,0.30528317020359064,0.19616323450658654,335.3861548979568
Simulation_000002,Aluminium 6061,77.02537176217506,0.309172127785802,0.19616323450658654,335.3800030008641
Simulation_000002,Aluminium 6061,77.02537176217506,0.0019444787911056729,0.19872745979425435,335.1505898129061
Simulation_000002,Aluminium 6061,77.02537176217506,0.005833436373317019,0.19872745979425435,335.17246859383386
Simulation_000002,Aluminium 6061,77.02537176217506,0.009722393955528366,0.19872745979425435,335.2002478162055
Simulation_000002,Aluminium 6061,77.02537176217506,0.013611351537739711,0.19872745979425435,335.2339096943005
Simulation_000002,Aluminium 6061,77.02537176217506,0.017500309119951058,0.19872745979425435,335.27342668891646
Simulation_000002,Aluminium 6061,77.02537176217506,0.021389266702162405,0.19872745979425435,335.3187604764127
Simulation_000002,Aluminium 6061,77.02537176217506,0.02527822428437375,0.19872745979425435,335.36986057753467
Simulation_000002,Aluminium 6061,77.02537176217506,0.029167181866585096,0.19872745979425435,335.4266626498761
Simulation_000002,Aluminium 6061,77.02537176217506,0.03305613944879644,0.19872745979425435,335.48908644998295
Simulation_000002,Aluminium 6061,77.02537176217506,0.03694509703100779,0.19872745979425435,335.55703347409207
Simulation_000002,Aluminium 6061,77.02537176217506,0.04083405461321914,0.19872745979425435,335.6303842905503
Simulation_000002,Aluminium 6061,77.02537176217506,0.044723012195430484,0.19872745979425435,335.7089955823232
Simulation_000002,Aluminium 6061,77.02537176217506,0.048611969777641824,0.19872745979425435,335.79269692493295
Simulation_000002,Aluminium 6061,77.02537176217506,0.05250092735985317,0.19872745979425435,335.8812873339478
Simulation_000002,Aluminium 6061,77.02537176217506,0.05638988494206452,0.19872745979425435,335.9745316270559
Simulation_000002,Aluminium 6061,77.02537176217506,0.060278842524275865,0.19872745979425435,336.0721566590523
Simulation_000002,Aluminium 6061,77.02537176217506,0.0641678001064872,0.19872745979425435,336.1738475039659
Simulation_000002,Aluminium 6061,77.02537176217506,0.06805675768869855,0.19872745979425435,336.2792436771632
Simulation_000002,Aluminium 6061,77.02537176217506,0.0719457152709099,0.19872745979425435,336.38793551156084
Simulation_000002,Aluminium 6061,77.02537176217506,0.07583467285312125,0.19872745979425435,336.4994608257917
Simulation_000002,Aluminium 6061,77.02537176217506,0.0797236304353326,0.19872745979425435,336.613302047731
Simulation_000002,Aluminium 6061,77.02537176217506,0.08361258801754394,0.19872745979425435,336.7288839831881
Simulation_000002,Aluminium 6061,77.02537176217506,0.08750154559975529,0.19872745979425435,336.84557244527974
Simulation_000002,Aluminium 6061,77.02537176217506,0.09139050318196663,0.19872745979425435,336.9626739828476
Simulation_000002,Aluminium 6061,77.02537176217506,0.09527946076417797,0.19872745979425435,337.0794369633734
Simulation_000002,Aluminium 6061,77.02537176217506,0.09916841834638931,0.19872745979425435,337.19505427357257
Simulation_000002,Aluminium 6061,77.02537176217506,0.10305737592860066,0.19872745979425435,337.3086678949553
Simulation_000002,Aluminium 6061,77.02537176217506,0.10694633351081201,0.19872745979425435,337.4193755874635
Simulation_000002,Aluminium 6061,77.02537176217506,0.11083529109302336,0.19872745979425435,337.5262398671928
Simulation_000002,Aluminium 6061,77.02537176217506,0.1147242486752347,0.19872745979425435,337.62829939022504
Simulation_000002,Aluminium 6061,77.02537176217506,0.11861320625744605,0.19872745979425435,337.7245827513287
Simulation_000002,Aluminium 6061,77.02537176217506,0.1225021638396574,0.19872745979425435,337.8141245739445
Simulation_000002,Aluminium 6061,77.02537176217506,0.12639112142186876,0.19872745979425435,337.89598361037
Simulation_000002,Aluminium 6061,77.02537176217506,0.1302800790040801,0.19872745979425435,337.96926239688673
Simulation_000002,Aluminium 6061,77.02537176217506,0.13416903658629145,0.19872745979425435,338.03312783122874
Simulation_000002,Aluminium 6061,77.02537176217506,0.13805799416850278,0.19872745979425435,338.08683187730196
Simulation_000002,Aluminium 6061,77.02537176217506,0.14194695175071415,0.19872745979425435,338.1297314755106
Simulation_000002,Aluminium 6061,77.02537176217506,0.14583590933292548,0.19872745979425435,338.16130666778577
Simulation_000002,Aluminium 6061,77.02537176217506,0.14972486691513684,0.19872745979425435,338.18117595250607
Simulation_000002,Aluminium 6061,77.02537176217506,0.15361382449734817,0.19872745979425435,338.18910797667513
Simulation_000002,Aluminium 6061,77.02537176217506,0.15750278207955953,0.19872745979425435,338.1850288510724
Simulation_000002,Aluminium 6061,77.02537176217506,0.16139173966177087,0.19872745979425435,338.1690246263302
Simulation_000002,Aluminium 6061,77.02537176217506,0.16528069724398223,0.19872745979425435,338.14133877008277
Simulation_000002,Aluminium 6061,77.02537176217506,0.16916965482619356,0.19872745979425435,338.1023648051819
Simulation_000002,Aluminium 6061,77.02537176217506,0.17305861240840492,0.19872745979425435,338.0526345711726
Simulation_000002,Aluminium 6061,77.02537176217506,0.17694756999061625,0.19872745979425435,337.9928028234645
Simulation_000002,Aluminium 6061,77.02537176217506,0.18083652757282762,0.19872745979425435,337.9236290629989
Simulation_000002,Aluminium 6061,77.02537176217506,0.18472548515503895,0.19872745979425435,337.8459575814046
Simulation_000002,Aluminium 6061,77.02537176217506,0.18861444273725028,0.19872745979425435,337.7606967127455
Simulation_000002,Aluminium 6061,77.02537176217506,0.19250340031946164,0.19872745979425435,337.6687982137293
Simulation_000002,Aluminium 6061,77.02537176217506,0.19639235790167298,0.19872745979425435,337.5712375677164
Simulation_000002,Aluminium 6061,77.02537176217506,0.20028131548388434,0.19872745979425435,337.4689958454103
Simulation_000002,Aluminium 6061,77.02537176217506,0.20417027306609567,0.19872745979425435,337.3630435777956
Simulation_000002,Aluminium 6061,77.02537176217506,0.20805923064830703,0.19872745979425435,337.2543269227571
Simulation_000002,Aluminium 6061,77.02537176217506,0.21194818823051836,0.19872745979425435,337.14375624934166
Simulation_000002,Aluminium 6061,77.02537176217506,0.21583714581272972,0.19872745979425435,337.03219713132773
Simulation_000002,Aluminium 6061,77.02537176217506,0.21972610339494106,0.19872745979425435,336.9204636385363
Simulation_000002,Aluminium 6061,77.02537176217506,0.22361506097715242,0.19872745979425435,336.80931374037294
Simulation_000002,Aluminium 6061,77.02537176217506,0.22750401855936375,0.19872745979425435,336.69944658903614
Simulation_000002,Aluminium 6061,77.02537176217506,0.2313929761415751,0.19872745979425435,336.5915014256864
Simulation_000002,Aluminium 6061,77.02537176217506,0.23528193372378645,0.19872745979425435,336.48605784702266
Simulation_000002,Aluminium 6061,77.02537176217506,0.2391708913059978,0.19872745979425435,336.38363717747967
Simulation_000002,Aluminium 6061,77.02537176217506,0.24305984888820914,0.19872745979425435,336.28470470939726
Simulation_000002,Aluminium 6061,77.02537176217506,0.2469488064704205,0.19872745979425435,336.1896725963972
Simulation_000002,Aluminium 6061,77.02537176217506,0.2508377640526318,0.19872745979425435,336.09890321095526
Simulation_000002,Aluminium 6061,77.02537176217506,0.25472672163484317,0.19872745979425435,336.0127128035971
Simulation_000002,Aluminium 6061,77.02537176217506,0.2586156792170545,0.19872745979425435,335.93137532674444
Simulation_000002,Aluminium 6061,77.02537176217506,0.26250463679926583,0.19872745979425435,335.8551263099905
Simulation_000002,Aluminium 6061,77.02537176217506,0.2663935943814772,0.19872745979425435,335.7841666949103
Simulation_000002,Aluminium 6061,77.02537176217506,0.27028255196368856,0.19872745979425435,335.718666556159
Simulation_000002,Aluminium 6061,77.02537176217506,0.27417150954589986,0.19872745979425435,335.6587686515337
Simulation_000002,Aluminium 6061,77.02537176217506,0.2780604671281112,0.19872745979425435,335.6045917569971
Simulation_000002,Aluminium 6061,77.02537176217506,0.2819494247103226,0.19872745979425435,335.5562337535922
Simulation_000002,Aluminium 6061,77.02537176217506,0.28583838229253394,0.19872745979425435,335.5137744419653
Simulation_000002,Aluminium 6061,77.02537176217506,0.28972733987474525,0.19872745979425435,335.4772780671516
Simulation_000002,Aluminium 6061,77.02537176217506,0.2936162974569566,0.19872745979425435,335.4467955416205
Simulation_000002,Aluminium 6061,77.02537176217506,0.29750525503916797,0.19872745979425435,335.42236635860064
Simulation_000002,Aluminium 6061,77.02537176217506,0.30139421262137933,0.19872745979425435,335.4040201906321
Simulation_000002,Aluminium 6061,77.02537176217506,0.30528317020359064,0.19872745979425435,335.3917781703464
Simulation_000002,Aluminium 6061,77.02537176217506,0.309172127785802,0.19872745979425435,335.38565385183915
Simulation_000002,Aluminium 6061,77.02537176217506,0.0019444787911056729,0.20129168508192213,335.15688052964487
Simulation_000002,Aluminium 6061,77.02537176217506,0.005833436373317019,0.20129168508192213,335.17873871217796
Simulation_000002,Aluminium 6061,77.02537176217506,0.009722393955528366,0.20129168508192213,335.2064765169863
Simulation_000002,Aluminium 6061,77.02537176217506,0.013611351537739711,0.20129168508192213,335.240075716992
Simulation_000002,Aluminium 6061,77.02537176217506,0.017500309119951058,0.20129168508192213,335.27950811157007
Simulation_000002,Aluminium 6061,77.02537176217506,0.021389266702162405,0.20129168508192213,335.3247344967129
Simulation_000002,Aluminium 6061,77.02537176217506,0.02527822428437375,0.20129168508192213,335.3757032960031
Simulation_000002,Aluminium 6061,77.02537176217506,0.029167181866585096,0.20129168508192213,335.4323488568387
Simulation_000002,Aluminium 6061,77.02537176217506,0.03305613944879644,0.20129168508192213,335.4945894186776
Simulation_000002,Aluminium 6061,77.02537176217506,0.03694509703100779,0.20129168508192213,335.5623247632508
Simulation_000002,Aluminium 6061,77.02537176217506,0.04083405461321914,0.20129168508192213,335.6354335609586
Simulation_000002,Aluminium 6061,77.02537176217506,0.044723012195430484,0.20129168508192213,335.71377043324884
Simulation_000002,Aluminium 6061,77.02537176217506,0.048611969777641824,0.20129168508192213,335.797162757939
Simulation_000002,Aluminium 6061,77.02537176217506,0.05250092735985317,0.20129168508192213,335.88540725344734
Simulation_000002,Aluminium 6061,77.02537176217506,0.05638988494206452,0.20129168508192213,335.978266389009
Simulation_000002,Aluminium 6061,77.02537176217506,0.060278842524275865,0.20129168508192213,336.0754646813883
Simulation_000002,Aluminium 6061,77.02537176217506,0.0641678001064872,0.20129168508192213,336.1766849545478
Simulation_000002,Aluminium 6061,77.02537176217506,0.06805675768869855,0.20129168508192213,336.28156465724516
Simulation_000002,Aluminium 6061,77.02537176217506,0.0719457152709099,0.20129168508192213,336.38969235451975
Simulation_000002,Aluminium 6061,77.02537176217506,0.07583467285312125,0.20129168508192213,336.5006045321528
Simulation_000002,Aluminium 6061,77.02537176217506,0.0797236304353326,0.20129168508192213,336.6137828777896
Simulation_000002,Aluminium 6061,77.02537176217506,0.08361258801754394,0.20129168508192213,336.7286522274003
Simulation_000002,Aluminium 6061,77.02537176217506,0.08750154559975529,0.20129168508192213,336.84457938954444
Simulation_000002,Aluminium 6061,77.02537176217506,0.09139050318196663,0.20129168508192213,336.96087308026097
Simulation_000002,Aluminium 6061,77.02537176217506,0.09527946076417797,0.20129168508192213,337.0767852154793
Simulation_000002,Aluminium 6061,77.02537176217506,0.09916841834638931,0.20129168508192213,337.1915138121334
Simulation_000002,Aluminium 6061,77.02537176217506,0.10305737592860066,0.20129168508192213,337.3042077396292
Simulation_000002,Aluminium 6061,77.02537176217506,0.10694633351081201,0.20129168508192213,337.4139735357064
Simulation_000002,Aluminium 6061,77.02537176217506,0.11083529109302336,0.20129168508192213,337.5198844509441
Simulation_000002,Aluminium 6061,77.02537176217506,0.1147242486752347,0.20129168508192213,337.6209918109369
Simulation_000002,Aluminium 6061,77.02537176217506,0.11861320625744605,0.20129168508192213,337.71633868289183
Simulation_000002,Aluminium 6061,77.02537176217506,0.1225021638396574,0.20129168508192213,337.80497570503127
Simulation_000002,Aluminium 6061,77.02537176217506,0.12639112142186876,0.20129168508192213,337.8859787871859
Simulation_000002,Aluminium 6061,77.02537176217506,0.1302800790040801,0.20129168508192213,337.958468227932
Simulation_000002,Aluminium 6061,77.02537176217506,0.13416903658629145,0.20129168508192213,338.02162863052564
Simulation_000002,Aluminium 6061,77.02537176217506,0.13805799416850278,0.20129168508192213,338.07472885343765
Simulation_000002,Aluminium 6061,77.02537176217506,0.14194695175071415,0.20129168508192213,338.117141120436
Simulation_000002,Aluminium 6061,77.02537176217506,0.14583590933292548,0.20129168508192213,338.14835835862493
Simulation_000002,Aluminium 6061,77.02537176217506,0.14972486691513684,0.20129168508192213,338.1680088459097
Simulation_000002,Aluminium 6061,77.02537176217506,0.15361382449734817,0.20129168508192213,338.1758673405375
Simulation_000002,Aluminium 6061,77.02537176217506,0.15750278207955953,0.20129168508192213,338.17186203378014
Simulation_000002,Aluminium 6061,77.02537176217506,0.16139173966177087,0.20129168508192213,338.15607690085255
Simulation_000002,Aluminium 6061,77.02537176217506,0.16528069724398223,0.20129168508192213,338.12874930329485
Simulation_000002,Aluminium 6061,77.02537176217506,0.16916965482619356,0.20129168508192213,338.0902629897325
Simulation_000002,Aluminium 6061,77.02537176217506,0.17305861240840492,0.20129168508192213,338.04113692006484
Simulation_000002,Aluminium 6061,77.02537176217506,0.17694756999061625,0.20129168508192213,337.98201057217443
Simulation_000002,Aluminium 6061,77.02537176217506,0.18083652757282762,0.20129168508192213,337.9136265586674
Simulation_000002,Aluminium 6061,77.02537176217506,0.18472548515503895,0.20129168508192213,337.8368114723624
Simulation_000002,Aluminium 6061,77.02537176217506,0.18861444273725028,0.20129168508192213,337.7524558923198
Simulation_000002,Aluminium 6061,77.02537176217506,0.19250340031946164,0.20129168508192213,337.6614944256862
Simulation_000002,Aluminium 6061,77.02537176217506,0.19639235790167298,0.20129168508192213,337.56488654980643
Simulation_000002,Aluminium 6061,77.02537176217506,0.20028131548388434,0.20129168508192213,337.463598872627
Simulation_000002,Aluminium 6061,77.02537176217506,0.20417027306609567,0.20129168508192213,337.35858926635086
Simulation_000002,Aluminium 6061,77.02537176217506,0.20805923064830703,0.20129168508192213,337.2507931663058
Simulation_000002,Aluminium 6061,77.02537176217506,0.21194818823051836,0.20129168508192213,337.1411121770258
Simulation_000002,Aluminium 6061,77.02537176217506,0.21583714581272972,0.20129168508192213,337.0304049992145
Simulation_000002,Aluminium 6061,77.02537176217506,0.21972610339494106,0.20129168508192213,336.9194805890296
Simulation_000002,Aluminium 6061,77.02537176217506,0.22361506097715242,0.20129168508192213,336.8090933859364
Simulation_000002,Aluminium 6061,77.02537176217506,0.22750401855936375,0.20129168508192213,336.69994039563886
Simulation_000002,Aluminium 6061,77.02537176217506,0.2313929761415751,0.20129168508192213,336.5926598870201
Simulation_000002,Aluminium 6061,77.02537176217506,0.23528193372378645,0.20129168508192213,336.4878314525435
Simulation_000002,Aluminium 6061,77.02537176217506,0.2391708913059978,0.20129168508192213,336.3859771858883
Simulation_000002,Aluminium 6061,77.02537176217506,0.24305984888820914,0.20129168508192213,336.2875637447115
Simulation_000002,Aluminium 6061,77.02537176217506,0.2469488064704205,0.20129168508192213,336.19300508683085
Simulation_000002,Aluminium 6061,77.02537176217506,0.2508377640526318,0.20129168508192213,336.10266569194397
Simulation_000002,Aluminium 6061,77.02537176217506,0.25472672163484317,0.20129168508192213,336.0168641060358
Simulation_000002,Aluminium 6061,77.02537176217506,0.2586156792170545,0.20129168508192213,335.9358766702639
Simulation_000002,Aluminium 6061,77.02537176217506,0.26250463679926583,0.20129168508192213,335.8599413192735
Simulation_000002,Aluminium 6061,77.02537176217506,0.2663935943814772,0.20129168508192213,335.7892613549152
Simulation_000002,Aluminium 6061,77.02537176217506,0.27028255196368856,0.20129168508192213,335.7240091198871
Simulation_000002,Aluminium 6061,77.02537176217506,0.27417150954589986,0.20129168508192213,335.66432951179206
Simulation_000002,Aluminium 6061,77.02537176217506,0.2780604671281112,0.20129168508192213,335.610343291568
Simulation_000002,Aluminium 6061,77.02537176217506,0.2819494247103226,0.20129168508192213,335.5621501513686
Simulation_000002,Aluminium 6061,77.02537176217506,0.28583838229253394,0.20129168508192213,335.5198315159887
Simulation_000002,Aluminium 6061,77.02537176217506,0.28972733987474525,0.20129168508192213,335.4834530590826
Simulation_000002,Aluminium 6061,77.02537176217506,0.2936162974569566,0.20129168508192213,335.45306692099376
Simulation_000002,Aluminium 6061,77.02537176217506,0.29750525503916797,0.20129168508192213,335.4287136192342
Simulation_000002,Aluminium 6061,77.02537176217506,0.30139421262137933,0.20129168508192213,335.41042364576987
Simulation_000002,Aluminium 6061,77.02537176217506,0.30528317020359064,0.20129168508192213,335.39821874748577
Simulation_000002,Aluminium 6061,77.02537176217506,0.309172127785802,0.20129168508192213,335.392112887719
Simulation_000002,Aluminium 6061,77.02537176217506,0.0019444787911056729,0.20385591036958994,335.1640709016687
Simulation_000002,Aluminium 6061,77.02537176217506,0.005833436373317019,0.20385591036958994,335.1859187613289
Simulation_000002,Aluminium 6061,77.02537176217506,0.009722393955528366,0.20385591036958994,335.2136358100261
Simulation_000002,Aluminium 6061,77.02537176217506,0.013611351537739711,0.20385591036958994,335.247203600063
Simulation_000002,Aluminium 6061,77.02537176217506,0.017500309119951058,0.20385591036958994,335.28659360022925
Simulation_000002,Aluminium 6061,77.02537176217506,0.021389266702162405,0.20385591036958994,335.33176616657346
Simulation_000002,Aluminium 6061,77.02537176217506,0.02527822428437375,0.20385591036958994,335.38266917451455
Simulation_000002,Aluminium 6061,77.02537176217506,0.029167181866585096,0.20385591036958994,335.43923631703126
Simulation_000002,Aluminium 6061,77.02537176217506,0.03305613944879644,0.20385591036958994,335.50138507608176
Simulation_000002,Aluminium 6061,77.02537176217506,0.03694509703100779,0.20385591036958994,335.56901437768147
Simulation_000002,Aluminium 6061,77.02537176217506,0.04083405461321914,0.20385591036958994,335.64200194543884
Simulation_000002,Aluminium 6061,77.02537176217506,0.044723012195430484,0.20385591036958994,335.72020137304514
Simulation_000002,Aluminium 6061,77.02537176217506,0.048611969777641824,0.20385591036958994,335.80343894348744
Simulation_000002,Aluminium 6061,77.02537176217506,0.05250092735985317,0.20385591036958994,335.89151023187253
Simulation_000002,Aluminium 6061,77.02537176217506,0.05638988494206452,0.20385591036958994,335.9841765399481
Simulation_000002,Aluminium 6061,77.02537176217506,0.060278842524275865,0.20385591036958994,336.08116122391834
Simulation_000002,Aluminium 6061,77.02537176217506,0.0641678001064872,0.20385591036958994,336.1821459931099
Simulation_000002,Aluminium 6061,77.02537176217506,0.06805675768869855,0.20385591036958994,336.28676727550845
Simulation_000002,Aluminium 6061,77.02537176217506,0.0719457152709099,0.20385591036958994,336.3946127670082
Simulation_000002,Aluminium 6061,77.02537176217506,0.07583467285312125,0.20385591036958994,336.5052183040395
Simulation_000002,Aluminium 6061,77.02537176217506,0.0797236304353326,0.20385591036958994,336.61806522335377
Simulation_000002,Aluminium 6061,77.02537176217506,0.08361258801754394,0.20385591036958994,336.73257839702546
Simulation_000002,Aluminium 6061,77.02537176217506,0.08750154559975529,0.20385591036958994,336.8481251535473
Simulation_000002,Aluminium 6061,77.02537176217506,0.09139050318196663,0.20385591036958994,336.9640153150173
Simulation_000002,Aluminium 6061,77.02537176217506,0.09527946076417797,0.20385591036958994,337.0795025929906
Simulation_000002,Aluminium 6061,77.02537176217506,0.09916841834638931,0.20385591036958994,337.1937875881585
Simulation_000002,Aluminium 6061,77.02537176217506,0.10305737592860066,0.20385591036958994,337.30602262771646
Simulation_000002,Aluminium 6061,77.02537176217506,0.10694633351081201,0.20385591036958994,337.4153186450072
Simulation_000002,Aluminium 6061,77.02537176217506,0.11083529109302336,0.20385591036958994,337.5207542549713
Simulation_000002,Aluminium 6061,77.02537176217506,0.1147242486752347,0.20385591036958994,337.6213871031727
Simulation_000002,Aluminium 6061,77.02537176217506,0.11861320625744605,0.20385591036958994,337.7162674644652
Simulation_000002,Aluminium 6061,77.02537176217506,0.1225021638396574,0.20385591036958994,337.8044539410426
Simulation_000002,Aluminium 6061,77.02537176217506,0.12639112142186876,0.20385591036958994,337.8850309633717
Simulation_000002,Aluminium 6061,77.02537176217506,0.1302800790040801,0.20385591036958994,337.9571276399872
Simulation_000002,Aluminium 6061,77.02537176217506,0.13416903658629145,0.20385591036958994,338.0199373460074
Simulation_000002,Aluminium 6061,77.02537176217506,0.13805799416850278,0.20385591036958994,338.0727373015689
Simulation_000002,Aluminium 6061,77.02537176217506,0.14194695175071415,0.20385591036958994,338.1149072881012
Simulation_000002,Aluminium 6061,77.02537176217506,0.14583590933292548,0.20385591036958994,338.1459465998938
Simulation_000002,Aluminium 6061,77.02537176217506,0.14972486691513684,0.20385591036958994,338.1654883447242
Simulation_000002,Aluminium 6061,77.02537176217506,0.15361382449734817,0.20385591036958994,338.1733102979106
Simulation_000002,Aluminium 6061,77.02537176217506,0.15750278207955953,0.20385591036958994,338.16934167766505
Simulation_000002,Aluminium 6061,77.02537176217506,0.16139173966177087,0.20385591036958994,338.15366543480684
Simulation_000002,Aluminium 6061,77.02537176217506,0.16528069724398223,0.20385591036958994,338.12651591638786
Simulation_000002,Aluminium 6061,77.02537176217506,0.16916965482619356,0.20385591036958994,338.08827204381856
Simulation_000002,Aluminium 6061,77.02537176217506,0.17305861240840492,0.20385591036958994,338.0394464125856
Simulation_000002,Aluminium 6061,77.02537176217506,0.17694756999061625,0.20385591036958994,337.98067094583655
Simulation_000002,Aluminium 6061,77.02537176217506,0.18083652757282762,0.20385591036958994,337.9126798976355
Simulation_000002,Aluminium 6061,77.02537176217506,0.18472548515503895,0.20385591036958994,337.836291092305
Simulation_000002,Aluminium 6061,77.02537176217506,0.18861444273725028,0.20385591036958994,337.7523863026027
Simulation_000002,Aluminium 6061,77.02537176217506,0.19250340031946164,0.20385591036958994,337.66189161903696
Simulation_000002,Aluminium 6061,77.02537176217506,0.19639235790167298,0.20385591036958994,337.565758559377
Simulation_000002,Aluminium 6061,77.02537176217506,0.20028131548388434,0.20385591036958994,337.4649465287774
Simulation_000002,Aluminium 6061,77.02537176217506,0.20417027306609567,0.20385591036958994,337.36040708485245
Simulation_000002,Aluminium 6061,77.02537176217506,0.20805923064830703,0.20385591036958994,337.2530703045493
Simulation_000002,Aluminium 6061,77.02537176217506,0.21194818823051836,0.20385591036958994,337.14383340345995
Simulation_000002,Aluminium 6061,77.02537176217506,0.21583714581272972,0.20385591036958994,337.0335516319308
Simulation_000002,Aluminium 6061,77.02537176217506,0.21972610339494106,0.20385591036958994,336.9230313706626
Simulation_000002,Aluminium 6061,77.02537176217506,0.22361506097715242,0.20385591036958994,336.81302527277546
Simulation_000002,Aluminium 6061,77.02537176217506,0.22750401855936375,0.20385591036958994,336.7042292482942
Simulation_000002,Aluminium 6061,77.02537176217506,0.2313929761415751,0.20385591036958994,336.59728105778385
Simulation_000002,Aluminium 6061,77.02537176217506,0.23528193372378645,0.20385591036958994,336.49276027060233
Simulation_000002,Aluminium 6061,77.02537176217506,0.2391708913059978,0.20385591036958994,336.3911893458688
Simulation_000002,Aluminium 6061,77.02537176217506,0.24305984888820914,0.20385591036958994,336.2930356068683
Simulation_000002,Aluminium 6061,77.02537176217506,0.2469488064704205,0.20385591036958994,336.1987138987712
Simulation_000002,Aluminium 6061,77.02537176217506,0.2508377640526318,0.20385591036958994,336.108589742407
Simulation_000002,Aluminium 6061,77.02537176217506,0.25472672163484317,0.20385591036958994,336.02298282115106
Simulation_000002,Aluminium 6061,77.02537176217506,0.2586156792170545,0.20385591036958994,335.94217066213776
Simulation_000002,Aluminium 6061,77.02537176217506,0.26250463679926583,0.20385591036958994,335.86639239586856
Simulation_000002,Aluminium 6061,77.02537176217506,0.2663935943814772,0.20385591036958994,335.7958524991438
Simulation_000002,Aluminium 6061,77.02537176217506,0.27028255196368856,0.20385591036958994,335.73072444474167
Simulation_000002,Aluminium 6061,77.02537176217506,0.27417150954589986,0.20385591036958994,335.6711541972529
Simulation_000002,Aluminium 6061,77.02537176217506,0.2780604671281112,0.20385591036958994,335.6172635080131
Simulation_000002,Aluminium 6061,77.02537176217506,0.2819494247103226,0.20385591036958994,335.5691529732906
Simulation_000002,Aluminium 6061,77.02537176217506,0.28583838229253394,0.20385591036958994,335.5269048290097
Simulation_000002,Aluminium 6061,77.02537176217506,0.28972733987474525,0.20385591036958994,335.490585462557
Simulation_000002,Aluminium 6061,77.02537176217506,0.2936162974569566,0.20385591036958994,335.4602476278961
Simulation_000002,Aluminium 6061,77.02537176217506,0.29750525503916797,0.20385591036958994,335.4359323545372
Simulation_000002,Aluminium 6061,77.02537176217506,0.30139421262137933,0.20385591036958994,335.41767054412134
Simulation_000002,Aluminium 6061,77.02537176217506,0.30528317020359064,0.20385591036958994,335.4054842506752
Simulation_000002,Aluminium 6061,77.02537176217506,0.309172127785802,0.20385591036958994,335.3993876421866
