x_m,y_m,z_m,time_s,temperature_K
0.0,0.0,0.0,0.0,300.0
0.0,0.0,0.1111111111111111,0.0,300.0000000000014
0.0,0.0,0.2222222222222222,0.0,300.0000000000586
0.0,0.0,0.3333333333333333,0.0,300.0000000006926
0.0,0.0,0.4444444444444444,0.0,300.0000000023804
0.0,0.0,0.5555555555555556,0.0,300.0000000023804
0.0,0.0,0.6666666666666666,0.0,300.0000000006926
0.0,0.0,0.7777777777777777,0.0,300.0000000000586
0.0,0.0,0.8888888888888888,0.0,300.0000000000014
0.0,0.0,1.0,0.0,300.0
0.0,0.1111111111111111,0.0,0.0,300.0000000000014
0.0,0.1111111111111111,0.1111111111111111,0.0,300.0000000002015
0.0,0.1111111111111111,0.2222222222222222,0.0,300.00000000818113
0.0,0.1111111111111111,0.3333333333333333,0.0,300.0000000966374
0.0,0.1111111111111111,0.4444444444444444,0.0,300.00000033213246
0.0,0.1111111111111111,0.5555555555555556,0.0,300.00000033213246
0.0,0.1111111111111111,0.6666666666666666,0.0,300.0000000966374
0.0,0.1111111111111111,0.7777777777777777,0.0,300.00000000818113
0.0,0.1111111111111111,0.8888888888888888,0.0,300.0000000002015
0.0,0.1111111111111111,1.0,0.0,300.0000000000014
0.0,0.2222222222222222,0.0,0.0,300.0000000000586
0.0,0.2222222222222222,0.1111111111111111,0.0,300.00000000818113
0.0,0.2222222222222222,0.2222222222222222,0.0,300.00000033213246
0.0,0.2222222222222222,0.3333333333333333,0.0,300.00000392322625
0.0,0.2222222222222222,0.4444444444444444,0.0,300.0000134837094
0.0,0.2222222222222222,0.5555555555555556,0.0,300.0000134837094
0.0,0.2222222222222222,0.6666666666666666,0.0,300.00000392322625
0.0,0.2222222222222222,0.7777777777777777,0.0,300.00000033213246
0.0,0.2222222222222222,0.8888888888888888,0.0,300.00000000818113
0.0,0.2222222222222222,1.0,0.0,300.0000000000586
0.0,0.3333333333333333,0.0,0.0,300.0000000006926
0.0,0.3333333333333333,0.1111111111111111,0.0,300.0000000966374
0.0,0.3333333333333333,0.2222222222222222,0.0,300.00000392322625
0.0,0.3333333333333333,0.3333333333333333,0.0,300.0000463420681
0.0,0.3333333333333333,0.4444444444444444,0.0,300.0001592727351
0.0,0.3333333333333333,0.5555555555555556,0.0,300.0001592727351
0.0,0.3333333333333333,0.6666666666666666,0.0,300.0000463420681
0.0,0.3333333333333333,0.7777777777777777,0.0,300.00000392322625
0.0,0.3333333333333333,0.8888888888888888,0.0,300.0000000966374
0.0,0.3333333333333333,1.0,0.0,300.0000000006926
0.0,0.4444444444444444,0.0,0.0,300.0000000023804
0.0,0.4444444444444444,0.1111111111111111,0.0,300.00000033213246
0.0,0.4444444444444444,0.2222222222222222,0.0,300.0000134837094
0.0,0.4444444444444444,0.3333333333333333,0.0,300.0001592727351
0.0,0.4444444444444444,0.4444444444444444,0.0,300.00054740336793
0.0,0.4444444444444444,0.5555555555555556,0.0,300.00054740336793
0.0,0.4444444444444444,0.6666666666666666,0.0,300.0001592727351
0.0,0.4444444444444444,0.7777777777777777,0.0,300.0000134837094
0.0,0.4444444444444444,0.8888888888888888,0.0,300.00000033213246
0.0,0.4444444444444444,1.0,0.0,300.0000000023804
0.0,0.5555555555555556,0.0,0.0,300.0000000023804
0.0,0.5555555555555556,0.1111111111111111,0.0,300.00000033213246
0.0,0.5555555555555556,0.2222222222222222,0.0,300.0000134837094
0.0,0.5555555555555556,0.3333333333333333,0.0,300.0001592727351
0.0,0.5555555555555556,0.4444444444444444,0.0,300.00054740336793
0.0,0.5555555555555556,0.5555555555555556,0.0,300.00054740336793
0.0,0.5555555555555556,0.6666666666666666,0.0,300.0001592727351
0.0,0.5555555555555556,0.7777777777777777,0.0,300.0000134837094
0.0,0.5555555555555556,0.8888888888888888,0.0,300.00000033213246
0.0,0.5555555555555556,1.0,0.0,300.0000000023804
0.0,0.6666666666666666,0.0,0.0,300.0000000006926
0.0,0.6666666666666666,0.1111111111111111,0.0,300.0000000966374
0.0,0.6666666666666666,0.2222222222222222,0.0,300.00000392322625
0.0,0.6666666666666666,0.3333333333333333,0.0,300.0000463420681
0.0,0.6666666666666666,0.4444444444444444,0.0,300.0001592727351
0.0,0.6666666666666666,0.5555555555555556,0.0,300.0001592727351
0.0,0.6666666666666666,0.6666666666666666,0.0,300.0000463420681
0.0,0.6666666666666666,0.7777777777777777,0.0,300.00000392322625
0.0,0.6666666666666666,0.8888888888888888,0.0,300.0000000966374
0.0,0.6666666666666666,1.0,0.0,300.0000000006926
0.0,0.7777777777777777,0.0,0.0,300.0000000000586
0.0,0.7777777777777777,0.1111111111111111,0.0,300.00000000818113
0.0,0.7777777777777777,0.2222222222222222,0.0,300.00000033213246
0.0,0.7777777777777777,0.3333333333333333,0.0,300.00000392322625
0.0,0.7777777777777777,0.4444444444444444,0.0,300.0000134837094
0.0,0.7777777777777777,0.5555555555555556,0.0,300.0000134837094
0.0,0.7777777777777777,0.6666666666666666,0.0,300.00000392322625
0.0,0.7777777777777777,0.7777777777777777,0.0,300.00000033213246
0.0,0.7777777777777777,0.8888888888888888,0.0,300.00000000818113
0.0,0.7777777777777777,1.0,0.0,300.0000000000586
0.0,0.8888888888888888,0.0,0.0,300.0000000000014
0.0,0.8888888888888888,0.1111111111111111,0.0,300.0000000002015
0.0,0.8888888888888888,0.2222222222222222,0.0,300.00000000818113
0.0,0.8888888888888888,0.3333333333333333,0.0,300.0000000966374
0.0,0.8888888888888888,0.4444444444444444,0.0,300.00000033213246
0.0,0.8888888888888888,0.5555555555555556,0.0,300.00000033213246
0.0,0.8888888888888888,0.6666666666666666,0.0,300.0000000966374
0.0,0.8888888888888888,0.7777777777777777,0.0,300.00000000818113
0.0,0.8888888888888888,0.8888888888888888,0.0,300.0000000002015
0.0,0.8888888888888888,1.0,0.0,300.0000000000014
0.0,1.0,0.0,0.0,300.0
0.0,1.0,0.1111111111111111,0.0,300.0000000000014
0.0,1.0,0.2222222222222222,0.0,300.0000000000586
0.0,1.0,0.3333333333333333,0.0,300.0000000006926
0.0,1.0,0.4444444444444444,0.0,300.0000000023804
0.0,1.0,0.5555555555555556,0.0,300.0000000023804
0.0,1.0,0.6666666666666666,0.0,300.0000000006926
0.0,1.0,0.7777777777777777,0.0,300.0000000000586
0.0,1.0,0.8888888888888888,0.0,300.0000000000014
0.0,1.0,1.0,0.0,300.0
0.1111111111111111,0.0,0.0,0.0,300.0000000000014
0.1111111111111111,0.0,0.1111111111111111,0.0,300.0000000002015
0.1111111111111111,0.0,0.2222222222222222,0.0,300.00000000818113
0.1111111111111111,0.0,0.3333333333333333,0.0,300.0000000966374
0.1111111111111111,0.0,0.4444444444444444,0.0,300.00000033213246
0.1111111111111111,0.0,0.5555555555555556,0.0,300.00000033213246
0.1111111111111111,0.0,0.6666666666666666,0.0,300.0000000966374
0.1111111111111111,0.0,0.7777777777777777,0.0,300.00000000818113
0.1111111111111111,0.0,0.8888888888888888,0.0,300.0000000002015
0.1111111111111111,0.0,1.0,0.0,300.0000000000014
0.1111111111111111,0.1111111111111111,0.0,0.0,300.0000000002015
0.1111111111111111,0.1111111111111111,0.1111111111111111,0.0,300.00000002811765
0.1111111111111111,0.1111111111111111,0.2222222222222222,0.0,300.00000114150373
0.1111111111111111,0.1111111111111111,0.3333333333333333,0.0,300.0000134837094
0.1111111111111111,0.1111111111111111,0.4444444444444444,0.0,300.0000463420681
0.1111111111111111,0.1111111111111111,0.5555555555555556,0.0,300.0000463420681
0.1111111111111111,0.1111111111111111,0.6666666666666666,0.0,300.0000134837094
0.1111111111111111,0.1111111111111111,0.7777777777777777,0.0,300.00000114150373
0.1111111111111111,0.1111111111111111,0.8888888888888888,0.0,300.00000002811765
0.1111111111111111,0.1111111111111111,1.0,0.0,300.0000000002015
0.1111111111111111,0.2222222222222222,0.0,0.0,300.00000000818113
0.1111111111111111,0.2222222222222222,0.1111111111111111,0.0,300.00000114150373
0.1111111111111111,0.2222222222222222,0.2222222222222222,0.0,300.0000463420681
0.1111111111111111,0.2222222222222222,0.3333333333333333,0.0,300.00054740336793
0.1111111111111111,0.2222222222222222,0.4444444444444444,0.0,300.0018813668705
0.1111111111111111,0.2222222222222222,0.5555555555555556,0.0,300.0018813668705
0.1111111111111111,0.2222222222222222,0.6666666666666666,0.0,300.00054740336793
0.1111111111111111,0.2222222222222222,0.7777777777777777,0.0,300.0000463420681
0.1111111111111111,0.2222222222222222,0.8888888888888888,0.0,300.00000114150373
0.1111111111111111,0.2222222222222222,1.0,0.0,300.00000000818113
0.1111111111111111,0.3333333333333333,0.0,0.0,300.0000000966374
0.1111111111111111,0.3333333333333333,0.1111111111111111,0.0,300.0000134837094
0.1111111111111111,0.3333333333333333,0.2222222222222222,0.0,300.00054740336793
0.1111111111111111,0.3333333333333333,0.3333333333333333,0.0,300.0064660568583
0.1111111111111111,0.3333333333333333,0.4444444444444444,0.0,300.02222314634616
0.1111111111111111,0.3333333333333333,0.5555555555555556,0.0,300.02222314634616
0.1111111111111111,0.3333333333333333,0.6666666666666666,0.0,300.0064660568583
0.1111111111111111,0.3333333333333333,0.7777777777777777,0.0,300.00054740336793
0.1111111111111111,0.3333333333333333,0.8888888888888888,0.0,300.0000134837094
0.1111111111111111,0.3333333333333333,1.0,0.0,300.0000000966374
0.1111111111111111,0.4444444444444444,0.0,0.0,300.00000033213246
0.1111111111111111,0.4444444444444444,0.1111111111111111,0.0,300.0000463420681
0.1111111111111111,0.4444444444444444,0.2222222222222222,0.0,300.0018813668705
0.1111111111111111,0.4444444444444444,0.3333333333333333,0.0,300.02222314634616
0.1111111111111111,0.4444444444444444,0.4444444444444444,0.0,300.0763785788382
0.1111111111111111,0.4444444444444444,0.5555555555555556,0.0,300.0763785788382
0.1111111111111111,0.4444444444444444,0.6666666666666666,0.0,300.02222314634616
0.1111111111111111,0.4444444444444444,0.7777777777777777,0.0,300.0018813668705
0.1111111111111111,0.4444444444444444,0.8888888888888888,0.0,300.0000463420681
0.1111111111111111,0.4444444444444444,1.0,0.0,300.00000033213246
0.1111111111111111,0.5555555555555556,0.0,0.0,300.00000033213246
0.1111111111111111,0.5555555555555556,0.1111111111111111,0.0,300.0000463420681
0.1111111111111111,0.5555555555555556,0.2222222222222222,0.0,300.0018813668705
0.1111111111111111,0.5555555555555556,0.3333333333333333,0.0,300.02222314634616
0.1111111111111111,0.5555555555555556,0.4444444444444444,0.0,300.0763785788382
0.1111111111111111,0.5555555555555556,0.5555555555555556,0.0,300.0763785788382
0.1111111111111111,0.5555555555555556,0.6666666666666666,0.0,300.02222314634616
0.1111111111111111,0.5555555555555556,0.7777777777777777,0.0,300.0018813668705
0.1111111111111111,0.5555555555555556,0.8888888888888888,0.0,300.0000463420681
0.1111111111111111,0.5555555555555556,1.0,0.0,300.00000033213246
0.1111111111111111,0.6666666666666666,0.0,0.0,300.0000000966374
0.1111111111111111,0.6666666666666666,0.1111111111111111,0.0,300.0000134837094
0.1111111111111111,0.6666666666666666,0.2222222222222222,0.0,300.00054740336793
0.1111111111111111,0.6666666666666666,0.3333333333333333,0.0,300.0064660568583
0.1111111111111111,0.6666666666666666,0.4444444444444444,0.0,300.02222314634616
0.1111111111111111,0.6666666666666666,0.5555555555555556,0.0,300.02222314634616
0.1111111111111111,0.6666666666666666,0.6666666666666666,0.0,300.0064660568583
0.1111111111111111,0.6666666666666666,0.7777777777777777,0.0,300.00054740336793
0.1111111111111111,0.6666666666666666,0.8888888888888888,0.0,300.0000134837094
0.1111111111111111,0.6666666666666666,1.0,0.0,300.0000000966374
0.1111111111111111,0.7777777777777777,0.0,0.0,300.00000000818113
0.1111111111111111,0.7777777777777777,0.1111111111111111,0.0,300.00000114150373
0.1111111111111111,0.7777777777777777,0.2222222222222222,0.0,300.0000463420681
0.1111111111111111,0.7777777777777777,0.3333333333333333,0.0,300.00054740336793
0.1111111111111111,0.7777777777777777,0.4444444444444444,0.0,300.0018813668705
0.1111111111111111,0.7777777777777777,0.5555555555555556,0.0,300.0018813668705
0.1111111111111111,0.7777777777777777,0.6666666666666666,0.0,300.00054740336793
0.1111111111111111,0.7777777777777777,0.7777777777777777,0.0,300.0000463420681
0.1111111111111111,0.7777777777777777,0.8888888888888888,0.0,300.00000114150373
0.1111111111111111,0.7777777777777777,1.0,0.0,300.00000000818113
0.1111111111111111,0.8888888888888888,0.0,0.0,300.0000000002015
0.1111111111111111,0.8888888888888888,0.1111111111111111,0.0,300.00000002811765
0.1111111111111111,0.8888888888888888,0.2222222222222222,0.0,300.00000114150373
0.1111111111111111,0.8888888888888888,0.3333333333333333,0.0,300.0000134837094
0.1111111111111111,0.8888888888888888,0.4444444444444444,0.0,300.0000463420681
0.1111111111111111,0.8888888888888888,0.5555555555555556,0.0,300.0000463420681
0.1111111111111111,0.8888888888888888,0.6666666666666666,0.0,300.0000134837094
0.1111111111111111,0.8888888888888888,0.7777777777777777,0.0,300.00000114150373
0.1111111111111111,0.8888888888888888,0.8888888888888888,0.0,300.00000002811765
0.1111111111111111,0.8888888888888888,1.0,0.0,300.0000000002015
0.1111111111111111,1.0,0.0,0.0,300.0000000000014
0.1111111111111111,1.0,0.1111111111111111,0.0,300.0000000002015
0.1111111111111111,1.0,0.2222222222222222,0.0,300.00000000818113
0.1111111111111111,1.0,0.3333333333333333,0.0,300.0000000966374
0.1111111111111111,1.0,0.4444444444444444,0.0,300.00000033213246
0.1111111111111111,1.0,0.5555555555555556,0.0,300.00000033213246
0.1111111111111111,1.0,0.6666666666666666,0.0,300.0000000966374
0.1111111111111111,1.0,0.7777777777777777,0.0,300.00000000818113
0.1111111111111111,1.0,0.8888888888888888,0.0,300.0000000002015
0.1111111111111111,1.0,1.0,0.0,300.0000000000014
0.2222222222222222,0.0,0.0,0.0,300.0000000000586
0.2222222222222222,0.0,0.1111111111111111,0.0,300.00000000818113
0.2222222222222222,0.0,0.2222222222222222,0.0,300.00000033213246
0.2222222222222222,0.0,0.3333333333333333,0.0,300.00000392322625
0.2222222222222222,0.0,0.4444444444444444,0.0,300.0000134837094
0.2222222222222222,0.0,0.5555555555555556,0.0,300.0000134837094
0.2222222222222222,0.0,0.6666666666666666,0.0,300.00000392322625
0.2222222222222222,0.0,0.7777777777777777,0.0,300.00000033213246
0.2222222222222222,0.0,0.8888888888888888,0.0,300.00000000818113
0.2222222222222222,0.0,1.0,0.0,300.0000000000586
0.2222222222222222,0.1111111111111111,0.0,0.0,300.00000000818113
0.2222222222222222,0.1111111111111111,0.1111111111111111,0.0,300.00000114150373
0.2222222222222222,0.1111111111111111,0.2222222222222222,0.0,300.0000463420681
0.2222222222222222,0.1111111111111111,0.3333333333333333,0.0,300.00054740336793
0.2222222222222222,0.1111111111111111,0.4444444444444444,0.0,300.0018813668705
0.2222222222222222,0.1111111111111111,0.5555555555555556,0.0,300.0018813668705
0.2222222222222222,0.1111111111111111,0.6666666666666666,0.0,300.00054740336793
0.2222222222222222,0.1111111111111111,0.7777777777777777,0.0,300.0000463420681
0.2222222222222222,0.1111111111111111,0.8888888888888888,0.0,300.00000114150373
0.2222222222222222,0.1111111111111111,1.0,0.0,300.00000000818113
0.2222222222222222,0.2222222222222222,0.0,0.0,300.00000033213246
0.2222222222222222,0.2222222222222222,0.1111111111111111,0.0,300.0000463420681
0.2222222222222222,0.2222222222222222,0.2222222222222222,0.0,300.0018813668705
0.2222222222222222,0.2222222222222222,0.3333333333333333,0.0,300.02222314634616
0.2222222222222222,0.2222222222222222,0.4444444444444444,0.0,300.0763785788382
0.2222222222222222,0.2222222222222222,0.5555555555555556,0.0,300.0763785788382
0.2222222222222222,0.2222222222222222,0.6666666666666666,0.0,300.02222314634616
0.2222222222222222,0.2222222222222222,0.7777777777777777,0.0,300.0018813668705
0.2222222222222222,0.2222222222222222,0.8888888888888888,0.0,300.0000463420681
0.2222222222222222,0.2222222222222222,1.0,0.0,300.00000033213246
0.2222222222222222,0.3333333333333333,0.0,0.0,300.00000392322625
0.2222222222222222,0.3333333333333333,0.1111111111111111,0.0,300.00054740336793
0.2222222222222222,0.3333333333333333,0.2222222222222222,0.0,300.02222314634616
0.2222222222222222,0.3333333333333333,0.3333333333333333,0.0,300.26250501231806
0.2222222222222222,0.3333333333333333,0.4444444444444444,0.0,300.90220167146657
0.2222222222222222,0.3333333333333333,0.5555555555555556,0.0,300.90220167146657
0.2222222222222222,0.3333333333333333,0.6666666666666666,0.0,300.26250501231806
0.2222222222222222,0.3333333333333333,0.7777777777777777,0.0,300.02222314634616
0.2222222222222222,0.3333333333333333,0.8888888888888888,0.0,300.00054740336793
0.2222222222222222,0.3333333333333333,1.0,0.0,300.00000392322625
0.2222222222222222,0.4444444444444444,0.0,0.0,300.0000134837094
0.2222222222222222,0.4444444444444444,0.1111111111111111,0.0,300.0018813668705
0.2222222222222222,0.4444444444444444,0.2222222222222222,0.0,300.0763785788382
0.2222222222222222,0.4444444444444444,0.3333333333333333,0.0,300.90220167146657
0.2222222222222222,0.4444444444444444,0.4444444444444444,0.0,303.10077071980186
0.2222222222222222,0.4444444444444444,0.5555555555555556,0.0,303.10077071980186
0.2222222222222222,0.4444444444444444,0.6666666666666666,0.0,300.90220167146657
0.2222222222222222,0.4444444444444444,0.7777777777777777,0.0,300.0763785788382
0.2222222222222222,0.4444444444444444,0.8888888888888888,0.0,300.0018813668705
0.2222222222222222,0.4444444444444444,1.0,0.0,300.0000134837094
0.2222222222222222,0.5555555555555556,0.0,0.0,300.0000134837094
0.2222222222222222,0.5555555555555556,0.1111111111111111,0.0,300.0018813668705
0.2222222222222222,0.5555555555555556,0.2222222222222222,0.0,300.0763785788382
0.2222222222222222,0.5555555555555556,0.3333333333333333,0.0,300.90220167146657
0.2222222222222222,0.5555555555555556,0.4444444444444444,0.0,303.10077071980186
0.2222222222222222,0.5555555555555556,0.5555555555555556,0.0,303.10077071980186
0.2222222222222222,0.5555555555555556,0.6666666666666666,0.0,300.90220167146657
0.2222222222222222,0.5555555555555556,0.7777777777777777,0.0,300.0763785788382
0.2222222222222222,0.5555555555555556,0.8888888888888888,0.0,300.0018813668705
0.2222222222222222,0.5555555555555556,1.0,0.0,300.0000134837094
0.2222222222222222,0.6666666666666666,0.0,0.0,300.00000392322625
0.2222222222222222,0.6666666666666666,0.1111111111111111,0.0,300.00054740336793
0.2222222222222222,0.6666666666666666,0.2222222222222222,0.0,300.02222314634616
0.2222222222222222,0.6666666666666666,0.3333333333333333,0.0,300.26250501231806
0.2222222222222222,0.6666666666666666,0.4444444444444444,0.0,300.90220167146657
0.2222222222222222,0.6666666666666666,0.5555555555555556,0.0,300.90220167146657
0.2222222222222222,0.6666666666666666,0.6666666666666666,0.0,300.26250501231806
0.2222222222222222,0.6666666666666666,0.7777777777777777,0.0,300.02222314634616
0.2222222222222222,0.6666666666666666,0.8888888888888888,0.0,300.00054740336793
0.2222222222222222,0.6666666666666666,1.0,0.0,300.00000392322625
0.2222222222222222,0.7777777777777777,0.0,0.0,300.00000033213246
0.2222222222222222,0.7777777777777777,0.1111111111111111,0.0,300.0000463420681
0.2222222222222222,0.7777777777777777,0.2222222222222222,0.0,300.0018813668705
0.2222222222222222,0.7777777777777777,0.3333333333333333,0.0,300.02222314634616
0.2222222222222222,0.7777777777777777,0.4444444444444444,0.0,300.0763785788382
0.2222222222222222,0.7777777777777777,0.5555555555555556,0.0,300.0763785788382
0.2222222222222222,0.7777777777777777,0.6666666666666666,0.0,300.02222314634616
0.2222222222222222,0.7777777777777777,0.7777777777777777,0.0,300.0018813668705
0.2222222222222222,0.7777777777777777,0.8888888888888888,0.0,300.0000463420681
0.2222222222222222,0.7777777777777777,1.0,0.0,300.00000033213246
0.2222222222222222,0.8888888888888888,0.0,0.0,300.00000000818113
0.2222222222222222,0.8888888888888888,0.1111111111111111,0.0,300.00000114150373
0.2222222222222222,0.8888888888888888,0.2222222222222222,0.0,300.0000463420681
0.2222222222222222,0.8888888888888888,0.3333333333333333,0.0,300.00054740336793
0.2222222222222222,0.8888888888888888,0.4444444444444444,0.0,300.0018813668705
0.2222222222222222,0.8888888888888888,0.5555555555555556,0.0,300.0018813668705
0.2222222222222222,0.8888888888888888,0.6666666666666666,0.0,300.00054740336793
0.2222222222222222,0.8888888888888888,0.7777777777777777,0.0,300.0000463420681
0.2222222222222222,0.8888888888888888,0.8888888888888888,0.0,300.00000114150373
0.2222222222222222,0.8888888888888888,1.0,0.0,300.00000000818113
0.2222222222222222,1.0,0.0,0.0,300.0000000000586
0.2222222222222222,1.0,0.1111111111111111,0.0,300.00000000818113
0.2222222222222222,1.0,0.2222222222222222,0.0,300.00000033213246
0.2222222222222222,1.0,0.3333333333333333,0.0,300.00000392322625
0.2222222222222222,1.0,0.4444444444444444,0.0,300.0000134837094
0.2222222222222222,1.0,0.5555555555555556,0.0,300.0000134837094
0.2222222222222222,1.0,0.6666666666666666,0.0,300.00000392322625
0.2222222222222222,1.0,0.7777777777777777,0.0,300.00000033213246
0.2222222222222222,1.0,0.8888888888888888,0.0,300.00000000818113
0.2222222222222222,1.0,1.0,0.0,300.0000000000586
0.3333333333333333,0.0,0.0,0.0,300.0000000006926
0.3333333333333333,0.0,0.1111111111111111,0.0,300.0000000966374
0.3333333333333333,0.0,0.2222222222222222,0.0,300.00000392322625
0.3333333333333333,0.0,0.3333333333333333,0.0,300.0000463420681
0.3333333333333333,0.0,0.4444444444444444,0.0,300.0001592727351
0.3333333333333333,0.0,0.5555555555555556,0.0,300.0001592727351
0.3333333333333333,0.0,0.6666666666666666,0.0,300.0000463420681
0.3333333333333333,0.0,0.7777777777777777,0.0,300.00000392322625
0.3333333333333333,0.0,0.8888888888888888,0.0,300.0000000966374
0.3333333333333333,0.0,1.0,0.0,300.0000000006926
0.3333333333333333,0.1111111111111111,0.0,0.0,300.0000000966374
0.3333333333333333,0.1111111111111111,0.1111111111111111,0.0,300.0000134837094
0.3333333333333333,0.1111111111111111,0.2222222222222222,0.0,300.00054740336793
0.3333333333333333,0.1111111111111111,0.3333333333333333,0.0,300.0064660568583
0.3333333333333333,0.1111111111111111,0.4444444444444444,0.0,300.02222314634616
0.3333333333333333,0.1111111111111111,0.5555555555555556,0.0,300.02222314634616
0.3333333333333333,0.1111111111111111,0.6666666666666666,0.0,300.0064660568583
0.3333333333333333,0.1111111111111111,0.7777777777777777,0.0,300.00054740336793
0.3333333333333333,0.1111111111111111,0.8888888888888888,0.0,300.0000134837094
0.3333333333333333,0.1111111111111111,1.0,0.0,300.0000000966374
0.3333333333333333,0.2222222222222222,0.0,0.0,300.00000392322625
0.3333333333333333,0.2222222222222222,0.1111111111111111,0.0,300.00054740336793
0.3333333333333333,0.2222222222222222,0.2222222222222222,0.0,300.02222314634616
0.3333333333333333,0.2222222222222222,0.3333333333333333,0.0,300.26250501231806
0.3333333333333333,0.2222222222222222,0.4444444444444444,0.0,300.90220167146657
0.3333333333333333,0.2222222222222222,0.5555555555555556,0.0,300.90220167146657
0.3333333333333333,0.2222222222222222,0.6666666666666666,0.0,300.26250501231806
0.3333333333333333,0.2222222222222222,0.7777777777777777,0.0,300.02222314634616
0.3333333333333333,0.2222222222222222,0.8888888888888888,0.0,300.00054740336793
0.3333333333333333,0.2222222222222222,1.0,0.0,300.00000392322625
0.3333333333333333,0.3333333333333333,0.0,0.0,300.0000463420681
0.3333333333333333,0.3333333333333333,0.1111111111111111,0.0,300.0064660568583
0.3333333333333333,0.3333333333333333,0.2222222222222222,0.0,300.26250501231806
0.3333333333333333,0.3333333333333333,0.3333333333333333,0.0,303.10077071980186
0.3333333333333333,0.3333333333333333,0.4444444444444444,0.0,310.6570175614409
0.3333333333333333,0.3333333333333333,0.5555555555555556,0.0,310.6570175614409
0.3333333333333333,0.3333333333333333,0.6666666666666666,0.0,303.10077071980186
0.3333333333333333,0.3333333333333333,0.7777777777777777,0.0,300.26250501231806
0.3333333333333333,0.3333333333333333,0.8888888888888888,0.0,300.0064660568583
0.3333333333333333,0.3333333333333333,1.0,0.0,300.0000463420681
0.3333333333333333,0.4444444444444444,0.0,0.0,300.0001592727351
0.3333333333333333,0.4444444444444444,0.1111111111111111,0.0,300.02222314634616
0.3333333333333333,0.4444444444444444,0.2222222222222222,0.0,300.90220167146657
0.3333333333333333,0.4444444444444444,0.3333333333333333,0.0,310.6570175614409
0.3333333333333333,0.4444444444444444,0.4444444444444444,0.0,336.62703036363723
0.3333333333333333,0.4444444444444444,0.5555555555555556,0.0,336.62703036363723
0.3333333333333333,0.4444444444444444,0.6666666666666666,0.0,310.6570175614409
0.3333333333333333,0.4444444444444444,0.7777777777777777,0.0,300.90220167146657
0.3333333333333333,0.4444444444444444,0.8888888888888888,0.0,300.02222314634616
0.3333333333333333,0.4444444444444444,1.0,0.0,300.0001592727351
0.3333333333333333,0.5555555555555556,0.0,0.0,300.0001592727351
0.3333333333333333,0.5555555555555556,0.1111111111111111,0.0,300.02222314634616
0.3333333333333333,0.5555555555555556,0.2222222222222222,0.0,300.90220167146657
0.3333333333333333,0.5555555555555556,0.3333333333333333,0.0,310.6570175614409
0.3333333333333333,0.5555555555555556,0.4444444444444444,0.0,336.62703036363723
0.3333333333333333,0.5555555555555556,0.5555555555555556,0.0,336.62703036363723
0.3333333333333333,0.5555555555555556,0.6666666666666666,0.0,310.6570175614409
0.3333333333333333,0.5555555555555556,0.7777777777777777,0.0,300.90220167146657
0.3333333333333333,0.5555555555555556,0.8888888888888888,0.0,300.02222314634616
0.3333333333333333,0.5555555555555556,1.0,0.0,300.0001592727351
0.3333333333333333,0.6666666666666666,0.0,0.0,300.0000463420681
0.3333333333333333,0.6666666666666666,0.1111111111111111,0.0,300.0064660568583
0.3333333333333333,0.6666666666666666,0.2222222222222222,0.0,300.26250501231806
0.3333333333333333,0.6666666666666666,0.3333333333333333,0.0,303.10077071980186
0.3333333333333333,0.6666666666666666,0.4444444444444444,0.0,310.6570175614409
0.3333333333333333,0.6666666666666666,0.5555555555555556,0.0,310.6570175614409
0.3333333333333333,0.6666666666666666,0.6666666666666666,0.0,303.10077071980186
0.3333333333333333,0.6666666666666666,0.7777777777777777,0.0,300.26250501231806
0.3333333333333333,0.6666666666666666,0.8888888888888888,0.0,300.0064660568583
0.3333333333333333,0.6666666666666666,1.0,0.0,300.0000463420681
0.3333333333333333,0.7777777777777777,0.0,0.0,300.00000392322625
0.3333333333333333,0.7777777777777777,0.1111111111111111,0.0,300.00054740336793
0.3333333333333333,0.7777777777777777,0.2222222222222222,0.0,300.02222314634616
0.3333333333333333,0.7777777777777777,0.3333333333333333,0.0,300.26250501231806
0.3333333333333333,0.7777777777777777,0.4444444444444444,0.0,300.90220167146657
0.3333333333333333,0.7777777777777777,0.5555555555555556,0.0,300.90220167146657
0.3333333333333333,0.7777777777777777,0.6666666666666666,0.0,300.26250501231806
0.3333333333333333,0.7777777777777777,0.7777777777777777,0.0,300.02222314634616
0.3333333333333333,0.7777777777777777,0.8888888888888888,0.0,300.00054740336793
0.3333333333333333,0.7777777777777777,1.0,0.0,300.00000392322625
0.3333333333333333,0.8888888888888888,0.0,0.0,300.0000000966374
0.3333333333333333,0.8888888888888888,0.1111111111111111,0.0,300.0000134837094
0.3333333333333333,0.8888888888888888,0.2222222222222222,0.0,300.00054740336793
0.3333333333333333,0.8888888888888888,0.3333333333333333,0.0,300.0064660568583
0.3333333333333333,0.8888888888888888,0.4444444444444444,0.0,300.02222314634616
0.3333333333333333,0.8888888888888888,0.5555555555555556,0.0,300.02222314634616
0.3333333333333333,0.8888888888888888,0.6666666666666666,0.0,300.0064660568583
0.3333333333333333,0.8888888888888888,0.7777777777777777,0.0,300.00054740336793
0.3333333333333333,0.8888888888888888,0.8888888888888888,0.0,300.0000134837094
0.3333333333333333,0.8888888888888888,1.0,0.0,300.0000000966374
0.3333333333333333,1.0,0.0,0.0,300.0000000006926
0.3333333333333333,1.0,0.1111111111111111,0.0,300.0000000966374
0.3333333333333333,1.0,0.2222222222222222,0.0,300.00000392322625
0.3333333333333333,1.0,0.3333333333333333,0.0,300.0000463420681
0.3333333333333333,1.0,0.4444444444444444,0.0,300.0001592727351
0.3333333333333333,1.0,0.5555555555555556,0.0,300.0001592727351
0.3333333333333333,1.0,0.6666666666666666,0.0,300.0000463420681
0.3333333333333333,1.0,0.7777777777777777,0.0,300.00000392322625
0.3333333333333333,1.0,0.8888888888888888,0.0,300.0000000966374
0.3333333333333333,1.0,1.0,0.0,300.0000000006926
0.4444444444444444,0.0,0.0,0.0,300.0000000023804
0.4444444444444444,0.0,0.1111111111111111,0.0,300.00000033213246
0.4444444444444444,0.0,0.2222222222222222,0.0,300.0000134837094
0.4444444444444444,0.0,0.3333333333333333,0.0,300.0001592727351
0.4444444444444444,0.0,0.4444444444444444,0.0,300.00054740336793
0.4444444444444444,0.0,0.5555555555555556,0.0,300.00054740336793
0.4444444444444444,0.0,0.6666666666666666,0.0,300.0001592727351
0.4444444444444444,0.0,0.7777777777777777,0.0,300.0000134837094
0.4444444444444444,0.0,0.8888888888888888,0.0,300.00000033213246
0.4444444444444444,0.0,1.0,0.0,300.0000000023804
0.4444444444444444,0.1111111111111111,0.0,0.0,300.00000033213246
0.4444444444444444,0.1111111111111111,0.1111111111111111,0.0,300.0000463420681
0.4444444444444444,0.1111111111111111,0.2222222222222222,0.0,300.0018813668705
0.4444444444444444,0.1111111111111111,0.3333333333333333,0.0,300.02222314634616
0.4444444444444444,0.1111111111111111,0.4444444444444444,0.0,300.0763785788382
0.4444444444444444,0.1111111111111111,0.5555555555555556,0.0,300.0763785788382
0.4444444444444444,0.1111111111111111,0.6666666666666666,0.0,300.02222314634616
0.4444444444444444,0.1111111111111111,0.7777777777777777,0.0,300.0018813668705
0.4444444444444444,0.1111111111111111,0.8888888888888888,0.0,300.0000463420681
0.4444444444444444,0.1111111111111111,1.0,0.0,300.00000033213246
0.4444444444444444,0.2222222222222222,0.0,0.0,300.0000134837094
0.4444444444444444,0.2222222222222222,0.1111111111111111,0.0,300.0018813668705
0.4444444444444444,0.2222222222222222,0.2222222222222222,0.0,300.0763785788382
0.4444444444444444,0.2222222222222222,0.3333333333333333,0.0,300.90220167146657
0.4444444444444444,0.2222222222222222,0.4444444444444444,0.0,303.10077071980186
0.4444444444444444,0.2222222222222222,0.5555555555555556,0.0,303.10077071980186
0.4444444444444444,0.2222222222222222,0.6666666666666666,0.0,300.90220167146657
0.4444444444444444,0.2222222222222222,0.7777777777777777,0.0,300.0763785788382
0.4444444444444444,0.2222222222222222,0.8888888888888888,0.0,300.0018813668705
0.4444444444444444,0.2222222222222222,1.0,0.0,300.0000134837094
0.4444444444444444,0.3333333333333333,0.0,0.0,300.0001592727351
0.4444444444444444,0.3333333333333333,0.1111111111111111,0.0,300.02222314634616
0.4444444444444444,0.3333333333333333,0.2222222222222222,0.0,300.90220167146657
0.4444444444444444,0.3333333333333333,0.3333333333333333,0.0,310.6570175614409
0.4444444444444444,0.3333333333333333,0.4444444444444444,0.0,336.62703036363723
0.4444444444444444,0.3333333333333333,0.5555555555555556,0.0,336.62703036363723
0.4444444444444444,0.3333333333333333,0.6666666666666666,0.0,310.6570175614409
0.4444444444444444,0.3333333333333333,0.7777777777777777,0.0,300.90220167146657
0.4444444444444444,0.3333333333333333,0.8888888888888888,0.0,300.02222314634616
0.4444444444444444,0.3333333333333333,1.0,0.0,300.0001592727351
0.4444444444444444,0.4444444444444444,0.0,0.0,300.00054740336793
0.4444444444444444,0.4444444444444444,0.1111111111111111,0.0,300.0763785788382
0.4444444444444444,0.4444444444444444,0.2222222222222222,0.0,303.10077071980186
0.4444444444444444,0.4444444444444444,0.3333333333333333,0.0,336.62703036363723
0.4444444444444444,0.4444444444444444,0.4444444444444444,0.0,425.8831887556182
0.4444444444444444,0.4444444444444444,0.5555555555555556,0.0,425.8831887556182
0.4444444444444444,0.4444444444444444,0.6666666666666666,0.0,336.6270303636373
0.4444444444444444,0.4444444444444444,0.7777777777777777,0.0,303.10077071980186
0.4444444444444444,0.4444444444444444,0.8888888888888888,0.0,300.0763785788382
0.4444444444444444,0.4444444444444444,1.0,0.0,300.00054740336793
0.4444444444444444,0.5555555555555556,0.0,0.0,300.00054740336793
0.4444444444444444,0.5555555555555556,0.1111111111111111,0.0,300.0763785788382
0.4444444444444444,0.5555555555555556,0.2222222222222222,0.0,303.10077071980186
0.4444444444444444,0.5555555555555556,0.3333333333333333,0.0,336.62703036363723
0.4444444444444444,0.5555555555555556,0.4444444444444444,0.0,425.8831887556182
0.4444444444444444,0.5555555555555556,0.5555555555555556,0.0,425.8831887556182
0.4444444444444444,0.5555555555555556,0.6666666666666666,0.0,336.6270303636373
0.4444444444444444,0.5555555555555556,0.7777777777777777,0.0,303.10077071980186
0.4444444444444444,0.5555555555555556,0.8888888888888888,0.0,300.0763785788382
0.4444444444444444,0.5555555555555556,1.0,0.0,300.00054740336793
0.4444444444444444,0.6666666666666666,0.0,0.0,300.0001592727351
0.4444444444444444,0.6666666666666666,0.1111111111111111,0.0,300.02222314634616
0.4444444444444444,0.6666666666666666,0.2222222222222222,0.0,300.90220167146657
0.4444444444444444,0.6666666666666666,0.3333333333333333,0.0,310.6570175614409
0.4444444444444444,0.6666666666666666,0.4444444444444444,0.0,336.6270303636373
0.4444444444444444,0.6666666666666666,0.5555555555555556,0.0,336.6270303636373
0.4444444444444444,0.6666666666666666,0.6666666666666666,0.0,310.65701756144097
0.4444444444444444,0.6666666666666666,0.7777777777777777,0.0,300.90220167146657
0.4444444444444444,0.6666666666666666,0.8888888888888888,0.0,300.02222314634616
0.4444444444444444,0.6666666666666666,1.0,0.0,300.0001592727351
0.4444444444444444,0.7777777777777777,0.0,0.0,300.0000134837094
0.4444444444444444,0.7777777777777777,0.1111111111111111,0.0,300.0018813668705
0.4444444444444444,0.7777777777777777,0.2222222222222222,0.0,300.0763785788382
0.4444444444444444,0.7777777777777777,0.3333333333333333,0.0,300.90220167146657
0.4444444444444444,0.7777777777777777,0.4444444444444444,0.0,303.10077071980186
0.4444444444444444,0.7777777777777777,0.5555555555555556,0.0,303.10077071980186
0.4444444444444444,0.7777777777777777,0.6666666666666666,0.0,300.90220167146657
0.4444444444444444,0.7777777777777777,0.7777777777777777,0.0,300.0763785788382
0.4444444444444444,0.7777777777777777,0.8888888888888888,0.0,300.0018813668705
0.4444444444444444,0.7777777777777777,1.0,0.0,300.0000134837094
0.4444444444444444,0.8888888888888888,0.0,0.0,300.00000033213246
0.4444444444444444,0.8888888888888888,0.1111111111111111,0.0,300.0000463420681
0.4444444444444444,0.8888888888888888,0.2222222222222222,0.0,300.0018813668705
0.4444444444444444,0.8888888888888888,0.3333333333333333,0.0,300.02222314634616
0.4444444444444444,0.8888888888888888,0.4444444444444444,0.0,300.0763785788382
0.4444444444444444,0.8888888888888888,0.5555555555555556,0.0,300.0763785788382
0.4444444444444444,0.8888888888888888,0.6666666666666666,0.0,300.02222314634616
0.4444444444444444,0.8888888888888888,0.7777777777777777,0.0,300.0018813668705
0.4444444444444444,0.8888888888888888,0.8888888888888888,0.0,300.0000463420681
0.4444444444444444,0.8888888888888888,1.0,0.0,300.00000033213246
0.4444444444444444,1.0,0.0,0.0,300.0000000023804
0.4444444444444444,1.0,0.1111111111111111,0.0,300.00000033213246
0.4444444444444444,1.0,0.2222222222222222,0.0,300.0000134837094
0.4444444444444444,1.0,0.3333333333333333,0.0,300.0001592727351
0.4444444444444444,1.0,0.4444444444444444,0.0,300.00054740336793
0.4444444444444444,1.0,0.5555555555555556,0.0,300.00054740336793
0.4444444444444444,1.0,0.6666666666666666,0.0,300.0001592727351
0.4444444444444444,1.0,0.7777777777777777,0.0,300.0000134837094
0.4444444444444444,1.0,0.8888888888888888,0.0,300.00000033213246
0.4444444444444444,1.0,1.0,0.0,300.0000000023804
0.5555555555555556,0.0,0.0,0.0,300.0000000023804
0.5555555555555556,0.0,0.1111111111111111,0.0,300.00000033213246
0.5555555555555556,0.0,0.2222222222222222,0.0,300.0000134837094
0.5555555555555556,0.0,0.3333333333333333,0.0,300.0001592727351
0.5555555555555556,0.0,0.4444444444444444,0.0,300.00054740336793
0.5555555555555556,0.0,0.5555555555555556,0.0,300.00054740336793
0.5555555555555556,0.0,0.6666666666666666,0.0,300.0001592727351
0.5555555555555556,0.0,0.7777777777777777,0.0,300.0000134837094
0.5555555555555556,0.0,0.8888888888888888,0.0,300.00000033213246
0.5555555555555556,0.0,1.0,0.0,300.0000000023804
0.5555555555555556,0.1111111111111111,0.0,0.0,300.00000033213246
0.5555555555555556,0.1111111111111111,0.1111111111111111,0.0,300.0000463420681
0.5555555555555556,0.1111111111111111,0.2222222222222222,0.0,300.0018813668705
0.5555555555555556,0.1111111111111111,0.3333333333333333,0.0,300.02222314634616
0.5555555555555556,0.1111111111111111,0.4444444444444444,0.0,300.0763785788382
0.5555555555555556,0.1111111111111111,0.5555555555555556,0.0,300.0763785788382
0.5555555555555556,0.1111111111111111,0.6666666666666666,0.0,300.02222314634616
0.5555555555555556,0.1111111111111111,0.7777777777777777,0.0,300.0018813668705
0.5555555555555556,0.1111111111111111,0.8888888888888888,0.0,300.0000463420681
0.5555555555555556,0.1111111111111111,1.0,0.0,300.00000033213246
0.5555555555555556,0.2222222222222222,0.0,0.0,300.0000134837094
0.5555555555555556,0.2222222222222222,0.1111111111111111,0.0,300.0018813668705
0.5555555555555556,0.2222222222222222,0.2222222222222222,0.0,300.0763785788382
0.5555555555555556,0.2222222222222222,0.3333333333333333,0.0,300.90220167146657
0.5555555555555556,0.2222222222222222,0.4444444444444444,0.0,303.10077071980186
0.5555555555555556,0.2222222222222222,0.5555555555555556,0.0,303.10077071980186
0.5555555555555556,0.2222222222222222,0.6666666666666666,0.0,300.90220167146657
0.5555555555555556,0.2222222222222222,0.7777777777777777,0.0,300.0763785788382
0.5555555555555556,0.2222222222222222,0.8888888888888888,0.0,300.0018813668705
0.5555555555555556,0.2222222222222222,1.0,0.0,300.0000134837094
0.5555555555555556,0.3333333333333333,0.0,0.0,300.0001592727351
0.5555555555555556,0.3333333333333333,0.1111111111111111,0.0,300.02222314634616
0.5555555555555556,0.3333333333333333,0.2222222222222222,0.0,300.90220167146657
0.5555555555555556,0.3333333333333333,0.3333333333333333,0.0,310.6570175614409
0.5555555555555556,0.3333333333333333,0.4444444444444444,0.0,336.62703036363723
0.5555555555555556,0.3333333333333333,0.5555555555555556,0.0,336.62703036363723
0.5555555555555556,0.3333333333333333,0.6666666666666666,0.0,310.6570175614409
0.5555555555555556,0.3333333333333333,0.7777777777777777,0.0,300.90220167146657
0.5555555555555556,0.3333333333333333,0.8888888888888888,0.0,300.02222314634616
0.5555555555555556,0.3333333333333333,1.0,0.0,300.0001592727351
0.5555555555555556,0.4444444444444444,0.0,0.0,300.00054740336793
0.5555555555555556,0.4444444444444444,0.1111111111111111,0.0,300.0763785788382
0.5555555555555556,0.4444444444444444,0.2222222222222222,0.0,303.10077071980186
0.5555555555555556,0.4444444444444444,0.3333333333333333,0.0,336.62703036363723
0.5555555555555556,0.4444444444444444,0.4444444444444444,0.0,425.8831887556182
0.5555555555555556,0.4444444444444444,0.5555555555555556,0.0,425.8831887556182
0.5555555555555556,0.4444444444444444,0.6666666666666666,0.0,336.6270303636373
0.5555555555555556,0.4444444444444444,0.7777777777777777,0.0,303.10077071980186
0.5555555555555556,0.4444444444444444,0.8888888888888888,0.0,300.0763785788382
0.5555555555555556,0.4444444444444444,1.0,0.0,300.00054740336793
0.5555555555555556,0.5555555555555556,0.0,0.0,300.00054740336793
0.5555555555555556,0.5555555555555556,0.1111111111111111,0.0,300.0763785788382
0.5555555555555556,0.5555555555555556,0.2222222222222222,0.0,303.10077071980186
0.5555555555555556,0.5555555555555556,0.3333333333333333,0.0,336.62703036363723
0.5555555555555556,0.5555555555555556,0.4444444444444444,0.0,425.8831887556182
0.5555555555555556,0.5555555555555556,0.5555555555555556,0.0,425.8831887556182
0.5555555555555556,0.5555555555555556,0.6666666666666666,0.0,336.6270303636373
0.5555555555555556,0.5555555555555556,0.7777777777777777,0.0,303.10077071980186
0.5555555555555556,0.5555555555555556,0.8888888888888888,0.0,300.0763785788382
0.5555555555555556,0.5555555555555556,1.0,0.0,300.00054740336793
0.5555555555555556,0.6666666666666666,0.0,0.0,300.0001592727351
0.5555555555555556,0.6666666666666666,0.1111111111111111,0.0,300.02222314634616
0.5555555555555556,0.6666666666666666,0.2222222222222222,0.0,300.90220167146657
0.5555555555555556,0.6666666666666666,0.3333333333333333,0.0,310.6570175614409
0.5555555555555556,0.6666666666666666,0.4444444444444444,0.0,336.6270303636373
0.5555555555555556,0.6666666666666666,0.5555555555555556,0.0,336.6270303636373
0.5555555555555556,0.6666666666666666,0.6666666666666666,0.0,310.65701756144097
0.5555555555555556,0.6666666666666666,0.7777777777777777,0.0,300.90220167146657
0.5555555555555556,0.6666666666666666,0.8888888888888888,0.0,300.02222314634616
0.5555555555555556,0.6666666666666666,1.0,0.0,300.0001592727351
0.5555555555555556,0.7777777777777777,0.0,0.0,300.0000134837094
0.5555555555555556,0.7777777777777777,0.1111111111111111,0.0,300.0018813668705
0.5555555555555556,0.7777777777777777,0.2222222222222222,0.0,300.0763785788382
0.5555555555555556,0.7777777777777777,0.3333333333333333,0.0,300.90220167146657
0.5555555555555556,0.7777777777777777,0.4444444444444444,0.0,303.10077071980186
0.5555555555555556,0.7777777777777777,0.5555555555555556,0.0,303.10077071980186
0.5555555555555556,0.7777777777777777,0.6666666666666666,0.0,300.90220167146657
0.5555555555555556,0.7777777777777777,0.7777777777777777,0.0,300.0763785788382
0.5555555555555556,0.7777777777777777,0.8888888888888888,0.0,300.0018813668705
0.5555555555555556,0.7777777777777777,1.0,0.0,300.0000134837094
0.5555555555555556,0.8888888888888888,0.0,0.0,300.00000033213246
0.5555555555555556,0.8888888888888888,0.1111111111111111,0.0,300.0000463420681
0.5555555555555556,0.8888888888888888,0.2222222222222222,0.0,300.0018813668705
0.5555555555555556,0.8888888888888888,0.3333333333333333,0.0,300.02222314634616
0.5555555555555556,0.8888888888888888,0.4444444444444444,0.0,300.0763785788382
0.5555555555555556,0.8888888888888888,0.5555555555555556,0.0,300.0763785788382
0.5555555555555556,0.8888888888888888,0.6666666666666666,0.0,300.02222314634616
0.5555555555555556,0.8888888888888888,0.7777777777777777,0.0,300.0018813668705
0.5555555555555556,0.8888888888888888,0.8888888888888888,0.0,300.0000463420681
0.5555555555555556,0.8888888888888888,1.0,0.0,300.00000033213246
0.5555555555555556,1.0,0.0,0.0,300.0000000023804
0.5555555555555556,1.0,0.1111111111111111,0.0,300.00000033213246
0.5555555555555556,1.0,0.2222222222222222,0.0,300.0000134837094
0.5555555555555556,1.0,0.3333333333333333,0.0,300.0001592727351
0.5555555555555556,1.0,0.4444444444444444,0.0,300.00054740336793
0.5555555555555556,1.0,0.5555555555555556,0.0,300.00054740336793
0.5555555555555556,1.0,0.6666666666666666,0.0,300.0001592727351
0.5555555555555556,1.0,0.7777777777777777,0.0,300.0000134837094
0.5555555555555556,1.0,0.8888888888888888,0.0,300.00000033213246
0.5555555555555556,1.0,1.0,0.0,300.0000000023804
0.6666666666666666,0.0,0.0,0.0,300.0000000006926
0.6666666666666666,0.0,0.1111111111111111,0.0,300.0000000966374
0.6666666666666666,0.0,0.2222222222222222,0.0,300.00000392322625
0.6666666666666666,0.0,0.3333333333333333,0.0,300.0000463420681
0.6666666666666666,0.0,0.4444444444444444,0.0,300.0001592727351
0.6666666666666666,0.0,0.5555555555555556,0.0,300.0001592727351
0.6666666666666666,0.0,0.6666666666666666,0.0,300.0000463420681
0.6666666666666666,0.0,0.7777777777777777,0.0,300.00000392322625
0.6666666666666666,0.0,0.8888888888888888,0.0,300.0000000966374
0.6666666666666666,0.0,1.0,0.0,300.0000000006926
0.6666666666666666,0.1111111111111111,0.0,0.0,300.0000000966374
0.6666666666666666,0.1111111111111111,0.1111111111111111,0.0,300.0000134837094
0.6666666666666666,0.1111111111111111,0.2222222222222222,0.0,300.00054740336793
0.6666666666666666,0.1111111111111111,0.3333333333333333,0.0,300.0064660568583
0.6666666666666666,0.1111111111111111,0.4444444444444444,0.0,300.02222314634616
0.6666666666666666,0.1111111111111111,0.5555555555555556,0.0,300.02222314634616
0.6666666666666666,0.1111111111111111,0.6666666666666666,0.0,300.0064660568583
0.6666666666666666,0.1111111111111111,0.7777777777777777,0.0,300.00054740336793
0.6666666666666666,0.1111111111111111,0.8888888888888888,0.0,300.0000134837094
0.6666666666666666,0.1111111111111111,1.0,0.0,300.0000000966374
0.6666666666666666,0.2222222222222222,0.0,0.0,300.00000392322625
0.6666666666666666,0.2222222222222222,0.1111111111111111,0.0,300.00054740336793
0.6666666666666666,0.2222222222222222,0.2222222222222222,0.0,300.02222314634616
0.6666666666666666,0.2222222222222222,0.3333333333333333,0.0,300.26250501231806
0.6666666666666666,0.2222222222222222,0.4444444444444444,0.0,300.90220167146657
0.6666666666666666,0.2222222222222222,0.5555555555555556,0.0,300.90220167146657
0.6666666666666666,0.2222222222222222,0.6666666666666666,0.0,300.26250501231806
0.6666666666666666,0.2222222222222222,0.7777777777777777,0.0,300.02222314634616
0.6666666666666666,0.2222222222222222,0.8888888888888888,0.0,300.00054740336793
0.6666666666666666,0.2222222222222222,1.0,0.0,300.00000392322625
0.6666666666666666,0.3333333333333333,0.0,0.0,300.0000463420681
0.6666666666666666,0.3333333333333333,0.1111111111111111,0.0,300.0064660568583
0.6666666666666666,0.3333333333333333,0.2222222222222222,0.0,300.26250501231806
0.6666666666666666,0.3333333333333333,0.3333333333333333,0.0,303.10077071980186
0.6666666666666666,0.3333333333333333,0.4444444444444444,0.0,310.6570175614409
0.6666666666666666,0.3333333333333333,0.5555555555555556,0.0,310.6570175614409
0.6666666666666666,0.3333333333333333,0.6666666666666666,0.0,303.10077071980186
0.6666666666666666,0.3333333333333333,0.7777777777777777,0.0,300.26250501231806
0.6666666666666666,0.3333333333333333,0.8888888888888888,0.0,300.0064660568583
0.6666666666666666,0.3333333333333333,1.0,0.0,300.0000463420681
0.6666666666666666,0.4444444444444444,0.0,0.0,300.0001592727351
0.6666666666666666,0.4444444444444444,0.1111111111111111,0.0,300.02222314634616
0.6666666666666666,0.4444444444444444,0.2222222222222222,0.0,300.90220167146657
0.6666666666666666,0.4444444444444444,0.3333333333333333,0.0,310.6570175614409
0.6666666666666666,0.4444444444444444,0.4444444444444444,0.0,336.6270303636373
0.6666666666666666,0.4444444444444444,0.5555555555555556,0.0,336.6270303636373
0.6666666666666666,0.4444444444444444,0.6666666666666666,0.0,310.65701756144097
0.6666666666666666,0.4444444444444444,0.7777777777777777,0.0,300.90220167146657
0.6666666666666666,0.4444444444444444,0.8888888888888888,0.0,300.02222314634616
0.6666666666666666,0.4444444444444444,1.0,0.0,300.0001592727351
0.6666666666666666,0.5555555555555556,0.0,0.0,300.0001592727351
0.6666666666666666,0.5555555555555556,0.1111111111111111,0.0,300.02222314634616
0.6666666666666666,0.5555555555555556,0.2222222222222222,0.0,300.90220167146657
0.6666666666666666,0.5555555555555556,0.3333333333333333,0.0,310.6570175614409
0.6666666666666666,0.5555555555555556,0.4444444444444444,0.0,336.6270303636373
0.6666666666666666,0.5555555555555556,0.5555555555555556,0.0,336.6270303636373
0.6666666666666666,0.5555555555555556,0.6666666666666666,0.0,310.65701756144097
0.6666666666666666,0.5555555555555556,0.7777777777777777,0.0,300.90220167146657
0.6666666666666666,0.5555555555555556,0.8888888888888888,0.0,300.02222314634616
0.6666666666666666,0.5555555555555556,1.0,0.0,300.0001592727351
0.6666666666666666,0.6666666666666666,0.0,0.0,300.0000463420681
0.6666666666666666,0.6666666666666666,0.1111111111111111,0.0,300.0064660568583
0.6666666666666666,0.6666666666666666,0.2222222222222222,0.0,300.26250501231806
0.6666666666666666,0.6666666666666666,0.3333333333333333,0.0,303.10077071980186
0.6666666666666666,0.6666666666666666,0.4444444444444444,0.0,310.65701756144097
0.6666666666666666,0.6666666666666666,0.5555555555555556,0.0,310.65701756144097
0.6666666666666666,0.6666666666666666,0.6666666666666666,0.0,303.10077071980186
0.6666666666666666,0.6666666666666666,0.7777777777777777,0.0,300.26250501231806
0.6666666666666666,0.6666666666666666,0.8888888888888888,0.0,300.0064660568583
0.6666666666666666,0.6666666666666666,1.0,0.0,300.0000463420681
0.6666666666666666,0.7777777777777777,0.0,0.0,300.00000392322625
0.6666666666666666,0.7777777777777777,0.1111111111111111,0.0,300.00054740336793
0.6666666666666666,0.7777777777777777,0.2222222222222222,0.0,300.02222314634616
0.6666666666666666,0.7777777777777777,0.3333333333333333,0.0,300.26250501231806
0.6666666666666666,0.7777777777777777,0.4444444444444444,0.0,300.90220167146657
0.6666666666666666,0.7777777777777777,0.5555555555555556,0.0,300.90220167146657
0.6666666666666666,0.7777777777777777,0.6666666666666666,0.0,300.26250501231806
0.6666666666666666,0.7777777777777777,0.7777777777777777,0.0,300.02222314634616
0.6666666666666666,0.7777777777777777,0.8888888888888888,0.0,300.00054740336793
0.6666666666666666,0.7777777777777777,1.0,0.0,300.00000392322625
0.6666666666666666,0.8888888888888888,0.0,0.0,300.0000000966374
0.6666666666666666,0.8888888888888888,0.1111111111111111,0.0,300.0000134837094
0.6666666666666666,0.8888888888888888,0.2222222222222222,0.0,300.00054740336793
0.6666666666666666,0.8888888888888888,0.3333333333333333,0.0,300.0064660568583
0.6666666666666666,0.8888888888888888,0.4444444444444444,0.0,300.02222314634616
0.6666666666666666,0.8888888888888888,0.5555555555555556,0.0,300.02222314634616
0.6666666666666666,0.8888888888888888,0.6666666666666666,0.0,300.0064660568583
0.6666666666666666,0.8888888888888888,0.7777777777777777,0.0,300.00054740336793
0.6666666666666666,0.8888888888888888,0.8888888888888888,0.0,300.0000134837094
0.6666666666666666,0.8888888888888888,1.0,0.0,300.0000000966374
0.6666666666666666,1.0,0.0,0.0,300.0000000006926
0.6666666666666666,1.0,0.1111111111111111,0.0,300.0000000966374
0.6666666666666666,1.0,0.2222222222222222,0.0,300.00000392322625
0.6666666666666666,1.0,0.3333333333333333,0.0,300.0000463420681
0.6666666666666666,1.0,0.4444444444444444,0.0,300.0001592727351
0.6666666666666666,1.0,0.5555555555555556,0.0,300.0001592727351
0.6666666666666666,1.0,0.6666666666666666,0.0,300.0000463420681
0.6666666666666666,1.0,0.7777777777777777,0.0,300.00000392322625
0.6666666666666666,1.0,0.8888888888888888,0.0,300.0000000966374
0.6666666666666666,1.0,1.0,0.0,300.0000000006926
0.7777777777777777,0.0,0.0,0.0,300.0000000000586
0.7777777777777777,0.0,0.1111111111111111,0.0,300.00000000818113
0.7777777777777777,0.0,0.2222222222222222,0.0,300.00000033213246
0.7777777777777777,0.0,0.3333333333333333,0.0,300.00000392322625
0.7777777777777777,0.0,0.4444444444444444,0.0,300.0000134837094
0.7777777777777777,0.0,0.5555555555555556,0.0,300.0000134837094
0.7777777777777777,0.0,0.6666666666666666,0.0,300.00000392322625
0.7777777777777777,0.0,0.7777777777777777,0.0,300.00000033213246
0.7777777777777777,0.0,0.8888888888888888,0.0,300.00000000818113
0.7777777777777777,0.0,1.0,0.0,300.0000000000586
0.7777777777777777,0.1111111111111111,0.0,0.0,300.00000000818113
0.7777777777777777,0.1111111111111111,0.1111111111111111,0.0,300.00000114150373
0.7777777777777777,0.1111111111111111,0.2222222222222222,0.0,300.0000463420681
0.7777777777777777,0.1111111111111111,0.3333333333333333,0.0,300.00054740336793
0.7777777777777777,0.1111111111111111,0.4444444444444444,0.0,300.0018813668705
0.7777777777777777,0.1111111111111111,0.5555555555555556,0.0,300.0018813668705
0.7777777777777777,0.1111111111111111,0.6666666666666666,0.0,300.00054740336793
0.7777777777777777,0.1111111111111111,0.7777777777777777,0.0,300.0000463420681
0.7777777777777777,0.1111111111111111,0.8888888888888888,0.0,300.00000114150373
0.7777777777777777,0.1111111111111111,1.0,0.0,300.00000000818113
0.7777777777777777,0.2222222222222222,0.0,0.0,300.00000033213246
0.7777777777777777,0.2222222222222222,0.1111111111111111,0.0,300.0000463420681
0.7777777777777777,0.2222222222222222,0.2222222222222222,0.0,300.0018813668705
0.7777777777777777,0.2222222222222222,0.3333333333333333,0.0,300.02222314634616
0.7777777777777777,0.2222222222222222,0.4444444444444444,0.0,300.0763785788382
0.7777777777777777,0.2222222222222222,0.5555555555555556,0.0,300.0763785788382
0.7777777777777777,0.2222222222222222,0.6666666666666666,0.0,300.02222314634616
0.7777777777777777,0.2222222222222222,0.7777777777777777,0.0,300.0018813668705
0.7777777777777777,0.2222222222222222,0.8888888888888888,0.0,300.0000463420681
0.7777777777777777,0.2222222222222222,1.0,0.0,300.00000033213246
0.7777777777777777,0.3333333333333333,0.0,0.0,300.00000392322625
0.7777777777777777,0.3333333333333333,0.1111111111111111,0.0,300.00054740336793
0.7777777777777777,0.3333333333333333,0.2222222222222222,0.0,300.02222314634616
0.7777777777777777,0.3333333333333333,0.3333333333333333,0.0,300.26250501231806
0.7777777777777777,0.3333333333333333,0.4444444444444444,0.0,300.90220167146657
0.7777777777777777,0.3333333333333333,0.5555555555555556,0.0,300.90220167146657
0.7777777777777777,0.3333333333333333,0.6666666666666666,0.0,300.26250501231806
0.7777777777777777,0.3333333333333333,0.7777777777777777,0.0,300.02222314634616
0.7777777777777777,0.3333333333333333,0.8888888888888888,0.0,300.00054740336793
0.7777777777777777,0.3333333333333333,1.0,0.0,300.00000392322625
0.7777777777777777,0.4444444444444444,0.0,0.0,300.0000134837094
0.7777777777777777,0.4444444444444444,0.1111111111111111,0.0,300.0018813668705
0.7777777777777777,0.4444444444444444,0.2222222222222222,0.0,300.0763785788382
0.7777777777777777,0.4444444444444444,0.3333333333333333,0.0,300.90220167146657
0.7777777777777777,0.4444444444444444,0.4444444444444444,0.0,303.10077071980186
0.7777777777777777,0.4444444444444444,0.5555555555555556,0.0,303.10077071980186
0.7777777777777777,0.4444444444444444,0.6666666666666666,0.0,300.90220167146657
0.7777777777777777,0.4444444444444444,0.7777777777777777,0.0,300.0763785788382
0.7777777777777777,0.4444444444444444,0.8888888888888888,0.0,300.0018813668705
0.7777777777777777,0.4444444444444444,1.0,0.0,300.0000134837094
0.7777777777777777,0.5555555555555556,0.0,0.0,300.0000134837094
0.7777777777777777,0.5555555555555556,0.1111111111111111,0.0,300.0018813668705
0.7777777777777777,0.5555555555555556,0.2222222222222222,0.0,300.0763785788382
0.7777777777777777,0.5555555555555556,0.3333333333333333,0.0,300.90220167146657
0.7777777777777777,0.5555555555555556,0.4444444444444444,0.0,303.10077071980186
0.7777777777777777,0.5555555555555556,0.5555555555555556,0.0,303.10077071980186
0.7777777777777777,0.5555555555555556,0.6666666666666666,0.0,300.90220167146657
0.7777777777777777,0.5555555555555556,0.7777777777777777,0.0,300.0763785788382
0.7777777777777777,0.5555555555555556,0.8888888888888888,0.0,300.0018813668705
0.7777777777777777,0.5555555555555556,1.0,0.0,300.0000134837094
0.7777777777777777,0.6666666666666666,0.0,0.0,300.00000392322625
0.7777777777777777,0.6666666666666666,0.1111111111111111,0.0,300.00054740336793
0.7777777777777777,0.6666666666666666,0.2222222222222222,0.0,300.02222314634616
0.7777777777777777,0.6666666666666666,0.3333333333333333,0.0,300.26250501231806
0.7777777777777777,0.6666666666666666,0.4444444444444444,0.0,300.90220167146657
0.7777777777777777,0.6666666666666666,0.5555555555555556,0.0,300.90220167146657
0.7777777777777777,0.6666666666666666,0.6666666666666666,0.0,300.26250501231806
0.7777777777777777,0.6666666666666666,0.7777777777777777,0.0,300.02222314634616
0.7777777777777777,0.6666666666666666,0.8888888888888888,0.0,300.00054740336793
0.7777777777777777,0.6666666666666666,1.0,0.0,300.00000392322625
0.7777777777777777,0.7777777777777777,0.0,0.0,300.00000033213246
0.7777777777777777,0.7777777777777777,0.1111111111111111,0.0,300.0000463420681
0.7777777777777777,0.7777777777777777,0.2222222222222222,0.0,300.0018813668705
0.7777777777777777,0.7777777777777777,0.3333333333333333,0.0,300.02222314634616
0.7777777777777777,0.7777777777777777,0.4444444444444444,0.0,300.0763785788382
0.7777777777777777,0.7777777777777777,0.5555555555555556,0.0,300.0763785788382
0.7777777777777777,0.7777777777777777,0.6666666666666666,0.0,300.02222314634616
0.7777777777777777,0.7777777777777777,0.7777777777777777,0.0,300.0018813668705
0.7777777777777777,0.7777777777777777,0.8888888888888888,0.0,300.0000463420681
0.7777777777777777,0.7777777777777777,1.0,0.0,300.00000033213246
0.7777777777777777,0.8888888888888888,0.0,0.0,300.00000000818113
0.7777777777777777,0.8888888888888888,0.1111111111111111,0.0,300.00000114150373
0.7777777777777777,0.8888888888888888,0.2222222222222222,0.0,300.0000463420681
0.7777777777777777,0.8888888888888888,0.3333333333333333,0.0,300.00054740336793
0.7777777777777777,0.8888888888888888,0.4444444444444444,0.0,300.0018813668705
0.7777777777777777,0.8888888888888888,0.5555555555555556,0.0,300.0018813668705
0.7777777777777777,0.8888888888888888,0.6666666666666666,0.0,300.00054740336793
0.7777777777777777,0.8888888888888888,0.7777777777777777,0.0,300.0000463420681
0.7777777777777777,0.8888888888888888,0.8888888888888888,0.0,300.00000114150373
0.7777777777777777,0.8888888888888888,1.0,0.0,300.00000000818113
0.7777777777777777,1.0,0.0,0.0,300.0000000000586
0.7777777777777777,1.0,0.1111111111111111,0.0,300.00000000818113
0.7777777777777777,1.0,0.2222222222222222,0.0,300.00000033213246
0.7777777777777777,1.0,0.3333333333333333,0.0,300.00000392322625
0.7777777777777777,1.0,0.4444444444444444,0.0,300.0000134837094
0.7777777777777777,1.0,0.5555555555555556,0.0,300.0000134837094
0.7777777777777777,1.0,0.6666666666666666,0.0,300.00000392322625
0.7777777777777777,1.0,0.7777777777777777,0.0,300.00000033213246
0.7777777777777777,1.0,0.8888888888888888,0.0,300.00000000818113
0.7777777777777777,1.0,1.0,0.0,300.0000000000586
0.8888888888888888,0.0,0.0,0.0,300.0000000000014
0.8888888888888888,0.0,0.1111111111111111,0.0,300.0000000002015
0.8888888888888888,0.0,0.2222222222222222,0.0,300.00000000818113
0.8888888888888888,0.0,0.3333333333333333,0.0,300.0000000966374
0.8888888888888888,0.0,0.4444444444444444,0.0,300.00000033213246
0.8888888888888888,0.0,0.5555555555555556,0.0,300.00000033213246
0.8888888888888888,0.0,0.6666666666666666,0.0,300.0000000966374
0.8888888888888888,0.0,0.7777777777777777,0.0,300.00000000818113
0.8888888888888888,0.0,0.8888888888888888,0.0,300.0000000002015
0.8888888888888888,0.0,1.0,0.0,300.0000000000014
0.8888888888888888,0.1111111111111111,0.0,0.0,300.0000000002015
0.8888888888888888,0.1111111111111111,0.1111111111111111,0.0,300.00000002811765
0.8888888888888888,0.1111111111111111,0.2222222222222222,0.0,300.00000114150373
0.8888888888888888,0.1111111111111111,0.3333333333333333,0.0,300.0000134837094
0.8888888888888888,0.1111111111111111,0.4444444444444444,0.0,300.0000463420681
0.8888888888888888,0.1111111111111111,0.5555555555555556,0.0,300.0000463420681
0.8888888888888888,0.1111111111111111,0.6666666666666666,0.0,300.0000134837094
0.8888888888888888,0.1111111111111111,0.7777777777777777,0.0,300.00000114150373
0.8888888888888888,0.1111111111111111,0.8888888888888888,0.0,300.00000002811765
0.8888888888888888,0.1111111111111111,1.0,0.0,300.0000000002015
0.8888888888888888,0.2222222222222222,0.0,0.0,300.00000000818113
0.8888888888888888,0.2222222222222222,0.1111111111111111,0.0,300.00000114150373
0.8888888888888888,0.2222222222222222,0.2222222222222222,0.0,300.0000463420681
0.8888888888888888,0.2222222222222222,0.3333333333333333,0.0,300.00054740336793
0.8888888888888888,0.2222222222222222,0.4444444444444444,0.0,300.0018813668705
0.8888888888888888,0.2222222222222222,0.5555555555555556,0.0,300.0018813668705
0.8888888888888888,0.2222222222222222,0.6666666666666666,0.0,300.00054740336793
0.8888888888888888,0.2222222222222222,0.7777777777777777,0.0,300.0000463420681
0.8888888888888888,0.2222222222222222,0.8888888888888888,0.0,300.00000114150373
0.8888888888888888,0.2222222222222222,1.0,0.0,300.00000000818113
0.8888888888888888,0.3333333333333333,0.0,0.0,300.0000000966374
0.8888888888888888,0.3333333333333333,0.1111111111111111,0.0,300.0000134837094
0.8888888888888888,0.3333333333333333,0.2222222222222222,0.0,300.00054740336793
0.8888888888888888,0.3333333333333333,0.3333333333333333,0.0,300.0064660568583
0.8888888888888888,0.3333333333333333,0.4444444444444444,0.0,300.02222314634616
0.8888888888888888,0.3333333333333333,0.5555555555555556,0.0,300.02222314634616
0.8888888888888888,0.3333333333333333,0.6666666666666666,0.0,300.0064660568583
0.8888888888888888,0.3333333333333333,0.7777777777777777,0.0,300.00054740336793
0.8888888888888888,0.3333333333333333,0.8888888888888888,0.0,300.0000134837094
0.8888888888888888,0.3333333333333333,1.0,0.0,300.0000000966374
0.8888888888888888,0.4444444444444444,0.0,0.0,300.00000033213246
0.8888888888888888,0.4444444444444444,0.1111111111111111,0.0,300.0000463420681
0.8888888888888888,0.4444444444444444,0.2222222222222222,0.0,300.0018813668705
0.8888888888888888,0.4444444444444444,0.3333333333333333,0.0,300.02222314634616
0.8888888888888888,0.4444444444444444,0.4444444444444444,0.0,300.0763785788382
0.8888888888888888,0.4444444444444444,0.5555555555555556,0.0,300.0763785788382
0.8888888888888888,0.4444444444444444,0.6666666666666666,0.0,300.02222314634616
0.8888888888888888,0.4444444444444444,0.7777777777777777,0.0,300.0018813668705
0.8888888888888888,0.4444444444444444,0.8888888888888888,0.0,300.0000463420681
0.8888888888888888,0.4444444444444444,1.0,0.0,300.00000033213246
0.8888888888888888,0.5555555555555556,0.0,0.0,300.00000033213246
0.8888888888888888,0.5555555555555556,0.1111111111111111,0.0,300.0000463420681
0.8888888888888888,0.5555555555555556,0.2222222222222222,0.0,300.0018813668705
0.8888888888888888,0.5555555555555556,0.3333333333333333,0.0,300.02222314634616
0.8888888888888888,0.5555555555555556,0.4444444444444444,0.0,300.0763785788382
0.8888888888888888,0.5555555555555556,0.5555555555555556,0.0,300.0763785788382
0.8888888888888888,0.5555555555555556,0.6666666666666666,0.0,300.02222314634616
0.8888888888888888,0.5555555555555556,0.7777777777777777,0.0,300.0018813668705
0.8888888888888888,0.5555555555555556,0.8888888888888888,0.0,300.0000463420681
0.8888888888888888,0.5555555555555556,1.0,0.0,300.00000033213246
0.8888888888888888,0.6666666666666666,0.0,0.0,300.0000000966374
0.8888888888888888,0.6666666666666666,0.1111111111111111,0.0,300.0000134837094
0.8888888888888888,0.6666666666666666,0.2222222222222222,0.0,300.00054740336793
0.8888888888888888,0.6666666666666666,0.3333333333333333,0.0,300.0064660568583
0.8888888888888888,0.6666666666666666,0.4444444444444444,0.0,300.02222314634616
0.8888888888888888,0.6666666666666666,0.5555555555555556,0.0,300.02222314634616
0.8888888888888888,0.6666666666666666,0.6666666666666666,0.0,300.0064660568583
0.8888888888888888,0.6666666666666666,0.7777777777777777,0.0,300.00054740336793
0.8888888888888888,0.6666666666666666,0.8888888888888888,0.0,300.0000134837094
0.8888888888888888,0.6666666666666666,1.0,0.0,300.0000000966374
0.8888888888888888,0.7777777777777777,0.0,0.0,300.00000000818113
0.8888888888888888,0.7777777777777777,0.1111111111111111,0.0,300.00000114150373
0.8888888888888888,0.7777777777777777,0.2222222222222222,0.0,300.0000463420681
0.8888888888888888,0.7777777777777777,0.3333333333333333,0.0,300.00054740336793
0.8888888888888888,0.7777777777777777,0.4444444444444444,0.0,300.0018813668705
0.8888888888888888,0.7777777777777777,0.5555555555555556,0.0,300.0018813668705
0.8888888888888888,0.7777777777777777,0.6666666666666666,0.0,300.00054740336793
0.8888888888888888,0.7777777777777777,0.7777777777777777,0.0,300.0000463420681
0.8888888888888888,0.7777777777777777,0.8888888888888888,0.0,300.00000114150373
0.8888888888888888,0.7777777777777777,1.0,0.0,300.00000000818113
0.8888888888888888,0.8888888888888888,0.0,0.0,300.0000000002015
0.8888888888888888,0.8888888888888888,0.1111111111111111,0.0,300.00000002811765
0.8888888888888888,0.8888888888888888,0.2222222222222222,0.0,300.00000114150373
0.8888888888888888,0.8888888888888888,0.3333333333333333,0.0,300.0000134837094
0.8888888888888888,0.8888888888888888,0.4444444444444444,0.0,300.0000463420681
0.8888888888888888,0.8888888888888888,0.5555555555555556,0.0,300.0000463420681
0.8888888888888888,0.8888888888888888,0.6666666666666666,0.0,300.0000134837094
0.8888888888888888,0.8888888888888888,0.7777777777777777,0.0,300.00000114150373
0.8888888888888888,0.8888888888888888,0.8888888888888888,0.0,300.00000002811765
0.8888888888888888,0.8888888888888888,1.0,0.0,300.0000000002015
0.8888888888888888,1.0,0.0,0.0,300.0000000000014
0.8888888888888888,1.0,0.1111111111111111,0.0,300.0000000002015
0.8888888888888888,1.0,0.2222222222222222,0.0,300.00000000818113
0.8888888888888888,1.0,0.3333333333333333,0.0,300.0000000966374
0.8888888888888888,1.0,0.4444444444444444,0.0,300.00000033213246
0.8888888888888888,1.0,0.5555555555555556,0.0,300.00000033213246
0.8888888888888888,1.0,0.6666666666666666,0.0,300.0000000966374
0.8888888888888888,1.0,0.7777777777777777,0.0,300.00000000818113
0.8888888888888888,1.0,0.8888888888888888,0.0,300.0000000002015
0.8888888888888888,1.0,1.0,0.0,300.0000000000014
1.0,0.0,0.0,0.0,300.0
1.0,0.0,0.1111111111111111,0.0,300.0000000000014
1.0,0.0,0.2222222222222222,0.0,300.0000000000586
1.0,0.0,0.3333333333333333,0.0,300.0000000006926
1.0,0.0,0.4444444444444444,0.0,300.0000000023804
1.0,0.0,0.5555555555555556,0.0,300.0000000023804
1.0,0.0,0.6666666666666666,0.0,300.0000000006926
1.0,0.0,0.7777777777777777,0.0,300.0000000000586
1.0,0.0,0.8888888888888888,0.0,300.0000000000014
1.0,0.0,1.0,0.0,300.0
1.0,0.1111111111111111,0.0,0.0,300.0000000000014
1.0,0.1111111111111111,0.1111111111111111,0.0,300.0000000002015
1.0,0.1111111111111111,0.2222222222222222,0.0,300.00000000818113
1.0,0.1111111111111111,0.3333333333333333,0.0,300.0000000966374
1.0,0.1111111111111111,0.4444444444444444,0.0,300.00000033213246
1.0,0.1111111111111111,0.5555555555555556,0.0,300.00000033213246
1.0,0.1111111111111111,0.6666666666666666,0.0,300.0000000966374
1.0,0.1111111111111111,0.7777777777777777,0.0,300.00000000818113
1.0,0.1111111111111111,0.8888888888888888,0.0,300.0000000002015
1.0,0.1111111111111111,1.0,0.0,300.0000000000014
1.0,0.2222222222222222,0.0,0.0,300.0000000000586
1.0,0.2222222222222222,0.1111111111111111,0.0,300.00000000818113
1.0,0.2222222222222222,0.2222222222222222,0.0,300.00000033213246
1.0,0.2222222222222222,0.3333333333333333,0.0,300.00000392322625
1.0,0.2222222222222222,0.4444444444444444,0.0,300.0000134837094
1.0,0.2222222222222222,0.5555555555555556,0.0,300.0000134837094
1.0,0.2222222222222222,0.6666666666666666,0.0,300.00000392322625
1.0,0.2222222222222222,0.7777777777777777,0.0,300.00000033213246
1.0,0.2222222222222222,0.8888888888888888,0.0,300.00000000818113
1.0,0.2222222222222222,1.0,0.0,300.0000000000586
1.0,0.3333333333333333,0.0,0.0,300.0000000006926
1.0,0.3333333333333333,0.1111111111111111,0.0,300.0000000966374
1.0,0.3333333333333333,0.2222222222222222,0.0,300.00000392322625
1.0,0.3333333333333333,0.3333333333333333,0.0,300.0000463420681
1.0,0.3333333333333333,0.4444444444444444,0.0,300.0001592727351
1.0,0.3333333333333333,0.5555555555555556,0.0,300.0001592727351
1.0,0.3333333333333333,0.6666666666666666,0.0,300.0000463420681
1.0,0.3333333333333333,0.7777777777777777,0.0,300.00000392322625
1.0,0.3333333333333333,0.8888888888888888,0.0,300.0000000966374
1.0,0.3333333333333333,1.0,0.0,300.0000000006926
1.0,0.4444444444444444,0.0,0.0,300.0000000023804
1.0,0.4444444444444444,0.1111111111111111,0.0,300.00000033213246
1.0,0.4444444444444444,0.2222222222222222,0.0,300.0000134837094
1.0,0.4444444444444444,0.3333333333333333,0.0,300.0001592727351
1.0,0.4444444444444444,0.4444444444444444,0.0,300.00054740336793
1.0,0.4444444444444444,0.5555555555555556,0.0,300.00054740336793
1.0,0.4444444444444444,0.6666666666666666,0.0,300.0001592727351
1.0,0.4444444444444444,0.7777777777777777,0.0,300.0000134837094
1.0,0.4444444444444444,0.8888888888888888,0.0,300.00000033213246
1.0,0.4444444444444444,1.0,0.0,300.0000000023804
1.0,0.5555555555555556,0.0,0.0,300.0000000023804
1.0,0.5555555555555556,0.1111111111111111,0.0,300.00000033213246
1.0,0.5555555555555556,0.2222222222222222,0.0,300.0000134837094
1.0,0.5555555555555556,0.3333333333333333,0.0,300.0001592727351
1.0,0.5555555555555556,0.4444444444444444,0.0,300.00054740336793
1.0,0.5555555555555556,0.5555555555555556,0.0,300.00054740336793
1.0,0.5555555555555556,0.6666666666666666,0.0,300.0001592727351
1.0,0.5555555555555556,0.7777777777777777,0.0,300.0000134837094
1.0,0.5555555555555556,0.8888888888888888,0.0,300.00000033213246
1.0,0.5555555555555556,1.0,0.0,300.0000000023804
1.0,0.6666666666666666,0.0,0.0,300.0000000006926
1.0,0.6666666666666666,0.1111111111111111,0.0,300.0000000966374
1.0,0.6666666666666666,0.2222222222222222,0.0,300.00000392322625
1.0,0.6666666666666666,0.3333333333333333,0.0,300.0000463420681
1.0,0.6666666666666666,0.4444444444444444,0.0,300.0001592727351
1.0,0.6666666666666666,0.5555555555555556,0.0,300.0001592727351
1.0,0.6666666666666666,0.6666666666666666,0.0,300.0000463420681
1.0,0.6666666666666666,0.7777777777777777,0.0,300.00000392322625
1.0,0.6666666666666666,0.8888888888888888,0.0,300.0000000966374
1.0,0.6666666666666666,1.0,0.0,300.0000000006926
1.0,0.7777777777777777,0.0,0.0,300.0000000000586
1.0,0.7777777777777777,0.1111111111111111,0.0,300.00000000818113
1.0,0.7777777777777777,0.2222222222222222,0.0,300.00000033213246
1.0,0.7777777777777777,0.3333333333333333,0.0,300.00000392322625
1.0,0.7777777777777777,0.4444444444444444,0.0,300.0000134837094
1.0,0.7777777777777777,0.5555555555555556,0.0,300.0000134837094
1.0,0.7777777777777777,0.6666666666666666,0.0,300.00000392322625
1.0,0.7777777777777777,0.7777777777777777,0.0,300.00000033213246
1.0,0.7777777777777777,0.8888888888888888,0.0,300.00000000818113
1.0,0.7777777777777777,1.0,0.0,300.0000000000586
1.0,0.8888888888888888,0.0,0.0,300.0000000000014
1.0,0.8888888888888888,0.1111111111111111,0.0,300.0000000002015
1.0,0.8888888888888888,0.2222222222222222,0.0,300.00000000818113
1.0,0.8888888888888888,0.3333333333333333,0.0,300.0000000966374
1.0,0.8888888888888888,0.4444444444444444,0.0,300.00000033213246
1.0,0.8888888888888888,0.5555555555555556,0.0,300.00000033213246
1.0,0.8888888888888888,0.6666666666666666,0.0,300.0000000966374
1.0,0.8888888888888888,0.7777777777777777,0.0,300.00000000818113
1.0,0.8888888888888888,0.8888888888888888,0.0,300.0000000002015
1.0,0.8888888888888888,1.0,0.0,300.0000000000014
1.0,1.0,0.0,0.0,300.0
1.0,1.0,0.1111111111111111,0.0,300.0000000000014
1.0,1.0,0.2222222222222222,0.0,300.0000000000586
1.0,1.0,0.3333333333333333,0.0,300.0000000006926
1.0,1.0,0.4444444444444444,0.0,300.0000000023804
1.0,1.0,0.5555555555555556,0.0,300.0000000023804
1.0,1.0,0.6666666666666666,0.0,300.0000000006926
1.0,1.0,0.7777777777777777,0.0,300.0000000000586
1.0,1.0,0.8888888888888888,0.0,300.0000000000014
1.0,1.0,1.0,0.0,300.0
0.0,0.0,0.0,11.11111111111111,300.00000000001546
0.0,0.0,0.1111111111111111,11.11111111111111,300.0000000007885
0.0,0.0,0.2222222222222222,11.11111111111111,300.00000001503264
0.0,0.0,0.3333333333333333,11.11111111111111,300.00000010728473
0.0,0.0,0.4444444444444444,11.11111111111111,300.00000028660844
0.0,0.0,0.5555555555555556,11.11111111111111,300.00000028660844
0.0,0.0,0.6666666666666666,11.11111111111111,300.00000010728473
0.0,0.0,0.7777777777777777,11.11111111111111,300.00000001503264
0.0,0.0,0.8888888888888888,11.11111111111111,300.0000000007885
0.0,0.0,1.0,11.11111111111111,300.00000000001546
0.0,0.1111111111111111,0.0,11.11111111111111,300.0000000007885
0.0,0.1111111111111111,0.1111111111111111,11.11111111111111,300.00000004015936
0.0,0.1111111111111111,0.2222222222222222,11.11111111111111,300.00000076566727
0.0,0.1111111111111111,0.3333333333333333,11.11111111111111,300.00000546439804
0.0,0.1111111111111111,0.4444444444444444,11.11111111111111,300.0000145980031
0.0,0.1111111111111111,0.5555555555555556,11.11111111111111,300.0000145980031
0.0,0.1111111111111111,0.6666666666666666,11.11111111111111,300.00000546439804
0.0,0.1111111111111111,0.7777777777777777,11.11111111111111,300.00000076566727
0.0,0.1111111111111111,0.8888888888888888,11.11111111111111,300.00000004015936
0.0,0.1111111111111111,1.0,11.11111111111111,300.0000000007885
0.0,0.2222222222222222,0.0,11.11111111111111,300.00000001503264
0.0,0.2222222222222222,0.1111111111111111,11.11111111111111,300.00000076566727
0.0,0.2222222222222222,0.2222222222222222,11.11111111111111,300.0000145980031
0.0,0.2222222222222222,0.3333333333333333,11.11111111111111,300.0001041827204
0.0,0.2222222222222222,0.4444444444444444,11.11111111111111,300.00027832153745
0.0,0.2222222222222222,0.5555555555555556,11.11111111111111,300.00027832153745
0.0,0.2222222222222222,0.6666666666666666,11.11111111111111,300.0001041827204
0.0,0.2222222222222222,0.7777777777777777,11.11111111111111,300.0000145980031
0.0,0.2222222222222222,0.8888888888888888,11.11111111111111,300.00000076566727
0.0,0.2222222222222222,1.0,11.11111111111111,300.00000001503264
0.0,0.3333333333333333,0.0,11.11111111111111,300.00000010728473
0.0,0.3333333333333333,0.1111111111111111,11.11111111111111,300.00000546439804
0.0,0.3333333333333333,0.2222222222222222,11.11111111111111,300.0001041827204
0.0,0.3333333333333333,0.3333333333333333,11.11111111111111,300.0007435290413
0.0,0.3333333333333333,0.4444444444444444,11.11111111111111,300.0019863192778
0.0,0.3333333333333333,0.5555555555555556,11.11111111111111,300.0019863192778
0.0,0.3333333333333333,0.6666666666666666,11.11111111111111,300.0007435290413
0.0,0.3333333333333333,0.7777777777777777,11.11111111111111,300.0001041827204
0.0,0.3333333333333333,0.8888888888888888,11.11111111111111,300.00000546439804
0.0,0.3333333333333333,1.0,11.11111111111111,300.00000010728473
0.0,0.4444444444444444,0.0,11.11111111111111,300.00000028660844
0.0,0.4444444444444444,0.1111111111111111,11.11111111111111,300.0000145980031
0.0,0.4444444444444444,0.2222222222222222,11.11111111111111,300.00027832153745
0.0,0.4444444444444444,0.3333333333333333,11.11111111111111,300.0019863192778
0.0,0.4444444444444444,0.4444444444444444,11.11111111111111,300.0053064023789
0.0,0.4444444444444444,0.5555555555555556,11.11111111111111,300.0053064023789
0.0,0.4444444444444444,0.6666666666666666,11.11111111111111,300.0019863192778
0.0,0.4444444444444444,0.7777777777777777,11.11111111111111,300.00027832153745
0.0,0.4444444444444444,0.8888888888888888,11.11111111111111,300.0000145980031
0.0,0.4444444444444444,1.0,11.11111111111111,300.00000028660844
0.0,0.5555555555555556,0.0,11.11111111111111,300.00000028660844
0.0,0.5555555555555556,0.1111111111111111,11.11111111111111,300.0000145980031
0.0,0.5555555555555556,0.2222222222222222,11.11111111111111,300.00027832153745
0.0,0.5555555555555556,0.3333333333333333,11.11111111111111,300.0019863192778
0.0,0.5555555555555556,0.4444444444444444,11.11111111111111,300.0053064023789
0.0,0.5555555555555556,0.5555555555555556,11.11111111111111,300.0053064023789
0.0,0.5555555555555556,0.6666666666666666,11.11111111111111,300.0019863192778
0.0,0.5555555555555556,0.7777777777777777,11.11111111111111,300.00027832153745
0.0,0.5555555555555556,0.8888888888888888,11.11111111111111,300.0000145980031
0.0,0.5555555555555556,1.0,11.11111111111111,300.00000028660844
0.0,0.6666666666666666,0.0,11.11111111111111,300.00000010728473
0.0,0.6666666666666666,0.1111111111111111,11.11111111111111,300.00000546439804
0.0,0.6666666666666666,0.2222222222222222,11.11111111111111,300.0001041827204
0.0,0.6666666666666666,0.3333333333333333,11.11111111111111,300.0007435290413
0.0,0.6666666666666666,0.4444444444444444,11.11111111111111,300.0019863192778
0.0,0.6666666666666666,0.5555555555555556,11.11111111111111,300.0019863192778
0.0,0.6666666666666666,0.6666666666666666,11.11111111111111,300.0007435290413
0.0,0.6666666666666666,0.7777777777777777,11.11111111111111,300.0001041827204
0.0,0.6666666666666666,0.8888888888888888,11.11111111111111,300.00000546439804
0.0,0.6666666666666666,1.0,11.11111111111111,300.00000010728473
0.0,0.7777777777777777,0.0,11.11111111111111,300.00000001503264
0.0,0.7777777777777777,0.1111111111111111,11.11111111111111,300.00000076566727
0.0,0.7777777777777777,0.2222222222222222,11.11111111111111,300.0000145980031
0.0,0.7777777777777777,0.3333333333333333,11.11111111111111,300.0001041827204
0.0,0.7777777777777777,0.4444444444444444,11.11111111111111,300.00027832153745
0.0,0.7777777777777777,0.5555555555555556,11.11111111111111,300.00027832153745
0.0,0.7777777777777777,0.6666666666666666,11.11111111111111,300.0001041827204
0.0,0.7777777777777777,0.7777777777777777,11.11111111111111,300.0000145980031
0.0,0.7777777777777777,0.8888888888888888,11.11111111111111,300.00000076566727
0.0,0.7777777777777777,1.0,11.11111111111111,300.00000001503264
0.0,0.8888888888888888,0.0,11.11111111111111,300.0000000007885
0.0,0.8888888888888888,0.1111111111111111,11.11111111111111,300.00000004015936
0.0,0.8888888888888888,0.2222222222222222,11.11111111111111,300.00000076566727
0.0,0.8888888888888888,0.3333333333333333,11.11111111111111,300.00000546439804
0.0,0.8888888888888888,0.4444444444444444,11.11111111111111,300.0000145980031
0.0,0.8888888888888888,0.5555555555555556,11.11111111111111,300.0000145980031
0.0,0.8888888888888888,0.6666666666666666,11.11111111111111,300.00000546439804
0.0,0.8888888888888888,0.7777777777777777,11.11111111111111,300.00000076566727
0.0,0.8888888888888888,0.8888888888888888,11.11111111111111,300.00000004015936
0.0,0.8888888888888888,1.0,11.11111111111111,300.0000000007885
0.0,1.0,0.0,11.11111111111111,300.00000000001546
0.0,1.0,0.1111111111111111,11.11111111111111,300.0000000007885
0.0,1.0,0.2222222222222222,11.11111111111111,300.00000001503264
0.0,1.0,0.3333333333333333,11.11111111111111,300.00000010728473
0.0,1.0,0.4444444444444444,11.11111111111111,300.00000028660844
0.0,1.0,0.5555555555555556,11.11111111111111,300.00000028660844
0.0,1.0,0.6666666666666666,11.11111111111111,300.00000010728473
0.0,1.0,0.7777777777777777,11.11111111111111,300.00000001503264
0.0,1.0,0.8888888888888888,11.11111111111111,300.0000000007885
0.0,1.0,1.0,11.11111111111111,300.00000000001546
0.1111111111111111,0.0,0.0,11.11111111111111,300.0000000007885
0.1111111111111111,0.0,0.1111111111111111,11.11111111111111,300.00000004015936
0.1111111111111111,0.0,0.2222222222222222,11.11111111111111,300.00000076566727
0.1111111111111111,0.0,0.3333333333333333,11.11111111111111,300.00000546439804
0.1111111111111111,0.0,0.4444444444444444,11.11111111111111,300.0000145980031
0.1111111111111111,0.0,0.5555555555555556,11.11111111111111,300.0000145980031
0.1111111111111111,0.0,0.6666666666666666,11.11111111111111,300.00000546439804
0.1111111111111111,0.0,0.7777777777777777,11.11111111111111,300.00000076566727
0.1111111111111111,0.0,0.8888888888888888,11.11111111111111,300.00000004015936
0.1111111111111111,0.0,1.0,11.11111111111111,300.0000000007885
0.1111111111111111,0.1111111111111111,0.0,11.11111111111111,300.00000004015936
0.1111111111111111,0.1111111111111111,0.1111111111111111,11.11111111111111,300.00000204546103
0.1111111111111111,0.1111111111111111,0.2222222222222222,11.11111111111111,300.00003899820086
0.1111111111111111,0.1111111111111111,0.3333333333333333,11.11111111111111,300.00027832153745
0.1111111111111111,0.1111111111111111,0.4444444444444444,11.11111111111111,300.0007435290413
0.1111111111111111,0.1111111111111111,0.5555555555555556,11.11111111111111,300.0007435290413
0.1111111111111111,0.1111111111111111,0.6666666666666666,11.11111111111111,300.00027832153745
0.1111111111111111,0.1111111111111111,0.7777777777777777,11.11111111111111,300.00003899820086
0.1111111111111111,0.1111111111111111,0.8888888888888888,11.11111111111111,300.00000204546103
0.1111111111111111,0.1111111111111111,1.0,11.11111111111111,300.00000004015936
0.1111111111111111,0.2222222222222222,0.0,11.11111111111111,300.00000076566727
0.1111111111111111,0.2222222222222222,0.1111111111111111,11.11111111111111,300.00003899820086
0.1111111111111111,0.2222222222222222,0.2222222222222222,11.11111111111111,300.0007435290413
0.1111111111111111,0.2222222222222222,0.3333333333333333,11.11111111111111,300.0053064023789
0.1111111111111111,0.2222222222222222,0.4444444444444444,11.11111111111111,300.01417592152524
0.1111111111111111,0.2222222222222222,0.5555555555555556,11.11111111111111,300.01417592152524
0.1111111111111111,0.2222222222222222,0.6666666666666666,11.11111111111111,300.0053064023789
0.1111111111111111,0.2222222222222222,0.7777777777777777,11.11111111111111,300.0007435290413
0.1111111111111111,0.2222222222222222,0.8888888888888888,11.11111111111111,300.00003899820086
0.1111111111111111,0.2222222222222222,1.0,11.11111111111111,300.00000076566727
0.1111111111111111,0.3333333333333333,0.0,11.11111111111111,300.00000546439804
0.1111111111111111,0.3333333333333333,0.1111111111111111,11.11111111111111,300.00027832153745
0.1111111111111111,0.3333333333333333,0.2222222222222222,11.11111111111111,300.0053064023789
0.1111111111111111,0.3333333333333333,0.3333333333333333,11.11111111111111,300.03787062057125
0.1111111111111111,0.3333333333333333,0.4444444444444444,11.11111111111111,300.1011704177326
0.1111111111111111,0.3333333333333333,0.5555555555555556,11.11111111111111,300.1011704177326
0.1111111111111111,0.3333333333333333,0.6666666666666666,11.11111111111111,300.03787062057125
0.1111111111111111,0.3333333333333333,0.7777777777777777,11.11111111111111,300.0053064023789
0.1111111111111111,0.3333333333333333,0.8888888888888888,11.11111111111111,300.00027832153745
0.1111111111111111,0.3333333333333333,1.0,11.11111111111111,300.00000546439804
0.1111111111111111,0.4444444444444444,0.0,11.11111111111111,300.0000145980031
0.1111111111111111,0.4444444444444444,0.1111111111111111,11.11111111111111,300.0007435290413
0.1111111111111111,0.4444444444444444,0.2222222222222222,11.11111111111111,300.01417592152524
0.1111111111111111,0.4444444444444444,0.3333333333333333,11.11111111111111,300.1011704177326
0.1111111111111111,0.4444444444444444,0.4444444444444444,11.11111111111111,300.27027424609855
0.1111111111111111,0.4444444444444444,0.5555555555555556,11.11111111111111,300.27027424609855
0.1111111111111111,0.4444444444444444,0.6666666666666666,11.11111111111111,300.1011704177326
0.1111111111111111,0.4444444444444444,0.7777777777777777,11.11111111111111,300.01417592152524
0.1111111111111111,0.4444444444444444,0.8888888888888888,11.11111111111111,300.0007435290413
0.1111111111111111,0.4444444444444444,1.0,11.11111111111111,300.0000145980031
0.1111111111111111,0.5555555555555556,0.0,11.11111111111111,300.0000145980031
0.1111111111111111,0.5555555555555556,0.1111111111111111,11.11111111111111,300.0007435290413
0.1111111111111111,0.5555555555555556,0.2222222222222222,11.11111111111111,300.01417592152524
0.1111111111111111,0.5555555555555556,0.3333333333333333,11.11111111111111,300.1011704177326
0.1111111111111111,0.5555555555555556,0.4444444444444444,11.11111111111111,300.27027424609855
0.1111111111111111,0.5555555555555556,0.5555555555555556,11.11111111111111,300.27027424609855
0.1111111111111111,0.5555555555555556,0.6666666666666666,11.11111111111111,300.1011704177326
0.1111111111111111,0.5555555555555556,0.7777777777777777,11.11111111111111,300.01417592152524
0.1111111111111111,0.5555555555555556,0.8888888888888888,11.11111111111111,300.0007435290413
0.1111111111111111,0.5555555555555556,1.0,11.11111111111111,300.0000145980031
0.1111111111111111,0.6666666666666666,0.0,11.11111111111111,300.00000546439804
0.1111111111111111,0.6666666666666666,0.1111111111111111,11.11111111111111,300.00027832153745
0.1111111111111111,0.6666666666666666,0.2222222222222222,11.11111111111111,300.0053064023789
0.1111111111111111,0.6666666666666666,0.3333333333333333,11.11111111111111,300.03787062057125
0.1111111111111111,0.6666666666666666,0.4444444444444444,11.11111111111111,300.1011704177326
0.1111111111111111,0.6666666666666666,0.5555555555555556,11.11111111111111,300.1011704177326
0.1111111111111111,0.6666666666666666,0.6666666666666666,11.11111111111111,300.03787062057125
0.1111111111111111,0.6666666666666666,0.7777777777777777,11.11111111111111,300.0053064023789
0.1111111111111111,0.6666666666666666,0.8888888888888888,11.11111111111111,300.00027832153745
0.1111111111111111,0.6666666666666666,1.0,11.11111111111111,300.00000546439804
0.1111111111111111,0.7777777777777777,0.0,11.11111111111111,300.00000076566727
0.1111111111111111,0.7777777777777777,0.1111111111111111,11.11111111111111,300.00003899820086
0.1111111111111111,0.7777777777777777,0.2222222222222222,11.11111111111111,300.0007435290413
0.1111111111111111,0.7777777777777777,0.3333333333333333,11.11111111111111,300.0053064023789
0.1111111111111111,0.7777777777777777,0.4444444444444444,11.11111111111111,300.01417592152524
0.1111111111111111,0.7777777777777777,0.5555555555555556,11.11111111111111,300.01417592152524
0.1111111111111111,0.7777777777777777,0.6666666666666666,11.11111111111111,300.0053064023789
0.1111111111111111,0.7777777777777777,0.7777777777777777,11.11111111111111,300.0007435290413
0.1111111111111111,0.7777777777777777,0.8888888888888888,11.11111111111111,300.00003899820086
0.1111111111111111,0.7777777777777777,1.0,11.11111111111111,300.00000076566727
0.1111111111111111,0.8888888888888888,0.0,11.11111111111111,300.00000004015936
0.1111111111111111,0.8888888888888888,0.1111111111111111,11.11111111111111,300.00000204546103
0.1111111111111111,0.8888888888888888,0.2222222222222222,11.11111111111111,300.00003899820086
0.1111111111111111,0.8888888888888888,0.3333333333333333,11.11111111111111,300.00027832153745
0.1111111111111111,0.8888888888888888,0.4444444444444444,11.11111111111111,300.0007435290413
0.1111111111111111,0.8888888888888888,0.5555555555555556,11.11111111111111,300.0007435290413
0.1111111111111111,0.8888888888888888,0.6666666666666666,11.11111111111111,300.00027832153745
0.1111111111111111,0.8888888888888888,0.7777777777777777,11.11111111111111,300.00003899820086
0.1111111111111111,0.8888888888888888,0.8888888888888888,11.11111111111111,300.00000204546103
0.1111111111111111,0.8888888888888888,1.0,11.11111111111111,300.00000004015936
0.1111111111111111,1.0,0.0,11.11111111111111,300.0000000007885
0.1111111111111111,1.0,0.1111111111111111,11.11111111111111,300.00000004015936
0.1111111111111111,1.0,0.2222222222222222,11.11111111111111,300.00000076566727
0.1111111111111111,1.0,0.3333333333333333,11.11111111111111,300.00000546439804
0.1111111111111111,1.0,0.4444444444444444,11.11111111111111,300.0000145980031
0.1111111111111111,1.0,0.5555555555555556,11.11111111111111,300.0000145980031
0.1111111111111111,1.0,0.6666666666666666,11.11111111111111,300.00000546439804
0.1111111111111111,1.0,0.7777777777777777,11.11111111111111,300.00000076566727
0.1111111111111111,1.0,0.8888888888888888,11.11111111111111,300.00000004015936
0.1111111111111111,1.0,1.0,11.11111111111111,300.0000000007885
0.2222222222222222,0.0,0.0,11.11111111111111,300.00000001503264
0.2222222222222222,0.0,0.1111111111111111,11.11111111111111,300.00000076566727
0.2222222222222222,0.0,0.2222222222222222,11.11111111111111,300.0000145980031
0.2222222222222222,0.0,0.3333333333333333,11.11111111111111,300.0001041827204
0.2222222222222222,0.0,0.4444444444444444,11.11111111111111,300.00027832153745
0.2222222222222222,0.0,0.5555555555555556,11.11111111111111,300.00027832153745
0.2222222222222222,0.0,0.6666666666666666,11.11111111111111,300.0001041827204
0.2222222222222222,0.0,0.7777777777777777,11.11111111111111,300.0000145980031
0.2222222222222222,0.0,0.8888888888888888,11.11111111111111,300.00000076566727
0.2222222222222222,0.0,1.0,11.11111111111111,300.00000001503264
0.2222222222222222,0.1111111111111111,0.0,11.11111111111111,300.00000076566727
0.2222222222222222,0.1111111111111111,0.1111111111111111,11.11111111111111,300.00003899820086
0.2222222222222222,0.1111111111111111,0.2222222222222222,11.11111111111111,300.0007435290413
0.2222222222222222,0.1111111111111111,0.3333333333333333,11.11111111111111,300.0053064023789
0.2222222222222222,0.1111111111111111,0.4444444444444444,11.11111111111111,300.01417592152524
0.2222222222222222,0.1111111111111111,0.5555555555555556,11.11111111111111,300.01417592152524
0.2222222222222222,0.1111111111111111,0.6666666666666666,11.11111111111111,300.0053064023789
0.2222222222222222,0.1111111111111111,0.7777777777777777,11.11111111111111,300.0007435290413
0.2222222222222222,0.1111111111111111,0.8888888888888888,11.11111111111111,300.00003899820086
0.2222222222222222,0.1111111111111111,1.0,11.11111111111111,300.00000076566727
0.2222222222222222,0.2222222222222222,0.0,11.11111111111111,300.0000145980031
0.2222222222222222,0.2222222222222222,0.1111111111111111,11.11111111111111,300.0007435290413
0.2222222222222222,0.2222222222222222,0.2222222222222222,11.11111111111111,300.01417592152524
0.2222222222222222,0.2222222222222222,0.3333333333333333,11.11111111111111,300.1011704177326
0.2222222222222222,0.2222222222222222,0.4444444444444444,11.11111111111111,300.27027424609855
0.2222222222222222,0.2222222222222222,0.5555555555555556,11.11111111111111,300.27027424609855
0.2222222222222222,0.2222222222222222,0.6666666666666666,11.11111111111111,300.1011704177326
0.2222222222222222,0.2222222222222222,0.7777777777777777,11.11111111111111,300.01417592152524
0.2222222222222222,0.2222222222222222,0.8888888888888888,11.11111111111111,300.0007435290413
0.2222222222222222,0.2222222222222222,1.0,11.11111111111111,300.0000145980031
0.2222222222222222,0.3333333333333333,0.0,11.11111111111111,300.0001041827204
0.2222222222222222,0.3333333333333333,0.1111111111111111,11.11111111111111,300.0053064023789
0.2222222222222222,0.3333333333333333,0.2222222222222222,11.11111111111111,300.1011704177326
0.2222222222222222,0.3333333333333333,0.3333333333333333,11.11111111111111,300.7220309033145
0.2222222222222222,0.3333333333333333,0.4444444444444444,11.11111111111111,301.9288875387373
0.2222222222222222,0.3333333333333333,0.5555555555555556,11.11111111111111,301.9288875387373
0.2222222222222222,0.3333333333333333,0.6666666666666666,11.11111111111111,300.7220309033145
0.2222222222222222,0.3333333333333333,0.7777777777777777,11.11111111111111,300.1011704177326
0.2222222222222222,0.3333333333333333,0.8888888888888888,11.11111111111111,300.0053064023789
0.2222222222222222,0.3333333333333333,1.0,11.11111111111111,300.0001041827204
0.2222222222222222,0.4444444444444444,0.0,11.11111111111111,300.00027832153745
0.2222222222222222,0.4444444444444444,0.1111111111111111,11.11111111111111,300.01417592152524
0.2222222222222222,0.4444444444444444,0.2222222222222222,11.11111111111111,300.27027424609855
0.2222222222222222,0.4444444444444444,0.3333333333333333,11.11111111111111,301.9288875387373
0.2222222222222222,0.4444444444444444,0.4444444444444444,11.11111111111111,305.1529749211792
0.2222222222222222,0.4444444444444444,0.5555555555555556,11.11111111111111,305.1529749211792
0.2222222222222222,0.4444444444444444,0.6666666666666666,11.11111111111111,301.9288875387373
0.2222222222222222,0.4444444444444444,0.7777777777777777,11.11111111111111,300.27027424609855
0.2222222222222222,0.4444444444444444,0.8888888888888888,11.11111111111111,300.01417592152524
0.2222222222222222,0.4444444444444444,1.0,11.11111111111111,300.00027832153745
0.2222222222222222,0.5555555555555556,0.0,11.11111111111111,300.00027832153745
0.2222222222222222,0.5555555555555556,0.1111111111111111,11.11111111111111,300.01417592152524
0.2222222222222222,0.5555555555555556,0.2222222222222222,11.11111111111111,300.27027424609855
0.2222222222222222,0.5555555555555556,0.3333333333333333,11.11111111111111,301.9288875387373
0.2222222222222222,0.5555555555555556,0.4444444444444444,11.11111111111111,305.1529749211792
0.2222222222222222,0.5555555555555556,0.5555555555555556,11.11111111111111,305.1529749211792
0.2222222222222222,0.5555555555555556,0.6666666666666666,11.11111111111111,301.9288875387373
0.2222222222222222,0.5555555555555556,0.7777777777777777,11.11111111111111,300.27027424609855
0.2222222222222222,0.5555555555555556,0.8888888888888888,11.11111111111111,300.01417592152524
0.2222222222222222,0.5555555555555556,1.0,11.11111111111111,300.00027832153745
0.2222222222222222,0.6666666666666666,0.0,11.11111111111111,300.0001041827204
0.2222222222222222,0.6666666666666666,0.1111111111111111,11.11111111111111,300.0053064023789
0.2222222222222222,0.6666666666666666,0.2222222222222222,11.11111111111111,300.1011704177326
0.2222222222222222,0.6666666666666666,0.3333333333333333,11.11111111111111,300.7220309033145
0.2222222222222222,0.6666666666666666,0.4444444444444444,11.11111111111111,301.9288875387373
0.2222222222222222,0.6666666666666666,0.5555555555555556,11.11111111111111,301.9288875387373
0.2222222222222222,0.6666666666666666,0.6666666666666666,11.11111111111111,300.7220309033145
0.2222222222222222,0.6666666666666666,0.7777777777777777,11.11111111111111,300.1011704177326
0.2222222222222222,0.6666666666666666,0.8888888888888888,11.11111111111111,300.0053064023789
0.2222222222222222,0.6666666666666666,1.0,11.11111111111111,300.0001041827204
0.2222222222222222,0.7777777777777777,0.0,11.11111111111111,300.0000145980031
0.2222222222222222,0.7777777777777777,0.1111111111111111,11.11111111111111,300.0007435290413
0.2222222222222222,0.7777777777777777,0.2222222222222222,11.11111111111111,300.01417592152524
0.2222222222222222,0.7777777777777777,0.3333333333333333,11.11111111111111,300.1011704177326
0.2222222222222222,0.7777777777777777,0.4444444444444444,11.11111111111111,300.27027424609855
0.2222222222222222,0.7777777777777777,0.5555555555555556,11.11111111111111,300.27027424609855
0.2222222222222222,0.7777777777777777,0.6666666666666666,11.11111111111111,300.1011704177326
0.2222222222222222,0.7777777777777777,0.7777777777777777,11.11111111111111,300.01417592152524
0.2222222222222222,0.7777777777777777,0.8888888888888888,11.11111111111111,300.0007435290413
0.2222222222222222,0.7777777777777777,1.0,11.11111111111111,300.0000145980031
0.2222222222222222,0.8888888888888888,0.0,11.11111111111111,300.00000076566727
0.2222222222222222,0.8888888888888888,0.1111111111111111,11.11111111111111,300.00003899820086
0.2222222222222222,0.8888888888888888,0.2222222222222222,11.11111111111111,300.0007435290413
0.2222222222222222,0.8888888888888888,0.3333333333333333,11.11111111111111,300.0053064023789
0.2222222222222222,0.8888888888888888,0.4444444444444444,11.11111111111111,300.01417592152524
0.2222222222222222,0.8888888888888888,0.5555555555555556,11.11111111111111,300.01417592152524
0.2222222222222222,0.8888888888888888,0.6666666666666666,11.11111111111111,300.0053064023789
0.2222222222222222,0.8888888888888888,0.7777777777777777,11.11111111111111,300.0007435290413
0.2222222222222222,0.8888888888888888,0.8888888888888888,11.11111111111111,300.00003899820086
0.2222222222222222,0.8888888888888888,1.0,11.11111111111111,300.00000076566727
0.2222222222222222,1.0,0.0,11.11111111111111,300.00000001503264
0.2222222222222222,1.0,0.1111111111111111,11.11111111111111,300.00000076566727
0.2222222222222222,1.0,0.2222222222222222,11.11111111111111,300.0000145980031
0.2222222222222222,1.0,0.3333333333333333,11.11111111111111,300.0001041827204
0.2222222222222222,1.0,0.4444444444444444,11.11111111111111,300.00027832153745
0.2222222222222222,1.0,0.5555555555555556,11.11111111111111,300.00027832153745
0.2222222222222222,1.0,0.6666666666666666,11.11111111111111,300.0001041827204
0.2222222222222222,1.0,0.7777777777777777,11.11111111111111,300.0000145980031
0.2222222222222222,1.0,0.8888888888888888,11.11111111111111,300.00000076566727
0.2222222222222222,1.0,1.0,11.11111111111111,300.00000001503264
0.3333333333333333,0.0,0.0,11.11111111111111,300.00000010728473
0.3333333333333333,0.0,0.1111111111111111,11.11111111111111,300.00000546439804
0.3333333333333333,0.0,0.2222222222222222,11.11111111111111,300.0001041827204
0.3333333333333333,0.0,0.3333333333333333,11.11111111111111,300.0007435290413
0.3333333333333333,0.0,0.4444444444444444,11.11111111111111,300.0019863192778
0.3333333333333333,0.0,0.5555555555555556,11.11111111111111,300.0019863192778
0.3333333333333333,0.0,0.6666666666666666,11.11111111111111,300.0007435290413
0.3333333333333333,0.0,0.7777777777777777,11.11111111111111,300.0001041827204
0.3333333333333333,0.0,0.8888888888888888,11.11111111111111,300.00000546439804
0.3333333333333333,0.0,1.0,11.11111111111111,300.00000010728473
0.3333333333333333,0.1111111111111111,0.0,11.11111111111111,300.00000546439804
0.3333333333333333,0.1111111111111111,0.1111111111111111,11.11111111111111,300.00027832153745
0.3333333333333333,0.1111111111111111,0.2222222222222222,11.11111111111111,300.0053064023789
0.3333333333333333,0.1111111111111111,0.3333333333333333,11.11111111111111,300.03787062057125
0.3333333333333333,0.1111111111111111,0.4444444444444444,11.11111111111111,300.1011704177326
0.3333333333333333,0.1111111111111111,0.5555555555555556,11.11111111111111,300.1011704177326
0.3333333333333333,0.1111111111111111,0.6666666666666666,11.11111111111111,300.03787062057125
0.3333333333333333,0.1111111111111111,0.7777777777777777,11.11111111111111,300.0053064023789
0.3333333333333333,0.1111111111111111,0.8888888888888888,11.11111111111111,300.00027832153745
0.3333333333333333,0.1111111111111111,1.0,11.11111111111111,300.00000546439804
0.3333333333333333,0.2222222222222222,0.0,11.11111111111111,300.0001041827204
0.3333333333333333,0.2222222222222222,0.1111111111111111,11.11111111111111,300.0053064023789
0.3333333333333333,0.2222222222222222,0.2222222222222222,11.11111111111111,300.1011704177326
0.3333333333333333,0.2222222222222222,0.3333333333333333,11.11111111111111,300.7220309033145
0.3333333333333333,0.2222222222222222,0.4444444444444444,11.11111111111111,301.9288875387373
0.3333333333333333,0.2222222222222222,0.5555555555555556,11.11111111111111,301.9288875387373
0.3333333333333333,0.2222222222222222,0.6666666666666666,11.11111111111111,300.7220309033145
0.3333333333333333,0.2222222222222222,0.7777777777777777,11.11111111111111,300.1011704177326
0.3333333333333333,0.2222222222222222,0.8888888888888888,11.11111111111111,300.0053064023789
0.3333333333333333,0.2222222222222222,1.0,11.11111111111111,300.0001041827204
0.3333333333333333,0.3333333333333333,0.0,11.11111111111111,300.0007435290413
0.3333333333333333,0.3333333333333333,0.1111111111111111,11.11111111111111,300.03787062057125
0.3333333333333333,0.3333333333333333,0.2222222222222222,11.11111111111111,300.7220309033145
0.3333333333333333,0.3333333333333333,0.3333333333333333,11.11111111111111,305.1529749211792
0.3333333333333333,0.3333333333333333,0.4444444444444444,11.11111111111111,313.7660439009754
0.3333333333333333,0.3333333333333333,0.5555555555555556,11.11111111111111,313.7660439009754
0.3333333333333333,0.3333333333333333,0.6666666666666666,11.11111111111111,305.1529749211792
0.3333333333333333,0.3333333333333333,0.7777777777777777,11.11111111111111,300.7220309033145
0.3333333333333333,0.3333333333333333,0.8888888888888888,11.11111111111111,300.03787062057125
0.3333333333333333,0.3333333333333333,1.0,11.11111111111111,300.0007435290413
0.3333333333333333,0.4444444444444444,0.0,11.11111111111111,300.0019863192778
0.3333333333333333,0.4444444444444444,0.1111111111111111,11.11111111111111,300.1011704177326
0.3333333333333333,0.4444444444444444,0.2222222222222222,11.11111111111111,301.9288875387373
0.3333333333333333,0.4444444444444444,0.3333333333333333,11.11111111111111,313.7660439009754
0.3333333333333333,0.4444444444444444,0.4444444444444444,11.11111111111111,336.77564272721435
0.3333333333333333,0.4444444444444444,0.5555555555555556,11.11111111111111,336.77564272721435
0.3333333333333333,0.4444444444444444,0.6666666666666666,11.11111111111111,313.7660439009754
0.3333333333333333,0.4444444444444444,0.7777777777777777,11.11111111111111,301.9288875387373
0.3333333333333333,0.4444444444444444,0.8888888888888888,11.11111111111111,300.1011704177326
0.3333333333333333,0.4444444444444444,1.0,11.11111111111111,300.0019863192778
0.3333333333333333,0.5555555555555556,0.0,11.11111111111111,300.0019863192778
0.3333333333333333,0.5555555555555556,0.1111111111111111,11.11111111111111,300.1011704177326
0.3333333333333333,0.5555555555555556,0.2222222222222222,11.11111111111111,301.9288875387373
0.3333333333333333,0.5555555555555556,0.3333333333333333,11.11111111111111,313.7660439009754
0.3333333333333333,0.5555555555555556,0.4444444444444444,11.11111111111111,336.77564272721435
0.3333333333333333,0.5555555555555556,0.5555555555555556,11.11111111111111,336.77564272721435
0.3333333333333333,0.5555555555555556,0.6666666666666666,11.11111111111111,313.7660439009754
0.3333333333333333,0.5555555555555556,0.7777777777777777,11.11111111111111,301.9288875387373
0.3333333333333333,0.5555555555555556,0.8888888888888888,11.11111111111111,300.1011704177326
0.3333333333333333,0.5555555555555556,1.0,11.11111111111111,300.0019863192778
0.3333333333333333,0.6666666666666666,0.0,11.11111111111111,300.0007435290413
0.3333333333333333,0.6666666666666666,0.1111111111111111,11.11111111111111,300.03787062057125
0.3333333333333333,0.6666666666666666,0.2222222222222222,11.11111111111111,300.7220309033145
0.3333333333333333,0.6666666666666666,0.3333333333333333,11.11111111111111,305.1529749211792
0.3333333333333333,0.6666666666666666,0.4444444444444444,11.11111111111111,313.7660439009754
0.3333333333333333,0.6666666666666666,0.5555555555555556,11.11111111111111,313.7660439009754
0.3333333333333333,0.6666666666666666,0.6666666666666666,11.11111111111111,305.1529749211792
0.3333333333333333,0.6666666666666666,0.7777777777777777,11.11111111111111,300.7220309033145
0.3333333333333333,0.6666666666666666,0.8888888888888888,11.11111111111111,300.03787062057125
0.3333333333333333,0.6666666666666666,1.0,11.11111111111111,300.0007435290413
0.3333333333333333,0.7777777777777777,0.0,11.11111111111111,300.0001041827204
0.3333333333333333,0.7777777777777777,0.1111111111111111,11.11111111111111,300.0053064023789
0.3333333333333333,0.7777777777777777,0.2222222222222222,11.11111111111111,300.1011704177326
0.3333333333333333,0.7777777777777777,0.3333333333333333,11.11111111111111,300.7220309033145
0.3333333333333333,0.7777777777777777,0.4444444444444444,11.11111111111111,301.9288875387373
0.3333333333333333,0.7777777777777777,0.5555555555555556,11.11111111111111,301.9288875387373
0.3333333333333333,0.7777777777777777,0.6666666666666666,11.11111111111111,300.7220309033145
0.3333333333333333,0.7777777777777777,0.7777777777777777,11.11111111111111,300.1011704177326
0.3333333333333333,0.7777777777777777,0.8888888888888888,11.11111111111111,300.0053064023789
0.3333333333333333,0.7777777777777777,1.0,11.11111111111111,300.0001041827204
0.3333333333333333,0.8888888888888888,0.0,11.11111111111111,300.00000546439804
0.3333333333333333,0.8888888888888888,0.1111111111111111,11.11111111111111,300.00027832153745
0.3333333333333333,0.8888888888888888,0.2222222222222222,11.11111111111111,300.0053064023789
0.3333333333333333,0.8888888888888888,0.3333333333333333,11.11111111111111,300.03787062057125
0.3333333333333333,0.8888888888888888,0.4444444444444444,11.11111111111111,300.1011704177326
0.3333333333333333,0.8888888888888888,0.5555555555555556,11.11111111111111,300.1011704177326
0.3333333333333333,0.8888888888888888,0.6666666666666666,11.11111111111111,300.03787062057125
0.3333333333333333,0.8888888888888888,0.7777777777777777,11.11111111111111,300.0053064023789
0.3333333333333333,0.8888888888888888,0.8888888888888888,11.11111111111111,300.00027832153745
0.3333333333333333,0.8888888888888888,1.0,11.11111111111111,300.00000546439804
0.3333333333333333,1.0,0.0,11.11111111111111,300.00000010728473
0.3333333333333333,1.0,0.1111111111111111,11.11111111111111,300.00000546439804
0.3333333333333333,1.0,0.2222222222222222,11.11111111111111,300.0001041827204
0.3333333333333333,1.0,0.3333333333333333,11.11111111111111,300.0007435290413
0.3333333333333333,1.0,0.4444444444444444,11.11111111111111,300.0019863192778
0.3333333333333333,1.0,0.5555555555555556,11.11111111111111,300.0019863192778
0.3333333333333333,1.0,0.6666666666666666,11.11111111111111,300.0007435290413
0.3333333333333333,1.0,0.7777777777777777,11.11111111111111,300.0001041827204
0.3333333333333333,1.0,0.8888888888888888,11.11111111111111,300.00000546439804
0.3333333333333333,1.0,1.0,11.11111111111111,300.00000010728473
0.4444444444444444,0.0,0.0,11.11111111111111,300.00000028660844
0.4444444444444444,0.0,0.1111111111111111,11.11111111111111,300.0000145980031
0.4444444444444444,0.0,0.2222222222222222,11.11111111111111,300.00027832153745
0.4444444444444444,0.0,0.3333333333333333,11.11111111111111,300.0019863192778
0.4444444444444444,0.0,0.4444444444444444,11.11111111111111,300.0053064023789
0.4444444444444444,0.0,0.5555555555555556,11.11111111111111,300.0053064023789
0.4444444444444444,0.0,0.6666666666666666,11.11111111111111,300.0019863192778
0.4444444444444444,0.0,0.7777777777777777,11.11111111111111,300.00027832153745
0.4444444444444444,0.0,0.8888888888888888,11.11111111111111,300.0000145980031
0.4444444444444444,0.0,1.0,11.11111111111111,300.00000028660844
0.4444444444444444,0.1111111111111111,0.0,11.11111111111111,300.0000145980031
0.4444444444444444,0.1111111111111111,0.1111111111111111,11.11111111111111,300.0007435290413
0.4444444444444444,0.1111111111111111,0.2222222222222222,11.11111111111111,300.01417592152524
0.4444444444444444,0.1111111111111111,0.3333333333333333,11.11111111111111,300.1011704177326
0.4444444444444444,0.1111111111111111,0.4444444444444444,11.11111111111111,300.27027424609855
0.4444444444444444,0.1111111111111111,0.5555555555555556,11.11111111111111,300.27027424609855
0.4444444444444444,0.1111111111111111,0.6666666666666666,11.11111111111111,300.1011704177326
0.4444444444444444,0.1111111111111111,0.7777777777777777,11.11111111111111,300.01417592152524
0.4444444444444444,0.1111111111111111,0.8888888888888888,11.11111111111111,300.0007435290413
0.4444444444444444,0.1111111111111111,1.0,11.11111111111111,300.0000145980031
0.4444444444444444,0.2222222222222222,0.0,11.11111111111111,300.00027832153745
0.4444444444444444,0.2222222222222222,0.1111111111111111,11.11111111111111,300.01417592152524
0.4444444444444444,0.2222222222222222,0.2222222222222222,11.11111111111111,300.27027424609855
0.4444444444444444,0.2222222222222222,0.3333333333333333,11.11111111111111,301.9288875387373
0.4444444444444444,0.2222222222222222,0.4444444444444444,11.11111111111111,305.1529749211792
0.4444444444444444,0.2222222222222222,0.5555555555555556,11.11111111111111,305.1529749211792
0.4444444444444444,0.2222222222222222,0.6666666666666666,11.11111111111111,301.9288875387373
0.4444444444444444,0.2222222222222222,0.7777777777777777,11.11111111111111,300.27027424609855
0.4444444444444444,0.2222222222222222,0.8888888888888888,11.11111111111111,300.01417592152524
0.4444444444444444,0.2222222222222222,1.0,11.11111111111111,300.00027832153745
0.4444444444444444,0.3333333333333333,0.0,11.11111111111111,300.0019863192778
0.4444444444444444,0.3333333333333333,0.1111111111111111,11.11111111111111,300.1011704177326
0.4444444444444444,0.3333333333333333,0.2222222222222222,11.11111111111111,301.9288875387373
0.4444444444444444,0.3333333333333333,0.3333333333333333,11.11111111111111,313.7660439009754
0.4444444444444444,0.3333333333333333,0.4444444444444444,11.11111111111111,336.77564272721435
0.4444444444444444,0.3333333333333333,0.5555555555555556,11.11111111111111,336.77564272721435
0.4444444444444444,0.3333333333333333,0.6666666666666666,11.11111111111111,313.7660439009754
0.4444444444444444,0.3333333333333333,0.7777777777777777,11.11111111111111,301.9288875387373
0.4444444444444444,0.3333333333333333,0.8888888888888888,11.11111111111111,300.1011704177326
0.4444444444444444,0.3333333333333333,1.0,11.11111111111111,300.0019863192778
0.4444444444444444,0.4444444444444444,0.0,11.11111111111111,300.0053064023789
0.4444444444444444,0.4444444444444444,0.1111111111111111,11.11111111111111,300.27027424609855
0.4444444444444444,0.4444444444444444,0.2222222222222222,11.11111111111111,305.1529749211792
0.4444444444444444,0.4444444444444444,0.3333333333333333,11.11111111111111,336.77564272721435
0.4444444444444444,0.4444444444444444,0.4444444444444444,11.11111111111111,398.2452117491714
0.4444444444444444,0.4444444444444444,0.5555555555555556,11.11111111111111,398.2452117491714
0.4444444444444444,0.4444444444444444,0.6666666666666666,11.11111111111111,336.7756427272144
0.4444444444444444,0.4444444444444444,0.7777777777777777,11.11111111111111,305.1529749211792
0.4444444444444444,0.4444444444444444,0.8888888888888888,11.11111111111111,300.27027424609855
0.4444444444444444,0.4444444444444444,1.0,11.11111111111111,300.0053064023789
0.4444444444444444,0.5555555555555556,0.0,11.11111111111111,300.0053064023789
0.4444444444444444,0.5555555555555556,0.1111111111111111,11.11111111111111,300.27027424609855
0.4444444444444444,0.5555555555555556,0.2222222222222222,11.11111111111111,305.1529749211792
0.4444444444444444,0.5555555555555556,0.3333333333333333,11.11111111111111,336.77564272721435
0.4444444444444444,0.5555555555555556,0.4444444444444444,11.11111111111111,398.2452117491714
0.4444444444444444,0.5555555555555556,0.5555555555555556,11.11111111111111,398.2452117491714
0.4444444444444444,0.5555555555555556,0.6666666666666666,11.11111111111111,336.7756427272144
0.4444444444444444,0.5555555555555556,0.7777777777777777,11.11111111111111,305.1529749211792
0.4444444444444444,0.5555555555555556,0.8888888888888888,11.11111111111111,300.27027424609855
0.4444444444444444,0.5555555555555556,1.0,11.11111111111111,300.0053064023789
0.4444444444444444,0.6666666666666666,0.0,11.11111111111111,300.0019863192778
0.4444444444444444,0.6666666666666666,0.1111111111111111,11.11111111111111,300.1011704177326
0.4444444444444444,0.6666666666666666,0.2222222222222222,11.11111111111111,301.9288875387373
0.4444444444444444,0.6666666666666666,0.3333333333333333,11.11111111111111,313.7660439009754
0.4444444444444444,0.6666666666666666,0.4444444444444444,11.11111111111111,336.7756427272144
0.4444444444444444,0.6666666666666666,0.5555555555555556,11.11111111111111,336.7756427272144
0.4444444444444444,0.6666666666666666,0.6666666666666666,11.11111111111111,313.7660439009754
0.4444444444444444,0.6666666666666666,0.7777777777777777,11.11111111111111,301.9288875387373
0.4444444444444444,0.6666666666666666,0.8888888888888888,11.11111111111111,300.1011704177326
0.4444444444444444,0.6666666666666666,1.0,11.11111111111111,300.0019863192778
0.4444444444444444,0.7777777777777777,0.0,11.11111111111111,300.00027832153745
0.4444444444444444,0.7777777777777777,0.1111111111111111,11.11111111111111,300.01417592152524
0.4444444444444444,0.7777777777777777,0.2222222222222222,11.11111111111111,300.27027424609855
0.4444444444444444,0.7777777777777777,0.3333333333333333,11.11111111111111,301.9288875387373
0.4444444444444444,0.7777777777777777,0.4444444444444444,11.11111111111111,305.1529749211792
0.4444444444444444,0.7777777777777777,0.5555555555555556,11.11111111111111,305.1529749211792
0.4444444444444444,0.7777777777777777,0.6666666666666666,11.11111111111111,301.9288875387373
0.4444444444444444,0.7777777777777777,0.7777777777777777,11.11111111111111,300.27027424609855
0.4444444444444444,0.7777777777777777,0.8888888888888888,11.11111111111111,300.01417592152524
0.4444444444444444,0.7777777777777777,1.0,11.11111111111111,300.00027832153745
0.4444444444444444,0.8888888888888888,0.0,11.11111111111111,300.0000145980031
0.4444444444444444,0.8888888888888888,0.1111111111111111,11.11111111111111,300.0007435290413
0.4444444444444444,0.8888888888888888,0.2222222222222222,11.11111111111111,300.01417592152524
0.4444444444444444,0.8888888888888888,0.3333333333333333,11.11111111111111,300.1011704177326
0.4444444444444444,0.8888888888888888,0.4444444444444444,11.11111111111111,300.27027424609855
0.4444444444444444,0.8888888888888888,0.5555555555555556,11.11111111111111,300.27027424609855
0.4444444444444444,0.8888888888888888,0.6666666666666666,11.11111111111111,300.1011704177326
0.4444444444444444,0.8888888888888888,0.7777777777777777,11.11111111111111,300.01417592152524
0.4444444444444444,0.8888888888888888,0.8888888888888888,11.11111111111111,300.0007435290413
0.4444444444444444,0.8888888888888888,1.0,11.11111111111111,300.0000145980031
0.4444444444444444,1.0,0.0,11.11111111111111,300.00000028660844
0.4444444444444444,1.0,0.1111111111111111,11.11111111111111,300.0000145980031
0.4444444444444444,1.0,0.2222222222222222,11.11111111111111,300.00027832153745
0.4444444444444444,1.0,0.3333333333333333,11.11111111111111,300.0019863192778
0.4444444444444444,1.0,0.4444444444444444,11.11111111111111,300.0053064023789
0.4444444444444444,1.0,0.5555555555555556,11.11111111111111,300.0053064023789
0.4444444444444444,1.0,0.6666666666666666,11.11111111111111,300.0019863192778
0.4444444444444444,1.0,0.7777777777777777,11.11111111111111,300.00027832153745
0.4444444444444444,1.0,0.8888888888888888,11.11111111111111,300.0000145980031
0.4444444444444444,1.0,1.0,11.11111111111111,300.00000028660844
0.5555555555555556,0.0,0.0,11.11111111111111,300.00000028660844
0.5555555555555556,0.0,0.1111111111111111,11.11111111111111,300.0000145980031
0.5555555555555556,0.0,0.2222222222222222,11.11111111111111,300.00027832153745
0.5555555555555556,0.0,0.3333333333333333,11.11111111111111,300.0019863192778
0.5555555555555556,0.0,0.4444444444444444,11.11111111111111,300.0053064023789
0.5555555555555556,0.0,0.5555555555555556,11.11111111111111,300.0053064023789
0.5555555555555556,0.0,0.6666666666666666,11.11111111111111,300.0019863192778
0.5555555555555556,0.0,0.7777777777777777,11.11111111111111,300.00027832153745
0.5555555555555556,0.0,0.8888888888888888,11.11111111111111,300.0000145980031
0.5555555555555556,0.0,1.0,11.11111111111111,300.00000028660844
0.5555555555555556,0.1111111111111111,0.0,11.11111111111111,300.0000145980031
0.5555555555555556,0.1111111111111111,0.1111111111111111,11.11111111111111,300.0007435290413
0.5555555555555556,0.1111111111111111,0.2222222222222222,11.11111111111111,300.01417592152524
0.5555555555555556,0.1111111111111111,0.3333333333333333,11.11111111111111,300.1011704177326
0.5555555555555556,0.1111111111111111,0.4444444444444444,11.11111111111111,300.27027424609855
0.5555555555555556,0.1111111111111111,0.5555555555555556,11.11111111111111,300.27027424609855
0.5555555555555556,0.1111111111111111,0.6666666666666666,11.11111111111111,300.1011704177326
0.5555555555555556,0.1111111111111111,0.7777777777777777,11.11111111111111,300.01417592152524
0.5555555555555556,0.1111111111111111,0.8888888888888888,11.11111111111111,300.0007435290413
0.5555555555555556,0.1111111111111111,1.0,11.11111111111111,300.0000145980031
0.5555555555555556,0.2222222222222222,0.0,11.11111111111111,300.00027832153745
0.5555555555555556,0.2222222222222222,0.1111111111111111,11.11111111111111,300.01417592152524
0.5555555555555556,0.2222222222222222,0.2222222222222222,11.11111111111111,300.27027424609855
0.5555555555555556,0.2222222222222222,0.3333333333333333,11.11111111111111,301.9288875387373
0.5555555555555556,0.2222222222222222,0.4444444444444444,11.11111111111111,305.1529749211792
0.5555555555555556,0.2222222222222222,0.5555555555555556,11.11111111111111,305.1529749211792
0.5555555555555556,0.2222222222222222,0.6666666666666666,11.11111111111111,301.9288875387373
0.5555555555555556,0.2222222222222222,0.7777777777777777,11.11111111111111,300.27027424609855
0.5555555555555556,0.2222222222222222,0.8888888888888888,11.11111111111111,300.01417592152524
0.5555555555555556,0.2222222222222222,1.0,11.11111111111111,300.00027832153745
0.5555555555555556,0.3333333333333333,0.0,11.11111111111111,300.0019863192778
0.5555555555555556,0.3333333333333333,0.1111111111111111,11.11111111111111,300.1011704177326
0.5555555555555556,0.3333333333333333,0.2222222222222222,11.11111111111111,301.9288875387373
0.5555555555555556,0.3333333333333333,0.3333333333333333,11.11111111111111,313.7660439009754
0.5555555555555556,0.3333333333333333,0.4444444444444444,11.11111111111111,336.77564272721435
0.5555555555555556,0.3333333333333333,0.5555555555555556,11.11111111111111,336.77564272721435
0.5555555555555556,0.3333333333333333,0.6666666666666666,11.11111111111111,313.7660439009754
0.5555555555555556,0.3333333333333333,0.7777777777777777,11.11111111111111,301.9288875387373
0.5555555555555556,0.3333333333333333,0.8888888888888888,11.11111111111111,300.1011704177326
0.5555555555555556,0.3333333333333333,1.0,11.11111111111111,300.0019863192778
0.5555555555555556,0.4444444444444444,0.0,11.11111111111111,300.0053064023789
0.5555555555555556,0.4444444444444444,0.1111111111111111,11.11111111111111,300.27027424609855
0.5555555555555556,0.4444444444444444,0.2222222222222222,11.11111111111111,305.1529749211792
0.5555555555555556,0.4444444444444444,0.3333333333333333,11.11111111111111,336.77564272721435
0.5555555555555556,0.4444444444444444,0.4444444444444444,11.11111111111111,398.2452117491714
0.5555555555555556,0.4444444444444444,0.5555555555555556,11.11111111111111,398.2452117491714
0.5555555555555556,0.4444444444444444,0.6666666666666666,11.11111111111111,336.7756427272144
0.5555555555555556,0.4444444444444444,0.7777777777777777,11.11111111111111,305.1529749211792
0.5555555555555556,0.4444444444444444,0.8888888888888888,11.11111111111111,300.27027424609855
0.5555555555555556,0.4444444444444444,1.0,11.11111111111111,300.0053064023789
0.5555555555555556,0.5555555555555556,0.0,11.11111111111111,300.0053064023789
0.5555555555555556,0.5555555555555556,0.1111111111111111,11.11111111111111,300.27027424609855
0.5555555555555556,0.5555555555555556,0.2222222222222222,11.11111111111111,305.1529749211792
0.5555555555555556,0.5555555555555556,0.3333333333333333,11.11111111111111,336.77564272721435
0.5555555555555556,0.5555555555555556,0.4444444444444444,11.11111111111111,398.2452117491714
0.5555555555555556,0.5555555555555556,0.5555555555555556,11.11111111111111,398.2452117491714
0.5555555555555556,0.5555555555555556,0.6666666666666666,11.11111111111111,336.7756427272144
0.5555555555555556,0.5555555555555556,0.7777777777777777,11.11111111111111,305.1529749211792
0.5555555555555556,0.5555555555555556,0.8888888888888888,11.11111111111111,300.27027424609855
0.5555555555555556,0.5555555555555556,1.0,11.11111111111111,300.0053064023789
0.5555555555555556,0.6666666666666666,0.0,11.11111111111111,300.0019863192778
0.5555555555555556,0.6666666666666666,0.1111111111111111,11.11111111111111,300.1011704177326
0.5555555555555556,0.6666666666666666,0.2222222222222222,11.11111111111111,301.9288875387373
0.5555555555555556,0.6666666666666666,0.3333333333333333,11.11111111111111,313.7660439009754
0.5555555555555556,0.6666666666666666,0.4444444444444444,11.11111111111111,336.7756427272144
0.5555555555555556,0.6666666666666666,0.5555555555555556,11.11111111111111,336.7756427272144
0.5555555555555556,0.6666666666666666,0.6666666666666666,11.11111111111111,313.7660439009754
0.5555555555555556,0.6666666666666666,0.7777777777777777,11.11111111111111,301.9288875387373
0.5555555555555556,0.6666666666666666,0.8888888888888888,11.11111111111111,300.1011704177326
0.5555555555555556,0.6666666666666666,1.0,11.11111111111111,300.0019863192778
0.5555555555555556,0.7777777777777777,0.0,11.11111111111111,300.00027832153745
0.5555555555555556,0.7777777777777777,0.1111111111111111,11.11111111111111,300.01417592152524
0.5555555555555556,0.7777777777777777,0.2222222222222222,11.11111111111111,300.27027424609855
0.5555555555555556,0.7777777777777777,0.3333333333333333,11.11111111111111,301.9288875387373
0.5555555555555556,0.7777777777777777,0.4444444444444444,11.11111111111111,305.1529749211792
0.5555555555555556,0.7777777777777777,0.5555555555555556,11.11111111111111,305.1529749211792
0.5555555555555556,0.7777777777777777,0.6666666666666666,11.11111111111111,301.9288875387373
0.5555555555555556,0.7777777777777777,0.7777777777777777,11.11111111111111,300.27027424609855
0.5555555555555556,0.7777777777777777,0.8888888888888888,11.11111111111111,300.01417592152524
0.5555555555555556,0.7777777777777777,1.0,11.11111111111111,300.00027832153745
0.5555555555555556,0.8888888888888888,0.0,11.11111111111111,300.0000145980031
0.5555555555555556,0.8888888888888888,0.1111111111111111,11.11111111111111,300.0007435290413
0.5555555555555556,0.8888888888888888,0.2222222222222222,11.11111111111111,300.01417592152524
0.5555555555555556,0.8888888888888888,0.3333333333333333,11.11111111111111,300.1011704177326
0.5555555555555556,0.8888888888888888,0.4444444444444444,11.11111111111111,300.27027424609855
0.5555555555555556,0.8888888888888888,0.5555555555555556,11.11111111111111,300.27027424609855
0.5555555555555556,0.8888888888888888,0.6666666666666666,11.11111111111111,300.1011704177326
0.5555555555555556,0.8888888888888888,0.7777777777777777,11.11111111111111,300.01417592152524
0.5555555555555556,0.8888888888888888,0.8888888888888888,11.11111111111111,300.0007435290413
0.5555555555555556,0.8888888888888888,1.0,11.11111111111111,300.0000145980031
0.5555555555555556,1.0,0.0,11.11111111111111,300.00000028660844
0.5555555555555556,1.0,0.1111111111111111,11.11111111111111,300.0000145980031
0.5555555555555556,1.0,0.2222222222222222,11.11111111111111,300.00027832153745
0.5555555555555556,1.0,0.3333333333333333,11.11111111111111,300.0019863192778
0.5555555555555556,1.0,0.4444444444444444,11.11111111111111,300.0053064023789
0.5555555555555556,1.0,0.5555555555555556,11.11111111111111,300.0053064023789
0.5555555555555556,1.0,0.6666666666666666,11.11111111111111,300.0019863192778
0.5555555555555556,1.0,0.7777777777777777,11.11111111111111,300.00027832153745
0.5555555555555556,1.0,0.8888888888888888,11.11111111111111,300.0000145980031
0.5555555555555556,1.0,1.0,11.11111111111111,300.00000028660844
0.6666666666666666,0.0,0.0,11.11111111111111,300.00000010728473
0.6666666666666666,0.0,0.1111111111111111,11.11111111111111,300.00000546439804
0.6666666666666666,0.0,0.2222222222222222,11.11111111111111,300.0001041827204
0.6666666666666666,0.0,0.3333333333333333,11.11111111111111,300.0007435290413
0.6666666666666666,0.0,0.4444444444444444,11.11111111111111,300.0019863192778
0.6666666666666666,0.0,0.5555555555555556,11.11111111111111,300.0019863192778
0.6666666666666666,0.0,0.6666666666666666,11.11111111111111,300.0007435290413
0.6666666666666666,0.0,0.7777777777777777,11.11111111111111,300.0001041827204
0.6666666666666666,0.0,0.8888888888888888,11.11111111111111,300.00000546439804
0.6666666666666666,0.0,1.0,11.11111111111111,300.00000010728473
0.6666666666666666,0.1111111111111111,0.0,11.11111111111111,300.00000546439804
0.6666666666666666,0.1111111111111111,0.1111111111111111,11.11111111111111,300.00027832153745
0.6666666666666666,0.1111111111111111,0.2222222222222222,11.11111111111111,300.0053064023789
0.6666666666666666,0.1111111111111111,0.3333333333333333,11.11111111111111,300.03787062057125
0.6666666666666666,0.1111111111111111,0.4444444444444444,11.11111111111111,300.1011704177326
0.6666666666666666,0.1111111111111111,0.5555555555555556,11.11111111111111,300.1011704177326
0.6666666666666666,0.1111111111111111,0.6666666666666666,11.11111111111111,300.03787062057125
0.6666666666666666,0.1111111111111111,0.7777777777777777,11.11111111111111,300.0053064023789
0.6666666666666666,0.1111111111111111,0.8888888888888888,11.11111111111111,300.00027832153745
0.6666666666666666,0.1111111111111111,1.0,11.11111111111111,300.00000546439804
0.6666666666666666,0.2222222222222222,0.0,11.11111111111111,300.0001041827204
0.6666666666666666,0.2222222222222222,0.1111111111111111,11.11111111111111,300.0053064023789
0.6666666666666666,0.2222222222222222,0.2222222222222222,11.11111111111111,300.1011704177326
0.6666666666666666,0.2222222222222222,0.3333333333333333,11.11111111111111,300.7220309033145
0.6666666666666666,0.2222222222222222,0.4444444444444444,11.11111111111111,301.9288875387373
0.6666666666666666,0.2222222222222222,0.5555555555555556,11.11111111111111,301.9288875387373
0.6666666666666666,0.2222222222222222,0.6666666666666666,11.11111111111111,300.7220309033145
0.6666666666666666,0.2222222222222222,0.7777777777777777,11.11111111111111,300.1011704177326
0.6666666666666666,0.2222222222222222,0.8888888888888888,11.11111111111111,300.0053064023789
0.6666666666666666,0.2222222222222222,1.0,11.11111111111111,300.0001041827204
0.6666666666666666,0.3333333333333333,0.0,11.11111111111111,300.0007435290413
0.6666666666666666,0.3333333333333333,0.1111111111111111,11.11111111111111,300.03787062057125
0.6666666666666666,0.3333333333333333,0.2222222222222222,11.11111111111111,300.7220309033145
0.6666666666666666,0.3333333333333333,0.3333333333333333,11.11111111111111,305.1529749211792
0.6666666666666666,0.3333333333333333,0.4444444444444444,11.11111111111111,313.7660439009754
0.6666666666666666,0.3333333333333333,0.5555555555555556,11.11111111111111,313.7660439009754
0.6666666666666666,0.3333333333333333,0.6666666666666666,11.11111111111111,305.1529749211792
0.6666666666666666,0.3333333333333333,0.7777777777777777,11.11111111111111,300.7220309033145
0.6666666666666666,0.3333333333333333,0.8888888888888888,11.11111111111111,300.03787062057125
0.6666666666666666,0.3333333333333333,1.0,11.11111111111111,300.0007435290413
0.6666666666666666,0.4444444444444444,0.0,11.11111111111111,300.0019863192778
0.6666666666666666,0.4444444444444444,0.1111111111111111,11.11111111111111,300.1011704177326
0.6666666666666666,0.4444444444444444,0.2222222222222222,11.11111111111111,301.9288875387373
0.6666666666666666,0.4444444444444444,0.3333333333333333,11.11111111111111,313.7660439009754
0.6666666666666666,0.4444444444444444,0.4444444444444444,11.11111111111111,336.7756427272144
0.6666666666666666,0.4444444444444444,0.5555555555555556,11.11111111111111,336.7756427272144
0.6666666666666666,0.4444444444444444,0.6666666666666666,11.11111111111111,313.7660439009754
0.6666666666666666,0.4444444444444444,0.7777777777777777,11.11111111111111,301.9288875387373
0.6666666666666666,0.4444444444444444,0.8888888888888888,11.11111111111111,300.1011704177326
0.6666666666666666,0.4444444444444444,1.0,11.11111111111111,300.0019863192778
0.6666666666666666,0.5555555555555556,0.0,11.11111111111111,300.0019863192778
0.6666666666666666,0.5555555555555556,0.1111111111111111,11.11111111111111,300.1011704177326
0.6666666666666666,0.5555555555555556,0.2222222222222222,11.11111111111111,301.9288875387373
0.6666666666666666,0.5555555555555556,0.3333333333333333,11.11111111111111,313.7660439009754
0.6666666666666666,0.5555555555555556,0.4444444444444444,11.11111111111111,336.7756427272144
0.6666666666666666,0.5555555555555556,0.5555555555555556,11.11111111111111,336.7756427272144
0.6666666666666666,0.5555555555555556,0.6666666666666666,11.11111111111111,313.7660439009754
0.6666666666666666,0.5555555555555556,0.7777777777777777,11.11111111111111,301.9288875387373
0.6666666666666666,0.5555555555555556,0.8888888888888888,11.11111111111111,300.1011704177326
0.6666666666666666,0.5555555555555556,1.0,11.11111111111111,300.0019863192778
0.6666666666666666,0.6666666666666666,0.0,11.11111111111111,300.0007435290413
0.6666666666666666,0.6666666666666666,0.1111111111111111,11.11111111111111,300.03787062057125
0.6666666666666666,0.6666666666666666,0.2222222222222222,11.11111111111111,300.7220309033145
0.6666666666666666,0.6666666666666666,0.3333333333333333,11.11111111111111,305.1529749211792
0.6666666666666666,0.6666666666666666,0.4444444444444444,11.11111111111111,313.7660439009754
0.6666666666666666,0.6666666666666666,0.5555555555555556,11.11111111111111,313.7660439009754
0.6666666666666666,0.6666666666666666,0.6666666666666666,11.11111111111111,305.1529749211792
0.6666666666666666,0.6666666666666666,0.7777777777777777,11.11111111111111,300.7220309033145
0.6666666666666666,0.6666666666666666,0.8888888888888888,11.11111111111111,300.03787062057125
0.6666666666666666,0.6666666666666666,1.0,11.11111111111111,300.0007435290413
0.6666666666666666,0.7777777777777777,0.0,11.11111111111111,300.0001041827204
0.6666666666666666,0.7777777777777777,0.1111111111111111,11.11111111111111,300.0053064023789
0.6666666666666666,0.7777777777777777,0.2222222222222222,11.11111111111111,300.1011704177326
0.6666666666666666,0.7777777777777777,0.3333333333333333,11.11111111111111,300.7220309033145
0.6666666666666666,0.7777777777777777,0.4444444444444444,11.11111111111111,301.9288875387373
0.6666666666666666,0.7777777777777777,0.5555555555555556,11.11111111111111,301.9288875387373
0.6666666666666666,0.7777777777777777,0.6666666666666666,11.11111111111111,300.7220309033145
0.6666666666666666,0.7777777777777777,0.7777777777777777,11.11111111111111,300.1011704177326
0.6666666666666666,0.7777777777777777,0.8888888888888888,11.11111111111111,300.0053064023789
0.6666666666666666,0.7777777777777777,1.0,11.11111111111111,300.0001041827204
0.6666666666666666,0.8888888888888888,0.0,11.11111111111111,300.00000546439804
0.6666666666666666,0.8888888888888888,0.1111111111111111,11.11111111111111,300.00027832153745
0.6666666666666666,0.8888888888888888,0.2222222222222222,11.11111111111111,300.0053064023789
0.6666666666666666,0.8888888888888888,0.3333333333333333,11.11111111111111,300.03787062057125
0.6666666666666666,0.8888888888888888,0.4444444444444444,11.11111111111111,300.1011704177326
0.6666666666666666,0.8888888888888888,0.5555555555555556,11.11111111111111,300.1011704177326
0.6666666666666666,0.8888888888888888,0.6666666666666666,11.11111111111111,300.03787062057125
0.6666666666666666,0.8888888888888888,0.7777777777777777,11.11111111111111,300.0053064023789
0.6666666666666666,0.8888888888888888,0.8888888888888888,11.11111111111111,300.00027832153745
0.6666666666666666,0.8888888888888888,1.0,11.11111111111111,300.00000546439804
0.6666666666666666,1.0,0.0,11.11111111111111,300.00000010728473
0.6666666666666666,1.0,0.1111111111111111,11.11111111111111,300.00000546439804
0.6666666666666666,1.0,0.2222222222222222,11.11111111111111,300.0001041827204
0.6666666666666666,1.0,0.3333333333333333,11.11111111111111,300.0007435290413
0.6666666666666666,1.0,0.4444444444444444,11.11111111111111,300.0019863192778
0.6666666666666666,1.0,0.5555555555555556,11.11111111111111,300.0019863192778
0.6666666666666666,1.0,0.6666666666666666,11.11111111111111,300.0007435290413
0.6666666666666666,1.0,0.7777777777777777,11.11111111111111,300.0001041827204
0.6666666666666666,1.0,0.8888888888888888,11.11111111111111,300.00000546439804
0.6666666666666666,1.0,1.0,11.11111111111111,300.00000010728473
0.7777777777777777,0.0,0.0,11.11111111111111,300.00000001503264
0.7777777777777777,0.0,0.1111111111111111,11.11111111111111,300.00000076566727
0.7777777777777777,0.0,0.2222222222222222,11.11111111111111,300.0000145980031
0.7777777777777777,0.0,0.3333333333333333,11.11111111111111,300.0001041827204
0.7777777777777777,0.0,0.4444444444444444,11.11111111111111,300.00027832153745
0.7777777777777777,0.0,0.5555555555555556,11.11111111111111,300.00027832153745
0.7777777777777777,0.0,0.6666666666666666,11.11111111111111,300.0001041827204
0.7777777777777777,0.0,0.7777777777777777,11.11111111111111,300.0000145980031
0.7777777777777777,0.0,0.8888888888888888,11.11111111111111,300.00000076566727
0.7777777777777777,0.0,1.0,11.11111111111111,300.00000001503264
0.7777777777777777,0.1111111111111111,0.0,11.11111111111111,300.00000076566727
0.7777777777777777,0.1111111111111111,0.1111111111111111,11.11111111111111,300.00003899820086
0.7777777777777777,0.1111111111111111,0.2222222222222222,11.11111111111111,300.0007435290413
0.7777777777777777,0.1111111111111111,0.3333333333333333,11.11111111111111,300.0053064023789
0.7777777777777777,0.1111111111111111,0.4444444444444444,11.11111111111111,300.01417592152524
0.7777777777777777,0.1111111111111111,0.5555555555555556,11.11111111111111,300.01417592152524
0.7777777777777777,0.1111111111111111,0.6666666666666666,11.11111111111111,300.0053064023789
0.7777777777777777,0.1111111111111111,0.7777777777777777,11.11111111111111,300.0007435290413
0.7777777777777777,0.1111111111111111,0.8888888888888888,11.11111111111111,300.00003899820086
0.7777777777777777,0.1111111111111111,1.0,11.11111111111111,300.00000076566727
0.7777777777777777,0.2222222222222222,0.0,11.11111111111111,300.0000145980031
0.7777777777777777,0.2222222222222222,0.1111111111111111,11.11111111111111,300.0007435290413
0.7777777777777777,0.2222222222222222,0.2222222222222222,11.11111111111111,300.01417592152524
0.7777777777777777,0.2222222222222222,0.3333333333333333,11.11111111111111,300.1011704177326
0.7777777777777777,0.2222222222222222,0.4444444444444444,11.11111111111111,300.27027424609855
0.7777777777777777,0.2222222222222222,0.5555555555555556,11.11111111111111,300.27027424609855
0.7777777777777777,0.2222222222222222,0.6666666666666666,11.11111111111111,300.1011704177326
0.7777777777777777,0.2222222222222222,0.7777777777777777,11.11111111111111,300.01417592152524
0.7777777777777777,0.2222222222222222,0.8888888888888888,11.11111111111111,300.0007435290413
0.7777777777777777,0.2222222222222222,1.0,11.11111111111111,300.0000145980031
0.7777777777777777,0.3333333333333333,0.0,11.11111111111111,300.0001041827204
0.7777777777777777,0.3333333333333333,0.1111111111111111,11.11111111111111,300.0053064023789
0.7777777777777777,0.3333333333333333,0.2222222222222222,11.11111111111111,300.1011704177326
0.7777777777777777,0.3333333333333333,0.3333333333333333,11.11111111111111,300.7220309033145
0.7777777777777777,0.3333333333333333,0.4444444444444444,11.11111111111111,301.9288875387373
0.7777777777777777,0.3333333333333333,0.5555555555555556,11.11111111111111,301.9288875387373
0.7777777777777777,0.3333333333333333,0.6666666666666666,11.11111111111111,300.7220309033145
0.7777777777777777,0.3333333333333333,0.7777777777777777,11.11111111111111,300.1011704177326
0.7777777777777777,0.3333333333333333,0.8888888888888888,11.11111111111111,300.0053064023789
0.7777777777777777,0.3333333333333333,1.0,11.11111111111111,300.0001041827204
0.7777777777777777,0.4444444444444444,0.0,11.11111111111111,300.00027832153745
0.7777777777777777,0.4444444444444444,0.1111111111111111,11.11111111111111,300.01417592152524
0.7777777777777777,0.4444444444444444,0.2222222222222222,11.11111111111111,300.27027424609855
0.7777777777777777,0.4444444444444444,0.3333333333333333,11.11111111111111,301.9288875387373
0.7777777777777777,0.4444444444444444,0.4444444444444444,11.11111111111111,305.1529749211792
0.7777777777777777,0.4444444444444444,0.5555555555555556,11.11111111111111,305.1529749211792
0.7777777777777777,0.4444444444444444,0.6666666666666666,11.11111111111111,301.9288875387373
0.7777777777777777,0.4444444444444444,0.7777777777777777,11.11111111111111,300.27027424609855
0.7777777777777777,0.4444444444444444,0.8888888888888888,11.11111111111111,300.01417592152524
0.7777777777777777,0.4444444444444444,1.0,11.11111111111111,300.00027832153745
0.7777777777777777,0.5555555555555556,0.0,11.11111111111111,300.00027832153745
0.7777777777777777,0.5555555555555556,0.1111111111111111,11.11111111111111,300.01417592152524
0.7777777777777777,0.5555555555555556,0.2222222222222222,11.11111111111111,300.27027424609855
0.7777777777777777,0.5555555555555556,0.3333333333333333,11.11111111111111,301.9288875387373
0.7777777777777777,0.5555555555555556,0.4444444444444444,11.11111111111111,305.1529749211792
0.7777777777777777,0.5555555555555556,0.5555555555555556,11.11111111111111,305.1529749211792
0.7777777777777777,0.5555555555555556,0.6666666666666666,11.11111111111111,301.9288875387373
0.7777777777777777,0.5555555555555556,0.7777777777777777,11.11111111111111,300.27027424609855
0.7777777777777777,0.5555555555555556,0.8888888888888888,11.11111111111111,300.01417592152524
0.7777777777777777,0.5555555555555556,1.0,11.11111111111111,300.00027832153745
0.7777777777777777,0.6666666666666666,0.0,11.11111111111111,300.0001041827204
0.7777777777777777,0.6666666666666666,0.1111111111111111,11.11111111111111,300.0053064023789
0.7777777777777777,0.6666666666666666,0.2222222222222222,11.11111111111111,300.1011704177326
0.7777777777777777,0.6666666666666666,0.3333333333333333,11.11111111111111,300.7220309033145
0.7777777777777777,0.6666666666666666,0.4444444444444444,11.11111111111111,301.9288875387373
0.7777777777777777,0.6666666666666666,0.5555555555555556,11.11111111111111,301.9288875387373
0.7777777777777777,0.6666666666666666,0.6666666666666666,11.11111111111111,300.7220309033145
0.7777777777777777,0.6666666666666666,0.7777777777777777,11.11111111111111,300.1011704177326
0.7777777777777777,0.6666666666666666,0.8888888888888888,11.11111111111111,300.0053064023789
0.7777777777777777,0.6666666666666666,1.0,11.11111111111111,300.0001041827204
0.7777777777777777,0.7777777777777777,0.0,11.11111111111111,300.0000145980031
0.7777777777777777,0.7777777777777777,0.1111111111111111,11.11111111111111,300.0007435290413
0.7777777777777777,0.7777777777777777,0.2222222222222222,11.11111111111111,300.01417592152524
0.7777777777777777,0.7777777777777777,0.3333333333333333,11.11111111111111,300.1011704177326
0.7777777777777777,0.7777777777777777,0.4444444444444444,11.11111111111111,300.27027424609855
0.7777777777777777,0.7777777777777777,0.5555555555555556,11.11111111111111,300.27027424609855
0.7777777777777777,0.7777777777777777,0.6666666666666666,11.11111111111111,300.1011704177326
0.7777777777777777,0.7777777777777777,0.7777777777777777,11.11111111111111,300.01417592152524
0.7777777777777777,0.7777777777777777,0.8888888888888888,11.11111111111111,300.0007435290413
0.7777777777777777,0.7777777777777777,1.0,11.11111111111111,300.0000145980031
0.7777777777777777,0.8888888888888888,0.0,11.11111111111111,300.00000076566727
0.7777777777777777,0.8888888888888888,0.1111111111111111,11.11111111111111,300.00003899820086
0.7777777777777777,0.8888888888888888,0.2222222222222222,11.11111111111111,300.0007435290413
0.7777777777777777,0.8888888888888888,0.3333333333333333,11.11111111111111,300.0053064023789
0.7777777777777777,0.8888888888888888,0.4444444444444444,11.11111111111111,300.01417592152524
0.7777777777777777,0.8888888888888888,0.5555555555555556,11.11111111111111,300.01417592152524
0.7777777777777777,0.8888888888888888,0.6666666666666666,11.11111111111111,300.0053064023789
0.7777777777777777,0.8888888888888888,0.7777777777777777,11.11111111111111,300.0007435290413
0.7777777777777777,0.8888888888888888,0.8888888888888888,11.11111111111111,300.00003899820086
0.7777777777777777,0.8888888888888888,1.0,11.11111111111111,300.00000076566727
0.7777777777777777,1.0,0.0,11.11111111111111,300.00000001503264
0.7777777777777777,1.0,0.1111111111111111,11.11111111111111,300.00000076566727
0.7777777777777777,1.0,0.2222222222222222,11.11111111111111,300.0000145980031
0.7777777777777777,1.0,0.3333333333333333,11.11111111111111,300.0001041827204
0.7777777777777777,1.0,0.4444444444444444,11.11111111111111,300.00027832153745
0.7777777777777777,1.0,0.5555555555555556,11.11111111111111,300.00027832153745
0.7777777777777777,1.0,0.6666666666666666,11.11111111111111,300.0001041827204
0.7777777777777777,1.0,0.7777777777777777,11.11111111111111,300.0000145980031
0.7777777777777777,1.0,0.8888888888888888,11.11111111111111,300.00000076566727
0.7777777777777777,1.0,1.0,11.11111111111111,300.00000001503264
0.8888888888888888,0.0,0.0,11.11111111111111,300.0000000007885
0.8888888888888888,0.0,0.1111111111111111,11.11111111111111,300.00000004015936
0.8888888888888888,0.0,0.2222222222222222,11.11111111111111,300.00000076566727
0.8888888888888888,0.0,0.3333333333333333,11.11111111111111,300.00000546439804
0.8888888888888888,0.0,0.4444444444444444,11.11111111111111,300.0000145980031
0.8888888888888888,0.0,0.5555555555555556,11.11111111111111,300.0000145980031
0.8888888888888888,0.0,0.6666666666666666,11.11111111111111,300.00000546439804
0.8888888888888888,0.0,0.7777777777777777,11.11111111111111,300.00000076566727
0.8888888888888888,0.0,0.8888888888888888,11.11111111111111,300.00000004015936
0.8888888888888888,0.0,1.0,11.11111111111111,300.0000000007885
0.8888888888888888,0.1111111111111111,0.0,11.11111111111111,300.00000004015936
0.8888888888888888,0.1111111111111111,0.1111111111111111,11.11111111111111,300.00000204546103
0.8888888888888888,0.1111111111111111,0.2222222222222222,11.11111111111111,300.00003899820086
0.8888888888888888,0.1111111111111111,0.3333333333333333,11.11111111111111,300.00027832153745
0.8888888888888888,0.1111111111111111,0.4444444444444444,11.11111111111111,300.0007435290413
0.8888888888888888,0.1111111111111111,0.5555555555555556,11.11111111111111,300.0007435290413
0.8888888888888888,0.1111111111111111,0.6666666666666666,11.11111111111111,300.00027832153745
0.8888888888888888,0.1111111111111111,0.7777777777777777,11.11111111111111,300.00003899820086
0.8888888888888888,0.1111111111111111,0.8888888888888888,11.11111111111111,300.00000204546103
0.8888888888888888,0.1111111111111111,1.0,11.11111111111111,300.00000004015936
0.8888888888888888,0.2222222222222222,0.0,11.11111111111111,300.00000076566727
0.8888888888888888,0.2222222222222222,0.1111111111111111,11.11111111111111,300.00003899820086
0.8888888888888888,0.2222222222222222,0.2222222222222222,11.11111111111111,300.0007435290413
0.8888888888888888,0.2222222222222222,0.3333333333333333,11.11111111111111,300.0053064023789
0.8888888888888888,0.2222222222222222,0.4444444444444444,11.11111111111111,300.01417592152524
0.8888888888888888,0.2222222222222222,0.5555555555555556,11.11111111111111,300.01417592152524
0.8888888888888888,0.2222222222222222,0.6666666666666666,11.11111111111111,300.0053064023789
0.8888888888888888,0.2222222222222222,0.7777777777777777,11.11111111111111,300.0007435290413
0.8888888888888888,0.2222222222222222,0.8888888888888888,11.11111111111111,300.00003899820086
0.8888888888888888,0.2222222222222222,1.0,11.11111111111111,300.00000076566727
0.8888888888888888,0.3333333333333333,0.0,11.11111111111111,300.00000546439804
0.8888888888888888,0.3333333333333333,0.1111111111111111,11.11111111111111,300.00027832153745
0.8888888888888888,0.3333333333333333,0.2222222222222222,11.11111111111111,300.0053064023789
0.8888888888888888,0.3333333333333333,0.3333333333333333,11.11111111111111,300.03787062057125
0.8888888888888888,0.3333333333333333,0.4444444444444444,11.11111111111111,300.1011704177326
0.8888888888888888,0.3333333333333333,0.5555555555555556,11.11111111111111,300.1011704177326
0.8888888888888888,0.3333333333333333,0.6666666666666666,11.11111111111111,300.03787062057125
0.8888888888888888,0.3333333333333333,0.7777777777777777,11.11111111111111,300.0053064023789
0.8888888888888888,0.3333333333333333,0.8888888888888888,11.11111111111111,300.00027832153745
0.8888888888888888,0.3333333333333333,1.0,11.11111111111111,300.00000546439804
0.8888888888888888,0.4444444444444444,0.0,11.11111111111111,300.0000145980031
0.8888888888888888,0.4444444444444444,0.1111111111111111,11.11111111111111,300.0007435290413
0.8888888888888888,0.4444444444444444,0.2222222222222222,11.11111111111111,300.01417592152524
0.8888888888888888,0.4444444444444444,0.3333333333333333,11.11111111111111,300.1011704177326
0.8888888888888888,0.4444444444444444,0.4444444444444444,11.11111111111111,300.27027424609855
0.8888888888888888,0.4444444444444444,0.5555555555555556,11.11111111111111,300.27027424609855
0.8888888888888888,0.4444444444444444,0.6666666666666666,11.11111111111111,300.1011704177326
0.8888888888888888,0.4444444444444444,0.7777777777777777,11.11111111111111,300.01417592152524
0.8888888888888888,0.4444444444444444,0.8888888888888888,11.11111111111111,300.0007435290413
0.8888888888888888,0.4444444444444444,1.0,11.11111111111111,300.0000145980031
0.8888888888888888,0.5555555555555556,0.0,11.11111111111111,300.0000145980031
0.8888888888888888,0.5555555555555556,0.1111111111111111,11.11111111111111,300.0007435290413
0.8888888888888888,0.5555555555555556,0.2222222222222222,11.11111111111111,300.01417592152524
0.8888888888888888,0.5555555555555556,0.3333333333333333,11.11111111111111,300.1011704177326
0.8888888888888888,0.5555555555555556,0.4444444444444444,11.11111111111111,300.27027424609855
0.8888888888888888,0.5555555555555556,0.5555555555555556,11.11111111111111,300.27027424609855
0.8888888888888888,0.5555555555555556,0.6666666666666666,11.11111111111111,300.1011704177326
0.8888888888888888,0.5555555555555556,0.7777777777777777,11.11111111111111,300.01417592152524
0.8888888888888888,0.5555555555555556,0.8888888888888888,11.11111111111111,300.0007435290413
0.8888888888888888,0.5555555555555556,1.0,11.11111111111111,300.0000145980031
0.8888888888888888,0.6666666666666666,0.0,11.11111111111111,300.00000546439804
0.8888888888888888,0.6666666666666666,0.1111111111111111,11.11111111111111,300.00027832153745
0.8888888888888888,0.6666666666666666,0.2222222222222222,11.11111111111111,300.0053064023789
0.8888888888888888,0.6666666666666666,0.3333333333333333,11.11111111111111,300.03787062057125
0.8888888888888888,0.6666666666666666,0.4444444444444444,11.11111111111111,300.1011704177326
0.8888888888888888,0.6666666666666666,0.5555555555555556,11.11111111111111,300.1011704177326
0.8888888888888888,0.6666666666666666,0.6666666666666666,11.11111111111111,300.03787062057125
0.8888888888888888,0.6666666666666666,0.7777777777777777,11.11111111111111,300.0053064023789
0.8888888888888888,0.6666666666666666,0.8888888888888888,11.11111111111111,300.00027832153745
0.8888888888888888,0.6666666666666666,1.0,11.11111111111111,300.00000546439804
0.8888888888888888,0.7777777777777777,0.0,11.11111111111111,300.00000076566727
0.8888888888888888,0.7777777777777777,0.1111111111111111,11.11111111111111,300.00003899820086
0.8888888888888888,0.7777777777777777,0.2222222222222222,11.11111111111111,300.0007435290413
0.8888888888888888,0.7777777777777777,0.3333333333333333,11.11111111111111,300.0053064023789
0.8888888888888888,0.7777777777777777,0.4444444444444444,11.11111111111111,300.01417592152524
0.8888888888888888,0.7777777777777777,0.5555555555555556,11.11111111111111,300.01417592152524
0.8888888888888888,0.7777777777777777,0.6666666666666666,11.11111111111111,300.0053064023789
0.8888888888888888,0.7777777777777777,0.7777777777777777,11.11111111111111,300.0007435290413
0.8888888888888888,0.7777777777777777,0.8888888888888888,11.11111111111111,300.00003899820086
0.8888888888888888,0.7777777777777777,1.0,11.11111111111111,300.00000076566727
0.8888888888888888,0.8888888888888888,0.0,11.11111111111111,300.00000004015936
0.8888888888888888,0.8888888888888888,0.1111111111111111,11.11111111111111,300.00000204546103
0.8888888888888888,0.8888888888888888,0.2222222222222222,11.11111111111111,300.00003899820086
0.8888888888888888,0.8888888888888888,0.3333333333333333,11.11111111111111,300.00027832153745
0.8888888888888888,0.8888888888888888,0.4444444444444444,11.11111111111111,300.0007435290413
0.8888888888888888,0.8888888888888888,0.5555555555555556,11.11111111111111,300.0007435290413
0.8888888888888888,0.8888888888888888,0.6666666666666666,11.11111111111111,300.00027832153745
0.8888888888888888,0.8888888888888888,0.7777777777777777,11.11111111111111,300.00003899820086
0.8888888888888888,0.8888888888888888,0.8888888888888888,11.11111111111111,300.00000204546103
0.8888888888888888,0.8888888888888888,1.0,11.11111111111111,300.00000004015936
0.8888888888888888,1.0,0.0,11.11111111111111,300.0000000007885
0.8888888888888888,1.0,0.1111111111111111,11.11111111111111,300.00000004015936
0.8888888888888888,1.0,0.2222222222222222,11.11111111111111,300.00000076566727
0.8888888888888888,1.0,0.3333333333333333,11.11111111111111,300.00000546439804
0.8888888888888888,1.0,0.4444444444444444,11.11111111111111,300.0000145980031
0.8888888888888888,1.0,0.5555555555555556,11.11111111111111,300.0000145980031
0.8888888888888888,1.0,0.6666666666666666,11.11111111111111,300.00000546439804
0.8888888888888888,1.0,0.7777777777777777,11.11111111111111,300.00000076566727
0.8888888888888888,1.0,0.8888888888888888,11.11111111111111,300.00000004015936
0.8888888888888888,1.0,1.0,11.11111111111111,300.0000000007885
1.0,0.0,0.0,11.11111111111111,300.00000000001546
1.0,0.0,0.1111111111111111,11.11111111111111,300.0000000007885
1.0,0.0,0.2222222222222222,11.11111111111111,300.00000001503264
1.0,0.0,0.3333333333333333,11.11111111111111,300.00000010728473
1.0,0.0,0.4444444444444444,11.11111111111111,300.00000028660844
1.0,0.0,0.5555555555555556,11.11111111111111,300.00000028660844
1.0,0.0,0.6666666666666666,11.11111111111111,300.00000010728473
1.0,0.0,0.7777777777777777,11.11111111111111,300.00000001503264
1.0,0.0,0.8888888888888888,11.11111111111111,300.0000000007885
1.0,0.0,1.0,11.11111111111111,300.00000000001546
1.0,0.1111111111111111,0.0,11.11111111111111,300.0000000007885
1.0,0.1111111111111111,0.1111111111111111,11.11111111111111,300.00000004015936
1.0,0.1111111111111111,0.2222222222222222,11.11111111111111,300.00000076566727
1.0,0.1111111111111111,0.3333333333333333,11.11111111111111,300.00000546439804
1.0,0.1111111111111111,0.4444444444444444,11.11111111111111,300.0000145980031
1.0,0.1111111111111111,0.5555555555555556,11.11111111111111,300.0000145980031
1.0,0.1111111111111111,0.6666666666666666,11.11111111111111,300.00000546439804
1.0,0.1111111111111111,0.7777777777777777,11.11111111111111,300.00000076566727
1.0,0.1111111111111111,0.8888888888888888,11.11111111111111,300.00000004015936
1.0,0.1111111111111111,1.0,11.11111111111111,300.0000000007885
1.0,0.2222222222222222,0.0,11.11111111111111,300.00000001503264
1.0,0.2222222222222222,0.1111111111111111,11.11111111111111,300.00000076566727
1.0,0.2222222222222222,0.2222222222222222,11.11111111111111,300.0000145980031
1.0,0.2222222222222222,0.3333333333333333,11.11111111111111,300.0001041827204
1.0,0.2222222222222222,0.4444444444444444,11.11111111111111,300.00027832153745
1.0,0.2222222222222222,0.5555555555555556,11.11111111111111,300.00027832153745
1.0,0.2222222222222222,0.6666666666666666,11.11111111111111,300.0001041827204
1.0,0.2222222222222222,0.7777777777777777,11.11111111111111,300.0000145980031
1.0,0.2222222222222222,0.8888888888888888,11.11111111111111,300.00000076566727
1.0,0.2222222222222222,1.0,11.11111111111111,300.00000001503264
1.0,0.3333333333333333,0.0,11.11111111111111,300.00000010728473
1.0,0.3333333333333333,0.1111111111111111,11.11111111111111,300.00000546439804
1.0,0.3333333333333333,0.2222222222222222,11.11111111111111,300.0001041827204
1.0,0.3333333333333333,0.3333333333333333,11.11111111111111,300.0007435290413
1.0,0.3333333333333333,0.4444444444444444,11.11111111111111,300.0019863192778
1.0,0.3333333333333333,0.5555555555555556,11.11111111111111,300.0019863192778
1.0,0.3333333333333333,0.6666666666666666,11.11111111111111,300.0007435290413
1.0,0.3333333333333333,0.7777777777777777,11.11111111111111,300.0001041827204
1.0,0.3333333333333333,0.8888888888888888,11.11111111111111,300.00000546439804
1.0,0.3333333333333333,1.0,11.11111111111111,300.00000010728473
1.0,0.4444444444444444,0.0,11.11111111111111,300.00000028660844
1.0,0.4444444444444444,0.1111111111111111,11.11111111111111,300.0000145980031
1.0,0.4444444444444444,0.2222222222222222,11.11111111111111,300.00027832153745
1.0,0.4444444444444444,0.3333333333333333,11.11111111111111,300.0019863192778
1.0,0.4444444444444444,0.4444444444444444,11.11111111111111,300.0053064023789
1.0,0.4444444444444444,0.5555555555555556,11.11111111111111,300.0053064023789
1.0,0.4444444444444444,0.6666666666666666,11.11111111111111,300.0019863192778
1.0,0.4444444444444444,0.7777777777777777,11.11111111111111,300.00027832153745
1.0,0.4444444444444444,0.8888888888888888,11.11111111111111,300.0000145980031
1.0,0.4444444444444444,1.0,11.11111111111111,300.00000028660844
1.0,0.5555555555555556,0.0,11.11111111111111,300.00000028660844
1.0,0.5555555555555556,0.1111111111111111,11.11111111111111,300.0000145980031
1.0,0.5555555555555556,0.2222222222222222,11.11111111111111,300.00027832153745
1.0,0.5555555555555556,0.3333333333333333,11.11111111111111,300.0019863192778
1.0,0.5555555555555556,0.4444444444444444,11.11111111111111,300.0053064023789
1.0,0.5555555555555556,0.5555555555555556,11.11111111111111,300.0053064023789
1.0,0.5555555555555556,0.6666666666666666,11.11111111111111,300.0019863192778
1.0,0.5555555555555556,0.7777777777777777,11.11111111111111,300.00027832153745
1.0,0.5555555555555556,0.8888888888888888,11.11111111111111,300.0000145980031
1.0,0.5555555555555556,1.0,11.11111111111111,300.00000028660844
1.0,0.6666666666666666,0.0,11.11111111111111,300.00000010728473
1.0,0.6666666666666666,0.1111111111111111,11.11111111111111,300.00000546439804
1.0,0.6666666666666666,0.2222222222222222,11.11111111111111,300.0001041827204
1.0,0.6666666666666666,0.3333333333333333,11.11111111111111,300.0007435290413
1.0,0.6666666666666666,0.4444444444444444,11.11111111111111,300.0019863192778
1.0,0.6666666666666666,0.5555555555555556,11.11111111111111,300.0019863192778
1.0,0.6666666666666666,0.6666666666666666,11.11111111111111,300.0007435290413
1.0,0.6666666666666666,0.7777777777777777,11.11111111111111,300.0001041827204
1.0,0.6666666666666666,0.8888888888888888,11.11111111111111,300.00000546439804
1.0,0.6666666666666666,1.0,11.11111111111111,300.00000010728473
1.0,0.7777777777777777,0.0,11.11111111111111,300.00000001503264
1.0,0.7777777777777777,0.1111111111111111,11.11111111111111,300.00000076566727
1.0,0.7777777777777777,0.2222222222222222,11.11111111111111,300.0000145980031
1.0,0.7777777777777777,0.3333333333333333,11.11111111111111,300.0001041827204
1.0,0.7777777777777777,0.4444444444444444,11.11111111111111,300.00027832153745
1.0,0.7777777777777777,0.5555555555555556,11.11111111111111,300.00027832153745
1.0,0.7777777777777777,0.6666666666666666,11.11111111111111,300.0001041827204
1.0,0.7777777777777777,0.7777777777777777,11.11111111111111,300.0000145980031
1.0,0.7777777777777777,0.8888888888888888,11.11111111111111,300.00000076566727
1.0,0.7777777777777777,1.0,11.11111111111111,300.00000001503264
1.0,0.8888888888888888,0.0,11.11111111111111,300.0000000007885
1.0,0.8888888888888888,0.1111111111111111,11.11111111111111,300.00000004015936
1.0,0.8888888888888888,0.2222222222222222,11.11111111111111,300.00000076566727
1.0,0.8888888888888888,0.3333333333333333,11.11111111111111,300.00000546439804
1.0,0.8888888888888888,0.4444444444444444,11.11111111111111,300.0000145980031
1.0,0.8888888888888888,0.5555555555555556,11.11111111111111,300.0000145980031
1.0,0.8888888888888888,0.6666666666666666,11.11111111111111,300.00000546439804
1.0,0.8888888888888888,0.7777777777777777,11.11111111111111,300.00000076566727
1.0,0.8888888888888888,0.8888888888888888,11.11111111111111,300.00000004015936
1.0,0.8888888888888888,1.0,11.11111111111111,300.0000000007885
1.0,1.0,0.0,11.11111111111111,300.00000000001546
1.0,1.0,0.1111111111111111,11.11111111111111,300.0000000007885
1.0,1.0,0.2222222222222222,11.11111111111111,300.00000001503264
1.0,1.0,0.3333333333333333,11.11111111111111,300.00000010728473
1.0,1.0,0.4444444444444444,11.11111111111111,300.00000028660844
1.0,1.0,0.5555555555555556,11.11111111111111,300.00000028660844
1.0,1.0,0.6666666666666666,11.11111111111111,300.00000010728473
1.0,1.0,0.7777777777777777,11.11111111111111,300.00000001503264
1.0,1.0,0.8888888888888888,11.11111111111111,300.0000000007885
1.0,1.0,1.0,11.11111111111111,300.00000000001546
0.0,0.0,0.0,22.22222222222222,300.0000000018439
0.0,0.0,0.1111111111111111,22.22222222222222,300.0000000482425
0.0,0.0,0.2222222222222222,22.22222222222222,300.0000005580873
0.0,0.0,0.3333333333333333,22.22222222222222,300.00000285463386
0.0,0.0,0.4444444444444444,22.22222222222222,300.0000064561637
0.0,0.0,0.5555555555555556,22.22222222222222,300.0000064561637
0.0,0.0,0.6666666666666666,22.22222222222222,300.00000285463386
0.0,0.0,0.7777777777777777,22.22222222222222,300.0000005580873
0.0,0.0,0.8888888888888888,22.22222222222222,300.0000000482425
0.0,0.0,1.0,22.22222222222222,300.0000000018439
0.0,0.1111111111111111,0.0,22.22222222222222,300.0000000482425
0.0,0.1111111111111111,0.1111111111111111,22.22222222222222,300.00000126219453
0.0,0.1111111111111111,0.2222222222222222,22.22222222222222,300.0000146015397
0.0,0.1111111111111111,0.3333333333333333,22.22222222222222,300.0000746873228
0.0,0.1111111111111111,0.4444444444444444,22.22222222222222,300.00016891608664
0.0,0.1111111111111111,0.5555555555555556,22.22222222222222,300.00016891608664
0.0,0.1111111111111111,0.6666666666666666,22.22222222222222,300.0000746873228
0.0,0.1111111111111111,0.7777777777777777,22.22222222222222,300.0000146015397
0.0,0.1111111111111111,0.8888888888888888,22.22222222222222,300.00000126219453
0.0,0.1111111111111111,1.0,22.22222222222222,300.0000000482425
0.0,0.2222222222222222,0.0,22.22222222222222,300.0000005580873
0.0,0.2222222222222222,0.1111111111111111,22.22222222222222,300.0000146015397
0.0,0.2222222222222222,0.2222222222222222,22.22222222222222,300.00016891608664
0.0,0.2222222222222222,0.3333333333333333,22.22222222222222,300.0008640109556
0.0,0.2222222222222222,0.4444444444444444,22.22222222222222,300.001954084628
0.0,0.2222222222222222,0.5555555555555556,22.22222222222222,300.001954084628
0.0,0.2222222222222222,0.6666666666666666,22.22222222222222,300.0008640109556
0.0,0.2222222222222222,0.7777777777777777,22.22222222222222,300.00016891608664
0.0,0.2222222222222222,0.8888888888888888,22.22222222222222,300.0000146015397
0.0,0.2222222222222222,1.0,22.22222222222222,300.0000005580873
0.0,0.3333333333333333,0.0,22.22222222222222,300.00000285463386
0.0,0.3333333333333333,0.1111111111111111,22.22222222222222,300.0000746873228
0.0,0.3333333333333333,0.2222222222222222,22.22222222222222,300.0008640109556
0.0,0.3333333333333333,0.3333333333333333,22.22222222222222,300.00441944249496
0.0,0.3333333333333333,0.4444444444444444,22.22222222222222,300.0099952027086
0.0,0.3333333333333333,0.5555555555555556,22.22222222222222,300.0099952027086
0.0,0.3333333333333333,0.6666666666666666,22.22222222222222,300.00441944249496
0.0,0.3333333333333333,0.7777777777777777,22.22222222222222,300.0008640109556
0.0,0.3333333333333333,0.8888888888888888,22.22222222222222,300.0000746873228
0.0,0.3333333333333333,1.0,22.22222222222222,300.00000285463386
0.0,0.4444444444444444,0.0,22.22222222222222,300.0000064561637
0.0,0.4444444444444444,0.1111111111111111,22.22222222222222,300.00016891608664
0.0,0.4444444444444444,0.2222222222222222,22.22222222222222,300.001954084628
0.0,0.4444444444444444,0.3333333333333333,22.22222222222222,300.0099952027086
0.0,0.4444444444444444,0.4444444444444444,22.22222222222222,300.02260558369056
0.0,0.4444444444444444,0.5555555555555556,22.22222222222222,300.02260558369056
0.0,0.4444444444444444,0.6666666666666666,22.22222222222222,300.0099952027086
0.0,0.4444444444444444,0.7777777777777777,22.22222222222222,300.001954084628
0.0,0.4444444444444444,0.8888888888888888,22.22222222222222,300.00016891608664
0.0,0.4444444444444444,1.0,22.22222222222222,300.0000064561637
0.0,0.5555555555555556,0.0,22.22222222222222,300.0000064561637
0.0,0.5555555555555556,0.1111111111111111,22.22222222222222,300.00016891608664
0.0,0.5555555555555556,0.2222222222222222,22.22222222222222,300.001954084628
0.0,0.5555555555555556,0.3333333333333333,22.22222222222222,300.0099952027086
0.0,0.5555555555555556,0.4444444444444444,22.22222222222222,300.02260558369056
0.0,0.5555555555555556,0.5555555555555556,22.22222222222222,300.02260558369056
0.0,0.5555555555555556,0.6666666666666666,22.22222222222222,300.0099952027086
0.0,0.5555555555555556,0.7777777777777777,22.22222222222222,300.001954084628
0.0,0.5555555555555556,0.8888888888888888,22.22222222222222,300.00016891608664
0.0,0.5555555555555556,1.0,22.22222222222222,300.0000064561637
0.0,0.6666666666666666,0.0,22.22222222222222,300.00000285463386
0.0,0.6666666666666666,0.1111111111111111,22.22222222222222,300.0000746873228
0.0,0.6666666666666666,0.2222222222222222,22.22222222222222,300.0008640109556
0.0,0.6666666666666666,0.3333333333333333,22.22222222222222,300.00441944249496
0.0,0.6666666666666666,0.4444444444444444,22.22222222222222,300.0099952027086
0.0,0.6666666666666666,0.5555555555555556,22.22222222222222,300.0099952027086
0.0,0.6666666666666666,0.6666666666666666,22.22222222222222,300.00441944249496
0.0,0.6666666666666666,0.7777777777777777,22.22222222222222,300.0008640109556
0.0,0.6666666666666666,0.8888888888888888,22.22222222222222,300.0000746873228
0.0,0.6666666666666666,1.0,22.22222222222222,300.00000285463386
0.0,0.7777777777777777,0.0,22.22222222222222,300.0000005580873
0.0,0.7777777777777777,0.1111111111111111,22.22222222222222,300.0000146015397
0.0,0.7777777777777777,0.2222222222222222,22.22222222222222,300.00016891608664
0.0,0.7777777777777777,0.3333333333333333,22.22222222222222,300.0008640109556
0.0,0.7777777777777777,0.4444444444444444,22.22222222222222,300.001954084628
0.0,0.7777777777777777,0.5555555555555556,22.22222222222222,300.001954084628
0.0,0.7777777777777777,0.6666666666666666,22.22222222222222,300.0008640109556
0.0,0.7777777777777777,0.7777777777777777,22.22222222222222,300.00016891608664
0.0,0.7777777777777777,0.8888888888888888,22.22222222222222,300.0000146015397
0.0,0.7777777777777777,1.0,22.22222222222222,300.0000005580873
0.0,0.8888888888888888,0.0,22.22222222222222,300.0000000482425
0.0,0.8888888888888888,0.1111111111111111,22.22222222222222,300.00000126219453
0.0,0.8888888888888888,0.2222222222222222,22.22222222222222,300.0000146015397
0.0,0.8888888888888888,0.3333333333333333,22.22222222222222,300.0000746873228
0.0,0.8888888888888888,0.4444444444444444,22.22222222222222,300.00016891608664
0.0,0.8888888888888888,0.5555555555555556,22.22222222222222,300.00016891608664
0.0,0.8888888888888888,0.6666666666666666,22.22222222222222,300.0000746873228
0.0,0.8888888888888888,0.7777777777777777,22.22222222222222,300.0000146015397
0.0,0.8888888888888888,0.8888888888888888,22.22222222222222,300.00000126219453
0.0,0.8888888888888888,1.0,22.22222222222222,300.0000000482425
0.0,1.0,0.0,22.22222222222222,300.0000000018439
0.0,1.0,0.1111111111111111,22.22222222222222,300.0000000482425
0.0,1.0,0.2222222222222222,22.22222222222222,300.0000005580873
0.0,1.0,0.3333333333333333,22.22222222222222,300.00000285463386
0.0,1.0,0.4444444444444444,22.22222222222222,300.0000064561637
0.0,1.0,0.5555555555555556,22.22222222222222,300.0000064561637
0.0,1.0,0.6666666666666666,22.22222222222222,300.00000285463386
0.0,1.0,0.7777777777777777,22.22222222222222,300.0000005580873
0.0,1.0,0.8888888888888888,22.22222222222222,300.0000000482425
0.0,1.0,1.0,22.22222222222222,300.0000000018439
0.1111111111111111,0.0,0.0,22.22222222222222,300.0000000482425
0.1111111111111111,0.0,0.1111111111111111,22.22222222222222,300.00000126219453
0.1111111111111111,0.0,0.2222222222222222,22.22222222222222,300.0000146015397
0.1111111111111111,0.0,0.3333333333333333,22.22222222222222,300.0000746873228
0.1111111111111111,0.0,0.4444444444444444,22.22222222222222,300.00016891608664
0.1111111111111111,0.0,0.5555555555555556,22.22222222222222,300.00016891608664
0.1111111111111111,0.0,0.6666666666666666,22.22222222222222,300.0000746873228
0.1111111111111111,0.0,0.7777777777777777,22.22222222222222,300.0000146015397
0.1111111111111111,0.0,0.8888888888888888,22.22222222222222,300.00000126219453
0.1111111111111111,0.0,1.0,22.22222222222222,300.0000000482425
0.1111111111111111,0.1111111111111111,0.0,22.22222222222222,300.00000126219453
0.1111111111111111,0.1111111111111111,0.1111111111111111,22.22222222222222,300.00003302347517
0.1111111111111111,0.1111111111111111,0.2222222222222222,22.22222222222222,300.00038202794326
0.1111111111111111,0.1111111111111111,0.3333333333333333,22.22222222222222,300.001954084628
0.1111111111111111,0.1111111111111111,0.4444444444444444,22.22222222222222,300.00441944249496
0.1111111111111111,0.1111111111111111,0.5555555555555556,22.22222222222222,300.00441944249496
0.1111111111111111,0.1111111111111111,0.6666666666666666,22.22222222222222,300.001954084628
0.1111111111111111,0.1111111111111111,0.7777777777777777,22.22222222222222,300.00038202794326
0.1111111111111111,0.1111111111111111,0.8888888888888888,22.22222222222222,300.00003302347517
0.1111111111111111,0.1111111111111111,1.0,22.22222222222222,300.00000126219453
0.1111111111111111,0.2222222222222222,0.0,22.22222222222222,300.0000146015397
0.1111111111111111,0.2222222222222222,0.1111111111111111,22.22222222222222,300.00038202794326
0.1111111111111111,0.2222222222222222,0.2222222222222222,22.22222222222222,300.00441944249496
0.1111111111111111,0.2222222222222222,0.3333333333333333,22.22222222222222,300.02260558369056
0.1111111111111111,0.2222222222222222,0.4444444444444444,22.22222222222222,300.05112576792004
0.1111111111111111,0.2222222222222222,0.5555555555555556,22.22222222222222,300.05112576792004
0.1111111111111111,0.2222222222222222,0.6666666666666666,22.22222222222222,300.02260558369056
0.1111111111111111,0.2222222222222222,0.7777777777777777,22.22222222222222,300.00441944249496
0.1111111111111111,0.2222222222222222,0.8888888888888888,22.22222222222222,300.00038202794326
0.1111111111111111,0.2222222222222222,1.0,22.22222222222222,300.0000146015397
0.1111111111111111,0.3333333333333333,0.0,22.22222222222222,300.0000746873228
0.1111111111111111,0.3333333333333333,0.1111111111111111,22.22222222222222,300.001954084628
0.1111111111111111,0.3333333333333333,0.2222222222222222,22.22222222222222,300.02260558369056
0.1111111111111111,0.3333333333333333,0.3333333333333333,22.22222222222222,300.11562825278884
0.1111111111111111,0.3333333333333333,0.4444444444444444,22.22222222222222,300.2615098684467
0.1111111111111111,0.3333333333333333,0.5555555555555556,22.22222222222222,300.2615098684467
0.1111111111111111,0.3333333333333333,0.6666666666666666,22.22222222222222,300.11562825278884
0.1111111111111111,0.3333333333333333,0.7777777777777777,22.22222222222222,300.02260558369056
0.1111111111111111,0.3333333333333333,0.8888888888888888,22.22222222222222,300.001954084628
0.1111111111111111,0.3333333333333333,1.0,22.22222222222222,300.0000746873228
0.1111111111111111,0.4444444444444444,0.0,22.22222222222222,300.00016891608664
0.1111111111111111,0.4444444444444444,0.1111111111111111,22.22222222222222,300.00441944249496
0.1111111111111111,0.4444444444444444,0.2222222222222222,22.22222222222222,300.05112576792004
0.1111111111111111,0.4444444444444444,0.3333333333333333,22.22222222222222,300.2615098684467
0.1111111111111111,0.4444444444444444,0.4444444444444444,22.22222222222222,300.59144205369836
0.1111111111111111,0.4444444444444444,0.5555555555555556,22.22222222222222,300.59144205369836
0.1111111111111111,0.4444444444444444,0.6666666666666666,22.22222222222222,300.2615098684467
0.1111111111111111,0.4444444444444444,0.7777777777777777,22.22222222222222,300.05112576792004
0.1111111111111111,0.4444444444444444,0.8888888888888888,22.22222222222222,300.00441944249496
0.1111111111111111,0.4444444444444444,1.0,22.22222222222222,300.00016891608664
0.1111111111111111,0.5555555555555556,0.0,22.22222222222222,300.00016891608664
0.1111111111111111,0.5555555555555556,0.1111111111111111,22.22222222222222,300.00441944249496
0.1111111111111111,0.5555555555555556,0.2222222222222222,22.22222222222222,300.05112576792004
0.1111111111111111,0.5555555555555556,0.3333333333333333,22.22222222222222,300.2615098684467
0.1111111111111111,0.5555555555555556,0.4444444444444444,22.22222222222222,300.59144205369836
0.1111111111111111,0.5555555555555556,0.5555555555555556,22.22222222222222,300.59144205369836
0.1111111111111111,0.5555555555555556,0.6666666666666666,22.22222222222222,300.2615098684467
0.1111111111111111,0.5555555555555556,0.7777777777777777,22.22222222222222,300.05112576792004
0.1111111111111111,0.5555555555555556,0.8888888888888888,22.22222222222222,300.00441944249496
0.1111111111111111,0.5555555555555556,1.0,22.22222222222222,300.00016891608664
0.1111111111111111,0.6666666666666666,0.0,22.22222222222222,300.0000746873228
0.1111111111111111,0.6666666666666666,0.1111111111111111,22.22222222222222,300.001954084628
0.1111111111111111,0.6666666666666666,0.2222222222222222,22.22222222222222,300.02260558369056
0.1111111111111111,0.6666666666666666,0.3333333333333333,22.22222222222222,300.11562825278884
0.1111111111111111,0.6666666666666666,0.4444444444444444,22.22222222222222,300.2615098684467
0.1111111111111111,0.6666666666666666,0.5555555555555556,22.22222222222222,300.2615098684467
0.1111111111111111,0.6666666666666666,0.6666666666666666,22.22222222222222,300.11562825278884
0.1111111111111111,0.6666666666666666,0.7777777777777777,22.22222222222222,300.02260558369056
0.1111111111111111,0.6666666666666666,0.8888888888888888,22.22222222222222,300.001954084628
0.1111111111111111,0.6666666666666666,1.0,22.22222222222222,300.0000746873228
0.1111111111111111,0.7777777777777777,0.0,22.22222222222222,300.0000146015397
0.1111111111111111,0.7777777777777777,0.1111111111111111,22.22222222222222,300.00038202794326
0.1111111111111111,0.7777777777777777,0.2222222222222222,22.22222222222222,300.00441944249496
0.1111111111111111,0.7777777777777777,0.3333333333333333,22.22222222222222,300.02260558369056
0.1111111111111111,0.7777777777777777,0.4444444444444444,22.22222222222222,300.05112576792004
0.1111111111111111,0.7777777777777777,0.5555555555555556,22.22222222222222,300.05112576792004
0.1111111111111111,0.7777777777777777,0.6666666666666666,22.22222222222222,300.02260558369056
0.1111111111111111,0.7777777777777777,0.7777777777777777,22.22222222222222,300.00441944249496
0.1111111111111111,0.7777777777777777,0.8888888888888888,22.22222222222222,300.00038202794326
0.1111111111111111,0.7777777777777777,1.0,22.22222222222222,300.0000146015397
0.1111111111111111,0.8888888888888888,0.0,22.22222222222222,300.00000126219453
0.1111111111111111,0.8888888888888888,0.1111111111111111,22.22222222222222,300.00003302347517
0.1111111111111111,0.8888888888888888,0.2222222222222222,22.22222222222222,300.00038202794326
0.1111111111111111,0.8888888888888888,0.3333333333333333,22.22222222222222,300.001954084628
0.1111111111111111,0.8888888888888888,0.4444444444444444,22.22222222222222,300.00441944249496
0.1111111111111111,0.8888888888888888,0.5555555555555556,22.22222222222222,300.00441944249496
0.1111111111111111,0.8888888888888888,0.6666666666666666,22.22222222222222,300.001954084628
0.1111111111111111,0.8888888888888888,0.7777777777777777,22.22222222222222,300.00038202794326
0.1111111111111111,0.8888888888888888,0.8888888888888888,22.22222222222222,300.00003302347517
0.1111111111111111,0.8888888888888888,1.0,22.22222222222222,300.00000126219453
0.1111111111111111,1.0,0.0,22.22222222222222,300.0000000482425
0.1111111111111111,1.0,0.1111111111111111,22.22222222222222,300.00000126219453
0.1111111111111111,1.0,0.2222222222222222,22.22222222222222,300.0000146015397
0.1111111111111111,1.0,0.3333333333333333,22.22222222222222,300.0000746873228
0.1111111111111111,1.0,0.4444444444444444,22.22222222222222,300.00016891608664
0.1111111111111111,1.0,0.5555555555555556,22.22222222222222,300.00016891608664
0.1111111111111111,1.0,0.6666666666666666,22.22222222222222,300.0000746873228
0.1111111111111111,1.0,0.7777777777777777,22.22222222222222,300.0000146015397
0.1111111111111111,1.0,0.8888888888888888,22.22222222222222,300.00000126219453
0.1111111111111111,1.0,1.0,22.22222222222222,300.0000000482425
0.2222222222222222,0.0,0.0,22.22222222222222,300.0000005580873
0.2222222222222222,0.0,0.1111111111111111,22.22222222222222,300.0000146015397
0.2222222222222222,0.0,0.2222222222222222,22.22222222222222,300.00016891608664
0.2222222222222222,0.0,0.3333333333333333,22.22222222222222,300.0008640109556
0.2222222222222222,0.0,0.4444444444444444,22.22222222222222,300.001954084628
0.2222222222222222,0.0,0.5555555555555556,22.22222222222222,300.001954084628
0.2222222222222222,0.0,0.6666666666666666,22.22222222222222,300.0008640109556
0.2222222222222222,0.0,0.7777777777777777,22.22222222222222,300.00016891608664
0.2222222222222222,0.0,0.8888888888888888,22.22222222222222,300.0000146015397
0.2222222222222222,0.0,1.0,22.22222222222222,300.0000005580873
0.2222222222222222,0.1111111111111111,0.0,22.22222222222222,300.0000146015397
0.2222222222222222,0.1111111111111111,0.1111111111111111,22.22222222222222,300.00038202794326
0.2222222222222222,0.1111111111111111,0.2222222222222222,22.22222222222222,300.00441944249496
0.2222222222222222,0.1111111111111111,0.3333333333333333,22.22222222222222,300.02260558369056
0.2222222222222222,0.1111111111111111,0.4444444444444444,22.22222222222222,300.05112576792004
0.2222222222222222,0.1111111111111111,0.5555555555555556,22.22222222222222,300.05112576792004
0.2222222222222222,0.1111111111111111,0.6666666666666666,22.22222222222222,300.02260558369056
0.2222222222222222,0.1111111111111111,0.7777777777777777,22.22222222222222,300.00441944249496
0.2222222222222222,0.1111111111111111,0.8888888888888888,22.22222222222222,300.00038202794326
0.2222222222222222,0.1111111111111111,1.0,22.22222222222222,300.0000146015397
0.2222222222222222,0.2222222222222222,0.0,22.22222222222222,300.00016891608664
0.2222222222222222,0.2222222222222222,0.1111111111111111,22.22222222222222,300.00441944249496
0.2222222222222222,0.2222222222222222,0.2222222222222222,22.22222222222222,300.05112576792004
0.2222222222222222,0.2222222222222222,0.3333333333333333,22.22222222222222,300.2615098684467
0.2222222222222222,0.2222222222222222,0.4444444444444444,22.22222222222222,300.59144205369836
0.2222222222222222,0.2222222222222222,0.5555555555555556,22.22222222222222,300.59144205369836
0.2222222222222222,0.2222222222222222,0.6666666666666666,22.22222222222222,300.2615098684467
0.2222222222222222,0.2222222222222222,0.7777777777777777,22.22222222222222,300.05112576792004
0.2222222222222222,0.2222222222222222,0.8888888888888888,22.22222222222222,300.00441944249496
0.2222222222222222,0.2222222222222222,1.0,22.22222222222222,300.00016891608664
0.2222222222222222,0.3333333333333333,0.0,22.22222222222222,300.0008640109556
0.2222222222222222,0.3333333333333333,0.1111111111111111,22.22222222222222,300.02260558369056
0.2222222222222222,0.3333333333333333,0.2222222222222222,22.22222222222222,300.2615098684467
0.2222222222222222,0.3333333333333333,0.3333333333333333,22.22222222222222,301.3376309848677
0.2222222222222222,0.3333333333333333,0.4444444444444444,22.22222222222222,303.0252442153711
0.2222222222222222,0.3333333333333333,0.5555555555555556,22.22222222222222,303.0252442153711
0.2222222222222222,0.3333333333333333,0.6666666666666666,22.22222222222222,301.3376309848677
0.2222222222222222,0.3333333333333333,0.7777777777777777,22.22222222222222,300.2615098684467
0.2222222222222222,0.3333333333333333,0.8888888888888888,22.22222222222222,300.02260558369056
0.2222222222222222,0.3333333333333333,1.0,22.22222222222222,300.0008640109556
0.2222222222222222,0.4444444444444444,0.0,22.22222222222222,300.001954084628
0.2222222222222222,0.4444444444444444,0.1111111111111111,22.22222222222222,300.05112576792004
0.2222222222222222,0.4444444444444444,0.2222222222222222,22.22222222222222,300.59144205369836
0.2222222222222222,0.4444444444444444,0.3333333333333333,22.22222222222222,303.0252442153711
0.2222222222222222,0.4444444444444444,0.4444444444444444,22.22222222222222,306.8420234475515
0.2222222222222222,0.4444444444444444,0.5555555555555556,22.22222222222222,306.8420234475515
0.2222222222222222,0.4444444444444444,0.6666666666666666,22.22222222222222,303.0252442153711
0.2222222222222222,0.4444444444444444,0.7777777777777777,22.22222222222222,300.59144205369836
0.2222222222222222,0.4444444444444444,0.8888888888888888,22.22222222222222,300.05112576792004
0.2222222222222222,0.4444444444444444,1.0,22.22222222222222,300.001954084628
0.2222222222222222,0.5555555555555556,0.0,22.22222222222222,300.001954084628
0.2222222222222222,0.5555555555555556,0.1111111111111111,22.22222222222222,300.05112576792004
0.2222222222222222,0.5555555555555556,0.2222222222222222,22.22222222222222,300.59144205369836
0.2222222222222222,0.5555555555555556,0.3333333333333333,22.22222222222222,303.0252442153711
0.2222222222222222,0.5555555555555556,0.4444444444444444,22.22222222222222,306.8420234475515
0.2222222222222222,0.5555555555555556,0.5555555555555556,22.22222222222222,306.8420234475515
0.2222222222222222,0.5555555555555556,0.6666666666666666,22.22222222222222,303.0252442153711
0.2222222222222222,0.5555555555555556,0.7777777777777777,22.22222222222222,300.59144205369836
0.2222222222222222,0.5555555555555556,0.8888888888888888,22.22222222222222,300.05112576792004
0.2222222222222222,0.5555555555555556,1.0,22.22222222222222,300.001954084628
0.2222222222222222,0.6666666666666666,0.0,22.22222222222222,300.0008640109556
0.2222222222222222,0.6666666666666666,0.1111111111111111,22.22222222222222,300.02260558369056
0.2222222222222222,0.6666666666666666,0.2222222222222222,22.22222222222222,300.2615098684467
0.2222222222222222,0.6666666666666666,0.3333333333333333,22.22222222222222,301.3376309848677
0.2222222222222222,0.6666666666666666,0.4444444444444444,22.22222222222222,303.0252442153711
0.2222222222222222,0.6666666666666666,0.5555555555555556,22.22222222222222,303.0252442153711
0.2222222222222222,0.6666666666666666,0.6666666666666666,22.22222222222222,301.33763098486776
0.2222222222222222,0.6666666666666666,0.7777777777777777,22.22222222222222,300.2615098684467
0.2222222222222222,0.6666666666666666,0.8888888888888888,22.22222222222222,300.02260558369056
0.2222222222222222,0.6666666666666666,1.0,22.22222222222222,300.0008640109556
0.2222222222222222,0.7777777777777777,0.0,22.22222222222222,300.00016891608664
0.2222222222222222,0.7777777777777777,0.1111111111111111,22.22222222222222,300.00441944249496
0.2222222222222222,0.7777777777777777,0.2222222222222222,22.22222222222222,300.05112576792004
0.2222222222222222,0.7777777777777777,0.3333333333333333,22.22222222222222,300.2615098684467
0.2222222222222222,0.7777777777777777,0.4444444444444444,22.22222222222222,300.59144205369836
0.2222222222222222,0.7777777777777777,0.5555555555555556,22.22222222222222,300.59144205369836
0.2222222222222222,0.7777777777777777,0.6666666666666666,22.22222222222222,300.2615098684467
0.2222222222222222,0.7777777777777777,0.7777777777777777,22.22222222222222,300.05112576792004
0.2222222222222222,0.7777777777777777,0.8888888888888888,22.22222222222222,300.00441944249496
0.2222222222222222,0.7777777777777777,1.0,22.22222222222222,300.00016891608664
0.2222222222222222,0.8888888888888888,0.0,22.22222222222222,300.0000146015397
0.2222222222222222,0.8888888888888888,0.1111111111111111,22.22222222222222,300.00038202794326
0.2222222222222222,0.8888888888888888,0.2222222222222222,22.22222222222222,300.00441944249496
0.2222222222222222,0.8888888888888888,0.3333333333333333,22.22222222222222,300.02260558369056
0.2222222222222222,0.8888888888888888,0.4444444444444444,22.22222222222222,300.05112576792004
0.2222222222222222,0.8888888888888888,0.5555555555555556,22.22222222222222,300.05112576792004
0.2222222222222222,0.8888888888888888,0.6666666666666666,22.22222222222222,300.02260558369056
0.2222222222222222,0.8888888888888888,0.7777777777777777,22.22222222222222,300.00441944249496
0.2222222222222222,0.8888888888888888,0.8888888888888888,22.22222222222222,300.00038202794326
0.2222222222222222,0.8888888888888888,1.0,22.22222222222222,300.0000146015397
0.2222222222222222,1.0,0.0,22.22222222222222,300.0000005580873
0.2222222222222222,1.0,0.1111111111111111,22.22222222222222,300.0000146015397
0.2222222222222222,1.0,0.2222222222222222,22.22222222222222,300.00016891608664
0.2222222222222222,1.0,0.3333333333333333,22.22222222222222,300.0008640109556
0.2222222222222222,1.0,0.4444444444444444,22.22222222222222,300.001954084628
0.2222222222222222,1.0,0.5555555555555556,22.22222222222222,300.001954084628
0.2222222222222222,1.0,0.6666666666666666,22.22222222222222,300.0008640109556
0.2222222222222222,1.0,0.7777777777777777,22.22222222222222,300.00016891608664
0.2222222222222222,1.0,0.8888888888888888,22.22222222222222,300.0000146015397
0.2222222222222222,1.0,1.0,22.22222222222222,300.0000005580873
0.3333333333333333,0.0,0.0,22.22222222222222,300.00000285463386
0.3333333333333333,0.0,0.1111111111111111,22.22222222222222,300.0000746873228
0.3333333333333333,0.0,0.2222222222222222,22.22222222222222,300.0008640109556
0.3333333333333333,0.0,0.3333333333333333,22.22222222222222,300.00441944249496
0.3333333333333333,0.0,0.4444444444444444,22.22222222222222,300.0099952027086
0.3333333333333333,0.0,0.5555555555555556,22.22222222222222,300.0099952027086
0.3333333333333333,0.0,0.6666666666666666,22.22222222222222,300.00441944249496
0.3333333333333333,0.0,0.7777777777777777,22.22222222222222,300.0008640109556
0.3333333333333333,0.0,0.8888888888888888,22.22222222222222,300.0000746873228
0.3333333333333333,0.0,1.0,22.22222222222222,300.00000285463386
0.3333333333333333,0.1111111111111111,0.0,22.22222222222222,300.0000746873228
0.3333333333333333,0.1111111111111111,0.1111111111111111,22.22222222222222,300.001954084628
0.3333333333333333,0.1111111111111111,0.2222222222222222,22.22222222222222,300.02260558369056
0.3333333333333333,0.1111111111111111,0.3333333333333333,22.22222222222222,300.11562825278884
0.3333333333333333,0.1111111111111111,0.4444444444444444,22.22222222222222,300.2615098684467
0.3333333333333333,0.1111111111111111,0.5555555555555556,22.22222222222222,300.2615098684467
0.3333333333333333,0.1111111111111111,0.6666666666666666,22.22222222222222,300.11562825278884
0.3333333333333333,0.1111111111111111,0.7777777777777777,22.22222222222222,300.02260558369056
0.3333333333333333,0.1111111111111111,0.8888888888888888,22.22222222222222,300.001954084628
0.3333333333333333,0.1111111111111111,1.0,22.22222222222222,300.0000746873228
0.3333333333333333,0.2222222222222222,0.0,22.22222222222222,300.0008640109556
0.3333333333333333,0.2222222222222222,0.1111111111111111,22.22222222222222,300.02260558369056
0.3333333333333333,0.2222222222222222,0.2222222222222222,22.22222222222222,300.2615098684467
0.3333333333333333,0.2222222222222222,0.3333333333333333,22.22222222222222,301.3376309848677
0.3333333333333333,0.2222222222222222,0.4444444444444444,22.22222222222222,303.0252442153711
0.3333333333333333,0.2222222222222222,0.5555555555555556,22.22222222222222,303.0252442153711
0.3333333333333333,0.2222222222222222,0.6666666666666666,22.22222222222222,301.3376309848677
0.3333333333333333,0.2222222222222222,0.7777777777777777,22.22222222222222,300.2615098684467
0.3333333333333333,0.2222222222222222,0.8888888888888888,22.22222222222222,300.02260558369056
0.3333333333333333,0.2222222222222222,1.0,22.22222222222222,300.0008640109556
0.3333333333333333,0.3333333333333333,0.0,22.22222222222222,300.00441944249496
0.3333333333333333,0.3333333333333333,0.1111111111111111,22.22222222222222,300.11562825278884
0.3333333333333333,0.3333333333333333,0.2222222222222222,22.22222222222222,301.3376309848677
0.3333333333333333,0.3333333333333333,0.3333333333333333,22.22222222222222,306.8420234475515
0.3333333333333333,0.3333333333333333,0.4444444444444444,22.22222222222222,315.47421679842864
0.3333333333333333,0.3333333333333333,0.5555555555555556,22.22222222222222,315.47421679842864
0.3333333333333333,0.3333333333333333,0.6666666666666666,22.22222222222222,306.8420234475515
0.3333333333333333,0.3333333333333333,0.7777777777777777,22.22222222222222,301.33763098486776
0.3333333333333333,0.3333333333333333,0.8888888888888888,22.22222222222222,300.11562825278884
0.3333333333333333,0.3333333333333333,1.0,22.22222222222222,300.00441944249496
0.3333333333333333,0.4444444444444444,0.0,22.22222222222222,300.0099952027086
0.3333333333333333,0.4444444444444444,0.1111111111111111,22.22222222222222,300.2615098684467
0.3333333333333333,0.4444444444444444,0.2222222222222222,22.22222222222222,303.0252442153711
0.3333333333333333,0.4444444444444444,0.3333333333333333,22.22222222222222,315.47421679842864
0.3333333333333333,0.4444444444444444,0.4444444444444444,22.22222222222222,334.9971594456405
0.3333333333333333,0.4444444444444444,0.5555555555555556,22.22222222222222,334.9971594456405
0.3333333333333333,0.4444444444444444,0.6666666666666666,22.22222222222222,315.4742167984287
0.3333333333333333,0.4444444444444444,0.7777777777777777,22.22222222222222,303.0252442153711
0.3333333333333333,0.4444444444444444,0.8888888888888888,22.22222222222222,300.2615098684467
0.3333333333333333,0.4444444444444444,1.0,22.22222222222222,300.0099952027086
0.3333333333333333,0.5555555555555556,0.0,22.22222222222222,300.0099952027086
0.3333333333333333,0.5555555555555556,0.1111111111111111,22.22222222222222,300.2615098684467
0.3333333333333333,0.5555555555555556,0.2222222222222222,22.22222222222222,303.0252442153711
0.3333333333333333,0.5555555555555556,0.3333333333333333,22.22222222222222,315.47421679842864
0.3333333333333333,0.5555555555555556,0.4444444444444444,22.22222222222222,334.9971594456405
0.3333333333333333,0.5555555555555556,0.5555555555555556,22.22222222222222,334.9971594456405
0.3333333333333333,0.5555555555555556,0.6666666666666666,22.22222222222222,315.4742167984287
0.3333333333333333,0.5555555555555556,0.7777777777777777,22.22222222222222,303.0252442153711
0.3333333333333333,0.5555555555555556,0.8888888888888888,22.22222222222222,300.2615098684467
0.3333333333333333,0.5555555555555556,1.0,22.22222222222222,300.0099952027086
0.3333333333333333,0.6666666666666666,0.0,22.22222222222222,300.00441944249496
0.3333333333333333,0.6666666666666666,0.1111111111111111,22.22222222222222,300.11562825278884
0.3333333333333333,0.6666666666666666,0.2222222222222222,22.22222222222222,301.3376309848677
0.3333333333333333,0.6666666666666666,0.3333333333333333,22.22222222222222,306.8420234475515
0.3333333333333333,0.6666666666666666,0.4444444444444444,22.22222222222222,315.4742167984287
0.3333333333333333,0.6666666666666666,0.5555555555555556,22.22222222222222,315.4742167984287
0.3333333333333333,0.6666666666666666,0.6666666666666666,22.22222222222222,306.8420234475515
0.3333333333333333,0.6666666666666666,0.7777777777777777,22.22222222222222,301.33763098486776
0.3333333333333333,0.6666666666666666,0.8888888888888888,22.22222222222222,300.11562825278884
0.3333333333333333,0.6666666666666666,1.0,22.22222222222222,300.00441944249496
0.3333333333333333,0.7777777777777777,0.0,22.22222222222222,300.0008640109556
0.3333333333333333,0.7777777777777777,0.1111111111111111,22.22222222222222,300.02260558369056
0.3333333333333333,0.7777777777777777,0.2222222222222222,22.22222222222222,300.2615098684467
0.3333333333333333,0.7777777777777777,0.3333333333333333,22.22222222222222,301.33763098486776
0.3333333333333333,0.7777777777777777,0.4444444444444444,22.22222222222222,303.0252442153711
0.3333333333333333,0.7777777777777777,0.5555555555555556,22.22222222222222,303.0252442153711
0.3333333333333333,0.7777777777777777,0.6666666666666666,22.22222222222222,301.33763098486776
0.3333333333333333,0.7777777777777777,0.7777777777777777,22.22222222222222,300.2615098684467
0.3333333333333333,0.7777777777777777,0.8888888888888888,22.22222222222222,300.02260558369056
0.3333333333333333,0.7777777777777777,1.0,22.22222222222222,300.0008640109556
0.3333333333333333,0.8888888888888888,0.0,22.22222222222222,300.0000746873228
0.3333333333333333,0.8888888888888888,0.1111111111111111,22.22222222222222,300.001954084628
0.3333333333333333,0.8888888888888888,0.2222222222222222,22.22222222222222,300.02260558369056
0.3333333333333333,0.8888888888888888,0.3333333333333333,22.22222222222222,300.11562825278884
0.3333333333333333,0.8888888888888888,0.4444444444444444,22.22222222222222,300.2615098684467
0.3333333333333333,0.8888888888888888,0.5555555555555556,22.22222222222222,300.2615098684467
0.3333333333333333,0.8888888888888888,0.6666666666666666,22.22222222222222,300.11562825278884
0.3333333333333333,0.8888888888888888,0.7777777777777777,22.22222222222222,300.02260558369056
0.3333333333333333,0.8888888888888888,0.8888888888888888,22.22222222222222,300.001954084628
0.3333333333333333,0.8888888888888888,1.0,22.22222222222222,300.0000746873228
0.3333333333333333,1.0,0.0,22.22222222222222,300.00000285463386
0.3333333333333333,1.0,0.1111111111111111,22.22222222222222,300.0000746873228
0.3333333333333333,1.0,0.2222222222222222,22.22222222222222,300.0008640109556
0.3333333333333333,1.0,0.3333333333333333,22.22222222222222,300.00441944249496
0.3333333333333333,1.0,0.4444444444444444,22.22222222222222,300.0099952027086
0.3333333333333333,1.0,0.5555555555555556,22.22222222222222,300.0099952027086
0.3333333333333333,1.0,0.6666666666666666,22.22222222222222,300.00441944249496
0.3333333333333333,1.0,0.7777777777777777,22.22222222222222,300.0008640109556
0.3333333333333333,1.0,0.8888888888888888,22.22222222222222,300.0000746873228
0.3333333333333333,1.0,1.0,22.22222222222222,300.00000285463386
0.4444444444444444,0.0,0.0,22.22222222222222,300.0000064561637
0.4444444444444444,0.0,0.1111111111111111,22.22222222222222,300.00016891608664
0.4444444444444444,0.0,0.2222222222222222,22.22222222222222,300.001954084628
0.4444444444444444,0.0,0.3333333333333333,22.22222222222222,300.0099952027086
0.4444444444444444,0.0,0.4444444444444444,22.22222222222222,300.02260558369056
0.4444444444444444,0.0,0.5555555555555556,22.22222222222222,300.02260558369056
0.4444444444444444,0.0,0.6666666666666666,22.22222222222222,300.0099952027086
0.4444444444444444,0.0,0.7777777777777777,22.22222222222222,300.001954084628
0.4444444444444444,0.0,0.8888888888888888,22.22222222222222,300.00016891608664
0.4444444444444444,0.0,1.0,22.22222222222222,300.0000064561637
0.4444444444444444,0.1111111111111111,0.0,22.22222222222222,300.00016891608664
0.4444444444444444,0.1111111111111111,0.1111111111111111,22.22222222222222,300.00441944249496
0.4444444444444444,0.1111111111111111,0.2222222222222222,22.22222222222222,300.05112576792004
0.4444444444444444,0.1111111111111111,0.3333333333333333,22.22222222222222,300.2615098684467
0.4444444444444444,0.1111111111111111,0.4444444444444444,22.22222222222222,300.59144205369836
0.4444444444444444,0.1111111111111111,0.5555555555555556,22.22222222222222,300.59144205369836
0.4444444444444444,0.1111111111111111,0.6666666666666666,22.22222222222222,300.2615098684467
0.4444444444444444,0.1111111111111111,0.7777777777777777,22.22222222222222,300.05112576792004
0.4444444444444444,0.1111111111111111,0.8888888888888888,22.22222222222222,300.00441944249496
0.4444444444444444,0.1111111111111111,1.0,22.22222222222222,300.00016891608664
0.4444444444444444,0.2222222222222222,0.0,22.22222222222222,300.001954084628
0.4444444444444444,0.2222222222222222,0.1111111111111111,22.22222222222222,300.05112576792004
0.4444444444444444,0.2222222222222222,0.2222222222222222,22.22222222222222,300.59144205369836
0.4444444444444444,0.2222222222222222,0.3333333333333333,22.22222222222222,303.0252442153711
0.4444444444444444,0.2222222222222222,0.4444444444444444,22.22222222222222,306.8420234475515
0.4444444444444444,0.2222222222222222,0.5555555555555556,22.22222222222222,306.8420234475515
0.4444444444444444,0.2222222222222222,0.6666666666666666,22.22222222222222,303.0252442153711
0.4444444444444444,0.2222222222222222,0.7777777777777777,22.22222222222222,300.59144205369836
0.4444444444444444,0.2222222222222222,0.8888888888888888,22.22222222222222,300.05112576792004
0.4444444444444444,0.2222222222222222,1.0,22.22222222222222,300.001954084628
0.4444444444444444,0.3333333333333333,0.0,22.22222222222222,300.0099952027086
0.4444444444444444,0.3333333333333333,0.1111111111111111,22.22222222222222,300.2615098684467
0.4444444444444444,0.3333333333333333,0.2222222222222222,22.22222222222222,303.0252442153711
0.4444444444444444,0.3333333333333333,0.3333333333333333,22.22222222222222,315.47421679842864
0.4444444444444444,0.3333333333333333,0.4444444444444444,22.22222222222222,334.9971594456405
0.4444444444444444,0.3333333333333333,0.5555555555555556,22.22222222222222,334.9971594456405
0.4444444444444444,0.3333333333333333,0.6666666666666666,22.22222222222222,315.4742167984287
0.4444444444444444,0.3333333333333333,0.7777777777777777,22.22222222222222,303.0252442153711
0.4444444444444444,0.3333333333333333,0.8888888888888888,22.22222222222222,300.2615098684467
0.4444444444444444,0.3333333333333333,1.0,22.22222222222222,300.0099952027086
0.4444444444444444,0.4444444444444444,0.0,22.22222222222222,300.02260558369056
0.4444444444444444,0.4444444444444444,0.1111111111111111,22.22222222222222,300.59144205369836
0.4444444444444444,0.4444444444444444,0.2222222222222222,22.22222222222222,306.8420234475515
0.4444444444444444,0.4444444444444444,0.3333333333333333,22.22222222222222,334.9971594456405
0.4444444444444444,0.4444444444444444,0.4444444444444444,22.22222222222222,379.1510927640588
0.4444444444444444,0.4444444444444444,0.5555555555555556,22.22222222222222,379.1510927640588
0.4444444444444444,0.4444444444444444,0.6666666666666666,22.22222222222222,334.99715944564053
0.4444444444444444,0.4444444444444444,0.7777777777777777,22.22222222222222,306.8420234475515
0.4444444444444444,0.4444444444444444,0.8888888888888888,22.22222222222222,300.59144205369836
0.4444444444444444,0.4444444444444444,1.0,22.22222222222222,300.02260558369056
0.4444444444444444,0.5555555555555556,0.0,22.22222222222222,300.02260558369056
0.4444444444444444,0.5555555555555556,0.1111111111111111,22.22222222222222,300.59144205369836
0.4444444444444444,0.5555555555555556,0.2222222222222222,22.22222222222222,306.8420234475515
0.4444444444444444,0.5555555555555556,0.3333333333333333,22.22222222222222,334.9971594456405
0.4444444444444444,0.5555555555555556,0.4444444444444444,22.22222222222222,379.1510927640588
0.4444444444444444,0.5555555555555556,0.5555555555555556,22.22222222222222,379.1510927640588
0.4444444444444444,0.5555555555555556,0.6666666666666666,22.22222222222222,334.99715944564053
0.4444444444444444,0.5555555555555556,0.7777777777777777,22.22222222222222,306.8420234475515
0.4444444444444444,0.5555555555555556,0.8888888888888888,22.22222222222222,300.59144205369836
0.4444444444444444,0.5555555555555556,1.0,22.22222222222222,300.02260558369056
0.4444444444444444,0.6666666666666666,0.0,22.22222222222222,300.0099952027086
0.4444444444444444,0.6666666666666666,0.1111111111111111,22.22222222222222,300.2615098684467
0.4444444444444444,0.6666666666666666,0.2222222222222222,22.22222222222222,303.0252442153711
0.4444444444444444,0.6666666666666666,0.3333333333333333,22.22222222222222,315.4742167984287
0.4444444444444444,0.6666666666666666,0.4444444444444444,22.22222222222222,334.99715944564053
0.4444444444444444,0.6666666666666666,0.5555555555555556,22.22222222222222,334.99715944564053
0.4444444444444444,0.6666666666666666,0.6666666666666666,22.22222222222222,315.4742167984287
0.4444444444444444,0.6666666666666666,0.7777777777777777,22.22222222222222,303.0252442153711
0.4444444444444444,0.6666666666666666,0.8888888888888888,22.22222222222222,300.2615098684467
0.4444444444444444,0.6666666666666666,1.0,22.22222222222222,300.0099952027086
0.4444444444444444,0.7777777777777777,0.0,22.22222222222222,300.001954084628
0.4444444444444444,0.7777777777777777,0.1111111111111111,22.22222222222222,300.05112576792004
0.4444444444444444,0.7777777777777777,0.2222222222222222,22.22222222222222,300.59144205369836
0.4444444444444444,0.7777777777777777,0.3333333333333333,22.22222222222222,303.0252442153711
0.4444444444444444,0.7777777777777777,0.4444444444444444,22.22222222222222,306.8420234475515
0.4444444444444444,0.7777777777777777,0.5555555555555556,22.22222222222222,306.8420234475515
0.4444444444444444,0.7777777777777777,0.6666666666666666,22.22222222222222,303.0252442153711
0.4444444444444444,0.7777777777777777,0.7777777777777777,22.22222222222222,300.59144205369836
0.4444444444444444,0.7777777777777777,0.8888888888888888,22.22222222222222,300.05112576792004
0.4444444444444444,0.7777777777777777,1.0,22.22222222222222,300.001954084628
0.4444444444444444,0.8888888888888888,0.0,22.22222222222222,300.00016891608664
0.4444444444444444,0.8888888888888888,0.1111111111111111,22.22222222222222,300.00441944249496
0.4444444444444444,0.8888888888888888,0.2222222222222222,22.22222222222222,300.05112576792004
0.4444444444444444,0.8888888888888888,0.3333333333333333,22.22222222222222,300.2615098684467
0.4444444444444444,0.8888888888888888,0.4444444444444444,22.22222222222222,300.59144205369836
0.4444444444444444,0.8888888888888888,0.5555555555555556,22.22222222222222,300.59144205369836
0.4444444444444444,0.8888888888888888,0.6666666666666666,22.22222222222222,300.2615098684467
0.4444444444444444,0.8888888888888888,0.7777777777777777,22.22222222222222,300.05112576792004
0.4444444444444444,0.8888888888888888,0.8888888888888888,22.22222222222222,300.00441944249496
0.4444444444444444,0.8888888888888888,1.0,22.22222222222222,300.00016891608664
0.4444444444444444,1.0,0.0,22.22222222222222,300.0000064561637
0.4444444444444444,1.0,0.1111111111111111,22.22222222222222,300.00016891608664
0.4444444444444444,1.0,0.2222222222222222,22.22222222222222,300.001954084628
0.4444444444444444,1.0,0.3333333333333333,22.22222222222222,300.0099952027086
0.4444444444444444,1.0,0.4444444444444444,22.22222222222222,300.02260558369056
0.4444444444444444,1.0,0.5555555555555556,22.22222222222222,300.02260558369056
0.4444444444444444,1.0,0.6666666666666666,22.22222222222222,300.0099952027086
0.4444444444444444,1.0,0.7777777777777777,22.22222222222222,300.001954084628
0.4444444444444444,1.0,0.8888888888888888,22.22222222222222,300.00016891608664
0.4444444444444444,1.0,1.0,22.22222222222222,300.0000064561637
0.5555555555555556,0.0,0.0,22.22222222222222,300.0000064561637
0.5555555555555556,0.0,0.1111111111111111,22.22222222222222,300.00016891608664
0.5555555555555556,0.0,0.2222222222222222,22.22222222222222,300.001954084628
0.5555555555555556,0.0,0.3333333333333333,22.22222222222222,300.0099952027086
0.5555555555555556,0.0,0.4444444444444444,22.22222222222222,300.02260558369056
0.5555555555555556,0.0,0.5555555555555556,22.22222222222222,300.02260558369056
0.5555555555555556,0.0,0.6666666666666666,22.22222222222222,300.0099952027086
0.5555555555555556,0.0,0.7777777777777777,22.22222222222222,300.001954084628
0.5555555555555556,0.0,0.8888888888888888,22.22222222222222,300.00016891608664
0.5555555555555556,0.0,1.0,22.22222222222222,300.0000064561637
0.5555555555555556,0.1111111111111111,0.0,22.22222222222222,300.00016891608664
0.5555555555555556,0.1111111111111111,0.1111111111111111,22.22222222222222,300.00441944249496
0.5555555555555556,0.1111111111111111,0.2222222222222222,22.22222222222222,300.05112576792004
0.5555555555555556,0.1111111111111111,0.3333333333333333,22.22222222222222,300.2615098684467
0.5555555555555556,0.1111111111111111,0.4444444444444444,22.22222222222222,300.59144205369836
0.5555555555555556,0.1111111111111111,0.5555555555555556,22.22222222222222,300.59144205369836
0.5555555555555556,0.1111111111111111,0.6666666666666666,22.22222222222222,300.2615098684467
0.5555555555555556,0.1111111111111111,0.7777777777777777,22.22222222222222,300.05112576792004
0.5555555555555556,0.1111111111111111,0.8888888888888888,22.22222222222222,300.00441944249496
0.5555555555555556,0.1111111111111111,1.0,22.22222222222222,300.00016891608664
0.5555555555555556,0.2222222222222222,0.0,22.22222222222222,300.001954084628
0.5555555555555556,0.2222222222222222,0.1111111111111111,22.22222222222222,300.05112576792004
0.5555555555555556,0.2222222222222222,0.2222222222222222,22.22222222222222,300.59144205369836
0.5555555555555556,0.2222222222222222,0.3333333333333333,22.22222222222222,303.0252442153711
0.5555555555555556,0.2222222222222222,0.4444444444444444,22.22222222222222,306.8420234475515
0.5555555555555556,0.2222222222222222,0.5555555555555556,22.22222222222222,306.8420234475515
0.5555555555555556,0.2222222222222222,0.6666666666666666,22.22222222222222,303.0252442153711
0.5555555555555556,0.2222222222222222,0.7777777777777777,22.22222222222222,300.59144205369836
0.5555555555555556,0.2222222222222222,0.8888888888888888,22.22222222222222,300.05112576792004
0.5555555555555556,0.2222222222222222,1.0,22.22222222222222,300.001954084628
0.5555555555555556,0.3333333333333333,0.0,22.22222222222222,300.0099952027086
0.5555555555555556,0.3333333333333333,0.1111111111111111,22.22222222222222,300.2615098684467
0.5555555555555556,0.3333333333333333,0.2222222222222222,22.22222222222222,303.0252442153711
0.5555555555555556,0.3333333333333333,0.3333333333333333,22.22222222222222,315.47421679842864
0.5555555555555556,0.3333333333333333,0.4444444444444444,22.22222222222222,334.9971594456405
0.5555555555555556,0.3333333333333333,0.5555555555555556,22.22222222222222,334.9971594456405
0.5555555555555556,0.3333333333333333,0.6666666666666666,22.22222222222222,315.4742167984287
0.5555555555555556,0.3333333333333333,0.7777777777777777,22.22222222222222,303.0252442153711
0.5555555555555556,0.3333333333333333,0.8888888888888888,22.22222222222222,300.2615098684467
0.5555555555555556,0.3333333333333333,1.0,22.22222222222222,300.0099952027086
0.5555555555555556,0.4444444444444444,0.0,22.22222222222222,300.02260558369056
0.5555555555555556,0.4444444444444444,0.1111111111111111,22.22222222222222,300.59144205369836
0.5555555555555556,0.4444444444444444,0.2222222222222222,22.22222222222222,306.8420234475515
0.5555555555555556,0.4444444444444444,0.3333333333333333,22.22222222222222,334.9971594456405
0.5555555555555556,0.4444444444444444,0.4444444444444444,22.22222222222222,379.1510927640588
0.5555555555555556,0.4444444444444444,0.5555555555555556,22.22222222222222,379.1510927640588
0.5555555555555556,0.4444444444444444,0.6666666666666666,22.22222222222222,334.99715944564053
0.5555555555555556,0.4444444444444444,0.7777777777777777,22.22222222222222,306.8420234475515
0.5555555555555556,0.4444444444444444,0.8888888888888888,22.22222222222222,300.59144205369836
0.5555555555555556,0.4444444444444444,1.0,22.22222222222222,300.02260558369056
0.5555555555555556,0.5555555555555556,0.0,22.22222222222222,300.02260558369056
0.5555555555555556,0.5555555555555556,0.1111111111111111,22.22222222222222,300.59144205369836
0.5555555555555556,0.5555555555555556,0.2222222222222222,22.22222222222222,306.8420234475515
0.5555555555555556,0.5555555555555556,0.3333333333333333,22.22222222222222,334.9971594456405
0.5555555555555556,0.5555555555555556,0.4444444444444444,22.22222222222222,379.1510927640588
0.5555555555555556,0.5555555555555556,0.5555555555555556,22.22222222222222,379.1510927640588
0.5555555555555556,0.5555555555555556,0.6666666666666666,22.22222222222222,334.99715944564053
0.5555555555555556,0.5555555555555556,0.7777777777777777,22.22222222222222,306.8420234475515
0.5555555555555556,0.5555555555555556,0.8888888888888888,22.22222222222222,300.59144205369836
0.5555555555555556,0.5555555555555556,1.0,22.22222222222222,300.02260558369056
0.5555555555555556,0.6666666666666666,0.0,22.22222222222222,300.0099952027086
0.5555555555555556,0.6666666666666666,0.1111111111111111,22.22222222222222,300.2615098684467
0.5555555555555556,0.6666666666666666,0.2222222222222222,22.22222222222222,303.0252442153711
0.5555555555555556,0.6666666666666666,0.3333333333333333,22.22222222222222,315.4742167984287
0.5555555555555556,0.6666666666666666,0.4444444444444444,22.22222222222222,334.99715944564053
0.5555555555555556,0.6666666666666666,0.5555555555555556,22.22222222222222,334.99715944564053
0.5555555555555556,0.6666666666666666,0.6666666666666666,22.22222222222222,315.4742167984287
0.5555555555555556,0.6666666666666666,0.7777777777777777,22.22222222222222,303.0252442153711
0.5555555555555556,0.6666666666666666,0.8888888888888888,22.22222222222222,300.2615098684467
0.5555555555555556,0.6666666666666666,1.0,22.22222222222222,300.0099952027086
0.5555555555555556,0.7777777777777777,0.0,22.22222222222222,300.001954084628
0.5555555555555556,0.7777777777777777,0.1111111111111111,22.22222222222222,300.05112576792004
0.5555555555555556,0.7777777777777777,0.2222222222222222,22.22222222222222,300.59144205369836
0.5555555555555556,0.7777777777777777,0.3333333333333333,22.22222222222222,303.0252442153711
0.5555555555555556,0.7777777777777777,0.4444444444444444,22.22222222222222,306.8420234475515
0.5555555555555556,0.7777777777777777,0.5555555555555556,22.22222222222222,306.8420234475515
0.5555555555555556,0.7777777777777777,0.6666666666666666,22.22222222222222,303.0252442153711
0.5555555555555556,0.7777777777777777,0.7777777777777777,22.22222222222222,300.59144205369836
0.5555555555555556,0.7777777777777777,0.8888888888888888,22.22222222222222,300.05112576792004
0.5555555555555556,0.7777777777777777,1.0,22.22222222222222,300.001954084628
0.5555555555555556,0.8888888888888888,0.0,22.22222222222222,300.00016891608664
0.5555555555555556,0.8888888888888888,0.1111111111111111,22.22222222222222,300.00441944249496
0.5555555555555556,0.8888888888888888,0.2222222222222222,22.22222222222222,300.05112576792004
0.5555555555555556,0.8888888888888888,0.3333333333333333,22.22222222222222,300.2615098684467
0.5555555555555556,0.8888888888888888,0.4444444444444444,22.22222222222222,300.59144205369836
0.5555555555555556,0.8888888888888888,0.5555555555555556,22.22222222222222,300.59144205369836
0.5555555555555556,0.8888888888888888,0.6666666666666666,22.22222222222222,300.2615098684467
0.5555555555555556,0.8888888888888888,0.7777777777777777,22.22222222222222,300.05112576792004
0.5555555555555556,0.8888888888888888,0.8888888888888888,22.22222222222222,300.00441944249496
0.5555555555555556,0.8888888888888888,1.0,22.22222222222222,300.00016891608664
0.5555555555555556,1.0,0.0,22.22222222222222,300.0000064561637
0.5555555555555556,1.0,0.1111111111111111,22.22222222222222,300.00016891608664
0.5555555555555556,1.0,0.2222222222222222,22.22222222222222,300.001954084628
0.5555555555555556,1.0,0.3333333333333333,22.22222222222222,300.0099952027086
0.5555555555555556,1.0,0.4444444444444444,22.22222222222222,300.02260558369056
0.5555555555555556,1.0,0.5555555555555556,22.22222222222222,300.02260558369056
0.5555555555555556,1.0,0.6666666666666666,22.22222222222222,300.0099952027086
0.5555555555555556,1.0,0.7777777777777777,22.22222222222222,300.001954084628
0.5555555555555556,1.0,0.8888888888888888,22.22222222222222,300.00016891608664
0.5555555555555556,1.0,1.0,22.22222222222222,300.0000064561637
0.6666666666666666,0.0,0.0,22.22222222222222,300.00000285463386
0.6666666666666666,0.0,0.1111111111111111,22.22222222222222,300.0000746873228
0.6666666666666666,0.0,0.2222222222222222,22.22222222222222,300.0008640109556
0.6666666666666666,0.0,0.3333333333333333,22.22222222222222,300.00441944249496
0.6666666666666666,0.0,0.4444444444444444,22.22222222222222,300.0099952027086
0.6666666666666666,0.0,0.5555555555555556,22.22222222222222,300.0099952027086
0.6666666666666666,0.0,0.6666666666666666,22.22222222222222,300.00441944249496
0.6666666666666666,0.0,0.7777777777777777,22.22222222222222,300.0008640109556
0.6666666666666666,0.0,0.8888888888888888,22.22222222222222,300.0000746873228
0.6666666666666666,0.0,1.0,22.22222222222222,300.00000285463386
0.6666666666666666,0.1111111111111111,0.0,22.22222222222222,300.0000746873228
0.6666666666666666,0.1111111111111111,0.1111111111111111,22.22222222222222,300.001954084628
0.6666666666666666,0.1111111111111111,0.2222222222222222,22.22222222222222,300.02260558369056
0.6666666666666666,0.1111111111111111,0.3333333333333333,22.22222222222222,300.11562825278884
0.6666666666666666,0.1111111111111111,0.4444444444444444,22.22222222222222,300.2615098684467
0.6666666666666666,0.1111111111111111,0.5555555555555556,22.22222222222222,300.2615098684467
0.6666666666666666,0.1111111111111111,0.6666666666666666,22.22222222222222,300.11562825278884
0.6666666666666666,0.1111111111111111,0.7777777777777777,22.22222222222222,300.02260558369056
0.6666666666666666,0.1111111111111111,0.8888888888888888,22.22222222222222,300.001954084628
0.6666666666666666,0.1111111111111111,1.0,22.22222222222222,300.0000746873228
0.6666666666666666,0.2222222222222222,0.0,22.22222222222222,300.0008640109556
0.6666666666666666,0.2222222222222222,0.1111111111111111,22.22222222222222,300.02260558369056
0.6666666666666666,0.2222222222222222,0.2222222222222222,22.22222222222222,300.2615098684467
0.6666666666666666,0.2222222222222222,0.3333333333333333,22.22222222222222,301.3376309848677
0.6666666666666666,0.2222222222222222,0.4444444444444444,22.22222222222222,303.0252442153711
0.6666666666666666,0.2222222222222222,0.5555555555555556,22.22222222222222,303.0252442153711
0.6666666666666666,0.2222222222222222,0.6666666666666666,22.22222222222222,301.33763098486776
0.6666666666666666,0.2222222222222222,0.7777777777777777,22.22222222222222,300.2615098684467
0.6666666666666666,0.2222222222222222,0.8888888888888888,22.22222222222222,300.02260558369056
0.6666666666666666,0.2222222222222222,1.0,22.22222222222222,300.0008640109556
0.6666666666666666,0.3333333333333333,0.0,22.22222222222222,300.00441944249496
0.6666666666666666,0.3333333333333333,0.1111111111111111,22.22222222222222,300.11562825278884
0.6666666666666666,0.3333333333333333,0.2222222222222222,22.22222222222222,301.3376309848677
0.6666666666666666,0.3333333333333333,0.3333333333333333,22.22222222222222,306.8420234475515
0.6666666666666666,0.3333333333333333,0.4444444444444444,22.22222222222222,315.4742167984287
0.6666666666666666,0.3333333333333333,0.5555555555555556,22.22222222222222,315.4742167984287
0.6666666666666666,0.3333333333333333,0.6666666666666666,22.22222222222222,306.8420234475515
0.6666666666666666,0.3333333333333333,0.7777777777777777,22.22222222222222,301.33763098486776
0.6666666666666666,0.3333333333333333,0.8888888888888888,22.22222222222222,300.11562825278884
0.6666666666666666,0.3333333333333333,1.0,22.22222222222222,300.00441944249496
0.6666666666666666,0.4444444444444444,0.0,22.22222222222222,300.0099952027086
0.6666666666666666,0.4444444444444444,0.1111111111111111,22.22222222222222,300.2615098684467
0.6666666666666666,0.4444444444444444,0.2222222222222222,22.22222222222222,303.0252442153711
0.6666666666666666,0.4444444444444444,0.3333333333333333,22.22222222222222,315.4742167984287
0.6666666666666666,0.4444444444444444,0.4444444444444444,22.22222222222222,334.99715944564053
0.6666666666666666,0.4444444444444444,0.5555555555555556,22.22222222222222,334.99715944564053
0.6666666666666666,0.4444444444444444,0.6666666666666666,22.22222222222222,315.4742167984287
0.6666666666666666,0.4444444444444444,0.7777777777777777,22.22222222222222,303.0252442153711
0.6666666666666666,0.4444444444444444,0.8888888888888888,22.22222222222222,300.2615098684467
0.6666666666666666,0.4444444444444444,1.0,22.22222222222222,300.0099952027086
0.6666666666666666,0.5555555555555556,0.0,22.22222222222222,300.0099952027086
0.6666666666666666,0.5555555555555556,0.1111111111111111,22.22222222222222,300.2615098684467
0.6666666666666666,0.5555555555555556,0.2222222222222222,22.22222222222222,303.0252442153711
0.6666666666666666,0.5555555555555556,0.3333333333333333,22.22222222222222,315.4742167984287
0.6666666666666666,0.5555555555555556,0.4444444444444444,22.22222222222222,334.99715944564053
0.6666666666666666,0.5555555555555556,0.5555555555555556,22.22222222222222,334.99715944564053
0.6666666666666666,0.5555555555555556,0.6666666666666666,22.22222222222222,315.4742167984287
0.6666666666666666,0.5555555555555556,0.7777777777777777,22.22222222222222,303.0252442153711
0.6666666666666666,0.5555555555555556,0.8888888888888888,22.22222222222222,300.2615098684467
0.6666666666666666,0.5555555555555556,1.0,22.22222222222222,300.0099952027086
0.6666666666666666,0.6666666666666666,0.0,22.22222222222222,300.00441944249496
0.6666666666666666,0.6666666666666666,0.1111111111111111,22.22222222222222,300.11562825278884
0.6666666666666666,0.6666666666666666,0.2222222222222222,22.22222222222222,301.33763098486776
0.6666666666666666,0.6666666666666666,0.3333333333333333,22.22222222222222,306.8420234475515
0.6666666666666666,0.6666666666666666,0.4444444444444444,22.22222222222222,315.4742167984287
0.6666666666666666,0.6666666666666666,0.5555555555555556,22.22222222222222,315.4742167984287
0.6666666666666666,0.6666666666666666,0.6666666666666666,22.22222222222222,306.8420234475515
0.6666666666666666,0.6666666666666666,0.7777777777777777,22.22222222222222,301.33763098486776
0.6666666666666666,0.6666666666666666,0.8888888888888888,22.22222222222222,300.11562825278884
0.6666666666666666,0.6666666666666666,1.0,22.22222222222222,300.00441944249496
0.6666666666666666,0.7777777777777777,0.0,22.22222222222222,300.0008640109556
0.6666666666666666,0.7777777777777777,0.1111111111111111,22.22222222222222,300.02260558369056
0.6666666666666666,0.7777777777777777,0.2222222222222222,22.22222222222222,300.2615098684467
0.6666666666666666,0.7777777777777777,0.3333333333333333,22.22222222222222,301.33763098486776
0.6666666666666666,0.7777777777777777,0.4444444444444444,22.22222222222222,303.0252442153711
0.6666666666666666,0.7777777777777777,0.5555555555555556,22.22222222222222,303.0252442153711
0.6666666666666666,0.7777777777777777,0.6666666666666666,22.22222222222222,301.33763098486776
0.6666666666666666,0.7777777777777777,0.7777777777777777,22.22222222222222,300.2615098684467
0.6666666666666666,0.7777777777777777,0.8888888888888888,22.22222222222222,300.02260558369056
0.6666666666666666,0.7777777777777777,1.0,22.22222222222222,300.0008640109556
0.6666666666666666,0.8888888888888888,0.0,22.22222222222222,300.0000746873228
0.6666666666666666,0.8888888888888888,0.1111111111111111,22.22222222222222,300.001954084628
0.6666666666666666,0.8888888888888888,0.2222222222222222,22.22222222222222,300.02260558369056
0.6666666666666666,0.8888888888888888,0.3333333333333333,22.22222222222222,300.11562825278884
0.6666666666666666,0.8888888888888888,0.4444444444444444,22.22222222222222,300.2615098684467
0.6666666666666666,0.8888888888888888,0.5555555555555556,22.22222222222222,300.2615098684467
0.6666666666666666,0.8888888888888888,0.6666666666666666,22.22222222222222,300.11562825278884
0.6666666666666666,0.8888888888888888,0.7777777777777777,22.22222222222222,300.02260558369056
0.6666666666666666,0.8888888888888888,0.8888888888888888,22.22222222222222,300.001954084628
0.6666666666666666,0.8888888888888888,1.0,22.22222222222222,300.0000746873228
0.6666666666666666,1.0,0.0,22.22222222222222,300.00000285463386
0.6666666666666666,1.0,0.1111111111111111,22.22222222222222,300.0000746873228
0.6666666666666666,1.0,0.2222222222222222,22.22222222222222,300.0008640109556
0.6666666666666666,1.0,0.3333333333333333,22.22222222222222,300.00441944249496
0.6666666666666666,1.0,0.4444444444444444,22.22222222222222,300.0099952027086
0.6666666666666666,1.0,0.5555555555555556,22.22222222222222,300.0099952027086
0.6666666666666666,1.0,0.6666666666666666,22.22222222222222,300.00441944249496
0.6666666666666666,1.0,0.7777777777777777,22.22222222222222,300.0008640109556
0.6666666666666666,1.0,0.8888888888888888,22.22222222222222,300.0000746873228
0.6666666666666666,1.0,1.0,22.22222222222222,300.00000285463386
0.7777777777777777,0.0,0.0,22.22222222222222,300.0000005580873
0.7777777777777777,0.0,0.1111111111111111,22.22222222222222,300.0000146015397
0.7777777777777777,0.0,0.2222222222222222,22.22222222222222,300.00016891608664
0.7777777777777777,0.0,0.3333333333333333,22.22222222222222,300.0008640109556
0.7777777777777777,0.0,0.4444444444444444,22.22222222222222,300.001954084628
0.7777777777777777,0.0,0.5555555555555556,22.22222222222222,300.001954084628
0.7777777777777777,0.0,0.6666666666666666,22.22222222222222,300.0008640109556
0.7777777777777777,0.0,0.7777777777777777,22.22222222222222,300.00016891608664
0.7777777777777777,0.0,0.8888888888888888,22.22222222222222,300.0000146015397
0.7777777777777777,0.0,1.0,22.22222222222222,300.0000005580873
0.7777777777777777,0.1111111111111111,0.0,22.22222222222222,300.0000146015397
0.7777777777777777,0.1111111111111111,0.1111111111111111,22.22222222222222,300.00038202794326
0.7777777777777777,0.1111111111111111,0.2222222222222222,22.22222222222222,300.00441944249496
0.7777777777777777,0.1111111111111111,0.3333333333333333,22.22222222222222,300.02260558369056
0.7777777777777777,0.1111111111111111,0.4444444444444444,22.22222222222222,300.05112576792004
0.7777777777777777,0.1111111111111111,0.5555555555555556,22.22222222222222,300.05112576792004
0.7777777777777777,0.1111111111111111,0.6666666666666666,22.22222222222222,300.02260558369056
0.7777777777777777,0.1111111111111111,0.7777777777777777,22.22222222222222,300.00441944249496
0.7777777777777777,0.1111111111111111,0.8888888888888888,22.22222222222222,300.00038202794326
0.7777777777777777,0.1111111111111111,1.0,22.22222222222222,300.0000146015397
0.7777777777777777,0.2222222222222222,0.0,22.22222222222222,300.00016891608664
0.7777777777777777,0.2222222222222222,0.1111111111111111,22.22222222222222,300.00441944249496
0.7777777777777777,0.2222222222222222,0.2222222222222222,22.22222222222222,300.05112576792004
0.7777777777777777,0.2222222222222222,0.3333333333333333,22.22222222222222,300.2615098684467
0.7777777777777777,0.2222222222222222,0.4444444444444444,22.22222222222222,300.59144205369836
0.7777777777777777,0.2222222222222222,0.5555555555555556,22.22222222222222,300.59144205369836
0.7777777777777777,0.2222222222222222,0.6666666666666666,22.22222222222222,300.2615098684467
0.7777777777777777,0.2222222222222222,0.7777777777777777,22.22222222222222,300.05112576792004
0.7777777777777777,0.2222222222222222,0.8888888888888888,22.22222222222222,300.00441944249496
0.7777777777777777,0.2222222222222222,1.0,22.22222222222222,300.00016891608664
0.7777777777777777,0.3333333333333333,0.0,22.22222222222222,300.0008640109556
0.7777777777777777,0.3333333333333333,0.1111111111111111,22.22222222222222,300.02260558369056
0.7777777777777777,0.3333333333333333,0.2222222222222222,22.22222222222222,300.2615098684467
0.7777777777777777,0.3333333333333333,0.3333333333333333,22.22222222222222,301.33763098486776
0.7777777777777777,0.3333333333333333,0.4444444444444444,22.22222222222222,303.0252442153711
0.7777777777777777,0.3333333333333333,0.5555555555555556,22.22222222222222,303.0252442153711
0.7777777777777777,0.3333333333333333,0.6666666666666666,22.22222222222222,301.33763098486776
0.7777777777777777,0.3333333333333333,0.7777777777777777,22.22222222222222,300.2615098684467
0.7777777777777777,0.3333333333333333,0.8888888888888888,22.22222222222222,300.02260558369056
0.7777777777777777,0.3333333333333333,1.0,22.22222222222222,300.0008640109556
0.7777777777777777,0.4444444444444444,0.0,22.22222222222222,300.001954084628
0.7777777777777777,0.4444444444444444,0.1111111111111111,22.22222222222222,300.05112576792004
0.7777777777777777,0.4444444444444444,0.2222222222222222,22.22222222222222,300.59144205369836
0.7777777777777777,0.4444444444444444,0.3333333333333333,22.22222222222222,303.0252442153711
0.7777777777777777,0.4444444444444444,0.4444444444444444,22.22222222222222,306.8420234475515
0.7777777777777777,0.4444444444444444,0.5555555555555556,22.22222222222222,306.8420234475515
0.7777777777777777,0.4444444444444444,0.6666666666666666,22.22222222222222,303.0252442153711
0.7777777777777777,0.4444444444444444,0.7777777777777777,22.22222222222222,300.59144205369836
0.7777777777777777,0.4444444444444444,0.8888888888888888,22.22222222222222,300.05112576792004
0.7777777777777777,0.4444444444444444,1.0,22.22222222222222,300.001954084628
0.7777777777777777,0.5555555555555556,0.0,22.22222222222222,300.001954084628
0.7777777777777777,0.5555555555555556,0.1111111111111111,22.22222222222222,300.05112576792004
0.7777777777777777,0.5555555555555556,0.2222222222222222,22.22222222222222,300.59144205369836
0.7777777777777777,0.5555555555555556,0.3333333333333333,22.22222222222222,303.0252442153711
0.7777777777777777,0.5555555555555556,0.4444444444444444,22.22222222222222,306.8420234475515
0.7777777777777777,0.5555555555555556,0.5555555555555556,22.22222222222222,306.8420234475515
0.7777777777777777,0.5555555555555556,0.6666666666666666,22.22222222222222,303.0252442153711
0.7777777777777777,0.5555555555555556,0.7777777777777777,22.22222222222222,300.59144205369836
0.7777777777777777,0.5555555555555556,0.8888888888888888,22.22222222222222,300.05112576792004
0.7777777777777777,0.5555555555555556,1.0,22.22222222222222,300.001954084628
0.7777777777777777,0.6666666666666666,0.0,22.22222222222222,300.0008640109556
0.7777777777777777,0.6666666666666666,0.1111111111111111,22.22222222222222,300.02260558369056
0.7777777777777777,0.6666666666666666,0.2222222222222222,22.22222222222222,300.2615098684467
0.7777777777777777,0.6666666666666666,0.3333333333333333,22.22222222222222,301.33763098486776
0.7777777777777777,0.6666666666666666,0.4444444444444444,22.22222222222222,303.0252442153711
0.7777777777777777,0.6666666666666666,0.5555555555555556,22.22222222222222,303.0252442153711
0.7777777777777777,0.6666666666666666,0.6666666666666666,22.22222222222222,301.33763098486776
0.7777777777777777,0.6666666666666666,0.7777777777777777,22.22222222222222,300.2615098684467
0.7777777777777777,0.6666666666666666,0.8888888888888888,22.22222222222222,300.02260558369056
0.7777777777777777,0.6666666666666666,1.0,22.22222222222222,300.0008640109556
0.7777777777777777,0.7777777777777777,0.0,22.22222222222222,300.00016891608664
0.7777777777777777,0.7777777777777777,0.1111111111111111,22.22222222222222,300.00441944249496
0.7777777777777777,0.7777777777777777,0.2222222222222222,22.22222222222222,300.05112576792004
0.7777777777777777,0.7777777777777777,0.3333333333333333,22.22222222222222,300.2615098684467
0.7777777777777777,0.7777777777777777,0.4444444444444444,22.22222222222222,300.59144205369836
0.7777777777777777,0.7777777777777777,0.5555555555555556,22.22222222222222,300.59144205369836
0.7777777777777777,0.7777777777777777,0.6666666666666666,22.22222222222222,300.2615098684467
0.7777777777777777,0.7777777777777777,0.7777777777777777,22.22222222222222,300.05112576792004
0.7777777777777777,0.7777777777777777,0.8888888888888888,22.22222222222222,300.00441944249496
0.7777777777777777,0.7777777777777777,1.0,22.22222222222222,300.00016891608664
0.7777777777777777,0.8888888888888888,0.0,22.22222222222222,300.0000146015397
0.7777777777777777,0.8888888888888888,0.1111111111111111,22.22222222222222,300.00038202794326
0.7777777777777777,0.8888888888888888,0.2222222222222222,22.22222222222222,300.00441944249496
0.7777777777777777,0.8888888888888888,0.3333333333333333,22.22222222222222,300.02260558369056
0.7777777777777777,0.8888888888888888,0.4444444444444444,22.22222222222222,300.05112576792004
0.7777777777777777,0.8888888888888888,0.5555555555555556,22.22222222222222,300.05112576792004
0.7777777777777777,0.8888888888888888,0.6666666666666666,22.22222222222222,300.02260558369056
0.7777777777777777,0.8888888888888888,0.7777777777777777,22.22222222222222,300.00441944249496
0.7777777777777777,0.8888888888888888,0.8888888888888888,22.22222222222222,300.00038202794326
0.7777777777777777,0.8888888888888888,1.0,22.22222222222222,300.0000146015397
0.7777777777777777,1.0,0.0,22.22222222222222,300.0000005580873
0.7777777777777777,1.0,0.1111111111111111,22.22222222222222,300.0000146015397
0.7777777777777777,1.0,0.2222222222222222,22.22222222222222,300.00016891608664
0.7777777777777777,1.0,0.3333333333333333,22.22222222222222,300.0008640109556
0.7777777777777777,1.0,0.4444444444444444,22.22222222222222,300.001954084628
0.7777777777777777,1.0,0.5555555555555556,22.22222222222222,300.001954084628
0.7777777777777777,1.0,0.6666666666666666,22.22222222222222,300.0008640109556
0.7777777777777777,1.0,0.7777777777777777,22.22222222222222,300.00016891608664
0.7777777777777777,1.0,0.8888888888888888,22.22222222222222,300.0000146015397
0.7777777777777777,1.0,1.0,22.22222222222222,300.0000005580873
0.8888888888888888,0.0,0.0,22.22222222222222,300.0000000482425
0.8888888888888888,0.0,0.1111111111111111,22.22222222222222,300.00000126219453
0.8888888888888888,0.0,0.2222222222222222,22.22222222222222,300.0000146015397
0.8888888888888888,0.0,0.3333333333333333,22.22222222222222,300.0000746873228
0.8888888888888888,0.0,0.4444444444444444,22.22222222222222,300.00016891608664
0.8888888888888888,0.0,0.5555555555555556,22.22222222222222,300.00016891608664
0.8888888888888888,0.0,0.6666666666666666,22.22222222222222,300.0000746873228
0.8888888888888888,0.0,0.7777777777777777,22.22222222222222,300.0000146015397
0.8888888888888888,0.0,0.8888888888888888,22.22222222222222,300.00000126219453
0.8888888888888888,0.0,1.0,22.22222222222222,300.0000000482425
0.8888888888888888,0.1111111111111111,0.0,22.22222222222222,300.00000126219453
0.8888888888888888,0.1111111111111111,0.1111111111111111,22.22222222222222,300.00003302347517
0.8888888888888888,0.1111111111111111,0.2222222222222222,22.22222222222222,300.00038202794326
0.8888888888888888,0.1111111111111111,0.3333333333333333,22.22222222222222,300.001954084628
0.8888888888888888,0.1111111111111111,0.4444444444444444,22.22222222222222,300.00441944249496
0.8888888888888888,0.1111111111111111,0.5555555555555556,22.22222222222222,300.00441944249496
0.8888888888888888,0.1111111111111111,0.6666666666666666,22.22222222222222,300.001954084628
0.8888888888888888,0.1111111111111111,0.7777777777777777,22.22222222222222,300.00038202794326
0.8888888888888888,0.1111111111111111,0.8888888888888888,22.22222222222222,300.00003302347517
0.8888888888888888,0.1111111111111111,1.0,22.22222222222222,300.00000126219453
0.8888888888888888,0.2222222222222222,0.0,22.22222222222222,300.0000146015397
0.8888888888888888,0.2222222222222222,0.1111111111111111,22.22222222222222,300.00038202794326
0.8888888888888888,0.2222222222222222,0.2222222222222222,22.22222222222222,300.00441944249496
0.8888888888888888,0.2222222222222222,0.3333333333333333,22.22222222222222,300.02260558369056
0.8888888888888888,0.2222222222222222,0.4444444444444444,22.22222222222222,300.05112576792004
0.8888888888888888,0.2222222222222222,0.5555555555555556,22.22222222222222,300.05112576792004
0.8888888888888888,0.2222222222222222,0.6666666666666666,22.22222222222222,300.02260558369056
0.8888888888888888,0.2222222222222222,0.7777777777777777,22.22222222222222,300.00441944249496
0.8888888888888888,0.2222222222222222,0.8888888888888888,22.22222222222222,300.00038202794326
0.8888888888888888,0.2222222222222222,1.0,22.22222222222222,300.0000146015397
0.8888888888888888,0.3333333333333333,0.0,22.22222222222222,300.0000746873228
0.8888888888888888,0.3333333333333333,0.1111111111111111,22.22222222222222,300.001954084628
0.8888888888888888,0.3333333333333333,0.2222222222222222,22.22222222222222,300.02260558369056
0.8888888888888888,0.3333333333333333,0.3333333333333333,22.22222222222222,300.11562825278884
0.8888888888888888,0.3333333333333333,0.4444444444444444,22.22222222222222,300.2615098684467
0.8888888888888888,0.3333333333333333,0.5555555555555556,22.22222222222222,300.2615098684467
0.8888888888888888,0.3333333333333333,0.6666666666666666,22.22222222222222,300.11562825278884
0.8888888888888888,0.3333333333333333,0.7777777777777777,22.22222222222222,300.02260558369056
0.8888888888888888,0.3333333333333333,0.8888888888888888,22.22222222222222,300.001954084628
0.8888888888888888,0.3333333333333333,1.0,22.22222222222222,300.0000746873228
0.8888888888888888,0.4444444444444444,0.0,22.22222222222222,300.00016891608664
0.8888888888888888,0.4444444444444444,0.1111111111111111,22.22222222222222,300.00441944249496
0.8888888888888888,0.4444444444444444,0.2222222222222222,22.22222222222222,300.05112576792004
0.8888888888888888,0.4444444444444444,0.3333333333333333,22.22222222222222,300.2615098684467
0.8888888888888888,0.4444444444444444,0.4444444444444444,22.22222222222222,300.59144205369836
0.8888888888888888,0.4444444444444444,0.5555555555555556,22.22222222222222,300.59144205369836
0.8888888888888888,0.4444444444444444,0.6666666666666666,22.22222222222222,300.2615098684467
0.8888888888888888,0.4444444444444444,0.7777777777777777,22.22222222222222,300.05112576792004
0.8888888888888888,0.4444444444444444,0.8888888888888888,22.22222222222222,300.00441944249496
0.8888888888888888,0.4444444444444444,1.0,22.22222222222222,300.00016891608664
0.8888888888888888,0.5555555555555556,0.0,22.22222222222222,300.00016891608664
0.8888888888888888,0.5555555555555556,0.1111111111111111,22.22222222222222,300.00441944249496
0.8888888888888888,0.5555555555555556,0.2222222222222222,22.22222222222222,300.05112576792004
0.8888888888888888,0.5555555555555556,0.3333333333333333,22.22222222222222,300.2615098684467
0.8888888888888888,0.5555555555555556,0.4444444444444444,22.22222222222222,300.59144205369836
0.8888888888888888,0.5555555555555556,0.5555555555555556,22.22222222222222,300.59144205369836
0.8888888888888888,0.5555555555555556,0.6666666666666666,22.22222222222222,300.2615098684467
0.8888888888888888,0.5555555555555556,0.7777777777777777,22.22222222222222,300.05112576792004
0.8888888888888888,0.5555555555555556,0.8888888888888888,22.22222222222222,300.00441944249496
0.8888888888888888,0.5555555555555556,1.0,22.22222222222222,300.00016891608664
0.8888888888888888,0.6666666666666666,0.0,22.22222222222222,300.0000746873228
0.8888888888888888,0.6666666666666666,0.1111111111111111,22.22222222222222,300.001954084628
0.8888888888888888,0.6666666666666666,0.2222222222222222,22.22222222222222,300.02260558369056
0.8888888888888888,0.6666666666666666,0.3333333333333333,22.22222222222222,300.11562825278884
0.8888888888888888,0.6666666666666666,0.4444444444444444,22.22222222222222,300.2615098684467
0.8888888888888888,0.6666666666666666,0.5555555555555556,22.22222222222222,300.2615098684467
0.8888888888888888,0.6666666666666666,0.6666666666666666,22.22222222222222,300.11562825278884
0.8888888888888888,0.6666666666666666,0.7777777777777777,22.22222222222222,300.02260558369056
0.8888888888888888,0.6666666666666666,0.8888888888888888,22.22222222222222,300.001954084628
0.8888888888888888,0.6666666666666666,1.0,22.22222222222222,300.0000746873228
0.8888888888888888,0.7777777777777777,0.0,22.22222222222222,300.0000146015397
0.8888888888888888,0.7777777777777777,0.1111111111111111,22.22222222222222,300.00038202794326
0.8888888888888888,0.7777777777777777,0.2222222222222222,22.22222222222222,300.00441944249496
0.8888888888888888,0.7777777777777777,0.3333333333333333,22.22222222222222,300.02260558369056
0.8888888888888888,0.7777777777777777,0.4444444444444444,22.22222222222222,300.05112576792004
0.8888888888888888,0.7777777777777777,0.5555555555555556,22.22222222222222,300.05112576792004
0.8888888888888888,0.7777777777777777,0.6666666666666666,22.22222222222222,300.02260558369056
0.8888888888888888,0.7777777777777777,0.7777777777777777,22.22222222222222,300.00441944249496
0.8888888888888888,0.7777777777777777,0.8888888888888888,22.22222222222222,300.00038202794326
0.8888888888888888,0.7777777777777777,1.0,22.22222222222222,300.0000146015397
0.8888888888888888,0.8888888888888888,0.0,22.22222222222222,300.00000126219453
0.8888888888888888,0.8888888888888888,0.1111111111111111,22.22222222222222,300.00003302347517
0.8888888888888888,0.8888888888888888,0.2222222222222222,22.22222222222222,300.00038202794326
0.8888888888888888,0.8888888888888888,0.3333333333333333,22.22222222222222,300.001954084628
0.8888888888888888,0.8888888888888888,0.4444444444444444,22.22222222222222,300.00441944249496
0.8888888888888888,0.8888888888888888,0.5555555555555556,22.22222222222222,300.00441944249496
0.8888888888888888,0.8888888888888888,0.6666666666666666,22.22222222222222,300.001954084628
0.8888888888888888,0.8888888888888888,0.7777777777777777,22.22222222222222,300.00038202794326
0.8888888888888888,0.8888888888888888,0.8888888888888888,22.22222222222222,300.00003302347517
0.8888888888888888,0.8888888888888888,1.0,22.22222222222222,300.00000126219453
0.8888888888888888,1.0,0.0,22.22222222222222,300.0000000482425
0.8888888888888888,1.0,0.1111111111111111,22.22222222222222,300.00000126219453
0.8888888888888888,1.0,0.2222222222222222,22.22222222222222,300.0000146015397
0.8888888888888888,1.0,0.3333333333333333,22.22222222222222,300.0000746873228
0.8888888888888888,1.0,0.4444444444444444,22.22222222222222,300.00016891608664
0.8888888888888888,1.0,0.5555555555555556,22.22222222222222,300.00016891608664
0.8888888888888888,1.0,0.6666666666666666,22.22222222222222,300.0000746873228
0.8888888888888888,1.0,0.7777777777777777,22.22222222222222,300.0000146015397
0.8888888888888888,1.0,0.8888888888888888,22.22222222222222,300.00000126219453
0.8888888888888888,1.0,1.0,22.22222222222222,300.0000000482425
1.0,0.0,0.0,22.22222222222222,300.0000000018439
1.0,0.0,0.1111111111111111,22.22222222222222,300.0000000482425
1.0,0.0,0.2222222222222222,22.22222222222222,300.0000005580873
1.0,0.0,0.3333333333333333,22.22222222222222,300.00000285463386
1.0,0.0,0.4444444444444444,22.22222222222222,300.0000064561637
1.0,0.0,0.5555555555555556,22.22222222222222,300.0000064561637
1.0,0.0,0.6666666666666666,22.22222222222222,300.00000285463386
1.0,0.0,0.7777777777777777,22.22222222222222,300.0000005580873
1.0,0.0,0.8888888888888888,22.22222222222222,300.0000000482425
1.0,0.0,1.0,22.22222222222222,300.0000000018439
1.0,0.1111111111111111,0.0,22.22222222222222,300.0000000482425
1.0,0.1111111111111111,0.1111111111111111,22.22222222222222,300.00000126219453
1.0,0.1111111111111111,0.2222222222222222,22.22222222222222,300.0000146015397
1.0,0.1111111111111111,0.3333333333333333,22.22222222222222,300.0000746873228
1.0,0.1111111111111111,0.4444444444444444,22.22222222222222,300.00016891608664
1.0,0.1111111111111111,0.5555555555555556,22.22222222222222,300.00016891608664
1.0,0.1111111111111111,0.6666666666666666,22.22222222222222,300.0000746873228
1.0,0.1111111111111111,0.7777777777777777,22.22222222222222,300.0000146015397
1.0,0.1111111111111111,0.8888888888888888,22.22222222222222,300.00000126219453
1.0,0.1111111111111111,1.0,22.22222222222222,300.0000000482425
1.0,0.2222222222222222,0.0,22.22222222222222,300.0000005580873
1.0,0.2222222222222222,0.1111111111111111,22.22222222222222,300.0000146015397
1.0,0.2222222222222222,0.2222222222222222,22.22222222222222,300.00016891608664
1.0,0.2222222222222222,0.3333333333333333,22.22222222222222,300.0008640109556
1.0,0.2222222222222222,0.4444444444444444,22.22222222222222,300.001954084628
1.0,0.2222222222222222,0.5555555555555556,22.22222222222222,300.001954084628
1.0,0.2222222222222222,0.6666666666666666,22.22222222222222,300.0008640109556
1.0,0.2222222222222222,0.7777777777777777,22.22222222222222,300.00016891608664
1.0,0.2222222222222222,0.8888888888888888,22.22222222222222,300.0000146015397
1.0,0.2222222222222222,1.0,22.22222222222222,300.0000005580873
1.0,0.3333333333333333,0.0,22.22222222222222,300.00000285463386
1.0,0.3333333333333333,0.1111111111111111,22.22222222222222,300.0000746873228
1.0,0.3333333333333333,0.2222222222222222,22.22222222222222,300.0008640109556
1.0,0.3333333333333333,0.3333333333333333,22.22222222222222,300.00441944249496
1.0,0.3333333333333333,0.4444444444444444,22.22222222222222,300.0099952027086
1.0,0.3333333333333333,0.5555555555555556,22.22222222222222,300.0099952027086
1.0,0.3333333333333333,0.6666666666666666,22.22222222222222,300.00441944249496
1.0,0.3333333333333333,0.7777777777777777,22.22222222222222,300.0008640109556
1.0,0.3333333333333333,0.8888888888888888,22.22222222222222,300.0000746873228
1.0,0.3333333333333333,1.0,22.22222222222222,300.00000285463386
1.0,0.4444444444444444,0.0,22.22222222222222,300.0000064561637
1.0,0.4444444444444444,0.1111111111111111,22.22222222222222,300.00016891608664
1.0,0.4444444444444444,0.2222222222222222,22.22222222222222,300.001954084628
1.0,0.4444444444444444,0.3333333333333333,22.22222222222222,300.0099952027086
1.0,0.4444444444444444,0.4444444444444444,22.22222222222222,300.02260558369056
1.0,0.4444444444444444,0.5555555555555556,22.22222222222222,300.02260558369056
1.0,0.4444444444444444,0.6666666666666666,22.22222222222222,300.0099952027086
1.0,0.4444444444444444,0.7777777777777777,22.22222222222222,300.001954084628
1.0,0.4444444444444444,0.8888888888888888,22.22222222222222,300.00016891608664
1.0,0.4444444444444444,1.0,22.22222222222222,300.0000064561637
1.0,0.5555555555555556,0.0,22.22222222222222,300.0000064561637
1.0,0.5555555555555556,0.1111111111111111,22.22222222222222,300.00016891608664
1.0,0.5555555555555556,0.2222222222222222,22.22222222222222,300.001954084628
1.0,0.5555555555555556,0.3333333333333333,22.22222222222222,300.0099952027086
1.0,0.5555555555555556,0.4444444444444444,22.22222222222222,300.02260558369056
1.0,0.5555555555555556,0.5555555555555556,22.22222222222222,300.02260558369056
1.0,0.5555555555555556,0.6666666666666666,22.22222222222222,300.0099952027086
1.0,0.5555555555555556,0.7777777777777777,22.22222222222222,300.001954084628
1.0,0.5555555555555556,0.8888888888888888,22.22222222222222,300.00016891608664
1.0,0.5555555555555556,1.0,22.22222222222222,300.0000064561637
1.0,0.6666666666666666,0.0,22.22222222222222,300.00000285463386
1.0,0.6666666666666666,0.1111111111111111,22.22222222222222,300.0000746873228
1.0,0.6666666666666666,0.2222222222222222,22.22222222222222,300.0008640109556
1.0,0.6666666666666666,0.3333333333333333,22.22222222222222,300.00441944249496
1.0,0.6666666666666666,0.4444444444444444,22.22222222222222,300.0099952027086
1.0,0.6666666666666666,0.5555555555555556,22.22222222222222,300.0099952027086
1.0,0.6666666666666666,0.6666666666666666,22.22222222222222,300.00441944249496
1.0,0.6666666666666666,0.7777777777777777,22.22222222222222,300.0008640109556
1.0,0.6666666666666666,0.8888888888888888,22.22222222222222,300.0000746873228
1.0,0.6666666666666666,1.0,22.22222222222222,300.00000285463386
1.0,0.7777777777777777,0.0,22.22222222222222,300.0000005580873
1.0,0.7777777777777777,0.1111111111111111,22.22222222222222,300.0000146015397
1.0,0.7777777777777777,0.2222222222222222,22.22222222222222,300.00016891608664
1.0,0.7777777777777777,0.3333333333333333,22.22222222222222,300.0008640109556
1.0,0.7777777777777777,0.4444444444444444,22.22222222222222,300.001954084628
1.0,0.7777777777777777,0.5555555555555556,22.22222222222222,300.001954084628
1.0,0.7777777777777777,0.6666666666666666,22.22222222222222,300.0008640109556
1.0,0.7777777777777777,0.7777777777777777,22.22222222222222,300.00016891608664
1.0,0.7777777777777777,0.8888888888888888,22.22222222222222,300.0000146015397
1.0,0.7777777777777777,1.0,22.22222222222222,300.0000005580873
1.0,0.8888888888888888,0.0,22.22222222222222,300.0000000482425
1.0,0.8888888888888888,0.1111111111111111,22.22222222222222,300.00000126219453
1.0,0.8888888888888888,0.2222222222222222,22.22222222222222,300.0000146015397
1.0,0.8888888888888888,0.3333333333333333,22.22222222222222,300.0000746873228
1.0,0.8888888888888888,0.4444444444444444,22.22222222222222,300.00016891608664
1.0,0.8888888888888888,0.5555555555555556,22.22222222222222,300.00016891608664
1.0,0.8888888888888888,0.6666666666666666,22.22222222222222,300.0000746873228
1.0,0.8888888888888888,0.7777777777777777,22.22222222222222,300.0000146015397
1.0,0.8888888888888888,0.8888888888888888,22.22222222222222,300.00000126219453
1.0,0.8888888888888888,1.0,22.22222222222222,300.0000000482425
1.0,1.0,0.0,22.22222222222222,300.0000000018439
1.0,1.0,0.1111111111111111,22.22222222222222,300.0000000482425
1.0,1.0,0.2222222222222222,22.22222222222222,300.0000005580873
1.0,1.0,0.3333333333333333,22.22222222222222,300.00000285463386
1.0,1.0,0.4444444444444444,22.22222222222222,300.0000064561637
1.0,1.0,0.5555555555555556,22.22222222222222,300.0000064561637
1.0,1.0,0.6666666666666666,22.22222222222222,300.00000285463386
1.0,1.0,0.7777777777777777,22.22222222222222,300.0000005580873
1.0,1.0,0.8888888888888888,22.22222222222222,300.0000000482425
1.0,1.0,1.0,22.22222222222222,300.0000000018439
0.0,0.0,0.0,33.33333333333333,300.0000000529555
0.0,0.0,0.1111111111111111,33.33333333333333,300.000000863283
0.0,0.0,0.2222222222222222,33.33333333333333,300.00000700381764
0.0,0.0,0.3333333333333333,33.33333333333333,300.00002827847135
0.0,0.0,0.4444444444444444,33.33333333333333,300.00005682199514
0.0,0.0,0.5555555555555556,33.33333333333333,300.00005682199514
0.0,0.0,0.6666666666666666,33.33333333333333,300.00002827847135
0.0,0.0,0.7777777777777777,33.33333333333333,300.00000700381764
0.0,0.0,0.8888888888888888,33.33333333333333,300.000000863283
0.0,0.0,1.0,33.33333333333333,300.0000000529555
0.0,0.1111111111111111,0.0,33.33333333333333,300.000000863283
0.0,0.1111111111111111,0.1111111111111111,33.33333333333333,300.0000140732817
0.0,0.1111111111111111,0.2222222222222222,33.33333333333333,300.0001141765793
0.0,0.1111111111111111,0.3333333333333333,33.33333333333333,300.00046099702814
0.0,0.1111111111111111,0.4444444444444444,33.33333333333333,300.0009263149531
0.0,0.1111111111111111,0.5555555555555556,33.33333333333333,300.0009263149531
0.0,0.1111111111111111,0.6666666666666666,33.33333333333333,300.00046099702814
0.0,0.1111111111111111,0.7777777777777777,33.33333333333333,300.0001141765793
0.0,0.1111111111111111,0.8888888888888888,33.33333333333333,300.0000140732817
0.0,0.1111111111111111,1.0,33.33333333333333,300.000000863283
0.0,0.2222222222222222,0.0,33.33333333333333,300.00000700381764
0.0,0.2222222222222222,0.1111111111111111,33.33333333333333,300.0001141765793
0.0,0.2222222222222222,0.2222222222222222,33.33333333333333,300.0009263149531
0.0,0.2222222222222222,0.3333333333333333,33.33333333333333,300.0037400703637
0.0,0.2222222222222222,0.4444444444444444,33.33333333333333,300.0075151961771
0.0,0.2222222222222222,0.5555555555555556,33.33333333333333,300.0075151961771
0.0,0.2222222222222222,0.6666666666666666,33.33333333333333,300.0037400703637
0.0,0.2222222222222222,0.7777777777777777,33.33333333333333,300.0009263149531
0.0,0.2222222222222222,0.8888888888888888,33.33333333333333,300.0001141765793
0.0,0.2222222222222222,1.0,33.33333333333333,300.00000700381764
0.0,0.3333333333333333,0.0,33.33333333333333,300.00002827847135
0.0,0.3333333333333333,0.1111111111111111,33.33333333333333,300.00046099702814
0.0,0.3333333333333333,0.2222222222222222,33.33333333333333,300.0037400703637
0.0,0.3333333333333333,0.3333333333333333,33.33333333333333,300.01510083182643
0.0,0.3333333333333333,0.4444444444444444,33.33333333333333,300.030343202822
0.0,0.3333333333333333,0.5555555555555556,33.33333333333333,300.030343202822
0.0,0.3333333333333333,0.6666666666666666,33.33333333333333,300.01510083182643
0.0,0.3333333333333333,0.7777777777777777,33.33333333333333,300.0037400703637
0.0,0.3333333333333333,0.8888888888888888,33.33333333333333,300.00046099702814
0.0,0.3333333333333333,1.0,33.33333333333333,300.00002827847135
0.0,0.4444444444444444,0.0,33.33333333333333,300.00005682199514
0.0,0.4444444444444444,0.1111111111111111,33.33333333333333,300.0009263149531
0.0,0.4444444444444444,0.2222222222222222,33.33333333333333,300.0075151961771
0.0,0.4444444444444444,0.3333333333333333,33.33333333333333,300.030343202822
0.0,0.4444444444444444,0.4444444444444444,33.33333333333333,300.06097081062035
0.0,0.4444444444444444,0.5555555555555556,33.33333333333333,300.06097081062035
0.0,0.4444444444444444,0.6666666666666666,33.33333333333333,300.030343202822
0.0,0.4444444444444444,0.7777777777777777,33.33333333333333,300.0075151961771
0.0,0.4444444444444444,0.8888888888888888,33.33333333333333,300.0009263149531
0.0,0.4444444444444444,1.0,33.33333333333333,300.00005682199514
0.0,0.5555555555555556,0.0,33.33333333333333,300.00005682199514
0.0,0.5555555555555556,0.1111111111111111,33.33333333333333,300.0009263149531
0.0,0.5555555555555556,0.2222222222222222,33.33333333333333,300.0075151961771
0.0,0.5555555555555556,0.3333333333333333,33.33333333333333,300.030343202822
0.0,0.5555555555555556,0.4444444444444444,33.33333333333333,300.06097081062035
0.0,0.5555555555555556,0.5555555555555556,33.33333333333333,300.06097081062035
0.0,0.5555555555555556,0.6666666666666666,33.33333333333333,300.030343202822
0.0,0.5555555555555556,0.7777777777777777,33.33333333333333,300.0075151961771
0.0,0.5555555555555556,0.8888888888888888,33.33333333333333,300.0009263149531
0.0,0.5555555555555556,1.0,33.33333333333333,300.00005682199514
0.0,0.6666666666666666,0.0,33.33333333333333,300.00002827847135
0.0,0.6666666666666666,0.1111111111111111,33.33333333333333,300.00046099702814
0.0,0.6666666666666666,0.2222222222222222,33.33333333333333,300.0037400703637
0.0,0.6666666666666666,0.3333333333333333,33.33333333333333,300.01510083182643
0.0,0.6666666666666666,0.4444444444444444,33.33333333333333,300.030343202822
0.0,0.6666666666666666,0.5555555555555556,33.33333333333333,300.030343202822
0.0,0.6666666666666666,0.6666666666666666,33.33333333333333,300.01510083182643
0.0,0.6666666666666666,0.7777777777777777,33.33333333333333,300.0037400703637
0.0,0.6666666666666666,0.8888888888888888,33.33333333333333,300.00046099702814
0.0,0.6666666666666666,1.0,33.33333333333333,300.00002827847135
0.0,0.7777777777777777,0.0,33.33333333333333,300.00000700381764
0.0,0.7777777777777777,0.1111111111111111,33.33333333333333,300.0001141765793
0.0,0.7777777777777777,0.2222222222222222,33.33333333333333,300.0009263149531
0.0,0.7777777777777777,0.3333333333333333,33.33333333333333,300.0037400703637
0.0,0.7777777777777777,0.4444444444444444,33.33333333333333,300.0075151961771
0.0,0.7777777777777777,0.5555555555555556,33.33333333333333,300.0075151961771
0.0,0.7777777777777777,0.6666666666666666,33.33333333333333,300.0037400703637
0.0,0.7777777777777777,0.7777777777777777,33.33333333333333,300.0009263149531
0.0,0.7777777777777777,0.8888888888888888,33.33333333333333,300.0001141765793
0.0,0.7777777777777777,1.0,33.33333333333333,300.00000700381764
0.0,0.8888888888888888,0.0,33.33333333333333,300.000000863283
0.0,0.8888888888888888,0.1111111111111111,33.33333333333333,300.0000140732817
0.0,0.8888888888888888,0.2222222222222222,33.33333333333333,300.0001141765793
0.0,0.8888888888888888,0.3333333333333333,33.33333333333333,300.00046099702814
0.0,0.8888888888888888,0.4444444444444444,33.33333333333333,300.0009263149531
0.0,0.8888888888888888,0.5555555555555556,33.33333333333333,300.0009263149531
0.0,0.8888888888888888,0.6666666666666666,33.33333333333333,300.00046099702814
0.0,0.8888888888888888,0.7777777777777777,33.33333333333333,300.0001141765793
0.0,0.8888888888888888,0.8888888888888888,33.33333333333333,300.0000140732817
0.0,0.8888888888888888,1.0,33.33333333333333,300.000000863283
0.0,1.0,0.0,33.33333333333333,300.0000000529555
0.0,1.0,0.1111111111111111,33.33333333333333,300.000000863283
0.0,1.0,0.2222222222222222,33.33333333333333,300.00000700381764
0.0,1.0,0.3333333333333333,33.33333333333333,300.00002827847135
0.0,1.0,0.4444444444444444,33.33333333333333,300.00005682199514
0.0,1.0,0.5555555555555556,33.33333333333333,300.00005682199514
0.0,1.0,0.6666666666666666,33.33333333333333,300.00002827847135
0.0,1.0,0.7777777777777777,33.33333333333333,300.00000700381764
0.0,1.0,0.8888888888888888,33.33333333333333,300.000000863283
0.0,1.0,1.0,33.33333333333333,300.0000000529555
0.1111111111111111,0.0,0.0,33.33333333333333,300.000000863283
0.1111111111111111,0.0,0.1111111111111111,33.33333333333333,300.0000140732817
0.1111111111111111,0.0,0.2222222222222222,33.33333333333333,300.0001141765793
0.1111111111111111,0.0,0.3333333333333333,33.33333333333333,300.00046099702814
0.1111111111111111,0.0,0.4444444444444444,33.33333333333333,300.0009263149531
0.1111111111111111,0.0,0.5555555555555556,33.33333333333333,300.0009263149531
0.1111111111111111,0.0,0.6666666666666666,33.33333333333333,300.00046099702814
0.1111111111111111,0.0,0.7777777777777777,33.33333333333333,300.0001141765793
0.1111111111111111,0.0,0.8888888888888888,33.33333333333333,300.0000140732817
0.1111111111111111,0.0,1.0,33.33333333333333,300.000000863283
0.1111111111111111,0.1111111111111111,0.0,33.33333333333333,300.0000140732817
0.1111111111111111,0.1111111111111111,0.1111111111111111,33.33333333333333,300.0002294233287
0.1111111111111111,0.1111111111111111,0.2222222222222222,33.33333333333333,300.00186131219937
0.1111111111111111,0.1111111111111111,0.3333333333333333,33.33333333333333,300.0075151961771
0.1111111111111111,0.1111111111111111,0.4444444444444444,33.33333333333333,300.01510083182643
0.1111111111111111,0.1111111111111111,0.5555555555555556,33.33333333333333,300.01510083182643
0.1111111111111111,0.1111111111111111,0.6666666666666666,33.33333333333333,300.0075151961771
0.1111111111111111,0.1111111111111111,0.7777777777777777,33.33333333333333,300.00186131219937
0.1111111111111111,0.1111111111111111,0.8888888888888888,33.33333333333333,300.0002294233287
0.1111111111111111,0.1111111111111111,1.0,33.33333333333333,300.0000140732817
0.1111111111111111,0.2222222222222222,0.0,33.33333333333333,300.0001141765793
0.1111111111111111,0.2222222222222222,0.1111111111111111,33.33333333333333,300.00186131219937
0.1111111111111111,0.2222222222222222,0.2222222222222222,33.33333333333333,300.01510083182643
0.1111111111111111,0.2222222222222222,0.3333333333333333,33.33333333333333,300.06097081062035
0.1111111111111111,0.2222222222222222,0.4444444444444444,33.33333333333333,300.1225130969038
0.1111111111111111,0.2222222222222222,0.5555555555555556,33.33333333333333,300.1225130969038
0.1111111111111111,0.2222222222222222,0.6666666666666666,33.33333333333333,300.06097081062035
0.1111111111111111,0.2222222222222222,0.7777777777777777,33.33333333333333,300.01510083182643
0.1111111111111111,0.2222222222222222,0.8888888888888888,33.33333333333333,300.00186131219937
0.1111111111111111,0.2222222222222222,1.0,33.33333333333333,300.0001141765793
0.1111111111111111,0.3333333333333333,0.0,33.33333333333333,300.00046099702814
0.1111111111111111,0.3333333333333333,0.1111111111111111,33.33333333333333,300.0075151961771
0.1111111111111111,0.3333333333333333,0.2222222222222222,33.33333333333333,300.06097081062035
0.1111111111111111,0.3333333333333333,0.3333333333333333,33.33333333333333,300.24617450154
0.1111111111111111,0.3333333333333333,0.4444444444444444,33.33333333333333,300.4946563815626
0.1111111111111111,0.3333333333333333,0.5555555555555556,33.33333333333333,300.4946563815626
0.1111111111111111,0.3333333333333333,0.6666666666666666,33.33333333333333,300.24617450154
0.1111111111111111,0.3333333333333333,0.7777777777777777,33.33333333333333,300.06097081062035
0.1111111111111111,0.3333333333333333,0.8888888888888888,33.33333333333333,300.0075151961771
0.1111111111111111,0.3333333333333333,1.0,33.33333333333333,300.00046099702814
0.1111111111111111,0.4444444444444444,0.0,33.33333333333333,300.0009263149531
0.1111111111111111,0.4444444444444444,0.1111111111111111,33.33333333333333,300.01510083182643
0.1111111111111111,0.4444444444444444,0.2222222222222222,33.33333333333333,300.1225130969038
0.1111111111111111,0.4444444444444444,0.3333333333333333,33.33333333333333,300.4946563815626
0.1111111111111111,0.4444444444444444,0.4444444444444444,33.33333333333333,300.99394914700736
0.1111111111111111,0.4444444444444444,0.5555555555555556,33.33333333333333,300.99394914700736
0.1111111111111111,0.4444444444444444,0.6666666666666666,33.33333333333333,300.4946563815626
0.1111111111111111,0.4444444444444444,0.7777777777777777,33.33333333333333,300.1225130969038
0.1111111111111111,0.4444444444444444,0.8888888888888888,33.33333333333333,300.01510083182643
0.1111111111111111,0.4444444444444444,1.0,33.33333333333333,300.0009263149531
0.1111111111111111,0.5555555555555556,0.0,33.33333333333333,300.0009263149531
0.1111111111111111,0.5555555555555556,0.1111111111111111,33.33333333333333,300.01510083182643
0.1111111111111111,0.5555555555555556,0.2222222222222222,33.33333333333333,300.1225130969038
0.1111111111111111,0.5555555555555556,0.3333333333333333,33.33333333333333,300.4946563815626
0.1111111111111111,0.5555555555555556,0.4444444444444444,33.33333333333333,300.99394914700736
0.1111111111111111,0.5555555555555556,0.5555555555555556,33.33333333333333,300.99394914700736
0.1111111111111111,0.5555555555555556,0.6666666666666666,33.33333333333333,300.4946563815626
0.1111111111111111,0.5555555555555556,0.7777777777777777,33.33333333333333,300.1225130969038
0.1111111111111111,0.5555555555555556,0.8888888888888888,33.33333333333333,300.01510083182643
0.1111111111111111,0.5555555555555556,1.0,33.33333333333333,300.0009263149531
0.1111111111111111,0.6666666666666666,0.0,33.33333333333333,300.00046099702814
0.1111111111111111,0.6666666666666666,0.1111111111111111,33.33333333333333,300.0075151961771
0.1111111111111111,0.6666666666666666,0.2222222222222222,33.33333333333333,300.06097081062035
0.1111111111111111,0.6666666666666666,0.3333333333333333,33.33333333333333,300.24617450154
0.1111111111111111,0.6666666666666666,0.4444444444444444,33.33333333333333,300.4946563815626
0.1111111111111111,0.6666666666666666,0.5555555555555556,33.33333333333333,300.4946563815626
0.1111111111111111,0.6666666666666666,0.6666666666666666,33.33333333333333,300.24617450154
0.1111111111111111,0.6666666666666666,0.7777777777777777,33.33333333333333,300.06097081062035
0.1111111111111111,0.6666666666666666,0.8888888888888888,33.33333333333333,300.0075151961771
0.1111111111111111,0.6666666666666666,1.0,33.33333333333333,300.00046099702814
0.1111111111111111,0.7777777777777777,0.0,33.33333333333333,300.0001141765793
0.1111111111111111,0.7777777777777777,0.1111111111111111,33.33333333333333,300.00186131219937
0.1111111111111111,0.7777777777777777,0.2222222222222222,33.33333333333333,300.01510083182643
0.1111111111111111,0.7777777777777777,0.3333333333333333,33.33333333333333,300.06097081062035
0.1111111111111111,0.7777777777777777,0.4444444444444444,33.33333333333333,300.1225130969038
0.1111111111111111,0.7777777777777777,0.5555555555555556,33.33333333333333,300.1225130969038
0.1111111111111111,0.7777777777777777,0.6666666666666666,33.33333333333333,300.06097081062035
0.1111111111111111,0.7777777777777777,0.7777777777777777,33.33333333333333,300.01510083182643
0.1111111111111111,0.7777777777777777,0.8888888888888888,33.33333333333333,300.00186131219937
0.1111111111111111,0.7777777777777777,1.0,33.33333333333333,300.0001141765793
0.1111111111111111,0.8888888888888888,0.0,33.33333333333333,300.0000140732817
0.1111111111111111,0.8888888888888888,0.1111111111111111,33.33333333333333,300.0002294233287
0.1111111111111111,0.8888888888888888,0.2222222222222222,33.33333333333333,300.00186131219937
0.1111111111111111,0.8888888888888888,0.3333333333333333,33.33333333333333,300.0075151961771
0.1111111111111111,0.8888888888888888,0.4444444444444444,33.33333333333333,300.01510083182643
0.1111111111111111,0.8888888888888888,0.5555555555555556,33.33333333333333,300.01510083182643
0.1111111111111111,0.8888888888888888,0.6666666666666666,33.33333333333333,300.0075151961771
0.1111111111111111,0.8888888888888888,0.7777777777777777,33.33333333333333,300.00186131219937
0.1111111111111111,0.8888888888888888,0.8888888888888888,33.33333333333333,300.0002294233287
0.1111111111111111,0.8888888888888888,1.0,33.33333333333333,300.0000140732817
0.1111111111111111,1.0,0.0,33.33333333333333,300.000000863283
0.1111111111111111,1.0,0.1111111111111111,33.33333333333333,300.0000140732817
0.1111111111111111,1.0,0.2222222222222222,33.33333333333333,300.0001141765793
0.1111111111111111,1.0,0.3333333333333333,33.33333333333333,300.00046099702814
0.1111111111111111,1.0,0.4444444444444444,33.33333333333333,300.0009263149531
0.1111111111111111,1.0,0.5555555555555556,33.33333333333333,300.0009263149531
0.1111111111111111,1.0,0.6666666666666666,33.33333333333333,300.00046099702814
0.1111111111111111,1.0,0.7777777777777777,33.33333333333333,300.0001141765793
0.1111111111111111,1.0,0.8888888888888888,33.33333333333333,300.0000140732817
0.1111111111111111,1.0,1.0,33.33333333333333,300.000000863283
0.2222222222222222,0.0,0.0,33.33333333333333,300.00000700381764
0.2222222222222222,0.0,0.1111111111111111,33.33333333333333,300.0001141765793
0.2222222222222222,0.0,0.2222222222222222,33.33333333333333,300.0009263149531
0.2222222222222222,0.0,0.3333333333333333,33.33333333333333,300.0037400703637
0.2222222222222222,0.0,0.4444444444444444,33.33333333333333,300.0075151961771
0.2222222222222222,0.0,0.5555555555555556,33.33333333333333,300.0075151961771
0.2222222222222222,0.0,0.6666666666666666,33.33333333333333,300.0037400703637
0.2222222222222222,0.0,0.7777777777777777,33.33333333333333,300.0009263149531
0.2222222222222222,0.0,0.8888888888888888,33.33333333333333,300.0001141765793
0.2222222222222222,0.0,1.0,33.33333333333333,300.00000700381764
0.2222222222222222,0.1111111111111111,0.0,33.33333333333333,300.0001141765793
0.2222222222222222,0.1111111111111111,0.1111111111111111,33.33333333333333,300.00186131219937
0.2222222222222222,0.1111111111111111,0.2222222222222222,33.33333333333333,300.01510083182643
0.2222222222222222,0.1111111111111111,0.3333333333333333,33.33333333333333,300.06097081062035
0.2222222222222222,0.1111111111111111,0.4444444444444444,33.33333333333333,300.1225130969038
0.2222222222222222,0.1111111111111111,0.5555555555555556,33.33333333333333,300.1225130969038
0.2222222222222222,0.1111111111111111,0.6666666666666666,33.33333333333333,300.06097081062035
0.2222222222222222,0.1111111111111111,0.7777777777777777,33.33333333333333,300.01510083182643
0.2222222222222222,0.1111111111111111,0.8888888888888888,33.33333333333333,300.00186131219937
0.2222222222222222,0.1111111111111111,1.0,33.33333333333333,300.0001141765793
0.2222222222222222,0.2222222222222222,0.0,33.33333333333333,300.0009263149531
0.2222222222222222,0.2222222222222222,0.1111111111111111,33.33333333333333,300.01510083182643
0.2222222222222222,0.2222222222222222,0.2222222222222222,33.33333333333333,300.1225130969038
0.2222222222222222,0.2222222222222222,0.3333333333333333,33.33333333333333,300.4946563815626
0.2222222222222222,0.2222222222222222,0.4444444444444444,33.33333333333333,300.99394914700736
0.2222222222222222,0.2222222222222222,0.5555555555555556,33.33333333333333,300.99394914700736
0.2222222222222222,0.2222222222222222,0.6666666666666666,33.33333333333333,300.4946563815626
0.2222222222222222,0.2222222222222222,0.7777777777777777,33.33333333333333,300.1225130969038
0.2222222222222222,0.2222222222222222,0.8888888888888888,33.33333333333333,300.01510083182643
0.2222222222222222,0.2222222222222222,1.0,33.33333333333333,300.0009263149531
0.2222222222222222,0.3333333333333333,0.0,33.33333333333333,300.0037400703637
0.2222222222222222,0.3333333333333333,0.1111111111111111,33.33333333333333,300.06097081062035
0.2222222222222222,0.3333333333333333,0.2222222222222222,33.33333333333333,300.4946563815626
0.2222222222222222,0.3333333333333333,0.3333333333333333,33.33333333333333,301.9972145183202
0.2222222222222222,0.3333333333333333,0.4444444444444444,33.33333333333333,304.0131488056498
0.2222222222222222,0.3333333333333333,0.5555555555555556,33.33333333333333,304.0131488056498
0.2222222222222222,0.3333333333333333,0.6666666666666666,33.33333333333333,301.9972145183202
0.2222222222222222,0.3333333333333333,0.7777777777777777,33.33333333333333,300.4946563815626
0.2222222222222222,0.3333333333333333,0.8888888888888888,33.33333333333333,300.06097081062035
0.2222222222222222,0.3333333333333333,1.0,33.33333333333333,300.0037400703637
0.2222222222222222,0.4444444444444444,0.0,33.33333333333333,300.0075151961771
0.2222222222222222,0.4444444444444444,0.1111111111111111,33.33333333333333,300.1225130969038
0.2222222222222222,0.4444444444444444,0.2222222222222222,33.33333333333333,300.99394914700736
0.2222222222222222,0.4444444444444444,0.3333333333333333,33.33333333333333,304.0131488056498
0.2222222222222222,0.4444444444444444,0.4444444444444444,33.33333333333333,308.06391260856344
0.2222222222222222,0.4444444444444444,0.5555555555555556,33.33333333333333,308.06391260856344
0.2222222222222222,0.4444444444444444,0.6666666666666666,33.33333333333333,304.0131488056498
0.2222222222222222,0.4444444444444444,0.7777777777777777,33.33333333333333,300.99394914700736
0.2222222222222222,0.4444444444444444,0.8888888888888888,33.33333333333333,300.1225130969038
0.2222222222222222,0.4444444444444444,1.0,33.33333333333333,300.0075151961771
0.2222222222222222,0.5555555555555556,0.0,33.33333333333333,300.0075151961771
0.2222222222222222,0.5555555555555556,0.1111111111111111,33.33333333333333,300.1225130969038
0.2222222222222222,0.5555555555555556,0.2222222222222222,33.33333333333333,300.99394914700736
0.2222222222222222,0.5555555555555556,0.3333333333333333,33.33333333333333,304.0131488056498
0.2222222222222222,0.5555555555555556,0.4444444444444444,33.33333333333333,308.06391260856344
0.2222222222222222,0.5555555555555556,0.5555555555555556,33.33333333333333,308.06391260856344
0.2222222222222222,0.5555555555555556,0.6666666666666666,33.33333333333333,304.0131488056498
0.2222222222222222,0.5555555555555556,0.7777777777777777,33.33333333333333,300.99394914700736
0.2222222222222222,0.5555555555555556,0.8888888888888888,33.33333333333333,300.1225130969038
0.2222222222222222,0.5555555555555556,1.0,33.33333333333333,300.0075151961771
0.2222222222222222,0.6666666666666666,0.0,33.33333333333333,300.0037400703637
0.2222222222222222,0.6666666666666666,0.1111111111111111,33.33333333333333,300.06097081062035
0.2222222222222222,0.6666666666666666,0.2222222222222222,33.33333333333333,300.4946563815626
0.2222222222222222,0.6666666666666666,0.3333333333333333,33.33333333333333,301.9972145183202
0.2222222222222222,0.6666666666666666,0.4444444444444444,33.33333333333333,304.0131488056498
0.2222222222222222,0.6666666666666666,0.5555555555555556,33.33333333333333,304.0131488056498
0.2222222222222222,0.6666666666666666,0.6666666666666666,33.33333333333333,301.9972145183202
0.2222222222222222,0.6666666666666666,0.7777777777777777,33.33333333333333,300.4946563815626
0.2222222222222222,0.6666666666666666,0.8888888888888888,33.33333333333333,300.06097081062035
0.2222222222222222,0.6666666666666666,1.0,33.33333333333333,300.0037400703637
0.2222222222222222,0.7777777777777777,0.0,33.33333333333333,300.0009263149531
0.2222222222222222,0.7777777777777777,0.1111111111111111,33.33333333333333,300.01510083182643
0.2222222222222222,0.7777777777777777,0.2222222222222222,33.33333333333333,300.1225130969038
0.2222222222222222,0.7777777777777777,0.3333333333333333,33.33333333333333,300.4946563815626
0.2222222222222222,0.7777777777777777,0.4444444444444444,33.33333333333333,300.99394914700736
0.2222222222222222,0.7777777777777777,0.5555555555555556,33.33333333333333,300.99394914700736
0.2222222222222222,0.7777777777777777,0.6666666666666666,33.33333333333333,300.4946563815626
0.2222222222222222,0.7777777777777777,0.7777777777777777,33.33333333333333,300.1225130969038
0.2222222222222222,0.7777777777777777,0.8888888888888888,33.33333333333333,300.01510083182643
0.2222222222222222,0.7777777777777777,1.0,33.33333333333333,300.0009263149531
0.2222222222222222,0.8888888888888888,0.0,33.33333333333333,300.0001141765793
0.2222222222222222,0.8888888888888888,0.1111111111111111,33.33333333333333,300.00186131219937
0.2222222222222222,0.8888888888888888,0.2222222222222222,33.33333333333333,300.01510083182643
0.2222222222222222,0.8888888888888888,0.3333333333333333,33.33333333333333,300.06097081062035
0.2222222222222222,0.8888888888888888,0.4444444444444444,33.33333333333333,300.1225130969038
0.2222222222222222,0.8888888888888888,0.5555555555555556,33.33333333333333,300.1225130969038
0.2222222222222222,0.8888888888888888,0.6666666666666666,33.33333333333333,300.06097081062035
0.2222222222222222,0.8888888888888888,0.7777777777777777,33.33333333333333,300.01510083182643
0.2222222222222222,0.8888888888888888,0.8888888888888888,33.33333333333333,300.00186131219937
0.2222222222222222,0.8888888888888888,1.0,33.33333333333333,300.0001141765793
0.2222222222222222,1.0,0.0,33.33333333333333,300.00000700381764
0.2222222222222222,1.0,0.1111111111111111,33.33333333333333,300.0001141765793
0.2222222222222222,1.0,0.2222222222222222,33.33333333333333,300.0009263149531
0.2222222222222222,1.0,0.3333333333333333,33.33333333333333,300.0037400703637
0.2222222222222222,1.0,0.4444444444444444,33.33333333333333,300.0075151961771
0.2222222222222222,1.0,0.5555555555555556,33.33333333333333,300.0075151961771
0.2222222222222222,1.0,0.6666666666666666,33.33333333333333,300.0037400703637
0.2222222222222222,1.0,0.7777777777777777,33.33333333333333,300.0009263149531
0.2222222222222222,1.0,0.8888888888888888,33.33333333333333,300.0001141765793
0.2222222222222222,1.0,1.0,33.33333333333333,300.00000700381764
0.3333333333333333,0.0,0.0,33.33333333333333,300.00002827847135
0.3333333333333333,0.0,0.1111111111111111,33.33333333333333,300.00046099702814
0.3333333333333333,0.0,0.2222222222222222,33.33333333333333,300.0037400703637
0.3333333333333333,0.0,0.3333333333333333,33.33333333333333,300.01510083182643
0.3333333333333333,0.0,0.4444444444444444,33.33333333333333,300.030343202822
0.3333333333333333,0.0,0.5555555555555556,33.33333333333333,300.030343202822
0.3333333333333333,0.0,0.6666666666666666,33.33333333333333,300.01510083182643
0.3333333333333333,0.0,0.7777777777777777,33.33333333333333,300.0037400703637
0.3333333333333333,0.0,0.8888888888888888,33.33333333333333,300.00046099702814
0.3333333333333333,0.0,1.0,33.33333333333333,300.00002827847135
0.3333333333333333,0.1111111111111111,0.0,33.33333333333333,300.00046099702814
0.3333333333333333,0.1111111111111111,0.1111111111111111,33.33333333333333,300.0075151961771
0.3333333333333333,0.1111111111111111,0.2222222222222222,33.33333333333333,300.06097081062035
0.3333333333333333,0.1111111111111111,0.3333333333333333,33.33333333333333,300.24617450154
0.3333333333333333,0.1111111111111111,0.4444444444444444,33.33333333333333,300.4946563815626
0.3333333333333333,0.1111111111111111,0.5555555555555556,33.33333333333333,300.4946563815626
0.3333333333333333,0.1111111111111111,0.6666666666666666,33.33333333333333,300.24617450154
0.3333333333333333,0.1111111111111111,0.7777777777777777,33.33333333333333,300.06097081062035
0.3333333333333333,0.1111111111111111,0.8888888888888888,33.33333333333333,300.0075151961771
0.3333333333333333,0.1111111111111111,1.0,33.33333333333333,300.00046099702814
0.3333333333333333,0.2222222222222222,0.0,33.33333333333333,300.0037400703637
0.3333333333333333,0.2222222222222222,0.1111111111111111,33.33333333333333,300.06097081062035
0.3333333333333333,0.2222222222222222,0.2222222222222222,33.33333333333333,300.4946563815626
0.3333333333333333,0.2222222222222222,0.3333333333333333,33.33333333333333,301.9972145183202
0.3333333333333333,0.2222222222222222,0.4444444444444444,33.33333333333333,304.0131488056498
0.3333333333333333,0.2222222222222222,0.5555555555555556,33.33333333333333,304.0131488056498
0.3333333333333333,0.2222222222222222,0.6666666666666666,33.33333333333333,301.9972145183202
0.3333333333333333,0.2222222222222222,0.7777777777777777,33.33333333333333,300.4946563815626
0.3333333333333333,0.2222222222222222,0.8888888888888888,33.33333333333333,300.06097081062035
0.3333333333333333,0.2222222222222222,1.0,33.33333333333333,300.0037400703637
0.3333333333333333,0.3333333333333333,0.0,33.33333333333333,300.01510083182643
0.3333333333333333,0.3333333333333333,0.1111111111111111,33.33333333333333,300.24617450154
0.3333333333333333,0.3333333333333333,0.2222222222222222,33.33333333333333,301.9972145183202
0.3333333333333333,0.3333333333333333,0.3333333333333333,33.33333333333333,308.06391260856344
0.3333333333333333,0.3333333333333333,0.4444444444444444,33.33333333333333,316.2034077747135
0.3333333333333333,0.3333333333333333,0.5555555555555556,33.33333333333333,316.2034077747135
0.3333333333333333,0.3333333333333333,0.6666666666666666,33.33333333333333,308.06391260856344
0.3333333333333333,0.3333333333333333,0.7777777777777777,33.33333333333333,301.9972145183202
0.3333333333333333,0.3333333333333333,0.8888888888888888,33.33333333333333,300.24617450154
0.3333333333333333,0.3333333333333333,1.0,33.33333333333333,300.01510083182643
0.3333333333333333,0.4444444444444444,0.0,33.33333333333333,300.030343202822
0.3333333333333333,0.4444444444444444,0.1111111111111111,33.33333333333333,300.4946563815626
0.3333333333333333,0.4444444444444444,0.2222222222222222,33.33333333333333,304.0131488056498
0.3333333333333333,0.4444444444444444,0.3333333333333333,33.33333333333333,316.2034077747135
0.3333333333333333,0.4444444444444444,0.4444444444444444,33.33333333333333,332.5586890952702
0.3333333333333333,0.4444444444444444,0.5555555555555556,33.33333333333333,332.5586890952702
0.3333333333333333,0.4444444444444444,0.6666666666666666,33.33333333333333,316.2034077747135
0.3333333333333333,0.4444444444444444,0.7777777777777777,33.33333333333333,304.0131488056498
0.3333333333333333,0.4444444444444444,0.8888888888888888,33.33333333333333,300.4946563815626
0.3333333333333333,0.4444444444444444,1.0,33.33333333333333,300.030343202822
0.3333333333333333,0.5555555555555556,0.0,33.33333333333333,300.030343202822
0.3333333333333333,0.5555555555555556,0.1111111111111111,33.33333333333333,300.4946563815626
0.3333333333333333,0.5555555555555556,0.2222222222222222,33.33333333333333,304.0131488056498
0.3333333333333333,0.5555555555555556,0.3333333333333333,33.33333333333333,316.2034077747135
0.3333333333333333,0.5555555555555556,0.4444444444444444,33.33333333333333,332.5586890952702
0.3333333333333333,0.5555555555555556,0.5555555555555556,33.33333333333333,332.5586890952702
0.3333333333333333,0.5555555555555556,0.6666666666666666,33.33333333333333,316.2034077747135
0.3333333333333333,0.5555555555555556,0.7777777777777777,33.33333333333333,304.0131488056498
0.3333333333333333,0.5555555555555556,0.8888888888888888,33.33333333333333,300.4946563815626
0.3333333333333333,0.5555555555555556,1.0,33.33333333333333,300.030343202822
0.3333333333333333,0.6666666666666666,0.0,33.33333333333333,300.01510083182643
0.3333333333333333,0.6666666666666666,0.1111111111111111,33.33333333333333,300.24617450154
0.3333333333333333,0.6666666666666666,0.2222222222222222,33.33333333333333,301.9972145183202
0.3333333333333333,0.6666666666666666,0.3333333333333333,33.33333333333333,308.06391260856344
0.3333333333333333,0.6666666666666666,0.4444444444444444,33.33333333333333,316.2034077747135
0.3333333333333333,0.6666666666666666,0.5555555555555556,33.33333333333333,316.2034077747135
0.3333333333333333,0.6666666666666666,0.6666666666666666,33.33333333333333,308.06391260856344
0.3333333333333333,0.6666666666666666,0.7777777777777777,33.33333333333333,301.9972145183202
0.3333333333333333,0.6666666666666666,0.8888888888888888,33.33333333333333,300.24617450154
0.3333333333333333,0.6666666666666666,1.0,33.33333333333333,300.01510083182643
0.3333333333333333,0.7777777777777777,0.0,33.33333333333333,300.0037400703637
0.3333333333333333,0.7777777777777777,0.1111111111111111,33.33333333333333,300.06097081062035
0.3333333333333333,0.7777777777777777,0.2222222222222222,33.33333333333333,300.4946563815626
0.3333333333333333,0.7777777777777777,0.3333333333333333,33.33333333333333,301.9972145183202
0.3333333333333333,0.7777777777777777,0.4444444444444444,33.33333333333333,304.0131488056498
0.3333333333333333,0.7777777777777777,0.5555555555555556,33.33333333333333,304.0131488056498
0.3333333333333333,0.7777777777777777,0.6666666666666666,33.33333333333333,301.9972145183202
0.3333333333333333,0.7777777777777777,0.7777777777777777,33.33333333333333,300.4946563815626
0.3333333333333333,0.7777777777777777,0.8888888888888888,33.33333333333333,300.06097081062035
0.3333333333333333,0.7777777777777777,1.0,33.33333333333333,300.0037400703637
0.3333333333333333,0.8888888888888888,0.0,33.33333333333333,300.00046099702814
0.3333333333333333,0.8888888888888888,0.1111111111111111,33.33333333333333,300.0075151961771
0.3333333333333333,0.8888888888888888,0.2222222222222222,33.33333333333333,300.06097081062035
0.3333333333333333,0.8888888888888888,0.3333333333333333,33.33333333333333,300.24617450154
0.3333333333333333,0.8888888888888888,0.4444444444444444,33.33333333333333,300.4946563815626
0.3333333333333333,0.8888888888888888,0.5555555555555556,33.33333333333333,300.4946563815626
0.3333333333333333,0.8888888888888888,0.6666666666666666,33.33333333333333,300.24617450154
0.3333333333333333,0.8888888888888888,0.7777777777777777,33.33333333333333,300.06097081062035
0.3333333333333333,0.8888888888888888,0.8888888888888888,33.33333333333333,300.0075151961771
0.3333333333333333,0.8888888888888888,1.0,33.33333333333333,300.00046099702814
0.3333333333333333,1.0,0.0,33.33333333333333,300.00002827847135
0.3333333333333333,1.0,0.1111111111111111,33.33333333333333,300.00046099702814
0.3333333333333333,1.0,0.2222222222222222,33.33333333333333,300.0037400703637
0.3333333333333333,1.0,0.3333333333333333,33.33333333333333,300.01510083182643
0.3333333333333333,1.0,0.4444444444444444,33.33333333333333,300.030343202822
0.3333333333333333,1.0,0.5555555555555556,33.33333333333333,300.030343202822
0.3333333333333333,1.0,0.6666666666666666,33.33333333333333,300.01510083182643
0.3333333333333333,1.0,0.7777777777777777,33.33333333333333,300.0037400703637
0.3333333333333333,1.0,0.8888888888888888,33.33333333333333,300.00046099702814
0.3333333333333333,1.0,1.0,33.33333333333333,300.00002827847135
0.4444444444444444,0.0,0.0,33.33333333333333,300.00005682199514
0.4444444444444444,0.0,0.1111111111111111,33.33333333333333,300.0009263149531
0.4444444444444444,0.0,0.2222222222222222,33.33333333333333,300.0075151961771
0.4444444444444444,0.0,0.3333333333333333,33.33333333333333,300.030343202822
0.4444444444444444,0.0,0.4444444444444444,33.33333333333333,300.06097081062035
0.4444444444444444,0.0,0.5555555555555556,33.33333333333333,300.06097081062035
0.4444444444444444,0.0,0.6666666666666666,33.33333333333333,300.030343202822
0.4444444444444444,0.0,0.7777777777777777,33.33333333333333,300.0075151961771
0.4444444444444444,0.0,0.8888888888888888,33.33333333333333,300.0009263149531
0.4444444444444444,0.0,1.0,33.33333333333333,300.00005682199514
0.4444444444444444,0.1111111111111111,0.0,33.33333333333333,300.0009263149531
0.4444444444444444,0.1111111111111111,0.1111111111111111,33.33333333333333,300.01510083182643
0.4444444444444444,0.1111111111111111,0.2222222222222222,33.33333333333333,300.1225130969038
0.4444444444444444,0.1111111111111111,0.3333333333333333,33.33333333333333,300.4946563815626
0.4444444444444444,0.1111111111111111,0.4444444444444444,33.33333333333333,300.99394914700736
0.4444444444444444,0.1111111111111111,0.5555555555555556,33.33333333333333,300.99394914700736
0.4444444444444444,0.1111111111111111,0.6666666666666666,33.33333333333333,300.4946563815626
0.4444444444444444,0.1111111111111111,0.7777777777777777,33.33333333333333,300.1225130969038
0.4444444444444444,0.1111111111111111,0.8888888888888888,33.33333333333333,300.01510083182643
0.4444444444444444,0.1111111111111111,1.0,33.33333333333333,300.0009263149531
0.4444444444444444,0.2222222222222222,0.0,33.33333333333333,300.0075151961771
0.4444444444444444,0.2222222222222222,0.1111111111111111,33.33333333333333,300.1225130969038
0.4444444444444444,0.2222222222222222,0.2222222222222222,33.33333333333333,300.99394914700736
0.4444444444444444,0.2222222222222222,0.3333333333333333,33.33333333333333,304.0131488056498
0.4444444444444444,0.2222222222222222,0.4444444444444444,33.33333333333333,308.06391260856344
0.4444444444444444,0.2222222222222222,0.5555555555555556,33.33333333333333,308.06391260856344
0.4444444444444444,0.2222222222222222,0.6666666666666666,33.33333333333333,304.0131488056498
0.4444444444444444,0.2222222222222222,0.7777777777777777,33.33333333333333,300.99394914700736
0.4444444444444444,0.2222222222222222,0.8888888888888888,33.33333333333333,300.1225130969038
0.4444444444444444,0.2222222222222222,1.0,33.33333333333333,300.0075151961771
0.4444444444444444,0.3333333333333333,0.0,33.33333333333333,300.030343202822
0.4444444444444444,0.3333333333333333,0.1111111111111111,33.33333333333333,300.4946563815626
0.4444444444444444,0.3333333333333333,0.2222222222222222,33.33333333333333,304.0131488056498
0.4444444444444444,0.3333333333333333,0.3333333333333333,33.33333333333333,316.2034077747135
0.4444444444444444,0.3333333333333333,0.4444444444444444,33.33333333333333,332.5586890952702
0.4444444444444444,0.3333333333333333,0.5555555555555556,33.33333333333333,332.5586890952702
0.4444444444444444,0.3333333333333333,0.6666666666666666,33.33333333333333,316.2034077747135
0.4444444444444444,0.3333333333333333,0.7777777777777777,33.33333333333333,304.0131488056498
0.4444444444444444,0.3333333333333333,0.8888888888888888,33.33333333333333,300.4946563815626
0.4444444444444444,0.3333333333333333,1.0,33.33333333333333,300.030343202822
0.4444444444444444,0.4444444444444444,0.0,33.33333333333333,300.06097081062035
0.4444444444444444,0.4444444444444444,0.1111111111111111,33.33333333333333,300.99394914700736
0.4444444444444444,0.4444444444444444,0.2222222222222222,33.33333333333333,308.06391260856344
0.4444444444444444,0.4444444444444444,0.3333333333333333,33.33333333333333,332.5586890952702
0.4444444444444444,0.4444444444444444,0.4444444444444444,33.33333333333333,365.4225487836439
0.4444444444444444,0.4444444444444444,0.5555555555555556,33.33333333333333,365.4225487836439
0.4444444444444444,0.4444444444444444,0.6666666666666666,33.33333333333333,332.55868909527027
0.4444444444444444,0.4444444444444444,0.7777777777777777,33.33333333333333,308.06391260856344
0.4444444444444444,0.4444444444444444,0.8888888888888888,33.33333333333333,300.99394914700736
0.4444444444444444,0.4444444444444444,1.0,33.33333333333333,300.06097081062035
0.4444444444444444,0.5555555555555556,0.0,33.33333333333333,300.06097081062035
0.4444444444444444,0.5555555555555556,0.1111111111111111,33.33333333333333,300.99394914700736
0.4444444444444444,0.5555555555555556,0.2222222222222222,33.33333333333333,308.06391260856344
0.4444444444444444,0.5555555555555556,0.3333333333333333,33.33333333333333,332.5586890952702
0.4444444444444444,0.5555555555555556,0.4444444444444444,33.33333333333333,365.4225487836439
0.4444444444444444,0.5555555555555556,0.5555555555555556,33.33333333333333,365.4225487836439
0.4444444444444444,0.5555555555555556,0.6666666666666666,33.33333333333333,332.55868909527027
0.4444444444444444,0.5555555555555556,0.7777777777777777,33.33333333333333,308.06391260856344
0.4444444444444444,0.5555555555555556,0.8888888888888888,33.33333333333333,300.99394914700736
0.4444444444444444,0.5555555555555556,1.0,33.33333333333333,300.06097081062035
0.4444444444444444,0.6666666666666666,0.0,33.33333333333333,300.030343202822
0.4444444444444444,0.6666666666666666,0.1111111111111111,33.33333333333333,300.4946563815626
0.4444444444444444,0.6666666666666666,0.2222222222222222,33.33333333333333,304.0131488056498
0.4444444444444444,0.6666666666666666,0.3333333333333333,33.33333333333333,316.2034077747135
0.4444444444444444,0.6666666666666666,0.4444444444444444,33.33333333333333,332.55868909527027
0.4444444444444444,0.6666666666666666,0.5555555555555556,33.33333333333333,332.55868909527027
0.4444444444444444,0.6666666666666666,0.6666666666666666,33.33333333333333,316.2034077747135
0.4444444444444444,0.6666666666666666,0.7777777777777777,33.33333333333333,304.0131488056498
0.4444444444444444,0.6666666666666666,0.8888888888888888,33.33333333333333,300.4946563815626
0.4444444444444444,0.6666666666666666,1.0,33.33333333333333,300.030343202822
0.4444444444444444,0.7777777777777777,0.0,33.33333333333333,300.0075151961771
0.4444444444444444,0.7777777777777777,0.1111111111111111,33.33333333333333,300.1225130969038
0.4444444444444444,0.7777777777777777,0.2222222222222222,33.33333333333333,300.99394914700736
0.4444444444444444,0.7777777777777777,0.3333333333333333,33.33333333333333,304.0131488056498
0.4444444444444444,0.7777777777777777,0.4444444444444444,33.33333333333333,308.06391260856344
0.4444444444444444,0.7777777777777777,0.5555555555555556,33.33333333333333,308.06391260856344
0.4444444444444444,0.7777777777777777,0.6666666666666666,33.33333333333333,304.0131488056498
0.4444444444444444,0.7777777777777777,0.7777777777777777,33.33333333333333,300.99394914700736
0.4444444444444444,0.7777777777777777,0.8888888888888888,33.33333333333333,300.1225130969038
0.4444444444444444,0.7777777777777777,1.0,33.33333333333333,300.0075151961771
0.4444444444444444,0.8888888888888888,0.0,33.33333333333333,300.0009263149531
0.4444444444444444,0.8888888888888888,0.1111111111111111,33.33333333333333,300.01510083182643
0.4444444444444444,0.8888888888888888,0.2222222222222222,33.33333333333333,300.1225130969038
0.4444444444444444,0.8888888888888888,0.3333333333333333,33.33333333333333,300.4946563815626
0.4444444444444444,0.8888888888888888,0.4444444444444444,33.33333333333333,300.99394914700736
0.4444444444444444,0.8888888888888888,0.5555555555555556,33.33333333333333,300.99394914700736
0.4444444444444444,0.8888888888888888,0.6666666666666666,33.33333333333333,300.4946563815626
0.4444444444444444,0.8888888888888888,0.7777777777777777,33.33333333333333,300.1225130969038
0.4444444444444444,0.8888888888888888,0.8888888888888888,33.33333333333333,300.01510083182643
0.4444444444444444,0.8888888888888888,1.0,33.33333333333333,300.0009263149531
0.4444444444444444,1.0,0.0,33.33333333333333,300.00005682199514
0.4444444444444444,1.0,0.1111111111111111,33.33333333333333,300.0009263149531
0.4444444444444444,1.0,0.2222222222222222,33.33333333333333,300.0075151961771
0.4444444444444444,1.0,0.3333333333333333,33.33333333333333,300.030343202822
0.4444444444444444,1.0,0.4444444444444444,33.33333333333333,300.06097081062035
0.4444444444444444,1.0,0.5555555555555556,33.33333333333333,300.06097081062035
0.4444444444444444,1.0,0.6666666666666666,33.33333333333333,300.030343202822
0.4444444444444444,1.0,0.7777777777777777,33.33333333333333,300.0075151961771
0.4444444444444444,1.0,0.8888888888888888,33.33333333333333,300.0009263149531
0.4444444444444444,1.0,1.0,33.33333333333333,300.00005682199514
0.5555555555555556,0.0,0.0,33.33333333333333,300.00005682199514
0.5555555555555556,0.0,0.1111111111111111,33.33333333333333,300.0009263149531
0.5555555555555556,0.0,0.2222222222222222,33.33333333333333,300.0075151961771
0.5555555555555556,0.0,0.3333333333333333,33.33333333333333,300.030343202822
0.5555555555555556,0.0,0.4444444444444444,33.33333333333333,300.06097081062035
0.5555555555555556,0.0,0.5555555555555556,33.33333333333333,300.06097081062035
0.5555555555555556,0.0,0.6666666666666666,33.33333333333333,300.030343202822
0.5555555555555556,0.0,0.7777777777777777,33.33333333333333,300.0075151961771
0.5555555555555556,0.0,0.8888888888888888,33.33333333333333,300.0009263149531
0.5555555555555556,0.0,1.0,33.33333333333333,300.00005682199514
0.5555555555555556,0.1111111111111111,0.0,33.33333333333333,300.0009263149531
0.5555555555555556,0.1111111111111111,0.1111111111111111,33.33333333333333,300.01510083182643
0.5555555555555556,0.1111111111111111,0.2222222222222222,33.33333333333333,300.1225130969038
0.5555555555555556,0.1111111111111111,0.3333333333333333,33.33333333333333,300.4946563815626
0.5555555555555556,0.1111111111111111,0.4444444444444444,33.33333333333333,300.99394914700736
0.5555555555555556,0.1111111111111111,0.5555555555555556,33.33333333333333,300.99394914700736
0.5555555555555556,0.1111111111111111,0.6666666666666666,33.33333333333333,300.4946563815626
0.5555555555555556,0.1111111111111111,0.7777777777777777,33.33333333333333,300.1225130969038
0.5555555555555556,0.1111111111111111,0.8888888888888888,33.33333333333333,300.01510083182643
0.5555555555555556,0.1111111111111111,1.0,33.33333333333333,300.0009263149531
0.5555555555555556,0.2222222222222222,0.0,33.33333333333333,300.0075151961771
0.5555555555555556,0.2222222222222222,0.1111111111111111,33.33333333333333,300.1225130969038
0.5555555555555556,0.2222222222222222,0.2222222222222222,33.33333333333333,300.99394914700736
0.5555555555555556,0.2222222222222222,0.3333333333333333,33.33333333333333,304.0131488056498
0.5555555555555556,0.2222222222222222,0.4444444444444444,33.33333333333333,308.06391260856344
0.5555555555555556,0.2222222222222222,0.5555555555555556,33.33333333333333,308.06391260856344
0.5555555555555556,0.2222222222222222,0.6666666666666666,33.33333333333333,304.0131488056498
0.5555555555555556,0.2222222222222222,0.7777777777777777,33.33333333333333,300.99394914700736
0.5555555555555556,0.2222222222222222,0.8888888888888888,33.33333333333333,300.1225130969038
0.5555555555555556,0.2222222222222222,1.0,33.33333333333333,300.0075151961771
0.5555555555555556,0.3333333333333333,0.0,33.33333333333333,300.030343202822
0.5555555555555556,0.3333333333333333,0.1111111111111111,33.33333333333333,300.4946563815626
0.5555555555555556,0.3333333333333333,0.2222222222222222,33.33333333333333,304.0131488056498
0.5555555555555556,0.3333333333333333,0.3333333333333333,33.33333333333333,316.2034077747135
0.5555555555555556,0.3333333333333333,0.4444444444444444,33.33333333333333,332.5586890952702
0.5555555555555556,0.3333333333333333,0.5555555555555556,33.33333333333333,332.5586890952702
0.5555555555555556,0.3333333333333333,0.6666666666666666,33.33333333333333,316.2034077747135
0.5555555555555556,0.3333333333333333,0.7777777777777777,33.33333333333333,304.0131488056498
0.5555555555555556,0.3333333333333333,0.8888888888888888,33.33333333333333,300.4946563815626
0.5555555555555556,0.3333333333333333,1.0,33.33333333333333,300.030343202822
0.5555555555555556,0.4444444444444444,0.0,33.33333333333333,300.06097081062035
0.5555555555555556,0.4444444444444444,0.1111111111111111,33.33333333333333,300.99394914700736
0.5555555555555556,0.4444444444444444,0.2222222222222222,33.33333333333333,308.06391260856344
0.5555555555555556,0.4444444444444444,0.3333333333333333,33.33333333333333,332.5586890952702
0.5555555555555556,0.4444444444444444,0.4444444444444444,33.33333333333333,365.4225487836439
0.5555555555555556,0.4444444444444444,0.5555555555555556,33.33333333333333,365.4225487836439
0.5555555555555556,0.4444444444444444,0.6666666666666666,33.33333333333333,332.55868909527027
0.5555555555555556,0.4444444444444444,0.7777777777777777,33.33333333333333,308.06391260856344
0.5555555555555556,0.4444444444444444,0.8888888888888888,33.33333333333333,300.99394914700736
0.5555555555555556,0.4444444444444444,1.0,33.33333333333333,300.06097081062035
0.5555555555555556,0.5555555555555556,0.0,33.33333333333333,300.06097081062035
0.5555555555555556,0.5555555555555556,0.1111111111111111,33.33333333333333,300.99394914700736
0.5555555555555556,0.5555555555555556,0.2222222222222222,33.33333333333333,308.06391260856344
0.5555555555555556,0.5555555555555556,0.3333333333333333,33.33333333333333,332.5586890952702
0.5555555555555556,0.5555555555555556,0.4444444444444444,33.33333333333333,365.4225487836439
0.5555555555555556,0.5555555555555556,0.5555555555555556,33.33333333333333,365.4225487836439
0.5555555555555556,0.5555555555555556,0.6666666666666666,33.33333333333333,332.55868909527027
0.5555555555555556,0.5555555555555556,0.7777777777777777,33.33333333333333,308.06391260856344
0.5555555555555556,0.5555555555555556,0.8888888888888888,33.33333333333333,300.99394914700736
0.5555555555555556,0.5555555555555556,1.0,33.33333333333333,300.06097081062035
0.5555555555555556,0.6666666666666666,0.0,33.33333333333333,300.030343202822
0.5555555555555556,0.6666666666666666,0.1111111111111111,33.33333333333333,300.4946563815626
0.5555555555555556,0.6666666666666666,0.2222222222222222,33.33333333333333,304.0131488056498
0.5555555555555556,0.6666666666666666,0.3333333333333333,33.33333333333333,316.2034077747135
0.5555555555555556,0.6666666666666666,0.4444444444444444,33.33333333333333,332.55868909527027
0.5555555555555556,0.6666666666666666,0.5555555555555556,33.33333333333333,332.55868909527027
0.5555555555555556,0.6666666666666666,0.6666666666666666,33.33333333333333,316.2034077747135
0.5555555555555556,0.6666666666666666,0.7777777777777777,33.33333333333333,304.0131488056498
0.5555555555555556,0.6666666666666666,0.8888888888888888,33.33333333333333,300.4946563815626
0.5555555555555556,0.6666666666666666,1.0,33.33333333333333,300.030343202822
0.5555555555555556,0.7777777777777777,0.0,33.33333333333333,300.0075151961771
0.5555555555555556,0.7777777777777777,0.1111111111111111,33.33333333333333,300.1225130969038
0.5555555555555556,0.7777777777777777,0.2222222222222222,33.33333333333333,300.99394914700736
0.5555555555555556,0.7777777777777777,0.3333333333333333,33.33333333333333,304.0131488056498
0.5555555555555556,0.7777777777777777,0.4444444444444444,33.33333333333333,308.06391260856344
0.5555555555555556,0.7777777777777777,0.5555555555555556,33.33333333333333,308.06391260856344
0.5555555555555556,0.7777777777777777,0.6666666666666666,33.33333333333333,304.0131488056498
0.5555555555555556,0.7777777777777777,0.7777777777777777,33.33333333333333,300.99394914700736
0.5555555555555556,0.7777777777777777,0.8888888888888888,33.33333333333333,300.1225130969038
0.5555555555555556,0.7777777777777777,1.0,33.33333333333333,300.0075151961771
0.5555555555555556,0.8888888888888888,0.0,33.33333333333333,300.0009263149531
0.5555555555555556,0.8888888888888888,0.1111111111111111,33.33333333333333,300.01510083182643
0.5555555555555556,0.8888888888888888,0.2222222222222222,33.33333333333333,300.1225130969038
0.5555555555555556,0.8888888888888888,0.3333333333333333,33.33333333333333,300.4946563815626
0.5555555555555556,0.8888888888888888,0.4444444444444444,33.33333333333333,300.99394914700736
0.5555555555555556,0.8888888888888888,0.5555555555555556,33.33333333333333,300.99394914700736
0.5555555555555556,0.8888888888888888,0.6666666666666666,33.33333333333333,300.4946563815626
0.5555555555555556,0.8888888888888888,0.7777777777777777,33.33333333333333,300.1225130969038
0.5555555555555556,0.8888888888888888,0.8888888888888888,33.33333333333333,300.01510083182643
0.5555555555555556,0.8888888888888888,1.0,33.33333333333333,300.0009263149531
0.5555555555555556,1.0,0.0,33.33333333333333,300.00005682199514
0.5555555555555556,1.0,0.1111111111111111,33.33333333333333,300.0009263149531
0.5555555555555556,1.0,0.2222222222222222,33.33333333333333,300.0075151961771
0.5555555555555556,1.0,0.3333333333333333,33.33333333333333,300.030343202822
0.5555555555555556,1.0,0.4444444444444444,33.33333333333333,300.06097081062035
0.5555555555555556,1.0,0.5555555555555556,33.33333333333333,300.06097081062035
0.5555555555555556,1.0,0.6666666666666666,33.33333333333333,300.030343202822
0.5555555555555556,1.0,0.7777777777777777,33.33333333333333,300.0075151961771
0.5555555555555556,1.0,0.8888888888888888,33.33333333333333,300.0009263149531
0.5555555555555556,1.0,1.0,33.33333333333333,300.00005682199514
0.6666666666666666,0.0,0.0,33.33333333333333,300.00002827847135
0.6666666666666666,0.0,0.1111111111111111,33.33333333333333,300.00046099702814
0.6666666666666666,0.0,0.2222222222222222,33.33333333333333,300.0037400703637
0.6666666666666666,0.0,0.3333333333333333,33.33333333333333,300.01510083182643
0.6666666666666666,0.0,0.4444444444444444,33.33333333333333,300.030343202822
0.6666666666666666,0.0,0.5555555555555556,33.33333333333333,300.030343202822
0.6666666666666666,0.0,0.6666666666666666,33.33333333333333,300.01510083182643
0.6666666666666666,0.0,0.7777777777777777,33.33333333333333,300.0037400703637
0.6666666666666666,0.0,0.8888888888888888,33.33333333333333,300.00046099702814
0.6666666666666666,0.0,1.0,33.33333333333333,300.00002827847135
0.6666666666666666,0.1111111111111111,0.0,33.33333333333333,300.00046099702814
0.6666666666666666,0.1111111111111111,0.1111111111111111,33.33333333333333,300.0075151961771
0.6666666666666666,0.1111111111111111,0.2222222222222222,33.33333333333333,300.06097081062035
0.6666666666666666,0.1111111111111111,0.3333333333333333,33.33333333333333,300.24617450154
0.6666666666666666,0.1111111111111111,0.4444444444444444,33.33333333333333,300.4946563815626
0.6666666666666666,0.1111111111111111,0.5555555555555556,33.33333333333333,300.4946563815626
0.6666666666666666,0.1111111111111111,0.6666666666666666,33.33333333333333,300.24617450154
0.6666666666666666,0.1111111111111111,0.7777777777777777,33.33333333333333,300.06097081062035
0.6666666666666666,0.1111111111111111,0.8888888888888888,33.33333333333333,300.0075151961771
0.6666666666666666,0.1111111111111111,1.0,33.33333333333333,300.00046099702814
0.6666666666666666,0.2222222222222222,0.0,33.33333333333333,300.0037400703637
0.6666666666666666,0.2222222222222222,0.1111111111111111,33.33333333333333,300.06097081062035
0.6666666666666666,0.2222222222222222,0.2222222222222222,33.33333333333333,300.4946563815626
0.6666666666666666,0.2222222222222222,0.3333333333333333,33.33333333333333,301.9972145183202
0.6666666666666666,0.2222222222222222,0.4444444444444444,33.33333333333333,304.0131488056498
0.6666666666666666,0.2222222222222222,0.5555555555555556,33.33333333333333,304.0131488056498
0.6666666666666666,0.2222222222222222,0.6666666666666666,33.33333333333333,301.9972145183202
0.6666666666666666,0.2222222222222222,0.7777777777777777,33.33333333333333,300.4946563815626
0.6666666666666666,0.2222222222222222,0.8888888888888888,33.33333333333333,300.06097081062035
0.6666666666666666,0.2222222222222222,1.0,33.33333333333333,300.0037400703637
0.6666666666666666,0.3333333333333333,0.0,33.33333333333333,300.01510083182643
0.6666666666666666,0.3333333333333333,0.1111111111111111,33.33333333333333,300.24617450154
0.6666666666666666,0.3333333333333333,0.2222222222222222,33.33333333333333,301.9972145183202
0.6666666666666666,0.3333333333333333,0.3333333333333333,33.33333333333333,308.06391260856344
0.6666666666666666,0.3333333333333333,0.4444444444444444,33.33333333333333,316.2034077747135
0.6666666666666666,0.3333333333333333,0.5555555555555556,33.33333333333333,316.2034077747135
0.6666666666666666,0.3333333333333333,0.6666666666666666,33.33333333333333,308.06391260856344
0.6666666666666666,0.3333333333333333,0.7777777777777777,33.33333333333333,301.9972145183202
0.6666666666666666,0.3333333333333333,0.8888888888888888,33.33333333333333,300.24617450154
0.6666666666666666,0.3333333333333333,1.0,33.33333333333333,300.01510083182643
0.6666666666666666,0.4444444444444444,0.0,33.33333333333333,300.030343202822
0.6666666666666666,0.4444444444444444,0.1111111111111111,33.33333333333333,300.4946563815626
0.6666666666666666,0.4444444444444444,0.2222222222222222,33.33333333333333,304.0131488056498
0.6666666666666666,0.4444444444444444,0.3333333333333333,33.33333333333333,316.2034077747135
0.6666666666666666,0.4444444444444444,0.4444444444444444,33.33333333333333,332.55868909527027
0.6666666666666666,0.4444444444444444,0.5555555555555556,33.33333333333333,332.55868909527027
0.6666666666666666,0.4444444444444444,0.6666666666666666,33.33333333333333,316.2034077747135
0.6666666666666666,0.4444444444444444,0.7777777777777777,33.33333333333333,304.0131488056498
0.6666666666666666,0.4444444444444444,0.8888888888888888,33.33333333333333,300.4946563815626
0.6666666666666666,0.4444444444444444,1.0,33.33333333333333,300.030343202822
0.6666666666666666,0.5555555555555556,0.0,33.33333333333333,300.030343202822
0.6666666666666666,0.5555555555555556,0.1111111111111111,33.33333333333333,300.4946563815626
0.6666666666666666,0.5555555555555556,0.2222222222222222,33.33333333333333,304.0131488056498
0.6666666666666666,0.5555555555555556,0.3333333333333333,33.33333333333333,316.2034077747135
0.6666666666666666,0.5555555555555556,0.4444444444444444,33.33333333333333,332.55868909527027
0.6666666666666666,0.5555555555555556,0.5555555555555556,33.33333333333333,332.55868909527027
0.6666666666666666,0.5555555555555556,0.6666666666666666,33.33333333333333,316.2034077747135
0.6666666666666666,0.5555555555555556,0.7777777777777777,33.33333333333333,304.0131488056498
0.6666666666666666,0.5555555555555556,0.8888888888888888,33.33333333333333,300.4946563815626
0.6666666666666666,0.5555555555555556,1.0,33.33333333333333,300.030343202822
0.6666666666666666,0.6666666666666666,0.0,33.33333333333333,300.01510083182643
0.6666666666666666,0.6666666666666666,0.1111111111111111,33.33333333333333,300.24617450154
0.6666666666666666,0.6666666666666666,0.2222222222222222,33.33333333333333,301.9972145183202
0.6666666666666666,0.6666666666666666,0.3333333333333333,33.33333333333333,308.06391260856344
0.6666666666666666,0.6666666666666666,0.4444444444444444,33.33333333333333,316.2034077747135
0.6666666666666666,0.6666666666666666,0.5555555555555556,33.33333333333333,316.2034077747135
0.6666666666666666,0.6666666666666666,0.6666666666666666,33.33333333333333,308.06391260856344
0.6666666666666666,0.6666666666666666,0.7777777777777777,33.33333333333333,301.9972145183202
0.6666666666666666,0.6666666666666666,0.8888888888888888,33.33333333333333,300.24617450154
0.6666666666666666,0.6666666666666666,1.0,33.33333333333333,300.01510083182643
0.6666666666666666,0.7777777777777777,0.0,33.33333333333333,300.0037400703637
0.6666666666666666,0.7777777777777777,0.1111111111111111,33.33333333333333,300.06097081062035
0.6666666666666666,0.7777777777777777,0.2222222222222222,33.33333333333333,300.4946563815626
0.6666666666666666,0.7777777777777777,0.3333333333333333,33.33333333333333,301.9972145183202
0.6666666666666666,0.7777777777777777,0.4444444444444444,33.33333333333333,304.0131488056498
0.6666666666666666,0.7777777777777777,0.5555555555555556,33.33333333333333,304.0131488056498
0.6666666666666666,0.7777777777777777,0.6666666666666666,33.33333333333333,301.9972145183202
0.6666666666666666,0.7777777777777777,0.7777777777777777,33.33333333333333,300.4946563815626
0.6666666666666666,0.7777777777777777,0.8888888888888888,33.33333333333333,300.06097081062035
0.6666666666666666,0.7777777777777777,1.0,33.33333333333333,300.0037400703637
0.6666666666666666,0.8888888888888888,0.0,33.33333333333333,300.00046099702814
0.6666666666666666,0.8888888888888888,0.1111111111111111,33.33333333333333,300.0075151961771
0.6666666666666666,0.8888888888888888,0.2222222222222222,33.33333333333333,300.06097081062035
0.6666666666666666,0.8888888888888888,0.3333333333333333,33.33333333333333,300.24617450154
0.6666666666666666,0.8888888888888888,0.4444444444444444,33.33333333333333,300.4946563815626
0.6666666666666666,0.8888888888888888,0.5555555555555556,33.33333333333333,300.4946563815626
0.6666666666666666,0.8888888888888888,0.6666666666666666,33.33333333333333,300.24617450154
0.6666666666666666,0.8888888888888888,0.7777777777777777,33.33333333333333,300.06097081062035
0.6666666666666666,0.8888888888888888,0.8888888888888888,33.33333333333333,300.0075151961771
0.6666666666666666,0.8888888888888888,1.0,33.33333333333333,300.00046099702814
0.6666666666666666,1.0,0.0,33.33333333333333,300.00002827847135
0.6666666666666666,1.0,0.1111111111111111,33.33333333333333,300.00046099702814
0.6666666666666666,1.0,0.2222222222222222,33.33333333333333,300.0037400703637
0.6666666666666666,1.0,0.3333333333333333,33.33333333333333,300.01510083182643
0.6666666666666666,1.0,0.4444444444444444,33.33333333333333,300.030343202822
0.6666666666666666,1.0,0.5555555555555556,33.33333333333333,300.030343202822
0.6666666666666666,1.0,0.6666666666666666,33.33333333333333,300.01510083182643
0.6666666666666666,1.0,0.7777777777777777,33.33333333333333,300.0037400703637
0.6666666666666666,1.0,0.8888888888888888,33.33333333333333,300.00046099702814
0.6666666666666666,1.0,1.0,33.33333333333333,300.00002827847135
0.7777777777777777,0.0,0.0,33.33333333333333,300.00000700381764
0.7777777777777777,0.0,0.1111111111111111,33.33333333333333,300.0001141765793
0.7777777777777777,0.0,0.2222222222222222,33.33333333333333,300.0009263149531
0.7777777777777777,0.0,0.3333333333333333,33.33333333333333,300.0037400703637
0.7777777777777777,0.0,0.4444444444444444,33.33333333333333,300.0075151961771
0.7777777777777777,0.0,0.5555555555555556,33.33333333333333,300.0075151961771
0.7777777777777777,0.0,0.6666666666666666,33.33333333333333,300.0037400703637
0.7777777777777777,0.0,0.7777777777777777,33.33333333333333,300.0009263149531
0.7777777777777777,0.0,0.8888888888888888,33.33333333333333,300.0001141765793
0.7777777777777777,0.0,1.0,33.33333333333333,300.00000700381764
0.7777777777777777,0.1111111111111111,0.0,33.33333333333333,300.0001141765793
0.7777777777777777,0.1111111111111111,0.1111111111111111,33.33333333333333,300.00186131219937
0.7777777777777777,0.1111111111111111,0.2222222222222222,33.33333333333333,300.01510083182643
0.7777777777777777,0.1111111111111111,0.3333333333333333,33.33333333333333,300.06097081062035
0.7777777777777777,0.1111111111111111,0.4444444444444444,33.33333333333333,300.1225130969038
0.7777777777777777,0.1111111111111111,0.5555555555555556,33.33333333333333,300.1225130969038
0.7777777777777777,0.1111111111111111,0.6666666666666666,33.33333333333333,300.06097081062035
0.7777777777777777,0.1111111111111111,0.7777777777777777,33.33333333333333,300.01510083182643
0.7777777777777777,0.1111111111111111,0.8888888888888888,33.33333333333333,300.00186131219937
0.7777777777777777,0.1111111111111111,1.0,33.33333333333333,300.0001141765793
0.7777777777777777,0.2222222222222222,0.0,33.33333333333333,300.0009263149531
0.7777777777777777,0.2222222222222222,0.1111111111111111,33.33333333333333,300.01510083182643
0.7777777777777777,0.2222222222222222,0.2222222222222222,33.33333333333333,300.1225130969038
0.7777777777777777,0.2222222222222222,0.3333333333333333,33.33333333333333,300.4946563815626
0.7777777777777777,0.2222222222222222,0.4444444444444444,33.33333333333333,300.99394914700736
0.7777777777777777,0.2222222222222222,0.5555555555555556,33.33333333333333,300.99394914700736
0.7777777777777777,0.2222222222222222,0.6666666666666666,33.33333333333333,300.4946563815626
0.7777777777777777,0.2222222222222222,0.7777777777777777,33.33333333333333,300.1225130969038
0.7777777777777777,0.2222222222222222,0.8888888888888888,33.33333333333333,300.01510083182643
0.7777777777777777,0.2222222222222222,1.0,33.33333333333333,300.0009263149531
0.7777777777777777,0.3333333333333333,0.0,33.33333333333333,300.0037400703637
0.7777777777777777,0.3333333333333333,0.1111111111111111,33.33333333333333,300.06097081062035
0.7777777777777777,0.3333333333333333,0.2222222222222222,33.33333333333333,300.4946563815626
0.7777777777777777,0.3333333333333333,0.3333333333333333,33.33333333333333,301.9972145183202
0.7777777777777777,0.3333333333333333,0.4444444444444444,33.33333333333333,304.0131488056498
0.7777777777777777,0.3333333333333333,0.5555555555555556,33.33333333333333,304.0131488056498
0.7777777777777777,0.3333333333333333,0.6666666666666666,33.33333333333333,301.9972145183202
0.7777777777777777,0.3333333333333333,0.7777777777777777,33.33333333333333,300.4946563815626
0.7777777777777777,0.3333333333333333,0.8888888888888888,33.33333333333333,300.06097081062035
0.7777777777777777,0.3333333333333333,1.0,33.33333333333333,300.0037400703637
0.7777777777777777,0.4444444444444444,0.0,33.33333333333333,300.0075151961771
0.7777777777777777,0.4444444444444444,0.1111111111111111,33.33333333333333,300.1225130969038
0.7777777777777777,0.4444444444444444,0.2222222222222222,33.33333333333333,300.99394914700736
0.7777777777777777,0.4444444444444444,0.3333333333333333,33.33333333333333,304.0131488056498
0.7777777777777777,0.4444444444444444,0.4444444444444444,33.33333333333333,308.06391260856344
0.7777777777777777,0.4444444444444444,0.5555555555555556,33.33333333333333,308.06391260856344
0.7777777777777777,0.4444444444444444,0.6666666666666666,33.33333333333333,304.0131488056498
0.7777777777777777,0.4444444444444444,0.7777777777777777,33.33333333333333,300.99394914700736
0.7777777777777777,0.4444444444444444,0.8888888888888888,33.33333333333333,300.1225130969038
0.7777777777777777,0.4444444444444444,1.0,33.33333333333333,300.0075151961771
0.7777777777777777,0.5555555555555556,0.0,33.33333333333333,300.0075151961771
0.7777777777777777,0.5555555555555556,0.1111111111111111,33.33333333333333,300.1225130969038
0.7777777777777777,0.5555555555555556,0.2222222222222222,33.33333333333333,300.99394914700736
0.7777777777777777,0.5555555555555556,0.3333333333333333,33.33333333333333,304.0131488056498
0.7777777777777777,0.5555555555555556,0.4444444444444444,33.33333333333333,308.06391260856344
0.7777777777777777,0.5555555555555556,0.5555555555555556,33.33333333333333,308.06391260856344
0.7777777777777777,0.5555555555555556,0.6666666666666666,33.33333333333333,304.0131488056498
0.7777777777777777,0.5555555555555556,0.7777777777777777,33.33333333333333,300.99394914700736
0.7777777777777777,0.5555555555555556,0.8888888888888888,33.33333333333333,300.1225130969038
0.7777777777777777,0.5555555555555556,1.0,33.33333333333333,300.0075151961771
0.7777777777777777,0.6666666666666666,0.0,33.33333333333333,300.0037400703637
0.7777777777777777,0.6666666666666666,0.1111111111111111,33.33333333333333,300.06097081062035
0.7777777777777777,0.6666666666666666,0.2222222222222222,33.33333333333333,300.4946563815626
0.7777777777777777,0.6666666666666666,0.3333333333333333,33.33333333333333,301.9972145183202
0.7777777777777777,0.6666666666666666,0.4444444444444444,33.33333333333333,304.0131488056498
0.7777777777777777,0.6666666666666666,0.5555555555555556,33.33333333333333,304.0131488056498
0.7777777777777777,0.6666666666666666,0.6666666666666666,33.33333333333333,301.9972145183202
0.7777777777777777,0.6666666666666666,0.7777777777777777,33.33333333333333,300.4946563815626
0.7777777777777777,0.6666666666666666,0.8888888888888888,33.33333333333333,300.06097081062035
0.7777777777777777,0.6666666666666666,1.0,33.33333333333333,300.0037400703637
0.7777777777777777,0.7777777777777777,0.0,33.33333333333333,300.0009263149531
0.7777777777777777,0.7777777777777777,0.1111111111111111,33.33333333333333,300.01510083182643
0.7777777777777777,0.7777777777777777,0.2222222222222222,33.33333333333333,300.1225130969038
0.7777777777777777,0.7777777777777777,0.3333333333333333,33.33333333333333,300.4946563815626
0.7777777777777777,0.7777777777777777,0.4444444444444444,33.33333333333333,300.99394914700736
0.7777777777777777,0.7777777777777777,0.5555555555555556,33.33333333333333,300.99394914700736
0.7777777777777777,0.7777777777777777,0.6666666666666666,33.33333333333333,300.4946563815626
0.7777777777777777,0.7777777777777777,0.7777777777777777,33.33333333333333,300.1225130969038
0.7777777777777777,0.7777777777777777,0.8888888888888888,33.33333333333333,300.01510083182643
0.7777777777777777,0.7777777777777777,1.0,33.33333333333333,300.0009263149531
0.7777777777777777,0.8888888888888888,0.0,33.33333333333333,300.0001141765793
0.7777777777777777,0.8888888888888888,0.1111111111111111,33.33333333333333,300.00186131219937
0.7777777777777777,0.8888888888888888,0.2222222222222222,33.33333333333333,300.01510083182643
0.7777777777777777,0.8888888888888888,0.3333333333333333,33.33333333333333,300.06097081062035
0.7777777777777777,0.8888888888888888,0.4444444444444444,33.33333333333333,300.1225130969038
0.7777777777777777,0.8888888888888888,0.5555555555555556,33.33333333333333,300.1225130969038
0.7777777777777777,0.8888888888888888,0.6666666666666666,33.33333333333333,300.06097081062035
0.7777777777777777,0.8888888888888888,0.7777777777777777,33.33333333333333,300.01510083182643
0.7777777777777777,0.8888888888888888,0.8888888888888888,33.33333333333333,300.00186131219937
0.7777777777777777,0.8888888888888888,1.0,33.33333333333333,300.0001141765793
0.7777777777777777,1.0,0.0,33.33333333333333,300.00000700381764
0.7777777777777777,1.0,0.1111111111111111,33.33333333333333,300.0001141765793
0.7777777777777777,1.0,0.2222222222222222,33.33333333333333,300.0009263149531
0.7777777777777777,1.0,0.3333333333333333,33.33333333333333,300.0037400703637
0.7777777777777777,1.0,0.4444444444444444,33.33333333333333,300.0075151961771
0.7777777777777777,1.0,0.5555555555555556,33.33333333333333,300.0075151961771
0.7777777777777777,1.0,0.6666666666666666,33.33333333333333,300.0037400703637
0.7777777777777777,1.0,0.7777777777777777,33.33333333333333,300.0009263149531
0.7777777777777777,1.0,0.8888888888888888,33.33333333333333,300.0001141765793
0.7777777777777777,1.0,1.0,33.33333333333333,300.00000700381764
0.8888888888888888,0.0,0.0,33.33333333333333,300.000000863283
0.8888888888888888,0.0,0.1111111111111111,33.33333333333333,300.0000140732817
0.8888888888888888,0.0,0.2222222222222222,33.33333333333333,300.0001141765793
0.8888888888888888,0.0,0.3333333333333333,33.33333333333333,300.00046099702814
0.8888888888888888,0.0,0.4444444444444444,33.33333333333333,300.0009263149531
0.8888888888888888,0.0,0.5555555555555556,33.33333333333333,300.0009263149531
0.8888888888888888,0.0,0.6666666666666666,33.33333333333333,300.00046099702814
0.8888888888888888,0.0,0.7777777777777777,33.33333333333333,300.0001141765793
0.8888888888888888,0.0,0.8888888888888888,33.33333333333333,300.0000140732817
0.8888888888888888,0.0,1.0,33.33333333333333,300.000000863283
0.8888888888888888,0.1111111111111111,0.0,33.33333333333333,300.0000140732817
0.8888888888888888,0.1111111111111111,0.1111111111111111,33.33333333333333,300.0002294233287
0.8888888888888888,0.1111111111111111,0.2222222222222222,33.33333333333333,300.00186131219937
0.8888888888888888,0.1111111111111111,0.3333333333333333,33.33333333333333,300.0075151961771
0.8888888888888888,0.1111111111111111,0.4444444444444444,33.33333333333333,300.01510083182643
0.8888888888888888,0.1111111111111111,0.5555555555555556,33.33333333333333,300.01510083182643
0.8888888888888888,0.1111111111111111,0.6666666666666666,33.33333333333333,300.0075151961771
0.8888888888888888,0.1111111111111111,0.7777777777777777,33.33333333333333,300.00186131219937
0.8888888888888888,0.1111111111111111,0.8888888888888888,33.33333333333333,300.0002294233287
0.8888888888888888,0.1111111111111111,1.0,33.33333333333333,300.0000140732817
0.8888888888888888,0.2222222222222222,0.0,33.33333333333333,300.0001141765793
0.8888888888888888,0.2222222222222222,0.1111111111111111,33.33333333333333,300.00186131219937
0.8888888888888888,0.2222222222222222,0.2222222222222222,33.33333333333333,300.01510083182643
0.8888888888888888,0.2222222222222222,0.3333333333333333,33.33333333333333,300.06097081062035
0.8888888888888888,0.2222222222222222,0.4444444444444444,33.33333333333333,300.1225130969038
0.8888888888888888,0.2222222222222222,0.5555555555555556,33.33333333333333,300.1225130969038
0.8888888888888888,0.2222222222222222,0.6666666666666666,33.33333333333333,300.06097081062035
0.8888888888888888,0.2222222222222222,0.7777777777777777,33.33333333333333,300.01510083182643
0.8888888888888888,0.2222222222222222,0.8888888888888888,33.33333333333333,300.00186131219937
0.8888888888888888,0.2222222222222222,1.0,33.33333333333333,300.0001141765793
0.8888888888888888,0.3333333333333333,0.0,33.33333333333333,300.00046099702814
0.8888888888888888,0.3333333333333333,0.1111111111111111,33.33333333333333,300.0075151961771
0.8888888888888888,0.3333333333333333,0.2222222222222222,33.33333333333333,300.06097081062035
0.8888888888888888,0.3333333333333333,0.3333333333333333,33.33333333333333,300.24617450154
0.8888888888888888,0.3333333333333333,0.4444444444444444,33.33333333333333,300.4946563815626
0.8888888888888888,0.3333333333333333,0.5555555555555556,33.33333333333333,300.4946563815626
0.8888888888888888,0.3333333333333333,0.6666666666666666,33.33333333333333,300.24617450154
0.8888888888888888,0.3333333333333333,0.7777777777777777,33.33333333333333,300.06097081062035
0.8888888888888888,0.3333333333333333,0.8888888888888888,33.33333333333333,300.0075151961771
0.8888888888888888,0.3333333333333333,1.0,33.33333333333333,300.00046099702814
0.8888888888888888,0.4444444444444444,0.0,33.33333333333333,300.0009263149531
0.8888888888888888,0.4444444444444444,0.1111111111111111,33.33333333333333,300.01510083182643
0.8888888888888888,0.4444444444444444,0.2222222222222222,33.33333333333333,300.1225130969038
0.8888888888888888,0.4444444444444444,0.3333333333333333,33.33333333333333,300.4946563815626
0.8888888888888888,0.4444444444444444,0.4444444444444444,33.33333333333333,300.99394914700736
0.8888888888888888,0.4444444444444444,0.5555555555555556,33.33333333333333,300.99394914700736
0.8888888888888888,0.4444444444444444,0.6666666666666666,33.33333333333333,300.4946563815626
0.8888888888888888,0.4444444444444444,0.7777777777777777,33.33333333333333,300.1225130969038
0.8888888888888888,0.4444444444444444,0.8888888888888888,33.33333333333333,300.01510083182643
0.8888888888888888,0.4444444444444444,1.0,33.33333333333333,300.0009263149531
0.8888888888888888,0.5555555555555556,0.0,33.33333333333333,300.0009263149531
0.8888888888888888,0.5555555555555556,0.1111111111111111,33.33333333333333,300.01510083182643
0.8888888888888888,0.5555555555555556,0.2222222222222222,33.33333333333333,300.1225130969038
0.8888888888888888,0.5555555555555556,0.3333333333333333,33.33333333333333,300.4946563815626
0.8888888888888888,0.5555555555555556,0.4444444444444444,33.33333333333333,300.99394914700736
0.8888888888888888,0.5555555555555556,0.5555555555555556,33.33333333333333,300.99394914700736
0.8888888888888888,0.5555555555555556,0.6666666666666666,33.33333333333333,300.4946563815626
0.8888888888888888,0.5555555555555556,0.7777777777777777,33.33333333333333,300.1225130969038
0.8888888888888888,0.5555555555555556,0.8888888888888888,33.33333333333333,300.01510083182643
0.8888888888888888,0.5555555555555556,1.0,33.33333333333333,300.0009263149531
0.8888888888888888,0.6666666666666666,0.0,33.33333333333333,300.00046099702814
0.8888888888888888,0.6666666666666666,0.1111111111111111,33.33333333333333,300.0075151961771
0.8888888888888888,0.6666666666666666,0.2222222222222222,33.33333333333333,300.06097081062035
0.8888888888888888,0.6666666666666666,0.3333333333333333,33.33333333333333,300.24617450154
0.8888888888888888,0.6666666666666666,0.4444444444444444,33.33333333333333,300.4946563815626
0.8888888888888888,0.6666666666666666,0.5555555555555556,33.33333333333333,300.4946563815626
0.8888888888888888,0.6666666666666666,0.6666666666666666,33.33333333333333,300.24617450154
0.8888888888888888,0.6666666666666666,0.7777777777777777,33.33333333333333,300.06097081062035
0.8888888888888888,0.6666666666666666,0.8888888888888888,33.33333333333333,300.0075151961771
0.8888888888888888,0.6666666666666666,1.0,33.33333333333333,300.00046099702814
0.8888888888888888,0.7777777777777777,0.0,33.33333333333333,300.0001141765793
0.8888888888888888,0.7777777777777777,0.1111111111111111,33.33333333333333,300.00186131219937
0.8888888888888888,0.7777777777777777,0.2222222222222222,33.33333333333333,300.01510083182643
0.8888888888888888,0.7777777777777777,0.3333333333333333,33.33333333333333,300.06097081062035
0.8888888888888888,0.7777777777777777,0.4444444444444444,33.33333333333333,300.1225130969038
0.8888888888888888,0.7777777777777777,0.5555555555555556,33.33333333333333,300.1225130969038
0.8888888888888888,0.7777777777777777,0.6666666666666666,33.33333333333333,300.06097081062035
0.8888888888888888,0.7777777777777777,0.7777777777777777,33.33333333333333,300.01510083182643
0.8888888888888888,0.7777777777777777,0.8888888888888888,33.33333333333333,300.00186131219937
0.8888888888888888,0.7777777777777777,1.0,33.33333333333333,300.0001141765793
0.8888888888888888,0.8888888888888888,0.0,33.33333333333333,300.0000140732817
0.8888888888888888,0.8888888888888888,0.1111111111111111,33.33333333333333,300.0002294233287
0.8888888888888888,0.8888888888888888,0.2222222222222222,33.33333333333333,300.00186131219937
0.8888888888888888,0.8888888888888888,0.3333333333333333,33.33333333333333,300.0075151961771
0.8888888888888888,0.8888888888888888,0.4444444444444444,33.33333333333333,300.01510083182643
0.8888888888888888,0.8888888888888888,0.5555555555555556,33.33333333333333,300.01510083182643
0.8888888888888888,0.8888888888888888,0.6666666666666666,33.33333333333333,300.0075151961771
0.8888888888888888,0.8888888888888888,0.7777777777777777,33.33333333333333,300.00186131219937
0.8888888888888888,0.8888888888888888,0.8888888888888888,33.33333333333333,300.0002294233287
0.8888888888888888,0.8888888888888888,1.0,33.33333333333333,300.0000140732817
0.8888888888888888,1.0,0.0,33.33333333333333,300.000000863283
0.8888888888888888,1.0,0.1111111111111111,33.33333333333333,300.0000140732817
0.8888888888888888,1.0,0.2222222222222222,33.33333333333333,300.0001141765793
0.8888888888888888,1.0,0.3333333333333333,33.33333333333333,300.00046099702814
0.8888888888888888,1.0,0.4444444444444444,33.33333333333333,300.0009263149531
0.8888888888888888,1.0,0.5555555555555556,33.33333333333333,300.0009263149531
0.8888888888888888,1.0,0.6666666666666666,33.33333333333333,300.00046099702814
0.8888888888888888,1.0,0.7777777777777777,33.33333333333333,300.0001141765793
0.8888888888888888,1.0,0.8888888888888888,33.33333333333333,300.0000140732817
0.8888888888888888,1.0,1.0,33.33333333333333,300.000000863283
1.0,0.0,0.0,33.33333333333333,300.0000000529555
1.0,0.0,0.1111111111111111,33.33333333333333,300.000000863283
1.0,0.0,0.2222222222222222,33.33333333333333,300.00000700381764
1.0,0.0,0.3333333333333333,33.33333333333333,300.00002827847135
1.0,0.0,0.4444444444444444,33.33333333333333,300.00005682199514
1.0,0.0,0.5555555555555556,33.33333333333333,300.00005682199514
1.0,0.0,0.6666666666666666,33.33333333333333,300.00002827847135
1.0,0.0,0.7777777777777777,33.33333333333333,300.00000700381764
1.0,0.0,0.8888888888888888,33.33333333333333,300.000000863283
1.0,0.0,1.0,33.33333333333333,300.0000000529555
1.0,0.1111111111111111,0.0,33.33333333333333,300.000000863283
1.0,0.1111111111111111,0.1111111111111111,33.33333333333333,300.0000140732817
1.0,0.1111111111111111,0.2222222222222222,33.33333333333333,300.0001141765793
1.0,0.1111111111111111,0.3333333333333333,33.33333333333333,300.00046099702814
1.0,0.1111111111111111,0.4444444444444444,33.33333333333333,300.0009263149531
1.0,0.1111111111111111,0.5555555555555556,33.33333333333333,300.0009263149531
1.0,0.1111111111111111,0.6666666666666666,33.33333333333333,300.00046099702814
1.0,0.1111111111111111,0.7777777777777777,33.33333333333333,300.0001141765793
1.0,0.1111111111111111,0.8888888888888888,33.33333333333333,300.0000140732817
1.0,0.1111111111111111,1.0,33.33333333333333,300.000000863283
1.0,0.2222222222222222,0.0,33.33333333333333,300.00000700381764
1.0,0.2222222222222222,0.1111111111111111,33.33333333333333,300.0001141765793
1.0,0.2222222222222222,0.2222222222222222,33.33333333333333,300.0009263149531
1.0,0.2222222222222222,0.3333333333333333,33.33333333333333,300.0037400703637
1.0,0.2222222222222222,0.4444444444444444,33.33333333333333,300.0075151961771
1.0,0.2222222222222222,0.5555555555555556,33.33333333333333,300.0075151961771
1.0,0.2222222222222222,0.6666666666666666,33.33333333333333,300.0037400703637
1.0,0.2222222222222222,0.7777777777777777,33.33333333333333,300.0009263149531
1.0,0.2222222222222222,0.8888888888888888,33.33333333333333,300.0001141765793
1.0,0.2222222222222222,1.0,33.33333333333333,300.00000700381764
1.0,0.3333333333333333,0.0,33.33333333333333,300.00002827847135
1.0,0.3333333333333333,0.1111111111111111,33.33333333333333,300.00046099702814
1.0,0.3333333333333333,0.2222222222222222,33.33333333333333,300.0037400703637
1.0,0.3333333333333333,0.3333333333333333,33.33333333333333,300.01510083182643
1.0,0.3333333333333333,0.4444444444444444,33.33333333333333,300.030343202822
1.0,0.3333333333333333,0.5555555555555556,33.33333333333333,300.030343202822
1.0,0.3333333333333333,0.6666666666666666,33.33333333333333,300.01510083182643
1.0,0.3333333333333333,0.7777777777777777,33.33333333333333,300.0037400703637
1.0,0.3333333333333333,0.8888888888888888,33.33333333333333,300.00046099702814
1.0,0.3333333333333333,1.0,33.33333333333333,300.00002827847135
1.0,0.4444444444444444,0.0,33.33333333333333,300.00005682199514
1.0,0.4444444444444444,0.1111111111111111,33.33333333333333,300.0009263149531
1.0,0.4444444444444444,0.2222222222222222,33.33333333333333,300.0075151961771
1.0,0.4444444444444444,0.3333333333333333,33.33333333333333,300.030343202822
1.0,0.4444444444444444,0.4444444444444444,33.33333333333333,300.06097081062035
1.0,0.4444444444444444,0.5555555555555556,33.33333333333333,300.06097081062035
1.0,0.4444444444444444,0.6666666666666666,33.33333333333333,300.030343202822
1.0,0.4444444444444444,0.7777777777777777,33.33333333333333,300.0075151961771
1.0,0.4444444444444444,0.8888888888888888,33.33333333333333,300.0009263149531
1.0,0.4444444444444444,1.0,33.33333333333333,300.00005682199514
1.0,0.5555555555555556,0.0,33.33333333333333,300.00005682199514
1.0,0.5555555555555556,0.1111111111111111,33.33333333333333,300.0009263149531
1.0,0.5555555555555556,0.2222222222222222,33.33333333333333,300.0075151961771
1.0,0.5555555555555556,0.3333333333333333,33.33333333333333,300.030343202822
1.0,0.5555555555555556,0.4444444444444444,33.33333333333333,300.06097081062035
1.0,0.5555555555555556,0.5555555555555556,33.33333333333333,300.06097081062035
1.0,0.5555555555555556,0.6666666666666666,33.33333333333333,300.030343202822
1.0,0.5555555555555556,0.7777777777777777,33.33333333333333,300.0075151961771
1.0,0.5555555555555556,0.8888888888888888,33.33333333333333,300.0009263149531
1.0,0.5555555555555556,1.0,33.33333333333333,300.00005682199514
1.0,0.6666666666666666,0.0,33.33333333333333,300.00002827847135
1.0,0.6666666666666666,0.1111111111111111,33.33333333333333,300.00046099702814
1.0,0.6666666666666666,0.2222222222222222,33.33333333333333,300.0037400703637
1.0,0.6666666666666666,0.3333333333333333,33.33333333333333,300.01510083182643
1.0,0.6666666666666666,0.4444444444444444,33.33333333333333,300.030343202822
1.0,0.6666666666666666,0.5555555555555556,33.33333333333333,300.030343202822
1.0,0.6666666666666666,0.6666666666666666,33.33333333333333,300.01510083182643
1.0,0.6666666666666666,0.7777777777777777,33.33333333333333,300.0037400703637
1.0,0.6666666666666666,0.8888888888888888,33.33333333333333,300.00046099702814
1.0,0.6666666666666666,1.0,33.33333333333333,300.00002827847135
1.0,0.7777777777777777,0.0,33.33333333333333,300.00000700381764
1.0,0.7777777777777777,0.1111111111111111,33.33333333333333,300.0001141765793
1.0,0.7777777777777777,0.2222222222222222,33.33333333333333,300.0009263149531
1.0,0.7777777777777777,0.3333333333333333,33.33333333333333,300.0037400703637
1.0,0.7777777777777777,0.4444444444444444,33.33333333333333,300.0075151961771
1.0,0.7777777777777777,0.5555555555555556,33.33333333333333,300.0075151961771
1.0,0.7777777777777777,0.6666666666666666,33.33333333333333,300.0037400703637
1.0,0.7777777777777777,0.7777777777777777,33.33333333333333,300.0009263149531
1.0,0.7777777777777777,0.8888888888888888,33.33333333333333,300.0001141765793
1.0,0.7777777777777777,1.0,33.33333333333333,300.00000700381764
1.0,0.8888888888888888,0.0,33.33333333333333,300.000000863283
1.0,0.8888888888888888,0.1111111111111111,33.33333333333333,300.0000140732817
1.0,0.8888888888888888,0.2222222222222222,33.33333333333333,300.0001141765793
1.0,0.8888888888888888,0.3333333333333333,33.33333333333333,300.00046099702814
1.0,0.8888888888888888,0.4444444444444444,33.33333333333333,300.0009263149531
1.0,0.8888888888888888,0.5555555555555556,33.33333333333333,300.0009263149531
1.0,0.8888888888888888,0.6666666666666666,33.33333333333333,300.00046099702814
1.0,0.8888888888888888,0.7777777777777777,33.33333333333333,300.0001141765793
1.0,0.8888888888888888,0.8888888888888888,33.33333333333333,300.0000140732817
1.0,0.8888888888888888,1.0,33.33333333333333,300.000000863283
1.0,1.0,0.0,33.33333333333333,300.0000000529555
1.0,1.0,0.1111111111111111,33.33333333333333,300.000000863283
1.0,1.0,0.2222222222222222,33.33333333333333,300.00000700381764
1.0,1.0,0.3333333333333333,33.33333333333333,300.00002827847135
1.0,1.0,0.4444444444444444,33.33333333333333,300.00005682199514
1.0,1.0,0.5555555555555556,33.33333333333333,300.00005682199514
1.0,1.0,0.6666666666666666,33.33333333333333,300.00002827847135
1.0,1.0,0.7777777777777777,33.33333333333333,300.00000700381764
1.0,1.0,0.8888888888888888,33.33333333333333,300.000000863283
1.0,1.0,1.0,33.33333333333333,300.0000000529555
0.0,0.0,0.0,44.44444444444444,300.0000006323416
0.0,0.0,0.1111111111111111,44.44444444444444,300.00000724021436
0.0,0.0,0.2222222222222222,44.44444444444444,300.0000450662247
0.0,0.0,0.3333333333333333,44.44444444444444,300.0001524933883
0.0,0.0,0.4444444444444444,44.44444444444444,300.0002805116693
0.0,0.0,0.5555555555555556,44.44444444444444,300.0002805116693
0.0,0.0,0.6666666666666666,44.44444444444444,300.0001524933883
0.0,0.0,0.7777777777777777,44.44444444444444,300.0000450662247
0.0,0.0,0.8888888888888888,44.44444444444444,300.00000724021436
0.0,0.0,1.0,44.44444444444444,300.0000006323416
0.0,0.1111111111111111,0.0,44.44444444444444,300.00000724021436
0.0,0.1111111111111111,0.1111111111111111,44.44444444444444,300.0000828993444
0.0,0.1111111111111111,0.2222222222222222,44.44444444444444,300.0005160013655
0.0,0.1111111111111111,0.3333333333333333,44.44444444444444,300.00174602592375
0.0,0.1111111111111111,0.4444444444444444,44.44444444444444,300.0032118156195
0.0,0.1111111111111111,0.5555555555555556,44.44444444444444,300.0032118156195
0.0,0.1111111111111111,0.6666666666666666,44.44444444444444,300.00174602592375
0.0,0.1111111111111111,0.7777777777777777,44.44444444444444,300.0005160013655
0.0,0.1111111111111111,0.8888888888888888,44.44444444444444,300.0000828993444
0.0,0.1111111111111111,1.0,44.44444444444444,300.00000724021436
0.0,0.2222222222222222,0.0,44.44444444444444,300.0000450662247
0.0,0.2222222222222222,0.1111111111111111,44.44444444444444,300.0005160013655
0.0,0.2222222222222222,0.2222222222222222,44.44444444444444,300.0032118156195
0.0,0.2222222222222222,0.3333333333333333,44.44444444444444,300.01086802033626
0.0,0.2222222222222222,0.4444444444444444,44.44444444444444,300.01999172921467
0.0,0.2222222222222222,0.5555555555555556,44.44444444444444,300.01999172921467
0.0,0.2222222222222222,0.6666666666666666,44.44444444444444,300.01086802033626
0.0,0.2222222222222222,0.7777777777777777,44.44444444444444,300.0032118156195
0.0,0.2222222222222222,0.8888888888888888,44.44444444444444,300.0005160013655
0.0,0.2222222222222222,1.0,44.44444444444444,300.0000450662247
0.0,0.3333333333333333,0.0,44.44444444444444,300.0001524933883
0.0,0.3333333333333333,0.1111111111111111,44.44444444444444,300.00174602592375
0.0,0.3333333333333333,0.2222222222222222,44.44444444444444,300.01086802033626
0.0,0.3333333333333333,0.3333333333333333,44.44444444444444,300.03677479657057
0.0,0.3333333333333333,0.4444444444444444,44.44444444444444,300.06764725793784
0.0,0.3333333333333333,0.5555555555555556,44.44444444444444,300.06764725793784
0.0,0.3333333333333333,0.6666666666666666,44.44444444444444,300.03677479657057
0.0,0.3333333333333333,0.7777777777777777,44.44444444444444,300.01086802033626
0.0,0.3333333333333333,0.8888888888888888,44.44444444444444,300.00174602592375
0.0,0.3333333333333333,1.0,44.44444444444444,300.0001524933883
0.0,0.4444444444444444,0.0,44.44444444444444,300.0002805116693
0.0,0.4444444444444444,0.1111111111111111,44.44444444444444,300.0032118156195
0.0,0.4444444444444444,0.2222222222222222,44.44444444444444,300.01999172921467
0.0,0.4444444444444444,0.3333333333333333,44.44444444444444,300.06764725793784
0.0,0.4444444444444444,0.4444444444444444,44.44444444444444,300.12443716711596
0.0,0.4444444444444444,0.5555555555555556,44.44444444444444,300.12443716711596
0.0,0.4444444444444444,0.6666666666666666,44.44444444444444,300.06764725793784
0.0,0.4444444444444444,0.7777777777777777,44.44444444444444,300.01999172921467
0.0,0.4444444444444444,0.8888888888888888,44.44444444444444,300.0032118156195
0.0,0.4444444444444444,1.0,44.44444444444444,300.0002805116693
0.0,0.5555555555555556,0.0,44.44444444444444,300.0002805116693
0.0,0.5555555555555556,0.1111111111111111,44.44444444444444,300.0032118156195
0.0,0.5555555555555556,0.2222222222222222,44.44444444444444,300.01999172921467
0.0,0.5555555555555556,0.3333333333333333,44.44444444444444,300.06764725793784
0.0,0.5555555555555556,0.4444444444444444,44.44444444444444,300.12443716711596
0.0,0.5555555555555556,0.5555555555555556,44.44444444444444,300.12443716711596
0.0,0.5555555555555556,0.6666666666666666,44.44444444444444,300.06764725793784
0.0,0.5555555555555556,0.7777777777777777,44.44444444444444,300.01999172921467
0.0,0.5555555555555556,0.8888888888888888,44.44444444444444,300.0032118156195
0.0,0.5555555555555556,1.0,44.44444444444444,300.0002805116693
0.0,0.6666666666666666,0.0,44.44444444444444,300.0001524933883
0.0,0.6666666666666666,0.1111111111111111,44.44444444444444,300.00174602592375
0.0,0.6666666666666666,0.2222222222222222,44.44444444444444,300.01086802033626
0.0,0.6666666666666666,0.3333333333333333,44.44444444444444,300.03677479657057
0.0,0.6666666666666666,0.4444444444444444,44.44444444444444,300.06764725793784
0.0,0.6666666666666666,0.5555555555555556,44.44444444444444,300.06764725793784
0.0,0.6666666666666666,0.6666666666666666,44.44444444444444,300.03677479657057
0.0,0.6666666666666666,0.7777777777777777,44.44444444444444,300.01086802033626
0.0,0.6666666666666666,0.8888888888888888,44.44444444444444,300.00174602592375
0.0,0.6666666666666666,1.0,44.44444444444444,300.0001524933883
0.0,0.7777777777777777,0.0,44.44444444444444,300.0000450662247
0.0,0.7777777777777777,0.1111111111111111,44.44444444444444,300.0005160013655
0.0,0.7777777777777777,0.2222222222222222,44.44444444444444,300.0032118156195
0.0,0.7777777777777777,0.3333333333333333,44.44444444444444,300.01086802033626
0.0,0.7777777777777777,0.4444444444444444,44.44444444444444,300.01999172921467
0.0,0.7777777777777777,0.5555555555555556,44.44444444444444,300.01999172921467
0.0,0.7777777777777777,0.6666666666666666,44.44444444444444,300.01086802033626
0.0,0.7777777777777777,0.7777777777777777,44.44444444444444,300.0032118156195
0.0,0.7777777777777777,0.8888888888888888,44.44444444444444,300.0005160013655
0.0,0.7777777777777777,1.0,44.44444444444444,300.0000450662247
0.0,0.8888888888888888,0.0,44.44444444444444,300.00000724021436
0.0,0.8888888888888888,0.1111111111111111,44.44444444444444,300.0000828993444
0.0,0.8888888888888888,0.2222222222222222,44.44444444444444,300.0005160013655
0.0,0.8888888888888888,0.3333333333333333,44.44444444444444,300.00174602592375
0.0,0.8888888888888888,0.4444444444444444,44.44444444444444,300.0032118156195
0.0,0.8888888888888888,0.5555555555555556,44.44444444444444,300.0032118156195
0.0,0.8888888888888888,0.6666666666666666,44.44444444444444,300.00174602592375
0.0,0.8888888888888888,0.7777777777777777,44.44444444444444,300.0005160013655
0.0,0.8888888888888888,0.8888888888888888,44.44444444444444,300.0000828993444
0.0,0.8888888888888888,1.0,44.44444444444444,300.00000724021436
0.0,1.0,0.0,44.44444444444444,300.0000006323416
0.0,1.0,0.1111111111111111,44.44444444444444,300.00000724021436
0.0,1.0,0.2222222222222222,44.44444444444444,300.0000450662247
0.0,1.0,0.3333333333333333,44.44444444444444,300.0001524933883
0.0,1.0,0.4444444444444444,44.44444444444444,300.0002805116693
0.0,1.0,0.5555555555555556,44.44444444444444,300.0002805116693
0.0,1.0,0.6666666666666666,44.44444444444444,300.0001524933883
0.0,1.0,0.7777777777777777,44.44444444444444,300.0000450662247
0.0,1.0,0.8888888888888888,44.44444444444444,300.00000724021436
0.0,1.0,1.0,44.44444444444444,300.0000006323416
0.1111111111111111,0.0,0.0,44.44444444444444,300.00000724021436
0.1111111111111111,0.0,0.1111111111111111,44.44444444444444,300.0000828993444
0.1111111111111111,0.0,0.2222222222222222,44.44444444444444,300.0005160013655
0.1111111111111111,0.0,0.3333333333333333,44.44444444444444,300.00174602592375
0.1111111111111111,0.0,0.4444444444444444,44.44444444444444,300.0032118156195
0.1111111111111111,0.0,0.5555555555555556,44.44444444444444,300.0032118156195
0.1111111111111111,0.0,0.6666666666666666,44.44444444444444,300.00174602592375
0.1111111111111111,0.0,0.7777777777777777,44.44444444444444,300.0005160013655
0.1111111111111111,0.0,0.8888888888888888,44.44444444444444,300.0000828993444
0.1111111111111111,0.0,1.0,44.44444444444444,300.00000724021436
0.1111111111111111,0.1111111111111111,0.0,44.44444444444444,300.0000828993444
0.1111111111111111,0.1111111111111111,0.1111111111111111,44.44444444444444,300.00094918478754
0.1111111111111111,0.1111111111111111,0.2222222222222222,44.44444444444444,300.005908136548
0.1111111111111111,0.1111111111111111,0.3333333333333333,44.44444444444444,300.01999172921467
0.1111111111111111,0.1111111111111111,0.4444444444444444,44.44444444444444,300.03677479657057
0.1111111111111111,0.1111111111111111,0.5555555555555556,44.44444444444444,300.03677479657057
0.1111111111111111,0.1111111111111111,0.6666666666666666,44.44444444444444,300.01999172921467
0.1111111111111111,0.1111111111111111,0.7777777777777777,44.44444444444444,300.005908136548
0.1111111111111111,0.1111111111111111,0.8888888888888888,44.44444444444444,300.00094918478754
0.1111111111111111,0.1111111111111111,1.0,44.44444444444444,300.0000828993444
0.1111111111111111,0.2222222222222222,0.0,44.44444444444444,300.0005160013655
0.1111111111111111,0.2222222222222222,0.1111111111111111,44.44444444444444,300.005908136548
0.1111111111111111,0.2222222222222222,0.2222222222222222,44.44444444444444,300.03677479657057
0.1111111111111111,0.2222222222222222,0.3333333333333333,44.44444444444444,300.12443716711596
0.1111111111111111,0.2222222222222222,0.4444444444444444,44.44444444444444,300.2289022353881
0.1111111111111111,0.2222222222222222,0.5555555555555556,44.44444444444444,300.2289022353881
0.1111111111111111,0.2222222222222222,0.6666666666666666,44.44444444444444,300.12443716711596
0.1111111111111111,0.2222222222222222,0.7777777777777777,44.44444444444444,300.03677479657057
0.1111111111111111,0.2222222222222222,0.8888888888888888,44.44444444444444,300.005908136548
0.1111111111111111,0.2222222222222222,1.0,44.44444444444444,300.0005160013655
0.1111111111111111,0.3333333333333333,0.0,44.44444444444444,300.00174602592375
0.1111111111111111,0.3333333333333333,0.1111111111111111,44.44444444444444,300.01999172921467
0.1111111111111111,0.3333333333333333,0.2222222222222222,44.44444444444444,300.12443716711596
0.1111111111111111,0.3333333333333333,0.3333333333333333,44.44444444444444,300.4210657842833
0.1111111111111111,0.3333333333333333,0.4444444444444444,44.44444444444444,300.77455073513596
0.1111111111111111,0.3333333333333333,0.5555555555555556,44.44444444444444,300.77455073513596
0.1111111111111111,0.3333333333333333,0.6666666666666666,44.44444444444444,300.4210657842833
0.1111111111111111,0.3333333333333333,0.7777777777777777,44.44444444444444,300.12443716711596
0.1111111111111111,0.3333333333333333,0.8888888888888888,44.44444444444444,300.01999172921467
0.1111111111111111,0.3333333333333333,1.0,44.44444444444444,300.00174602592375
0.1111111111111111,0.4444444444444444,0.0,44.44444444444444,300.0032118156195
0.1111111111111111,0.4444444444444444,0.1111111111111111,44.44444444444444,300.03677479657057
0.1111111111111111,0.4444444444444444,0.2222222222222222,44.44444444444444,300.2289022353881
0.1111111111111111,0.4444444444444444,0.3333333333333333,44.44444444444444,300.77455073513596
0.1111111111111111,0.4444444444444444,0.4444444444444444,44.44444444444444,301.4247864910723
0.1111111111111111,0.4444444444444444,0.5555555555555556,44.44444444444444,301.4247864910723
0.1111111111111111,0.4444444444444444,0.6666666666666666,44.44444444444444,300.77455073513596
0.1111111111111111,0.4444444444444444,0.7777777777777777,44.44444444444444,300.2289022353881
0.1111111111111111,0.4444444444444444,0.8888888888888888,44.44444444444444,300.03677479657057
0.1111111111111111,0.4444444444444444,1.0,44.44444444444444,300.0032118156195
0.1111111111111111,0.5555555555555556,0.0,44.44444444444444,300.0032118156195
0.1111111111111111,0.5555555555555556,0.1111111111111111,44.44444444444444,300.03677479657057
0.1111111111111111,0.5555555555555556,0.2222222222222222,44.44444444444444,300.2289022353881
0.1111111111111111,0.5555555555555556,0.3333333333333333,44.44444444444444,300.77455073513596
0.1111111111111111,0.5555555555555556,0.4444444444444444,44.44444444444444,301.4247864910723
0.1111111111111111,0.5555555555555556,0.5555555555555556,44.44444444444444,301.4247864910723
0.1111111111111111,0.5555555555555556,0.6666666666666666,44.44444444444444,300.77455073513596
0.1111111111111111,0.5555555555555556,0.7777777777777777,44.44444444444444,300.2289022353881
0.1111111111111111,0.5555555555555556,0.8888888888888888,44.44444444444444,300.03677479657057
0.1111111111111111,0.5555555555555556,1.0,44.44444444444444,300.0032118156195
0.1111111111111111,0.6666666666666666,0.0,44.44444444444444,300.00174602592375
0.1111111111111111,0.6666666666666666,0.1111111111111111,44.44444444444444,300.01999172921467
0.1111111111111111,0.6666666666666666,0.2222222222222222,44.44444444444444,300.12443716711596
0.1111111111111111,0.6666666666666666,0.3333333333333333,44.44444444444444,300.4210657842833
0.1111111111111111,0.6666666666666666,0.4444444444444444,44.44444444444444,300.77455073513596
0.1111111111111111,0.6666666666666666,0.5555555555555556,44.44444444444444,300.77455073513596
0.1111111111111111,0.6666666666666666,0.6666666666666666,44.44444444444444,300.4210657842833
0.1111111111111111,0.6666666666666666,0.7777777777777777,44.44444444444444,300.12443716711596
0.1111111111111111,0.6666666666666666,0.8888888888888888,44.44444444444444,300.01999172921467
0.1111111111111111,0.6666666666666666,1.0,44.44444444444444,300.00174602592375
0.1111111111111111,0.7777777777777777,0.0,44.44444444444444,300.0005160013655
0.1111111111111111,0.7777777777777777,0.1111111111111111,44.44444444444444,300.005908136548
0.1111111111111111,0.7777777777777777,0.2222222222222222,44.44444444444444,300.03677479657057
0.1111111111111111,0.7777777777777777,0.3333333333333333,44.44444444444444,300.12443716711596
0.1111111111111111,0.7777777777777777,0.4444444444444444,44.44444444444444,300.2289022353881
0.1111111111111111,0.7777777777777777,0.5555555555555556,44.44444444444444,300.2289022353881
0.1111111111111111,0.7777777777777777,0.6666666666666666,44.44444444444444,300.12443716711596
0.1111111111111111,0.7777777777777777,0.7777777777777777,44.44444444444444,300.03677479657057
0.1111111111111111,0.7777777777777777,0.8888888888888888,44.44444444444444,300.005908136548
0.1111111111111111,0.7777777777777777,1.0,44.44444444444444,300.0005160013655
0.1111111111111111,0.8888888888888888,0.0,44.44444444444444,300.0000828993444
0.1111111111111111,0.8888888888888888,0.1111111111111111,44.44444444444444,300.00094918478754
0.1111111111111111,0.8888888888888888,0.2222222222222222,44.44444444444444,300.005908136548
0.1111111111111111,0.8888888888888888,0.3333333333333333,44.44444444444444,300.01999172921467
0.1111111111111111,0.8888888888888888,0.4444444444444444,44.44444444444444,300.03677479657057
0.1111111111111111,0.8888888888888888,0.5555555555555556,44.44444444444444,300.03677479657057
0.1111111111111111,0.8888888888888888,0.6666666666666666,44.44444444444444,300.01999172921467
0.1111111111111111,0.8888888888888888,0.7777777777777777,44.44444444444444,300.005908136548
0.1111111111111111,0.8888888888888888,0.8888888888888888,44.44444444444444,300.00094918478754
0.1111111111111111,0.8888888888888888,1.0,44.44444444444444,300.0000828993444
0.1111111111111111,1.0,0.0,44.44444444444444,300.00000724021436
0.1111111111111111,1.0,0.1111111111111111,44.44444444444444,300.0000828993444
0.1111111111111111,1.0,0.2222222222222222,44.44444444444444,300.0005160013655
0.1111111111111111,1.0,0.3333333333333333,44.44444444444444,300.00174602592375
0.1111111111111111,1.0,0.4444444444444444,44.44444444444444,300.0032118156195
0.1111111111111111,1.0,0.5555555555555556,44.44444444444444,300.0032118156195
0.1111111111111111,1.0,0.6666666666666666,44.44444444444444,300.00174602592375
0.1111111111111111,1.0,0.7777777777777777,44.44444444444444,300.0005160013655
0.1111111111111111,1.0,0.8888888888888888,44.44444444444444,300.0000828993444
0.1111111111111111,1.0,1.0,44.44444444444444,300.00000724021436
0.2222222222222222,0.0,0.0,44.44444444444444,300.0000450662247
0.2222222222222222,0.0,0.1111111111111111,44.44444444444444,300.0005160013655
0.2222222222222222,0.0,0.2222222222222222,44.44444444444444,300.0032118156195
0.2222222222222222,0.0,0.3333333333333333,44.44444444444444,300.01086802033626
0.2222222222222222,0.0,0.4444444444444444,44.44444444444444,300.01999172921467
0.2222222222222222,0.0,0.5555555555555556,44.44444444444444,300.01999172921467
0.2222222222222222,0.0,0.6666666666666666,44.44444444444444,300.01086802033626
0.2222222222222222,0.0,0.7777777777777777,44.44444444444444,300.0032118156195
0.2222222222222222,0.0,0.8888888888888888,44.44444444444444,300.0005160013655
0.2222222222222222,0.0,1.0,44.44444444444444,300.0000450662247
0.2222222222222222,0.1111111111111111,0.0,44.44444444444444,300.0005160013655
0.2222222222222222,0.1111111111111111,0.1111111111111111,44.44444444444444,300.005908136548
0.2222222222222222,0.1111111111111111,0.2222222222222222,44.44444444444444,300.03677479657057
0.2222222222222222,0.1111111111111111,0.3333333333333333,44.44444444444444,300.12443716711596
0.2222222222222222,0.1111111111111111,0.4444444444444444,44.44444444444444,300.2289022353881
0.2222222222222222,0.1111111111111111,0.5555555555555556,44.44444444444444,300.2289022353881
0.2222222222222222,0.1111111111111111,0.6666666666666666,44.44444444444444,300.12443716711596
0.2222222222222222,0.1111111111111111,0.7777777777777777,44.44444444444444,300.03677479657057
0.2222222222222222,0.1111111111111111,0.8888888888888888,44.44444444444444,300.005908136548
0.2222222222222222,0.1111111111111111,1.0,44.44444444444444,300.0005160013655
0.2222222222222222,0.2222222222222222,0.0,44.44444444444444,300.0032118156195
0.2222222222222222,0.2222222222222222,0.1111111111111111,44.44444444444444,300.03677479657057
0.2222222222222222,0.2222222222222222,0.2222222222222222,44.44444444444444,300.2289022353881
0.2222222222222222,0.2222222222222222,0.3333333333333333,44.44444444444444,300.77455073513596
0.2222222222222222,0.2222222222222222,0.4444444444444444,44.44444444444444,301.4247864910723
0.2222222222222222,0.2222222222222222,0.5555555555555556,44.44444444444444,301.4247864910723
0.2222222222222222,0.2222222222222222,0.6666666666666666,44.44444444444444,300.77455073513596
0.2222222222222222,0.2222222222222222,0.7777777777777777,44.44444444444444,300.2289022353881
0.2222222222222222,0.2222222222222222,0.8888888888888888,44.44444444444444,300.03677479657057
0.2222222222222222,0.2222222222222222,1.0,44.44444444444444,300.0032118156195
0.2222222222222222,0.3333333333333333,0.0,44.44444444444444,300.01086802033626
0.2222222222222222,0.3333333333333333,0.1111111111111111,44.44444444444444,300.12443716711596
0.2222222222222222,0.3333333333333333,0.2222222222222222,44.44444444444444,300.77455073513596
0.2222222222222222,0.3333333333333333,0.3333333333333333,44.44444444444444,302.62089551149404
0.2222222222222222,0.3333333333333333,0.4444444444444444,44.44444444444444,304.8211386935594
0.2222222222222222,0.3333333333333333,0.5555555555555556,44.44444444444444,304.8211386935594
0.2222222222222222,0.3333333333333333,0.6666666666666666,44.44444444444444,302.62089551149404
0.2222222222222222,0.3333333333333333,0.7777777777777777,44.44444444444444,300.77455073513596
0.2222222222222222,0.3333333333333333,0.8888888888888888,44.44444444444444,300.12443716711596
0.2222222222222222,0.3333333333333333,1.0,44.44444444444444,300.01086802033626
0.2222222222222222,0.4444444444444444,0.0,44.44444444444444,300.01999172921467
0.2222222222222222,0.4444444444444444,0.1111111111111111,44.44444444444444,300.2289022353881
0.2222222222222222,0.4444444444444444,0.2222222222222222,44.44444444444444,301.4247864910723
0.2222222222222222,0.4444444444444444,0.3333333333333333,44.44444444444444,304.8211386935594
0.2222222222222222,0.4444444444444444,0.4444444444444444,44.44444444444444,308.86848720240897
0.2222222222222222,0.4444444444444444,0.5555555555555556,44.44444444444444,308.86848720240897
0.2222222222222222,0.4444444444444444,0.6666666666666666,44.44444444444444,304.8211386935594
0.2222222222222222,0.4444444444444444,0.7777777777777777,44.44444444444444,301.4247864910723
0.2222222222222222,0.4444444444444444,0.8888888888888888,44.44444444444444,300.2289022353881
0.2222222222222222,0.4444444444444444,1.0,44.44444444444444,300.01999172921467
0.2222222222222222,0.5555555555555556,0.0,44.44444444444444,300.01999172921467
0.2222222222222222,0.5555555555555556,0.1111111111111111,44.44444444444444,300.2289022353881
0.2222222222222222,0.5555555555555556,0.2222222222222222,44.44444444444444,301.4247864910723
0.2222222222222222,0.5555555555555556,0.3333333333333333,44.44444444444444,304.8211386935594
0.2222222222222222,0.5555555555555556,0.4444444444444444,44.44444444444444,308.86848720240897
0.2222222222222222,0.5555555555555556,0.5555555555555556,44.44444444444444,308.86848720240897
0.2222222222222222,0.5555555555555556,0.6666666666666666,44.44444444444444,304.8211386935594
0.2222222222222222,0.5555555555555556,0.7777777777777777,44.44444444444444,301.4247864910723
0.2222222222222222,0.5555555555555556,0.8888888888888888,44.44444444444444,300.2289022353881
0.2222222222222222,0.5555555555555556,1.0,44.44444444444444,300.01999172921467
0.2222222222222222,0.6666666666666666,0.0,44.44444444444444,300.01086802033626
0.2222222222222222,0.6666666666666666,0.1111111111111111,44.44444444444444,300.12443716711596
0.2222222222222222,0.6666666666666666,0.2222222222222222,44.44444444444444,300.77455073513596
0.2222222222222222,0.6666666666666666,0.3333333333333333,44.44444444444444,302.62089551149404
0.2222222222222222,0.6666666666666666,0.4444444444444444,44.44444444444444,304.8211386935594
0.2222222222222222,0.6666666666666666,0.5555555555555556,44.44444444444444,304.8211386935594
0.2222222222222222,0.6666666666666666,0.6666666666666666,44.44444444444444,302.62089551149404
0.2222222222222222,0.6666666666666666,0.7777777777777777,44.44444444444444,300.77455073513596
0.2222222222222222,0.6666666666666666,0.8888888888888888,44.44444444444444,300.12443716711596
0.2222222222222222,0.6666666666666666,1.0,44.44444444444444,300.01086802033626
0.2222222222222222,0.7777777777777777,0.0,44.44444444444444,300.0032118156195
0.2222222222222222,0.7777777777777777,0.1111111111111111,44.44444444444444,300.03677479657057
0.2222222222222222,0.7777777777777777,0.2222222222222222,44.44444444444444,300.2289022353881
0.2222222222222222,0.7777777777777777,0.3333333333333333,44.44444444444444,300.77455073513596
0.2222222222222222,0.7777777777777777,0.4444444444444444,44.44444444444444,301.4247864910723
0.2222222222222222,0.7777777777777777,0.5555555555555556,44.44444444444444,301.4247864910723
0.2222222222222222,0.7777777777777777,0.6666666666666666,44.44444444444444,300.77455073513596
0.2222222222222222,0.7777777777777777,0.7777777777777777,44.44444444444444,300.2289022353881
0.2222222222222222,0.7777777777777777,0.8888888888888888,44.44444444444444,300.03677479657057
0.2222222222222222,0.7777777777777777,1.0,44.44444444444444,300.0032118156195
0.2222222222222222,0.8888888888888888,0.0,44.44444444444444,300.0005160013655
0.2222222222222222,0.8888888888888888,0.1111111111111111,44.44444444444444,300.005908136548
0.2222222222222222,0.8888888888888888,0.2222222222222222,44.44444444444444,300.03677479657057
0.2222222222222222,0.8888888888888888,0.3333333333333333,44.44444444444444,300.12443716711596
0.2222222222222222,0.8888888888888888,0.4444444444444444,44.44444444444444,300.2289022353881
0.2222222222222222,0.8888888888888888,0.5555555555555556,44.44444444444444,300.2289022353881
0.2222222222222222,0.8888888888888888,0.6666666666666666,44.44444444444444,300.12443716711596
0.2222222222222222,0.8888888888888888,0.7777777777777777,44.44444444444444,300.03677479657057
0.2222222222222222,0.8888888888888888,0.8888888888888888,44.44444444444444,300.005908136548
0.2222222222222222,0.8888888888888888,1.0,44.44444444444444,300.0005160013655
0.2222222222222222,1.0,0.0,44.44444444444444,300.0000450662247
0.2222222222222222,1.0,0.1111111111111111,44.44444444444444,300.0005160013655
0.2222222222222222,1.0,0.2222222222222222,44.44444444444444,300.0032118156195
0.2222222222222222,1.0,0.3333333333333333,44.44444444444444,300.01086802033626
0.2222222222222222,1.0,0.4444444444444444,44.44444444444444,300.01999172921467
0.2222222222222222,1.0,0.5555555555555556,44.44444444444444,300.01999172921467
0.2222222222222222,1.0,0.6666666666666666,44.44444444444444,300.01086802033626
0.2222222222222222,1.0,0.7777777777777777,44.44444444444444,300.0032118156195
0.2222222222222222,1.0,0.8888888888888888,44.44444444444444,300.0005160013655
0.2222222222222222,1.0,1.0,44.44444444444444,300.0000450662247
0.3333333333333333,0.0,0.0,44.44444444444444,300.0001524933883
0.3333333333333333,0.0,0.1111111111111111,44.44444444444444,300.00174602592375
0.3333333333333333,0.0,0.2222222222222222,44.44444444444444,300.01086802033626
0.3333333333333333,0.0,0.3333333333333333,44.44444444444444,300.03677479657057
0.3333333333333333,0.0,0.4444444444444444,44.44444444444444,300.06764725793784
0.3333333333333333,0.0,0.5555555555555556,44.44444444444444,300.06764725793784
0.3333333333333333,0.0,0.6666666666666666,44.44444444444444,300.03677479657057
0.3333333333333333,0.0,0.7777777777777777,44.44444444444444,300.01086802033626
0.3333333333333333,0.0,0.8888888888888888,44.44444444444444,300.00174602592375
0.3333333333333333,0.0,1.0,44.44444444444444,300.0001524933883
0.3333333333333333,0.1111111111111111,0.0,44.44444444444444,300.00174602592375
0.3333333333333333,0.1111111111111111,0.1111111111111111,44.44444444444444,300.01999172921467
0.3333333333333333,0.1111111111111111,0.2222222222222222,44.44444444444444,300.12443716711596
0.3333333333333333,0.1111111111111111,0.3333333333333333,44.44444444444444,300.4210657842833
0.3333333333333333,0.1111111111111111,0.4444444444444444,44.44444444444444,300.77455073513596
0.3333333333333333,0.1111111111111111,0.5555555555555556,44.44444444444444,300.77455073513596
0.3333333333333333,0.1111111111111111,0.6666666666666666,44.44444444444444,300.4210657842833
0.3333333333333333,0.1111111111111111,0.7777777777777777,44.44444444444444,300.12443716711596
0.3333333333333333,0.1111111111111111,0.8888888888888888,44.44444444444444,300.01999172921467
0.3333333333333333,0.1111111111111111,1.0,44.44444444444444,300.00174602592375
0.3333333333333333,0.2222222222222222,0.0,44.44444444444444,300.01086802033626
0.3333333333333333,0.2222222222222222,0.1111111111111111,44.44444444444444,300.12443716711596
0.3333333333333333,0.2222222222222222,0.2222222222222222,44.44444444444444,300.77455073513596
0.3333333333333333,0.2222222222222222,0.3333333333333333,44.44444444444444,302.62089551149404
0.3333333333333333,0.2222222222222222,0.4444444444444444,44.44444444444444,304.8211386935594
0.3333333333333333,0.2222222222222222,0.5555555555555556,44.44444444444444,304.8211386935594
0.3333333333333333,0.2222222222222222,0.6666666666666666,44.44444444444444,302.62089551149404
0.3333333333333333,0.2222222222222222,0.7777777777777777,44.44444444444444,300.77455073513596
0.3333333333333333,0.2222222222222222,0.8888888888888888,44.44444444444444,300.12443716711596
0.3333333333333333,0.2222222222222222,1.0,44.44444444444444,300.01086802033626
0.3333333333333333,0.3333333333333333,0.0,44.44444444444444,300.03677479657057
0.3333333333333333,0.3333333333333333,0.1111111111111111,44.44444444444444,300.4210657842833
0.3333333333333333,0.3333333333333333,0.2222222222222222,44.44444444444444,302.62089551149404
0.3333333333333333,0.3333333333333333,0.3333333333333333,44.44444444444444,308.86848720240897
0.3333333333333333,0.3333333333333333,0.4444444444444444,44.44444444444444,316.3135869466606
0.3333333333333333,0.3333333333333333,0.5555555555555556,44.44444444444444,316.3135869466606
0.3333333333333333,0.3333333333333333,0.6666666666666666,44.44444444444444,308.86848720240897
0.3333333333333333,0.3333333333333333,0.7777777777777777,44.44444444444444,302.62089551149404
0.3333333333333333,0.3333333333333333,0.8888888888888888,44.44444444444444,300.4210657842833
0.3333333333333333,0.3333333333333333,1.0,44.44444444444444,300.03677479657057
0.3333333333333333,0.4444444444444444,0.0,44.44444444444444,300.06764725793784
0.3333333333333333,0.4444444444444444,0.1111111111111111,44.44444444444444,300.77455073513596
0.3333333333333333,0.4444444444444444,0.2222222222222222,44.44444444444444,304.8211386935594
0.3333333333333333,0.4444444444444444,0.3333333333333333,44.44444444444444,316.3135869466606
0.3333333333333333,0.4444444444444444,0.4444444444444444,44.44444444444444,330.00885190362186
0.3333333333333333,0.4444444444444444,0.5555555555555556,44.44444444444444,330.00885190362186
0.3333333333333333,0.4444444444444444,0.6666666666666666,44.44444444444444,316.3135869466606
0.3333333333333333,0.4444444444444444,0.7777777777777777,44.44444444444444,304.8211386935594
0.3333333333333333,0.4444444444444444,0.8888888888888888,44.44444444444444,300.77455073513596
0.3333333333333333,0.4444444444444444,1.0,44.44444444444444,300.06764725793784
0.3333333333333333,0.5555555555555556,0.0,44.44444444444444,300.06764725793784
0.3333333333333333,0.5555555555555556,0.1111111111111111,44.44444444444444,300.77455073513596
0.3333333333333333,0.5555555555555556,0.2222222222222222,44.44444444444444,304.8211386935594
0.3333333333333333,0.5555555555555556,0.3333333333333333,44.44444444444444,316.3135869466606
0.3333333333333333,0.5555555555555556,0.4444444444444444,44.44444444444444,330.00885190362186
0.3333333333333333,0.5555555555555556,0.5555555555555556,44.44444444444444,330.00885190362186
0.3333333333333333,0.5555555555555556,0.6666666666666666,44.44444444444444,316.3135869466606
0.3333333333333333,0.5555555555555556,0.7777777777777777,44.44444444444444,304.8211386935594
0.3333333333333333,0.5555555555555556,0.8888888888888888,44.44444444444444,300.77455073513596
0.3333333333333333,0.5555555555555556,1.0,44.44444444444444,300.06764725793784
0.3333333333333333,0.6666666666666666,0.0,44.44444444444444,300.03677479657057
0.3333333333333333,0.6666666666666666,0.1111111111111111,44.44444444444444,300.4210657842833
0.3333333333333333,0.6666666666666666,0.2222222222222222,44.44444444444444,302.62089551149404
0.3333333333333333,0.6666666666666666,0.3333333333333333,44.44444444444444,308.86848720240897
0.3333333333333333,0.6666666666666666,0.4444444444444444,44.44444444444444,316.3135869466606
0.3333333333333333,0.6666666666666666,0.5555555555555556,44.44444444444444,316.3135869466606
0.3333333333333333,0.6666666666666666,0.6666666666666666,44.44444444444444,308.86848720240897
0.3333333333333333,0.6666666666666666,0.7777777777777777,44.44444444444444,302.62089551149404
0.3333333333333333,0.6666666666666666,0.8888888888888888,44.44444444444444,300.4210657842833
0.3333333333333333,0.6666666666666666,1.0,44.44444444444444,300.03677479657057
0.3333333333333333,0.7777777777777777,0.0,44.44444444444444,300.01086802033626
0.3333333333333333,0.7777777777777777,0.1111111111111111,44.44444444444444,300.12443716711596
0.3333333333333333,0.7777777777777777,0.2222222222222222,44.44444444444444,300.77455073513596
0.3333333333333333,0.7777777777777777,0.3333333333333333,44.44444444444444,302.62089551149404
0.3333333333333333,0.7777777777777777,0.4444444444444444,44.44444444444444,304.8211386935594
0.3333333333333333,0.7777777777777777,0.5555555555555556,44.44444444444444,304.8211386935594
0.3333333333333333,0.7777777777777777,0.6666666666666666,44.44444444444444,302.62089551149404
0.3333333333333333,0.7777777777777777,0.7777777777777777,44.44444444444444,300.77455073513596
0.3333333333333333,0.7777777777777777,0.8888888888888888,44.44444444444444,300.12443716711596
0.3333333333333333,0.7777777777777777,1.0,44.44444444444444,300.01086802033626
0.3333333333333333,0.8888888888888888,0.0,44.44444444444444,300.00174602592375
0.3333333333333333,0.8888888888888888,0.1111111111111111,44.44444444444444,300.01999172921467
0.3333333333333333,0.8888888888888888,0.2222222222222222,44.44444444444444,300.12443716711596
0.3333333333333333,0.8888888888888888,0.3333333333333333,44.44444444444444,300.4210657842833
0.3333333333333333,0.8888888888888888,0.4444444444444444,44.44444444444444,300.77455073513596
0.3333333333333333,0.8888888888888888,0.5555555555555556,44.44444444444444,300.77455073513596
0.3333333333333333,0.8888888888888888,0.6666666666666666,44.44444444444444,300.4210657842833
0.3333333333333333,0.8888888888888888,0.7777777777777777,44.44444444444444,300.12443716711596
0.3333333333333333,0.8888888888888888,0.8888888888888888,44.44444444444444,300.01999172921467
0.3333333333333333,0.8888888888888888,1.0,44.44444444444444,300.00174602592375
0.3333333333333333,1.0,0.0,44.44444444444444,300.0001524933883
0.3333333333333333,1.0,0.1111111111111111,44.44444444444444,300.00174602592375
0.3333333333333333,1.0,0.2222222222222222,44.44444444444444,300.01086802033626
0.3333333333333333,1.0,0.3333333333333333,44.44444444444444,300.03677479657057
0.3333333333333333,1.0,0.4444444444444444,44.44444444444444,300.06764725793784
0.3333333333333333,1.0,0.5555555555555556,44.44444444444444,300.06764725793784
0.3333333333333333,1.0,0.6666666666666666,44.44444444444444,300.03677479657057
0.3333333333333333,1.0,0.7777777777777777,44.44444444444444,300.01086802033626
0.3333333333333333,1.0,0.8888888888888888,44.44444444444444,300.00174602592375
0.3333333333333333,1.0,1.0,44.44444444444444,300.0001524933883
0.4444444444444444,0.0,0.0,44.44444444444444,300.0002805116693
0.4444444444444444,0.0,0.1111111111111111,44.44444444444444,300.0032118156195
0.4444444444444444,0.0,0.2222222222222222,44.44444444444444,300.01999172921467
0.4444444444444444,0.0,0.3333333333333333,44.44444444444444,300.06764725793784
0.4444444444444444,0.0,0.4444444444444444,44.44444444444444,300.12443716711596
0.4444444444444444,0.0,0.5555555555555556,44.44444444444444,300.12443716711596
0.4444444444444444,0.0,0.6666666666666666,44.44444444444444,300.06764725793784
0.4444444444444444,0.0,0.7777777777777777,44.44444444444444,300.01999172921467
0.4444444444444444,0.0,0.8888888888888888,44.44444444444444,300.0032118156195
0.4444444444444444,0.0,1.0,44.44444444444444,300.0002805116693
0.4444444444444444,0.1111111111111111,0.0,44.44444444444444,300.0032118156195
0.4444444444444444,0.1111111111111111,0.1111111111111111,44.44444444444444,300.03677479657057
0.4444444444444444,0.1111111111111111,0.2222222222222222,44.44444444444444,300.2289022353881
0.4444444444444444,0.1111111111111111,0.3333333333333333,44.44444444444444,300.77455073513596
0.4444444444444444,0.1111111111111111,0.4444444444444444,44.44444444444444,301.4247864910723
0.4444444444444444,0.1111111111111111,0.5555555555555556,44.44444444444444,301.4247864910723
0.4444444444444444,0.1111111111111111,0.6666666666666666,44.44444444444444,300.77455073513596
0.4444444444444444,0.1111111111111111,0.7777777777777777,44.44444444444444,300.2289022353881
0.4444444444444444,0.1111111111111111,0.8888888888888888,44.44444444444444,300.03677479657057
0.4444444444444444,0.1111111111111111,1.0,44.44444444444444,300.0032118156195
0.4444444444444444,0.2222222222222222,0.0,44.44444444444444,300.01999172921467
0.4444444444444444,0.2222222222222222,0.1111111111111111,44.44444444444444,300.2289022353881
0.4444444444444444,0.2222222222222222,0.2222222222222222,44.44444444444444,301.4247864910723
0.4444444444444444,0.2222222222222222,0.3333333333333333,44.44444444444444,304.8211386935594
0.4444444444444444,0.2222222222222222,0.4444444444444444,44.44444444444444,308.86848720240897
0.4444444444444444,0.2222222222222222,0.5555555555555556,44.44444444444444,308.86848720240897
0.4444444444444444,0.2222222222222222,0.6666666666666666,44.44444444444444,304.8211386935594
0.4444444444444444,0.2222222222222222,0.7777777777777777,44.44444444444444,301.4247864910723
0.4444444444444444,0.2222222222222222,0.8888888888888888,44.44444444444444,300.2289022353881
0.4444444444444444,0.2222222222222222,1.0,44.44444444444444,300.01999172921467
0.4444444444444444,0.3333333333333333,0.0,44.44444444444444,300.06764725793784
0.4444444444444444,0.3333333333333333,0.1111111111111111,44.44444444444444,300.77455073513596
0.4444444444444444,0.3333333333333333,0.2222222222222222,44.44444444444444,304.8211386935594
0.4444444444444444,0.3333333333333333,0.3333333333333333,44.44444444444444,316.3135869466606
0.4444444444444444,0.3333333333333333,0.4444444444444444,44.44444444444444,330.00885190362186
0.4444444444444444,0.3333333333333333,0.5555555555555556,44.44444444444444,330.00885190362186
0.4444444444444444,0.3333333333333333,0.6666666666666666,44.44444444444444,316.3135869466606
0.4444444444444444,0.3333333333333333,0.7777777777777777,44.44444444444444,304.8211386935594
0.4444444444444444,0.3333333333333333,0.8888888888888888,44.44444444444444,300.77455073513596
0.4444444444444444,0.3333333333333333,1.0,44.44444444444444,300.06764725793784
0.4444444444444444,0.4444444444444444,0.0,44.44444444444444,300.12443716711596
0.4444444444444444,0.4444444444444444,0.1111111111111111,44.44444444444444,301.4247864910723
0.4444444444444444,0.4444444444444444,0.2222222222222222,44.44444444444444,308.86848720240897
0.4444444444444444,0.4444444444444444,0.3333333333333333,44.44444444444444,330.00885190362186
0.4444444444444444,0.4444444444444444,0.4444444444444444,44.44444444444444,355.2012991084003
0.4444444444444444,0.4444444444444444,0.5555555555555556,44.44444444444444,355.2012991084003
0.4444444444444444,0.4444444444444444,0.6666666666666666,44.44444444444444,330.00885190362186
0.4444444444444444,0.4444444444444444,0.7777777777777777,44.44444444444444,308.86848720240897
0.4444444444444444,0.4444444444444444,0.8888888888888888,44.44444444444444,301.4247864910723
0.4444444444444444,0.4444444444444444,1.0,44.44444444444444,300.12443716711596
0.4444444444444444,0.5555555555555556,0.0,44.44444444444444,300.12443716711596
0.4444444444444444,0.5555555555555556,0.1111111111111111,44.44444444444444,301.4247864910723
0.4444444444444444,0.5555555555555556,0.2222222222222222,44.44444444444444,308.86848720240897
0.4444444444444444,0.5555555555555556,0.3333333333333333,44.44444444444444,330.00885190362186
0.4444444444444444,0.5555555555555556,0.4444444444444444,44.44444444444444,355.2012991084003
0.4444444444444444,0.5555555555555556,0.5555555555555556,44.44444444444444,355.2012991084003
0.4444444444444444,0.5555555555555556,0.6666666666666666,44.44444444444444,330.00885190362186
0.4444444444444444,0.5555555555555556,0.7777777777777777,44.44444444444444,308.86848720240897
0.4444444444444444,0.5555555555555556,0.8888888888888888,44.44444444444444,301.4247864910723
0.4444444444444444,0.5555555555555556,1.0,44.44444444444444,300.12443716711596
0.4444444444444444,0.6666666666666666,0.0,44.44444444444444,300.06764725793784
0.4444444444444444,0.6666666666666666,0.1111111111111111,44.44444444444444,300.77455073513596
0.4444444444444444,0.6666666666666666,0.2222222222222222,44.44444444444444,304.8211386935594
0.4444444444444444,0.6666666666666666,0.3333333333333333,44.44444444444444,316.3135869466606
0.4444444444444444,0.6666666666666666,0.4444444444444444,44.44444444444444,330.00885190362186
0.4444444444444444,0.6666666666666666,0.5555555555555556,44.44444444444444,330.00885190362186
0.4444444444444444,0.6666666666666666,0.6666666666666666,44.44444444444444,316.3135869466606
0.4444444444444444,0.6666666666666666,0.7777777777777777,44.44444444444444,304.8211386935594
0.4444444444444444,0.6666666666666666,0.8888888888888888,44.44444444444444,300.77455073513596
0.4444444444444444,0.6666666666666666,1.0,44.44444444444444,300.06764725793784
0.4444444444444444,0.7777777777777777,0.0,44.44444444444444,300.01999172921467
0.4444444444444444,0.7777777777777777,0.1111111111111111,44.44444444444444,300.2289022353881
0.4444444444444444,0.7777777777777777,0.2222222222222222,44.44444444444444,301.4247864910723
0.4444444444444444,0.7777777777777777,0.3333333333333333,44.44444444444444,304.8211386935594
0.4444444444444444,0.7777777777777777,0.4444444444444444,44.44444444444444,308.86848720240897
0.4444444444444444,0.7777777777777777,0.5555555555555556,44.44444444444444,308.86848720240897
0.4444444444444444,0.7777777777777777,0.6666666666666666,44.44444444444444,304.8211386935594
0.4444444444444444,0.7777777777777777,0.7777777777777777,44.44444444444444,301.4247864910723
0.4444444444444444,0.7777777777777777,0.8888888888888888,44.44444444444444,300.2289022353881
0.4444444444444444,0.7777777777777777,1.0,44.44444444444444,300.01999172921467
0.4444444444444444,0.8888888888888888,0.0,44.44444444444444,300.0032118156195
0.4444444444444444,0.8888888888888888,0.1111111111111111,44.44444444444444,300.03677479657057
0.4444444444444444,0.8888888888888888,0.2222222222222222,44.44444444444444,300.2289022353881
0.4444444444444444,0.8888888888888888,0.3333333333333333,44.44444444444444,300.77455073513596
0.4444444444444444,0.8888888888888888,0.4444444444444444,44.44444444444444,301.4247864910723
0.4444444444444444,0.8888888888888888,0.5555555555555556,44.44444444444444,301.4247864910723
0.4444444444444444,0.8888888888888888,0.6666666666666666,44.44444444444444,300.77455073513596
0.4444444444444444,0.8888888888888888,0.7777777777777777,44.44444444444444,300.2289022353881
0.4444444444444444,0.8888888888888888,0.8888888888888888,44.44444444444444,300.03677479657057
0.4444444444444444,0.8888888888888888,1.0,44.44444444444444,300.0032118156195
0.4444444444444444,1.0,0.0,44.44444444444444,300.0002805116693
0.4444444444444444,1.0,0.1111111111111111,44.44444444444444,300.0032118156195
0.4444444444444444,1.0,0.2222222222222222,44.44444444444444,300.01999172921467
0.4444444444444444,1.0,0.3333333333333333,44.44444444444444,300.06764725793784
0.4444444444444444,1.0,0.4444444444444444,44.44444444444444,300.12443716711596
0.4444444444444444,1.0,0.5555555555555556,44.44444444444444,300.12443716711596
0.4444444444444444,1.0,0.6666666666666666,44.44444444444444,300.06764725793784
0.4444444444444444,1.0,0.7777777777777777,44.44444444444444,300.01999172921467
0.4444444444444444,1.0,0.8888888888888888,44.44444444444444,300.0032118156195
0.4444444444444444,1.0,1.0,44.44444444444444,300.0002805116693
0.5555555555555556,0.0,0.0,44.44444444444444,300.0002805116693
0.5555555555555556,0.0,0.1111111111111111,44.44444444444444,300.0032118156195
0.5555555555555556,0.0,0.2222222222222222,44.44444444444444,300.01999172921467
0.5555555555555556,0.0,0.3333333333333333,44.44444444444444,300.06764725793784
0.5555555555555556,0.0,0.4444444444444444,44.44444444444444,300.12443716711596
0.5555555555555556,0.0,0.5555555555555556,44.44444444444444,300.12443716711596
0.5555555555555556,0.0,0.6666666666666666,44.44444444444444,300.06764725793784
0.5555555555555556,0.0,0.7777777777777777,44.44444444444444,300.01999172921467
0.5555555555555556,0.0,0.8888888888888888,44.44444444444444,300.0032118156195
0.5555555555555556,0.0,1.0,44.44444444444444,300.0002805116693
0.5555555555555556,0.1111111111111111,0.0,44.44444444444444,300.0032118156195
0.5555555555555556,0.1111111111111111,0.1111111111111111,44.44444444444444,300.03677479657057
0.5555555555555556,0.1111111111111111,0.2222222222222222,44.44444444444444,300.2289022353881
0.5555555555555556,0.1111111111111111,0.3333333333333333,44.44444444444444,300.77455073513596
0.5555555555555556,0.1111111111111111,0.4444444444444444,44.44444444444444,301.4247864910723
0.5555555555555556,0.1111111111111111,0.5555555555555556,44.44444444444444,301.4247864910723
0.5555555555555556,0.1111111111111111,0.6666666666666666,44.44444444444444,300.77455073513596
0.5555555555555556,0.1111111111111111,0.7777777777777777,44.44444444444444,300.2289022353881
0.5555555555555556,0.1111111111111111,0.8888888888888888,44.44444444444444,300.03677479657057
0.5555555555555556,0.1111111111111111,1.0,44.44444444444444,300.0032118156195
0.5555555555555556,0.2222222222222222,0.0,44.44444444444444,300.01999172921467
0.5555555555555556,0.2222222222222222,0.1111111111111111,44.44444444444444,300.2289022353881
0.5555555555555556,0.2222222222222222,0.2222222222222222,44.44444444444444,301.4247864910723
0.5555555555555556,0.2222222222222222,0.3333333333333333,44.44444444444444,304.8211386935594
0.5555555555555556,0.2222222222222222,0.4444444444444444,44.44444444444444,308.86848720240897
0.5555555555555556,0.2222222222222222,0.5555555555555556,44.44444444444444,308.86848720240897
0.5555555555555556,0.2222222222222222,0.6666666666666666,44.44444444444444,304.8211386935594
0.5555555555555556,0.2222222222222222,0.7777777777777777,44.44444444444444,301.4247864910723
0.5555555555555556,0.2222222222222222,0.8888888888888888,44.44444444444444,300.2289022353881
0.5555555555555556,0.2222222222222222,1.0,44.44444444444444,300.01999172921467
0.5555555555555556,0.3333333333333333,0.0,44.44444444444444,300.06764725793784
0.5555555555555556,0.3333333333333333,0.1111111111111111,44.44444444444444,300.77455073513596
0.5555555555555556,0.3333333333333333,0.2222222222222222,44.44444444444444,304.8211386935594
0.5555555555555556,0.3333333333333333,0.3333333333333333,44.44444444444444,316.3135869466606
0.5555555555555556,0.3333333333333333,0.4444444444444444,44.44444444444444,330.00885190362186
0.5555555555555556,0.3333333333333333,0.5555555555555556,44.44444444444444,330.00885190362186
0.5555555555555556,0.3333333333333333,0.6666666666666666,44.44444444444444,316.3135869466606
0.5555555555555556,0.3333333333333333,0.7777777777777777,44.44444444444444,304.8211386935594
0.5555555555555556,0.3333333333333333,0.8888888888888888,44.44444444444444,300.77455073513596
0.5555555555555556,0.3333333333333333,1.0,44.44444444444444,300.06764725793784
0.5555555555555556,0.4444444444444444,0.0,44.44444444444444,300.12443716711596
0.5555555555555556,0.4444444444444444,0.1111111111111111,44.44444444444444,301.4247864910723
0.5555555555555556,0.4444444444444444,0.2222222222222222,44.44444444444444,308.86848720240897
0.5555555555555556,0.4444444444444444,0.3333333333333333,44.44444444444444,330.00885190362186
0.5555555555555556,0.4444444444444444,0.4444444444444444,44.44444444444444,355.2012991084003
0.5555555555555556,0.4444444444444444,0.5555555555555556,44.44444444444444,355.2012991084003
0.5555555555555556,0.4444444444444444,0.6666666666666666,44.44444444444444,330.00885190362186
0.5555555555555556,0.4444444444444444,0.7777777777777777,44.44444444444444,308.86848720240897
0.5555555555555556,0.4444444444444444,0.8888888888888888,44.44444444444444,301.4247864910723
0.5555555555555556,0.4444444444444444,1.0,44.44444444444444,300.12443716711596
0.5555555555555556,0.5555555555555556,0.0,44.44444444444444,300.12443716711596
0.5555555555555556,0.5555555555555556,0.1111111111111111,44.44444444444444,301.4247864910723
0.5555555555555556,0.5555555555555556,0.2222222222222222,44.44444444444444,308.86848720240897
0.5555555555555556,0.5555555555555556,0.3333333333333333,44.44444444444444,330.00885190362186
0.5555555555555556,0.5555555555555556,0.4444444444444444,44.44444444444444,355.2012991084003
0.5555555555555556,0.5555555555555556,0.5555555555555556,44.44444444444444,355.2012991084003
0.5555555555555556,0.5555555555555556,0.6666666666666666,44.44444444444444,330.00885190362186
0.5555555555555556,0.5555555555555556,0.7777777777777777,44.44444444444444,308.86848720240897
0.5555555555555556,0.5555555555555556,0.8888888888888888,44.44444444444444,301.4247864910723
0.5555555555555556,0.5555555555555556,1.0,44.44444444444444,300.12443716711596
0.5555555555555556,0.6666666666666666,0.0,44.44444444444444,300.06764725793784
0.5555555555555556,0.6666666666666666,0.1111111111111111,44.44444444444444,300.77455073513596
0.5555555555555556,0.6666666666666666,0.2222222222222222,44.44444444444444,304.8211386935594
0.5555555555555556,0.6666666666666666,0.3333333333333333,44.44444444444444,316.3135869466606
0.5555555555555556,0.6666666666666666,0.4444444444444444,44.44444444444444,330.00885190362186
0.5555555555555556,0.6666666666666666,0.5555555555555556,44.44444444444444,330.00885190362186
0.5555555555555556,0.6666666666666666,0.6666666666666666,44.44444444444444,316.3135869466606
0.5555555555555556,0.6666666666666666,0.7777777777777777,44.44444444444444,304.8211386935594
0.5555555555555556,0.6666666666666666,0.8888888888888888,44.44444444444444,300.77455073513596
0.5555555555555556,0.6666666666666666,1.0,44.44444444444444,300.06764725793784
0.5555555555555556,0.7777777777777777,0.0,44.44444444444444,300.01999172921467
0.5555555555555556,0.7777777777777777,0.1111111111111111,44.44444444444444,300.2289022353881
0.5555555555555556,0.7777777777777777,0.2222222222222222,44.44444444444444,301.4247864910723
0.5555555555555556,0.7777777777777777,0.3333333333333333,44.44444444444444,304.8211386935594
0.5555555555555556,0.7777777777777777,0.4444444444444444,44.44444444444444,308.86848720240897
0.5555555555555556,0.7777777777777777,0.5555555555555556,44.44444444444444,308.86848720240897
0.5555555555555556,0.7777777777777777,0.6666666666666666,44.44444444444444,304.8211386935594
0.5555555555555556,0.7777777777777777,0.7777777777777777,44.44444444444444,301.4247864910723
0.5555555555555556,0.7777777777777777,0.8888888888888888,44.44444444444444,300.2289022353881
0.5555555555555556,0.7777777777777777,1.0,44.44444444444444,300.01999172921467
0.5555555555555556,0.8888888888888888,0.0,44.44444444444444,300.0032118156195
0.5555555555555556,0.8888888888888888,0.1111111111111111,44.44444444444444,300.03677479657057
0.5555555555555556,0.8888888888888888,0.2222222222222222,44.44444444444444,300.2289022353881
0.5555555555555556,0.8888888888888888,0.3333333333333333,44.44444444444444,300.77455073513596
0.5555555555555556,0.8888888888888888,0.4444444444444444,44.44444444444444,301.4247864910723
0.5555555555555556,0.8888888888888888,0.5555555555555556,44.44444444444444,301.4247864910723
0.5555555555555556,0.8888888888888888,0.6666666666666666,44.44444444444444,300.77455073513596
0.5555555555555556,0.8888888888888888,0.7777777777777777,44.44444444444444,300.2289022353881
0.5555555555555556,0.8888888888888888,0.8888888888888888,44.44444444444444,300.03677479657057
0.5555555555555556,0.8888888888888888,1.0,44.44444444444444,300.0032118156195
0.5555555555555556,1.0,0.0,44.44444444444444,300.0002805116693
0.5555555555555556,1.0,0.1111111111111111,44.44444444444444,300.0032118156195
0.5555555555555556,1.0,0.2222222222222222,44.44444444444444,300.01999172921467
0.5555555555555556,1.0,0.3333333333333333,44.44444444444444,300.06764725793784
0.5555555555555556,1.0,0.4444444444444444,44.44444444444444,300.12443716711596
0.5555555555555556,1.0,0.5555555555555556,44.44444444444444,300.12443716711596
0.5555555555555556,1.0,0.6666666666666666,44.44444444444444,300.06764725793784
0.5555555555555556,1.0,0.7777777777777777,44.44444444444444,300.01999172921467
0.5555555555555556,1.0,0.8888888888888888,44.44444444444444,300.0032118156195
0.5555555555555556,1.0,1.0,44.44444444444444,300.0002805116693
0.6666666666666666,0.0,0.0,44.44444444444444,300.0001524933883
0.6666666666666666,0.0,0.1111111111111111,44.44444444444444,300.00174602592375
0.6666666666666666,0.0,0.2222222222222222,44.44444444444444,300.01086802033626
0.6666666666666666,0.0,0.3333333333333333,44.44444444444444,300.03677479657057
0.6666666666666666,0.0,0.4444444444444444,44.44444444444444,300.06764725793784
0.6666666666666666,0.0,0.5555555555555556,44.44444444444444,300.06764725793784
0.6666666666666666,0.0,0.6666666666666666,44.44444444444444,300.03677479657057
0.6666666666666666,0.0,0.7777777777777777,44.44444444444444,300.01086802033626
0.6666666666666666,0.0,0.8888888888888888,44.44444444444444,300.00174602592375
0.6666666666666666,0.0,1.0,44.44444444444444,300.0001524933883
0.6666666666666666,0.1111111111111111,0.0,44.44444444444444,300.00174602592375
0.6666666666666666,0.1111111111111111,0.1111111111111111,44.44444444444444,300.01999172921467
0.6666666666666666,0.1111111111111111,0.2222222222222222,44.44444444444444,300.12443716711596
0.6666666666666666,0.1111111111111111,0.3333333333333333,44.44444444444444,300.4210657842833
0.6666666666666666,0.1111111111111111,0.4444444444444444,44.44444444444444,300.77455073513596
0.6666666666666666,0.1111111111111111,0.5555555555555556,44.44444444444444,300.77455073513596
0.6666666666666666,0.1111111111111111,0.6666666666666666,44.44444444444444,300.4210657842833
0.6666666666666666,0.1111111111111111,0.7777777777777777,44.44444444444444,300.12443716711596
0.6666666666666666,0.1111111111111111,0.8888888888888888,44.44444444444444,300.01999172921467
0.6666666666666666,0.1111111111111111,1.0,44.44444444444444,300.00174602592375
0.6666666666666666,0.2222222222222222,0.0,44.44444444444444,300.01086802033626
0.6666666666666666,0.2222222222222222,0.1111111111111111,44.44444444444444,300.12443716711596
0.6666666666666666,0.2222222222222222,0.2222222222222222,44.44444444444444,300.77455073513596
0.6666666666666666,0.2222222222222222,0.3333333333333333,44.44444444444444,302.62089551149404
0.6666666666666666,0.2222222222222222,0.4444444444444444,44.44444444444444,304.8211386935594
0.6666666666666666,0.2222222222222222,0.5555555555555556,44.44444444444444,304.8211386935594
0.6666666666666666,0.2222222222222222,0.6666666666666666,44.44444444444444,302.62089551149404
0.6666666666666666,0.2222222222222222,0.7777777777777777,44.44444444444444,300.77455073513596
0.6666666666666666,0.2222222222222222,0.8888888888888888,44.44444444444444,300.12443716711596
0.6666666666666666,0.2222222222222222,1.0,44.44444444444444,300.01086802033626
0.6666666666666666,0.3333333333333333,0.0,44.44444444444444,300.03677479657057
0.6666666666666666,0.3333333333333333,0.1111111111111111,44.44444444444444,300.4210657842833
0.6666666666666666,0.3333333333333333,0.2222222222222222,44.44444444444444,302.62089551149404
0.6666666666666666,0.3333333333333333,0.3333333333333333,44.44444444444444,308.86848720240897
0.6666666666666666,0.3333333333333333,0.4444444444444444,44.44444444444444,316.3135869466606
0.6666666666666666,0.3333333333333333,0.5555555555555556,44.44444444444444,316.3135869466606
0.6666666666666666,0.3333333333333333,0.6666666666666666,44.44444444444444,308.86848720240897
0.6666666666666666,0.3333333333333333,0.7777777777777777,44.44444444444444,302.62089551149404
0.6666666666666666,0.3333333333333333,0.8888888888888888,44.44444444444444,300.4210657842833
0.6666666666666666,0.3333333333333333,1.0,44.44444444444444,300.03677479657057
0.6666666666666666,0.4444444444444444,0.0,44.44444444444444,300.06764725793784
0.6666666666666666,0.4444444444444444,0.1111111111111111,44.44444444444444,300.77455073513596
0.6666666666666666,0.4444444444444444,0.2222222222222222,44.44444444444444,304.8211386935594
0.6666666666666666,0.4444444444444444,0.3333333333333333,44.44444444444444,316.3135869466606
0.6666666666666666,0.4444444444444444,0.4444444444444444,44.44444444444444,330.00885190362186
0.6666666666666666,0.4444444444444444,0.5555555555555556,44.44444444444444,330.00885190362186
0.6666666666666666,0.4444444444444444,0.6666666666666666,44.44444444444444,316.3135869466606
0.6666666666666666,0.4444444444444444,0.7777777777777777,44.44444444444444,304.8211386935594
0.6666666666666666,0.4444444444444444,0.8888888888888888,44.44444444444444,300.77455073513596
0.6666666666666666,0.4444444444444444,1.0,44.44444444444444,300.06764725793784
0.6666666666666666,0.5555555555555556,0.0,44.44444444444444,300.06764725793784
0.6666666666666666,0.5555555555555556,0.1111111111111111,44.44444444444444,300.77455073513596
0.6666666666666666,0.5555555555555556,0.2222222222222222,44.44444444444444,304.8211386935594
0.6666666666666666,0.5555555555555556,0.3333333333333333,44.44444444444444,316.3135869466606
0.6666666666666666,0.5555555555555556,0.4444444444444444,44.44444444444444,330.00885190362186
0.6666666666666666,0.5555555555555556,0.5555555555555556,44.44444444444444,330.00885190362186
0.6666666666666666,0.5555555555555556,0.6666666666666666,44.44444444444444,316.3135869466606
0.6666666666666666,0.5555555555555556,0.7777777777777777,44.44444444444444,304.8211386935594
0.6666666666666666,0.5555555555555556,0.8888888888888888,44.44444444444444,300.77455073513596
0.6666666666666666,0.5555555555555556,1.0,44.44444444444444,300.06764725793784
0.6666666666666666,0.6666666666666666,0.0,44.44444444444444,300.03677479657057
0.6666666666666666,0.6666666666666666,0.1111111111111111,44.44444444444444,300.4210657842833
0.6666666666666666,0.6666666666666666,0.2222222222222222,44.44444444444444,302.62089551149404
0.6666666666666666,0.6666666666666666,0.3333333333333333,44.44444444444444,308.86848720240897
0.6666666666666666,0.6666666666666666,0.4444444444444444,44.44444444444444,316.3135869466606
0.6666666666666666,0.6666666666666666,0.5555555555555556,44.44444444444444,316.3135869466606
0.6666666666666666,0.6666666666666666,0.6666666666666666,44.44444444444444,308.86848720240897
0.6666666666666666,0.6666666666666666,0.7777777777777777,44.44444444444444,302.62089551149404
0.6666666666666666,0.6666666666666666,0.8888888888888888,44.44444444444444,300.4210657842833
0.6666666666666666,0.6666666666666666,1.0,44.44444444444444,300.03677479657057
0.6666666666666666,0.7777777777777777,0.0,44.44444444444444,300.01086802033626
0.6666666666666666,0.7777777777777777,0.1111111111111111,44.44444444444444,300.12443716711596
0.6666666666666666,0.7777777777777777,0.2222222222222222,44.44444444444444,300.77455073513596
0.6666666666666666,0.7777777777777777,0.3333333333333333,44.44444444444444,302.62089551149404
0.6666666666666666,0.7777777777777777,0.4444444444444444,44.44444444444444,304.8211386935594
0.6666666666666666,0.7777777777777777,0.5555555555555556,44.44444444444444,304.8211386935594
0.6666666666666666,0.7777777777777777,0.6666666666666666,44.44444444444444,302.62089551149404
0.6666666666666666,0.7777777777777777,0.7777777777777777,44.44444444444444,300.77455073513596
0.6666666666666666,0.7777777777777777,0.8888888888888888,44.44444444444444,300.12443716711596
0.6666666666666666,0.7777777777777777,1.0,44.44444444444444,300.01086802033626
0.6666666666666666,0.8888888888888888,0.0,44.44444444444444,300.00174602592375
0.6666666666666666,0.8888888888888888,0.1111111111111111,44.44444444444444,300.01999172921467
0.6666666666666666,0.8888888888888888,0.2222222222222222,44.44444444444444,300.12443716711596
0.6666666666666666,0.8888888888888888,0.3333333333333333,44.44444444444444,300.4210657842833
0.6666666666666666,0.8888888888888888,0.4444444444444444,44.44444444444444,300.77455073513596
0.6666666666666666,0.8888888888888888,0.5555555555555556,44.44444444444444,300.77455073513596
0.6666666666666666,0.8888888888888888,0.6666666666666666,44.44444444444444,300.4210657842833
0.6666666666666666,0.8888888888888888,0.7777777777777777,44.44444444444444,300.12443716711596
0.6666666666666666,0.8888888888888888,0.8888888888888888,44.44444444444444,300.01999172921467
0.6666666666666666,0.8888888888888888,1.0,44.44444444444444,300.00174602592375
0.6666666666666666,1.0,0.0,44.44444444444444,300.0001524933883
0.6666666666666666,1.0,0.1111111111111111,44.44444444444444,300.00174602592375
0.6666666666666666,1.0,0.2222222222222222,44.44444444444444,300.01086802033626
0.6666666666666666,1.0,0.3333333333333333,44.44444444444444,300.03677479657057
0.6666666666666666,1.0,0.4444444444444444,44.44444444444444,300.06764725793784
0.6666666666666666,1.0,0.5555555555555556,44.44444444444444,300.06764725793784
0.6666666666666666,1.0,0.6666666666666666,44.44444444444444,300.03677479657057
0.6666666666666666,1.0,0.7777777777777777,44.44444444444444,300.01086802033626
0.6666666666666666,1.0,0.8888888888888888,44.44444444444444,300.00174602592375
0.6666666666666666,1.0,1.0,44.44444444444444,300.0001524933883
0.7777777777777777,0.0,0.0,44.44444444444444,300.0000450662247
0.7777777777777777,0.0,0.1111111111111111,44.44444444444444,300.0005160013655
0.7777777777777777,0.0,0.2222222222222222,44.44444444444444,300.0032118156195
0.7777777777777777,0.0,0.3333333333333333,44.44444444444444,300.01086802033626
0.7777777777777777,0.0,0.4444444444444444,44.44444444444444,300.01999172921467
0.7777777777777777,0.0,0.5555555555555556,44.44444444444444,300.01999172921467
0.7777777777777777,0.0,0.6666666666666666,44.44444444444444,300.01086802033626
0.7777777777777777,0.0,0.7777777777777777,44.44444444444444,300.0032118156195
0.7777777777777777,0.0,0.8888888888888888,44.44444444444444,300.0005160013655
0.7777777777777777,0.0,1.0,44.44444444444444,300.0000450662247
0.7777777777777777,0.1111111111111111,0.0,44.44444444444444,300.0005160013655
0.7777777777777777,0.1111111111111111,0.1111111111111111,44.44444444444444,300.005908136548
0.7777777777777777,0.1111111111111111,0.2222222222222222,44.44444444444444,300.03677479657057
0.7777777777777777,0.1111111111111111,0.3333333333333333,44.44444444444444,300.12443716711596
0.7777777777777777,0.1111111111111111,0.4444444444444444,44.44444444444444,300.2289022353881
0.7777777777777777,0.1111111111111111,0.5555555555555556,44.44444444444444,300.2289022353881
0.7777777777777777,0.1111111111111111,0.6666666666666666,44.44444444444444,300.12443716711596
0.7777777777777777,0.1111111111111111,0.7777777777777777,44.44444444444444,300.03677479657057
0.7777777777777777,0.1111111111111111,0.8888888888888888,44.44444444444444,300.005908136548
0.7777777777777777,0.1111111111111111,1.0,44.44444444444444,300.0005160013655
0.7777777777777777,0.2222222222222222,0.0,44.44444444444444,300.0032118156195
0.7777777777777777,0.2222222222222222,0.1111111111111111,44.44444444444444,300.03677479657057
0.7777777777777777,0.2222222222222222,0.2222222222222222,44.44444444444444,300.2289022353881
0.7777777777777777,0.2222222222222222,0.3333333333333333,44.44444444444444,300.77455073513596
0.7777777777777777,0.2222222222222222,0.4444444444444444,44.44444444444444,301.4247864910723
0.7777777777777777,0.2222222222222222,0.5555555555555556,44.44444444444444,301.4247864910723
0.7777777777777777,0.2222222222222222,0.6666666666666666,44.44444444444444,300.77455073513596
0.7777777777777777,0.2222222222222222,0.7777777777777777,44.44444444444444,300.2289022353881
0.7777777777777777,0.2222222222222222,0.8888888888888888,44.44444444444444,300.03677479657057
0.7777777777777777,0.2222222222222222,1.0,44.44444444444444,300.0032118156195
0.7777777777777777,0.3333333333333333,0.0,44.44444444444444,300.01086802033626
0.7777777777777777,0.3333333333333333,0.1111111111111111,44.44444444444444,300.12443716711596
0.7777777777777777,0.3333333333333333,0.2222222222222222,44.44444444444444,300.77455073513596
0.7777777777777777,0.3333333333333333,0.3333333333333333,44.44444444444444,302.62089551149404
0.7777777777777777,0.3333333333333333,0.4444444444444444,44.44444444444444,304.8211386935594
0.7777777777777777,0.3333333333333333,0.5555555555555556,44.44444444444444,304.8211386935594
0.7777777777777777,0.3333333333333333,0.6666666666666666,44.44444444444444,302.62089551149404
0.7777777777777777,0.3333333333333333,0.7777777777777777,44.44444444444444,300.77455073513596
0.7777777777777777,0.3333333333333333,0.8888888888888888,44.44444444444444,300.12443716711596
0.7777777777777777,0.3333333333333333,1.0,44.44444444444444,300.01086802033626
0.7777777777777777,0.4444444444444444,0.0,44.44444444444444,300.01999172921467
0.7777777777777777,0.4444444444444444,0.1111111111111111,44.44444444444444,300.2289022353881
0.7777777777777777,0.4444444444444444,0.2222222222222222,44.44444444444444,301.4247864910723
0.7777777777777777,0.4444444444444444,0.3333333333333333,44.44444444444444,304.8211386935594
0.7777777777777777,0.4444444444444444,0.4444444444444444,44.44444444444444,308.86848720240897
0.7777777777777777,0.4444444444444444,0.5555555555555556,44.44444444444444,308.86848720240897
0.7777777777777777,0.4444444444444444,0.6666666666666666,44.44444444444444,304.8211386935594
0.7777777777777777,0.4444444444444444,0.7777777777777777,44.44444444444444,301.4247864910723
0.7777777777777777,0.4444444444444444,0.8888888888888888,44.44444444444444,300.2289022353881
0.7777777777777777,0.4444444444444444,1.0,44.44444444444444,300.01999172921467
0.7777777777777777,0.5555555555555556,0.0,44.44444444444444,300.01999172921467
0.7777777777777777,0.5555555555555556,0.1111111111111111,44.44444444444444,300.2289022353881
0.7777777777777777,0.5555555555555556,0.2222222222222222,44.44444444444444,301.4247864910723
0.7777777777777777,0.5555555555555556,0.3333333333333333,44.44444444444444,304.8211386935594
0.7777777777777777,0.5555555555555556,0.4444444444444444,44.44444444444444,308.86848720240897
0.7777777777777777,0.5555555555555556,0.5555555555555556,44.44444444444444,308.86848720240897
0.7777777777777777,0.5555555555555556,0.6666666666666666,44.44444444444444,304.8211386935594
0.7777777777777777,0.5555555555555556,0.7777777777777777,44.44444444444444,301.4247864910723
0.7777777777777777,0.5555555555555556,0.8888888888888888,44.44444444444444,300.2289022353881
0.7777777777777777,0.5555555555555556,1.0,44.44444444444444,300.01999172921467
0.7777777777777777,0.6666666666666666,0.0,44.44444444444444,300.01086802033626
0.7777777777777777,0.6666666666666666,0.1111111111111111,44.44444444444444,300.12443716711596
0.7777777777777777,0.6666666666666666,0.2222222222222222,44.44444444444444,300.77455073513596
0.7777777777777777,0.6666666666666666,0.3333333333333333,44.44444444444444,302.62089551149404
0.7777777777777777,0.6666666666666666,0.4444444444444444,44.44444444444444,304.8211386935594
0.7777777777777777,0.6666666666666666,0.5555555555555556,44.44444444444444,304.8211386935594
0.7777777777777777,0.6666666666666666,0.6666666666666666,44.44444444444444,302.62089551149404
0.7777777777777777,0.6666666666666666,0.7777777777777777,44.44444444444444,300.77455073513596
0.7777777777777777,0.6666666666666666,0.8888888888888888,44.44444444444444,300.12443716711596
0.7777777777777777,0.6666666666666666,1.0,44.44444444444444,300.01086802033626
0.7777777777777777,0.7777777777777777,0.0,44.44444444444444,300.0032118156195
0.7777777777777777,0.7777777777777777,0.1111111111111111,44.44444444444444,300.03677479657057
0.7777777777777777,0.7777777777777777,0.2222222222222222,44.44444444444444,300.2289022353881
0.7777777777777777,0.7777777777777777,0.3333333333333333,44.44444444444444,300.77455073513596
0.7777777777777777,0.7777777777777777,0.4444444444444444,44.44444444444444,301.4247864910723
0.7777777777777777,0.7777777777777777,0.5555555555555556,44.44444444444444,301.4247864910723
0.7777777777777777,0.7777777777777777,0.6666666666666666,44.44444444444444,300.77455073513596
0.7777777777777777,0.7777777777777777,0.7777777777777777,44.44444444444444,300.2289022353881
0.7777777777777777,0.7777777777777777,0.8888888888888888,44.44444444444444,300.03677479657057
0.7777777777777777,0.7777777777777777,1.0,44.44444444444444,300.0032118156195
0.7777777777777777,0.8888888888888888,0.0,44.44444444444444,300.0005160013655
0.7777777777777777,0.8888888888888888,0.1111111111111111,44.44444444444444,300.005908136548
0.7777777777777777,0.8888888888888888,0.2222222222222222,44.44444444444444,300.03677479657057
0.7777777777777777,0.8888888888888888,0.3333333333333333,44.44444444444444,300.12443716711596
0.7777777777777777,0.8888888888888888,0.4444444444444444,44.44444444444444,300.2289022353881
0.7777777777777777,0.8888888888888888,0.5555555555555556,44.44444444444444,300.2289022353881
0.7777777777777777,0.8888888888888888,0.6666666666666666,44.44444444444444,300.12443716711596
0.7777777777777777,0.8888888888888888,0.7777777777777777,44.44444444444444,300.03677479657057
0.7777777777777777,0.8888888888888888,0.8888888888888888,44.44444444444444,300.005908136548
0.7777777777777777,0.8888888888888888,1.0,44.44444444444444,300.0005160013655
0.7777777777777777,1.0,0.0,44.44444444444444,300.0000450662247
0.7777777777777777,1.0,0.1111111111111111,44.44444444444444,300.0005160013655
0.7777777777777777,1.0,0.2222222222222222,44.44444444444444,300.0032118156195
0.7777777777777777,1.0,0.3333333333333333,44.44444444444444,300.01086802033626
0.7777777777777777,1.0,0.4444444444444444,44.44444444444444,300.01999172921467
0.7777777777777777,1.0,0.5555555555555556,44.44444444444444,300.01999172921467
0.7777777777777777,1.0,0.6666666666666666,44.44444444444444,300.01086802033626
0.7777777777777777,1.0,0.7777777777777777,44.44444444444444,300.0032118156195
0.7777777777777777,1.0,0.8888888888888888,44.44444444444444,300.0005160013655
0.7777777777777777,1.0,1.0,44.44444444444444,300.0000450662247
0.8888888888888888,0.0,0.0,44.44444444444444,300.00000724021436
0.8888888888888888,0.0,0.1111111111111111,44.44444444444444,300.0000828993444
0.8888888888888888,0.0,0.2222222222222222,44.44444444444444,300.0005160013655
0.8888888888888888,0.0,0.3333333333333333,44.44444444444444,300.00174602592375
0.8888888888888888,0.0,0.4444444444444444,44.44444444444444,300.0032118156195
0.8888888888888888,0.0,0.5555555555555556,44.44444444444444,300.0032118156195
0.8888888888888888,0.0,0.6666666666666666,44.44444444444444,300.00174602592375
0.8888888888888888,0.0,0.7777777777777777,44.44444444444444,300.0005160013655
0.8888888888888888,0.0,0.8888888888888888,44.44444444444444,300.0000828993444
0.8888888888888888,0.0,1.0,44.44444444444444,300.00000724021436
0.8888888888888888,0.1111111111111111,0.0,44.44444444444444,300.0000828993444
0.8888888888888888,0.1111111111111111,0.1111111111111111,44.44444444444444,300.00094918478754
0.8888888888888888,0.1111111111111111,0.2222222222222222,44.44444444444444,300.005908136548
0.8888888888888888,0.1111111111111111,0.3333333333333333,44.44444444444444,300.01999172921467
0.8888888888888888,0.1111111111111111,0.4444444444444444,44.44444444444444,300.03677479657057
0.8888888888888888,0.1111111111111111,0.5555555555555556,44.44444444444444,300.03677479657057
0.8888888888888888,0.1111111111111111,0.6666666666666666,44.44444444444444,300.01999172921467
0.8888888888888888,0.1111111111111111,0.7777777777777777,44.44444444444444,300.005908136548
0.8888888888888888,0.1111111111111111,0.8888888888888888,44.44444444444444,300.00094918478754
0.8888888888888888,0.1111111111111111,1.0,44.44444444444444,300.0000828993444
0.8888888888888888,0.2222222222222222,0.0,44.44444444444444,300.0005160013655
0.8888888888888888,0.2222222222222222,0.1111111111111111,44.44444444444444,300.005908136548
0.8888888888888888,0.2222222222222222,0.2222222222222222,44.44444444444444,300.03677479657057
0.8888888888888888,0.2222222222222222,0.3333333333333333,44.44444444444444,300.12443716711596
0.8888888888888888,0.2222222222222222,0.4444444444444444,44.44444444444444,300.2289022353881
0.8888888888888888,0.2222222222222222,0.5555555555555556,44.44444444444444,300.2289022353881
0.8888888888888888,0.2222222222222222,0.6666666666666666,44.44444444444444,300.12443716711596
0.8888888888888888,0.2222222222222222,0.7777777777777777,44.44444444444444,300.03677479657057
0.8888888888888888,0.2222222222222222,0.8888888888888888,44.44444444444444,300.005908136548
0.8888888888888888,0.2222222222222222,1.0,44.44444444444444,300.0005160013655
0.8888888888888888,0.3333333333333333,0.0,44.44444444444444,300.00174602592375
0.8888888888888888,0.3333333333333333,0.1111111111111111,44.44444444444444,300.01999172921467
0.8888888888888888,0.3333333333333333,0.2222222222222222,44.44444444444444,300.12443716711596
0.8888888888888888,0.3333333333333333,0.3333333333333333,44.44444444444444,300.4210657842833
0.8888888888888888,0.3333333333333333,0.4444444444444444,44.44444444444444,300.77455073513596
0.8888888888888888,0.3333333333333333,0.5555555555555556,44.44444444444444,300.77455073513596
0.8888888888888888,0.3333333333333333,0.6666666666666666,44.44444444444444,300.4210657842833
0.8888888888888888,0.3333333333333333,0.7777777777777777,44.44444444444444,300.12443716711596
0.8888888888888888,0.3333333333333333,0.8888888888888888,44.44444444444444,300.01999172921467
0.8888888888888888,0.3333333333333333,1.0,44.44444444444444,300.00174602592375
0.8888888888888888,0.4444444444444444,0.0,44.44444444444444,300.0032118156195
0.8888888888888888,0.4444444444444444,0.1111111111111111,44.44444444444444,300.03677479657057
0.8888888888888888,0.4444444444444444,0.2222222222222222,44.44444444444444,300.2289022353881
0.8888888888888888,0.4444444444444444,0.3333333333333333,44.44444444444444,300.77455073513596
0.8888888888888888,0.4444444444444444,0.4444444444444444,44.44444444444444,301.4247864910723
0.8888888888888888,0.4444444444444444,0.5555555555555556,44.44444444444444,301.4247864910723
0.8888888888888888,0.4444444444444444,0.6666666666666666,44.44444444444444,300.77455073513596
0.8888888888888888,0.4444444444444444,0.7777777777777777,44.44444444444444,300.2289022353881
0.8888888888888888,0.4444444444444444,0.8888888888888888,44.44444444444444,300.03677479657057
0.8888888888888888,0.4444444444444444,1.0,44.44444444444444,300.0032118156195
0.8888888888888888,0.5555555555555556,0.0,44.44444444444444,300.0032118156195
0.8888888888888888,0.5555555555555556,0.1111111111111111,44.44444444444444,300.03677479657057
0.8888888888888888,0.5555555555555556,0.2222222222222222,44.44444444444444,300.2289022353881
0.8888888888888888,0.5555555555555556,0.3333333333333333,44.44444444444444,300.77455073513596
0.8888888888888888,0.5555555555555556,0.4444444444444444,44.44444444444444,301.4247864910723
0.8888888888888888,0.5555555555555556,0.5555555555555556,44.44444444444444,301.4247864910723
0.8888888888888888,0.5555555555555556,0.6666666666666666,44.44444444444444,300.77455073513596
0.8888888888888888,0.5555555555555556,0.7777777777777777,44.44444444444444,300.2289022353881
0.8888888888888888,0.5555555555555556,0.8888888888888888,44.44444444444444,300.03677479657057
0.8888888888888888,0.5555555555555556,1.0,44.44444444444444,300.0032118156195
0.8888888888888888,0.6666666666666666,0.0,44.44444444444444,300.00174602592375
0.8888888888888888,0.6666666666666666,0.1111111111111111,44.44444444444444,300.01999172921467
0.8888888888888888,0.6666666666666666,0.2222222222222222,44.44444444444444,300.12443716711596
0.8888888888888888,0.6666666666666666,0.3333333333333333,44.44444444444444,300.4210657842833
0.8888888888888888,0.6666666666666666,0.4444444444444444,44.44444444444444,300.77455073513596
0.8888888888888888,0.6666666666666666,0.5555555555555556,44.44444444444444,300.77455073513596
0.8888888888888888,0.6666666666666666,0.6666666666666666,44.44444444444444,300.4210657842833
0.8888888888888888,0.6666666666666666,0.7777777777777777,44.44444444444444,300.12443716711596
0.8888888888888888,0.6666666666666666,0.8888888888888888,44.44444444444444,300.01999172921467
0.8888888888888888,0.6666666666666666,1.0,44.44444444444444,300.00174602592375
0.8888888888888888,0.7777777777777777,0.0,44.44444444444444,300.0005160013655
0.8888888888888888,0.7777777777777777,0.1111111111111111,44.44444444444444,300.005908136548
0.8888888888888888,0.7777777777777777,0.2222222222222222,44.44444444444444,300.03677479657057
0.8888888888888888,0.7777777777777777,0.3333333333333333,44.44444444444444,300.12443716711596
0.8888888888888888,0.7777777777777777,0.4444444444444444,44.44444444444444,300.2289022353881
0.8888888888888888,0.7777777777777777,0.5555555555555556,44.44444444444444,300.2289022353881
0.8888888888888888,0.7777777777777777,0.6666666666666666,44.44444444444444,300.12443716711596
0.8888888888888888,0.7777777777777777,0.7777777777777777,44.44444444444444,300.03677479657057
0.8888888888888888,0.7777777777777777,0.8888888888888888,44.44444444444444,300.005908136548
0.8888888888888888,0.7777777777777777,1.0,44.44444444444444,300.0005160013655
0.8888888888888888,0.8888888888888888,0.0,44.44444444444444,300.0000828993444
0.8888888888888888,0.8888888888888888,0.1111111111111111,44.44444444444444,300.00094918478754
0.8888888888888888,0.8888888888888888,0.2222222222222222,44.44444444444444,300.005908136548
0.8888888888888888,0.8888888888888888,0.3333333333333333,44.44444444444444,300.01999172921467
0.8888888888888888,0.8888888888888888,0.4444444444444444,44.44444444444444,300.03677479657057
0.8888888888888888,0.8888888888888888,0.5555555555555556,44.44444444444444,300.03677479657057
0.8888888888888888,0.8888888888888888,0.6666666666666666,44.44444444444444,300.01999172921467
0.8888888888888888,0.8888888888888888,0.7777777777777777,44.44444444444444,300.005908136548
0.8888888888888888,0.8888888888888888,0.8888888888888888,44.44444444444444,300.00094918478754
0.8888888888888888,0.8888888888888888,1.0,44.44444444444444,300.0000828993444
0.8888888888888888,1.0,0.0,44.44444444444444,300.00000724021436
0.8888888888888888,1.0,0.1111111111111111,44.44444444444444,300.0000828993444
0.8888888888888888,1.0,0.2222222222222222,44.44444444444444,300.0005160013655
0.8888888888888888,1.0,0.3333333333333333,44.44444444444444,300.00174602592375
0.8888888888888888,1.0,0.4444444444444444,44.44444444444444,300.0032118156195
0.8888888888888888,1.0,0.5555555555555556,44.44444444444444,300.0032118156195
0.8888888888888888,1.0,0.6666666666666666,44.44444444444444,300.00174602592375
0.8888888888888888,1.0,0.7777777777777777,44.44444444444444,300.0005160013655
0.8888888888888888,1.0,0.8888888888888888,44.44444444444444,300.0000828993444
0.8888888888888888,1.0,1.0,44.44444444444444,300.00000724021436
1.0,0.0,0.0,44.44444444444444,300.0000006323416
1.0,0.0,0.1111111111111111,44.44444444444444,300.00000724021436
1.0,0.0,0.2222222222222222,44.44444444444444,300.0000450662247
1.0,0.0,0.3333333333333333,44.44444444444444,300.0001524933883
1.0,0.0,0.4444444444444444,44.44444444444444,300.0002805116693
1.0,0.0,0.5555555555555556,44.44444444444444,300.0002805116693
1.0,0.0,0.6666666666666666,44.44444444444444,300.0001524933883
1.0,0.0,0.7777777777777777,44.44444444444444,300.0000450662247
1.0,0.0,0.8888888888888888,44.44444444444444,300.00000724021436
1.0,0.0,1.0,44.44444444444444,300.0000006323416
1.0,0.1111111111111111,0.0,44.44444444444444,300.00000724021436
1.0,0.1111111111111111,0.1111111111111111,44.44444444444444,300.0000828993444
1.0,0.1111111111111111,0.2222222222222222,44.44444444444444,300.0005160013655
1.0,0.1111111111111111,0.3333333333333333,44.44444444444444,300.00174602592375
1.0,0.1111111111111111,0.4444444444444444,44.44444444444444,300.0032118156195
1.0,0.1111111111111111,0.5555555555555556,44.44444444444444,300.0032118156195
1.0,0.1111111111111111,0.6666666666666666,44.44444444444444,300.00174602592375
1.0,0.1111111111111111,0.7777777777777777,44.44444444444444,300.0005160013655
1.0,0.1111111111111111,0.8888888888888888,44.44444444444444,300.0000828993444
1.0,0.1111111111111111,1.0,44.44444444444444,300.00000724021436
1.0,0.2222222222222222,0.0,44.44444444444444,300.0000450662247
1.0,0.2222222222222222,0.1111111111111111,44.44444444444444,300.0005160013655
1.0,0.2222222222222222,0.2222222222222222,44.44444444444444,300.0032118156195
1.0,0.2222222222222222,0.3333333333333333,44.44444444444444,300.01086802033626
1.0,0.2222222222222222,0.4444444444444444,44.44444444444444,300.01999172921467
1.0,0.2222222222222222,0.5555555555555556,44.44444444444444,300.01999172921467
1.0,0.2222222222222222,0.6666666666666666,44.44444444444444,300.01086802033626
1.0,0.2222222222222222,0.7777777777777777,44.44444444444444,300.0032118156195
1.0,0.2222222222222222,0.8888888888888888,44.44444444444444,300.0005160013655
1.0,0.2222222222222222,1.0,44.44444444444444,300.0000450662247
1.0,0.3333333333333333,0.0,44.44444444444444,300.0001524933883
1.0,0.3333333333333333,0.1111111111111111,44.44444444444444,300.00174602592375
1.0,0.3333333333333333,0.2222222222222222,44.44444444444444,300.01086802033626
1.0,0.3333333333333333,0.3333333333333333,44.44444444444444,300.03677479657057
1.0,0.3333333333333333,0.4444444444444444,44.44444444444444,300.06764725793784
1.0,0.3333333333333333,0.5555555555555556,44.44444444444444,300.06764725793784
1.0,0.3333333333333333,0.6666666666666666,44.44444444444444,300.03677479657057
1.0,0.3333333333333333,0.7777777777777777,44.44444444444444,300.01086802033626
1.0,0.3333333333333333,0.8888888888888888,44.44444444444444,300.00174602592375
1.0,0.3333333333333333,1.0,44.44444444444444,300.0001524933883
1.0,0.4444444444444444,0.0,44.44444444444444,300.0002805116693
1.0,0.4444444444444444,0.1111111111111111,44.44444444444444,300.0032118156195
1.0,0.4444444444444444,0.2222222222222222,44.44444444444444,300.01999172921467
1.0,0.4444444444444444,0.3333333333333333,44.44444444444444,300.06764725793784
1.0,0.4444444444444444,0.4444444444444444,44.44444444444444,300.12443716711596
1.0,0.4444444444444444,0.5555555555555556,44.44444444444444,300.12443716711596
1.0,0.4444444444444444,0.6666666666666666,44.44444444444444,300.06764725793784
1.0,0.4444444444444444,0.7777777777777777,44.44444444444444,300.01999172921467
1.0,0.4444444444444444,0.8888888888888888,44.44444444444444,300.0032118156195
1.0,0.4444444444444444,1.0,44.44444444444444,300.0002805116693
1.0,0.5555555555555556,0.0,44.44444444444444,300.0002805116693
1.0,0.5555555555555556,0.1111111111111111,44.44444444444444,300.0032118156195
1.0,0.5555555555555556,0.2222222222222222,44.44444444444444,300.01999172921467
1.0,0.5555555555555556,0.3333333333333333,44.44444444444444,300.06764725793784
1.0,0.5555555555555556,0.4444444444444444,44.44444444444444,300.12443716711596
1.0,0.5555555555555556,0.5555555555555556,44.44444444444444,300.12443716711596
1.0,0.5555555555555556,0.6666666666666666,44.44444444444444,300.06764725793784
1.0,0.5555555555555556,0.7777777777777777,44.44444444444444,300.01999172921467
1.0,0.5555555555555556,0.8888888888888888,44.44444444444444,300.0032118156195
1.0,0.5555555555555556,1.0,44.44444444444444,300.0002805116693
1.0,0.6666666666666666,0.0,44.44444444444444,300.0001524933883
1.0,0.6666666666666666,0.1111111111111111,44.44444444444444,300.00174602592375
1.0,0.6666666666666666,0.2222222222222222,44.44444444444444,300.01086802033626
1.0,0.6666666666666666,0.3333333333333333,44.44444444444444,300.03677479657057
1.0,0.6666666666666666,0.4444444444444444,44.44444444444444,300.06764725793784
1.0,0.6666666666666666,0.5555555555555556,44.44444444444444,300.06764725793784
1.0,0.6666666666666666,0.6666666666666666,44.44444444444444,300.03677479657057
1.0,0.6666666666666666,0.7777777777777777,44.44444444444444,300.01086802033626
1.0,0.6666666666666666,0.8888888888888888,44.44444444444444,300.00174602592375
1.0,0.6666666666666666,1.0,44.44444444444444,300.0001524933883
1.0,0.7777777777777777,0.0,44.44444444444444,300.0000450662247
1.0,0.7777777777777777,0.1111111111111111,44.44444444444444,300.0005160013655
1.0,0.7777777777777777,0.2222222222222222,44.44444444444444,300.0032118156195
1.0,0.7777777777777777,0.3333333333333333,44.44444444444444,300.01086802033626
1.0,0.7777777777777777,0.4444444444444444,44.44444444444444,300.01999172921467
1.0,0.7777777777777777,0.5555555555555556,44.44444444444444,300.01999172921467
1.0,0.7777777777777777,0.6666666666666666,44.44444444444444,300.01086802033626
1.0,0.7777777777777777,0.7777777777777777,44.44444444444444,300.0032118156195
1.0,0.7777777777777777,0.8888888888888888,44.44444444444444,300.0005160013655
1.0,0.7777777777777777,1.0,44.44444444444444,300.0000450662247
1.0,0.8888888888888888,0.0,44.44444444444444,300.00000724021436
1.0,0.8888888888888888,0.1111111111111111,44.44444444444444,300.0000828993444
1.0,0.8888888888888888,0.2222222222222222,44.44444444444444,300.0005160013655
1.0,0.8888888888888888,0.3333333333333333,44.44444444444444,300.00174602592375
1.0,0.8888888888888888,0.4444444444444444,44.44444444444444,300.0032118156195
1.0,0.8888888888888888,0.5555555555555556,44.44444444444444,300.0032118156195
1.0,0.8888888888888888,0.6666666666666666,44.44444444444444,300.00174602592375
1.0,0.8888888888888888,0.7777777777777777,44.44444444444444,300.0005160013655
1.0,0.8888888888888888,0.8888888888888888,44.44444444444444,300.0000828993444
1.0,0.8888888888888888,1.0,44.44444444444444,300.00000724021436
1.0,1.0,0.0,44.44444444444444,300.0000006323416
1.0,1.0,0.1111111111111111,44.44444444444444,300.00000724021436
1.0,1.0,0.2222222222222222,44.44444444444444,300.0000450662247
1.0,1.0,0.3333333333333333,44.44444444444444,300.0001524933883
1.0,1.0,0.4444444444444444,44.44444444444444,300.0002805116693
1.0,1.0,0.5555555555555556,44.44444444444444,300.0002805116693
1.0,1.0,0.6666666666666666,44.44444444444444,300.0001524933883
1.0,1.0,0.7777777777777777,44.44444444444444,300.0000450662247
1.0,1.0,0.8888888888888888,44.44444444444444,300.00000724021436
1.0,1.0,1.0,44.44444444444444,300.0000006323416
0.0,0.0,0.0,55.55555555555556,300.0000042333051
0.0,0.0,0.1111111111111111,55.55555555555556,300.00003685674824
0.0,0.0,0.2222222222222222,55.55555555555556,300.0001868078415
0.0,0.0,0.3333333333333333,55.55555555555556,300.00055120586023
0.0,0.0,0.4444444444444444,55.55555555555556,300.0009468325687
0.0,0.0,0.5555555555555556,55.55555555555556,300.0009468325687
0.0,0.0,0.6666666666666666,55.55555555555556,300.00055120586023
0.0,0.0,0.7777777777777777,55.55555555555556,300.0001868078415
0.0,0.0,0.8888888888888888,55.55555555555556,300.00003685674824
0.0,0.0,1.0,55.55555555555556,300.0000042333051
0.0,0.1111111111111111,0.0,55.55555555555556,300.00003685674824
0.0,0.1111111111111111,0.1111111111111111,55.55555555555556,300.00032088872985
0.0,0.1111111111111111,0.2222222222222222,55.55555555555556,300.0016264194157
0.0,0.1111111111111111,0.3333333333333333,55.55555555555556,300.0047990057919
0.0,0.1111111111111111,0.4444444444444444,55.55555555555556,300.00824348090055
0.0,0.1111111111111111,0.5555555555555556,55.55555555555556,300.00824348090055
0.0,0.1111111111111111,0.6666666666666666,55.55555555555556,300.0047990057919
0.0,0.1111111111111111,0.7777777777777777,55.55555555555556,300.0016264194157
0.0,0.1111111111111111,0.8888888888888888,55.55555555555556,300.00032088872985
0.0,0.1111111111111111,1.0,55.55555555555556,300.00003685674824
0.0,0.2222222222222222,0.0,55.55555555555556,300.0001868078415
0.0,0.2222222222222222,0.1111111111111111,55.55555555555556,300.0016264194157
0.0,0.2222222222222222,0.2222222222222222,55.55555555555556,300.00824348090055
0.0,0.2222222222222222,0.3333333333333333,55.55555555555556,300.0243236844107
0.0,0.2222222222222222,0.4444444444444444,55.55555555555556,300.04178195163024
0.0,0.2222222222222222,0.5555555555555556,55.55555555555556,300.04178195163024
0.0,0.2222222222222222,0.6666666666666666,55.55555555555556,300.0243236844107
0.0,0.2222222222222222,0.7777777777777777,55.55555555555556,300.00824348090055
0.0,0.2222222222222222,0.8888888888888888,55.55555555555556,300.0016264194157
0.0,0.2222222222222222,1.0,55.55555555555556,300.0001868078415
0.0,0.3333333333333333,0.0,55.55555555555556,300.00055120586023
0.0,0.3333333333333333,0.1111111111111111,55.55555555555556,300.0047990057919
0.0,0.3333333333333333,0.2222222222222222,55.55555555555556,300.0243236844107
0.0,0.3333333333333333,0.3333333333333333,55.55555555555556,300.071770849044
0.0,0.3333333333333333,0.4444444444444444,55.55555555555556,300.1232842069724
0.0,0.3333333333333333,0.5555555555555556,55.55555555555556,300.1232842069724
0.0,0.3333333333333333,0.6666666666666666,55.55555555555556,300.071770849044
0.0,0.3333333333333333,0.7777777777777777,55.55555555555556,300.0243236844107
0.0,0.3333333333333333,0.8888888888888888,55.55555555555556,300.0047990057919
0.0,0.3333333333333333,1.0,55.55555555555556,300.00055120586023
0.0,0.4444444444444444,0.0,55.55555555555556,300.0009468325687
0.0,0.4444444444444444,0.1111111111111111,55.55555555555556,300.00824348090055
0.0,0.4444444444444444,0.2222222222222222,55.55555555555556,300.04178195163024
0.0,0.4444444444444444,0.3333333333333333,55.55555555555556,300.1232842069724
0.0,0.4444444444444444,0.4444444444444444,55.55555555555556,300.21177115627404
0.0,0.4444444444444444,0.5555555555555556,55.55555555555556,300.21177115627404
0.0,0.4444444444444444,0.6666666666666666,55.55555555555556,300.1232842069724
0.0,0.4444444444444444,0.7777777777777777,55.55555555555556,300.04178195163024
0.0,0.4444444444444444,0.8888888888888888,55.55555555555556,300.00824348090055
0.0,0.4444444444444444,1.0,55.55555555555556,300.0009468325687
0.0,0.5555555555555556,0.0,55.55555555555556,300.0009468325687
0.0,0.5555555555555556,0.1111111111111111,55.55555555555556,300.00824348090055
0.0,0.5555555555555556,0.2222222222222222,55.55555555555556,300.04178195163024
0.0,0.5555555555555556,0.3333333333333333,55.55555555555556,300.1232842069724
0.0,0.5555555555555556,0.4444444444444444,55.55555555555556,300.21177115627404
0.0,0.5555555555555556,0.5555555555555556,55.55555555555556,300.21177115627404
0.0,0.5555555555555556,0.6666666666666666,55.55555555555556,300.1232842069724
0.0,0.5555555555555556,0.7777777777777777,55.55555555555556,300.04178195163024
0.0,0.5555555555555556,0.8888888888888888,55.55555555555556,300.00824348090055
0.0,0.5555555555555556,1.0,55.55555555555556,300.0009468325687
0.0,0.6666666666666666,0.0,55.55555555555556,300.00055120586023
0.0,0.6666666666666666,0.1111111111111111,55.55555555555556,300.0047990057919
0.0,0.6666666666666666,0.2222222222222222,55.55555555555556,300.0243236844107
0.0,0.6666666666666666,0.3333333333333333,55.55555555555556,300.071770849044
0.0,0.6666666666666666,0.4444444444444444,55.55555555555556,300.1232842069724
0.0,0.6666666666666666,0.5555555555555556,55.55555555555556,300.1232842069724
0.0,0.6666666666666666,0.6666666666666666,55.55555555555556,300.071770849044
0.0,0.6666666666666666,0.7777777777777777,55.55555555555556,300.0243236844107
0.0,0.6666666666666666,0.8888888888888888,55.55555555555556,300.0047990057919
0.0,0.6666666666666666,1.0,55.55555555555556,300.00055120586023
0.0,0.7777777777777777,0.0,55.55555555555556,300.0001868078415
0.0,0.7777777777777777,0.1111111111111111,55.55555555555556,300.0016264194157
0.0,0.7777777777777777,0.2222222222222222,55.55555555555556,300.00824348090055
0.0,0.7777777777777777,0.3333333333333333,55.55555555555556,300.0243236844107
0.0,0.7777777777777777,0.4444444444444444,55.55555555555556,300.04178195163024
0.0,0.7777777777777777,0.5555555555555556,55.55555555555556,300.04178195163024
0.0,0.7777777777777777,0.6666666666666666,55.55555555555556,300.0243236844107
0.0,0.7777777777777777,0.7777777777777777,55.55555555555556,300.00824348090055
0.0,0.7777777777777777,0.8888888888888888,55.55555555555556,300.0016264194157
0.0,0.7777777777777777,1.0,55.55555555555556,300.0001868078415
0.0,0.8888888888888888,0.0,55.55555555555556,300.00003685674824
0.0,0.8888888888888888,0.1111111111111111,55.55555555555556,300.00032088872985
0.0,0.8888888888888888,0.2222222222222222,55.55555555555556,300.0016264194157
0.0,0.8888888888888888,0.3333333333333333,55.55555555555556,300.0047990057919
0.0,0.8888888888888888,0.4444444444444444,55.55555555555556,300.00824348090055
0.0,0.8888888888888888,0.5555555555555556,55.55555555555556,300.00824348090055
0.0,0.8888888888888888,0.6666666666666666,55.55555555555556,300.0047990057919
0.0,0.8888888888888888,0.7777777777777777,55.55555555555556,300.0016264194157
0.0,0.8888888888888888,0.8888888888888888,55.55555555555556,300.00032088872985
0.0,0.8888888888888888,1.0,55.55555555555556,300.00003685674824
0.0,1.0,0.0,55.55555555555556,300.0000042333051
0.0,1.0,0.1111111111111111,55.55555555555556,300.00003685674824
0.0,1.0,0.2222222222222222,55.55555555555556,300.0001868078415
0.0,1.0,0.3333333333333333,55.55555555555556,300.00055120586023
0.0,1.0,0.4444444444444444,55.55555555555556,300.0009468325687
0.0,1.0,0.5555555555555556,55.55555555555556,300.0009468325687
0.0,1.0,0.6666666666666666,55.55555555555556,300.00055120586023
0.0,1.0,0.7777777777777777,55.55555555555556,300.0001868078415
0.0,1.0,0.8888888888888888,55.55555555555556,300.00003685674824
0.0,1.0,1.0,55.55555555555556,300.0000042333051
0.1111111111111111,0.0,0.0,55.55555555555556,300.00003685674824
0.1111111111111111,0.0,0.1111111111111111,55.55555555555556,300.00032088872985
0.1111111111111111,0.0,0.2222222222222222,55.55555555555556,300.0016264194157
0.1111111111111111,0.0,0.3333333333333333,55.55555555555556,300.0047990057919
0.1111111111111111,0.0,0.4444444444444444,55.55555555555556,300.00824348090055
0.1111111111111111,0.0,0.5555555555555556,55.55555555555556,300.00824348090055
0.1111111111111111,0.0,0.6666666666666666,55.55555555555556,300.0047990057919
0.1111111111111111,0.0,0.7777777777777777,55.55555555555556,300.0016264194157
0.1111111111111111,0.0,0.8888888888888888,55.55555555555556,300.00032088872985
0.1111111111111111,0.0,1.0,55.55555555555556,300.00003685674824
0.1111111111111111,0.1111111111111111,0.0,55.55555555555556,300.00032088872985
0.1111111111111111,0.1111111111111111,0.1111111111111111,55.55555555555556,300.0027937781222
0.1111111111111111,0.1111111111111111,0.2222222222222222,55.55555555555556,300.014160219909
0.1111111111111111,0.1111111111111111,0.3333333333333333,55.55555555555556,300.04178195163024
0.1111111111111111,0.1111111111111111,0.4444444444444444,55.55555555555556,300.071770849044
0.1111111111111111,0.1111111111111111,0.5555555555555556,55.55555555555556,300.071770849044
0.1111111111111111,0.1111111111111111,0.6666666666666666,55.55555555555556,300.04178195163024
0.1111111111111111,0.1111111111111111,0.7777777777777777,55.55555555555556,300.014160219909
0.1111111111111111,0.1111111111111111,0.8888888888888888,55.55555555555556,300.0027937781222
0.1111111111111111,0.1111111111111111,1.0,55.55555555555556,300.00032088872985
0.1111111111111111,0.2222222222222222,0.0,55.55555555555556,300.0016264194157
0.1111111111111111,0.2222222222222222,0.1111111111111111,55.55555555555556,300.014160219909
0.1111111111111111,0.2222222222222222,0.2222222222222222,55.55555555555556,300.071770849044
0.1111111111111111,0.2222222222222222,0.3333333333333333,55.55555555555556,300.21177115627404
0.1111111111111111,0.2222222222222222,0.4444444444444444,55.55555555555556,300.36376940510854
0.1111111111111111,0.2222222222222222,0.5555555555555556,55.55555555555556,300.36376940510854
0.1111111111111111,0.2222222222222222,0.6666666666666666,55.55555555555556,300.21177115627404
0.1111111111111111,0.2222222222222222,0.7777777777777777,55.55555555555556,300.071770849044
0.1111111111111111,0.2222222222222222,0.8888888888888888,55.55555555555556,300.014160219909
0.1111111111111111,0.2222222222222222,1.0,55.55555555555556,300.0016264194157
0.1111111111111111,0.3333333333333333,0.0,55.55555555555556,300.0047990057919
0.1111111111111111,0.3333333333333333,0.1111111111111111,55.55555555555556,300.04178195163024
0.1111111111111111,0.3333333333333333,0.2222222222222222,55.55555555555556,300.21177115627404
0.1111111111111111,0.3333333333333333,0.3333333333333333,55.55555555555556,300.62486403918865
0.1111111111111111,0.3333333333333333,0.4444444444444444,55.55555555555556,301.0733587321744
0.1111111111111111,0.3333333333333333,0.5555555555555556,55.55555555555556,301.0733587321744
0.1111111111111111,0.3333333333333333,0.6666666666666666,55.55555555555556,300.62486403918865
0.1111111111111111,0.3333333333333333,0.7777777777777777,55.55555555555556,300.21177115627404
0.1111111111111111,0.3333333333333333,0.8888888888888888,55.55555555555556,300.04178195163024
0.1111111111111111,0.3333333333333333,1.0,55.55555555555556,300.0047990057919
0.1111111111111111,0.4444444444444444,0.0,55.55555555555556,300.00824348090055
0.1111111111111111,0.4444444444444444,0.1111111111111111,55.55555555555556,300.071770849044
0.1111111111111111,0.4444444444444444,0.2222222222222222,55.55555555555556,300.36376940510854
0.1111111111111111,0.4444444444444444,0.3333333333333333,55.55555555555556,301.0733587321744
0.1111111111111111,0.4444444444444444,0.4444444444444444,55.55555555555556,301.84375943514215
0.1111111111111111,0.4444444444444444,0.5555555555555556,55.55555555555556,301.84375943514215
0.1111111111111111,0.4444444444444444,0.6666666666666666,55.55555555555556,301.0733587321744
0.1111111111111111,0.4444444444444444,0.7777777777777777,55.55555555555556,300.36376940510854
0.1111111111111111,0.4444444444444444,0.8888888888888888,55.55555555555556,300.071770849044
0.1111111111111111,0.4444444444444444,1.0,55.55555555555556,300.00824348090055
0.1111111111111111,0.5555555555555556,0.0,55.55555555555556,300.00824348090055
0.1111111111111111,0.5555555555555556,0.1111111111111111,55.55555555555556,300.071770849044
0.1111111111111111,0.5555555555555556,0.2222222222222222,55.55555555555556,300.36376940510854
0.1111111111111111,0.5555555555555556,0.3333333333333333,55.55555555555556,301.0733587321744
0.1111111111111111,0.5555555555555556,0.4444444444444444,55.55555555555556,301.84375943514215
0.1111111111111111,0.5555555555555556,0.5555555555555556,55.55555555555556,301.84375943514215
0.1111111111111111,0.5555555555555556,0.6666666666666666,55.55555555555556,301.0733587321744
0.1111111111111111,0.5555555555555556,0.7777777777777777,55.55555555555556,300.36376940510854
0.1111111111111111,0.5555555555555556,0.8888888888888888,55.55555555555556,300.071770849044
0.1111111111111111,0.5555555555555556,1.0,55.55555555555556,300.00824348090055
0.1111111111111111,0.6666666666666666,0.0,55.55555555555556,300.0047990057919
0.1111111111111111,0.6666666666666666,0.1111111111111111,55.55555555555556,300.04178195163024
0.1111111111111111,0.6666666666666666,0.2222222222222222,55.55555555555556,300.21177115627404
0.1111111111111111,0.6666666666666666,0.3333333333333333,55.55555555555556,300.62486403918865
0.1111111111111111,0.6666666666666666,0.4444444444444444,55.55555555555556,301.0733587321744
0.1111111111111111,0.6666666666666666,0.5555555555555556,55.55555555555556,301.0733587321744
0.1111111111111111,0.6666666666666666,0.6666666666666666,55.55555555555556,300.62486403918865
0.1111111111111111,0.6666666666666666,0.7777777777777777,55.55555555555556,300.21177115627404
0.1111111111111111,0.6666666666666666,0.8888888888888888,55.55555555555556,300.04178195163024
0.1111111111111111,0.6666666666666666,1.0,55.55555555555556,300.0047990057919
0.1111111111111111,0.7777777777777777,0.0,55.55555555555556,300.0016264194157
0.1111111111111111,0.7777777777777777,0.1111111111111111,55.55555555555556,300.014160219909
0.1111111111111111,0.7777777777777777,0.2222222222222222,55.55555555555556,300.071770849044
0.1111111111111111,0.7777777777777777,0.3333333333333333,55.55555555555556,300.21177115627404
0.1111111111111111,0.7777777777777777,0.4444444444444444,55.55555555555556,300.36376940510854
0.1111111111111111,0.7777777777777777,0.5555555555555556,55.55555555555556,300.36376940510854
0.1111111111111111,0.7777777777777777,0.6666666666666666,55.55555555555556,300.21177115627404
0.1111111111111111,0.7777777777777777,0.7777777777777777,55.55555555555556,300.071770849044
0.1111111111111111,0.7777777777777777,0.8888888888888888,55.55555555555556,300.014160219909
0.1111111111111111,0.7777777777777777,1.0,55.55555555555556,300.0016264194157
0.1111111111111111,0.8888888888888888,0.0,55.55555555555556,300.00032088872985
0.1111111111111111,0.8888888888888888,0.1111111111111111,55.55555555555556,300.0027937781222
0.1111111111111111,0.8888888888888888,0.2222222222222222,55.55555555555556,300.014160219909
0.1111111111111111,0.8888888888888888,0.3333333333333333,55.55555555555556,300.04178195163024
0.1111111111111111,0.8888888888888888,0.4444444444444444,55.55555555555556,300.071770849044
0.1111111111111111,0.8888888888888888,0.5555555555555556,55.55555555555556,300.071770849044
0.1111111111111111,0.8888888888888888,0.6666666666666666,55.55555555555556,300.04178195163024
0.1111111111111111,0.8888888888888888,0.7777777777777777,55.55555555555556,300.014160219909
0.1111111111111111,0.8888888888888888,0.8888888888888888,55.55555555555556,300.0027937781222
0.1111111111111111,0.8888888888888888,1.0,55.55555555555556,300.00032088872985
0.1111111111111111,1.0,0.0,55.55555555555556,300.00003685674824
0.1111111111111111,1.0,0.1111111111111111,55.55555555555556,300.00032088872985
0.1111111111111111,1.0,0.2222222222222222,55.55555555555556,300.0016264194157
0.1111111111111111,1.0,0.3333333333333333,55.55555555555556,300.0047990057919
0.1111111111111111,1.0,0.4444444444444444,55.55555555555556,300.00824348090055
0.1111111111111111,1.0,0.5555555555555556,55.55555555555556,300.00824348090055
0.1111111111111111,1.0,0.6666666666666666,55.55555555555556,300.0047990057919
0.1111111111111111,1.0,0.7777777777777777,55.55555555555556,300.0016264194157
0.1111111111111111,1.0,0.8888888888888888,55.55555555555556,300.00032088872985
0.1111111111111111,1.0,1.0,55.55555555555556,300.00003685674824
0.2222222222222222,0.0,0.0,55.55555555555556,300.0001868078415
0.2222222222222222,0.0,0.1111111111111111,55.55555555555556,300.0016264194157
0.2222222222222222,0.0,0.2222222222222222,55.55555555555556,300.00824348090055
0.2222222222222222,0.0,0.3333333333333333,55.55555555555556,300.0243236844107
0.2222222222222222,0.0,0.4444444444444444,55.55555555555556,300.04178195163024
0.2222222222222222,0.0,0.5555555555555556,55.55555555555556,300.04178195163024
0.2222222222222222,0.0,0.6666666666666666,55.55555555555556,300.0243236844107
0.2222222222222222,0.0,0.7777777777777777,55.55555555555556,300.00824348090055
0.2222222222222222,0.0,0.8888888888888888,55.55555555555556,300.0016264194157
0.2222222222222222,0.0,1.0,55.55555555555556,300.0001868078415
0.2222222222222222,0.1111111111111111,0.0,55.55555555555556,300.0016264194157
0.2222222222222222,0.1111111111111111,0.1111111111111111,55.55555555555556,300.014160219909
0.2222222222222222,0.1111111111111111,0.2222222222222222,55.55555555555556,300.071770849044
0.2222222222222222,0.1111111111111111,0.3333333333333333,55.55555555555556,300.21177115627404
0.2222222222222222,0.1111111111111111,0.4444444444444444,55.55555555555556,300.36376940510854
0.2222222222222222,0.1111111111111111,0.5555555555555556,55.55555555555556,300.36376940510854
0.2222222222222222,0.1111111111111111,0.6666666666666666,55.55555555555556,300.21177115627404
0.2222222222222222,0.1111111111111111,0.7777777777777777,55.55555555555556,300.071770849044
0.2222222222222222,0.1111111111111111,0.8888888888888888,55.55555555555556,300.014160219909
0.2222222222222222,0.1111111111111111,1.0,55.55555555555556,300.0016264194157
0.2222222222222222,0.2222222222222222,0.0,55.55555555555556,300.00824348090055
0.2222222222222222,0.2222222222222222,0.1111111111111111,55.55555555555556,300.071770849044
0.2222222222222222,0.2222222222222222,0.2222222222222222,55.55555555555556,300.36376940510854
0.2222222222222222,0.2222222222222222,0.3333333333333333,55.55555555555556,301.0733587321744
0.2222222222222222,0.2222222222222222,0.4444444444444444,55.55555555555556,301.84375943514215
0.2222222222222222,0.2222222222222222,0.5555555555555556,55.55555555555556,301.84375943514215
0.2222222222222222,0.2222222222222222,0.6666666666666666,55.55555555555556,301.0733587321744
0.2222222222222222,0.2222222222222222,0.7777777777777777,55.55555555555556,300.36376940510854
0.2222222222222222,0.2222222222222222,0.8888888888888888,55.55555555555556,300.071770849044
0.2222222222222222,0.2222222222222222,1.0,55.55555555555556,300.00824348090055
0.2222222222222222,0.3333333333333333,0.0,55.55555555555556,300.0243236844107
0.2222222222222222,0.3333333333333333,0.1111111111111111,55.55555555555556,300.21177115627404
0.2222222222222222,0.3333333333333333,0.2222222222222222,55.55555555555556,301.0733587321744
0.2222222222222222,0.3333333333333333,0.3333333333333333,55.55555555555556,303.1671134288803
0.2222222222222222,0.3333333333333333,0.4444444444444444,55.55555555555556,305.44030163599996
0.2222222222222222,0.3333333333333333,0.5555555555555556,55.55555555555556,305.44030163599996
0.2222222222222222,0.3333333333333333,0.6666666666666666,55.55555555555556,303.1671134288803
0.2222222222222222,0.3333333333333333,0.7777777777777777,55.55555555555556,301.0733587321744
0.2222222222222222,0.3333333333333333,0.8888888888888888,55.55555555555556,300.21177115627404
0.2222222222222222,0.3333333333333333,1.0,55.55555555555556,300.0243236844107
0.2222222222222222,0.4444444444444444,0.0,55.55555555555556,300.04178195163024
0.2222222222222222,0.4444444444444444,0.1111111111111111,55.55555555555556,300.36376940510854
0.2222222222222222,0.4444444444444444,0.2222222222222222,55.55555555555556,301.84375943514215
0.2222222222222222,0.4444444444444444,0.3333333333333333,55.55555555555556,305.44030163599996
0.2222222222222222,0.4444444444444444,0.4444444444444444,55.55555555555556,309.3450653269236
0.2222222222222222,0.4444444444444444,0.5555555555555556,55.55555555555556,309.3450653269236
0.2222222222222222,0.4444444444444444,0.6666666666666666,55.55555555555556,305.44030163599996
0.2222222222222222,0.4444444444444444,0.7777777777777777,55.55555555555556,301.84375943514215
0.2222222222222222,0.4444444444444444,0.8888888888888888,55.55555555555556,300.36376940510854
0.2222222222222222,0.4444444444444444,1.0,55.55555555555556,300.04178195163024
0.2222222222222222,0.5555555555555556,0.0,55.55555555555556,300.04178195163024
0.2222222222222222,0.5555555555555556,0.1111111111111111,55.55555555555556,300.36376940510854
0.2222222222222222,0.5555555555555556,0.2222222222222222,55.55555555555556,301.84375943514215
0.2222222222222222,0.5555555555555556,0.3333333333333333,55.55555555555556,305.44030163599996
0.2222222222222222,0.5555555555555556,0.4444444444444444,55.55555555555556,309.3450653269236
0.2222222222222222,0.5555555555555556,0.5555555555555556,55.55555555555556,309.3450653269236
0.2222222222222222,0.5555555555555556,0.6666666666666666,55.55555555555556,305.44030163599996
0.2222222222222222,0.5555555555555556,0.7777777777777777,55.55555555555556,301.84375943514215
0.2222222222222222,0.5555555555555556,0.8888888888888888,55.55555555555556,300.36376940510854
0.2222222222222222,0.5555555555555556,1.0,55.55555555555556,300.04178195163024
0.2222222222222222,0.6666666666666666,0.0,55.55555555555556,300.0243236844107
0.2222222222222222,0.6666666666666666,0.1111111111111111,55.55555555555556,300.21177115627404
0.2222222222222222,0.6666666666666666,0.2222222222222222,55.55555555555556,301.0733587321744
0.2222222222222222,0.6666666666666666,0.3333333333333333,55.55555555555556,303.1671134288803
0.2222222222222222,0.6666666666666666,0.4444444444444444,55.55555555555556,305.44030163599996
0.2222222222222222,0.6666666666666666,0.5555555555555556,55.55555555555556,305.44030163599996
0.2222222222222222,0.6666666666666666,0.6666666666666666,55.55555555555556,303.1671134288803
0.2222222222222222,0.6666666666666666,0.7777777777777777,55.55555555555556,301.0733587321744
0.2222222222222222,0.6666666666666666,0.8888888888888888,55.55555555555556,300.21177115627404
0.2222222222222222,0.6666666666666666,1.0,55.55555555555556,300.0243236844107
0.2222222222222222,0.7777777777777777,0.0,55.55555555555556,300.00824348090055
0.2222222222222222,0.7777777777777777,0.1111111111111111,55.55555555555556,300.071770849044
0.2222222222222222,0.7777777777777777,0.2222222222222222,55.55555555555556,300.36376940510854
0.2222222222222222,0.7777777777777777,0.3333333333333333,55.55555555555556,301.0733587321744
0.2222222222222222,0.7777777777777777,0.4444444444444444,55.55555555555556,301.84375943514215
0.2222222222222222,0.7777777777777777,0.5555555555555556,55.55555555555556,301.84375943514215
0.2222222222222222,0.7777777777777777,0.6666666666666666,55.55555555555556,301.0733587321744
0.2222222222222222,0.7777777777777777,0.7777777777777777,55.55555555555556,300.36376940510854
0.2222222222222222,0.7777777777777777,0.8888888888888888,55.55555555555556,300.071770849044
0.2222222222222222,0.7777777777777777,1.0,55.55555555555556,300.00824348090055
0.2222222222222222,0.8888888888888888,0.0,55.55555555555556,300.0016264194157
0.2222222222222222,0.8888888888888888,0.1111111111111111,55.55555555555556,300.014160219909
0.2222222222222222,0.8888888888888888,0.2222222222222222,55.55555555555556,300.071770849044
0.2222222222222222,0.8888888888888888,0.3333333333333333,55.55555555555556,300.21177115627404
0.2222222222222222,0.8888888888888888,0.4444444444444444,55.55555555555556,300.36376940510854
0.2222222222222222,0.8888888888888888,0.5555555555555556,55.55555555555556,300.36376940510854
0.2222222222222222,0.8888888888888888,0.6666666666666666,55.55555555555556,300.21177115627404
0.2222222222222222,0.8888888888888888,0.7777777777777777,55.55555555555556,300.071770849044
0.2222222222222222,0.8888888888888888,0.8888888888888888,55.55555555555556,300.014160219909
0.2222222222222222,0.8888888888888888,1.0,55.55555555555556,300.0016264194157
0.2222222222222222,1.0,0.0,55.55555555555556,300.0001868078415
0.2222222222222222,1.0,0.1111111111111111,55.55555555555556,300.0016264194157
0.2222222222222222,1.0,0.2222222222222222,55.55555555555556,300.00824348090055
0.2222222222222222,1.0,0.3333333333333333,55.55555555555556,300.0243236844107
0.2222222222222222,1.0,0.4444444444444444,55.55555555555556,300.04178195163024
0.2222222222222222,1.0,0.5555555555555556,55.55555555555556,300.04178195163024
0.2222222222222222,1.0,0.6666666666666666,55.55555555555556,300.0243236844107
0.2222222222222222,1.0,0.7777777777777777,55.55555555555556,300.00824348090055
0.2222222222222222,1.0,0.8888888888888888,55.55555555555556,300.0016264194157
0.2222222222222222,1.0,1.0,55.55555555555556,300.0001868078415
0.3333333333333333,0.0,0.0,55.55555555555556,300.00055120586023
0.3333333333333333,0.0,0.1111111111111111,55.55555555555556,300.0047990057919
0.3333333333333333,0.0,0.2222222222222222,55.55555555555556,300.0243236844107
0.3333333333333333,0.0,0.3333333333333333,55.55555555555556,300.071770849044
0.3333333333333333,0.0,0.4444444444444444,55.55555555555556,300.1232842069724
0.3333333333333333,0.0,0.5555555555555556,55.55555555555556,300.1232842069724
0.3333333333333333,0.0,0.6666666666666666,55.55555555555556,300.071770849044
0.3333333333333333,0.0,0.7777777777777777,55.55555555555556,300.0243236844107
0.3333333333333333,0.0,0.8888888888888888,55.55555555555556,300.0047990057919
0.3333333333333333,0.0,1.0,55.55555555555556,300.00055120586023
0.3333333333333333,0.1111111111111111,0.0,55.55555555555556,300.0047990057919
0.3333333333333333,0.1111111111111111,0.1111111111111111,55.55555555555556,300.04178195163024
0.3333333333333333,0.1111111111111111,0.2222222222222222,55.55555555555556,300.21177115627404
0.3333333333333333,0.1111111111111111,0.3333333333333333,55.55555555555556,300.62486403918865
0.3333333333333333,0.1111111111111111,0.4444444444444444,55.55555555555556,301.0733587321744
0.3333333333333333,0.1111111111111111,0.5555555555555556,55.55555555555556,301.0733587321744
0.3333333333333333,0.1111111111111111,0.6666666666666666,55.55555555555556,300.62486403918865
0.3333333333333333,0.1111111111111111,0.7777777777777777,55.55555555555556,300.21177115627404
0.3333333333333333,0.1111111111111111,0.8888888888888888,55.55555555555556,300.04178195163024
0.3333333333333333,0.1111111111111111,1.0,55.55555555555556,300.0047990057919
0.3333333333333333,0.2222222222222222,0.0,55.55555555555556,300.0243236844107
0.3333333333333333,0.2222222222222222,0.1111111111111111,55.55555555555556,300.21177115627404
0.3333333333333333,0.2222222222222222,0.2222222222222222,55.55555555555556,301.0733587321744
0.3333333333333333,0.2222222222222222,0.3333333333333333,55.55555555555556,303.1671134288803
0.3333333333333333,0.2222222222222222,0.4444444444444444,55.55555555555556,305.44030163599996
0.3333333333333333,0.2222222222222222,0.5555555555555556,55.55555555555556,305.44030163599996
0.3333333333333333,0.2222222222222222,0.6666666666666666,55.55555555555556,303.1671134288803
0.3333333333333333,0.2222222222222222,0.7777777777777777,55.55555555555556,301.0733587321744
0.3333333333333333,0.2222222222222222,0.8888888888888888,55.55555555555556,300.21177115627404
0.3333333333333333,0.2222222222222222,1.0,55.55555555555556,300.0243236844107
0.3333333333333333,0.3333333333333333,0.0,55.55555555555556,300.071770849044
0.3333333333333333,0.3333333333333333,0.1111111111111111,55.55555555555556,300.62486403918865
0.3333333333333333,0.3333333333333333,0.2222222222222222,55.55555555555556,303.1671134288803
0.3333333333333333,0.3333333333333333,0.3333333333333333,55.55555555555556,309.3450653269236
0.3333333333333333,0.3333333333333333,0.4444444444444444,55.55555555555556,316.0524639638696
0.3333333333333333,0.3333333333333333,0.5555555555555556,55.55555555555556,316.0524639638696
0.3333333333333333,0.3333333333333333,0.6666666666666666,55.55555555555556,309.34506532692365
0.3333333333333333,0.3333333333333333,0.7777777777777777,55.55555555555556,303.1671134288803
0.3333333333333333,0.3333333333333333,0.8888888888888888,55.55555555555556,300.62486403918865
0.3333333333333333,0.3333333333333333,1.0,55.55555555555556,300.071770849044
0.3333333333333333,0.4444444444444444,0.0,55.55555555555556,300.1232842069724
0.3333333333333333,0.4444444444444444,0.1111111111111111,55.55555555555556,301.0733587321744
0.3333333333333333,0.4444444444444444,0.2222222222222222,55.55555555555556,305.44030163599996
0.3333333333333333,0.4444444444444444,0.3333333333333333,55.55555555555556,316.0524639638696
0.3333333333333333,0.4444444444444444,0.4444444444444444,55.55555555555556,327.57408218099215
0.3333333333333333,0.4444444444444444,0.5555555555555556,55.55555555555556,327.57408218099215
0.3333333333333333,0.4444444444444444,0.6666666666666666,55.55555555555556,316.0524639638696
0.3333333333333333,0.4444444444444444,0.7777777777777777,55.55555555555556,305.44030163599996
0.3333333333333333,0.4444444444444444,0.8888888888888888,55.55555555555556,301.0733587321744
0.3333333333333333,0.4444444444444444,1.0,55.55555555555556,300.1232842069724
0.3333333333333333,0.5555555555555556,0.0,55.55555555555556,300.1232842069724
0.3333333333333333,0.5555555555555556,0.1111111111111111,55.55555555555556,301.0733587321744
0.3333333333333333,0.5555555555555556,0.2222222222222222,55.55555555555556,305.44030163599996
0.3333333333333333,0.5555555555555556,0.3333333333333333,55.55555555555556,316.0524639638696
0.3333333333333333,0.5555555555555556,0.4444444444444444,55.55555555555556,327.57408218099215
0.3333333333333333,0.5555555555555556,0.5555555555555556,55.55555555555556,327.57408218099215
0.3333333333333333,0.5555555555555556,0.6666666666666666,55.55555555555556,316.0524639638696
0.3333333333333333,0.5555555555555556,0.7777777777777777,55.55555555555556,305.44030163599996
0.3333333333333333,0.5555555555555556,0.8888888888888888,55.55555555555556,301.0733587321744
0.3333333333333333,0.5555555555555556,1.0,55.55555555555556,300.1232842069724
0.3333333333333333,0.6666666666666666,0.0,55.55555555555556,300.071770849044
0.3333333333333333,0.6666666666666666,0.1111111111111111,55.55555555555556,300.62486403918865
0.3333333333333333,0.6666666666666666,0.2222222222222222,55.55555555555556,303.1671134288803
0.3333333333333333,0.6666666666666666,0.3333333333333333,55.55555555555556,309.3450653269236
0.3333333333333333,0.6666666666666666,0.4444444444444444,55.55555555555556,316.0524639638696
0.3333333333333333,0.6666666666666666,0.5555555555555556,55.55555555555556,316.0524639638696
0.3333333333333333,0.6666666666666666,0.6666666666666666,55.55555555555556,309.34506532692365
0.3333333333333333,0.6666666666666666,0.7777777777777777,55.55555555555556,303.1671134288803
0.3333333333333333,0.6666666666666666,0.8888888888888888,55.55555555555556,300.62486403918865
0.3333333333333333,0.6666666666666666,1.0,55.55555555555556,300.071770849044
0.3333333333333333,0.7777777777777777,0.0,55.55555555555556,300.0243236844107
0.3333333333333333,0.7777777777777777,0.1111111111111111,55.55555555555556,300.21177115627404
0.3333333333333333,0.7777777777777777,0.2222222222222222,55.55555555555556,301.0733587321744
0.3333333333333333,0.7777777777777777,0.3333333333333333,55.55555555555556,303.1671134288803
0.3333333333333333,0.7777777777777777,0.4444444444444444,55.55555555555556,305.44030163599996
0.3333333333333333,0.7777777777777777,0.5555555555555556,55.55555555555556,305.44030163599996
0.3333333333333333,0.7777777777777777,0.6666666666666666,55.55555555555556,303.1671134288803
0.3333333333333333,0.7777777777777777,0.7777777777777777,55.55555555555556,301.0733587321744
0.3333333333333333,0.7777777777777777,0.8888888888888888,55.55555555555556,300.21177115627404
0.3333333333333333,0.7777777777777777,1.0,55.55555555555556,300.0243236844107
0.3333333333333333,0.8888888888888888,0.0,55.55555555555556,300.0047990057919
0.3333333333333333,0.8888888888888888,0.1111111111111111,55.55555555555556,300.04178195163024
0.3333333333333333,0.8888888888888888,0.2222222222222222,55.55555555555556,300.21177115627404
0.3333333333333333,0.8888888888888888,0.3333333333333333,55.55555555555556,300.62486403918865
0.3333333333333333,0.8888888888888888,0.4444444444444444,55.55555555555556,301.0733587321744
0.3333333333333333,0.8888888888888888,0.5555555555555556,55.55555555555556,301.0733587321744
0.3333333333333333,0.8888888888888888,0.6666666666666666,55.55555555555556,300.62486403918865
0.3333333333333333,0.8888888888888888,0.7777777777777777,55.55555555555556,300.21177115627404
0.3333333333333333,0.8888888888888888,0.8888888888888888,55.55555555555556,300.04178195163024
0.3333333333333333,0.8888888888888888,1.0,55.55555555555556,300.0047990057919
0.3333333333333333,1.0,0.0,55.55555555555556,300.00055120586023
0.3333333333333333,1.0,0.1111111111111111,55.55555555555556,300.0047990057919
0.3333333333333333,1.0,0.2222222222222222,55.55555555555556,300.0243236844107
0.3333333333333333,1.0,0.3333333333333333,55.55555555555556,300.071770849044
0.3333333333333333,1.0,0.4444444444444444,55.55555555555556,300.1232842069724
0.3333333333333333,1.0,0.5555555555555556,55.55555555555556,300.1232842069724
0.3333333333333333,1.0,0.6666666666666666,55.55555555555556,300.071770849044
0.3333333333333333,1.0,0.7777777777777777,55.55555555555556,300.0243236844107
0.3333333333333333,1.0,0.8888888888888888,55.55555555555556,300.0047990057919
0.3333333333333333,1.0,1.0,55.55555555555556,300.00055120586023
0.4444444444444444,0.0,0.0,55.55555555555556,300.0009468325687
0.4444444444444444,0.0,0.1111111111111111,55.55555555555556,300.00824348090055
0.4444444444444444,0.0,0.2222222222222222,55.55555555555556,300.04178195163024
0.4444444444444444,0.0,0.3333333333333333,55.55555555555556,300.1232842069724
0.4444444444444444,0.0,0.4444444444444444,55.55555555555556,300.21177115627404
0.4444444444444444,0.0,0.5555555555555556,55.55555555555556,300.21177115627404
0.4444444444444444,0.0,0.6666666666666666,55.55555555555556,300.1232842069724
0.4444444444444444,0.0,0.7777777777777777,55.55555555555556,300.04178195163024
0.4444444444444444,0.0,0.8888888888888888,55.55555555555556,300.00824348090055
0.4444444444444444,0.0,1.0,55.55555555555556,300.0009468325687
0.4444444444444444,0.1111111111111111,0.0,55.55555555555556,300.00824348090055
0.4444444444444444,0.1111111111111111,0.1111111111111111,55.55555555555556,300.071770849044
0.4444444444444444,0.1111111111111111,0.2222222222222222,55.55555555555556,300.36376940510854
0.4444444444444444,0.1111111111111111,0.3333333333333333,55.55555555555556,301.0733587321744
0.4444444444444444,0.1111111111111111,0.4444444444444444,55.55555555555556,301.84375943514215
0.4444444444444444,0.1111111111111111,0.5555555555555556,55.55555555555556,301.84375943514215
0.4444444444444444,0.1111111111111111,0.6666666666666666,55.55555555555556,301.0733587321744
0.4444444444444444,0.1111111111111111,0.7777777777777777,55.55555555555556,300.36376940510854
0.4444444444444444,0.1111111111111111,0.8888888888888888,55.55555555555556,300.071770849044
0.4444444444444444,0.1111111111111111,1.0,55.55555555555556,300.00824348090055
0.4444444444444444,0.2222222222222222,0.0,55.55555555555556,300.04178195163024
0.4444444444444444,0.2222222222222222,0.1111111111111111,55.55555555555556,300.36376940510854
0.4444444444444444,0.2222222222222222,0.2222222222222222,55.55555555555556,301.84375943514215
0.4444444444444444,0.2222222222222222,0.3333333333333333,55.55555555555556,305.44030163599996
0.4444444444444444,0.2222222222222222,0.4444444444444444,55.55555555555556,309.3450653269236
0.4444444444444444,0.2222222222222222,0.5555555555555556,55.55555555555556,309.3450653269236
0.4444444444444444,0.2222222222222222,0.6666666666666666,55.55555555555556,305.44030163599996
0.4444444444444444,0.2222222222222222,0.7777777777777777,55.55555555555556,301.84375943514215
0.4444444444444444,0.2222222222222222,0.8888888888888888,55.55555555555556,300.36376940510854
0.4444444444444444,0.2222222222222222,1.0,55.55555555555556,300.04178195163024
0.4444444444444444,0.3333333333333333,0.0,55.55555555555556,300.1232842069724
0.4444444444444444,0.3333333333333333,0.1111111111111111,55.55555555555556,301.0733587321744
0.4444444444444444,0.3333333333333333,0.2222222222222222,55.55555555555556,305.44030163599996
0.4444444444444444,0.3333333333333333,0.3333333333333333,55.55555555555556,316.0524639638696
0.4444444444444444,0.3333333333333333,0.4444444444444444,55.55555555555556,327.57408218099215
0.4444444444444444,0.3333333333333333,0.5555555555555556,55.55555555555556,327.57408218099215
0.4444444444444444,0.3333333333333333,0.6666666666666666,55.55555555555556,316.0524639638696
0.4444444444444444,0.3333333333333333,0.7777777777777777,55.55555555555556,305.44030163599996
0.4444444444444444,0.3333333333333333,0.8888888888888888,55.55555555555556,301.0733587321744
0.4444444444444444,0.3333333333333333,1.0,55.55555555555556,300.1232842069724
0.4444444444444444,0.4444444444444444,0.0,55.55555555555556,300.21177115627404
0.4444444444444444,0.4444444444444444,0.1111111111111111,55.55555555555556,301.84375943514215
0.4444444444444444,0.4444444444444444,0.2222222222222222,55.55555555555556,309.3450653269236
0.4444444444444444,0.4444444444444444,0.3333333333333333,55.55555555555556,327.57408218099215
0.4444444444444444,0.4444444444444444,0.4444444444444444,55.55555555555556,347.36531474765724
0.4444444444444444,0.4444444444444444,0.5555555555555556,55.55555555555556,347.36531474765724
0.4444444444444444,0.4444444444444444,0.6666666666666666,55.55555555555556,327.57408218099215
0.4444444444444444,0.4444444444444444,0.7777777777777777,55.55555555555556,309.34506532692365
0.4444444444444444,0.4444444444444444,0.8888888888888888,55.55555555555556,301.84375943514215
0.4444444444444444,0.4444444444444444,1.0,55.55555555555556,300.21177115627404
0.4444444444444444,0.5555555555555556,0.0,55.55555555555556,300.21177115627404
0.4444444444444444,0.5555555555555556,0.1111111111111111,55.55555555555556,301.84375943514215
0.4444444444444444,0.5555555555555556,0.2222222222222222,55.55555555555556,309.3450653269236
0.4444444444444444,0.5555555555555556,0.3333333333333333,55.55555555555556,327.57408218099215
0.4444444444444444,0.5555555555555556,0.4444444444444444,55.55555555555556,347.36531474765724
0.4444444444444444,0.5555555555555556,0.5555555555555556,55.55555555555556,347.36531474765724
0.4444444444444444,0.5555555555555556,0.6666666666666666,55.55555555555556,327.57408218099215
0.4444444444444444,0.5555555555555556,0.7777777777777777,55.55555555555556,309.34506532692365
0.4444444444444444,0.5555555555555556,0.8888888888888888,55.55555555555556,301.84375943514215
0.4444444444444444,0.5555555555555556,1.0,55.55555555555556,300.21177115627404
0.4444444444444444,0.6666666666666666,0.0,55.55555555555556,300.1232842069724
0.4444444444444444,0.6666666666666666,0.1111111111111111,55.55555555555556,301.0733587321744
0.4444444444444444,0.6666666666666666,0.2222222222222222,55.55555555555556,305.44030163599996
0.4444444444444444,0.6666666666666666,0.3333333333333333,55.55555555555556,316.0524639638696
0.4444444444444444,0.6666666666666666,0.4444444444444444,55.55555555555556,327.57408218099215
0.4444444444444444,0.6666666666666666,0.5555555555555556,55.55555555555556,327.57408218099215
0.4444444444444444,0.6666666666666666,0.6666666666666666,55.55555555555556,316.0524639638696
0.4444444444444444,0.6666666666666666,0.7777777777777777,55.55555555555556,305.44030163599996
0.4444444444444444,0.6666666666666666,0.8888888888888888,55.55555555555556,301.0733587321744
0.4444444444444444,0.6666666666666666,1.0,55.55555555555556,300.1232842069724
0.4444444444444444,0.7777777777777777,0.0,55.55555555555556,300.04178195163024
0.4444444444444444,0.7777777777777777,0.1111111111111111,55.55555555555556,300.36376940510854
0.4444444444444444,0.7777777777777777,0.2222222222222222,55.55555555555556,301.84375943514215
0.4444444444444444,0.7777777777777777,0.3333333333333333,55.55555555555556,305.44030163599996
0.4444444444444444,0.7777777777777777,0.4444444444444444,55.55555555555556,309.34506532692365
0.4444444444444444,0.7777777777777777,0.5555555555555556,55.55555555555556,309.34506532692365
0.4444444444444444,0.7777777777777777,0.6666666666666666,55.55555555555556,305.44030163599996
0.4444444444444444,0.7777777777777777,0.7777777777777777,55.55555555555556,301.84375943514215
0.4444444444444444,0.7777777777777777,0.8888888888888888,55.55555555555556,300.36376940510854
0.4444444444444444,0.7777777777777777,1.0,55.55555555555556,300.04178195163024
0.4444444444444444,0.8888888888888888,0.0,55.55555555555556,300.00824348090055
0.4444444444444444,0.8888888888888888,0.1111111111111111,55.55555555555556,300.071770849044
0.4444444444444444,0.8888888888888888,0.2222222222222222,55.55555555555556,300.36376940510854
0.4444444444444444,0.8888888888888888,0.3333333333333333,55.55555555555556,301.0733587321744
0.4444444444444444,0.8888888888888888,0.4444444444444444,55.55555555555556,301.84375943514215
0.4444444444444444,0.8888888888888888,0.5555555555555556,55.55555555555556,301.84375943514215
0.4444444444444444,0.8888888888888888,0.6666666666666666,55.55555555555556,301.0733587321744
0.4444444444444444,0.8888888888888888,0.7777777777777777,55.55555555555556,300.36376940510854
0.4444444444444444,0.8888888888888888,0.8888888888888888,55.55555555555556,300.071770849044
0.4444444444444444,0.8888888888888888,1.0,55.55555555555556,300.00824348090055
0.4444444444444444,1.0,0.0,55.55555555555556,300.0009468325687
0.4444444444444444,1.0,0.1111111111111111,55.55555555555556,300.00824348090055
0.4444444444444444,1.0,0.2222222222222222,55.55555555555556,300.04178195163024
0.4444444444444444,1.0,0.3333333333333333,55.55555555555556,300.1232842069724
0.4444444444444444,1.0,0.4444444444444444,55.55555555555556,300.21177115627404
0.4444444444444444,1.0,0.5555555555555556,55.55555555555556,300.21177115627404
0.4444444444444444,1.0,0.6666666666666666,55.55555555555556,300.1232842069724
0.4444444444444444,1.0,0.7777777777777777,55.55555555555556,300.04178195163024
0.4444444444444444,1.0,0.8888888888888888,55.55555555555556,300.00824348090055
0.4444444444444444,1.0,1.0,55.55555555555556,300.0009468325687
0.5555555555555556,0.0,0.0,55.55555555555556,300.0009468325687
0.5555555555555556,0.0,0.1111111111111111,55.55555555555556,300.00824348090055
0.5555555555555556,0.0,0.2222222222222222,55.55555555555556,300.04178195163024
0.5555555555555556,0.0,0.3333333333333333,55.55555555555556,300.1232842069724
0.5555555555555556,0.0,0.4444444444444444,55.55555555555556,300.21177115627404
0.5555555555555556,0.0,0.5555555555555556,55.55555555555556,300.21177115627404
0.5555555555555556,0.0,0.6666666666666666,55.55555555555556,300.1232842069724
0.5555555555555556,0.0,0.7777777777777777,55.55555555555556,300.04178195163024
0.5555555555555556,0.0,0.8888888888888888,55.55555555555556,300.00824348090055
0.5555555555555556,0.0,1.0,55.55555555555556,300.0009468325687
0.5555555555555556,0.1111111111111111,0.0,55.55555555555556,300.00824348090055
0.5555555555555556,0.1111111111111111,0.1111111111111111,55.55555555555556,300.071770849044
0.5555555555555556,0.1111111111111111,0.2222222222222222,55.55555555555556,300.36376940510854
0.5555555555555556,0.1111111111111111,0.3333333333333333,55.55555555555556,301.0733587321744
0.5555555555555556,0.1111111111111111,0.4444444444444444,55.55555555555556,301.84375943514215
0.5555555555555556,0.1111111111111111,0.5555555555555556,55.55555555555556,301.84375943514215
0.5555555555555556,0.1111111111111111,0.6666666666666666,55.55555555555556,301.0733587321744
0.5555555555555556,0.1111111111111111,0.7777777777777777,55.55555555555556,300.36376940510854
0.5555555555555556,0.1111111111111111,0.8888888888888888,55.55555555555556,300.071770849044
0.5555555555555556,0.1111111111111111,1.0,55.55555555555556,300.00824348090055
0.5555555555555556,0.2222222222222222,0.0,55.55555555555556,300.04178195163024
0.5555555555555556,0.2222222222222222,0.1111111111111111,55.55555555555556,300.36376940510854
0.5555555555555556,0.2222222222222222,0.2222222222222222,55.55555555555556,301.84375943514215
0.5555555555555556,0.2222222222222222,0.3333333333333333,55.55555555555556,305.44030163599996
0.5555555555555556,0.2222222222222222,0.4444444444444444,55.55555555555556,309.3450653269236
0.5555555555555556,0.2222222222222222,0.5555555555555556,55.55555555555556,309.3450653269236
0.5555555555555556,0.2222222222222222,0.6666666666666666,55.55555555555556,305.44030163599996
0.5555555555555556,0.2222222222222222,0.7777777777777777,55.55555555555556,301.84375943514215
0.5555555555555556,0.2222222222222222,0.8888888888888888,55.55555555555556,300.36376940510854
0.5555555555555556,0.2222222222222222,1.0,55.55555555555556,300.04178195163024
0.5555555555555556,0.3333333333333333,0.0,55.55555555555556,300.1232842069724
0.5555555555555556,0.3333333333333333,0.1111111111111111,55.55555555555556,301.0733587321744
0.5555555555555556,0.3333333333333333,0.2222222222222222,55.55555555555556,305.44030163599996
0.5555555555555556,0.3333333333333333,0.3333333333333333,55.55555555555556,316.0524639638696
0.5555555555555556,0.3333333333333333,0.4444444444444444,55.55555555555556,327.57408218099215
0.5555555555555556,0.3333333333333333,0.5555555555555556,55.55555555555556,327.57408218099215
0.5555555555555556,0.3333333333333333,0.6666666666666666,55.55555555555556,316.0524639638696
0.5555555555555556,0.3333333333333333,0.7777777777777777,55.55555555555556,305.44030163599996
0.5555555555555556,0.3333333333333333,0.8888888888888888,55.55555555555556,301.0733587321744
0.5555555555555556,0.3333333333333333,1.0,55.55555555555556,300.1232842069724
0.5555555555555556,0.4444444444444444,0.0,55.55555555555556,300.21177115627404
0.5555555555555556,0.4444444444444444,0.1111111111111111,55.55555555555556,301.84375943514215
0.5555555555555556,0.4444444444444444,0.2222222222222222,55.55555555555556,309.3450653269236
0.5555555555555556,0.4444444444444444,0.3333333333333333,55.55555555555556,327.57408218099215
0.5555555555555556,0.4444444444444444,0.4444444444444444,55.55555555555556,347.36531474765724
0.5555555555555556,0.4444444444444444,0.5555555555555556,55.55555555555556,347.36531474765724
0.5555555555555556,0.4444444444444444,0.6666666666666666,55.55555555555556,327.57408218099215
0.5555555555555556,0.4444444444444444,0.7777777777777777,55.55555555555556,309.34506532692365
0.5555555555555556,0.4444444444444444,0.8888888888888888,55.55555555555556,301.84375943514215
0.5555555555555556,0.4444444444444444,1.0,55.55555555555556,300.21177115627404
0.5555555555555556,0.5555555555555556,0.0,55.55555555555556,300.21177115627404
0.5555555555555556,0.5555555555555556,0.1111111111111111,55.55555555555556,301.84375943514215
0.5555555555555556,0.5555555555555556,0.2222222222222222,55.55555555555556,309.3450653269236
0.5555555555555556,0.5555555555555556,0.3333333333333333,55.55555555555556,327.57408218099215
0.5555555555555556,0.5555555555555556,0.4444444444444444,55.55555555555556,347.36531474765724
0.5555555555555556,0.5555555555555556,0.5555555555555556,55.55555555555556,347.36531474765724
0.5555555555555556,0.5555555555555556,0.6666666666666666,55.55555555555556,327.57408218099215
0.5555555555555556,0.5555555555555556,0.7777777777777777,55.55555555555556,309.34506532692365
0.5555555555555556,0.5555555555555556,0.8888888888888888,55.55555555555556,301.84375943514215
0.5555555555555556,0.5555555555555556,1.0,55.55555555555556,300.21177115627404
0.5555555555555556,0.6666666666666666,0.0,55.55555555555556,300.1232842069724
0.5555555555555556,0.6666666666666666,0.1111111111111111,55.55555555555556,301.0733587321744
0.5555555555555556,0.6666666666666666,0.2222222222222222,55.55555555555556,305.44030163599996
0.5555555555555556,0.6666666666666666,0.3333333333333333,55.55555555555556,316.0524639638696
0.5555555555555556,0.6666666666666666,0.4444444444444444,55.55555555555556,327.57408218099215
0.5555555555555556,0.6666666666666666,0.5555555555555556,55.55555555555556,327.57408218099215
0.5555555555555556,0.6666666666666666,0.6666666666666666,55.55555555555556,316.0524639638696
0.5555555555555556,0.6666666666666666,0.7777777777777777,55.55555555555556,305.44030163599996
0.5555555555555556,0.6666666666666666,0.8888888888888888,55.55555555555556,301.0733587321744
0.5555555555555556,0.6666666666666666,1.0,55.55555555555556,300.1232842069724
0.5555555555555556,0.7777777777777777,0.0,55.55555555555556,300.04178195163024
0.5555555555555556,0.7777777777777777,0.1111111111111111,55.55555555555556,300.36376940510854
0.5555555555555556,0.7777777777777777,0.2222222222222222,55.55555555555556,301.84375943514215
0.5555555555555556,0.7777777777777777,0.3333333333333333,55.55555555555556,305.44030163599996
0.5555555555555556,0.7777777777777777,0.4444444444444444,55.55555555555556,309.34506532692365
0.5555555555555556,0.7777777777777777,0.5555555555555556,55.55555555555556,309.34506532692365
0.5555555555555556,0.7777777777777777,0.6666666666666666,55.55555555555556,305.44030163599996
0.5555555555555556,0.7777777777777777,0.7777777777777777,55.55555555555556,301.84375943514215
0.5555555555555556,0.7777777777777777,0.8888888888888888,55.55555555555556,300.36376940510854
0.5555555555555556,0.7777777777777777,1.0,55.55555555555556,300.04178195163024
0.5555555555555556,0.8888888888888888,0.0,55.55555555555556,300.00824348090055
0.5555555555555556,0.8888888888888888,0.1111111111111111,55.55555555555556,300.071770849044
0.5555555555555556,0.8888888888888888,0.2222222222222222,55.55555555555556,300.36376940510854
0.5555555555555556,0.8888888888888888,0.3333333333333333,55.55555555555556,301.0733587321744
0.5555555555555556,0.8888888888888888,0.4444444444444444,55.55555555555556,301.84375943514215
0.5555555555555556,0.8888888888888888,0.5555555555555556,55.55555555555556,301.84375943514215
0.5555555555555556,0.8888888888888888,0.6666666666666666,55.55555555555556,301.0733587321744
0.5555555555555556,0.8888888888888888,0.7777777777777777,55.55555555555556,300.36376940510854
0.5555555555555556,0.8888888888888888,0.8888888888888888,55.55555555555556,300.071770849044
0.5555555555555556,0.8888888888888888,1.0,55.55555555555556,300.00824348090055
0.5555555555555556,1.0,0.0,55.55555555555556,300.0009468325687
0.5555555555555556,1.0,0.1111111111111111,55.55555555555556,300.00824348090055
0.5555555555555556,1.0,0.2222222222222222,55.55555555555556,300.04178195163024
0.5555555555555556,1.0,0.3333333333333333,55.55555555555556,300.1232842069724
0.5555555555555556,1.0,0.4444444444444444,55.55555555555556,300.21177115627404
0.5555555555555556,1.0,0.5555555555555556,55.55555555555556,300.21177115627404
0.5555555555555556,1.0,0.6666666666666666,55.55555555555556,300.1232842069724
0.5555555555555556,1.0,0.7777777777777777,55.55555555555556,300.04178195163024
0.5555555555555556,1.0,0.8888888888888888,55.55555555555556,300.00824348090055
0.5555555555555556,1.0,1.0,55.55555555555556,300.0009468325687
0.6666666666666666,0.0,0.0,55.55555555555556,300.00055120586023
0.6666666666666666,0.0,0.1111111111111111,55.55555555555556,300.0047990057919
0.6666666666666666,0.0,0.2222222222222222,55.55555555555556,300.0243236844107
0.6666666666666666,0.0,0.3333333333333333,55.55555555555556,300.071770849044
0.6666666666666666,0.0,0.4444444444444444,55.55555555555556,300.1232842069724
0.6666666666666666,0.0,0.5555555555555556,55.55555555555556,300.1232842069724
0.6666666666666666,0.0,0.6666666666666666,55.55555555555556,300.071770849044
0.6666666666666666,0.0,0.7777777777777777,55.55555555555556,300.0243236844107
0.6666666666666666,0.0,0.8888888888888888,55.55555555555556,300.0047990057919
0.6666666666666666,0.0,1.0,55.55555555555556,300.00055120586023
0.6666666666666666,0.1111111111111111,0.0,55.55555555555556,300.0047990057919
0.6666666666666666,0.1111111111111111,0.1111111111111111,55.55555555555556,300.04178195163024
0.6666666666666666,0.1111111111111111,0.2222222222222222,55.55555555555556,300.21177115627404
0.6666666666666666,0.1111111111111111,0.3333333333333333,55.55555555555556,300.62486403918865
0.6666666666666666,0.1111111111111111,0.4444444444444444,55.55555555555556,301.0733587321744
0.6666666666666666,0.1111111111111111,0.5555555555555556,55.55555555555556,301.0733587321744
0.6666666666666666,0.1111111111111111,0.6666666666666666,55.55555555555556,300.62486403918865
0.6666666666666666,0.1111111111111111,0.7777777777777777,55.55555555555556,300.21177115627404
0.6666666666666666,0.1111111111111111,0.8888888888888888,55.55555555555556,300.04178195163024
0.6666666666666666,0.1111111111111111,1.0,55.55555555555556,300.0047990057919
0.6666666666666666,0.2222222222222222,0.0,55.55555555555556,300.0243236844107
0.6666666666666666,0.2222222222222222,0.1111111111111111,55.55555555555556,300.21177115627404
0.6666666666666666,0.2222222222222222,0.2222222222222222,55.55555555555556,301.0733587321744
0.6666666666666666,0.2222222222222222,0.3333333333333333,55.55555555555556,303.1671134288803
0.6666666666666666,0.2222222222222222,0.4444444444444444,55.55555555555556,305.44030163599996
0.6666666666666666,0.2222222222222222,0.5555555555555556,55.55555555555556,305.44030163599996
0.6666666666666666,0.2222222222222222,0.6666666666666666,55.55555555555556,303.1671134288803
0.6666666666666666,0.2222222222222222,0.7777777777777777,55.55555555555556,301.0733587321744
0.6666666666666666,0.2222222222222222,0.8888888888888888,55.55555555555556,300.21177115627404
0.6666666666666666,0.2222222222222222,1.0,55.55555555555556,300.0243236844107
0.6666666666666666,0.3333333333333333,0.0,55.55555555555556,300.071770849044
0.6666666666666666,0.3333333333333333,0.1111111111111111,55.55555555555556,300.62486403918865
0.6666666666666666,0.3333333333333333,0.2222222222222222,55.55555555555556,303.1671134288803
0.6666666666666666,0.3333333333333333,0.3333333333333333,55.55555555555556,309.3450653269236
0.6666666666666666,0.3333333333333333,0.4444444444444444,55.55555555555556,316.0524639638696
0.6666666666666666,0.3333333333333333,0.5555555555555556,55.55555555555556,316.0524639638696
0.6666666666666666,0.3333333333333333,0.6666666666666666,55.55555555555556,309.34506532692365
0.6666666666666666,0.3333333333333333,0.7777777777777777,55.55555555555556,303.1671134288803
0.6666666666666666,0.3333333333333333,0.8888888888888888,55.55555555555556,300.62486403918865
0.6666666666666666,0.3333333333333333,1.0,55.55555555555556,300.071770849044
0.6666666666666666,0.4444444444444444,0.0,55.55555555555556,300.1232842069724
0.6666666666666666,0.4444444444444444,0.1111111111111111,55.55555555555556,301.0733587321744
0.6666666666666666,0.4444444444444444,0.2222222222222222,55.55555555555556,305.44030163599996
0.6666666666666666,0.4444444444444444,0.3333333333333333,55.55555555555556,316.0524639638696
0.6666666666666666,0.4444444444444444,0.4444444444444444,55.55555555555556,327.57408218099215
0.6666666666666666,0.4444444444444444,0.5555555555555556,55.55555555555556,327.57408218099215
0.6666666666666666,0.4444444444444444,0.6666666666666666,55.55555555555556,316.0524639638696
0.6666666666666666,0.4444444444444444,0.7777777777777777,55.55555555555556,305.44030163599996
0.6666666666666666,0.4444444444444444,0.8888888888888888,55.55555555555556,301.0733587321744
0.6666666666666666,0.4444444444444444,1.0,55.55555555555556,300.1232842069724
0.6666666666666666,0.5555555555555556,0.0,55.55555555555556,300.1232842069724
0.6666666666666666,0.5555555555555556,0.1111111111111111,55.55555555555556,301.0733587321744
0.6666666666666666,0.5555555555555556,0.2222222222222222,55.55555555555556,305.44030163599996
0.6666666666666666,0.5555555555555556,0.3333333333333333,55.55555555555556,316.0524639638696
0.6666666666666666,0.5555555555555556,0.4444444444444444,55.55555555555556,327.57408218099215
0.6666666666666666,0.5555555555555556,0.5555555555555556,55.55555555555556,327.57408218099215
0.6666666666666666,0.5555555555555556,0.6666666666666666,55.55555555555556,316.0524639638696
0.6666666666666666,0.5555555555555556,0.7777777777777777,55.55555555555556,305.44030163599996
0.6666666666666666,0.5555555555555556,0.8888888888888888,55.55555555555556,301.0733587321744
0.6666666666666666,0.5555555555555556,1.0,55.55555555555556,300.1232842069724
0.6666666666666666,0.6666666666666666,0.0,55.55555555555556,300.071770849044
0.6666666666666666,0.6666666666666666,0.1111111111111111,55.55555555555556,300.62486403918865
0.6666666666666666,0.6666666666666666,0.2222222222222222,55.55555555555556,303.1671134288803
0.6666666666666666,0.6666666666666666,0.3333333333333333,55.55555555555556,309.34506532692365
0.6666666666666666,0.6666666666666666,0.4444444444444444,55.55555555555556,316.0524639638696
0.6666666666666666,0.6666666666666666,0.5555555555555556,55.55555555555556,316.0524639638696
0.6666666666666666,0.6666666666666666,0.6666666666666666,55.55555555555556,309.34506532692365
0.6666666666666666,0.6666666666666666,0.7777777777777777,55.55555555555556,303.1671134288803
0.6666666666666666,0.6666666666666666,0.8888888888888888,55.55555555555556,300.62486403918865
0.6666666666666666,0.6666666666666666,1.0,55.55555555555556,300.071770849044
0.6666666666666666,0.7777777777777777,0.0,55.55555555555556,300.0243236844107
0.6666666666666666,0.7777777777777777,0.1111111111111111,55.55555555555556,300.21177115627404
0.6666666666666666,0.7777777777777777,0.2222222222222222,55.55555555555556,301.0733587321744
0.6666666666666666,0.7777777777777777,0.3333333333333333,55.55555555555556,303.1671134288803
0.6666666666666666,0.7777777777777777,0.4444444444444444,55.55555555555556,305.44030163599996
0.6666666666666666,0.7777777777777777,0.5555555555555556,55.55555555555556,305.44030163599996
0.6666666666666666,0.7777777777777777,0.6666666666666666,55.55555555555556,303.1671134288803
0.6666666666666666,0.7777777777777777,0.7777777777777777,55.55555555555556,301.0733587321744
0.6666666666666666,0.7777777777777777,0.8888888888888888,55.55555555555556,300.21177115627404
0.6666666666666666,0.7777777777777777,1.0,55.55555555555556,300.0243236844107
0.6666666666666666,0.8888888888888888,0.0,55.55555555555556,300.0047990057919
0.6666666666666666,0.8888888888888888,0.1111111111111111,55.55555555555556,300.04178195163024
0.6666666666666666,0.8888888888888888,0.2222222222222222,55.55555555555556,300.21177115627404
0.6666666666666666,0.8888888888888888,0.3333333333333333,55.55555555555556,300.62486403918865
0.6666666666666666,0.8888888888888888,0.4444444444444444,55.55555555555556,301.0733587321744
0.6666666666666666,0.8888888888888888,0.5555555555555556,55.55555555555556,301.0733587321744
0.6666666666666666,0.8888888888888888,0.6666666666666666,55.55555555555556,300.62486403918865
0.6666666666666666,0.8888888888888888,0.7777777777777777,55.55555555555556,300.21177115627404
0.6666666666666666,0.8888888888888888,0.8888888888888888,55.55555555555556,300.04178195163024
0.6666666666666666,0.8888888888888888,1.0,55.55555555555556,300.0047990057919
0.6666666666666666,1.0,0.0,55.55555555555556,300.00055120586023
0.6666666666666666,1.0,0.1111111111111111,55.55555555555556,300.0047990057919
0.6666666666666666,1.0,0.2222222222222222,55.55555555555556,300.0243236844107
0.6666666666666666,1.0,0.3333333333333333,55.55555555555556,300.071770849044
0.6666666666666666,1.0,0.4444444444444444,55.55555555555556,300.1232842069724
0.6666666666666666,1.0,0.5555555555555556,55.55555555555556,300.1232842069724
0.6666666666666666,1.0,0.6666666666666666,55.55555555555556,300.071770849044
0.6666666666666666,1.0,0.7777777777777777,55.55555555555556,300.0243236844107
0.6666666666666666,1.0,0.8888888888888888,55.55555555555556,300.0047990057919
0.6666666666666666,1.0,1.0,55.55555555555556,300.00055120586023
0.7777777777777777,0.0,0.0,55.55555555555556,300.0001868078415
0.7777777777777777,0.0,0.1111111111111111,55.55555555555556,300.0016264194157
0.7777777777777777,0.0,0.2222222222222222,55.55555555555556,300.00824348090055
0.7777777777777777,0.0,0.3333333333333333,55.55555555555556,300.0243236844107
0.7777777777777777,0.0,0.4444444444444444,55.55555555555556,300.04178195163024
0.7777777777777777,0.0,0.5555555555555556,55.55555555555556,300.04178195163024
0.7777777777777777,0.0,0.6666666666666666,55.55555555555556,300.0243236844107
0.7777777777777777,0.0,0.7777777777777777,55.55555555555556,300.00824348090055
0.7777777777777777,0.0,0.8888888888888888,55.55555555555556,300.0016264194157
0.7777777777777777,0.0,1.0,55.55555555555556,300.0001868078415
0.7777777777777777,0.1111111111111111,0.0,55.55555555555556,300.0016264194157
0.7777777777777777,0.1111111111111111,0.1111111111111111,55.55555555555556,300.014160219909
0.7777777777777777,0.1111111111111111,0.2222222222222222,55.55555555555556,300.071770849044
0.7777777777777777,0.1111111111111111,0.3333333333333333,55.55555555555556,300.21177115627404
0.7777777777777777,0.1111111111111111,0.4444444444444444,55.55555555555556,300.36376940510854
0.7777777777777777,0.1111111111111111,0.5555555555555556,55.55555555555556,300.36376940510854
0.7777777777777777,0.1111111111111111,0.6666666666666666,55.55555555555556,300.21177115627404
0.7777777777777777,0.1111111111111111,0.7777777777777777,55.55555555555556,300.071770849044
0.7777777777777777,0.1111111111111111,0.8888888888888888,55.55555555555556,300.014160219909
0.7777777777777777,0.1111111111111111,1.0,55.55555555555556,300.0016264194157
0.7777777777777777,0.2222222222222222,0.0,55.55555555555556,300.00824348090055
0.7777777777777777,0.2222222222222222,0.1111111111111111,55.55555555555556,300.071770849044
0.7777777777777777,0.2222222222222222,0.2222222222222222,55.55555555555556,300.36376940510854
0.7777777777777777,0.2222222222222222,0.3333333333333333,55.55555555555556,301.0733587321744
0.7777777777777777,0.2222222222222222,0.4444444444444444,55.55555555555556,301.84375943514215
0.7777777777777777,0.2222222222222222,0.5555555555555556,55.55555555555556,301.84375943514215
0.7777777777777777,0.2222222222222222,0.6666666666666666,55.55555555555556,301.0733587321744
0.7777777777777777,0.2222222222222222,0.7777777777777777,55.55555555555556,300.36376940510854
0.7777777777777777,0.2222222222222222,0.8888888888888888,55.55555555555556,300.071770849044
0.7777777777777777,0.2222222222222222,1.0,55.55555555555556,300.00824348090055
0.7777777777777777,0.3333333333333333,0.0,55.55555555555556,300.0243236844107
0.7777777777777777,0.3333333333333333,0.1111111111111111,55.55555555555556,300.21177115627404
0.7777777777777777,0.3333333333333333,0.2222222222222222,55.55555555555556,301.0733587321744
0.7777777777777777,0.3333333333333333,0.3333333333333333,55.55555555555556,303.1671134288803
0.7777777777777777,0.3333333333333333,0.4444444444444444,55.55555555555556,305.44030163599996
0.7777777777777777,0.3333333333333333,0.5555555555555556,55.55555555555556,305.44030163599996
0.7777777777777777,0.3333333333333333,0.6666666666666666,55.55555555555556,303.1671134288803
0.7777777777777777,0.3333333333333333,0.7777777777777777,55.55555555555556,301.0733587321744
0.7777777777777777,0.3333333333333333,0.8888888888888888,55.55555555555556,300.21177115627404
0.7777777777777777,0.3333333333333333,1.0,55.55555555555556,300.0243236844107
0.7777777777777777,0.4444444444444444,0.0,55.55555555555556,300.04178195163024
0.7777777777777777,0.4444444444444444,0.1111111111111111,55.55555555555556,300.36376940510854
0.7777777777777777,0.4444444444444444,0.2222222222222222,55.55555555555556,301.84375943514215
0.7777777777777777,0.4444444444444444,0.3333333333333333,55.55555555555556,305.44030163599996
0.7777777777777777,0.4444444444444444,0.4444444444444444,55.55555555555556,309.34506532692365
0.7777777777777777,0.4444444444444444,0.5555555555555556,55.55555555555556,309.34506532692365
0.7777777777777777,0.4444444444444444,0.6666666666666666,55.55555555555556,305.44030163599996
0.7777777777777777,0.4444444444444444,0.7777777777777777,55.55555555555556,301.84375943514215
0.7777777777777777,0.4444444444444444,0.8888888888888888,55.55555555555556,300.36376940510854
0.7777777777777777,0.4444444444444444,1.0,55.55555555555556,300.04178195163024
0.7777777777777777,0.5555555555555556,0.0,55.55555555555556,300.04178195163024
0.7777777777777777,0.5555555555555556,0.1111111111111111,55.55555555555556,300.36376940510854
0.7777777777777777,0.5555555555555556,0.2222222222222222,55.55555555555556,301.84375943514215
0.7777777777777777,0.5555555555555556,0.3333333333333333,55.55555555555556,305.44030163599996
0.7777777777777777,0.5555555555555556,0.4444444444444444,55.55555555555556,309.34506532692365
0.7777777777777777,0.5555555555555556,0.5555555555555556,55.55555555555556,309.34506532692365
0.7777777777777777,0.5555555555555556,0.6666666666666666,55.55555555555556,305.44030163599996
0.7777777777777777,0.5555555555555556,0.7777777777777777,55.55555555555556,301.84375943514215
0.7777777777777777,0.5555555555555556,0.8888888888888888,55.55555555555556,300.36376940510854
0.7777777777777777,0.5555555555555556,1.0,55.55555555555556,300.04178195163024
0.7777777777777777,0.6666666666666666,0.0,55.55555555555556,300.0243236844107
0.7777777777777777,0.6666666666666666,0.1111111111111111,55.55555555555556,300.21177115627404
0.7777777777777777,0.6666666666666666,0.2222222222222222,55.55555555555556,301.0733587321744
0.7777777777777777,0.6666666666666666,0.3333333333333333,55.55555555555556,303.1671134288803
0.7777777777777777,0.6666666666666666,0.4444444444444444,55.55555555555556,305.44030163599996
0.7777777777777777,0.6666666666666666,0.5555555555555556,55.55555555555556,305.44030163599996
0.7777777777777777,0.6666666666666666,0.6666666666666666,55.55555555555556,303.1671134288803
0.7777777777777777,0.6666666666666666,0.7777777777777777,55.55555555555556,301.0733587321744
0.7777777777777777,0.6666666666666666,0.8888888888888888,55.55555555555556,300.21177115627404
0.7777777777777777,0.6666666666666666,1.0,55.55555555555556,300.0243236844107
0.7777777777777777,0.7777777777777777,0.0,55.55555555555556,300.00824348090055
0.7777777777777777,0.7777777777777777,0.1111111111111111,55.55555555555556,300.071770849044
0.7777777777777777,0.7777777777777777,0.2222222222222222,55.55555555555556,300.36376940510854
0.7777777777777777,0.7777777777777777,0.3333333333333333,55.55555555555556,301.0733587321744
0.7777777777777777,0.7777777777777777,0.4444444444444444,55.55555555555556,301.84375943514215
0.7777777777777777,0.7777777777777777,0.5555555555555556,55.55555555555556,301.84375943514215
0.7777777777777777,0.7777777777777777,0.6666666666666666,55.55555555555556,301.0733587321744
0.7777777777777777,0.7777777777777777,0.7777777777777777,55.55555555555556,300.36376940510854
0.7777777777777777,0.7777777777777777,0.8888888888888888,55.55555555555556,300.071770849044
0.7777777777777777,0.7777777777777777,1.0,55.55555555555556,300.00824348090055
0.7777777777777777,0.8888888888888888,0.0,55.55555555555556,300.0016264194157
0.7777777777777777,0.8888888888888888,0.1111111111111111,55.55555555555556,300.014160219909
0.7777777777777777,0.8888888888888888,0.2222222222222222,55.55555555555556,300.071770849044
0.7777777777777777,0.8888888888888888,0.3333333333333333,55.55555555555556,300.21177115627404
0.7777777777777777,0.8888888888888888,0.4444444444444444,55.55555555555556,300.36376940510854
0.7777777777777777,0.8888888888888888,0.5555555555555556,55.55555555555556,300.36376940510854
0.7777777777777777,0.8888888888888888,0.6666666666666666,55.55555555555556,300.21177115627404
0.7777777777777777,0.8888888888888888,0.7777777777777777,55.55555555555556,300.071770849044
0.7777777777777777,0.8888888888888888,0.8888888888888888,55.55555555555556,300.014160219909
0.7777777777777777,0.8888888888888888,1.0,55.55555555555556,300.0016264194157
0.7777777777777777,1.0,0.0,55.55555555555556,300.0001868078415
0.7777777777777777,1.0,0.1111111111111111,55.55555555555556,300.0016264194157
0.7777777777777777,1.0,0.2222222222222222,55.55555555555556,300.00824348090055
0.7777777777777777,1.0,0.3333333333333333,55.55555555555556,300.0243236844107
0.7777777777777777,1.0,0.4444444444444444,55.55555555555556,300.04178195163024
0.7777777777777777,1.0,0.5555555555555556,55.55555555555556,300.04178195163024
0.7777777777777777,1.0,0.6666666666666666,55.55555555555556,300.0243236844107
0.7777777777777777,1.0,0.7777777777777777,55.55555555555556,300.00824348090055
0.7777777777777777,1.0,0.8888888888888888,55.55555555555556,300.0016264194157
0.7777777777777777,1.0,1.0,55.55555555555556,300.0001868078415
0.8888888888888888,0.0,0.0,55.55555555555556,300.00003685674824
0.8888888888888888,0.0,0.1111111111111111,55.55555555555556,300.00032088872985
0.8888888888888888,0.0,0.2222222222222222,55.55555555555556,300.0016264194157
0.8888888888888888,0.0,0.3333333333333333,55.55555555555556,300.0047990057919
0.8888888888888888,0.0,0.4444444444444444,55.55555555555556,300.00824348090055
0.8888888888888888,0.0,0.5555555555555556,55.55555555555556,300.00824348090055
0.8888888888888888,0.0,0.6666666666666666,55.55555555555556,300.0047990057919
0.8888888888888888,0.0,0.7777777777777777,55.55555555555556,300.0016264194157
0.8888888888888888,0.0,0.8888888888888888,55.55555555555556,300.00032088872985
0.8888888888888888,0.0,1.0,55.55555555555556,300.00003685674824
0.8888888888888888,0.1111111111111111,0.0,55.55555555555556,300.00032088872985
0.8888888888888888,0.1111111111111111,0.1111111111111111,55.55555555555556,300.0027937781222
0.8888888888888888,0.1111111111111111,0.2222222222222222,55.55555555555556,300.014160219909
0.8888888888888888,0.1111111111111111,0.3333333333333333,55.55555555555556,300.04178195163024
0.8888888888888888,0.1111111111111111,0.4444444444444444,55.55555555555556,300.071770849044
0.8888888888888888,0.1111111111111111,0.5555555555555556,55.55555555555556,300.071770849044
0.8888888888888888,0.1111111111111111,0.6666666666666666,55.55555555555556,300.04178195163024
0.8888888888888888,0.1111111111111111,0.7777777777777777,55.55555555555556,300.014160219909
0.8888888888888888,0.1111111111111111,0.8888888888888888,55.55555555555556,300.0027937781222
0.8888888888888888,0.1111111111111111,1.0,55.55555555555556,300.00032088872985
0.8888888888888888,0.2222222222222222,0.0,55.55555555555556,300.0016264194157
0.8888888888888888,0.2222222222222222,0.1111111111111111,55.55555555555556,300.014160219909
0.8888888888888888,0.2222222222222222,0.2222222222222222,55.55555555555556,300.071770849044
0.8888888888888888,0.2222222222222222,0.3333333333333333,55.55555555555556,300.21177115627404
0.8888888888888888,0.2222222222222222,0.4444444444444444,55.55555555555556,300.36376940510854
0.8888888888888888,0.2222222222222222,0.5555555555555556,55.55555555555556,300.36376940510854
0.8888888888888888,0.2222222222222222,0.6666666666666666,55.55555555555556,300.21177115627404
0.8888888888888888,0.2222222222222222,0.7777777777777777,55.55555555555556,300.071770849044
0.8888888888888888,0.2222222222222222,0.8888888888888888,55.55555555555556,300.014160219909
0.8888888888888888,0.2222222222222222,1.0,55.55555555555556,300.0016264194157
0.8888888888888888,0.3333333333333333,0.0,55.55555555555556,300.0047990057919
0.8888888888888888,0.3333333333333333,0.1111111111111111,55.55555555555556,300.04178195163024
0.8888888888888888,0.3333333333333333,0.2222222222222222,55.55555555555556,300.21177115627404
0.8888888888888888,0.3333333333333333,0.3333333333333333,55.55555555555556,300.62486403918865
0.8888888888888888,0.3333333333333333,0.4444444444444444,55.55555555555556,301.0733587321744
0.8888888888888888,0.3333333333333333,0.5555555555555556,55.55555555555556,301.0733587321744
0.8888888888888888,0.3333333333333333,0.6666666666666666,55.55555555555556,300.62486403918865
0.8888888888888888,0.3333333333333333,0.7777777777777777,55.55555555555556,300.21177115627404
0.8888888888888888,0.3333333333333333,0.8888888888888888,55.55555555555556,300.04178195163024
0.8888888888888888,0.3333333333333333,1.0,55.55555555555556,300.0047990057919
0.8888888888888888,0.4444444444444444,0.0,55.55555555555556,300.00824348090055
0.8888888888888888,0.4444444444444444,0.1111111111111111,55.55555555555556,300.071770849044
0.8888888888888888,0.4444444444444444,0.2222222222222222,55.55555555555556,300.36376940510854
0.8888888888888888,0.4444444444444444,0.3333333333333333,55.55555555555556,301.0733587321744
0.8888888888888888,0.4444444444444444,0.4444444444444444,55.55555555555556,301.84375943514215
0.8888888888888888,0.4444444444444444,0.5555555555555556,55.55555555555556,301.84375943514215
0.8888888888888888,0.4444444444444444,0.6666666666666666,55.55555555555556,301.0733587321744
0.8888888888888888,0.4444444444444444,0.7777777777777777,55.55555555555556,300.36376940510854
0.8888888888888888,0.4444444444444444,0.8888888888888888,55.55555555555556,300.071770849044
0.8888888888888888,0.4444444444444444,1.0,55.55555555555556,300.00824348090055
0.8888888888888888,0.5555555555555556,0.0,55.55555555555556,300.00824348090055
0.8888888888888888,0.5555555555555556,0.1111111111111111,55.55555555555556,300.071770849044
0.8888888888888888,0.5555555555555556,0.2222222222222222,55.55555555555556,300.36376940510854
0.8888888888888888,0.5555555555555556,0.3333333333333333,55.55555555555556,301.0733587321744
0.8888888888888888,0.5555555555555556,0.4444444444444444,55.55555555555556,301.84375943514215
0.8888888888888888,0.5555555555555556,0.5555555555555556,55.55555555555556,301.84375943514215
0.8888888888888888,0.5555555555555556,0.6666666666666666,55.55555555555556,301.0733587321744
0.8888888888888888,0.5555555555555556,0.7777777777777777,55.55555555555556,300.36376940510854
0.8888888888888888,0.5555555555555556,0.8888888888888888,55.55555555555556,300.071770849044
0.8888888888888888,0.5555555555555556,1.0,55.55555555555556,300.00824348090055
0.8888888888888888,0.6666666666666666,0.0,55.55555555555556,300.0047990057919
0.8888888888888888,0.6666666666666666,0.1111111111111111,55.55555555555556,300.04178195163024
0.8888888888888888,0.6666666666666666,0.2222222222222222,55.55555555555556,300.21177115627404
0.8888888888888888,0.6666666666666666,0.3333333333333333,55.55555555555556,300.62486403918865
0.8888888888888888,0.6666666666666666,0.4444444444444444,55.55555555555556,301.0733587321744
0.8888888888888888,0.6666666666666666,0.5555555555555556,55.55555555555556,301.0733587321744
0.8888888888888888,0.6666666666666666,0.6666666666666666,55.55555555555556,300.62486403918865
0.8888888888888888,0.6666666666666666,0.7777777777777777,55.55555555555556,300.21177115627404
0.8888888888888888,0.6666666666666666,0.8888888888888888,55.55555555555556,300.04178195163024
0.8888888888888888,0.6666666666666666,1.0,55.55555555555556,300.0047990057919
0.8888888888888888,0.7777777777777777,0.0,55.55555555555556,300.0016264194157
0.8888888888888888,0.7777777777777777,0.1111111111111111,55.55555555555556,300.014160219909
0.8888888888888888,0.7777777777777777,0.2222222222222222,55.55555555555556,300.071770849044
0.8888888888888888,0.7777777777777777,0.3333333333333333,55.55555555555556,300.21177115627404
0.8888888888888888,0.7777777777777777,0.4444444444444444,55.55555555555556,300.36376940510854
0.8888888888888888,0.7777777777777777,0.5555555555555556,55.55555555555556,300.36376940510854
0.8888888888888888,0.7777777777777777,0.6666666666666666,55.55555555555556,300.21177115627404
0.8888888888888888,0.7777777777777777,0.7777777777777777,55.55555555555556,300.071770849044
0.8888888888888888,0.7777777777777777,0.8888888888888888,55.55555555555556,300.014160219909
0.8888888888888888,0.7777777777777777,1.0,55.55555555555556,300.0016264194157
0.8888888888888888,0.8888888888888888,0.0,55.55555555555556,300.00032088872985
0.8888888888888888,0.8888888888888888,0.1111111111111111,55.55555555555556,300.0027937781222
0.8888888888888888,0.8888888888888888,0.2222222222222222,55.55555555555556,300.014160219909
0.8888888888888888,0.8888888888888888,0.3333333333333333,55.55555555555556,300.04178195163024
0.8888888888888888,0.8888888888888888,0.4444444444444444,55.55555555555556,300.071770849044
0.8888888888888888,0.8888888888888888,0.5555555555555556,55.55555555555556,300.071770849044
0.8888888888888888,0.8888888888888888,0.6666666666666666,55.55555555555556,300.04178195163024
0.8888888888888888,0.8888888888888888,0.7777777777777777,55.55555555555556,300.014160219909
0.8888888888888888,0.8888888888888888,0.8888888888888888,55.55555555555556,300.0027937781222
0.8888888888888888,0.8888888888888888,1.0,55.55555555555556,300.00032088872985
0.8888888888888888,1.0,0.0,55.55555555555556,300.00003685674824
0.8888888888888888,1.0,0.1111111111111111,55.55555555555556,300.00032088872985
0.8888888888888888,1.0,0.2222222222222222,55.55555555555556,300.0016264194157
0.8888888888888888,1.0,0.3333333333333333,55.55555555555556,300.0047990057919
0.8888888888888888,1.0,0.4444444444444444,55.55555555555556,300.00824348090055
0.8888888888888888,1.0,0.5555555555555556,55.55555555555556,300.00824348090055
0.8888888888888888,1.0,0.6666666666666666,55.55555555555556,300.0047990057919
0.8888888888888888,1.0,0.7777777777777777,55.55555555555556,300.0016264194157
0.8888888888888888,1.0,0.8888888888888888,55.55555555555556,300.00032088872985
0.8888888888888888,1.0,1.0,55.55555555555556,300.00003685674824
1.0,0.0,0.0,55.55555555555556,300.0000042333051
1.0,0.0,0.1111111111111111,55.55555555555556,300.00003685674824
1.0,0.0,0.2222222222222222,55.55555555555556,300.0001868078415
1.0,0.0,0.3333333333333333,55.55555555555556,300.00055120586023
1.0,0.0,0.4444444444444444,55.55555555555556,300.0009468325687
1.0,0.0,0.5555555555555556,55.55555555555556,300.0009468325687
1.0,0.0,0.6666666666666666,55.55555555555556,300.00055120586023
1.0,0.0,0.7777777777777777,55.55555555555556,300.0001868078415
1.0,0.0,0.8888888888888888,55.55555555555556,300.00003685674824
1.0,0.0,1.0,55.55555555555556,300.0000042333051
1.0,0.1111111111111111,0.0,55.55555555555556,300.00003685674824
1.0,0.1111111111111111,0.1111111111111111,55.55555555555556,300.00032088872985
1.0,0.1111111111111111,0.2222222222222222,55.55555555555556,300.0016264194157
1.0,0.1111111111111111,0.3333333333333333,55.55555555555556,300.0047990057919
1.0,0.1111111111111111,0.4444444444444444,55.55555555555556,300.00824348090055
1.0,0.1111111111111111,0.5555555555555556,55.55555555555556,300.00824348090055
1.0,0.1111111111111111,0.6666666666666666,55.55555555555556,300.0047990057919
1.0,0.1111111111111111,0.7777777777777777,55.55555555555556,300.0016264194157
1.0,0.1111111111111111,0.8888888888888888,55.55555555555556,300.00032088872985
1.0,0.1111111111111111,1.0,55.55555555555556,300.00003685674824
1.0,0.2222222222222222,0.0,55.55555555555556,300.0001868078415
1.0,0.2222222222222222,0.1111111111111111,55.55555555555556,300.0016264194157
1.0,0.2222222222222222,0.2222222222222222,55.55555555555556,300.00824348090055
1.0,0.2222222222222222,0.3333333333333333,55.55555555555556,300.0243236844107
1.0,0.2222222222222222,0.4444444444444444,55.55555555555556,300.04178195163024
1.0,0.2222222222222222,0.5555555555555556,55.55555555555556,300.04178195163024
1.0,0.2222222222222222,0.6666666666666666,55.55555555555556,300.0243236844107
1.0,0.2222222222222222,0.7777777777777777,55.55555555555556,300.00824348090055
1.0,0.2222222222222222,0.8888888888888888,55.55555555555556,300.0016264194157
1.0,0.2222222222222222,1.0,55.55555555555556,300.0001868078415
1.0,0.3333333333333333,0.0,55.55555555555556,300.00055120586023
1.0,0.3333333333333333,0.1111111111111111,55.55555555555556,300.0047990057919
1.0,0.3333333333333333,0.2222222222222222,55.55555555555556,300.0243236844107
1.0,0.3333333333333333,0.3333333333333333,55.55555555555556,300.071770849044
1.0,0.3333333333333333,0.4444444444444444,55.55555555555556,300.1232842069724
1.0,0.3333333333333333,0.5555555555555556,55.55555555555556,300.1232842069724
1.0,0.3333333333333333,0.6666666666666666,55.55555555555556,300.071770849044
1.0,0.3333333333333333,0.7777777777777777,55.55555555555556,300.0243236844107
1.0,0.3333333333333333,0.8888888888888888,55.55555555555556,300.0047990057919
1.0,0.3333333333333333,1.0,55.55555555555556,300.00055120586023
1.0,0.4444444444444444,0.0,55.55555555555556,300.0009468325687
1.0,0.4444444444444444,0.1111111111111111,55.55555555555556,300.00824348090055
1.0,0.4444444444444444,0.2222222222222222,55.55555555555556,300.04178195163024
1.0,0.4444444444444444,0.3333333333333333,55.55555555555556,300.1232842069724
1.0,0.4444444444444444,0.4444444444444444,55.55555555555556,300.21177115627404
1.0,0.4444444444444444,0.5555555555555556,55.55555555555556,300.21177115627404
1.0,0.4444444444444444,0.6666666666666666,55.55555555555556,300.1232842069724
1.0,0.4444444444444444,0.7777777777777777,55.55555555555556,300.04178195163024
1.0,0.4444444444444444,0.8888888888888888,55.55555555555556,300.00824348090055
1.0,0.4444444444444444,1.0,55.55555555555556,300.0009468325687
1.0,0.5555555555555556,0.0,55.55555555555556,300.0009468325687
1.0,0.5555555555555556,0.1111111111111111,55.55555555555556,300.00824348090055
1.0,0.5555555555555556,0.2222222222222222,55.55555555555556,300.04178195163024
1.0,0.5555555555555556,0.3333333333333333,55.55555555555556,300.1232842069724
1.0,0.5555555555555556,0.4444444444444444,55.55555555555556,300.21177115627404
1.0,0.5555555555555556,0.5555555555555556,55.55555555555556,300.21177115627404
1.0,0.5555555555555556,0.6666666666666666,55.55555555555556,300.1232842069724
1.0,0.5555555555555556,0.7777777777777777,55.55555555555556,300.04178195163024
1.0,0.5555555555555556,0.8888888888888888,55.55555555555556,300.00824348090055
1.0,0.5555555555555556,1.0,55.55555555555556,300.0009468325687
1.0,0.6666666666666666,0.0,55.55555555555556,300.00055120586023
1.0,0.6666666666666666,0.1111111111111111,55.55555555555556,300.0047990057919
1.0,0.6666666666666666,0.2222222222222222,55.55555555555556,300.0243236844107
1.0,0.6666666666666666,0.3333333333333333,55.55555555555556,300.071770849044
1.0,0.6666666666666666,0.4444444444444444,55.55555555555556,300.1232842069724
1.0,0.6666666666666666,0.5555555555555556,55.55555555555556,300.1232842069724
1.0,0.6666666666666666,0.6666666666666666,55.55555555555556,300.071770849044
1.0,0.6666666666666666,0.7777777777777777,55.55555555555556,300.0243236844107
1.0,0.6666666666666666,0.8888888888888888,55.55555555555556,300.0047990057919
1.0,0.6666666666666666,1.0,55.55555555555556,300.00055120586023
1.0,0.7777777777777777,0.0,55.55555555555556,300.0001868078415
1.0,0.7777777777777777,0.1111111111111111,55.55555555555556,300.0016264194157
1.0,0.7777777777777777,0.2222222222222222,55.55555555555556,300.00824348090055
1.0,0.7777777777777777,0.3333333333333333,55.55555555555556,300.0243236844107
1.0,0.7777777777777777,0.4444444444444444,55.55555555555556,300.04178195163024
1.0,0.7777777777777777,0.5555555555555556,55.55555555555556,300.04178195163024
1.0,0.7777777777777777,0.6666666666666666,55.55555555555556,300.0243236844107
1.0,0.7777777777777777,0.7777777777777777,55.55555555555556,300.00824348090055
1.0,0.7777777777777777,0.8888888888888888,55.55555555555556,300.0016264194157
1.0,0.7777777777777777,1.0,55.55555555555556,300.0001868078415
1.0,0.8888888888888888,0.0,55.55555555555556,300.00003685674824
1.0,0.8888888888888888,0.1111111111111111,55.55555555555556,300.00032088872985
1.0,0.8888888888888888,0.2222222222222222,55.55555555555556,300.0016264194157
1.0,0.8888888888888888,0.3333333333333333,55.55555555555556,300.0047990057919
1.0,0.8888888888888888,0.4444444444444444,55.55555555555556,300.00824348090055
1.0,0.8888888888888888,0.5555555555555556,55.55555555555556,300.00824348090055
1.0,0.8888888888888888,0.6666666666666666,55.55555555555556,300.0047990057919
1.0,0.8888888888888888,0.7777777777777777,55.55555555555556,300.0016264194157
1.0,0.8888888888888888,0.8888888888888888,55.55555555555556,300.00032088872985
1.0,0.8888888888888888,1.0,55.55555555555556,300.00003685674824
1.0,1.0,0.0,55.55555555555556,300.0000042333051
1.0,1.0,0.1111111111111111,55.55555555555556,300.00003685674824
1.0,1.0,0.2222222222222222,55.55555555555556,300.0001868078415
1.0,1.0,0.3333333333333333,55.55555555555556,300.00055120586023
1.0,1.0,0.4444444444444444,55.55555555555556,300.0009468325687
1.0,1.0,0.5555555555555556,55.55555555555556,300.0009468325687
1.0,1.0,0.6666666666666666,55.55555555555556,300.00055120586023
1.0,1.0,0.7777777777777777,55.55555555555556,300.0001868078415
1.0,1.0,0.8888888888888888,55.55555555555556,300.00003685674824
1.0,1.0,1.0,55.55555555555556,300.0000042333051
0.0,0.0,0.0,66.66666666666666,300.00001897536345
0.0,0.0,0.1111111111111111,66.66666666666666,300.00013276920873
0.0,0.0,0.2222222222222222,66.66666666666666,300.0005711863426
0.0,0.0,0.3333333333333333,66.66666666666666,300.001510885128
0.0,0.0,0.4444444444444444,66.66666666666666,300.00245730046163
0.0,0.0,0.5555555555555556,66.66666666666666,300.00245730046163
0.0,0.0,0.6666666666666666,66.66666666666666,300.001510885128
0.0,0.0,0.7777777777777777,66.66666666666666,300.0005711863426
0.0,0.0,0.8888888888888888,66.66666666666666,300.00013276920873
0.0,0.0,1.0,66.66666666666666,300.00001897536345
0.0,0.1111111111111111,0.0,66.66666666666666,300.00013276920873
0.0,0.1111111111111111,0.1111111111111111,66.66666666666666,300.00092897629156
0.0,0.1111111111111111,0.2222222222222222,66.66666666666666,300.00399654841164
0.0,0.1111111111111111,0.3333333333333333,66.66666666666666,300.0105715510133
0.0,0.1111111111111111,0.4444444444444444,66.66666666666666,300.01719354880316
0.0,0.1111111111111111,0.5555555555555556,66.66666666666666,300.01719354880316
0.0,0.1111111111111111,0.6666666666666666,66.66666666666666,300.0105715510133
0.0,0.1111111111111111,0.7777777777777777,66.66666666666666,300.00399654841164
0.0,0.1111111111111111,0.8888888888888888,66.66666666666666,300.00092897629156
0.0,0.1111111111111111,1.0,66.66666666666666,300.00013276920873
0.0,0.2222222222222222,0.0,66.66666666666666,300.0005711863426
0.0,0.2222222222222222,0.1111111111111111,66.66666666666666,300.00399654841164
0.0,0.2222222222222222,0.2222222222222222,66.66666666666666,300.01719354880316
0.0,0.2222222222222222,0.3333333333333333,66.66666666666666,300.0454798640108
0.0,0.2222222222222222,0.4444444444444444,66.66666666666666,300.0739683571923
0.0,0.2222222222222222,0.5555555555555556,66.66666666666666,300.0739683571923
0.0,0.2222222222222222,0.6666666666666666,66.66666666666666,300.0454798640108
0.0,0.2222222222222222,0.7777777777777777,66.66666666666666,300.01719354880316
0.0,0.2222222222222222,0.8888888888888888,66.66666666666666,300.00399654841164
0.0,0.2222222222222222,1.0,66.66666666666666,300.0005711863426
0.0,0.3333333333333333,0.0,66.66666666666666,300.001510885128
0.0,0.3333333333333333,0.1111111111111111,66.66666666666666,300.0105715510133
0.0,0.3333333333333333,0.2222222222222222,66.66666666666666,300.0454798640108
0.0,0.3333333333333333,0.3333333333333333,66.66666666666666,300.12030198385
0.0,0.3333333333333333,0.4444444444444444,66.66666666666666,300.19565889885354
0.0,0.3333333333333333,0.5555555555555556,66.66666666666666,300.19565889885354
0.0,0.3333333333333333,0.6666666666666666,66.66666666666666,300.12030198385
0.0,0.3333333333333333,0.7777777777777777,66.66666666666666,300.0454798640108
0.0,0.3333333333333333,0.8888888888888888,66.66666666666666,300.0105715510133
0.0,0.3333333333333333,1.0,66.66666666666666,300.001510885128
0.0,0.4444444444444444,0.0,66.66666666666666,300.00245730046163
0.0,0.4444444444444444,0.1111111111111111,66.66666666666666,300.01719354880316
0.0,0.4444444444444444,0.2222222222222222,66.66666666666666,300.0739683571923
0.0,0.4444444444444444,0.3333333333333333,66.66666666666666,300.19565889885354
0.0,0.4444444444444444,0.4444444444444444,66.66666666666666,300.3182192302689
0.0,0.4444444444444444,0.5555555555555556,66.66666666666666,300.3182192302689
0.0,0.4444444444444444,0.6666666666666666,66.66666666666666,300.19565889885354
0.0,0.4444444444444444,0.7777777777777777,66.66666666666666,300.0739683571923
0.0,0.4444444444444444,0.8888888888888888,66.66666666666666,300.01719354880316
0.0,0.4444444444444444,1.0,66.66666666666666,300.00245730046163
0.0,0.5555555555555556,0.0,66.66666666666666,300.00245730046163
0.0,0.5555555555555556,0.1111111111111111,66.66666666666666,300.01719354880316
0.0,0.5555555555555556,0.2222222222222222,66.66666666666666,300.0739683571923
0.0,0.5555555555555556,0.3333333333333333,66.66666666666666,300.19565889885354
0.0,0.5555555555555556,0.4444444444444444,66.66666666666666,300.3182192302689
0.0,0.5555555555555556,0.5555555555555556,66.66666666666666,300.3182192302689
0.0,0.5555555555555556,0.6666666666666666,66.66666666666666,300.19565889885354
0.0,0.5555555555555556,0.7777777777777777,66.66666666666666,300.0739683571923
0.0,0.5555555555555556,0.8888888888888888,66.66666666666666,300.01719354880316
0.0,0.5555555555555556,1.0,66.66666666666666,300.00245730046163
0.0,0.6666666666666666,0.0,66.66666666666666,300.001510885128
0.0,0.6666666666666666,0.1111111111111111,66.66666666666666,300.0105715510133
0.0,0.6666666666666666,0.2222222222222222,66.66666666666666,300.0454798640108
0.0,0.6666666666666666,0.3333333333333333,66.66666666666666,300.12030198385
0.0,0.6666666666666666,0.4444444444444444,66.66666666666666,300.19565889885354
0.0,0.6666666666666666,0.5555555555555556,66.66666666666666,300.19565889885354
0.0,0.6666666666666666,0.6666666666666666,66.66666666666666,300.12030198385
0.0,0.6666666666666666,0.7777777777777777,66.66666666666666,300.0454798640108
0.0,0.6666666666666666,0.8888888888888888,66.66666666666666,300.0105715510133
0.0,0.6666666666666666,1.0,66.66666666666666,300.001510885128
0.0,0.7777777777777777,0.0,66.66666666666666,300.0005711863426
0.0,0.7777777777777777,0.1111111111111111,66.66666666666666,300.00399654841164
0.0,0.7777777777777777,0.2222222222222222,66.66666666666666,300.01719354880316
0.0,0.7777777777777777,0.3333333333333333,66.66666666666666,300.0454798640108
0.0,0.7777777777777777,0.4444444444444444,66.66666666666666,300.0739683571923
0.0,0.7777777777777777,0.5555555555555556,66.66666666666666,300.0739683571923
0.0,0.7777777777777777,0.6666666666666666,66.66666666666666,300.0454798640108
0.0,0.7777777777777777,0.7777777777777777,66.66666666666666,300.01719354880316
0.0,0.7777777777777777,0.8888888888888888,66.66666666666666,300.00399654841164
0.0,0.7777777777777777,1.0,66.66666666666666,300.0005711863426
0.0,0.8888888888888888,0.0,66.66666666666666,300.00013276920873
0.0,0.8888888888888888,0.1111111111111111,66.66666666666666,300.00092897629156
0.0,0.8888888888888888,0.2222222222222222,66.66666666666666,300.00399654841164
0.0,0.8888888888888888,0.3333333333333333,66.66666666666666,300.0105715510133
0.0,0.8888888888888888,0.4444444444444444,66.66666666666666,300.01719354880316
0.0,0.8888888888888888,0.5555555555555556,66.66666666666666,300.01719354880316
0.0,0.8888888888888888,0.6666666666666666,66.66666666666666,300.0105715510133
0.0,0.8888888888888888,0.7777777777777777,66.66666666666666,300.00399654841164
0.0,0.8888888888888888,0.8888888888888888,66.66666666666666,300.00092897629156
0.0,0.8888888888888888,1.0,66.66666666666666,300.00013276920873
0.0,1.0,0.0,66.66666666666666,300.00001897536345
0.0,1.0,0.1111111111111111,66.66666666666666,300.00013276920873
0.0,1.0,0.2222222222222222,66.66666666666666,300.0005711863426
0.0,1.0,0.3333333333333333,66.66666666666666,300.001510885128
0.0,1.0,0.4444444444444444,66.66666666666666,300.00245730046163
0.0,1.0,0.5555555555555556,66.66666666666666,300.00245730046163
0.0,1.0,0.6666666666666666,66.66666666666666,300.001510885128
0.0,1.0,0.7777777777777777,66.66666666666666,300.0005711863426
0.0,1.0,0.8888888888888888,66.66666666666666,300.00013276920873
0.0,1.0,1.0,66.66666666666666,300.00001897536345
0.1111111111111111,0.0,0.0,66.66666666666666,300.00013276920873
0.1111111111111111,0.0,0.1111111111111111,66.66666666666666,300.00092897629156
0.1111111111111111,0.0,0.2222222222222222,66.66666666666666,300.00399654841164
0.1111111111111111,0.0,0.3333333333333333,66.66666666666666,300.0105715510133
0.1111111111111111,0.0,0.4444444444444444,66.66666666666666,300.01719354880316
0.1111111111111111,0.0,0.5555555555555556,66.66666666666666,300.01719354880316
0.1111111111111111,0.0,0.6666666666666666,66.66666666666666,300.0105715510133
0.1111111111111111,0.0,0.7777777777777777,66.66666666666666,300.00399654841164
0.1111111111111111,0.0,0.8888888888888888,66.66666666666666,300.00092897629156
0.1111111111111111,0.0,1.0,66.66666666666666,300.00013276920873
0.1111111111111111,0.1111111111111111,0.0,66.66666666666666,300.00092897629156
0.1111111111111111,0.1111111111111111,0.1111111111111111,66.66666666666666,300.0064999781085
0.1111111111111111,0.1111111111111111,0.2222222222222222,66.66666666666666,300.027963552375
0.1111111111111111,0.1111111111111111,0.3333333333333333,66.66666666666666,300.0739683571923
0.1111111111111111,0.1111111111111111,0.4444444444444444,66.66666666666666,300.12030198385
0.1111111111111111,0.1111111111111111,0.5555555555555556,66.66666666666666,300.12030198385
0.1111111111111111,0.1111111111111111,0.6666666666666666,66.66666666666666,300.0739683571923
0.1111111111111111,0.1111111111111111,0.7777777777777777,66.66666666666666,300.027963552375
0.1111111111111111,0.1111111111111111,0.8888888888888888,66.66666666666666,300.0064999781085
0.1111111111111111,0.1111111111111111,1.0,66.66666666666666,300.00092897629156
0.1111111111111111,0.2222222222222222,0.0,66.66666666666666,300.00399654841164
0.1111111111111111,0.2222222222222222,0.1111111111111111,66.66666666666666,300.027963552375
0.1111111111111111,0.2222222222222222,0.2222222222222222,66.66666666666666,300.12030198385
0.1111111111111111,0.2222222222222222,0.3333333333333333,66.66666666666666,300.3182192302689
0.1111111111111111,0.2222222222222222,0.4444444444444444,66.66666666666666,300.5175511009531
0.1111111111111111,0.2222222222222222,0.5555555555555556,66.66666666666666,300.5175511009531
0.1111111111111111,0.2222222222222222,0.6666666666666666,66.66666666666666,300.3182192302689
0.1111111111111111,0.2222222222222222,0.7777777777777777,66.66666666666666,300.12030198385
0.1111111111111111,0.2222222222222222,0.8888888888888888,66.66666666666666,300.027963552375
0.1111111111111111,0.2222222222222222,1.0,66.66666666666666,300.00399654841164
0.1111111111111111,0.3333333333333333,0.0,66.66666666666666,300.0105715510133
0.1111111111111111,0.3333333333333333,0.1111111111111111,66.66666666666666,300.0739683571923
0.1111111111111111,0.3333333333333333,0.2222222222222222,66.66666666666666,300.3182192302689
0.1111111111111111,0.3333333333333333,0.3333333333333333,66.66666666666666,300.8417440450455
0.1111111111111111,0.3333333333333333,0.4444444444444444,66.66666666666666,301.3690107818624
0.1111111111111111,0.3333333333333333,0.5555555555555556,66.66666666666666,301.3690107818624
0.1111111111111111,0.3333333333333333,0.6666666666666666,66.66666666666666,300.8417440450455
0.1111111111111111,0.3333333333333333,0.7777777777777777,66.66666666666666,300.3182192302689
0.1111111111111111,0.3333333333333333,0.8888888888888888,66.66666666666666,300.0739683571923
0.1111111111111111,0.3333333333333333,1.0,66.66666666666666,300.0105715510133
0.1111111111111111,0.4444444444444444,0.0,66.66666666666666,300.01719354880316
0.1111111111111111,0.4444444444444444,0.1111111111111111,66.66666666666666,300.12030198385
0.1111111111111111,0.4444444444444444,0.2222222222222222,66.66666666666666,300.5175511009531
0.1111111111111111,0.4444444444444444,0.3333333333333333,66.66666666666666,301.3690107818624
0.1111111111111111,0.4444444444444444,0.4444444444444444,66.66666666666666,302.226556317074
0.1111111111111111,0.4444444444444444,0.5555555555555556,66.66666666666666,302.226556317074
0.1111111111111111,0.4444444444444444,0.6666666666666666,66.66666666666666,301.3690107818624
0.1111111111111111,0.4444444444444444,0.7777777777777777,66.66666666666666,300.5175511009531
0.1111111111111111,0.4444444444444444,0.8888888888888888,66.66666666666666,300.12030198385
0.1111111111111111,0.4444444444444444,1.0,66.66666666666666,300.01719354880316
0.1111111111111111,0.5555555555555556,0.0,66.66666666666666,300.01719354880316
0.1111111111111111,0.5555555555555556,0.1111111111111111,66.66666666666666,300.12030198385
0.1111111111111111,0.5555555555555556,0.2222222222222222,66.66666666666666,300.5175511009531
0.1111111111111111,0.5555555555555556,0.3333333333333333,66.66666666666666,301.3690107818624
0.1111111111111111,0.5555555555555556,0.4444444444444444,66.66666666666666,302.226556317074
0.1111111111111111,0.5555555555555556,0.5555555555555556,66.66666666666666,302.226556317074
0.1111111111111111,0.5555555555555556,0.6666666666666666,66.66666666666666,301.3690107818624
0.1111111111111111,0.5555555555555556,0.7777777777777777,66.66666666666666,300.5175511009531
0.1111111111111111,0.5555555555555556,0.8888888888888888,66.66666666666666,300.12030198385
0.1111111111111111,0.5555555555555556,1.0,66.66666666666666,300.01719354880316
0.1111111111111111,0.6666666666666666,0.0,66.66666666666666,300.0105715510133
0.1111111111111111,0.6666666666666666,0.1111111111111111,66.66666666666666,300.0739683571923
0.1111111111111111,0.6666666666666666,0.2222222222222222,66.66666666666666,300.3182192302689
0.1111111111111111,0.6666666666666666,0.3333333333333333,66.66666666666666,300.8417440450455
0.1111111111111111,0.6666666666666666,0.4444444444444444,66.66666666666666,301.3690107818624
0.1111111111111111,0.6666666666666666,0.5555555555555556,66.66666666666666,301.3690107818624
0.1111111111111111,0.6666666666666666,0.6666666666666666,66.66666666666666,300.8417440450455
0.1111111111111111,0.6666666666666666,0.7777777777777777,66.66666666666666,300.3182192302689
0.1111111111111111,0.6666666666666666,0.8888888888888888,66.66666666666666,300.0739683571923
0.1111111111111111,0.6666666666666666,1.0,66.66666666666666,300.0105715510133
0.1111111111111111,0.7777777777777777,0.0,66.66666666666666,300.00399654841164
0.1111111111111111,0.7777777777777777,0.1111111111111111,66.66666666666666,300.027963552375
0.1111111111111111,0.7777777777777777,0.2222222222222222,66.66666666666666,300.12030198385
0.1111111111111111,0.7777777777777777,0.3333333333333333,66.66666666666666,300.3182192302689
0.1111111111111111,0.7777777777777777,0.4444444444444444,66.66666666666666,300.5175511009531
0.1111111111111111,0.7777777777777777,0.5555555555555556,66.66666666666666,300.5175511009531
0.1111111111111111,0.7777777777777777,0.6666666666666666,66.66666666666666,300.3182192302689
0.1111111111111111,0.7777777777777777,0.7777777777777777,66.66666666666666,300.12030198385
0.1111111111111111,0.7777777777777777,0.8888888888888888,66.66666666666666,300.027963552375
0.1111111111111111,0.7777777777777777,1.0,66.66666666666666,300.00399654841164
0.1111111111111111,0.8888888888888888,0.0,66.66666666666666,300.00092897629156
0.1111111111111111,0.8888888888888888,0.1111111111111111,66.66666666666666,300.0064999781085
0.1111111111111111,0.8888888888888888,0.2222222222222222,66.66666666666666,300.027963552375
0.1111111111111111,0.8888888888888888,0.3333333333333333,66.66666666666666,300.0739683571923
0.1111111111111111,0.8888888888888888,0.4444444444444444,66.66666666666666,300.12030198385
0.1111111111111111,0.8888888888888888,0.5555555555555556,66.66666666666666,300.12030198385
0.1111111111111111,0.8888888888888888,0.6666666666666666,66.66666666666666,300.0739683571923
0.1111111111111111,0.8888888888888888,0.7777777777777777,66.66666666666666,300.027963552375
0.1111111111111111,0.8888888888888888,0.8888888888888888,66.66666666666666,300.0064999781085
0.1111111111111111,0.8888888888888888,1.0,66.66666666666666,300.00092897629156
0.1111111111111111,1.0,0.0,66.66666666666666,300.00013276920873
0.1111111111111111,1.0,0.1111111111111111,66.66666666666666,300.00092897629156
0.1111111111111111,1.0,0.2222222222222222,66.66666666666666,300.00399654841164
0.1111111111111111,1.0,0.3333333333333333,66.66666666666666,300.0105715510133
0.1111111111111111,1.0,0.4444444444444444,66.66666666666666,300.01719354880316
0.1111111111111111,1.0,0.5555555555555556,66.66666666666666,300.01719354880316
0.1111111111111111,1.0,0.6666666666666666,66.66666666666666,300.0105715510133
0.1111111111111111,1.0,0.7777777777777777,66.66666666666666,300.00399654841164
0.1111111111111111,1.0,0.8888888888888888,66.66666666666666,300.00092897629156
0.1111111111111111,1.0,1.0,66.66666666666666,300.00013276920873
0.2222222222222222,0.0,0.0,66.66666666666666,300.0005711863426
0.2222222222222222,0.0,0.1111111111111111,66.66666666666666,300.00399654841164
0.2222222222222222,0.0,0.2222222222222222,66.66666666666666,300.01719354880316
0.2222222222222222,0.0,0.3333333333333333,66.66666666666666,300.0454798640108
0.2222222222222222,0.0,0.4444444444444444,66.66666666666666,300.0739683571923
0.2222222222222222,0.0,0.5555555555555556,66.66666666666666,300.0739683571923
0.2222222222222222,0.0,0.6666666666666666,66.66666666666666,300.0454798640108
0.2222222222222222,0.0,0.7777777777777777,66.66666666666666,300.01719354880316
0.2222222222222222,0.0,0.8888888888888888,66.66666666666666,300.00399654841164
0.2222222222222222,0.0,1.0,66.66666666666666,300.0005711863426
0.2222222222222222,0.1111111111111111,0.0,66.66666666666666,300.00399654841164
0.2222222222222222,0.1111111111111111,0.1111111111111111,66.66666666666666,300.027963552375
0.2222222222222222,0.1111111111111111,0.2222222222222222,66.66666666666666,300.12030198385
0.2222222222222222,0.1111111111111111,0.3333333333333333,66.66666666666666,300.3182192302689
0.2222222222222222,0.1111111111111111,0.4444444444444444,66.66666666666666,300.5175511009531
0.2222222222222222,0.1111111111111111,0.5555555555555556,66.66666666666666,300.5175511009531
0.2222222222222222,0.1111111111111111,0.6666666666666666,66.66666666666666,300.3182192302689
0.2222222222222222,0.1111111111111111,0.7777777777777777,66.66666666666666,300.12030198385
0.2222222222222222,0.1111111111111111,0.8888888888888888,66.66666666666666,300.027963552375
0.2222222222222222,0.1111111111111111,1.0,66.66666666666666,300.00399654841164
0.2222222222222222,0.2222222222222222,0.0,66.66666666666666,300.01719354880316
0.2222222222222222,0.2222222222222222,0.1111111111111111,66.66666666666666,300.12030198385
0.2222222222222222,0.2222222222222222,0.2222222222222222,66.66666666666666,300.5175511009531
0.2222222222222222,0.2222222222222222,0.3333333333333333,66.66666666666666,301.3690107818624
0.2222222222222222,0.2222222222222222,0.4444444444444444,66.66666666666666,302.226556317074
0.2222222222222222,0.2222222222222222,0.5555555555555556,66.66666666666666,302.226556317074
0.2222222222222222,0.2222222222222222,0.6666666666666666,66.66666666666666,301.3690107818624
0.2222222222222222,0.2222222222222222,0.7777777777777777,66.66666666666666,300.5175511009531
0.2222222222222222,0.2222222222222222,0.8888888888888888,66.66666666666666,300.12030198385
0.2222222222222222,0.2222222222222222,1.0,66.66666666666666,300.01719354880316
0.2222222222222222,0.3333333333333333,0.0,66.66666666666666,300.0454798640108
0.2222222222222222,0.3333333333333333,0.1111111111111111,66.66666666666666,300.3182192302689
0.2222222222222222,0.3333333333333333,0.2222222222222222,66.66666666666666,301.3690107818624
0.2222222222222222,0.3333333333333333,0.3333333333333333,66.66666666666666,303.62126661001014
0.2222222222222222,0.3333333333333333,0.4444444444444444,66.66666666666666,305.8896205589838
0.2222222222222222,0.3333333333333333,0.5555555555555556,66.66666666666666,305.8896205589838
0.2222222222222222,0.3333333333333333,0.6666666666666666,66.66666666666666,303.62126661001014
0.2222222222222222,0.3333333333333333,0.7777777777777777,66.66666666666666,301.3690107818624
0.2222222222222222,0.3333333333333333,0.8888888888888888,66.66666666666666,300.3182192302689
0.2222222222222222,0.3333333333333333,1.0,66.66666666666666,300.0454798640108
0.2222222222222222,0.4444444444444444,0.0,66.66666666666666,300.0739683571923
0.2222222222222222,0.4444444444444444,0.1111111111111111,66.66666666666666,300.5175511009531
0.2222222222222222,0.4444444444444444,0.2222222222222222,66.66666666666666,302.226556317074
0.2222222222222222,0.4444444444444444,0.3333333333333333,66.66666666666666,305.8896205589838
0.2222222222222222,0.4444444444444444,0.4444444444444444,66.66666666666666,309.5788667514617
0.2222222222222222,0.4444444444444444,0.5555555555555556,66.66666666666666,309.5788667514617
0.2222222222222222,0.4444444444444444,0.6666666666666666,66.66666666666666,305.8896205589838
0.2222222222222222,0.4444444444444444,0.7777777777777777,66.66666666666666,302.226556317074
0.2222222222222222,0.4444444444444444,0.8888888888888888,66.66666666666666,300.5175511009531
0.2222222222222222,0.4444444444444444,1.0,66.66666666666666,300.0739683571923
0.2222222222222222,0.5555555555555556,0.0,66.66666666666666,300.0739683571923
0.2222222222222222,0.5555555555555556,0.1111111111111111,66.66666666666666,300.5175511009531
0.2222222222222222,0.5555555555555556,0.2222222222222222,66.66666666666666,302.226556317074
0.2222222222222222,0.5555555555555556,0.3333333333333333,66.66666666666666,305.8896205589838
0.2222222222222222,0.5555555555555556,0.4444444444444444,66.66666666666666,309.5788667514617
0.2222222222222222,0.5555555555555556,0.5555555555555556,66.66666666666666,309.5788667514617
0.2222222222222222,0.5555555555555556,0.6666666666666666,66.66666666666666,305.8896205589838
0.2222222222222222,0.5555555555555556,0.7777777777777777,66.66666666666666,302.226556317074
0.2222222222222222,0.5555555555555556,0.8888888888888888,66.66666666666666,300.5175511009531
0.2222222222222222,0.5555555555555556,1.0,66.66666666666666,300.0739683571923
0.2222222222222222,0.6666666666666666,0.0,66.66666666666666,300.0454798640108
0.2222222222222222,0.6666666666666666,0.1111111111111111,66.66666666666666,300.3182192302689
0.2222222222222222,0.6666666666666666,0.2222222222222222,66.66666666666666,301.3690107818624
0.2222222222222222,0.6666666666666666,0.3333333333333333,66.66666666666666,303.62126661001014
0.2222222222222222,0.6666666666666666,0.4444444444444444,66.66666666666666,305.8896205589838
0.2222222222222222,0.6666666666666666,0.5555555555555556,66.66666666666666,305.8896205589838
0.2222222222222222,0.6666666666666666,0.6666666666666666,66.66666666666666,303.62126661001014
0.2222222222222222,0.6666666666666666,0.7777777777777777,66.66666666666666,301.3690107818624
0.2222222222222222,0.6666666666666666,0.8888888888888888,66.66666666666666,300.3182192302689
0.2222222222222222,0.6666666666666666,1.0,66.66666666666666,300.0454798640108
0.2222222222222222,0.7777777777777777,0.0,66.66666666666666,300.01719354880316
0.2222222222222222,0.7777777777777777,0.1111111111111111,66.66666666666666,300.12030198385
0.2222222222222222,0.7777777777777777,0.2222222222222222,66.66666666666666,300.5175511009531
0.2222222222222222,0.7777777777777777,0.3333333333333333,66.66666666666666,301.3690107818624
0.2222222222222222,0.7777777777777777,0.4444444444444444,66.66666666666666,302.226556317074
0.2222222222222222,0.7777777777777777,0.5555555555555556,66.66666666666666,302.226556317074
0.2222222222222222,0.7777777777777777,0.6666666666666666,66.66666666666666,301.3690107818624
0.2222222222222222,0.7777777777777777,0.7777777777777777,66.66666666666666,300.5175511009531
0.2222222222222222,0.7777777777777777,0.8888888888888888,66.66666666666666,300.12030198385
0.2222222222222222,0.7777777777777777,1.0,66.66666666666666,300.01719354880316
0.2222222222222222,0.8888888888888888,0.0,66.66666666666666,300.00399654841164
0.2222222222222222,0.8888888888888888,0.1111111111111111,66.66666666666666,300.027963552375
0.2222222222222222,0.8888888888888888,0.2222222222222222,66.66666666666666,300.12030198385
0.2222222222222222,0.8888888888888888,0.3333333333333333,66.66666666666666,300.3182192302689
0.2222222222222222,0.8888888888888888,0.4444444444444444,66.66666666666666,300.5175511009531
0.2222222222222222,0.8888888888888888,0.5555555555555556,66.66666666666666,300.5175511009531
0.2222222222222222,0.8888888888888888,0.6666666666666666,66.66666666666666,300.3182192302689
0.2222222222222222,0.8888888888888888,0.7777777777777777,66.66666666666666,300.12030198385
0.2222222222222222,0.8888888888888888,0.8888888888888888,66.66666666666666,300.027963552375
0.2222222222222222,0.8888888888888888,1.0,66.66666666666666,300.00399654841164
0.2222222222222222,1.0,0.0,66.66666666666666,300.0005711863426
0.2222222222222222,1.0,0.1111111111111111,66.66666666666666,300.00399654841164
0.2222222222222222,1.0,0.2222222222222222,66.66666666666666,300.01719354880316
0.2222222222222222,1.0,0.3333333333333333,66.66666666666666,300.0454798640108
0.2222222222222222,1.0,0.4444444444444444,66.66666666666666,300.0739683571923
0.2222222222222222,1.0,0.5555555555555556,66.66666666666666,300.0739683571923
0.2222222222222222,1.0,0.6666666666666666,66.66666666666666,300.0454798640108
0.2222222222222222,1.0,0.7777777777777777,66.66666666666666,300.01719354880316
0.2222222222222222,1.0,0.8888888888888888,66.66666666666666,300.00399654841164
0.2222222222222222,1.0,1.0,66.66666666666666,300.0005711863426
0.3333333333333333,0.0,0.0,66.66666666666666,300.001510885128
0.3333333333333333,0.0,0.1111111111111111,66.66666666666666,300.0105715510133
0.3333333333333333,0.0,0.2222222222222222,66.66666666666666,300.0454798640108
0.3333333333333333,0.0,0.3333333333333333,66.66666666666666,300.12030198385
0.3333333333333333,0.0,0.4444444444444444,66.66666666666666,300.19565889885354
0.3333333333333333,0.0,0.5555555555555556,66.66666666666666,300.19565889885354
0.3333333333333333,0.0,0.6666666666666666,66.66666666666666,300.12030198385
0.3333333333333333,0.0,0.7777777777777777,66.66666666666666,300.0454798640108
0.3333333333333333,0.0,0.8888888888888888,66.66666666666666,300.0105715510133
0.3333333333333333,0.0,1.0,66.66666666666666,300.001510885128
0.3333333333333333,0.1111111111111111,0.0,66.66666666666666,300.0105715510133
0.3333333333333333,0.1111111111111111,0.1111111111111111,66.66666666666666,300.0739683571923
0.3333333333333333,0.1111111111111111,0.2222222222222222,66.66666666666666,300.3182192302689
0.3333333333333333,0.1111111111111111,0.3333333333333333,66.66666666666666,300.8417440450455
0.3333333333333333,0.1111111111111111,0.4444444444444444,66.66666666666666,301.3690107818624
0.3333333333333333,0.1111111111111111,0.5555555555555556,66.66666666666666,301.3690107818624
0.3333333333333333,0.1111111111111111,0.6666666666666666,66.66666666666666,300.8417440450455
0.3333333333333333,0.1111111111111111,0.7777777777777777,66.66666666666666,300.3182192302689
0.3333333333333333,0.1111111111111111,0.8888888888888888,66.66666666666666,300.0739683571923
0.3333333333333333,0.1111111111111111,1.0,66.66666666666666,300.0105715510133
0.3333333333333333,0.2222222222222222,0.0,66.66666666666666,300.0454798640108
0.3333333333333333,0.2222222222222222,0.1111111111111111,66.66666666666666,300.3182192302689
0.3333333333333333,0.2222222222222222,0.2222222222222222,66.66666666666666,301.3690107818624
0.3333333333333333,0.2222222222222222,0.3333333333333333,66.66666666666666,303.62126661001014
0.3333333333333333,0.2222222222222222,0.4444444444444444,66.66666666666666,305.8896205589838
0.3333333333333333,0.2222222222222222,0.5555555555555556,66.66666666666666,305.8896205589838
0.3333333333333333,0.2222222222222222,0.6666666666666666,66.66666666666666,303.62126661001014
0.3333333333333333,0.2222222222222222,0.7777777777777777,66.66666666666666,301.3690107818624
0.3333333333333333,0.2222222222222222,0.8888888888888888,66.66666666666666,300.3182192302689
0.3333333333333333,0.2222222222222222,1.0,66.66666666666666,300.0454798640108
0.3333333333333333,0.3333333333333333,0.0,66.66666666666666,300.12030198385
0.3333333333333333,0.3333333333333333,0.1111111111111111,66.66666666666666,300.8417440450455
0.3333333333333333,0.3333333333333333,0.2222222222222222,66.66666666666666,303.62126661001014
0.3333333333333333,0.3333333333333333,0.3333333333333333,66.66666666666666,309.5788667514617
0.3333333333333333,0.3333333333333333,0.4444444444444444,66.66666666666666,315.5790491634133
0.3333333333333333,0.3333333333333333,0.5555555555555556,66.66666666666666,315.5790491634133
0.3333333333333333,0.3333333333333333,0.6666666666666666,66.66666666666666,309.5788667514617
0.3333333333333333,0.3333333333333333,0.7777777777777777,66.66666666666666,303.62126661001014
0.3333333333333333,0.3333333333333333,0.8888888888888888,66.66666666666666,300.8417440450455
0.3333333333333333,0.3333333333333333,1.0,66.66666666666666,300.12030198385
0.3333333333333333,0.4444444444444444,0.0,66.66666666666666,300.19565889885354
0.3333333333333333,0.4444444444444444,0.1111111111111111,66.66666666666666,301.3690107818624
0.3333333333333333,0.4444444444444444,0.2222222222222222,66.66666666666666,305.8896205589838
0.3333333333333333,0.4444444444444444,0.3333333333333333,66.66666666666666,315.5790491634133
0.3333333333333333,0.4444444444444444,0.4444444444444444,66.66666666666666,325.33773348491496
0.3333333333333333,0.4444444444444444,0.5555555555555556,66.66666666666666,325.33773348491496
0.3333333333333333,0.4444444444444444,0.6666666666666666,66.66666666666666,315.57904916341334
0.3333333333333333,0.4444444444444444,0.7777777777777777,66.66666666666666,305.8896205589838
0.3333333333333333,0.4444444444444444,0.8888888888888888,66.66666666666666,301.3690107818624
0.3333333333333333,0.4444444444444444,1.0,66.66666666666666,300.19565889885354
0.3333333333333333,0.5555555555555556,0.0,66.66666666666666,300.19565889885354
0.3333333333333333,0.5555555555555556,0.1111111111111111,66.66666666666666,301.3690107818624
0.3333333333333333,0.5555555555555556,0.2222222222222222,66.66666666666666,305.8896205589838
0.3333333333333333,0.5555555555555556,0.3333333333333333,66.66666666666666,315.5790491634133
0.3333333333333333,0.5555555555555556,0.4444444444444444,66.66666666666666,325.33773348491496
0.3333333333333333,0.5555555555555556,0.5555555555555556,66.66666666666666,325.33773348491496
0.3333333333333333,0.5555555555555556,0.6666666666666666,66.66666666666666,315.57904916341334
0.3333333333333333,0.5555555555555556,0.7777777777777777,66.66666666666666,305.8896205589838
0.3333333333333333,0.5555555555555556,0.8888888888888888,66.66666666666666,301.3690107818624
0.3333333333333333,0.5555555555555556,1.0,66.66666666666666,300.19565889885354
0.3333333333333333,0.6666666666666666,0.0,66.66666666666666,300.12030198385
0.3333333333333333,0.6666666666666666,0.1111111111111111,66.66666666666666,300.8417440450455
0.3333333333333333,0.6666666666666666,0.2222222222222222,66.66666666666666,303.62126661001014
0.3333333333333333,0.6666666666666666,0.3333333333333333,66.66666666666666,309.5788667514617
0.3333333333333333,0.6666666666666666,0.4444444444444444,66.66666666666666,315.57904916341334
0.3333333333333333,0.6666666666666666,0.5555555555555556,66.66666666666666,315.57904916341334
0.3333333333333333,0.6666666666666666,0.6666666666666666,66.66666666666666,309.5788667514617
0.3333333333333333,0.6666666666666666,0.7777777777777777,66.66666666666666,303.62126661001014
0.3333333333333333,0.6666666666666666,0.8888888888888888,66.66666666666666,300.8417440450455
0.3333333333333333,0.6666666666666666,1.0,66.66666666666666,300.12030198385
0.3333333333333333,0.7777777777777777,0.0,66.66666666666666,300.0454798640108
0.3333333333333333,0.7777777777777777,0.1111111111111111,66.66666666666666,300.3182192302689
0.3333333333333333,0.7777777777777777,0.2222222222222222,66.66666666666666,301.3690107818624
0.3333333333333333,0.7777777777777777,0.3333333333333333,66.66666666666666,303.62126661001014
0.3333333333333333,0.7777777777777777,0.4444444444444444,66.66666666666666,305.8896205589838
0.3333333333333333,0.7777777777777777,0.5555555555555556,66.66666666666666,305.8896205589838
0.3333333333333333,0.7777777777777777,0.6666666666666666,66.66666666666666,303.62126661001014
0.3333333333333333,0.7777777777777777,0.7777777777777777,66.66666666666666,301.3690107818624
0.3333333333333333,0.7777777777777777,0.8888888888888888,66.66666666666666,300.3182192302689
0.3333333333333333,0.7777777777777777,1.0,66.66666666666666,300.0454798640108
0.3333333333333333,0.8888888888888888,0.0,66.66666666666666,300.0105715510133
0.3333333333333333,0.8888888888888888,0.1111111111111111,66.66666666666666,300.0739683571923
0.3333333333333333,0.8888888888888888,0.2222222222222222,66.66666666666666,300.3182192302689
0.3333333333333333,0.8888888888888888,0.3333333333333333,66.66666666666666,300.8417440450455
0.3333333333333333,0.8888888888888888,0.4444444444444444,66.66666666666666,301.3690107818624
0.3333333333333333,0.8888888888888888,0.5555555555555556,66.66666666666666,301.3690107818624
0.3333333333333333,0.8888888888888888,0.6666666666666666,66.66666666666666,300.8417440450455
0.3333333333333333,0.8888888888888888,0.7777777777777777,66.66666666666666,300.3182192302689
0.3333333333333333,0.8888888888888888,0.8888888888888888,66.66666666666666,300.0739683571923
0.3333333333333333,0.8888888888888888,1.0,66.66666666666666,300.0105715510133
0.3333333333333333,1.0,0.0,66.66666666666666,300.001510885128
0.3333333333333333,1.0,0.1111111111111111,66.66666666666666,300.0105715510133
0.3333333333333333,1.0,0.2222222222222222,66.66666666666666,300.0454798640108
0.3333333333333333,1.0,0.3333333333333333,66.66666666666666,300.12030198385
0.3333333333333333,1.0,0.4444444444444444,66.66666666666666,300.19565889885354
0.3333333333333333,1.0,0.5555555555555556,66.66666666666666,300.19565889885354
0.3333333333333333,1.0,0.6666666666666666,66.66666666666666,300.12030198385
0.3333333333333333,1.0,0.7777777777777777,66.66666666666666,300.0454798640108
0.3333333333333333,1.0,0.8888888888888888,66.66666666666666,300.0105715510133
0.3333333333333333,1.0,1.0,66.66666666666666,300.001510885128
0.4444444444444444,0.0,0.0,66.66666666666666,300.00245730046163
0.4444444444444444,0.0,0.1111111111111111,66.66666666666666,300.01719354880316
0.4444444444444444,0.0,0.2222222222222222,66.66666666666666,300.0739683571923
0.4444444444444444,0.0,0.3333333333333333,66.66666666666666,300.19565889885354
0.4444444444444444,0.0,0.4444444444444444,66.66666666666666,300.3182192302689
0.4444444444444444,0.0,0.5555555555555556,66.66666666666666,300.3182192302689
0.4444444444444444,0.0,0.6666666666666666,66.66666666666666,300.19565889885354
0.4444444444444444,0.0,0.7777777777777777,66.66666666666666,300.0739683571923
0.4444444444444444,0.0,0.8888888888888888,66.66666666666666,300.01719354880316
0.4444444444444444,0.0,1.0,66.66666666666666,300.00245730046163
0.4444444444444444,0.1111111111111111,0.0,66.66666666666666,300.01719354880316
0.4444444444444444,0.1111111111111111,0.1111111111111111,66.66666666666666,300.12030198385
0.4444444444444444,0.1111111111111111,0.2222222222222222,66.66666666666666,300.5175511009531
0.4444444444444444,0.1111111111111111,0.3333333333333333,66.66666666666666,301.3690107818624
0.4444444444444444,0.1111111111111111,0.4444444444444444,66.66666666666666,302.226556317074
0.4444444444444444,0.1111111111111111,0.5555555555555556,66.66666666666666,302.226556317074
0.4444444444444444,0.1111111111111111,0.6666666666666666,66.66666666666666,301.3690107818624
0.4444444444444444,0.1111111111111111,0.7777777777777777,66.66666666666666,300.5175511009531
0.4444444444444444,0.1111111111111111,0.8888888888888888,66.66666666666666,300.12030198385
0.4444444444444444,0.1111111111111111,1.0,66.66666666666666,300.01719354880316
0.4444444444444444,0.2222222222222222,0.0,66.66666666666666,300.0739683571923
0.4444444444444444,0.2222222222222222,0.1111111111111111,66.66666666666666,300.5175511009531
0.4444444444444444,0.2222222222222222,0.2222222222222222,66.66666666666666,302.226556317074
0.4444444444444444,0.2222222222222222,0.3333333333333333,66.66666666666666,305.8896205589838
0.4444444444444444,0.2222222222222222,0.4444444444444444,66.66666666666666,309.5788667514617
0.4444444444444444,0.2222222222222222,0.5555555555555556,66.66666666666666,309.5788667514617
0.4444444444444444,0.2222222222222222,0.6666666666666666,66.66666666666666,305.8896205589838
0.4444444444444444,0.2222222222222222,0.7777777777777777,66.66666666666666,302.226556317074
0.4444444444444444,0.2222222222222222,0.8888888888888888,66.66666666666666,300.5175511009531
0.4444444444444444,0.2222222222222222,1.0,66.66666666666666,300.0739683571923
0.4444444444444444,0.3333333333333333,0.0,66.66666666666666,300.19565889885354
0.4444444444444444,0.3333333333333333,0.1111111111111111,66.66666666666666,301.3690107818624
0.4444444444444444,0.3333333333333333,0.2222222222222222,66.66666666666666,305.8896205589838
0.4444444444444444,0.3333333333333333,0.3333333333333333,66.66666666666666,315.5790491634133
0.4444444444444444,0.3333333333333333,0.4444444444444444,66.66666666666666,325.33773348491496
0.4444444444444444,0.3333333333333333,0.5555555555555556,66.66666666666666,325.33773348491496
0.4444444444444444,0.3333333333333333,0.6666666666666666,66.66666666666666,315.57904916341334
0.4444444444444444,0.3333333333333333,0.7777777777777777,66.66666666666666,305.8896205589838
0.4444444444444444,0.3333333333333333,0.8888888888888888,66.66666666666666,301.3690107818624
0.4444444444444444,0.3333333333333333,1.0,66.66666666666666,300.19565889885354
0.4444444444444444,0.4444444444444444,0.0,66.66666666666666,300.3182192302689
0.4444444444444444,0.4444444444444444,0.1111111111111111,66.66666666666666,302.226556317074
0.4444444444444444,0.4444444444444444,0.2222222222222222,66.66666666666666,309.5788667514617
0.4444444444444444,0.4444444444444444,0.3333333333333333,66.66666666666666,325.33773348491496
0.4444444444444444,0.4444444444444444,0.4444444444444444,66.66666666666666,341.2092375740292
0.4444444444444444,0.4444444444444444,0.5555555555555556,66.66666666666666,341.2092375740292
0.4444444444444444,0.4444444444444444,0.6666666666666666,66.66666666666666,325.33773348491496
0.4444444444444444,0.4444444444444444,0.7777777777777777,66.66666666666666,309.5788667514617
0.4444444444444444,0.4444444444444444,0.8888888888888888,66.66666666666666,302.226556317074
0.4444444444444444,0.4444444444444444,1.0,66.66666666666666,300.3182192302689
0.4444444444444444,0.5555555555555556,0.0,66.66666666666666,300.3182192302689
0.4444444444444444,0.5555555555555556,0.1111111111111111,66.66666666666666,302.226556317074
0.4444444444444444,0.5555555555555556,0.2222222222222222,66.66666666666666,309.5788667514617
0.4444444444444444,0.5555555555555556,0.3333333333333333,66.66666666666666,325.33773348491496
0.4444444444444444,0.5555555555555556,0.4444444444444444,66.66666666666666,341.2092375740292
0.4444444444444444,0.5555555555555556,0.5555555555555556,66.66666666666666,341.2092375740292
0.4444444444444444,0.5555555555555556,0.6666666666666666,66.66666666666666,325.33773348491496
0.4444444444444444,0.5555555555555556,0.7777777777777777,66.66666666666666,309.5788667514617
0.4444444444444444,0.5555555555555556,0.8888888888888888,66.66666666666666,302.226556317074
0.4444444444444444,0.5555555555555556,1.0,66.66666666666666,300.3182192302689
0.4444444444444444,0.6666666666666666,0.0,66.66666666666666,300.19565889885354
0.4444444444444444,0.6666666666666666,0.1111111111111111,66.66666666666666,301.3690107818624
0.4444444444444444,0.6666666666666666,0.2222222222222222,66.66666666666666,305.8896205589838
0.4444444444444444,0.6666666666666666,0.3333333333333333,66.66666666666666,315.57904916341334
0.4444444444444444,0.6666666666666666,0.4444444444444444,66.66666666666666,325.33773348491496
0.4444444444444444,0.6666666666666666,0.5555555555555556,66.66666666666666,325.33773348491496
0.4444444444444444,0.6666666666666666,0.6666666666666666,66.66666666666666,315.57904916341334
0.4444444444444444,0.6666666666666666,0.7777777777777777,66.66666666666666,305.8896205589838
0.4444444444444444,0.6666666666666666,0.8888888888888888,66.66666666666666,301.3690107818624
0.4444444444444444,0.6666666666666666,1.0,66.66666666666666,300.19565889885354
0.4444444444444444,0.7777777777777777,0.0,66.66666666666666,300.0739683571923
0.4444444444444444,0.7777777777777777,0.1111111111111111,66.66666666666666,300.5175511009531
0.4444444444444444,0.7777777777777777,0.2222222222222222,66.66666666666666,302.226556317074
0.4444444444444444,0.7777777777777777,0.3333333333333333,66.66666666666666,305.8896205589838
0.4444444444444444,0.7777777777777777,0.4444444444444444,66.66666666666666,309.5788667514617
0.4444444444444444,0.7777777777777777,0.5555555555555556,66.66666666666666,309.5788667514617
0.4444444444444444,0.7777777777777777,0.6666666666666666,66.66666666666666,305.8896205589838
0.4444444444444444,0.7777777777777777,0.7777777777777777,66.66666666666666,302.226556317074
0.4444444444444444,0.7777777777777777,0.8888888888888888,66.66666666666666,300.5175511009531
0.4444444444444444,0.7777777777777777,1.0,66.66666666666666,300.0739683571923
0.4444444444444444,0.8888888888888888,0.0,66.66666666666666,300.01719354880316
0.4444444444444444,0.8888888888888888,0.1111111111111111,66.66666666666666,300.12030198385
0.4444444444444444,0.8888888888888888,0.2222222222222222,66.66666666666666,300.5175511009531
0.4444444444444444,0.8888888888888888,0.3333333333333333,66.66666666666666,301.3690107818624
0.4444444444444444,0.8888888888888888,0.4444444444444444,66.66666666666666,302.226556317074
0.4444444444444444,0.8888888888888888,0.5555555555555556,66.66666666666666,302.226556317074
0.4444444444444444,0.8888888888888888,0.6666666666666666,66.66666666666666,301.3690107818624
0.4444444444444444,0.8888888888888888,0.7777777777777777,66.66666666666666,300.5175511009531
0.4444444444444444,0.8888888888888888,0.8888888888888888,66.66666666666666,300.12030198385
0.4444444444444444,0.8888888888888888,1.0,66.66666666666666,300.01719354880316
0.4444444444444444,1.0,0.0,66.66666666666666,300.00245730046163
0.4444444444444444,1.0,0.1111111111111111,66.66666666666666,300.01719354880316
0.4444444444444444,1.0,0.2222222222222222,66.66666666666666,300.0739683571923
0.4444444444444444,1.0,0.3333333333333333,66.66666666666666,300.19565889885354
0.4444444444444444,1.0,0.4444444444444444,66.66666666666666,300.3182192302689
0.4444444444444444,1.0,0.5555555555555556,66.66666666666666,300.3182192302689
0.4444444444444444,1.0,0.6666666666666666,66.66666666666666,300.19565889885354
0.4444444444444444,1.0,0.7777777777777777,66.66666666666666,300.0739683571923
0.4444444444444444,1.0,0.8888888888888888,66.66666666666666,300.01719354880316
0.4444444444444444,1.0,1.0,66.66666666666666,300.00245730046163
0.5555555555555556,0.0,0.0,66.66666666666666,300.00245730046163
0.5555555555555556,0.0,0.1111111111111111,66.66666666666666,300.01719354880316
0.5555555555555556,0.0,0.2222222222222222,66.66666666666666,300.0739683571923
0.5555555555555556,0.0,0.3333333333333333,66.66666666666666,300.19565889885354
0.5555555555555556,0.0,0.4444444444444444,66.66666666666666,300.3182192302689
0.5555555555555556,0.0,0.5555555555555556,66.66666666666666,300.3182192302689
0.5555555555555556,0.0,0.6666666666666666,66.66666666666666,300.19565889885354
0.5555555555555556,0.0,0.7777777777777777,66.66666666666666,300.0739683571923
0.5555555555555556,0.0,0.8888888888888888,66.66666666666666,300.01719354880316
0.5555555555555556,0.0,1.0,66.66666666666666,300.00245730046163
0.5555555555555556,0.1111111111111111,0.0,66.66666666666666,300.01719354880316
0.5555555555555556,0.1111111111111111,0.1111111111111111,66.66666666666666,300.12030198385
0.5555555555555556,0.1111111111111111,0.2222222222222222,66.66666666666666,300.5175511009531
0.5555555555555556,0.1111111111111111,0.3333333333333333,66.66666666666666,301.3690107818624
0.5555555555555556,0.1111111111111111,0.4444444444444444,66.66666666666666,302.226556317074
0.5555555555555556,0.1111111111111111,0.5555555555555556,66.66666666666666,302.226556317074
0.5555555555555556,0.1111111111111111,0.6666666666666666,66.66666666666666,301.3690107818624
0.5555555555555556,0.1111111111111111,0.7777777777777777,66.66666666666666,300.5175511009531
0.5555555555555556,0.1111111111111111,0.8888888888888888,66.66666666666666,300.12030198385
0.5555555555555556,0.1111111111111111,1.0,66.66666666666666,300.01719354880316
0.5555555555555556,0.2222222222222222,0.0,66.66666666666666,300.0739683571923
0.5555555555555556,0.2222222222222222,0.1111111111111111,66.66666666666666,300.5175511009531
0.5555555555555556,0.2222222222222222,0.2222222222222222,66.66666666666666,302.226556317074
0.5555555555555556,0.2222222222222222,0.3333333333333333,66.66666666666666,305.8896205589838
0.5555555555555556,0.2222222222222222,0.4444444444444444,66.66666666666666,309.5788667514617
0.5555555555555556,0.2222222222222222,0.5555555555555556,66.66666666666666,309.5788667514617
0.5555555555555556,0.2222222222222222,0.6666666666666666,66.66666666666666,305.8896205589838
0.5555555555555556,0.2222222222222222,0.7777777777777777,66.66666666666666,302.226556317074
0.5555555555555556,0.2222222222222222,0.8888888888888888,66.66666666666666,300.5175511009531
0.5555555555555556,0.2222222222222222,1.0,66.66666666666666,300.0739683571923
0.5555555555555556,0.3333333333333333,0.0,66.66666666666666,300.19565889885354
0.5555555555555556,0.3333333333333333,0.1111111111111111,66.66666666666666,301.3690107818624
0.5555555555555556,0.3333333333333333,0.2222222222222222,66.66666666666666,305.8896205589838
0.5555555555555556,0.3333333333333333,0.3333333333333333,66.66666666666666,315.5790491634133
0.5555555555555556,0.3333333333333333,0.4444444444444444,66.66666666666666,325.33773348491496
0.5555555555555556,0.3333333333333333,0.5555555555555556,66.66666666666666,325.33773348491496
0.5555555555555556,0.3333333333333333,0.6666666666666666,66.66666666666666,315.57904916341334
0.5555555555555556,0.3333333333333333,0.7777777777777777,66.66666666666666,305.8896205589838
0.5555555555555556,0.3333333333333333,0.8888888888888888,66.66666666666666,301.3690107818624
0.5555555555555556,0.3333333333333333,1.0,66.66666666666666,300.19565889885354
0.5555555555555556,0.4444444444444444,0.0,66.66666666666666,300.3182192302689
0.5555555555555556,0.4444444444444444,0.1111111111111111,66.66666666666666,302.226556317074
0.5555555555555556,0.4444444444444444,0.2222222222222222,66.66666666666666,309.5788667514617
0.5555555555555556,0.4444444444444444,0.3333333333333333,66.66666666666666,325.33773348491496
0.5555555555555556,0.4444444444444444,0.4444444444444444,66.66666666666666,341.2092375740292
0.5555555555555556,0.4444444444444444,0.5555555555555556,66.66666666666666,341.2092375740292
0.5555555555555556,0.4444444444444444,0.6666666666666666,66.66666666666666,325.33773348491496
0.5555555555555556,0.4444444444444444,0.7777777777777777,66.66666666666666,309.5788667514617
0.5555555555555556,0.4444444444444444,0.8888888888888888,66.66666666666666,302.226556317074
0.5555555555555556,0.4444444444444444,1.0,66.66666666666666,300.3182192302689
0.5555555555555556,0.5555555555555556,0.0,66.66666666666666,300.3182192302689
0.5555555555555556,0.5555555555555556,0.1111111111111111,66.66666666666666,302.226556317074
0.5555555555555556,0.5555555555555556,0.2222222222222222,66.66666666666666,309.5788667514617
0.5555555555555556,0.5555555555555556,0.3333333333333333,66.66666666666666,325.33773348491496
0.5555555555555556,0.5555555555555556,0.4444444444444444,66.66666666666666,341.2092375740292
0.5555555555555556,0.5555555555555556,0.5555555555555556,66.66666666666666,341.2092375740292
0.5555555555555556,0.5555555555555556,0.6666666666666666,66.66666666666666,325.33773348491496
0.5555555555555556,0.5555555555555556,0.7777777777777777,66.66666666666666,309.5788667514617
0.5555555555555556,0.5555555555555556,0.8888888888888888,66.66666666666666,302.226556317074
0.5555555555555556,0.5555555555555556,1.0,66.66666666666666,300.3182192302689
0.5555555555555556,0.6666666666666666,0.0,66.66666666666666,300.19565889885354
0.5555555555555556,0.6666666666666666,0.1111111111111111,66.66666666666666,301.3690107818624
0.5555555555555556,0.6666666666666666,0.2222222222222222,66.66666666666666,305.8896205589838
0.5555555555555556,0.6666666666666666,0.3333333333333333,66.66666666666666,315.57904916341334
0.5555555555555556,0.6666666666666666,0.4444444444444444,66.66666666666666,325.33773348491496
0.5555555555555556,0.6666666666666666,0.5555555555555556,66.66666666666666,325.33773348491496
0.5555555555555556,0.6666666666666666,0.6666666666666666,66.66666666666666,315.57904916341334
0.5555555555555556,0.6666666666666666,0.7777777777777777,66.66666666666666,305.8896205589838
0.5555555555555556,0.6666666666666666,0.8888888888888888,66.66666666666666,301.3690107818624
0.5555555555555556,0.6666666666666666,1.0,66.66666666666666,300.19565889885354
0.5555555555555556,0.7777777777777777,0.0,66.66666666666666,300.0739683571923
0.5555555555555556,0.7777777777777777,0.1111111111111111,66.66666666666666,300.5175511009531
0.5555555555555556,0.7777777777777777,0.2222222222222222,66.66666666666666,302.226556317074
0.5555555555555556,0.7777777777777777,0.3333333333333333,66.66666666666666,305.8896205589838
0.5555555555555556,0.7777777777777777,0.4444444444444444,66.66666666666666,309.5788667514617
0.5555555555555556,0.7777777777777777,0.5555555555555556,66.66666666666666,309.5788667514617
0.5555555555555556,0.7777777777777777,0.6666666666666666,66.66666666666666,305.8896205589838
0.5555555555555556,0.7777777777777777,0.7777777777777777,66.66666666666666,302.226556317074
0.5555555555555556,0.7777777777777777,0.8888888888888888,66.66666666666666,300.5175511009531
0.5555555555555556,0.7777777777777777,1.0,66.66666666666666,300.0739683571923
0.5555555555555556,0.8888888888888888,0.0,66.66666666666666,300.01719354880316
0.5555555555555556,0.8888888888888888,0.1111111111111111,66.66666666666666,300.12030198385
0.5555555555555556,0.8888888888888888,0.2222222222222222,66.66666666666666,300.5175511009531
0.5555555555555556,0.8888888888888888,0.3333333333333333,66.66666666666666,301.3690107818624
0.5555555555555556,0.8888888888888888,0.4444444444444444,66.66666666666666,302.226556317074
0.5555555555555556,0.8888888888888888,0.5555555555555556,66.66666666666666,302.226556317074
0.5555555555555556,0.8888888888888888,0.6666666666666666,66.66666666666666,301.3690107818624
0.5555555555555556,0.8888888888888888,0.7777777777777777,66.66666666666666,300.5175511009531
0.5555555555555556,0.8888888888888888,0.8888888888888888,66.66666666666666,300.12030198385
0.5555555555555556,0.8888888888888888,1.0,66.66666666666666,300.01719354880316
0.5555555555555556,1.0,0.0,66.66666666666666,300.00245730046163
0.5555555555555556,1.0,0.1111111111111111,66.66666666666666,300.01719354880316
0.5555555555555556,1.0,0.2222222222222222,66.66666666666666,300.0739683571923
0.5555555555555556,1.0,0.3333333333333333,66.66666666666666,300.19565889885354
0.5555555555555556,1.0,0.4444444444444444,66.66666666666666,300.3182192302689
0.5555555555555556,1.0,0.5555555555555556,66.66666666666666,300.3182192302689
0.5555555555555556,1.0,0.6666666666666666,66.66666666666666,300.19565889885354
0.5555555555555556,1.0,0.7777777777777777,66.66666666666666,300.0739683571923
0.5555555555555556,1.0,0.8888888888888888,66.66666666666666,300.01719354880316
0.5555555555555556,1.0,1.0,66.66666666666666,300.00245730046163
0.6666666666666666,0.0,0.0,66.66666666666666,300.001510885128
0.6666666666666666,0.0,0.1111111111111111,66.66666666666666,300.0105715510133
0.6666666666666666,0.0,0.2222222222222222,66.66666666666666,300.0454798640108
0.6666666666666666,0.0,0.3333333333333333,66.66666666666666,300.12030198385
0.6666666666666666,0.0,0.4444444444444444,66.66666666666666,300.19565889885354
0.6666666666666666,0.0,0.5555555555555556,66.66666666666666,300.19565889885354
0.6666666666666666,0.0,0.6666666666666666,66.66666666666666,300.12030198385
0.6666666666666666,0.0,0.7777777777777777,66.66666666666666,300.0454798640108
0.6666666666666666,0.0,0.8888888888888888,66.66666666666666,300.0105715510133
0.6666666666666666,0.0,1.0,66.66666666666666,300.001510885128
0.6666666666666666,0.1111111111111111,0.0,66.66666666666666,300.0105715510133
0.6666666666666666,0.1111111111111111,0.1111111111111111,66.66666666666666,300.0739683571923
0.6666666666666666,0.1111111111111111,0.2222222222222222,66.66666666666666,300.3182192302689
0.6666666666666666,0.1111111111111111,0.3333333333333333,66.66666666666666,300.8417440450455
0.6666666666666666,0.1111111111111111,0.4444444444444444,66.66666666666666,301.3690107818624
0.6666666666666666,0.1111111111111111,0.5555555555555556,66.66666666666666,301.3690107818624
0.6666666666666666,0.1111111111111111,0.6666666666666666,66.66666666666666,300.8417440450455
0.6666666666666666,0.1111111111111111,0.7777777777777777,66.66666666666666,300.3182192302689
0.6666666666666666,0.1111111111111111,0.8888888888888888,66.66666666666666,300.0739683571923
0.6666666666666666,0.1111111111111111,1.0,66.66666666666666,300.0105715510133
0.6666666666666666,0.2222222222222222,0.0,66.66666666666666,300.0454798640108
0.6666666666666666,0.2222222222222222,0.1111111111111111,66.66666666666666,300.3182192302689
0.6666666666666666,0.2222222222222222,0.2222222222222222,66.66666666666666,301.3690107818624
0.6666666666666666,0.2222222222222222,0.3333333333333333,66.66666666666666,303.62126661001014
0.6666666666666666,0.2222222222222222,0.4444444444444444,66.66666666666666,305.8896205589838
0.6666666666666666,0.2222222222222222,0.5555555555555556,66.66666666666666,305.8896205589838
0.6666666666666666,0.2222222222222222,0.6666666666666666,66.66666666666666,303.62126661001014
0.6666666666666666,0.2222222222222222,0.7777777777777777,66.66666666666666,301.3690107818624
0.6666666666666666,0.2222222222222222,0.8888888888888888,66.66666666666666,300.3182192302689
0.6666666666666666,0.2222222222222222,1.0,66.66666666666666,300.0454798640108
0.6666666666666666,0.3333333333333333,0.0,66.66666666666666,300.12030198385
0.6666666666666666,0.3333333333333333,0.1111111111111111,66.66666666666666,300.8417440450455
0.6666666666666666,0.3333333333333333,0.2222222222222222,66.66666666666666,303.62126661001014
0.6666666666666666,0.3333333333333333,0.3333333333333333,66.66666666666666,309.5788667514617
0.6666666666666666,0.3333333333333333,0.4444444444444444,66.66666666666666,315.57904916341334
0.6666666666666666,0.3333333333333333,0.5555555555555556,66.66666666666666,315.57904916341334
0.6666666666666666,0.3333333333333333,0.6666666666666666,66.66666666666666,309.5788667514617
0.6666666666666666,0.3333333333333333,0.7777777777777777,66.66666666666666,303.62126661001014
0.6666666666666666,0.3333333333333333,0.8888888888888888,66.66666666666666,300.8417440450455
0.6666666666666666,0.3333333333333333,1.0,66.66666666666666,300.12030198385
0.6666666666666666,0.4444444444444444,0.0,66.66666666666666,300.19565889885354
0.6666666666666666,0.4444444444444444,0.1111111111111111,66.66666666666666,301.3690107818624
0.6666666666666666,0.4444444444444444,0.2222222222222222,66.66666666666666,305.8896205589838
0.6666666666666666,0.4444444444444444,0.3333333333333333,66.66666666666666,315.57904916341334
0.6666666666666666,0.4444444444444444,0.4444444444444444,66.66666666666666,325.33773348491496
0.6666666666666666,0.4444444444444444,0.5555555555555556,66.66666666666666,325.33773348491496
0.6666666666666666,0.4444444444444444,0.6666666666666666,66.66666666666666,315.57904916341334
0.6666666666666666,0.4444444444444444,0.7777777777777777,66.66666666666666,305.8896205589838
0.6666666666666666,0.4444444444444444,0.8888888888888888,66.66666666666666,301.3690107818624
0.6666666666666666,0.4444444444444444,1.0,66.66666666666666,300.19565889885354
0.6666666666666666,0.5555555555555556,0.0,66.66666666666666,300.19565889885354
0.6666666666666666,0.5555555555555556,0.1111111111111111,66.66666666666666,301.3690107818624
0.6666666666666666,0.5555555555555556,0.2222222222222222,66.66666666666666,305.8896205589838
0.6666666666666666,0.5555555555555556,0.3333333333333333,66.66666666666666,315.57904916341334
0.6666666666666666,0.5555555555555556,0.4444444444444444,66.66666666666666,325.33773348491496
0.6666666666666666,0.5555555555555556,0.5555555555555556,66.66666666666666,325.33773348491496
0.6666666666666666,0.5555555555555556,0.6666666666666666,66.66666666666666,315.57904916341334
0.6666666666666666,0.5555555555555556,0.7777777777777777,66.66666666666666,305.8896205589838
0.6666666666666666,0.5555555555555556,0.8888888888888888,66.66666666666666,301.3690107818624
0.6666666666666666,0.5555555555555556,1.0,66.66666666666666,300.19565889885354
0.6666666666666666,0.6666666666666666,0.0,66.66666666666666,300.12030198385
0.6666666666666666,0.6666666666666666,0.1111111111111111,66.66666666666666,300.8417440450455
0.6666666666666666,0.6666666666666666,0.2222222222222222,66.66666666666666,303.62126661001014
0.6666666666666666,0.6666666666666666,0.3333333333333333,66.66666666666666,309.5788667514617
0.6666666666666666,0.6666666666666666,0.4444444444444444,66.66666666666666,315.57904916341334
0.6666666666666666,0.6666666666666666,0.5555555555555556,66.66666666666666,315.57904916341334
0.6666666666666666,0.6666666666666666,0.6666666666666666,66.66666666666666,309.5788667514617
0.6666666666666666,0.6666666666666666,0.7777777777777777,66.66666666666666,303.62126661001014
0.6666666666666666,0.6666666666666666,0.8888888888888888,66.66666666666666,300.8417440450455
0.6666666666666666,0.6666666666666666,1.0,66.66666666666666,300.12030198385
0.6666666666666666,0.7777777777777777,0.0,66.66666666666666,300.0454798640108
0.6666666666666666,0.7777777777777777,0.1111111111111111,66.66666666666666,300.3182192302689
0.6666666666666666,0.7777777777777777,0.2222222222222222,66.66666666666666,301.3690107818624
0.6666666666666666,0.7777777777777777,0.3333333333333333,66.66666666666666,303.62126661001014
0.6666666666666666,0.7777777777777777,0.4444444444444444,66.66666666666666,305.8896205589838
0.6666666666666666,0.7777777777777777,0.5555555555555556,66.66666666666666,305.8896205589838
0.6666666666666666,0.7777777777777777,0.6666666666666666,66.66666666666666,303.62126661001014
0.6666666666666666,0.7777777777777777,0.7777777777777777,66.66666666666666,301.3690107818624
0.6666666666666666,0.7777777777777777,0.8888888888888888,66.66666666666666,300.3182192302689
0.6666666666666666,0.7777777777777777,1.0,66.66666666666666,300.0454798640108
0.6666666666666666,0.8888888888888888,0.0,66.66666666666666,300.0105715510133
0.6666666666666666,0.8888888888888888,0.1111111111111111,66.66666666666666,300.0739683571923
0.6666666666666666,0.8888888888888888,0.2222222222222222,66.66666666666666,300.3182192302689
0.6666666666666666,0.8888888888888888,0.3333333333333333,66.66666666666666,300.8417440450455
0.6666666666666666,0.8888888888888888,0.4444444444444444,66.66666666666666,301.3690107818624
0.6666666666666666,0.8888888888888888,0.5555555555555556,66.66666666666666,301.3690107818624
0.6666666666666666,0.8888888888888888,0.6666666666666666,66.66666666666666,300.8417440450455
0.6666666666666666,0.8888888888888888,0.7777777777777777,66.66666666666666,300.3182192302689
0.6666666666666666,0.8888888888888888,0.8888888888888888,66.66666666666666,300.0739683571923
0.6666666666666666,0.8888888888888888,1.0,66.66666666666666,300.0105715510133
0.6666666666666666,1.0,0.0,66.66666666666666,300.001510885128
0.6666666666666666,1.0,0.1111111111111111,66.66666666666666,300.0105715510133
0.6666666666666666,1.0,0.2222222222222222,66.66666666666666,300.0454798640108
0.6666666666666666,1.0,0.3333333333333333,66.66666666666666,300.12030198385
0.6666666666666666,1.0,0.4444444444444444,66.66666666666666,300.19565889885354
0.6666666666666666,1.0,0.5555555555555556,66.66666666666666,300.19565889885354
0.6666666666666666,1.0,0.6666666666666666,66.66666666666666,300.12030198385
0.6666666666666666,1.0,0.7777777777777777,66.66666666666666,300.0454798640108
0.6666666666666666,1.0,0.8888888888888888,66.66666666666666,300.0105715510133
0.6666666666666666,1.0,1.0,66.66666666666666,300.001510885128
0.7777777777777777,0.0,0.0,66.66666666666666,300.0005711863426
0.7777777777777777,0.0,0.1111111111111111,66.66666666666666,300.00399654841164
0.7777777777777777,0.0,0.2222222222222222,66.66666666666666,300.01719354880316
0.7777777777777777,0.0,0.3333333333333333,66.66666666666666,300.0454798640108
0.7777777777777777,0.0,0.4444444444444444,66.66666666666666,300.0739683571923
0.7777777777777777,0.0,0.5555555555555556,66.66666666666666,300.0739683571923
0.7777777777777777,0.0,0.6666666666666666,66.66666666666666,300.0454798640108
0.7777777777777777,0.0,0.7777777777777777,66.66666666666666,300.01719354880316
0.7777777777777777,0.0,0.8888888888888888,66.66666666666666,300.00399654841164
0.7777777777777777,0.0,1.0,66.66666666666666,300.0005711863426
0.7777777777777777,0.1111111111111111,0.0,66.66666666666666,300.00399654841164
0.7777777777777777,0.1111111111111111,0.1111111111111111,66.66666666666666,300.027963552375
0.7777777777777777,0.1111111111111111,0.2222222222222222,66.66666666666666,300.12030198385
0.7777777777777777,0.1111111111111111,0.3333333333333333,66.66666666666666,300.3182192302689
0.7777777777777777,0.1111111111111111,0.4444444444444444,66.66666666666666,300.5175511009531
0.7777777777777777,0.1111111111111111,0.5555555555555556,66.66666666666666,300.5175511009531
0.7777777777777777,0.1111111111111111,0.6666666666666666,66.66666666666666,300.3182192302689
0.7777777777777777,0.1111111111111111,0.7777777777777777,66.66666666666666,300.12030198385
0.7777777777777777,0.1111111111111111,0.8888888888888888,66.66666666666666,300.027963552375
0.7777777777777777,0.1111111111111111,1.0,66.66666666666666,300.00399654841164
0.7777777777777777,0.2222222222222222,0.0,66.66666666666666,300.01719354880316
0.7777777777777777,0.2222222222222222,0.1111111111111111,66.66666666666666,300.12030198385
0.7777777777777777,0.2222222222222222,0.2222222222222222,66.66666666666666,300.5175511009531
0.7777777777777777,0.2222222222222222,0.3333333333333333,66.66666666666666,301.3690107818624
0.7777777777777777,0.2222222222222222,0.4444444444444444,66.66666666666666,302.226556317074
0.7777777777777777,0.2222222222222222,0.5555555555555556,66.66666666666666,302.226556317074
0.7777777777777777,0.2222222222222222,0.6666666666666666,66.66666666666666,301.3690107818624
0.7777777777777777,0.2222222222222222,0.7777777777777777,66.66666666666666,300.5175511009531
0.7777777777777777,0.2222222222222222,0.8888888888888888,66.66666666666666,300.12030198385
0.7777777777777777,0.2222222222222222,1.0,66.66666666666666,300.01719354880316
0.7777777777777777,0.3333333333333333,0.0,66.66666666666666,300.0454798640108
0.7777777777777777,0.3333333333333333,0.1111111111111111,66.66666666666666,300.3182192302689
0.7777777777777777,0.3333333333333333,0.2222222222222222,66.66666666666666,301.3690107818624
0.7777777777777777,0.3333333333333333,0.3333333333333333,66.66666666666666,303.62126661001014
0.7777777777777777,0.3333333333333333,0.4444444444444444,66.66666666666666,305.8896205589838
0.7777777777777777,0.3333333333333333,0.5555555555555556,66.66666666666666,305.8896205589838
0.7777777777777777,0.3333333333333333,0.6666666666666666,66.66666666666666,303.62126661001014
0.7777777777777777,0.3333333333333333,0.7777777777777777,66.66666666666666,301.3690107818624
0.7777777777777777,0.3333333333333333,0.8888888888888888,66.66666666666666,300.3182192302689
0.7777777777777777,0.3333333333333333,1.0,66.66666666666666,300.0454798640108
0.7777777777777777,0.4444444444444444,0.0,66.66666666666666,300.0739683571923
0.7777777777777777,0.4444444444444444,0.1111111111111111,66.66666666666666,300.5175511009531
0.7777777777777777,0.4444444444444444,0.2222222222222222,66.66666666666666,302.226556317074
0.7777777777777777,0.4444444444444444,0.3333333333333333,66.66666666666666,305.8896205589838
0.7777777777777777,0.4444444444444444,0.4444444444444444,66.66666666666666,309.5788667514617
0.7777777777777777,0.4444444444444444,0.5555555555555556,66.66666666666666,309.5788667514617
0.7777777777777777,0.4444444444444444,0.6666666666666666,66.66666666666666,305.8896205589838
0.7777777777777777,0.4444444444444444,0.7777777777777777,66.66666666666666,302.226556317074
0.7777777777777777,0.4444444444444444,0.8888888888888888,66.66666666666666,300.5175511009531
0.7777777777777777,0.4444444444444444,1.0,66.66666666666666,300.0739683571923
0.7777777777777777,0.5555555555555556,0.0,66.66666666666666,300.0739683571923
0.7777777777777777,0.5555555555555556,0.1111111111111111,66.66666666666666,300.5175511009531
0.7777777777777777,0.5555555555555556,0.2222222222222222,66.66666666666666,302.226556317074
0.7777777777777777,0.5555555555555556,0.3333333333333333,66.66666666666666,305.8896205589838
0.7777777777777777,0.5555555555555556,0.4444444444444444,66.66666666666666,309.5788667514617
0.7777777777777777,0.5555555555555556,0.5555555555555556,66.66666666666666,309.5788667514617
0.7777777777777777,0.5555555555555556,0.6666666666666666,66.66666666666666,305.8896205589838
0.7777777777777777,0.5555555555555556,0.7777777777777777,66.66666666666666,302.226556317074
0.7777777777777777,0.5555555555555556,0.8888888888888888,66.66666666666666,300.5175511009531
0.7777777777777777,0.5555555555555556,1.0,66.66666666666666,300.0739683571923
0.7777777777777777,0.6666666666666666,0.0,66.66666666666666,300.0454798640108
0.7777777777777777,0.6666666666666666,0.1111111111111111,66.66666666666666,300.3182192302689
0.7777777777777777,0.6666666666666666,0.2222222222222222,66.66666666666666,301.3690107818624
0.7777777777777777,0.6666666666666666,0.3333333333333333,66.66666666666666,303.62126661001014
0.7777777777777777,0.6666666666666666,0.4444444444444444,66.66666666666666,305.8896205589838
0.7777777777777777,0.6666666666666666,0.5555555555555556,66.66666666666666,305.8896205589838
0.7777777777777777,0.6666666666666666,0.6666666666666666,66.66666666666666,303.62126661001014
0.7777777777777777,0.6666666666666666,0.7777777777777777,66.66666666666666,301.3690107818624
0.7777777777777777,0.6666666666666666,0.8888888888888888,66.66666666666666,300.3182192302689
0.7777777777777777,0.6666666666666666,1.0,66.66666666666666,300.0454798640108
0.7777777777777777,0.7777777777777777,0.0,66.66666666666666,300.01719354880316
0.7777777777777777,0.7777777777777777,0.1111111111111111,66.66666666666666,300.12030198385
0.7777777777777777,0.7777777777777777,0.2222222222222222,66.66666666666666,300.5175511009531
0.7777777777777777,0.7777777777777777,0.3333333333333333,66.66666666666666,301.3690107818624
0.7777777777777777,0.7777777777777777,0.4444444444444444,66.66666666666666,302.226556317074
0.7777777777777777,0.7777777777777777,0.5555555555555556,66.66666666666666,302.226556317074
0.7777777777777777,0.7777777777777777,0.6666666666666666,66.66666666666666,301.3690107818624
0.7777777777777777,0.7777777777777777,0.7777777777777777,66.66666666666666,300.5175511009531
0.7777777777777777,0.7777777777777777,0.8888888888888888,66.66666666666666,300.12030198385
0.7777777777777777,0.7777777777777777,1.0,66.66666666666666,300.01719354880316
0.7777777777777777,0.8888888888888888,0.0,66.66666666666666,300.00399654841164
0.7777777777777777,0.8888888888888888,0.1111111111111111,66.66666666666666,300.027963552375
0.7777777777777777,0.8888888888888888,0.2222222222222222,66.66666666666666,300.12030198385
0.7777777777777777,0.8888888888888888,0.3333333333333333,66.66666666666666,300.3182192302689
0.7777777777777777,0.8888888888888888,0.4444444444444444,66.66666666666666,300.5175511009531
0.7777777777777777,0.8888888888888888,0.5555555555555556,66.66666666666666,300.5175511009531
0.7777777777777777,0.8888888888888888,0.6666666666666666,66.66666666666666,300.3182192302689
0.7777777777777777,0.8888888888888888,0.7777777777777777,66.66666666666666,300.12030198385
0.7777777777777777,0.8888888888888888,0.8888888888888888,66.66666666666666,300.027963552375
0.7777777777777777,0.8888888888888888,1.0,66.66666666666666,300.00399654841164
0.7777777777777777,1.0,0.0,66.66666666666666,300.0005711863426
0.7777777777777777,1.0,0.1111111111111111,66.66666666666666,300.00399654841164
0.7777777777777777,1.0,0.2222222222222222,66.66666666666666,300.01719354880316
0.7777777777777777,1.0,0.3333333333333333,66.66666666666666,300.0454798640108
0.7777777777777777,1.0,0.4444444444444444,66.66666666666666,300.0739683571923
0.7777777777777777,1.0,0.5555555555555556,66.66666666666666,300.0739683571923
0.7777777777777777,1.0,0.6666666666666666,66.66666666666666,300.0454798640108
0.7777777777777777,1.0,0.7777777777777777,66.66666666666666,300.01719354880316
0.7777777777777777,1.0,0.8888888888888888,66.66666666666666,300.00399654841164
0.7777777777777777,1.0,1.0,66.66666666666666,300.0005711863426
0.8888888888888888,0.0,0.0,66.66666666666666,300.00013276920873
0.8888888888888888,0.0,0.1111111111111111,66.66666666666666,300.00092897629156
0.8888888888888888,0.0,0.2222222222222222,66.66666666666666,300.00399654841164
0.8888888888888888,0.0,0.3333333333333333,66.66666666666666,300.0105715510133
0.8888888888888888,0.0,0.4444444444444444,66.66666666666666,300.01719354880316
0.8888888888888888,0.0,0.5555555555555556,66.66666666666666,300.01719354880316
0.8888888888888888,0.0,0.6666666666666666,66.66666666666666,300.0105715510133
0.8888888888888888,0.0,0.7777777777777777,66.66666666666666,300.00399654841164
0.8888888888888888,0.0,0.8888888888888888,66.66666666666666,300.00092897629156
0.8888888888888888,0.0,1.0,66.66666666666666,300.00013276920873
0.8888888888888888,0.1111111111111111,0.0,66.66666666666666,300.00092897629156
0.8888888888888888,0.1111111111111111,0.1111111111111111,66.66666666666666,300.0064999781085
0.8888888888888888,0.1111111111111111,0.2222222222222222,66.66666666666666,300.027963552375
0.8888888888888888,0.1111111111111111,0.3333333333333333,66.66666666666666,300.0739683571923
0.8888888888888888,0.1111111111111111,0.4444444444444444,66.66666666666666,300.12030198385
0.8888888888888888,0.1111111111111111,0.5555555555555556,66.66666666666666,300.12030198385
0.8888888888888888,0.1111111111111111,0.6666666666666666,66.66666666666666,300.0739683571923
0.8888888888888888,0.1111111111111111,0.7777777777777777,66.66666666666666,300.027963552375
0.8888888888888888,0.1111111111111111,0.8888888888888888,66.66666666666666,300.0064999781085
0.8888888888888888,0.1111111111111111,1.0,66.66666666666666,300.00092897629156
0.8888888888888888,0.2222222222222222,0.0,66.66666666666666,300.00399654841164
0.8888888888888888,0.2222222222222222,0.1111111111111111,66.66666666666666,300.027963552375
0.8888888888888888,0.2222222222222222,0.2222222222222222,66.66666666666666,300.12030198385
0.8888888888888888,0.2222222222222222,0.3333333333333333,66.66666666666666,300.3182192302689
0.8888888888888888,0.2222222222222222,0.4444444444444444,66.66666666666666,300.5175511009531
0.8888888888888888,0.2222222222222222,0.5555555555555556,66.66666666666666,300.5175511009531
0.8888888888888888,0.2222222222222222,0.6666666666666666,66.66666666666666,300.3182192302689
0.8888888888888888,0.2222222222222222,0.7777777777777777,66.66666666666666,300.12030198385
0.8888888888888888,0.2222222222222222,0.8888888888888888,66.66666666666666,300.027963552375
0.8888888888888888,0.2222222222222222,1.0,66.66666666666666,300.00399654841164
0.8888888888888888,0.3333333333333333,0.0,66.66666666666666,300.0105715510133
0.8888888888888888,0.3333333333333333,0.1111111111111111,66.66666666666666,300.0739683571923
0.8888888888888888,0.3333333333333333,0.2222222222222222,66.66666666666666,300.3182192302689
0.8888888888888888,0.3333333333333333,0.3333333333333333,66.66666666666666,300.8417440450455
0.8888888888888888,0.3333333333333333,0.4444444444444444,66.66666666666666,301.3690107818624
0.8888888888888888,0.3333333333333333,0.5555555555555556,66.66666666666666,301.3690107818624
0.8888888888888888,0.3333333333333333,0.6666666666666666,66.66666666666666,300.8417440450455
0.8888888888888888,0.3333333333333333,0.7777777777777777,66.66666666666666,300.3182192302689
0.8888888888888888,0.3333333333333333,0.8888888888888888,66.66666666666666,300.0739683571923
0.8888888888888888,0.3333333333333333,1.0,66.66666666666666,300.0105715510133
0.8888888888888888,0.4444444444444444,0.0,66.66666666666666,300.01719354880316
0.8888888888888888,0.4444444444444444,0.1111111111111111,66.66666666666666,300.12030198385
0.8888888888888888,0.4444444444444444,0.2222222222222222,66.66666666666666,300.5175511009531
0.8888888888888888,0.4444444444444444,0.3333333333333333,66.66666666666666,301.3690107818624
0.8888888888888888,0.4444444444444444,0.4444444444444444,66.66666666666666,302.226556317074
0.8888888888888888,0.4444444444444444,0.5555555555555556,66.66666666666666,302.226556317074
0.8888888888888888,0.4444444444444444,0.6666666666666666,66.66666666666666,301.3690107818624
0.8888888888888888,0.4444444444444444,0.7777777777777777,66.66666666666666,300.5175511009531
0.8888888888888888,0.4444444444444444,0.8888888888888888,66.66666666666666,300.12030198385
0.8888888888888888,0.4444444444444444,1.0,66.66666666666666,300.01719354880316
0.8888888888888888,0.5555555555555556,0.0,66.66666666666666,300.01719354880316
0.8888888888888888,0.5555555555555556,0.1111111111111111,66.66666666666666,300.12030198385
0.8888888888888888,0.5555555555555556,0.2222222222222222,66.66666666666666,300.5175511009531
0.8888888888888888,0.5555555555555556,0.3333333333333333,66.66666666666666,301.3690107818624
0.8888888888888888,0.5555555555555556,0.4444444444444444,66.66666666666666,302.226556317074
0.8888888888888888,0.5555555555555556,0.5555555555555556,66.66666666666666,302.226556317074
0.8888888888888888,0.5555555555555556,0.6666666666666666,66.66666666666666,301.3690107818624
0.8888888888888888,0.5555555555555556,0.7777777777777777,66.66666666666666,300.5175511009531
0.8888888888888888,0.5555555555555556,0.8888888888888888,66.66666666666666,300.12030198385
0.8888888888888888,0.5555555555555556,1.0,66.66666666666666,300.01719354880316
0.8888888888888888,0.6666666666666666,0.0,66.66666666666666,300.0105715510133
0.8888888888888888,0.6666666666666666,0.1111111111111111,66.66666666666666,300.0739683571923
0.8888888888888888,0.6666666666666666,0.2222222222222222,66.66666666666666,300.3182192302689
0.8888888888888888,0.6666666666666666,0.3333333333333333,66.66666666666666,300.8417440450455
0.8888888888888888,0.6666666666666666,0.4444444444444444,66.66666666666666,301.3690107818624
0.8888888888888888,0.6666666666666666,0.5555555555555556,66.66666666666666,301.3690107818624
0.8888888888888888,0.6666666666666666,0.6666666666666666,66.66666666666666,300.8417440450455
0.8888888888888888,0.6666666666666666,0.7777777777777777,66.66666666666666,300.3182192302689
0.8888888888888888,0.6666666666666666,0.8888888888888888,66.66666666666666,300.0739683571923
0.8888888888888888,0.6666666666666666,1.0,66.66666666666666,300.0105715510133
0.8888888888888888,0.7777777777777777,0.0,66.66666666666666,300.00399654841164
0.8888888888888888,0.7777777777777777,0.1111111111111111,66.66666666666666,300.027963552375
0.8888888888888888,0.7777777777777777,0.2222222222222222,66.66666666666666,300.12030198385
0.8888888888888888,0.7777777777777777,0.3333333333333333,66.66666666666666,300.3182192302689
0.8888888888888888,0.7777777777777777,0.4444444444444444,66.66666666666666,300.5175511009531
0.8888888888888888,0.7777777777777777,0.5555555555555556,66.66666666666666,300.5175511009531
0.8888888888888888,0.7777777777777777,0.6666666666666666,66.66666666666666,300.3182192302689
0.8888888888888888,0.7777777777777777,0.7777777777777777,66.66666666666666,300.12030198385
0.8888888888888888,0.7777777777777777,0.8888888888888888,66.66666666666666,300.027963552375
0.8888888888888888,0.7777777777777777,1.0,66.66666666666666,300.00399654841164
0.8888888888888888,0.8888888888888888,0.0,66.66666666666666,300.00092897629156
0.8888888888888888,0.8888888888888888,0.1111111111111111,66.66666666666666,300.0064999781085
0.8888888888888888,0.8888888888888888,0.2222222222222222,66.66666666666666,300.027963552375
0.8888888888888888,0.8888888888888888,0.3333333333333333,66.66666666666666,300.0739683571923
0.8888888888888888,0.8888888888888888,0.4444444444444444,66.66666666666666,300.12030198385
0.8888888888888888,0.8888888888888888,0.5555555555555556,66.66666666666666,300.12030198385
0.8888888888888888,0.8888888888888888,0.6666666666666666,66.66666666666666,300.0739683571923
0.8888888888888888,0.8888888888888888,0.7777777777777777,66.66666666666666,300.027963552375
0.8888888888888888,0.8888888888888888,0.8888888888888888,66.66666666666666,300.0064999781085
0.8888888888888888,0.8888888888888888,1.0,66.66666666666666,300.00092897629156
0.8888888888888888,1.0,0.0,66.66666666666666,300.00013276920873
0.8888888888888888,1.0,0.1111111111111111,66.66666666666666,300.00092897629156
0.8888888888888888,1.0,0.2222222222222222,66.66666666666666,300.00399654841164
0.8888888888888888,1.0,0.3333333333333333,66.66666666666666,300.0105715510133
0.8888888888888888,1.0,0.4444444444444444,66.66666666666666,300.01719354880316
0.8888888888888888,1.0,0.5555555555555556,66.66666666666666,300.01719354880316
0.8888888888888888,1.0,0.6666666666666666,66.66666666666666,300.0105715510133
0.8888888888888888,1.0,0.7777777777777777,66.66666666666666,300.00399654841164
0.8888888888888888,1.0,0.8888888888888888,66.66666666666666,300.00092897629156
0.8888888888888888,1.0,1.0,66.66666666666666,300.00013276920873
1.0,0.0,0.0,66.66666666666666,300.00001897536345
1.0,0.0,0.1111111111111111,66.66666666666666,300.00013276920873
1.0,0.0,0.2222222222222222,66.66666666666666,300.0005711863426
1.0,0.0,0.3333333333333333,66.66666666666666,300.001510885128
1.0,0.0,0.4444444444444444,66.66666666666666,300.00245730046163
1.0,0.0,0.5555555555555556,66.66666666666666,300.00245730046163
1.0,0.0,0.6666666666666666,66.66666666666666,300.001510885128
1.0,0.0,0.7777777777777777,66.66666666666666,300.0005711863426
1.0,0.0,0.8888888888888888,66.66666666666666,300.00013276920873
1.0,0.0,1.0,66.66666666666666,300.00001897536345
1.0,0.1111111111111111,0.0,66.66666666666666,300.00013276920873
1.0,0.1111111111111111,0.1111111111111111,66.66666666666666,300.00092897629156
1.0,0.1111111111111111,0.2222222222222222,66.66666666666666,300.00399654841164
1.0,0.1111111111111111,0.3333333333333333,66.66666666666666,300.0105715510133
1.0,0.1111111111111111,0.4444444444444444,66.66666666666666,300.01719354880316
1.0,0.1111111111111111,0.5555555555555556,66.66666666666666,300.01719354880316
1.0,0.1111111111111111,0.6666666666666666,66.66666666666666,300.0105715510133
1.0,0.1111111111111111,0.7777777777777777,66.66666666666666,300.00399654841164
1.0,0.1111111111111111,0.8888888888888888,66.66666666666666,300.00092897629156
1.0,0.1111111111111111,1.0,66.66666666666666,300.00013276920873
1.0,0.2222222222222222,0.0,66.66666666666666,300.0005711863426
1.0,0.2222222222222222,0.1111111111111111,66.66666666666666,300.00399654841164
1.0,0.2222222222222222,0.2222222222222222,66.66666666666666,300.01719354880316
1.0,0.2222222222222222,0.3333333333333333,66.66666666666666,300.0454798640108
1.0,0.2222222222222222,0.4444444444444444,66.66666666666666,300.0739683571923
1.0,0.2222222222222222,0.5555555555555556,66.66666666666666,300.0739683571923
1.0,0.2222222222222222,0.6666666666666666,66.66666666666666,300.0454798640108
1.0,0.2222222222222222,0.7777777777777777,66.66666666666666,300.01719354880316
1.0,0.2222222222222222,0.8888888888888888,66.66666666666666,300.00399654841164
1.0,0.2222222222222222,1.0,66.66666666666666,300.0005711863426
1.0,0.3333333333333333,0.0,66.66666666666666,300.001510885128
1.0,0.3333333333333333,0.1111111111111111,66.66666666666666,300.0105715510133
1.0,0.3333333333333333,0.2222222222222222,66.66666666666666,300.0454798640108
1.0,0.3333333333333333,0.3333333333333333,66.66666666666666,300.12030198385
1.0,0.3333333333333333,0.4444444444444444,66.66666666666666,300.19565889885354
1.0,0.3333333333333333,0.5555555555555556,66.66666666666666,300.19565889885354
1.0,0.3333333333333333,0.6666666666666666,66.66666666666666,300.12030198385
1.0,0.3333333333333333,0.7777777777777777,66.66666666666666,300.0454798640108
1.0,0.3333333333333333,0.8888888888888888,66.66666666666666,300.0105715510133
1.0,0.3333333333333333,1.0,66.66666666666666,300.001510885128
1.0,0.4444444444444444,0.0,66.66666666666666,300.00245730046163
1.0,0.4444444444444444,0.1111111111111111,66.66666666666666,300.01719354880316
1.0,0.4444444444444444,0.2222222222222222,66.66666666666666,300.0739683571923
1.0,0.4444444444444444,0.3333333333333333,66.66666666666666,300.19565889885354
1.0,0.4444444444444444,0.4444444444444444,66.66666666666666,300.3182192302689
1.0,0.4444444444444444,0.5555555555555556,66.66666666666666,300.3182192302689
1.0,0.4444444444444444,0.6666666666666666,66.66666666666666,300.19565889885354
1.0,0.4444444444444444,0.7777777777777777,66.66666666666666,300.0739683571923
1.0,0.4444444444444444,0.8888888888888888,66.66666666666666,300.01719354880316
1.0,0.4444444444444444,1.0,66.66666666666666,300.00245730046163
1.0,0.5555555555555556,0.0,66.66666666666666,300.00245730046163
1.0,0.5555555555555556,0.1111111111111111,66.66666666666666,300.01719354880316
1.0,0.5555555555555556,0.2222222222222222,66.66666666666666,300.0739683571923
1.0,0.5555555555555556,0.3333333333333333,66.66666666666666,300.19565889885354
1.0,0.5555555555555556,0.4444444444444444,66.66666666666666,300.3182192302689
1.0,0.5555555555555556,0.5555555555555556,66.66666666666666,300.3182192302689
1.0,0.5555555555555556,0.6666666666666666,66.66666666666666,300.19565889885354
1.0,0.5555555555555556,0.7777777777777777,66.66666666666666,300.0739683571923
1.0,0.5555555555555556,0.8888888888888888,66.66666666666666,300.01719354880316
1.0,0.5555555555555556,1.0,66.66666666666666,300.00245730046163
1.0,0.6666666666666666,0.0,66.66666666666666,300.001510885128
1.0,0.6666666666666666,0.1111111111111111,66.66666666666666,300.0105715510133
1.0,0.6666666666666666,0.2222222222222222,66.66666666666666,300.0454798640108
1.0,0.6666666666666666,0.3333333333333333,66.66666666666666,300.12030198385
1.0,0.6666666666666666,0.4444444444444444,66.66666666666666,300.19565889885354
1.0,0.6666666666666666,0.5555555555555556,66.66666666666666,300.19565889885354
1.0,0.6666666666666666,0.6666666666666666,66.66666666666666,300.12030198385
1.0,0.6666666666666666,0.7777777777777777,66.66666666666666,300.0454798640108
1.0,0.6666666666666666,0.8888888888888888,66.66666666666666,300.0105715510133
1.0,0.6666666666666666,1.0,66.66666666666666,300.001510885128
1.0,0.7777777777777777,0.0,66.66666666666666,300.0005711863426
1.0,0.7777777777777777,0.1111111111111111,66.66666666666666,300.00399654841164
1.0,0.7777777777777777,0.2222222222222222,66.66666666666666,300.01719354880316
1.0,0.7777777777777777,0.3333333333333333,66.66666666666666,300.0454798640108
1.0,0.7777777777777777,0.4444444444444444,66.66666666666666,300.0739683571923
1.0,0.7777777777777777,0.5555555555555556,66.66666666666666,300.0739683571923
1.0,0.7777777777777777,0.6666666666666666,66.66666666666666,300.0454798640108
1.0,0.7777777777777777,0.7777777777777777,66.66666666666666,300.01719354880316
1.0,0.7777777777777777,0.8888888888888888,66.66666666666666,300.00399654841164
1.0,0.7777777777777777,1.0,66.66666666666666,300.0005711863426
1.0,0.8888888888888888,0.0,66.66666666666666,300.00013276920873
1.0,0.8888888888888888,0.1111111111111111,66.66666666666666,300.00092897629156
1.0,0.8888888888888888,0.2222222222222222,66.66666666666666,300.00399654841164
1.0,0.8888888888888888,0.3333333333333333,66.66666666666666,300.0105715510133
1.0,0.8888888888888888,0.4444444444444444,66.66666666666666,300.01719354880316
1.0,0.8888888888888888,0.5555555555555556,66.66666666666666,300.01719354880316
1.0,0.8888888888888888,0.6666666666666666,66.66666666666666,300.0105715510133
1.0,0.8888888888888888,0.7777777777777777,66.66666666666666,300.00399654841164
1.0,0.8888888888888888,0.8888888888888888,66.66666666666666,300.00092897629156
1.0,0.8888888888888888,1.0,66.66666666666666,300.00013276920873
1.0,1.0,0.0,66.66666666666666,300.00001897536345
1.0,1.0,0.1111111111111111,66.66666666666666,300.00013276920873
1.0,1.0,0.2222222222222222,66.66666666666666,300.0005711863426
1.0,1.0,0.3333333333333333,66.66666666666666,300.001510885128
1.0,1.0,0.4444444444444444,66.66666666666666,300.00245730046163
1.0,1.0,0.5555555555555556,66.66666666666666,300.00245730046163
1.0,1.0,0.6666666666666666,66.66666666666666,300.001510885128
1.0,1.0,0.7777777777777777,66.66666666666666,300.0005711863426
1.0,1.0,0.8888888888888888,66.66666666666666,300.00013276920873
1.0,1.0,1.0,66.66666666666666,300.00001897536345
0.0,0.0,0.0,77.77777777777777,300.0000636962513
0.0,0.0,0.1111111111111111,77.77777777777777,300.00037282828504
0.0,0.0,0.2222222222222222,77.77777777777777,300.00140299165525
0.0,0.0,0.3333333333333333,77.77777777777777,300.00339431839546
0.0,0.0,0.4444444444444444,77.77777777777777,300.0052796036777
0.0,0.0,0.5555555555555556,77.77777777777777,300.0052796036777
0.0,0.0,0.6666666666666666,77.77777777777777,300.00339431839546
0.0,0.0,0.7777777777777777,77.77777777777777,300.00140299165525
0.0,0.0,0.8888888888888888,77.77777777777777,300.00037282828504
0.0,0.0,1.0,77.77777777777777,300.0000636962513
0.0,0.1111111111111111,0.0,77.77777777777777,300.00037282828504
0.0,0.1111111111111111,0.1111111111111111,77.77777777777777,300.00218224663683
0.0,0.1111111111111111,0.2222222222222222,77.77777777777777,300.0082120213092
0.0,0.1111111111111111,0.3333333333333333,77.77777777777777,300.0198676983496
0.0,0.1111111111111111,0.4444444444444444,77.77777777777777,300.0309026912192
0.0,0.1111111111111111,0.5555555555555556,77.77777777777777,300.0309026912192
0.0,0.1111111111111111,0.6666666666666666,77.77777777777777,300.0198676983496
0.0,0.1111111111111111,0.7777777777777777,77.77777777777777,300.0082120213092
0.0,0.1111111111111111,0.8888888888888888,77.77777777777777,300.00218224663683
0.0,0.1111111111111111,1.0,77.77777777777777,300.00037282828504
0.0,0.2222222222222222,0.0,77.77777777777777,300.00140299165525
0.0,0.2222222222222222,0.1111111111111111,77.77777777777777,300.0082120213092
0.0,0.2222222222222222,0.2222222222222222,77.77777777777777,300.0309026912192
0.0,0.2222222222222222,0.3333333333333333,77.77777777777777,300.0747642175068
0.0,0.2222222222222222,0.4444444444444444,77.77777777777777,300.1162900446346
0.0,0.2222222222222222,0.5555555555555556,77.77777777777777,300.1162900446346
0.0,0.2222222222222222,0.6666666666666666,77.77777777777777,300.0747642175068
0.0,0.2222222222222222,0.7777777777777777,77.77777777777777,300.0309026912192
0.0,0.2222222222222222,0.8888888888888888,77.77777777777777,300.0082120213092
0.0,0.2222222222222222,1.0,77.77777777777777,300.00140299165525
0.0,0.3333333333333333,0.0,77.77777777777777,300.00339431839546
0.0,0.3333333333333333,0.1111111111111111,77.77777777777777,300.0198676983496
0.0,0.3333333333333333,0.2222222222222222,77.77777777777777,300.0747642175068
0.0,0.3333333333333333,0.3333333333333333,77.77777777777777,300.18088030520585
0.0,0.3333333333333333,0.4444444444444444,77.77777777777777,300.2813455349009
0.0,0.3333333333333333,0.5555555555555556,77.77777777777777,300.2813455349009
0.0,0.3333333333333333,0.6666666666666666,77.77777777777777,300.18088030520585
0.0,0.3333333333333333,0.7777777777777777,77.77777777777777,300.0747642175068
0.0,0.3333333333333333,0.8888888888888888,77.77777777777777,300.0198676983496
0.0,0.3333333333333333,1.0,77.77777777777777,300.00339431839546
0.0,0.4444444444444444,0.0,77.77777777777777,300.0052796036777
0.0,0.4444444444444444,0.1111111111111111,77.77777777777777,300.0309026912192
0.0,0.4444444444444444,0.2222222222222222,77.77777777777777,300.1162900446346
0.0,0.4444444444444444,0.3333333333333333,77.77777777777777,300.2813455349009
0.0,0.4444444444444444,0.4444444444444444,77.77777777777777,300.43761154603635
0.0,0.4444444444444444,0.5555555555555556,77.77777777777777,300.43761154603635
0.0,0.4444444444444444,0.6666666666666666,77.77777777777777,300.2813455349009
0.0,0.4444444444444444,0.7777777777777777,77.77777777777777,300.1162900446346
0.0,0.4444444444444444,0.8888888888888888,77.77777777777777,300.0309026912192
0.0,0.4444444444444444,1.0,77.77777777777777,300.0052796036777
0.0,0.5555555555555556,0.0,77.77777777777777,300.0052796036777
0.0,0.5555555555555556,0.1111111111111111,77.77777777777777,300.0309026912192
0.0,0.5555555555555556,0.2222222222222222,77.77777777777777,300.1162900446346
0.0,0.5555555555555556,0.3333333333333333,77.77777777777777,300.2813455349009
0.0,0.5555555555555556,0.4444444444444444,77.77777777777777,300.43761154603635
0.0,0.5555555555555556,0.5555555555555556,77.77777777777777,300.43761154603635
0.0,0.5555555555555556,0.6666666666666666,77.77777777777777,300.2813455349009
0.0,0.5555555555555556,0.7777777777777777,77.77777777777777,300.1162900446346
0.0,0.5555555555555556,0.8888888888888888,77.77777777777777,300.0309026912192
0.0,0.5555555555555556,1.0,77.77777777777777,300.0052796036777
0.0,0.6666666666666666,0.0,77.77777777777777,300.00339431839546
0.0,0.6666666666666666,0.1111111111111111,77.77777777777777,300.0198676983496
0.0,0.6666666666666666,0.2222222222222222,77.77777777777777,300.0747642175068
0.0,0.6666666666666666,0.3333333333333333,77.77777777777777,300.18088030520585
0.0,0.6666666666666666,0.4444444444444444,77.77777777777777,300.2813455349009
0.0,0.6666666666666666,0.5555555555555556,77.77777777777777,300.2813455349009
0.0,0.6666666666666666,0.6666666666666666,77.77777777777777,300.18088030520585
0.0,0.6666666666666666,0.7777777777777777,77.77777777777777,300.0747642175068
0.0,0.6666666666666666,0.8888888888888888,77.77777777777777,300.0198676983496
0.0,0.6666666666666666,1.0,77.77777777777777,300.00339431839546
0.0,0.7777777777777777,0.0,77.77777777777777,300.00140299165525
0.0,0.7777777777777777,0.1111111111111111,77.77777777777777,300.0082120213092
0.0,0.7777777777777777,0.2222222222222222,77.77777777777777,300.0309026912192
0.0,0.7777777777777777,0.3333333333333333,77.77777777777777,300.0747642175068
0.0,0.7777777777777777,0.4444444444444444,77.77777777777777,300.1162900446346
0.0,0.7777777777777777,0.5555555555555556,77.77777777777777,300.1162900446346
0.0,0.7777777777777777,0.6666666666666666,77.77777777777777,300.0747642175068
0.0,0.7777777777777777,0.7777777777777777,77.77777777777777,300.0309026912192
0.0,0.7777777777777777,0.8888888888888888,77.77777777777777,300.0082120213092
0.0,0.7777777777777777,1.0,77.77777777777777,300.00140299165525
0.0,0.8888888888888888,0.0,77.77777777777777,300.00037282828504
0.0,0.8888888888888888,0.1111111111111111,77.77777777777777,300.00218224663683
0.0,0.8888888888888888,0.2222222222222222,77.77777777777777,300.0082120213092
0.0,0.8888888888888888,0.3333333333333333,77.77777777777777,300.0198676983496
0.0,0.8888888888888888,0.4444444444444444,77.77777777777777,300.0309026912192
0.0,0.8888888888888888,0.5555555555555556,77.77777777777777,300.0309026912192
0.0,0.8888888888888888,0.6666666666666666,77.77777777777777,300.0198676983496
0.0,0.8888888888888888,0.7777777777777777,77.77777777777777,300.0082120213092
0.0,0.8888888888888888,0.8888888888888888,77.77777777777777,300.00218224663683
0.0,0.8888888888888888,1.0,77.77777777777777,300.00037282828504
0.0,1.0,0.0,77.77777777777777,300.0000636962513
0.0,1.0,0.1111111111111111,77.77777777777777,300.00037282828504
0.0,1.0,0.2222222222222222,77.77777777777777,300.00140299165525
0.0,1.0,0.3333333333333333,77.77777777777777,300.00339431839546
0.0,1.0,0.4444444444444444,77.77777777777777,300.0052796036777
0.0,1.0,0.5555555555555556,77.77777777777777,300.0052796036777
0.0,1.0,0.6666666666666666,77.77777777777777,300.00339431839546
0.0,1.0,0.7777777777777777,77.77777777777777,300.00140299165525
0.0,1.0,0.8888888888888888,77.77777777777777,300.00037282828504
0.0,1.0,1.0,77.77777777777777,300.0000636962513
0.1111111111111111,0.0,0.0,77.77777777777777,300.00037282828504
0.1111111111111111,0.0,0.1111111111111111,77.77777777777777,300.00218224663683
0.1111111111111111,0.0,0.2222222222222222,77.77777777777777,300.0082120213092
0.1111111111111111,0.0,0.3333333333333333,77.77777777777777,300.0198676983496
0.1111111111111111,0.0,0.4444444444444444,77.77777777777777,300.0309026912192
0.1111111111111111,0.0,0.5555555555555556,77.77777777777777,300.0309026912192
0.1111111111111111,0.0,0.6666666666666666,77.77777777777777,300.0198676983496
0.1111111111111111,0.0,0.7777777777777777,77.77777777777777,300.0082120213092
0.1111111111111111,0.0,0.8888888888888888,77.77777777777777,300.00218224663683
0.1111111111111111,0.0,1.0,77.77777777777777,300.00037282828504
0.1111111111111111,0.1111111111111111,0.0,77.77777777777777,300.00218224663683
0.1111111111111111,0.1111111111111111,0.1111111111111111,77.77777777777777,300.0127731735372
0.1111111111111111,0.1111111111111111,0.2222222222222222,77.77777777777777,300.0480667819586
0.1111111111111111,0.1111111111111111,0.3333333333333333,77.77777777777777,300.1162900446346
0.1111111111111111,0.1111111111111111,0.4444444444444444,77.77777777777777,300.18088030520585
0.1111111111111111,0.1111111111111111,0.5555555555555556,77.77777777777777,300.18088030520585
0.1111111111111111,0.1111111111111111,0.6666666666666666,77.77777777777777,300.1162900446346
0.1111111111111111,0.1111111111111111,0.7777777777777777,77.77777777777777,300.0480667819586
0.1111111111111111,0.1111111111111111,0.8888888888888888,77.77777777777777,300.0127731735372
0.1111111111111111,0.1111111111111111,1.0,77.77777777777777,300.00218224663683
0.1111111111111111,0.2222222222222222,0.0,77.77777777777777,300.0082120213092
0.1111111111111111,0.2222222222222222,0.1111111111111111,77.77777777777777,300.0480667819586
0.1111111111111111,0.2222222222222222,0.2222222222222222,77.77777777777777,300.18088030520585
0.1111111111111111,0.2222222222222222,0.3333333333333333,77.77777777777777,300.43761154603635
0.1111111111111111,0.2222222222222222,0.4444444444444444,77.77777777777777,300.68067142168013
0.1111111111111111,0.2222222222222222,0.5555555555555556,77.77777777777777,300.68067142168013
0.1111111111111111,0.2222222222222222,0.6666666666666666,77.77777777777777,300.43761154603635
0.1111111111111111,0.2222222222222222,0.7777777777777777,77.77777777777777,300.18088030520585
0.1111111111111111,0.2222222222222222,0.8888888888888888,77.77777777777777,300.0480667819586
0.1111111111111111,0.2222222222222222,1.0,77.77777777777777,300.0082120213092
0.1111111111111111,0.3333333333333333,0.0,77.77777777777777,300.0198676983496
0.1111111111111111,0.3333333333333333,0.1111111111111111,77.77777777777777,300.1162900446346
0.1111111111111111,0.3333333333333333,0.2222222222222222,77.77777777777777,300.43761154603635
0.1111111111111111,0.3333333333333333,0.3333333333333333,77.77777777777777,301.0587325414251
0.1111111111111111,0.3333333333333333,0.4444444444444444,77.77777777777777,301.6467778116873
0.1111111111111111,0.3333333333333333,0.5555555555555556,77.77777777777777,301.6467778116873
0.1111111111111111,0.3333333333333333,0.6666666666666666,77.77777777777777,301.0587325414251
0.1111111111111111,0.3333333333333333,0.7777777777777777,77.77777777777777,300.43761154603635
0.1111111111111111,0.3333333333333333,0.8888888888888888,77.77777777777777,300.1162900446346
0.1111111111111111,0.3333333333333333,1.0,77.77777777777777,300.0198676983496
0.1111111111111111,0.4444444444444444,0.0,77.77777777777777,300.0309026912192
0.1111111111111111,0.4444444444444444,0.1111111111111111,77.77777777777777,300.18088030520585
0.1111111111111111,0.4444444444444444,0.2222222222222222,77.77777777777777,300.68067142168013
0.1111111111111111,0.4444444444444444,0.3333333333333333,77.77777777777777,301.6467778116873
0.1111111111111111,0.4444444444444444,0.4444444444444444,77.77777777777777,302.5614374310392
0.1111111111111111,0.4444444444444444,0.5555555555555556,77.77777777777777,302.5614374310392
0.1111111111111111,0.4444444444444444,0.6666666666666666,77.77777777777777,301.6467778116873
0.1111111111111111,0.4444444444444444,0.7777777777777777,77.77777777777777,300.68067142168013
0.1111111111111111,0.4444444444444444,0.8888888888888888,77.77777777777777,300.18088030520585
0.1111111111111111,0.4444444444444444,1.0,77.77777777777777,300.0309026912192
0.1111111111111111,0.5555555555555556,0.0,77.77777777777777,300.0309026912192
0.1111111111111111,0.5555555555555556,0.1111111111111111,77.77777777777777,300.18088030520585
0.1111111111111111,0.5555555555555556,0.2222222222222222,77.77777777777777,300.68067142168013
0.1111111111111111,0.5555555555555556,0.3333333333333333,77.77777777777777,301.6467778116873
0.1111111111111111,0.5555555555555556,0.4444444444444444,77.77777777777777,302.5614374310392
0.1111111111111111,0.5555555555555556,0.5555555555555556,77.77777777777777,302.5614374310392
0.1111111111111111,0.5555555555555556,0.6666666666666666,77.77777777777777,301.6467778116873
0.1111111111111111,0.5555555555555556,0.7777777777777777,77.77777777777777,300.68067142168013
0.1111111111111111,0.5555555555555556,0.8888888888888888,77.77777777777777,300.18088030520585
0.1111111111111111,0.5555555555555556,1.0,77.77777777777777,300.0309026912192
0.1111111111111111,0.6666666666666666,0.0,77.77777777777777,300.0198676983496
0.1111111111111111,0.6666666666666666,0.1111111111111111,77.77777777777777,300.1162900446346
0.1111111111111111,0.6666666666666666,0.2222222222222222,77.77777777777777,300.43761154603635
0.1111111111111111,0.6666666666666666,0.3333333333333333,77.77777777777777,301.0587325414251
0.1111111111111111,0.6666666666666666,0.4444444444444444,77.77777777777777,301.6467778116873
0.1111111111111111,0.6666666666666666,0.5555555555555556,77.77777777777777,301.6467778116873
0.1111111111111111,0.6666666666666666,0.6666666666666666,77.77777777777777,301.0587325414251
0.1111111111111111,0.6666666666666666,0.7777777777777777,77.77777777777777,300.43761154603635
0.1111111111111111,0.6666666666666666,0.8888888888888888,77.77777777777777,300.1162900446346
0.1111111111111111,0.6666666666666666,1.0,77.77777777777777,300.0198676983496
0.1111111111111111,0.7777777777777777,0.0,77.77777777777777,300.0082120213092
0.1111111111111111,0.7777777777777777,0.1111111111111111,77.77777777777777,300.0480667819586
0.1111111111111111,0.7777777777777777,0.2222222222222222,77.77777777777777,300.18088030520585
0.1111111111111111,0.7777777777777777,0.3333333333333333,77.77777777777777,300.43761154603635
0.1111111111111111,0.7777777777777777,0.4444444444444444,77.77777777777777,300.68067142168013
0.1111111111111111,0.7777777777777777,0.5555555555555556,77.77777777777777,300.68067142168013
0.1111111111111111,0.7777777777777777,0.6666666666666666,77.77777777777777,300.43761154603635
0.1111111111111111,0.7777777777777777,0.7777777777777777,77.77777777777777,300.18088030520585
0.1111111111111111,0.7777777777777777,0.8888888888888888,77.77777777777777,300.0480667819586
0.1111111111111111,0.7777777777777777,1.0,77.77777777777777,300.0082120213092
0.1111111111111111,0.8888888888888888,0.0,77.77777777777777,300.00218224663683
0.1111111111111111,0.8888888888888888,0.1111111111111111,77.77777777777777,300.0127731735372
0.1111111111111111,0.8888888888888888,0.2222222222222222,77.77777777777777,300.0480667819586
0.1111111111111111,0.8888888888888888,0.3333333333333333,77.77777777777777,300.1162900446346
0.1111111111111111,0.8888888888888888,0.4444444444444444,77.77777777777777,300.18088030520585
0.1111111111111111,0.8888888888888888,0.5555555555555556,77.77777777777777,300.18088030520585
0.1111111111111111,0.8888888888888888,0.6666666666666666,77.77777777777777,300.1162900446346
0.1111111111111111,0.8888888888888888,0.7777777777777777,77.77777777777777,300.0480667819586
0.1111111111111111,0.8888888888888888,0.8888888888888888,77.77777777777777,300.0127731735372
0.1111111111111111,0.8888888888888888,1.0,77.77777777777777,300.00218224663683
0.1111111111111111,1.0,0.0,77.77777777777777,300.00037282828504
0.1111111111111111,1.0,0.1111111111111111,77.77777777777777,300.00218224663683
0.1111111111111111,1.0,0.2222222222222222,77.77777777777777,300.0082120213092
0.1111111111111111,1.0,0.3333333333333333,77.77777777777777,300.0198676983496
0.1111111111111111,1.0,0.4444444444444444,77.77777777777777,300.0309026912192
0.1111111111111111,1.0,0.5555555555555556,77.77777777777777,300.0309026912192
0.1111111111111111,1.0,0.6666666666666666,77.77777777777777,300.0198676983496
0.1111111111111111,1.0,0.7777777777777777,77.77777777777777,300.0082120213092
0.1111111111111111,1.0,0.8888888888888888,77.77777777777777,300.00218224663683
0.1111111111111111,1.0,1.0,77.77777777777777,300.00037282828504
0.2222222222222222,0.0,0.0,77.77777777777777,300.00140299165525
0.2222222222222222,0.0,0.1111111111111111,77.77777777777777,300.0082120213092
0.2222222222222222,0.0,0.2222222222222222,77.77777777777777,300.0309026912192
0.2222222222222222,0.0,0.3333333333333333,77.77777777777777,300.0747642175068
0.2222222222222222,0.0,0.4444444444444444,77.77777777777777,300.1162900446346
0.2222222222222222,0.0,0.5555555555555556,77.77777777777777,300.1162900446346
0.2222222222222222,0.0,0.6666666666666666,77.77777777777777,300.0747642175068
0.2222222222222222,0.0,0.7777777777777777,77.77777777777777,300.0309026912192
0.2222222222222222,0.0,0.8888888888888888,77.77777777777777,300.0082120213092
0.2222222222222222,0.0,1.0,77.77777777777777,300.00140299165525
0.2222222222222222,0.1111111111111111,0.0,77.77777777777777,300.0082120213092
0.2222222222222222,0.1111111111111111,0.1111111111111111,77.77777777777777,300.0480667819586
0.2222222222222222,0.1111111111111111,0.2222222222222222,77.77777777777777,300.18088030520585
0.2222222222222222,0.1111111111111111,0.3333333333333333,77.77777777777777,300.43761154603635
0.2222222222222222,0.1111111111111111,0.4444444444444444,77.77777777777777,300.68067142168013
0.2222222222222222,0.1111111111111111,0.5555555555555556,77.77777777777777,300.68067142168013
0.2222222222222222,0.1111111111111111,0.6666666666666666,77.77777777777777,300.43761154603635
0.2222222222222222,0.1111111111111111,0.7777777777777777,77.77777777777777,300.18088030520585
0.2222222222222222,0.1111111111111111,0.8888888888888888,77.77777777777777,300.0480667819586
0.2222222222222222,0.1111111111111111,1.0,77.77777777777777,300.0082120213092
0.2222222222222222,0.2222222222222222,0.0,77.77777777777777,300.0309026912192
0.2222222222222222,0.2222222222222222,0.1111111111111111,77.77777777777777,300.18088030520585
0.2222222222222222,0.2222222222222222,0.2222222222222222,77.77777777777777,300.68067142168013
0.2222222222222222,0.2222222222222222,0.3333333333333333,77.77777777777777,301.6467778116873
0.2222222222222222,0.2222222222222222,0.4444444444444444,77.77777777777777,302.5614374310392
0.2222222222222222,0.2222222222222222,0.5555555555555556,77.77777777777777,302.5614374310392
0.2222222222222222,0.2222222222222222,0.6666666666666666,77.77777777777777,301.6467778116873
0.2222222222222222,0.2222222222222222,0.7777777777777777,77.77777777777777,300.68067142168013
0.2222222222222222,0.2222222222222222,0.8888888888888888,77.77777777777777,300.18088030520585
0.2222222222222222,0.2222222222222222,1.0,77.77777777777777,300.0309026912192
0.2222222222222222,0.3333333333333333,0.0,77.77777777777777,300.0747642175068
0.2222222222222222,0.3333333333333333,0.1111111111111111,77.77777777777777,300.43761154603635
0.2222222222222222,0.3333333333333333,0.2222222222222222,77.77777777777777,301.6467778116873
0.2222222222222222,0.3333333333333333,0.3333333333333333,77.77777777777777,303.98412078822366
0.2222222222222222,0.3333333333333333,0.4444444444444444,77.77777777777777,306.1969963672764
0.2222222222222222,0.3333333333333333,0.5555555555555556,77.77777777777777,306.1969963672764
0.2222222222222222,0.3333333333333333,0.6666666666666666,77.77777777777777,303.98412078822366
0.2222222222222222,0.3333333333333333,0.7777777777777777,77.77777777777777,301.6467778116873
0.2222222222222222,0.3333333333333333,0.8888888888888888,77.77777777777777,300.43761154603635
0.2222222222222222,0.3333333333333333,1.0,77.77777777777777,300.0747642175068
0.2222222222222222,0.4444444444444444,0.0,77.77777777777777,300.1162900446346
0.2222222222222222,0.4444444444444444,0.1111111111111111,77.77777777777777,300.68067142168013
0.2222222222222222,0.4444444444444444,0.2222222222222222,77.77777777777777,302.5614374310392
0.2222222222222222,0.4444444444444444,0.3333333333333333,77.77777777777777,306.1969963672764
0.2222222222222222,0.4444444444444444,0.4444444444444444,77.77777777777777,309.6389557489193
0.2222222222222222,0.4444444444444444,0.5555555555555556,77.77777777777777,309.6389557489193
0.2222222222222222,0.4444444444444444,0.6666666666666666,77.77777777777777,306.1969963672764
0.2222222222222222,0.4444444444444444,0.7777777777777777,77.77777777777777,302.5614374310392
0.2222222222222222,0.4444444444444444,0.8888888888888888,77.77777777777777,300.68067142168013
0.2222222222222222,0.4444444444444444,1.0,77.77777777777777,300.1162900446346
0.2222222222222222,0.5555555555555556,0.0,77.77777777777777,300.1162900446346
0.2222222222222222,0.5555555555555556,0.1111111111111111,77.77777777777777,300.68067142168013
0.2222222222222222,0.5555555555555556,0.2222222222222222,77.77777777777777,302.5614374310392
0.2222222222222222,0.5555555555555556,0.3333333333333333,77.77777777777777,306.1969963672764
0.2222222222222222,0.5555555555555556,0.4444444444444444,77.77777777777777,309.6389557489193
0.2222222222222222,0.5555555555555556,0.5555555555555556,77.77777777777777,309.6389557489193
0.2222222222222222,0.5555555555555556,0.6666666666666666,77.77777777777777,306.1969963672764
0.2222222222222222,0.5555555555555556,0.7777777777777777,77.77777777777777,302.5614374310392
0.2222222222222222,0.5555555555555556,0.8888888888888888,77.77777777777777,300.68067142168013
0.2222222222222222,0.5555555555555556,1.0,77.77777777777777,300.1162900446346
0.2222222222222222,0.6666666666666666,0.0,77.77777777777777,300.0747642175068
0.2222222222222222,0.6666666666666666,0.1111111111111111,77.77777777777777,300.43761154603635
0.2222222222222222,0.6666666666666666,0.2222222222222222,77.77777777777777,301.6467778116873
0.2222222222222222,0.6666666666666666,0.3333333333333333,77.77777777777777,303.98412078822366
0.2222222222222222,0.6666666666666666,0.4444444444444444,77.77777777777777,306.1969963672764
0.2222222222222222,0.6666666666666666,0.5555555555555556,77.77777777777777,306.1969963672764
0.2222222222222222,0.6666666666666666,0.6666666666666666,77.77777777777777,303.98412078822366
0.2222222222222222,0.6666666666666666,0.7777777777777777,77.77777777777777,301.6467778116873
0.2222222222222222,0.6666666666666666,0.8888888888888888,77.77777777777777,300.43761154603635
0.2222222222222222,0.6666666666666666,1.0,77.77777777777777,300.0747642175068
0.2222222222222222,0.7777777777777777,0.0,77.77777777777777,300.0309026912192
0.2222222222222222,0.7777777777777777,0.1111111111111111,77.77777777777777,300.18088030520585
0.2222222222222222,0.7777777777777777,0.2222222222222222,77.77777777777777,300.68067142168013
0.2222222222222222,0.7777777777777777,0.3333333333333333,77.77777777777777,301.6467778116873
0.2222222222222222,0.7777777777777777,0.4444444444444444,77.77777777777777,302.5614374310392
0.2222222222222222,0.7777777777777777,0.5555555555555556,77.77777777777777,302.5614374310392
0.2222222222222222,0.7777777777777777,0.6666666666666666,77.77777777777777,301.6467778116873
0.2222222222222222,0.7777777777777777,0.7777777777777777,77.77777777777777,300.68067142168013
0.2222222222222222,0.7777777777777777,0.8888888888888888,77.77777777777777,300.18088030520585
0.2222222222222222,0.7777777777777777,1.0,77.77777777777777,300.0309026912192
0.2222222222222222,0.8888888888888888,0.0,77.77777777777777,300.0082120213092
0.2222222222222222,0.8888888888888888,0.1111111111111111,77.77777777777777,300.0480667819586
0.2222222222222222,0.8888888888888888,0.2222222222222222,77.77777777777777,300.18088030520585
0.2222222222222222,0.8888888888888888,0.3333333333333333,77.77777777777777,300.43761154603635
0.2222222222222222,0.8888888888888888,0.4444444444444444,77.77777777777777,300.68067142168013
0.2222222222222222,0.8888888888888888,0.5555555555555556,77.77777777777777,300.68067142168013
0.2222222222222222,0.8888888888888888,0.6666666666666666,77.77777777777777,300.43761154603635
0.2222222222222222,0.8888888888888888,0.7777777777777777,77.77777777777777,300.18088030520585
0.2222222222222222,0.8888888888888888,0.8888888888888888,77.77777777777777,300.0480667819586
0.2222222222222222,0.8888888888888888,1.0,77.77777777777777,300.0082120213092
0.2222222222222222,1.0,0.0,77.77777777777777,300.00140299165525
0.2222222222222222,1.0,0.1111111111111111,77.77777777777777,300.0082120213092
0.2222222222222222,1.0,0.2222222222222222,77.77777777777777,300.0309026912192
0.2222222222222222,1.0,0.3333333333333333,77.77777777777777,300.0747642175068
0.2222222222222222,1.0,0.4444444444444444,77.77777777777777,300.1162900446346
0.2222222222222222,1.0,0.5555555555555556,77.77777777777777,300.1162900446346
0.2222222222222222,1.0,0.6666666666666666,77.77777777777777,300.0747642175068
0.2222222222222222,1.0,0.7777777777777777,77.77777777777777,300.0309026912192
0.2222222222222222,1.0,0.8888888888888888,77.77777777777777,300.0082120213092
0.2222222222222222,1.0,1.0,77.77777777777777,300.00140299165525
0.3333333333333333,0.0,0.0,77.77777777777777,300.00339431839546
0.3333333333333333,0.0,0.1111111111111111,77.77777777777777,300.0198676983496
0.3333333333333333,0.0,0.2222222222222222,77.77777777777777,300.0747642175068
0.3333333333333333,0.0,0.3333333333333333,77.77777777777777,300.18088030520585
0.3333333333333333,0.0,0.4444444444444444,77.77777777777777,300.2813455349009
0.3333333333333333,0.0,0.5555555555555556,77.77777777777777,300.2813455349009
0.3333333333333333,0.0,0.6666666666666666,77.77777777777777,300.18088030520585
0.3333333333333333,0.0,0.7777777777777777,77.77777777777777,300.0747642175068
0.3333333333333333,0.0,0.8888888888888888,77.77777777777777,300.0198676983496
0.3333333333333333,0.0,1.0,77.77777777777777,300.00339431839546
0.3333333333333333,0.1111111111111111,0.0,77.77777777777777,300.0198676983496
0.3333333333333333,0.1111111111111111,0.1111111111111111,77.77777777777777,300.1162900446346
0.3333333333333333,0.1111111111111111,0.2222222222222222,77.77777777777777,300.43761154603635
0.3333333333333333,0.1111111111111111,0.3333333333333333,77.77777777777777,301.0587325414251
0.3333333333333333,0.1111111111111111,0.4444444444444444,77.77777777777777,301.6467778116873
0.3333333333333333,0.1111111111111111,0.5555555555555556,77.77777777777777,301.6467778116873
0.3333333333333333,0.1111111111111111,0.6666666666666666,77.77777777777777,301.0587325414251
0.3333333333333333,0.1111111111111111,0.7777777777777777,77.77777777777777,300.43761154603635
0.3333333333333333,0.1111111111111111,0.8888888888888888,77.77777777777777,300.1162900446346
0.3333333333333333,0.1111111111111111,1.0,77.77777777777777,300.0198676983496
0.3333333333333333,0.2222222222222222,0.0,77.77777777777777,300.0747642175068
0.3333333333333333,0.2222222222222222,0.1111111111111111,77.77777777777777,300.43761154603635
0.3333333333333333,0.2222222222222222,0.2222222222222222,77.77777777777777,301.6467778116873
0.3333333333333333,0.2222222222222222,0.3333333333333333,77.77777777777777,303.98412078822366
0.3333333333333333,0.2222222222222222,0.4444444444444444,77.77777777777777,306.1969963672764
0.3333333333333333,0.2222222222222222,0.5555555555555556,77.77777777777777,306.1969963672764
0.3333333333333333,0.2222222222222222,0.6666666666666666,77.77777777777777,303.98412078822366
0.3333333333333333,0.2222222222222222,0.7777777777777777,77.77777777777777,301.6467778116873
0.3333333333333333,0.2222222222222222,0.8888888888888888,77.77777777777777,300.43761154603635
0.3333333333333333,0.2222222222222222,1.0,77.77777777777777,300.0747642175068
0.3333333333333333,0.3333333333333333,0.0,77.77777777777777,300.18088030520585
0.3333333333333333,0.3333333333333333,0.1111111111111111,77.77777777777777,301.0587325414251
0.3333333333333333,0.3333333333333333,0.2222222222222222,77.77777777777777,303.98412078822366
0.3333333333333333,0.3333333333333333,0.3333333333333333,77.77777777777777,309.6389557489193
0.3333333333333333,0.3333333333333333,0.4444444444444444,77.77777777777777,314.99266135126965
0.3333333333333333,0.3333333333333333,0.5555555555555556,77.77777777777777,314.99266135126965
0.3333333333333333,0.3333333333333333,0.6666666666666666,77.77777777777777,309.6389557489193
0.3333333333333333,0.3333333333333333,0.7777777777777777,77.77777777777777,303.98412078822366
0.3333333333333333,0.3333333333333333,0.8888888888888888,77.77777777777777,301.0587325414251
0.3333333333333333,0.3333333333333333,1.0,77.77777777777777,300.18088030520585
0.3333333333333333,0.4444444444444444,0.0,77.77777777777777,300.2813455349009
0.3333333333333333,0.4444444444444444,0.1111111111111111,77.77777777777777,301.6467778116873
0.3333333333333333,0.4444444444444444,0.2222222222222222,77.77777777777777,306.1969963672764
0.3333333333333333,0.4444444444444444,0.3333333333333333,77.77777777777777,314.99266135126965
0.3333333333333333,0.4444444444444444,0.4444444444444444,77.77777777777777,323.3199425590327
0.3333333333333333,0.4444444444444444,0.5555555555555556,77.77777777777777,323.3199425590327
0.3333333333333333,0.4444444444444444,0.6666666666666666,77.77777777777777,314.99266135126965
0.3333333333333333,0.4444444444444444,0.7777777777777777,77.77777777777777,306.1969963672764
0.3333333333333333,0.4444444444444444,0.8888888888888888,77.77777777777777,301.6467778116873
0.3333333333333333,0.4444444444444444,1.0,77.77777777777777,300.2813455349009
0.3333333333333333,0.5555555555555556,0.0,77.77777777777777,300.2813455349009
0.3333333333333333,0.5555555555555556,0.1111111111111111,77.77777777777777,301.6467778116873
0.3333333333333333,0.5555555555555556,0.2222222222222222,77.77777777777777,306.1969963672764
0.3333333333333333,0.5555555555555556,0.3333333333333333,77.77777777777777,314.99266135126965
0.3333333333333333,0.5555555555555556,0.4444444444444444,77.77777777777777,323.3199425590327
0.3333333333333333,0.5555555555555556,0.5555555555555556,77.77777777777777,323.3199425590327
0.3333333333333333,0.5555555555555556,0.6666666666666666,77.77777777777777,314.99266135126965
0.3333333333333333,0.5555555555555556,0.7777777777777777,77.77777777777777,306.1969963672764
0.3333333333333333,0.5555555555555556,0.8888888888888888,77.77777777777777,301.6467778116873
0.3333333333333333,0.5555555555555556,1.0,77.77777777777777,300.2813455349009
0.3333333333333333,0.6666666666666666,0.0,77.77777777777777,300.18088030520585
0.3333333333333333,0.6666666666666666,0.1111111111111111,77.77777777777777,301.0587325414251
0.3333333333333333,0.6666666666666666,0.2222222222222222,77.77777777777777,303.98412078822366
0.3333333333333333,0.6666666666666666,0.3333333333333333,77.77777777777777,309.6389557489193
0.3333333333333333,0.6666666666666666,0.4444444444444444,77.77777777777777,314.99266135126965
0.3333333333333333,0.6666666666666666,0.5555555555555556,77.77777777777777,314.99266135126965
0.3333333333333333,0.6666666666666666,0.6666666666666666,77.77777777777777,309.6389557489193
0.3333333333333333,0.6666666666666666,0.7777777777777777,77.77777777777777,303.98412078822366
0.3333333333333333,0.6666666666666666,0.8888888888888888,77.77777777777777,301.0587325414251
0.3333333333333333,0.6666666666666666,1.0,77.77777777777777,300.18088030520585
0.3333333333333333,0.7777777777777777,0.0,77.77777777777777,300.0747642175068
0.3333333333333333,0.7777777777777777,0.1111111111111111,77.77777777777777,300.43761154603635
0.3333333333333333,0.7777777777777777,0.2222222222222222,77.77777777777777,301.6467778116873
0.3333333333333333,0.7777777777777777,0.3333333333333333,77.77777777777777,303.98412078822366
0.3333333333333333,0.7777777777777777,0.4444444444444444,77.77777777777777,306.1969963672764
0.3333333333333333,0.7777777777777777,0.5555555555555556,77.77777777777777,306.1969963672764
0.3333333333333333,0.7777777777777777,0.6666666666666666,77.77777777777777,303.98412078822366
0.3333333333333333,0.7777777777777777,0.7777777777777777,77.77777777777777,301.6467778116873
0.3333333333333333,0.7777777777777777,0.8888888888888888,77.77777777777777,300.43761154603635
0.3333333333333333,0.7777777777777777,1.0,77.77777777777777,300.0747642175068
0.3333333333333333,0.8888888888888888,0.0,77.77777777777777,300.0198676983496
0.3333333333333333,0.8888888888888888,0.1111111111111111,77.77777777777777,300.1162900446346
0.3333333333333333,0.8888888888888888,0.2222222222222222,77.77777777777777,300.43761154603635
0.3333333333333333,0.8888888888888888,0.3333333333333333,77.77777777777777,301.0587325414251
0.3333333333333333,0.8888888888888888,0.4444444444444444,77.77777777777777,301.6467778116873
0.3333333333333333,0.8888888888888888,0.5555555555555556,77.77777777777777,301.6467778116873
0.3333333333333333,0.8888888888888888,0.6666666666666666,77.77777777777777,301.0587325414251
0.3333333333333333,0.8888888888888888,0.7777777777777777,77.77777777777777,300.43761154603635
0.3333333333333333,0.8888888888888888,0.8888888888888888,77.77777777777777,300.1162900446346
0.3333333333333333,0.8888888888888888,1.0,77.77777777777777,300.0198676983496
0.3333333333333333,1.0,0.0,77.77777777777777,300.00339431839546
0.3333333333333333,1.0,0.1111111111111111,77.77777777777777,300.0198676983496
0.3333333333333333,1.0,0.2222222222222222,77.77777777777777,300.0747642175068
0.3333333333333333,1.0,0.3333333333333333,77.77777777777777,300.18088030520585
0.3333333333333333,1.0,0.4444444444444444,77.77777777777777,300.2813455349009
0.3333333333333333,1.0,0.5555555555555556,77.77777777777777,300.2813455349009
0.3333333333333333,1.0,0.6666666666666666,77.77777777777777,300.18088030520585
0.3333333333333333,1.0,0.7777777777777777,77.77777777777777,300.0747642175068
0.3333333333333333,1.0,0.8888888888888888,77.77777777777777,300.0198676983496
0.3333333333333333,1.0,1.0,77.77777777777777,300.00339431839546
0.4444444444444444,0.0,0.0,77.77777777777777,300.0052796036777
0.4444444444444444,0.0,0.1111111111111111,77.77777777777777,300.0309026912192
0.4444444444444444,0.0,0.2222222222222222,77.77777777777777,300.1162900446346
0.4444444444444444,0.0,0.3333333333333333,77.77777777777777,300.2813455349009
0.4444444444444444,0.0,0.4444444444444444,77.77777777777777,300.43761154603635
0.4444444444444444,0.0,0.5555555555555556,77.77777777777777,300.43761154603635
0.4444444444444444,0.0,0.6666666666666666,77.77777777777777,300.2813455349009
0.4444444444444444,0.0,0.7777777777777777,77.77777777777777,300.1162900446346
0.4444444444444444,0.0,0.8888888888888888,77.77777777777777,300.0309026912192
0.4444444444444444,0.0,1.0,77.77777777777777,300.0052796036777
0.4444444444444444,0.1111111111111111,0.0,77.77777777777777,300.0309026912192
0.4444444444444444,0.1111111111111111,0.1111111111111111,77.77777777777777,300.18088030520585
0.4444444444444444,0.1111111111111111,0.2222222222222222,77.77777777777777,300.68067142168013
0.4444444444444444,0.1111111111111111,0.3333333333333333,77.77777777777777,301.6467778116873
0.4444444444444444,0.1111111111111111,0.4444444444444444,77.77777777777777,302.5614374310392
0.4444444444444444,0.1111111111111111,0.5555555555555556,77.77777777777777,302.5614374310392
0.4444444444444444,0.1111111111111111,0.6666666666666666,77.77777777777777,301.6467778116873
0.4444444444444444,0.1111111111111111,0.7777777777777777,77.77777777777777,300.68067142168013
0.4444444444444444,0.1111111111111111,0.8888888888888888,77.77777777777777,300.18088030520585
0.4444444444444444,0.1111111111111111,1.0,77.77777777777777,300.0309026912192
0.4444444444444444,0.2222222222222222,0.0,77.77777777777777,300.1162900446346
0.4444444444444444,0.2222222222222222,0.1111111111111111,77.77777777777777,300.68067142168013
0.4444444444444444,0.2222222222222222,0.2222222222222222,77.77777777777777,302.5614374310392
0.4444444444444444,0.2222222222222222,0.3333333333333333,77.77777777777777,306.1969963672764
0.4444444444444444,0.2222222222222222,0.4444444444444444,77.77777777777777,309.6389557489193
0.4444444444444444,0.2222222222222222,0.5555555555555556,77.77777777777777,309.6389557489193
0.4444444444444444,0.2222222222222222,0.6666666666666666,77.77777777777777,306.1969963672764
0.4444444444444444,0.2222222222222222,0.7777777777777777,77.77777777777777,302.5614374310392
0.4444444444444444,0.2222222222222222,0.8888888888888888,77.77777777777777,300.68067142168013
0.4444444444444444,0.2222222222222222,1.0,77.77777777777777,300.1162900446346
0.4444444444444444,0.3333333333333333,0.0,77.77777777777777,300.2813455349009
0.4444444444444444,0.3333333333333333,0.1111111111111111,77.77777777777777,301.6467778116873
0.4444444444444444,0.3333333333333333,0.2222222222222222,77.77777777777777,306.1969963672764
0.4444444444444444,0.3333333333333333,0.3333333333333333,77.77777777777777,314.99266135126965
0.4444444444444444,0.3333333333333333,0.4444444444444444,77.77777777777777,323.3199425590327
0.4444444444444444,0.3333333333333333,0.5555555555555556,77.77777777777777,323.3199425590327
0.4444444444444444,0.3333333333333333,0.6666666666666666,77.77777777777777,314.99266135126965
0.4444444444444444,0.3333333333333333,0.7777777777777777,77.77777777777777,306.1969963672764
0.4444444444444444,0.3333333333333333,0.8888888888888888,77.77777777777777,301.6467778116873
0.4444444444444444,0.3333333333333333,1.0,77.77777777777777,300.2813455349009
0.4444444444444444,0.4444444444444444,0.0,77.77777777777777,300.43761154603635
0.4444444444444444,0.4444444444444444,0.1111111111111111,77.77777777777777,302.5614374310392
0.4444444444444444,0.4444444444444444,0.2222222222222222,77.77777777777777,309.6389557489193
0.4444444444444444,0.4444444444444444,0.3333333333333333,77.77777777777777,323.3199425590327
0.4444444444444444,0.4444444444444444,0.4444444444444444,77.77777777777777,336.27239408769356
0.4444444444444444,0.4444444444444444,0.5555555555555556,77.77777777777777,336.27239408769356
0.4444444444444444,0.4444444444444444,0.6666666666666666,77.77777777777777,323.3199425590327
0.4444444444444444,0.4444444444444444,0.7777777777777777,77.77777777777777,309.6389557489193
0.4444444444444444,0.4444444444444444,0.8888888888888888,77.77777777777777,302.5614374310392
0.4444444444444444,0.4444444444444444,1.0,77.77777777777777,300.43761154603635
0.4444444444444444,0.5555555555555556,0.0,77.77777777777777,300.43761154603635
0.4444444444444444,0.5555555555555556,0.1111111111111111,77.77777777777777,302.5614374310392
0.4444444444444444,0.5555555555555556,0.2222222222222222,77.77777777777777,309.6389557489193
0.4444444444444444,0.5555555555555556,0.3333333333333333,77.77777777777777,323.3199425590327
0.4444444444444444,0.5555555555555556,0.4444444444444444,77.77777777777777,336.27239408769356
0.4444444444444444,0.5555555555555556,0.5555555555555556,77.77777777777777,336.27239408769356
0.4444444444444444,0.5555555555555556,0.6666666666666666,77.77777777777777,323.3199425590327
0.4444444444444444,0.5555555555555556,0.7777777777777777,77.77777777777777,309.6389557489193
0.4444444444444444,0.5555555555555556,0.8888888888888888,77.77777777777777,302.5614374310392
0.4444444444444444,0.5555555555555556,1.0,77.77777777777777,300.43761154603635
0.4444444444444444,0.6666666666666666,0.0,77.77777777777777,300.2813455349009
0.4444444444444444,0.6666666666666666,0.1111111111111111,77.77777777777777,301.6467778116873
0.4444444444444444,0.6666666666666666,0.2222222222222222,77.77777777777777,306.1969963672764
0.4444444444444444,0.6666666666666666,0.3333333333333333,77.77777777777777,314.99266135126965
0.4444444444444444,0.6666666666666666,0.4444444444444444,77.77777777777777,323.3199425590327
0.4444444444444444,0.6666666666666666,0.5555555555555556,77.77777777777777,323.3199425590327
0.4444444444444444,0.6666666666666666,0.6666666666666666,77.77777777777777,314.9926613512697
0.4444444444444444,0.6666666666666666,0.7777777777777777,77.77777777777777,306.1969963672764
0.4444444444444444,0.6666666666666666,0.8888888888888888,77.77777777777777,301.6467778116873
0.4444444444444444,0.6666666666666666,1.0,77.77777777777777,300.2813455349009
0.4444444444444444,0.7777777777777777,0.0,77.77777777777777,300.1162900446346
0.4444444444444444,0.7777777777777777,0.1111111111111111,77.77777777777777,300.68067142168013
0.4444444444444444,0.7777777777777777,0.2222222222222222,77.77777777777777,302.5614374310392
0.4444444444444444,0.7777777777777777,0.3333333333333333,77.77777777777777,306.1969963672764
0.4444444444444444,0.7777777777777777,0.4444444444444444,77.77777777777777,309.6389557489193
0.4444444444444444,0.7777777777777777,0.5555555555555556,77.77777777777777,309.6389557489193
0.4444444444444444,0.7777777777777777,0.6666666666666666,77.77777777777777,306.1969963672764
0.4444444444444444,0.7777777777777777,0.7777777777777777,77.77777777777777,302.5614374310392
0.4444444444444444,0.7777777777777777,0.8888888888888888,77.77777777777777,300.68067142168013
0.4444444444444444,0.7777777777777777,1.0,77.77777777777777,300.1162900446346
0.4444444444444444,0.8888888888888888,0.0,77.77777777777777,300.0309026912192
0.4444444444444444,0.8888888888888888,0.1111111111111111,77.77777777777777,300.18088030520585
0.4444444444444444,0.8888888888888888,0.2222222222222222,77.77777777777777,300.68067142168013
0.4444444444444444,0.8888888888888888,0.3333333333333333,77.77777777777777,301.6467778116873
0.4444444444444444,0.8888888888888888,0.4444444444444444,77.77777777777777,302.5614374310392
0.4444444444444444,0.8888888888888888,0.5555555555555556,77.77777777777777,302.5614374310392
0.4444444444444444,0.8888888888888888,0.6666666666666666,77.77777777777777,301.6467778116873
0.4444444444444444,0.8888888888888888,0.7777777777777777,77.77777777777777,300.68067142168013
0.4444444444444444,0.8888888888888888,0.8888888888888888,77.77777777777777,300.18088030520585
0.4444444444444444,0.8888888888888888,1.0,77.77777777777777,300.0309026912192
0.4444444444444444,1.0,0.0,77.77777777777777,300.0052796036777
0.4444444444444444,1.0,0.1111111111111111,77.77777777777777,300.0309026912192
0.4444444444444444,1.0,0.2222222222222222,77.77777777777777,300.1162900446346
0.4444444444444444,1.0,0.3333333333333333,77.77777777777777,300.2813455349009
0.4444444444444444,1.0,0.4444444444444444,77.77777777777777,300.43761154603635
0.4444444444444444,1.0,0.5555555555555556,77.77777777777777,300.43761154603635
0.4444444444444444,1.0,0.6666666666666666,77.77777777777777,300.2813455349009
0.4444444444444444,1.0,0.7777777777777777,77.77777777777777,300.1162900446346
0.4444444444444444,1.0,0.8888888888888888,77.77777777777777,300.0309026912192
0.4444444444444444,1.0,1.0,77.77777777777777,300.0052796036777
0.5555555555555556,0.0,0.0,77.77777777777777,300.0052796036777
0.5555555555555556,0.0,0.1111111111111111,77.77777777777777,300.0309026912192
0.5555555555555556,0.0,0.2222222222222222,77.77777777777777,300.1162900446346
0.5555555555555556,0.0,0.3333333333333333,77.77777777777777,300.2813455349009
0.5555555555555556,0.0,0.4444444444444444,77.77777777777777,300.43761154603635
0.5555555555555556,0.0,0.5555555555555556,77.77777777777777,300.43761154603635
0.5555555555555556,0.0,0.6666666666666666,77.77777777777777,300.2813455349009
0.5555555555555556,0.0,0.7777777777777777,77.77777777777777,300.1162900446346
0.5555555555555556,0.0,0.8888888888888888,77.77777777777777,300.0309026912192
0.5555555555555556,0.0,1.0,77.77777777777777,300.0052796036777
0.5555555555555556,0.1111111111111111,0.0,77.77777777777777,300.0309026912192
0.5555555555555556,0.1111111111111111,0.1111111111111111,77.77777777777777,300.18088030520585
0.5555555555555556,0.1111111111111111,0.2222222222222222,77.77777777777777,300.68067142168013
0.5555555555555556,0.1111111111111111,0.3333333333333333,77.77777777777777,301.6467778116873
0.5555555555555556,0.1111111111111111,0.4444444444444444,77.77777777777777,302.5614374310392
0.5555555555555556,0.1111111111111111,0.5555555555555556,77.77777777777777,302.5614374310392
0.5555555555555556,0.1111111111111111,0.6666666666666666,77.77777777777777,301.6467778116873
0.5555555555555556,0.1111111111111111,0.7777777777777777,77.77777777777777,300.68067142168013
0.5555555555555556,0.1111111111111111,0.8888888888888888,77.77777777777777,300.18088030520585
0.5555555555555556,0.1111111111111111,1.0,77.77777777777777,300.0309026912192
0.5555555555555556,0.2222222222222222,0.0,77.77777777777777,300.1162900446346
0.5555555555555556,0.2222222222222222,0.1111111111111111,77.77777777777777,300.68067142168013
0.5555555555555556,0.2222222222222222,0.2222222222222222,77.77777777777777,302.5614374310392
0.5555555555555556,0.2222222222222222,0.3333333333333333,77.77777777777777,306.1969963672764
0.5555555555555556,0.2222222222222222,0.4444444444444444,77.77777777777777,309.6389557489193
0.5555555555555556,0.2222222222222222,0.5555555555555556,77.77777777777777,309.6389557489193
0.5555555555555556,0.2222222222222222,0.6666666666666666,77.77777777777777,306.1969963672764
0.5555555555555556,0.2222222222222222,0.7777777777777777,77.77777777777777,302.5614374310392
0.5555555555555556,0.2222222222222222,0.8888888888888888,77.77777777777777,300.68067142168013
0.5555555555555556,0.2222222222222222,1.0,77.77777777777777,300.1162900446346
0.5555555555555556,0.3333333333333333,0.0,77.77777777777777,300.2813455349009
0.5555555555555556,0.3333333333333333,0.1111111111111111,77.77777777777777,301.6467778116873
0.5555555555555556,0.3333333333333333,0.2222222222222222,77.77777777777777,306.1969963672764
0.5555555555555556,0.3333333333333333,0.3333333333333333,77.77777777777777,314.99266135126965
0.5555555555555556,0.3333333333333333,0.4444444444444444,77.77777777777777,323.3199425590327
0.5555555555555556,0.3333333333333333,0.5555555555555556,77.77777777777777,323.3199425590327
0.5555555555555556,0.3333333333333333,0.6666666666666666,77.77777777777777,314.99266135126965
0.5555555555555556,0.3333333333333333,0.7777777777777777,77.77777777777777,306.1969963672764
0.5555555555555556,0.3333333333333333,0.8888888888888888,77.77777777777777,301.6467778116873
0.5555555555555556,0.3333333333333333,1.0,77.77777777777777,300.2813455349009
0.5555555555555556,0.4444444444444444,0.0,77.77777777777777,300.43761154603635
0.5555555555555556,0.4444444444444444,0.1111111111111111,77.77777777777777,302.5614374310392
0.5555555555555556,0.4444444444444444,0.2222222222222222,77.77777777777777,309.6389557489193
0.5555555555555556,0.4444444444444444,0.3333333333333333,77.77777777777777,323.3199425590327
0.5555555555555556,0.4444444444444444,0.4444444444444444,77.77777777777777,336.27239408769356
0.5555555555555556,0.4444444444444444,0.5555555555555556,77.77777777777777,336.27239408769356
0.5555555555555556,0.4444444444444444,0.6666666666666666,77.77777777777777,323.3199425590327
0.5555555555555556,0.4444444444444444,0.7777777777777777,77.77777777777777,309.6389557489193
0.5555555555555556,0.4444444444444444,0.8888888888888888,77.77777777777777,302.5614374310392
0.5555555555555556,0.4444444444444444,1.0,77.77777777777777,300.43761154603635
0.5555555555555556,0.5555555555555556,0.0,77.77777777777777,300.43761154603635
0.5555555555555556,0.5555555555555556,0.1111111111111111,77.77777777777777,302.5614374310392
0.5555555555555556,0.5555555555555556,0.2222222222222222,77.77777777777777,309.6389557489193
0.5555555555555556,0.5555555555555556,0.3333333333333333,77.77777777777777,323.3199425590327
0.5555555555555556,0.5555555555555556,0.4444444444444444,77.77777777777777,336.27239408769356
0.5555555555555556,0.5555555555555556,0.5555555555555556,77.77777777777777,336.27239408769356
0.5555555555555556,0.5555555555555556,0.6666666666666666,77.77777777777777,323.3199425590327
0.5555555555555556,0.5555555555555556,0.7777777777777777,77.77777777777777,309.6389557489193
0.5555555555555556,0.5555555555555556,0.8888888888888888,77.77777777777777,302.5614374310392
0.5555555555555556,0.5555555555555556,1.0,77.77777777777777,300.43761154603635
0.5555555555555556,0.6666666666666666,0.0,77.77777777777777,300.2813455349009
0.5555555555555556,0.6666666666666666,0.1111111111111111,77.77777777777777,301.6467778116873
0.5555555555555556,0.6666666666666666,0.2222222222222222,77.77777777777777,306.1969963672764
0.5555555555555556,0.6666666666666666,0.3333333333333333,77.77777777777777,314.99266135126965
0.5555555555555556,0.6666666666666666,0.4444444444444444,77.77777777777777,323.3199425590327
0.5555555555555556,0.6666666666666666,0.5555555555555556,77.77777777777777,323.3199425590327
0.5555555555555556,0.6666666666666666,0.6666666666666666,77.77777777777777,314.9926613512697
0.5555555555555556,0.6666666666666666,0.7777777777777777,77.77777777777777,306.1969963672764
0.5555555555555556,0.6666666666666666,0.8888888888888888,77.77777777777777,301.6467778116873
0.5555555555555556,0.6666666666666666,1.0,77.77777777777777,300.2813455349009
0.5555555555555556,0.7777777777777777,0.0,77.77777777777777,300.1162900446346
0.5555555555555556,0.7777777777777777,0.1111111111111111,77.77777777777777,300.68067142168013
0.5555555555555556,0.7777777777777777,0.2222222222222222,77.77777777777777,302.5614374310392
0.5555555555555556,0.7777777777777777,0.3333333333333333,77.77777777777777,306.1969963672764
0.5555555555555556,0.7777777777777777,0.4444444444444444,77.77777777777777,309.6389557489193
0.5555555555555556,0.7777777777777777,0.5555555555555556,77.77777777777777,309.6389557489193
0.5555555555555556,0.7777777777777777,0.6666666666666666,77.77777777777777,306.1969963672764
0.5555555555555556,0.7777777777777777,0.7777777777777777,77.77777777777777,302.5614374310392
0.5555555555555556,0.7777777777777777,0.8888888888888888,77.77777777777777,300.68067142168013
0.5555555555555556,0.7777777777777777,1.0,77.77777777777777,300.1162900446346
0.5555555555555556,0.8888888888888888,0.0,77.77777777777777,300.0309026912192
0.5555555555555556,0.8888888888888888,0.1111111111111111,77.77777777777777,300.18088030520585
0.5555555555555556,0.8888888888888888,0.2222222222222222,77.77777777777777,300.68067142168013
0.5555555555555556,0.8888888888888888,0.3333333333333333,77.77777777777777,301.6467778116873
0.5555555555555556,0.8888888888888888,0.4444444444444444,77.77777777777777,302.5614374310392
0.5555555555555556,0.8888888888888888,0.5555555555555556,77.77777777777777,302.5614374310392
0.5555555555555556,0.8888888888888888,0.6666666666666666,77.77777777777777,301.6467778116873
0.5555555555555556,0.8888888888888888,0.7777777777777777,77.77777777777777,300.68067142168013
0.5555555555555556,0.8888888888888888,0.8888888888888888,77.77777777777777,300.18088030520585
0.5555555555555556,0.8888888888888888,1.0,77.77777777777777,300.0309026912192
0.5555555555555556,1.0,0.0,77.77777777777777,300.0052796036777
0.5555555555555556,1.0,0.1111111111111111,77.77777777777777,300.0309026912192
0.5555555555555556,1.0,0.2222222222222222,77.77777777777777,300.1162900446346
0.5555555555555556,1.0,0.3333333333333333,77.77777777777777,300.2813455349009
0.5555555555555556,1.0,0.4444444444444444,77.77777777777777,300.43761154603635
0.5555555555555556,1.0,0.5555555555555556,77.77777777777777,300.43761154603635
0.5555555555555556,1.0,0.6666666666666666,77.77777777777777,300.2813455349009
0.5555555555555556,1.0,0.7777777777777777,77.77777777777777,300.1162900446346
0.5555555555555556,1.0,0.8888888888888888,77.77777777777777,300.0309026912192
0.5555555555555556,1.0,1.0,77.77777777777777,300.0052796036777
0.6666666666666666,0.0,0.0,77.77777777777777,300.00339431839546
0.6666666666666666,0.0,0.1111111111111111,77.77777777777777,300.0198676983496
0.6666666666666666,0.0,0.2222222222222222,77.77777777777777,300.0747642175068
0.6666666666666666,0.0,0.3333333333333333,77.77777777777777,300.18088030520585
0.6666666666666666,0.0,0.4444444444444444,77.77777777777777,300.2813455349009
0.6666666666666666,0.0,0.5555555555555556,77.77777777777777,300.2813455349009
0.6666666666666666,0.0,0.6666666666666666,77.77777777777777,300.18088030520585
0.6666666666666666,0.0,0.7777777777777777,77.77777777777777,300.0747642175068
0.6666666666666666,0.0,0.8888888888888888,77.77777777777777,300.0198676983496
0.6666666666666666,0.0,1.0,77.77777777777777,300.00339431839546
0.6666666666666666,0.1111111111111111,0.0,77.77777777777777,300.0198676983496
0.6666666666666666,0.1111111111111111,0.1111111111111111,77.77777777777777,300.1162900446346
0.6666666666666666,0.1111111111111111,0.2222222222222222,77.77777777777777,300.43761154603635
0.6666666666666666,0.1111111111111111,0.3333333333333333,77.77777777777777,301.0587325414251
0.6666666666666666,0.1111111111111111,0.4444444444444444,77.77777777777777,301.6467778116873
0.6666666666666666,0.1111111111111111,0.5555555555555556,77.77777777777777,301.6467778116873
0.6666666666666666,0.1111111111111111,0.6666666666666666,77.77777777777777,301.0587325414251
0.6666666666666666,0.1111111111111111,0.7777777777777777,77.77777777777777,300.43761154603635
0.6666666666666666,0.1111111111111111,0.8888888888888888,77.77777777777777,300.1162900446346
0.6666666666666666,0.1111111111111111,1.0,77.77777777777777,300.0198676983496
0.6666666666666666,0.2222222222222222,0.0,77.77777777777777,300.0747642175068
0.6666666666666666,0.2222222222222222,0.1111111111111111,77.77777777777777,300.43761154603635
0.6666666666666666,0.2222222222222222,0.2222222222222222,77.77777777777777,301.6467778116873
0.6666666666666666,0.2222222222222222,0.3333333333333333,77.77777777777777,303.98412078822366
0.6666666666666666,0.2222222222222222,0.4444444444444444,77.77777777777777,306.1969963672764
0.6666666666666666,0.2222222222222222,0.5555555555555556,77.77777777777777,306.1969963672764
0.6666666666666666,0.2222222222222222,0.6666666666666666,77.77777777777777,303.98412078822366
0.6666666666666666,0.2222222222222222,0.7777777777777777,77.77777777777777,301.6467778116873
0.6666666666666666,0.2222222222222222,0.8888888888888888,77.77777777777777,300.43761154603635
0.6666666666666666,0.2222222222222222,1.0,77.77777777777777,300.0747642175068
0.6666666666666666,0.3333333333333333,0.0,77.77777777777777,300.18088030520585
0.6666666666666666,0.3333333333333333,0.1111111111111111,77.77777777777777,301.0587325414251
0.6666666666666666,0.3333333333333333,0.2222222222222222,77.77777777777777,303.98412078822366
0.6666666666666666,0.3333333333333333,0.3333333333333333,77.77777777777777,309.6389557489193
0.6666666666666666,0.3333333333333333,0.4444444444444444,77.77777777777777,314.99266135126965
0.6666666666666666,0.3333333333333333,0.5555555555555556,77.77777777777777,314.99266135126965
0.6666666666666666,0.3333333333333333,0.6666666666666666,77.77777777777777,309.6389557489193
0.6666666666666666,0.3333333333333333,0.7777777777777777,77.77777777777777,303.98412078822366
0.6666666666666666,0.3333333333333333,0.8888888888888888,77.77777777777777,301.0587325414251
0.6666666666666666,0.3333333333333333,1.0,77.77777777777777,300.18088030520585
0.6666666666666666,0.4444444444444444,0.0,77.77777777777777,300.2813455349009
0.6666666666666666,0.4444444444444444,0.1111111111111111,77.77777777777777,301.6467778116873
0.6666666666666666,0.4444444444444444,0.2222222222222222,77.77777777777777,306.1969963672764
0.6666666666666666,0.4444444444444444,0.3333333333333333,77.77777777777777,314.99266135126965
0.6666666666666666,0.4444444444444444,0.4444444444444444,77.77777777777777,323.3199425590327
0.6666666666666666,0.4444444444444444,0.5555555555555556,77.77777777777777,323.3199425590327
0.6666666666666666,0.4444444444444444,0.6666666666666666,77.77777777777777,314.9926613512697
0.6666666666666666,0.4444444444444444,0.7777777777777777,77.77777777777777,306.1969963672764
0.6666666666666666,0.4444444444444444,0.8888888888888888,77.77777777777777,301.6467778116873
0.6666666666666666,0.4444444444444444,1.0,77.77777777777777,300.2813455349009
0.6666666666666666,0.5555555555555556,0.0,77.77777777777777,300.2813455349009
0.6666666666666666,0.5555555555555556,0.1111111111111111,77.77777777777777,301.6467778116873
0.6666666666666666,0.5555555555555556,0.2222222222222222,77.77777777777777,306.1969963672764
0.6666666666666666,0.5555555555555556,0.3333333333333333,77.77777777777777,314.99266135126965
0.6666666666666666,0.5555555555555556,0.4444444444444444,77.77777777777777,323.3199425590327
0.6666666666666666,0.5555555555555556,0.5555555555555556,77.77777777777777,323.3199425590327
0.6666666666666666,0.5555555555555556,0.6666666666666666,77.77777777777777,314.9926613512697
0.6666666666666666,0.5555555555555556,0.7777777777777777,77.77777777777777,306.1969963672764
0.6666666666666666,0.5555555555555556,0.8888888888888888,77.77777777777777,301.6467778116873
0.6666666666666666,0.5555555555555556,1.0,77.77777777777777,300.2813455349009
0.6666666666666666,0.6666666666666666,0.0,77.77777777777777,300.18088030520585
0.6666666666666666,0.6666666666666666,0.1111111111111111,77.77777777777777,301.0587325414251
0.6666666666666666,0.6666666666666666,0.2222222222222222,77.77777777777777,303.98412078822366
0.6666666666666666,0.6666666666666666,0.3333333333333333,77.77777777777777,309.6389557489193
0.6666666666666666,0.6666666666666666,0.4444444444444444,77.77777777777777,314.9926613512697
0.6666666666666666,0.6666666666666666,0.5555555555555556,77.77777777777777,314.9926613512697
0.6666666666666666,0.6666666666666666,0.6666666666666666,77.77777777777777,309.6389557489193
0.6666666666666666,0.6666666666666666,0.7777777777777777,77.77777777777777,303.98412078822366
0.6666666666666666,0.6666666666666666,0.8888888888888888,77.77777777777777,301.0587325414251
0.6666666666666666,0.6666666666666666,1.0,77.77777777777777,300.18088030520585
0.6666666666666666,0.7777777777777777,0.0,77.77777777777777,300.0747642175068
0.6666666666666666,0.7777777777777777,0.1111111111111111,77.77777777777777,300.43761154603635
0.6666666666666666,0.7777777777777777,0.2222222222222222,77.77777777777777,301.6467778116873
0.6666666666666666,0.7777777777777777,0.3333333333333333,77.77777777777777,303.98412078822366
0.6666666666666666,0.7777777777777777,0.4444444444444444,77.77777777777777,306.1969963672764
0.6666666666666666,0.7777777777777777,0.5555555555555556,77.77777777777777,306.1969963672764
0.6666666666666666,0.7777777777777777,0.6666666666666666,77.77777777777777,303.98412078822366
0.6666666666666666,0.7777777777777777,0.7777777777777777,77.77777777777777,301.6467778116873
0.6666666666666666,0.7777777777777777,0.8888888888888888,77.77777777777777,300.43761154603635
0.6666666666666666,0.7777777777777777,1.0,77.77777777777777,300.0747642175068
0.6666666666666666,0.8888888888888888,0.0,77.77777777777777,300.0198676983496
0.6666666666666666,0.8888888888888888,0.1111111111111111,77.77777777777777,300.1162900446346
0.6666666666666666,0.8888888888888888,0.2222222222222222,77.77777777777777,300.43761154603635
0.6666666666666666,0.8888888888888888,0.3333333333333333,77.77777777777777,301.0587325414251
0.6666666666666666,0.8888888888888888,0.4444444444444444,77.77777777777777,301.6467778116873
0.6666666666666666,0.8888888888888888,0.5555555555555556,77.77777777777777,301.6467778116873
0.6666666666666666,0.8888888888888888,0.6666666666666666,77.77777777777777,301.0587325414251
0.6666666666666666,0.8888888888888888,0.7777777777777777,77.77777777777777,300.43761154603635
0.6666666666666666,0.8888888888888888,0.8888888888888888,77.77777777777777,300.1162900446346
0.6666666666666666,0.8888888888888888,1.0,77.77777777777777,300.0198676983496
0.6666666666666666,1.0,0.0,77.77777777777777,300.00339431839546
0.6666666666666666,1.0,0.1111111111111111,77.77777777777777,300.0198676983496
0.6666666666666666,1.0,0.2222222222222222,77.77777777777777,300.0747642175068
0.6666666666666666,1.0,0.3333333333333333,77.77777777777777,300.18088030520585
0.6666666666666666,1.0,0.4444444444444444,77.77777777777777,300.2813455349009
0.6666666666666666,1.0,0.5555555555555556,77.77777777777777,300.2813455349009
0.6666666666666666,1.0,0.6666666666666666,77.77777777777777,300.18088030520585
0.6666666666666666,1.0,0.7777777777777777,77.77777777777777,300.0747642175068
0.6666666666666666,1.0,0.8888888888888888,77.77777777777777,300.0198676983496
0.6666666666666666,1.0,1.0,77.77777777777777,300.00339431839546
0.7777777777777777,0.0,0.0,77.77777777777777,300.00140299165525
0.7777777777777777,0.0,0.1111111111111111,77.77777777777777,300.0082120213092
0.7777777777777777,0.0,0.2222222222222222,77.77777777777777,300.0309026912192
0.7777777777777777,0.0,0.3333333333333333,77.77777777777777,300.0747642175068
0.7777777777777777,0.0,0.4444444444444444,77.77777777777777,300.1162900446346
0.7777777777777777,0.0,0.5555555555555556,77.77777777777777,300.1162900446346
0.7777777777777777,0.0,0.6666666666666666,77.77777777777777,300.0747642175068
0.7777777777777777,0.0,0.7777777777777777,77.77777777777777,300.0309026912192
0.7777777777777777,0.0,0.8888888888888888,77.77777777777777,300.0082120213092
0.7777777777777777,0.0,1.0,77.77777777777777,300.00140299165525
0.7777777777777777,0.1111111111111111,0.0,77.77777777777777,300.0082120213092
0.7777777777777777,0.1111111111111111,0.1111111111111111,77.77777777777777,300.0480667819586
0.7777777777777777,0.1111111111111111,0.2222222222222222,77.77777777777777,300.18088030520585
0.7777777777777777,0.1111111111111111,0.3333333333333333,77.77777777777777,300.43761154603635
0.7777777777777777,0.1111111111111111,0.4444444444444444,77.77777777777777,300.68067142168013
0.7777777777777777,0.1111111111111111,0.5555555555555556,77.77777777777777,300.68067142168013
0.7777777777777777,0.1111111111111111,0.6666666666666666,77.77777777777777,300.43761154603635
0.7777777777777777,0.1111111111111111,0.7777777777777777,77.77777777777777,300.18088030520585
0.7777777777777777,0.1111111111111111,0.8888888888888888,77.77777777777777,300.0480667819586
0.7777777777777777,0.1111111111111111,1.0,77.77777777777777,300.0082120213092
0.7777777777777777,0.2222222222222222,0.0,77.77777777777777,300.0309026912192
0.7777777777777777,0.2222222222222222,0.1111111111111111,77.77777777777777,300.18088030520585
0.7777777777777777,0.2222222222222222,0.2222222222222222,77.77777777777777,300.68067142168013
0.7777777777777777,0.2222222222222222,0.3333333333333333,77.77777777777777,301.6467778116873
0.7777777777777777,0.2222222222222222,0.4444444444444444,77.77777777777777,302.5614374310392
0.7777777777777777,0.2222222222222222,0.5555555555555556,77.77777777777777,302.5614374310392
0.7777777777777777,0.2222222222222222,0.6666666666666666,77.77777777777777,301.6467778116873
0.7777777777777777,0.2222222222222222,0.7777777777777777,77.77777777777777,300.68067142168013
0.7777777777777777,0.2222222222222222,0.8888888888888888,77.77777777777777,300.18088030520585
0.7777777777777777,0.2222222222222222,1.0,77.77777777777777,300.0309026912192
0.7777777777777777,0.3333333333333333,0.0,77.77777777777777,300.0747642175068
0.7777777777777777,0.3333333333333333,0.1111111111111111,77.77777777777777,300.43761154603635
0.7777777777777777,0.3333333333333333,0.2222222222222222,77.77777777777777,301.6467778116873
0.7777777777777777,0.3333333333333333,0.3333333333333333,77.77777777777777,303.98412078822366
0.7777777777777777,0.3333333333333333,0.4444444444444444,77.77777777777777,306.1969963672764
0.7777777777777777,0.3333333333333333,0.5555555555555556,77.77777777777777,306.1969963672764
0.7777777777777777,0.3333333333333333,0.6666666666666666,77.77777777777777,303.98412078822366
0.7777777777777777,0.3333333333333333,0.7777777777777777,77.77777777777777,301.6467778116873
0.7777777777777777,0.3333333333333333,0.8888888888888888,77.77777777777777,300.43761154603635
0.7777777777777777,0.3333333333333333,1.0,77.77777777777777,300.0747642175068
0.7777777777777777,0.4444444444444444,0.0,77.77777777777777,300.1162900446346
0.7777777777777777,0.4444444444444444,0.1111111111111111,77.77777777777777,300.68067142168013
0.7777777777777777,0.4444444444444444,0.2222222222222222,77.77777777777777,302.5614374310392
0.7777777777777777,0.4444444444444444,0.3333333333333333,77.77777777777777,306.1969963672764
0.7777777777777777,0.4444444444444444,0.4444444444444444,77.77777777777777,309.6389557489193
0.7777777777777777,0.4444444444444444,0.5555555555555556,77.77777777777777,309.6389557489193
0.7777777777777777,0.4444444444444444,0.6666666666666666,77.77777777777777,306.1969963672764
0.7777777777777777,0.4444444444444444,0.7777777777777777,77.77777777777777,302.5614374310392
0.7777777777777777,0.4444444444444444,0.8888888888888888,77.77777777777777,300.68067142168013
0.7777777777777777,0.4444444444444444,1.0,77.77777777777777,300.1162900446346
0.7777777777777777,0.5555555555555556,0.0,77.77777777777777,300.1162900446346
0.7777777777777777,0.5555555555555556,0.1111111111111111,77.77777777777777,300.68067142168013
0.7777777777777777,0.5555555555555556,0.2222222222222222,77.77777777777777,302.5614374310392
0.7777777777777777,0.5555555555555556,0.3333333333333333,77.77777777777777,306.1969963672764
0.7777777777777777,0.5555555555555556,0.4444444444444444,77.77777777777777,309.6389557489193
0.7777777777777777,0.5555555555555556,0.5555555555555556,77.77777777777777,309.6389557489193
0.7777777777777777,0.5555555555555556,0.6666666666666666,77.77777777777777,306.1969963672764
0.7777777777777777,0.5555555555555556,0.7777777777777777,77.77777777777777,302.5614374310392
0.7777777777777777,0.5555555555555556,0.8888888888888888,77.77777777777777,300.68067142168013
0.7777777777777777,0.5555555555555556,1.0,77.77777777777777,300.1162900446346
0.7777777777777777,0.6666666666666666,0.0,77.77777777777777,300.0747642175068
0.7777777777777777,0.6666666666666666,0.1111111111111111,77.77777777777777,300.43761154603635
0.7777777777777777,0.6666666666666666,0.2222222222222222,77.77777777777777,301.6467778116873
0.7777777777777777,0.6666666666666666,0.3333333333333333,77.77777777777777,303.98412078822366
0.7777777777777777,0.6666666666666666,0.4444444444444444,77.77777777777777,306.1969963672764
0.7777777777777777,0.6666666666666666,0.5555555555555556,77.77777777777777,306.1969963672764
0.7777777777777777,0.6666666666666666,0.6666666666666666,77.77777777777777,303.98412078822366
0.7777777777777777,0.6666666666666666,0.7777777777777777,77.77777777777777,301.6467778116873
0.7777777777777777,0.6666666666666666,0.8888888888888888,77.77777777777777,300.43761154603635
0.7777777777777777,0.6666666666666666,1.0,77.77777777777777,300.0747642175068
0.7777777777777777,0.7777777777777777,0.0,77.77777777777777,300.0309026912192
0.7777777777777777,0.7777777777777777,0.1111111111111111,77.77777777777777,300.18088030520585
0.7777777777777777,0.7777777777777777,0.2222222222222222,77.77777777777777,300.68067142168013
0.7777777777777777,0.7777777777777777,0.3333333333333333,77.77777777777777,301.6467778116873
0.7777777777777777,0.7777777777777777,0.4444444444444444,77.77777777777777,302.5614374310392
0.7777777777777777,0.7777777777777777,0.5555555555555556,77.77777777777777,302.5614374310392
0.7777777777777777,0.7777777777777777,0.6666666666666666,77.77777777777777,301.6467778116873
0.7777777777777777,0.7777777777777777,0.7777777777777777,77.77777777777777,300.68067142168013
0.7777777777777777,0.7777777777777777,0.8888888888888888,77.77777777777777,300.18088030520585
0.7777777777777777,0.7777777777777777,1.0,77.77777777777777,300.0309026912192
0.7777777777777777,0.8888888888888888,0.0,77.77777777777777,300.0082120213092
0.7777777777777777,0.8888888888888888,0.1111111111111111,77.77777777777777,300.0480667819586
0.7777777777777777,0.8888888888888888,0.2222222222222222,77.77777777777777,300.18088030520585
0.7777777777777777,0.8888888888888888,0.3333333333333333,77.77777777777777,300.43761154603635
0.7777777777777777,0.8888888888888888,0.4444444444444444,77.77777777777777,300.68067142168013
0.7777777777777777,0.8888888888888888,0.5555555555555556,77.77777777777777,300.68067142168013
0.7777777777777777,0.8888888888888888,0.6666666666666666,77.77777777777777,300.43761154603635
0.7777777777777777,0.8888888888888888,0.7777777777777777,77.77777777777777,300.18088030520585
0.7777777777777777,0.8888888888888888,0.8888888888888888,77.77777777777777,300.0480667819586
0.7777777777777777,0.8888888888888888,1.0,77.77777777777777,300.0082120213092
0.7777777777777777,1.0,0.0,77.77777777777777,300.00140299165525
0.7777777777777777,1.0,0.1111111111111111,77.77777777777777,300.0082120213092
0.7777777777777777,1.0,0.2222222222222222,77.77777777777777,300.0309026912192
0.7777777777777777,1.0,0.3333333333333333,77.77777777777777,300.0747642175068
0.7777777777777777,1.0,0.4444444444444444,77.77777777777777,300.1162900446346
0.7777777777777777,1.0,0.5555555555555556,77.77777777777777,300.1162900446346
0.7777777777777777,1.0,0.6666666666666666,77.77777777777777,300.0747642175068
0.7777777777777777,1.0,0.7777777777777777,77.77777777777777,300.0309026912192
0.7777777777777777,1.0,0.8888888888888888,77.77777777777777,300.0082120213092
0.7777777777777777,1.0,1.0,77.77777777777777,300.00140299165525
0.8888888888888888,0.0,0.0,77.77777777777777,300.00037282828504
0.8888888888888888,0.0,0.1111111111111111,77.77777777777777,300.00218224663683
0.8888888888888888,0.0,0.2222222222222222,77.77777777777777,300.0082120213092
0.8888888888888888,0.0,0.3333333333333333,77.77777777777777,300.0198676983496
0.8888888888888888,0.0,0.4444444444444444,77.77777777777777,300.0309026912192
0.8888888888888888,0.0,0.5555555555555556,77.77777777777777,300.0309026912192
0.8888888888888888,0.0,0.6666666666666666,77.77777777777777,300.0198676983496
0.8888888888888888,0.0,0.7777777777777777,77.77777777777777,300.0082120213092
0.8888888888888888,0.0,0.8888888888888888,77.77777777777777,300.00218224663683
0.8888888888888888,0.0,1.0,77.77777777777777,300.00037282828504
0.8888888888888888,0.1111111111111111,0.0,77.77777777777777,300.00218224663683
0.8888888888888888,0.1111111111111111,0.1111111111111111,77.77777777777777,300.0127731735372
0.8888888888888888,0.1111111111111111,0.2222222222222222,77.77777777777777,300.0480667819586
0.8888888888888888,0.1111111111111111,0.3333333333333333,77.77777777777777,300.1162900446346
0.8888888888888888,0.1111111111111111,0.4444444444444444,77.77777777777777,300.18088030520585
0.8888888888888888,0.1111111111111111,0.5555555555555556,77.77777777777777,300.18088030520585
0.8888888888888888,0.1111111111111111,0.6666666666666666,77.77777777777777,300.1162900446346
0.8888888888888888,0.1111111111111111,0.7777777777777777,77.77777777777777,300.0480667819586
0.8888888888888888,0.1111111111111111,0.8888888888888888,77.77777777777777,300.0127731735372
0.8888888888888888,0.1111111111111111,1.0,77.77777777777777,300.00218224663683
0.8888888888888888,0.2222222222222222,0.0,77.77777777777777,300.0082120213092
0.8888888888888888,0.2222222222222222,0.1111111111111111,77.77777777777777,300.0480667819586
0.8888888888888888,0.2222222222222222,0.2222222222222222,77.77777777777777,300.18088030520585
0.8888888888888888,0.2222222222222222,0.3333333333333333,77.77777777777777,300.43761154603635
0.8888888888888888,0.2222222222222222,0.4444444444444444,77.77777777777777,300.68067142168013
0.8888888888888888,0.2222222222222222,0.5555555555555556,77.77777777777777,300.68067142168013
0.8888888888888888,0.2222222222222222,0.6666666666666666,77.77777777777777,300.43761154603635
0.8888888888888888,0.2222222222222222,0.7777777777777777,77.77777777777777,300.18088030520585
0.8888888888888888,0.2222222222222222,0.8888888888888888,77.77777777777777,300.0480667819586
0.8888888888888888,0.2222222222222222,1.0,77.77777777777777,300.0082120213092
0.8888888888888888,0.3333333333333333,0.0,77.77777777777777,300.0198676983496
0.8888888888888888,0.3333333333333333,0.1111111111111111,77.77777777777777,300.1162900446346
0.8888888888888888,0.3333333333333333,0.2222222222222222,77.77777777777777,300.43761154603635
0.8888888888888888,0.3333333333333333,0.3333333333333333,77.77777777777777,301.0587325414251
0.8888888888888888,0.3333333333333333,0.4444444444444444,77.77777777777777,301.6467778116873
0.8888888888888888,0.3333333333333333,0.5555555555555556,77.77777777777777,301.6467778116873
0.8888888888888888,0.3333333333333333,0.6666666666666666,77.77777777777777,301.0587325414251
0.8888888888888888,0.3333333333333333,0.7777777777777777,77.77777777777777,300.43761154603635
0.8888888888888888,0.3333333333333333,0.8888888888888888,77.77777777777777,300.1162900446346
0.8888888888888888,0.3333333333333333,1.0,77.77777777777777,300.0198676983496
0.8888888888888888,0.4444444444444444,0.0,77.77777777777777,300.0309026912192
0.8888888888888888,0.4444444444444444,0.1111111111111111,77.77777777777777,300.18088030520585
0.8888888888888888,0.4444444444444444,0.2222222222222222,77.77777777777777,300.68067142168013
0.8888888888888888,0.4444444444444444,0.3333333333333333,77.77777777777777,301.6467778116873
0.8888888888888888,0.4444444444444444,0.4444444444444444,77.77777777777777,302.5614374310392
0.8888888888888888,0.4444444444444444,0.5555555555555556,77.77777777777777,302.5614374310392
0.8888888888888888,0.4444444444444444,0.6666666666666666,77.77777777777777,301.6467778116873
0.8888888888888888,0.4444444444444444,0.7777777777777777,77.77777777777777,300.68067142168013
0.8888888888888888,0.4444444444444444,0.8888888888888888,77.77777777777777,300.18088030520585
0.8888888888888888,0.4444444444444444,1.0,77.77777777777777,300.0309026912192
0.8888888888888888,0.5555555555555556,0.0,77.77777777777777,300.0309026912192
0.8888888888888888,0.5555555555555556,0.1111111111111111,77.77777777777777,300.18088030520585
0.8888888888888888,0.5555555555555556,0.2222222222222222,77.77777777777777,300.68067142168013
0.8888888888888888,0.5555555555555556,0.3333333333333333,77.77777777777777,301.6467778116873
0.8888888888888888,0.5555555555555556,0.4444444444444444,77.77777777777777,302.5614374310392
0.8888888888888888,0.5555555555555556,0.5555555555555556,77.77777777777777,302.5614374310392
0.8888888888888888,0.5555555555555556,0.6666666666666666,77.77777777777777,301.6467778116873
0.8888888888888888,0.5555555555555556,0.7777777777777777,77.77777777777777,300.68067142168013
0.8888888888888888,0.5555555555555556,0.8888888888888888,77.77777777777777,300.18088030520585
0.8888888888888888,0.5555555555555556,1.0,77.77777777777777,300.0309026912192
0.8888888888888888,0.6666666666666666,0.0,77.77777777777777,300.0198676983496
0.8888888888888888,0.6666666666666666,0.1111111111111111,77.77777777777777,300.1162900446346
0.8888888888888888,0.6666666666666666,0.2222222222222222,77.77777777777777,300.43761154603635
0.8888888888888888,0.6666666666666666,0.3333333333333333,77.77777777777777,301.0587325414251
0.8888888888888888,0.6666666666666666,0.4444444444444444,77.77777777777777,301.6467778116873
0.8888888888888888,0.6666666666666666,0.5555555555555556,77.77777777777777,301.6467778116873
0.8888888888888888,0.6666666666666666,0.6666666666666666,77.77777777777777,301.0587325414251
0.8888888888888888,0.6666666666666666,0.7777777777777777,77.77777777777777,300.43761154603635
0.8888888888888888,0.6666666666666666,0.8888888888888888,77.77777777777777,300.1162900446346
0.8888888888888888,0.6666666666666666,1.0,77.77777777777777,300.0198676983496
0.8888888888888888,0.7777777777777777,0.0,77.77777777777777,300.0082120213092
0.8888888888888888,0.7777777777777777,0.1111111111111111,77.77777777777777,300.0480667819586
0.8888888888888888,0.7777777777777777,0.2222222222222222,77.77777777777777,300.18088030520585
0.8888888888888888,0.7777777777777777,0.3333333333333333,77.77777777777777,300.43761154603635
0.8888888888888888,0.7777777777777777,0.4444444444444444,77.77777777777777,300.68067142168013
0.8888888888888888,0.7777777777777777,0.5555555555555556,77.77777777777777,300.68067142168013
0.8888888888888888,0.7777777777777777,0.6666666666666666,77.77777777777777,300.43761154603635
0.8888888888888888,0.7777777777777777,0.7777777777777777,77.77777777777777,300.18088030520585
0.8888888888888888,0.7777777777777777,0.8888888888888888,77.77777777777777,300.0480667819586
0.8888888888888888,0.7777777777777777,1.0,77.77777777777777,300.0082120213092
0.8888888888888888,0.8888888888888888,0.0,77.77777777777777,300.00218224663683
0.8888888888888888,0.8888888888888888,0.1111111111111111,77.77777777777777,300.0127731735372
0.8888888888888888,0.8888888888888888,0.2222222222222222,77.77777777777777,300.0480667819586
0.8888888888888888,0.8888888888888888,0.3333333333333333,77.77777777777777,300.1162900446346
0.8888888888888888,0.8888888888888888,0.4444444444444444,77.77777777777777,300.18088030520585
0.8888888888888888,0.8888888888888888,0.5555555555555556,77.77777777777777,300.18088030520585
0.8888888888888888,0.8888888888888888,0.6666666666666666,77.77777777777777,300.1162900446346
0.8888888888888888,0.8888888888888888,0.7777777777777777,77.77777777777777,300.0480667819586
0.8888888888888888,0.8888888888888888,0.8888888888888888,77.77777777777777,300.0127731735372
0.8888888888888888,0.8888888888888888,1.0,77.77777777777777,300.00218224663683
0.8888888888888888,1.0,0.0,77.77777777777777,300.00037282828504
0.8888888888888888,1.0,0.1111111111111111,77.77777777777777,300.00218224663683
0.8888888888888888,1.0,0.2222222222222222,77.77777777777777,300.0082120213092
0.8888888888888888,1.0,0.3333333333333333,77.77777777777777,300.0198676983496
0.8888888888888888,1.0,0.4444444444444444,77.77777777777777,300.0309026912192
0.8888888888888888,1.0,0.5555555555555556,77.77777777777777,300.0309026912192
0.8888888888888888,1.0,0.6666666666666666,77.77777777777777,300.0198676983496
0.8888888888888888,1.0,0.7777777777777777,77.77777777777777,300.0082120213092
0.8888888888888888,1.0,0.8888888888888888,77.77777777777777,300.00218224663683
0.8888888888888888,1.0,1.0,77.77777777777777,300.00037282828504
1.0,0.0,0.0,77.77777777777777,300.0000636962513
1.0,0.0,0.1111111111111111,77.77777777777777,300.00037282828504
1.0,0.0,0.2222222222222222,77.77777777777777,300.00140299165525
1.0,0.0,0.3333333333333333,77.77777777777777,300.00339431839546
1.0,0.0,0.4444444444444444,77.77777777777777,300.0052796036777
1.0,0.0,0.5555555555555556,77.77777777777777,300.0052796036777
1.0,0.0,0.6666666666666666,77.77777777777777,300.00339431839546
1.0,0.0,0.7777777777777777,77.77777777777777,300.00140299165525
1.0,0.0,0.8888888888888888,77.77777777777777,300.00037282828504
1.0,0.0,1.0,77.77777777777777,300.0000636962513
1.0,0.1111111111111111,0.0,77.77777777777777,300.00037282828504
1.0,0.1111111111111111,0.1111111111111111,77.77777777777777,300.00218224663683
1.0,0.1111111111111111,0.2222222222222222,77.77777777777777,300.0082120213092
1.0,0.1111111111111111,0.3333333333333333,77.77777777777777,300.0198676983496
1.0,0.1111111111111111,0.4444444444444444,77.77777777777777,300.0309026912192
1.0,0.1111111111111111,0.5555555555555556,77.77777777777777,300.0309026912192
1.0,0.1111111111111111,0.6666666666666666,77.77777777777777,300.0198676983496
1.0,0.1111111111111111,0.7777777777777777,77.77777777777777,300.0082120213092
1.0,0.1111111111111111,0.8888888888888888,77.77777777777777,300.00218224663683
1.0,0.1111111111111111,1.0,77.77777777777777,300.00037282828504
1.0,0.2222222222222222,0.0,77.77777777777777,300.00140299165525
1.0,0.2222222222222222,0.1111111111111111,77.77777777777777,300.0082120213092
1.0,0.2222222222222222,0.2222222222222222,77.77777777777777,300.0309026912192
1.0,0.2222222222222222,0.3333333333333333,77.77777777777777,300.0747642175068
1.0,0.2222222222222222,0.4444444444444444,77.77777777777777,300.1162900446346
1.0,0.2222222222222222,0.5555555555555556,77.77777777777777,300.1162900446346
1.0,0.2222222222222222,0.6666666666666666,77.77777777777777,300.0747642175068
1.0,0.2222222222222222,0.7777777777777777,77.77777777777777,300.0309026912192
1.0,0.2222222222222222,0.8888888888888888,77.77777777777777,300.0082120213092
1.0,0.2222222222222222,1.0,77.77777777777777,300.00140299165525
1.0,0.3333333333333333,0.0,77.77777777777777,300.00339431839546
1.0,0.3333333333333333,0.1111111111111111,77.77777777777777,300.0198676983496
1.0,0.3333333333333333,0.2222222222222222,77.77777777777777,300.0747642175068
1.0,0.3333333333333333,0.3333333333333333,77.77777777777777,300.18088030520585
1.0,0.3333333333333333,0.4444444444444444,77.77777777777777,300.2813455349009
1.0,0.3333333333333333,0.5555555555555556,77.77777777777777,300.2813455349009
1.0,0.3333333333333333,0.6666666666666666,77.77777777777777,300.18088030520585
1.0,0.3333333333333333,0.7777777777777777,77.77777777777777,300.0747642175068
1.0,0.3333333333333333,0.8888888888888888,77.77777777777777,300.0198676983496
1.0,0.3333333333333333,1.0,77.77777777777777,300.00339431839546
1.0,0.4444444444444444,0.0,77.77777777777777,300.0052796036777
1.0,0.4444444444444444,0.1111111111111111,77.77777777777777,300.0309026912192
1.0,0.4444444444444444,0.2222222222222222,77.77777777777777,300.1162900446346
1.0,0.4444444444444444,0.3333333333333333,77.77777777777777,300.2813455349009
1.0,0.4444444444444444,0.4444444444444444,77.77777777777777,300.43761154603635
1.0,0.4444444444444444,0.5555555555555556,77.77777777777777,300.43761154603635
1.0,0.4444444444444444,0.6666666666666666,77.77777777777777,300.2813455349009
1.0,0.4444444444444444,0.7777777777777777,77.77777777777777,300.1162900446346
1.0,0.4444444444444444,0.8888888888888888,77.77777777777777,300.0309026912192
1.0,0.4444444444444444,1.0,77.77777777777777,300.0052796036777
1.0,0.5555555555555556,0.0,77.77777777777777,300.0052796036777
1.0,0.5555555555555556,0.1111111111111111,77.77777777777777,300.0309026912192
1.0,0.5555555555555556,0.2222222222222222,77.77777777777777,300.1162900446346
1.0,0.5555555555555556,0.3333333333333333,77.77777777777777,300.2813455349009
1.0,0.5555555555555556,0.4444444444444444,77.77777777777777,300.43761154603635
1.0,0.5555555555555556,0.5555555555555556,77.77777777777777,300.43761154603635
1.0,0.5555555555555556,0.6666666666666666,77.77777777777777,300.2813455349009
1.0,0.5555555555555556,0.7777777777777777,77.77777777777777,300.1162900446346
1.0,0.5555555555555556,0.8888888888888888,77.77777777777777,300.0309026912192
1.0,0.5555555555555556,1.0,77.77777777777777,300.0052796036777
1.0,0.6666666666666666,0.0,77.77777777777777,300.00339431839546
1.0,0.6666666666666666,0.1111111111111111,77.77777777777777,300.0198676983496
1.0,0.6666666666666666,0.2222222222222222,77.77777777777777,300.0747642175068
1.0,0.6666666666666666,0.3333333333333333,77.77777777777777,300.18088030520585
1.0,0.6666666666666666,0.4444444444444444,77.77777777777777,300.2813455349009
1.0,0.6666666666666666,0.5555555555555556,77.77777777777777,300.2813455349009
1.0,0.6666666666666666,0.6666666666666666,77.77777777777777,300.18088030520585
1.0,0.6666666666666666,0.7777777777777777,77.77777777777777,300.0747642175068
1.0,0.6666666666666666,0.8888888888888888,77.77777777777777,300.0198676983496
1.0,0.6666666666666666,1.0,77.77777777777777,300.00339431839546
1.0,0.7777777777777777,0.0,77.77777777777777,300.00140299165525
1.0,0.7777777777777777,0.1111111111111111,77.77777777777777,300.0082120213092
1.0,0.7777777777777777,0.2222222222222222,77.77777777777777,300.0309026912192
1.0,0.7777777777777777,0.3333333333333333,77.77777777777777,300.0747642175068
1.0,0.7777777777777777,0.4444444444444444,77.77777777777777,300.1162900446346
1.0,0.7777777777777777,0.5555555555555556,77.77777777777777,300.1162900446346
1.0,0.7777777777777777,0.6666666666666666,77.77777777777777,300.0747642175068
1.0,0.7777777777777777,0.7777777777777777,77.77777777777777,300.0309026912192
1.0,0.7777777777777777,0.8888888888888888,77.77777777777777,300.0082120213092
1.0,0.7777777777777777,1.0,77.77777777777777,300.00140299165525
1.0,0.8888888888888888,0.0,77.77777777777777,300.00037282828504
1.0,0.8888888888888888,0.1111111111111111,77.77777777777777,300.00218224663683
1.0,0.8888888888888888,0.2222222222222222,77.77777777777777,300.0082120213092
1.0,0.8888888888888888,0.3333333333333333,77.77777777777777,300.0198676983496
1.0,0.8888888888888888,0.4444444444444444,77.77777777777777,300.0309026912192
1.0,0.8888888888888888,0.5555555555555556,77.77777777777777,300.0309026912192
1.0,0.8888888888888888,0.6666666666666666,77.77777777777777,300.0198676983496
1.0,0.8888888888888888,0.7777777777777777,77.77777777777777,300.0082120213092
1.0,0.8888888888888888,0.8888888888888888,77.77777777777777,300.00218224663683
1.0,0.8888888888888888,1.0,77.77777777777777,300.00037282828504
1.0,1.0,0.0,77.77777777777777,300.0000636962513
1.0,1.0,0.1111111111111111,77.77777777777777,300.00037282828504
1.0,1.0,0.2222222222222222,77.77777777777777,300.00140299165525
1.0,1.0,0.3333333333333333,77.77777777777777,300.00339431839546
1.0,1.0,0.4444444444444444,77.77777777777777,300.0052796036777
1.0,1.0,0.5555555555555556,77.77777777777777,300.0052796036777
1.0,1.0,0.6666666666666666,77.77777777777777,300.00339431839546
1.0,1.0,0.7777777777777777,77.77777777777777,300.00140299165525
1.0,1.0,0.8888888888888888,77.77777777777777,300.00037282828504
1.0,1.0,1.0,77.77777777777777,300.0000636962513
0.0,0.0,0.0,88.88888888888889,300.00017243294167
0.0,0.0,0.1111111111111111,88.88888888888889,300.0008700212851
0.0,0.0,0.2222222222222222,88.88888888888889,300.002928951013
0.0,0.0,0.3333333333333333,88.88888888888889,300.0065791066776
0.0,0.0,0.4444444444444444,88.88888888888889,300.00986039558313
0.0,0.0,0.5555555555555556,88.88888888888889,300.00986039558313
0.0,0.0,0.6666666666666666,88.88888888888889,300.0065791066776
0.0,0.0,0.7777777777777777,88.88888888888889,300.002928951013
0.0,0.0,0.8888888888888888,88.88888888888889,300.0008700212851
0.0,0.0,1.0,88.88888888888889,300.00017243294167
0.0,0.1111111111111111,0.0,88.88888888888889,300.0008700212851
0.0,0.1111111111111111,0.1111111111111111,88.88888888888889,300.00438974727837
0.0,0.1111111111111111,0.2222222222222222,88.88888888888889,300.01477820710636
0.0,0.1111111111111111,0.3333333333333333,88.88888888888889,300.0331952977786
0.0,0.1111111111111111,0.4444444444444444,88.88888888888889,300.04975124794885
0.0,0.1111111111111111,0.5555555555555556,88.88888888888889,300.04975124794885
0.0,0.1111111111111111,0.6666666666666666,88.88888888888889,300.0331952977786
0.0,0.1111111111111111,0.7777777777777777,88.88888888888889,300.01477820710636
0.0,0.1111111111111111,0.8888888888888888,88.88888888888889,300.00438974727837
0.0,0.1111111111111111,1.0,88.88888888888889,300.0008700212851
0.0,0.2222222222222222,0.0,88.88888888888889,300.002928951013
0.0,0.2222222222222222,0.1111111111111111,88.88888888888889,300.01477820710636
0.0,0.2222222222222222,0.2222222222222222,88.88888888888889,300.04975124794885
0.0,0.2222222222222222,0.3333333333333333,88.88888888888889,300.11175289929497
0.0,0.2222222222222222,0.4444444444444444,88.88888888888889,300.1674889690372
0.0,0.2222222222222222,0.5555555555555556,88.88888888888889,300.1674889690372
0.0,0.2222222222222222,0.6666666666666666,88.88888888888889,300.11175289929497
0.0,0.2222222222222222,0.7777777777777777,88.88888888888889,300.04975124794885
0.0,0.2222222222222222,0.8888888888888888,88.88888888888889,300.01477820710636
0.0,0.2222222222222222,1.0,88.88888888888889,300.002928951013
0.0,0.3333333333333333,0.0,88.88888888888889,300.0065791066776
0.0,0.3333333333333333,0.1111111111111111,88.88888888888889,300.0331952977786
0.0,0.3333333333333333,0.2222222222222222,88.88888888888889,300.11175289929497
0.0,0.3333333333333333,0.3333333333333333,88.88888888888889,300.2510230600381
0.0,0.3333333333333333,0.4444444444444444,88.88888888888889,300.37621926406916
0.0,0.3333333333333333,0.5555555555555556,88.88888888888889,300.37621926406916
0.0,0.3333333333333333,0.6666666666666666,88.88888888888889,300.2510230600381
0.0,0.3333333333333333,0.7777777777777777,88.88888888888889,300.11175289929497
0.0,0.3333333333333333,0.8888888888888888,88.88888888888889,300.0331952977786
0.0,0.3333333333333333,1.0,88.88888888888889,300.0065791066776
0.0,0.4444444444444444,0.0,88.88888888888889,300.00986039558313
0.0,0.4444444444444444,0.1111111111111111,88.88888888888889,300.04975124794885
0.0,0.4444444444444444,0.2222222222222222,88.88888888888889,300.1674889690372
0.0,0.4444444444444444,0.3333333333333333,88.88888888888889,300.37621926406916
0.0,0.4444444444444444,0.4444444444444444,88.88888888888889,300.5638563032228
0.0,0.4444444444444444,0.5555555555555556,88.88888888888889,300.5638563032228
0.0,0.4444444444444444,0.6666666666666666,88.88888888888889,300.37621926406916
0.0,0.4444444444444444,0.7777777777777777,88.88888888888889,300.1674889690372
0.0,0.4444444444444444,0.8888888888888888,88.88888888888889,300.04975124794885
0.0,0.4444444444444444,1.0,88.88888888888889,300.00986039558313
0.0,0.5555555555555556,0.0,88.88888888888889,300.00986039558313
0.0,0.5555555555555556,0.1111111111111111,88.88888888888889,300.04975124794885
0.0,0.5555555555555556,0.2222222222222222,88.88888888888889,300.1674889690372
0.0,0.5555555555555556,0.3333333333333333,88.88888888888889,300.37621926406916
0.0,0.5555555555555556,0.4444444444444444,88.88888888888889,300.5638563032228
0.0,0.5555555555555556,0.5555555555555556,88.88888888888889,300.5638563032228
0.0,0.5555555555555556,0.6666666666666666,88.88888888888889,300.37621926406916
0.0,0.5555555555555556,0.7777777777777777,88.88888888888889,300.1674889690372
0.0,0.5555555555555556,0.8888888888888888,88.88888888888889,300.04975124794885
0.0,0.5555555555555556,1.0,88.88888888888889,300.00986039558313
0.0,0.6666666666666666,0.0,88.88888888888889,300.0065791066776
0.0,0.6666666666666666,0.1111111111111111,88.88888888888889,300.0331952977786
0.0,0.6666666666666666,0.2222222222222222,88.88888888888889,300.11175289929497
0.0,0.6666666666666666,0.3333333333333333,88.88888888888889,300.2510230600381
0.0,0.6666666666666666,0.4444444444444444,88.88888888888889,300.37621926406916
0.0,0.6666666666666666,0.5555555555555556,88.88888888888889,300.37621926406916
0.0,0.6666666666666666,0.6666666666666666,88.88888888888889,300.2510230600381
0.0,0.6666666666666666,0.7777777777777777,88.88888888888889,300.11175289929497
0.0,0.6666666666666666,0.8888888888888888,88.88888888888889,300.0331952977786
0.0,0.6666666666666666,1.0,88.88888888888889,300.0065791066776
0.0,0.7777777777777777,0.0,88.88888888888889,300.002928951013
0.0,0.7777777777777777,0.1111111111111111,88.88888888888889,300.01477820710636
0.0,0.7777777777777777,0.2222222222222222,88.88888888888889,300.04975124794885
0.0,0.7777777777777777,0.3333333333333333,88.88888888888889,300.11175289929497
0.0,0.7777777777777777,0.4444444444444444,88.88888888888889,300.1674889690372
0.0,0.7777777777777777,0.5555555555555556,88.88888888888889,300.1674889690372
0.0,0.7777777777777777,0.6666666666666666,88.88888888888889,300.11175289929497
0.0,0.7777777777777777,0.7777777777777777,88.88888888888889,300.04975124794885
0.0,0.7777777777777777,0.8888888888888888,88.88888888888889,300.01477820710636
0.0,0.7777777777777777,1.0,88.88888888888889,300.002928951013
0.0,0.8888888888888888,0.0,88.88888888888889,300.0008700212851
0.0,0.8888888888888888,0.1111111111111111,88.88888888888889,300.00438974727837
0.0,0.8888888888888888,0.2222222222222222,88.88888888888889,300.01477820710636
0.0,0.8888888888888888,0.3333333333333333,88.88888888888889,300.0331952977786
0.0,0.8888888888888888,0.4444444444444444,88.88888888888889,300.04975124794885
0.0,0.8888888888888888,0.5555555555555556,88.88888888888889,300.04975124794885
0.0,0.8888888888888888,0.6666666666666666,88.88888888888889,300.0331952977786
0.0,0.8888888888888888,0.7777777777777777,88.88888888888889,300.01477820710636
0.0,0.8888888888888888,0.8888888888888888,88.88888888888889,300.00438974727837
0.0,0.8888888888888888,1.0,88.88888888888889,300.0008700212851
0.0,1.0,0.0,88.88888888888889,300.00017243294167
0.0,1.0,0.1111111111111111,88.88888888888889,300.0008700212851
0.0,1.0,0.2222222222222222,88.88888888888889,300.002928951013
0.0,1.0,0.3333333333333333,88.88888888888889,300.0065791066776
0.0,1.0,0.4444444444444444,88.88888888888889,300.00986039558313
0.0,1.0,0.5555555555555556,88.88888888888889,300.00986039558313
0.0,1.0,0.6666666666666666,88.88888888888889,300.0065791066776
0.0,1.0,0.7777777777777777,88.88888888888889,300.002928951013
0.0,1.0,0.8888888888888888,88.88888888888889,300.0008700212851
0.0,1.0,1.0,88.88888888888889,300.00017243294167
0.1111111111111111,0.0,0.0,88.88888888888889,300.0008700212851
0.1111111111111111,0.0,0.1111111111111111,88.88888888888889,300.00438974727837
0.1111111111111111,0.0,0.2222222222222222,88.88888888888889,300.01477820710636
0.1111111111111111,0.0,0.3333333333333333,88.88888888888889,300.0331952977786
0.1111111111111111,0.0,0.4444444444444444,88.88888888888889,300.04975124794885
0.1111111111111111,0.0,0.5555555555555556,88.88888888888889,300.04975124794885
0.1111111111111111,0.0,0.6666666666666666,88.88888888888889,300.0331952977786
0.1111111111111111,0.0,0.7777777777777777,88.88888888888889,300.01477820710636
0.1111111111111111,0.0,0.8888888888888888,88.88888888888889,300.00438974727837
0.1111111111111111,0.0,1.0,88.88888888888889,300.0008700212851
0.1111111111111111,0.1111111111111111,0.0,88.88888888888889,300.00438974727837
0.1111111111111111,0.1111111111111111,0.1111111111111111,88.88888888888889,300.02214874681624
0.1111111111111111,0.1111111111111111,0.2222222222222222,88.88888888888889,300.074564376225
0.1111111111111111,0.1111111111111111,0.3333333333333333,88.88888888888889,300.1674889690372
0.1111111111111111,0.1111111111111111,0.4444444444444444,88.88888888888889,300.2510230600381
0.1111111111111111,0.1111111111111111,0.5555555555555556,88.88888888888889,300.2510230600381
0.1111111111111111,0.1111111111111111,0.6666666666666666,88.88888888888889,300.1674889690372
0.1111111111111111,0.1111111111111111,0.7777777777777777,88.88888888888889,300.074564376225
0.1111111111111111,0.1111111111111111,0.8888888888888888,88.88888888888889,300.02214874681624
0.1111111111111111,0.1111111111111111,1.0,88.88888888888889,300.00438974727837
0.1111111111111111,0.2222222222222222,0.0,88.88888888888889,300.01477820710636
0.1111111111111111,0.2222222222222222,0.1111111111111111,88.88888888888889,300.074564376225
0.1111111111111111,0.2222222222222222,0.2222222222222222,88.88888888888889,300.2510230600381
0.1111111111111111,0.2222222222222222,0.3333333333333333,88.88888888888889,300.5638563032228
0.1111111111111111,0.2222222222222222,0.4444444444444444,88.88888888888889,300.8450761591667
0.1111111111111111,0.2222222222222222,0.5555555555555556,88.88888888888889,300.8450761591667
0.1111111111111111,0.2222222222222222,0.6666666666666666,88.88888888888889,300.5638563032228
0.1111111111111111,0.2222222222222222,0.7777777777777777,88.88888888888889,300.2510230600381
0.1111111111111111,0.2222222222222222,0.8888888888888888,88.88888888888889,300.074564376225
0.1111111111111111,0.2222222222222222,1.0,88.88888888888889,300.01477820710636
0.1111111111111111,0.3333333333333333,0.0,88.88888888888889,300.0331952977786
0.1111111111111111,0.3333333333333333,0.1111111111111111,88.88888888888889,300.1674889690372
0.1111111111111111,0.3333333333333333,0.2222222222222222,88.88888888888889,300.5638563032228
0.1111111111111111,0.3333333333333333,0.3333333333333333,88.88888888888889,301.2665526849838
0.1111111111111111,0.3333333333333333,0.4444444444444444,88.88888888888889,301.8982380303114
0.1111111111111111,0.3333333333333333,0.5555555555555556,88.88888888888889,301.8982380303114
0.1111111111111111,0.3333333333333333,0.6666666666666666,88.88888888888889,301.2665526849838
0.1111111111111111,0.3333333333333333,0.7777777777777777,88.88888888888889,300.5638563032228
0.1111111111111111,0.3333333333333333,0.8888888888888888,88.88888888888889,300.1674889690372
0.1111111111111111,0.3333333333333333,1.0,88.88888888888889,300.0331952977786
0.1111111111111111,0.4444444444444444,0.0,88.88888888888889,300.04975124794885
0.1111111111111111,0.4444444444444444,0.1111111111111111,88.88888888888889,300.2510230600381
0.1111111111111111,0.4444444444444444,0.2222222222222222,88.88888888888889,300.8450761591667
0.1111111111111111,0.4444444444444444,0.3333333333333333,88.88888888888889,301.8982380303114
0.1111111111111111,0.4444444444444444,0.4444444444444444,88.88888888888889,302.8449725482731
0.1111111111111111,0.4444444444444444,0.5555555555555556,88.88888888888889,302.8449725482731
0.1111111111111111,0.4444444444444444,0.6666666666666666,88.88888888888889,301.8982380303114
0.1111111111111111,0.4444444444444444,0.7777777777777777,88.88888888888889,300.8450761591667
0.1111111111111111,0.4444444444444444,0.8888888888888888,88.88888888888889,300.2510230600381
0.1111111111111111,0.4444444444444444,1.0,88.88888888888889,300.04975124794885
0.1111111111111111,0.5555555555555556,0.0,88.88888888888889,300.04975124794885
0.1111111111111111,0.5555555555555556,0.1111111111111111,88.88888888888889,300.2510230600381
0.1111111111111111,0.5555555555555556,0.2222222222222222,88.88888888888889,300.8450761591667
0.1111111111111111,0.5555555555555556,0.3333333333333333,88.88888888888889,301.8982380303114
0.1111111111111111,0.5555555555555556,0.4444444444444444,88.88888888888889,302.8449725482731
0.1111111111111111,0.5555555555555556,0.5555555555555556,88.88888888888889,302.8449725482731
0.1111111111111111,0.5555555555555556,0.6666666666666666,88.88888888888889,301.8982380303114
0.1111111111111111,0.5555555555555556,0.7777777777777777,88.88888888888889,300.8450761591667
0.1111111111111111,0.5555555555555556,0.8888888888888888,88.88888888888889,300.2510230600381
0.1111111111111111,0.5555555555555556,1.0,88.88888888888889,300.04975124794885
0.1111111111111111,0.6666666666666666,0.0,88.88888888888889,300.0331952977786
0.1111111111111111,0.6666666666666666,0.1111111111111111,88.88888888888889,300.1674889690372
0.1111111111111111,0.6666666666666666,0.2222222222222222,88.88888888888889,300.5638563032228
0.1111111111111111,0.6666666666666666,0.3333333333333333,88.88888888888889,301.2665526849838
0.1111111111111111,0.6666666666666666,0.4444444444444444,88.88888888888889,301.8982380303114
0.1111111111111111,0.6666666666666666,0.5555555555555556,88.88888888888889,301.8982380303114
0.1111111111111111,0.6666666666666666,0.6666666666666666,88.88888888888889,301.2665526849838
0.1111111111111111,0.6666666666666666,0.7777777777777777,88.88888888888889,300.5638563032228
0.1111111111111111,0.6666666666666666,0.8888888888888888,88.88888888888889,300.1674889690372
0.1111111111111111,0.6666666666666666,1.0,88.88888888888889,300.0331952977786
0.1111111111111111,0.7777777777777777,0.0,88.88888888888889,300.01477820710636
0.1111111111111111,0.7777777777777777,0.1111111111111111,88.88888888888889,300.074564376225
0.1111111111111111,0.7777777777777777,0.2222222222222222,88.88888888888889,300.2510230600381
0.1111111111111111,0.7777777777777777,0.3333333333333333,88.88888888888889,300.5638563032228
0.1111111111111111,0.7777777777777777,0.4444444444444444,88.88888888888889,300.8450761591667
0.1111111111111111,0.7777777777777777,0.5555555555555556,88.88888888888889,300.8450761591667
0.1111111111111111,0.7777777777777777,0.6666666666666666,88.88888888888889,300.5638563032228
0.1111111111111111,0.7777777777777777,0.7777777777777777,88.88888888888889,300.2510230600381
0.1111111111111111,0.7777777777777777,0.8888888888888888,88.88888888888889,300.074564376225
0.1111111111111111,0.7777777777777777,1.0,88.88888888888889,300.01477820710636
0.1111111111111111,0.8888888888888888,0.0,88.88888888888889,300.00438974727837
0.1111111111111111,0.8888888888888888,0.1111111111111111,88.88888888888889,300.02214874681624
0.1111111111111111,0.8888888888888888,0.2222222222222222,88.88888888888889,300.074564376225
0.1111111111111111,0.8888888888888888,0.3333333333333333,88.88888888888889,300.1674889690372
0.1111111111111111,0.8888888888888888,0.4444444444444444,88.88888888888889,300.2510230600381
0.1111111111111111,0.8888888888888888,0.5555555555555556,88.88888888888889,300.2510230600381
0.1111111111111111,0.8888888888888888,0.6666666666666666,88.88888888888889,300.1674889690372
0.1111111111111111,0.8888888888888888,0.7777777777777777,88.88888888888889,300.074564376225
0.1111111111111111,0.8888888888888888,0.8888888888888888,88.88888888888889,300.02214874681624
0.1111111111111111,0.8888888888888888,1.0,88.88888888888889,300.00438974727837
0.1111111111111111,1.0,0.0,88.88888888888889,300.0008700212851
0.1111111111111111,1.0,0.1111111111111111,88.88888888888889,300.00438974727837
0.1111111111111111,1.0,0.2222222222222222,88.88888888888889,300.01477820710636
0.1111111111111111,1.0,0.3333333333333333,88.88888888888889,300.0331952977786
0.1111111111111111,1.0,0.4444444444444444,88.88888888888889,300.04975124794885
0.1111111111111111,1.0,0.5555555555555556,88.88888888888889,300.04975124794885
0.1111111111111111,1.0,0.6666666666666666,88.88888888888889,300.0331952977786
0.1111111111111111,1.0,0.7777777777777777,88.88888888888889,300.01477820710636
0.1111111111111111,1.0,0.8888888888888888,88.88888888888889,300.00438974727837
0.1111111111111111,1.0,1.0,88.88888888888889,300.0008700212851
0.2222222222222222,0.0,0.0,88.88888888888889,300.002928951013
0.2222222222222222,0.0,0.1111111111111111,88.88888888888889,300.01477820710636
0.2222222222222222,0.0,0.2222222222222222,88.88888888888889,300.04975124794885
0.2222222222222222,0.0,0.3333333333333333,88.88888888888889,300.11175289929497
0.2222222222222222,0.0,0.4444444444444444,88.88888888888889,300.1674889690372
0.2222222222222222,0.0,0.5555555555555556,88.88888888888889,300.1674889690372
0.2222222222222222,0.0,0.6666666666666666,88.88888888888889,300.11175289929497
0.2222222222222222,0.0,0.7777777777777777,88.88888888888889,300.04975124794885
0.2222222222222222,0.0,0.8888888888888888,88.88888888888889,300.01477820710636
0.2222222222222222,0.0,1.0,88.88888888888889,300.002928951013
0.2222222222222222,0.1111111111111111,0.0,88.88888888888889,300.01477820710636
0.2222222222222222,0.1111111111111111,0.1111111111111111,88.88888888888889,300.074564376225
0.2222222222222222,0.1111111111111111,0.2222222222222222,88.88888888888889,300.2510230600381
0.2222222222222222,0.1111111111111111,0.3333333333333333,88.88888888888889,300.5638563032228
0.2222222222222222,0.1111111111111111,0.4444444444444444,88.88888888888889,300.8450761591667
0.2222222222222222,0.1111111111111111,0.5555555555555556,88.88888888888889,300.8450761591667
0.2222222222222222,0.1111111111111111,0.6666666666666666,88.88888888888889,300.5638563032228
0.2222222222222222,0.1111111111111111,0.7777777777777777,88.88888888888889,300.2510230600381
0.2222222222222222,0.1111111111111111,0.8888888888888888,88.88888888888889,300.074564376225
0.2222222222222222,0.1111111111111111,1.0,88.88888888888889,300.01477820710636
0.2222222222222222,0.2222222222222222,0.0,88.88888888888889,300.04975124794885
0.2222222222222222,0.2222222222222222,0.1111111111111111,88.88888888888889,300.2510230600381
0.2222222222222222,0.2222222222222222,0.2222222222222222,88.88888888888889,300.8450761591667
0.2222222222222222,0.2222222222222222,0.3333333333333333,88.88888888888889,301.8982380303114
0.2222222222222222,0.2222222222222222,0.4444444444444444,88.88888888888889,302.8449725482731
0.2222222222222222,0.2222222222222222,0.5555555555555556,88.88888888888889,302.8449725482731
0.2222222222222222,0.2222222222222222,0.6666666666666666,88.88888888888889,301.8982380303114
0.2222222222222222,0.2222222222222222,0.7777777777777777,88.88888888888889,300.8450761591667
0.2222222222222222,0.2222222222222222,0.8888888888888888,88.88888888888889,300.2510230600381
0.2222222222222222,0.2222222222222222,1.0,88.88888888888889,300.04975124794885
0.2222222222222222,0.3333333333333333,0.0,88.88888888888889,300.11175289929497
0.2222222222222222,0.3333333333333333,0.1111111111111111,88.88888888888889,300.5638563032228
0.2222222222222222,0.3333333333333333,0.2222222222222222,88.88888888888889,301.8982380303114
0.2222222222222222,0.3333333333333333,0.3333333333333333,88.88888888888889,304.2638850719369
0.2222222222222222,0.3333333333333333,0.4444444444444444,88.88888888888889,306.3904714714108
0.2222222222222222,0.3333333333333333,0.5555555555555556,88.88888888888889,306.3904714714108
0.2222222222222222,0.3333333333333333,0.6666666666666666,88.88888888888889,304.2638850719369
0.2222222222222222,0.3333333333333333,0.7777777777777777,88.88888888888889,301.8982380303114
0.2222222222222222,0.3333333333333333,0.8888888888888888,88.88888888888889,300.5638563032228
0.2222222222222222,0.3333333333333333,1.0,88.88888888888889,300.11175289929497
0.2222222222222222,0.4444444444444444,0.0,88.88888888888889,300.1674889690372
0.2222222222222222,0.4444444444444444,0.1111111111111111,88.88888888888889,300.8450761591667
0.2222222222222222,0.4444444444444444,0.2222222222222222,88.88888888888889,302.8449725482731
0.2222222222222222,0.4444444444444444,0.3333333333333333,88.88888888888889,306.3904714714108
0.2222222222222222,0.4444444444444444,0.4444444444444444,88.88888888888889,309.5776797305572
0.2222222222222222,0.4444444444444444,0.5555555555555556,88.88888888888889,309.5776797305572
0.2222222222222222,0.4444444444444444,0.6666666666666666,88.88888888888889,306.3904714714108
0.2222222222222222,0.4444444444444444,0.7777777777777777,88.88888888888889,302.8449725482731
0.2222222222222222,0.4444444444444444,0.8888888888888888,88.88888888888889,300.8450761591667
0.2222222222222222,0.4444444444444444,1.0,88.88888888888889,300.1674889690372
0.2222222222222222,0.5555555555555556,0.0,88.88888888888889,300.1674889690372
0.2222222222222222,0.5555555555555556,0.1111111111111111,88.88888888888889,300.8450761591667
0.2222222222222222,0.5555555555555556,0.2222222222222222,88.88888888888889,302.8449725482731
0.2222222222222222,0.5555555555555556,0.3333333333333333,88.88888888888889,306.3904714714108
0.2222222222222222,0.5555555555555556,0.4444444444444444,88.88888888888889,309.5776797305572
0.2222222222222222,0.5555555555555556,0.5555555555555556,88.88888888888889,309.5776797305572
0.2222222222222222,0.5555555555555556,0.6666666666666666,88.88888888888889,306.3904714714108
0.2222222222222222,0.5555555555555556,0.7777777777777777,88.88888888888889,302.8449725482731
0.2222222222222222,0.5555555555555556,0.8888888888888888,88.88888888888889,300.8450761591667
0.2222222222222222,0.5555555555555556,1.0,88.88888888888889,300.1674889690372
0.2222222222222222,0.6666666666666666,0.0,88.88888888888889,300.11175289929497
0.2222222222222222,0.6666666666666666,0.1111111111111111,88.88888888888889,300.5638563032228
0.2222222222222222,0.6666666666666666,0.2222222222222222,88.88888888888889,301.8982380303114
0.2222222222222222,0.6666666666666666,0.3333333333333333,88.88888888888889,304.2638850719369
0.2222222222222222,0.6666666666666666,0.4444444444444444,88.88888888888889,306.3904714714108
0.2222222222222222,0.6666666666666666,0.5555555555555556,88.88888888888889,306.3904714714108
0.2222222222222222,0.6666666666666666,0.6666666666666666,88.88888888888889,304.2638850719369
0.2222222222222222,0.6666666666666666,0.7777777777777777,88.88888888888889,301.8982380303114
0.2222222222222222,0.6666666666666666,0.8888888888888888,88.88888888888889,300.5638563032228
0.2222222222222222,0.6666666666666666,1.0,88.88888888888889,300.11175289929497
0.2222222222222222,0.7777777777777777,0.0,88.88888888888889,300.04975124794885
0.2222222222222222,0.7777777777777777,0.1111111111111111,88.88888888888889,300.2510230600381
0.2222222222222222,0.7777777777777777,0.2222222222222222,88.88888888888889,300.8450761591667
0.2222222222222222,0.7777777777777777,0.3333333333333333,88.88888888888889,301.8982380303114
0.2222222222222222,0.7777777777777777,0.4444444444444444,88.88888888888889,302.8449725482731
0.2222222222222222,0.7777777777777777,0.5555555555555556,88.88888888888889,302.8449725482731
0.2222222222222222,0.7777777777777777,0.6666666666666666,88.88888888888889,301.8982380303114
0.2222222222222222,0.7777777777777777,0.7777777777777777,88.88888888888889,300.8450761591667
0.2222222222222222,0.7777777777777777,0.8888888888888888,88.88888888888889,300.2510230600381
0.2222222222222222,0.7777777777777777,1.0,88.88888888888889,300.04975124794885
0.2222222222222222,0.8888888888888888,0.0,88.88888888888889,300.01477820710636
0.2222222222222222,0.8888888888888888,0.1111111111111111,88.88888888888889,300.074564376225
0.2222222222222222,0.8888888888888888,0.2222222222222222,88.88888888888889,300.2510230600381
0.2222222222222222,0.8888888888888888,0.3333333333333333,88.88888888888889,300.5638563032228
0.2222222222222222,0.8888888888888888,0.4444444444444444,88.88888888888889,300.8450761591667
0.2222222222222222,0.8888888888888888,0.5555555555555556,88.88888888888889,300.8450761591667
0.2222222222222222,0.8888888888888888,0.6666666666666666,88.88888888888889,300.5638563032228
0.2222222222222222,0.8888888888888888,0.7777777777777777,88.88888888888889,300.2510230600381
0.2222222222222222,0.8888888888888888,0.8888888888888888,88.88888888888889,300.074564376225
0.2222222222222222,0.8888888888888888,1.0,88.88888888888889,300.01477820710636
0.2222222222222222,1.0,0.0,88.88888888888889,300.002928951013
0.2222222222222222,1.0,0.1111111111111111,88.88888888888889,300.01477820710636
0.2222222222222222,1.0,0.2222222222222222,88.88888888888889,300.04975124794885
0.2222222222222222,1.0,0.3333333333333333,88.88888888888889,300.11175289929497
0.2222222222222222,1.0,0.4444444444444444,88.88888888888889,300.1674889690372
0.2222222222222222,1.0,0.5555555555555556,88.88888888888889,300.1674889690372
0.2222222222222222,1.0,0.6666666666666666,88.88888888888889,300.11175289929497
0.2222222222222222,1.0,0.7777777777777777,88.88888888888889,300.04975124794885
0.2222222222222222,1.0,0.8888888888888888,88.88888888888889,300.01477820710636
0.2222222222222222,1.0,1.0,88.88888888888889,300.002928951013
0.3333333333333333,0.0,0.0,88.88888888888889,300.0065791066776
0.3333333333333333,0.0,0.1111111111111111,88.88888888888889,300.0331952977786
0.3333333333333333,0.0,0.2222222222222222,88.88888888888889,300.11175289929497
0.3333333333333333,0.0,0.3333333333333333,88.88888888888889,300.2510230600381
0.3333333333333333,0.0,0.4444444444444444,88.88888888888889,300.37621926406916
0.3333333333333333,0.0,0.5555555555555556,88.88888888888889,300.37621926406916
0.3333333333333333,0.0,0.6666666666666666,88.88888888888889,300.2510230600381
0.3333333333333333,0.0,0.7777777777777777,88.88888888888889,300.11175289929497
0.3333333333333333,0.0,0.8888888888888888,88.88888888888889,300.0331952977786
0.3333333333333333,0.0,1.0,88.88888888888889,300.0065791066776
0.3333333333333333,0.1111111111111111,0.0,88.88888888888889,300.0331952977786
0.3333333333333333,0.1111111111111111,0.1111111111111111,88.88888888888889,300.1674889690372
0.3333333333333333,0.1111111111111111,0.2222222222222222,88.88888888888889,300.5638563032228
0.3333333333333333,0.1111111111111111,0.3333333333333333,88.88888888888889,301.2665526849838
0.3333333333333333,0.1111111111111111,0.4444444444444444,88.88888888888889,301.8982380303114
0.3333333333333333,0.1111111111111111,0.5555555555555556,88.88888888888889,301.8982380303114
0.3333333333333333,0.1111111111111111,0.6666666666666666,88.88888888888889,301.2665526849838
0.3333333333333333,0.1111111111111111,0.7777777777777777,88.88888888888889,300.5638563032228
0.3333333333333333,0.1111111111111111,0.8888888888888888,88.88888888888889,300.1674889690372
0.3333333333333333,0.1111111111111111,1.0,88.88888888888889,300.0331952977786
0.3333333333333333,0.2222222222222222,0.0,88.88888888888889,300.11175289929497
0.3333333333333333,0.2222222222222222,0.1111111111111111,88.88888888888889,300.5638563032228
0.3333333333333333,0.2222222222222222,0.2222222222222222,88.88888888888889,301.8982380303114
0.3333333333333333,0.2222222222222222,0.3333333333333333,88.88888888888889,304.2638850719369
0.3333333333333333,0.2222222222222222,0.4444444444444444,88.88888888888889,306.3904714714108
0.3333333333333333,0.2222222222222222,0.5555555555555556,88.88888888888889,306.3904714714108
0.3333333333333333,0.2222222222222222,0.6666666666666666,88.88888888888889,304.2638850719369
0.3333333333333333,0.2222222222222222,0.7777777777777777,88.88888888888889,301.8982380303114
0.3333333333333333,0.2222222222222222,0.8888888888888888,88.88888888888889,300.5638563032228
0.3333333333333333,0.2222222222222222,1.0,88.88888888888889,300.11175289929497
0.3333333333333333,0.3333333333333333,0.0,88.88888888888889,300.2510230600381
0.3333333333333333,0.3333333333333333,0.1111111111111111,88.88888888888889,301.2665526849838
0.3333333333333333,0.3333333333333333,0.2222222222222222,88.88888888888889,304.2638850719369
0.3333333333333333,0.3333333333333333,0.3333333333333333,88.88888888888889,309.5776797305572
0.3333333333333333,0.3333333333333333,0.4444444444444444,88.88888888888889,314.35448846481967
0.3333333333333333,0.3333333333333333,0.5555555555555556,88.88888888888889,314.35448846481967
0.3333333333333333,0.3333333333333333,0.6666666666666666,88.88888888888889,309.5776797305572
0.3333333333333333,0.3333333333333333,0.7777777777777777,88.88888888888889,304.2638850719369
0.3333333333333333,0.3333333333333333,0.8888888888888888,88.88888888888889,301.2665526849838
0.3333333333333333,0.3333333333333333,1.0,88.88888888888889,300.2510230600381
0.3333333333333333,0.4444444444444444,0.0,88.88888888888889,300.37621926406916
0.3333333333333333,0.4444444444444444,0.1111111111111111,88.88888888888889,301.8982380303114
0.3333333333333333,0.4444444444444444,0.2222222222222222,88.88888888888889,306.3904714714108
0.3333333333333333,0.4444444444444444,0.3333333333333333,88.88888888888889,314.35448846481967
0.3333333333333333,0.4444444444444444,0.4444444444444444,88.88888888888889,321.5137011137722
0.3333333333333333,0.4444444444444444,0.5555555555555556,88.88888888888889,321.5137011137722
0.3333333333333333,0.4444444444444444,0.6666666666666666,88.88888888888889,314.35448846481967
0.3333333333333333,0.4444444444444444,0.7777777777777777,88.88888888888889,306.3904714714108
0.3333333333333333,0.4444444444444444,0.8888888888888888,88.88888888888889,301.8982380303114
0.3333333333333333,0.4444444444444444,1.0,88.88888888888889,300.37621926406916
0.3333333333333333,0.5555555555555556,0.0,88.88888888888889,300.37621926406916
0.3333333333333333,0.5555555555555556,0.1111111111111111,88.88888888888889,301.8982380303114
0.3333333333333333,0.5555555555555556,0.2222222222222222,88.88888888888889,306.3904714714108
0.3333333333333333,0.5555555555555556,0.3333333333333333,88.88888888888889,314.35448846481967
0.3333333333333333,0.5555555555555556,0.4444444444444444,88.88888888888889,321.5137011137722
0.3333333333333333,0.5555555555555556,0.5555555555555556,88.88888888888889,321.5137011137722
0.3333333333333333,0.5555555555555556,0.6666666666666666,88.88888888888889,314.35448846481967
0.3333333333333333,0.5555555555555556,0.7777777777777777,88.88888888888889,306.3904714714108
0.3333333333333333,0.5555555555555556,0.8888888888888888,88.88888888888889,301.8982380303114
0.3333333333333333,0.5555555555555556,1.0,88.88888888888889,300.37621926406916
0.3333333333333333,0.6666666666666666,0.0,88.88888888888889,300.2510230600381
0.3333333333333333,0.6666666666666666,0.1111111111111111,88.88888888888889,301.2665526849838
0.3333333333333333,0.6666666666666666,0.2222222222222222,88.88888888888889,304.2638850719369
0.3333333333333333,0.6666666666666666,0.3333333333333333,88.88888888888889,309.5776797305572
0.3333333333333333,0.6666666666666666,0.4444444444444444,88.88888888888889,314.35448846481967
0.3333333333333333,0.6666666666666666,0.5555555555555556,88.88888888888889,314.35448846481967
0.3333333333333333,0.6666666666666666,0.6666666666666666,88.88888888888889,309.5776797305572
0.3333333333333333,0.6666666666666666,0.7777777777777777,88.88888888888889,304.2638850719369
0.3333333333333333,0.6666666666666666,0.8888888888888888,88.88888888888889,301.2665526849838
0.3333333333333333,0.6666666666666666,1.0,88.88888888888889,300.2510230600381
0.3333333333333333,0.7777777777777777,0.0,88.88888888888889,300.11175289929497
0.3333333333333333,0.7777777777777777,0.1111111111111111,88.88888888888889,300.5638563032228
0.3333333333333333,0.7777777777777777,0.2222222222222222,88.88888888888889,301.8982380303114
0.3333333333333333,0.7777777777777777,0.3333333333333333,88.88888888888889,304.2638850719369
0.3333333333333333,0.7777777777777777,0.4444444444444444,88.88888888888889,306.3904714714108
0.3333333333333333,0.7777777777777777,0.5555555555555556,88.88888888888889,306.3904714714108
0.3333333333333333,0.7777777777777777,0.6666666666666666,88.88888888888889,304.2638850719369
0.3333333333333333,0.7777777777777777,0.7777777777777777,88.88888888888889,301.8982380303114
0.3333333333333333,0.7777777777777777,0.8888888888888888,88.88888888888889,300.5638563032228
0.3333333333333333,0.7777777777777777,1.0,88.88888888888889,300.11175289929497
0.3333333333333333,0.8888888888888888,0.0,88.88888888888889,300.0331952977786
0.3333333333333333,0.8888888888888888,0.1111111111111111,88.88888888888889,300.1674889690372
0.3333333333333333,0.8888888888888888,0.2222222222222222,88.88888888888889,300.5638563032228
0.3333333333333333,0.8888888888888888,0.3333333333333333,88.88888888888889,301.2665526849838
0.3333333333333333,0.8888888888888888,0.4444444444444444,88.88888888888889,301.8982380303114
0.3333333333333333,0.8888888888888888,0.5555555555555556,88.88888888888889,301.8982380303114
0.3333333333333333,0.8888888888888888,0.6666666666666666,88.88888888888889,301.2665526849838
0.3333333333333333,0.8888888888888888,0.7777777777777777,88.88888888888889,300.5638563032228
0.3333333333333333,0.8888888888888888,0.8888888888888888,88.88888888888889,300.1674889690372
0.3333333333333333,0.8888888888888888,1.0,88.88888888888889,300.0331952977786
0.3333333333333333,1.0,0.0,88.88888888888889,300.0065791066776
0.3333333333333333,1.0,0.1111111111111111,88.88888888888889,300.0331952977786
0.3333333333333333,1.0,0.2222222222222222,88.88888888888889,300.11175289929497
0.3333333333333333,1.0,0.3333333333333333,88.88888888888889,300.2510230600381
0.3333333333333333,1.0,0.4444444444444444,88.88888888888889,300.37621926406916
0.3333333333333333,1.0,0.5555555555555556,88.88888888888889,300.37621926406916
0.3333333333333333,1.0,0.6666666666666666,88.88888888888889,300.2510230600381
0.3333333333333333,1.0,0.7777777777777777,88.88888888888889,300.11175289929497
0.3333333333333333,1.0,0.8888888888888888,88.88888888888889,300.0331952977786
0.3333333333333333,1.0,1.0,88.88888888888889,300.0065791066776
0.4444444444444444,0.0,0.0,88.88888888888889,300.00986039558313
0.4444444444444444,0.0,0.1111111111111111,88.88888888888889,300.04975124794885
0.4444444444444444,0.0,0.2222222222222222,88.88888888888889,300.1674889690372
0.4444444444444444,0.0,0.3333333333333333,88.88888888888889,300.37621926406916
0.4444444444444444,0.0,0.4444444444444444,88.88888888888889,300.5638563032228
0.4444444444444444,0.0,0.5555555555555556,88.88888888888889,300.5638563032228
0.4444444444444444,0.0,0.6666666666666666,88.88888888888889,300.37621926406916
0.4444444444444444,0.0,0.7777777777777777,88.88888888888889,300.1674889690372
0.4444444444444444,0.0,0.8888888888888888,88.88888888888889,300.04975124794885
0.4444444444444444,0.0,1.0,88.88888888888889,300.00986039558313
0.4444444444444444,0.1111111111111111,0.0,88.88888888888889,300.04975124794885
0.4444444444444444,0.1111111111111111,0.1111111111111111,88.88888888888889,300.2510230600381
0.4444444444444444,0.1111111111111111,0.2222222222222222,88.88888888888889,300.8450761591667
0.4444444444444444,0.1111111111111111,0.3333333333333333,88.88888888888889,301.8982380303114
0.4444444444444444,0.1111111111111111,0.4444444444444444,88.88888888888889,302.8449725482731
0.4444444444444444,0.1111111111111111,0.5555555555555556,88.88888888888889,302.8449725482731
0.4444444444444444,0.1111111111111111,0.6666666666666666,88.88888888888889,301.8982380303114
0.4444444444444444,0.1111111111111111,0.7777777777777777,88.88888888888889,300.8450761591667
0.4444444444444444,0.1111111111111111,0.8888888888888888,88.88888888888889,300.2510230600381
0.4444444444444444,0.1111111111111111,1.0,88.88888888888889,300.04975124794885
0.4444444444444444,0.2222222222222222,0.0,88.88888888888889,300.1674889690372
0.4444444444444444,0.2222222222222222,0.1111111111111111,88.88888888888889,300.8450761591667
0.4444444444444444,0.2222222222222222,0.2222222222222222,88.88888888888889,302.8449725482731
0.4444444444444444,0.2222222222222222,0.3333333333333333,88.88888888888889,306.3904714714108
0.4444444444444444,0.2222222222222222,0.4444444444444444,88.88888888888889,309.5776797305572
0.4444444444444444,0.2222222222222222,0.5555555555555556,88.88888888888889,309.5776797305572
0.4444444444444444,0.2222222222222222,0.6666666666666666,88.88888888888889,306.3904714714108
0.4444444444444444,0.2222222222222222,0.7777777777777777,88.88888888888889,302.8449725482731
0.4444444444444444,0.2222222222222222,0.8888888888888888,88.88888888888889,300.8450761591667
0.4444444444444444,0.2222222222222222,1.0,88.88888888888889,300.1674889690372
0.4444444444444444,0.3333333333333333,0.0,88.88888888888889,300.37621926406916
0.4444444444444444,0.3333333333333333,0.1111111111111111,88.88888888888889,301.8982380303114
0.4444444444444444,0.3333333333333333,0.2222222222222222,88.88888888888889,306.3904714714108
0.4444444444444444,0.3333333333333333,0.3333333333333333,88.88888888888889,314.35448846481967
0.4444444444444444,0.3333333333333333,0.4444444444444444,88.88888888888889,321.5137011137722
0.4444444444444444,0.3333333333333333,0.5555555555555556,88.88888888888889,321.5137011137722
0.4444444444444444,0.3333333333333333,0.6666666666666666,88.88888888888889,314.35448846481967
0.4444444444444444,0.3333333333333333,0.7777777777777777,88.88888888888889,306.3904714714108
0.4444444444444444,0.3333333333333333,0.8888888888888888,88.88888888888889,301.8982380303114
0.4444444444444444,0.3333333333333333,1.0,88.88888888888889,300.37621926406916
0.4444444444444444,0.4444444444444444,0.0,88.88888888888889,300.5638563032228
0.4444444444444444,0.4444444444444444,0.1111111111111111,88.88888888888889,302.8449725482731
0.4444444444444444,0.4444444444444444,0.2222222222222222,88.88888888888889,309.5776797305572
0.4444444444444444,0.4444444444444444,0.3333333333333333,88.88888888888889,321.5137011137722
0.4444444444444444,0.4444444444444444,0.4444444444444444,88.88888888888889,332.24352694608797
0.4444444444444444,0.4444444444444444,0.5555555555555556,88.88888888888889,332.24352694608797
0.4444444444444444,0.4444444444444444,0.6666666666666666,88.88888888888889,321.5137011137722
0.4444444444444444,0.4444444444444444,0.7777777777777777,88.88888888888889,309.5776797305572
0.4444444444444444,0.4444444444444444,0.8888888888888888,88.88888888888889,302.8449725482731
0.4444444444444444,0.4444444444444444,1.0,88.88888888888889,300.5638563032228
0.4444444444444444,0.5555555555555556,0.0,88.88888888888889,300.5638563032228
0.4444444444444444,0.5555555555555556,0.1111111111111111,88.88888888888889,302.8449725482731
0.4444444444444444,0.5555555555555556,0.2222222222222222,88.88888888888889,309.5776797305572
0.4444444444444444,0.5555555555555556,0.3333333333333333,88.88888888888889,321.5137011137722
0.4444444444444444,0.5555555555555556,0.4444444444444444,88.88888888888889,332.24352694608797
0.4444444444444444,0.5555555555555556,0.5555555555555556,88.88888888888889,332.24352694608797
0.4444444444444444,0.5555555555555556,0.6666666666666666,88.88888888888889,321.5137011137722
0.4444444444444444,0.5555555555555556,0.7777777777777777,88.88888888888889,309.5776797305572
0.4444444444444444,0.5555555555555556,0.8888888888888888,88.88888888888889,302.8449725482731
0.4444444444444444,0.5555555555555556,1.0,88.88888888888889,300.5638563032228
0.4444444444444444,0.6666666666666666,0.0,88.88888888888889,300.37621926406916
0.4444444444444444,0.6666666666666666,0.1111111111111111,88.88888888888889,301.8982380303114
0.4444444444444444,0.6666666666666666,0.2222222222222222,88.88888888888889,306.3904714714108
0.4444444444444444,0.6666666666666666,0.3333333333333333,88.88888888888889,314.35448846481967
0.4444444444444444,0.6666666666666666,0.4444444444444444,88.88888888888889,321.5137011137722
0.4444444444444444,0.6666666666666666,0.5555555555555556,88.88888888888889,321.5137011137722
0.4444444444444444,0.6666666666666666,0.6666666666666666,88.88888888888889,314.35448846481967
0.4444444444444444,0.6666666666666666,0.7777777777777777,88.88888888888889,306.3904714714108
0.4444444444444444,0.6666666666666666,0.8888888888888888,88.88888888888889,301.8982380303114
0.4444444444444444,0.6666666666666666,1.0,88.88888888888889,300.37621926406916
0.4444444444444444,0.7777777777777777,0.0,88.88888888888889,300.1674889690372
0.4444444444444444,0.7777777777777777,0.1111111111111111,88.88888888888889,300.8450761591667
0.4444444444444444,0.7777777777777777,0.2222222222222222,88.88888888888889,302.8449725482731
0.4444444444444444,0.7777777777777777,0.3333333333333333,88.88888888888889,306.3904714714108
0.4444444444444444,0.7777777777777777,0.4444444444444444,88.88888888888889,309.5776797305572
0.4444444444444444,0.7777777777777777,0.5555555555555556,88.88888888888889,309.5776797305572
0.4444444444444444,0.7777777777777777,0.6666666666666666,88.88888888888889,306.3904714714108
0.4444444444444444,0.7777777777777777,0.7777777777777777,88.88888888888889,302.8449725482732
0.4444444444444444,0.7777777777777777,0.8888888888888888,88.88888888888889,300.8450761591667
0.4444444444444444,0.7777777777777777,1.0,88.88888888888889,300.1674889690372
0.4444444444444444,0.8888888888888888,0.0,88.88888888888889,300.04975124794885
0.4444444444444444,0.8888888888888888,0.1111111111111111,88.88888888888889,300.2510230600381
0.4444444444444444,0.8888888888888888,0.2222222222222222,88.88888888888889,300.8450761591667
0.4444444444444444,0.8888888888888888,0.3333333333333333,88.88888888888889,301.8982380303114
0.4444444444444444,0.8888888888888888,0.4444444444444444,88.88888888888889,302.8449725482731
0.4444444444444444,0.8888888888888888,0.5555555555555556,88.88888888888889,302.8449725482731
0.4444444444444444,0.8888888888888888,0.6666666666666666,88.88888888888889,301.8982380303114
0.4444444444444444,0.8888888888888888,0.7777777777777777,88.88888888888889,300.8450761591667
0.4444444444444444,0.8888888888888888,0.8888888888888888,88.88888888888889,300.2510230600381
0.4444444444444444,0.8888888888888888,1.0,88.88888888888889,300.04975124794885
0.4444444444444444,1.0,0.0,88.88888888888889,300.00986039558313
0.4444444444444444,1.0,0.1111111111111111,88.88888888888889,300.04975124794885
0.4444444444444444,1.0,0.2222222222222222,88.88888888888889,300.1674889690372
0.4444444444444444,1.0,0.3333333333333333,88.88888888888889,300.37621926406916
0.4444444444444444,1.0,0.4444444444444444,88.88888888888889,300.5638563032228
0.4444444444444444,1.0,0.5555555555555556,88.88888888888889,300.5638563032228
0.4444444444444444,1.0,0.6666666666666666,88.88888888888889,300.37621926406916
0.4444444444444444,1.0,0.7777777777777777,88.88888888888889,300.1674889690372
0.4444444444444444,1.0,0.8888888888888888,88.88888888888889,300.04975124794885
0.4444444444444444,1.0,1.0,88.88888888888889,300.00986039558313
0.5555555555555556,0.0,0.0,88.88888888888889,300.00986039558313
0.5555555555555556,0.0,0.1111111111111111,88.88888888888889,300.04975124794885
0.5555555555555556,0.0,0.2222222222222222,88.88888888888889,300.1674889690372
0.5555555555555556,0.0,0.3333333333333333,88.88888888888889,300.37621926406916
0.5555555555555556,0.0,0.4444444444444444,88.88888888888889,300.5638563032228
0.5555555555555556,0.0,0.5555555555555556,88.88888888888889,300.5638563032228
0.5555555555555556,0.0,0.6666666666666666,88.88888888888889,300.37621926406916
0.5555555555555556,0.0,0.7777777777777777,88.88888888888889,300.1674889690372
0.5555555555555556,0.0,0.8888888888888888,88.88888888888889,300.04975124794885
0.5555555555555556,0.0,1.0,88.88888888888889,300.00986039558313
0.5555555555555556,0.1111111111111111,0.0,88.88888888888889,300.04975124794885
0.5555555555555556,0.1111111111111111,0.1111111111111111,88.88888888888889,300.2510230600381
0.5555555555555556,0.1111111111111111,0.2222222222222222,88.88888888888889,300.8450761591667
0.5555555555555556,0.1111111111111111,0.3333333333333333,88.88888888888889,301.8982380303114
0.5555555555555556,0.1111111111111111,0.4444444444444444,88.88888888888889,302.8449725482731
0.5555555555555556,0.1111111111111111,0.5555555555555556,88.88888888888889,302.8449725482731
0.5555555555555556,0.1111111111111111,0.6666666666666666,88.88888888888889,301.8982380303114
0.5555555555555556,0.1111111111111111,0.7777777777777777,88.88888888888889,300.8450761591667
0.5555555555555556,0.1111111111111111,0.8888888888888888,88.88888888888889,300.2510230600381
0.5555555555555556,0.1111111111111111,1.0,88.88888888888889,300.04975124794885
0.5555555555555556,0.2222222222222222,0.0,88.88888888888889,300.1674889690372
0.5555555555555556,0.2222222222222222,0.1111111111111111,88.88888888888889,300.8450761591667
0.5555555555555556,0.2222222222222222,0.2222222222222222,88.88888888888889,302.8449725482731
0.5555555555555556,0.2222222222222222,0.3333333333333333,88.88888888888889,306.3904714714108
0.5555555555555556,0.2222222222222222,0.4444444444444444,88.88888888888889,309.5776797305572
0.5555555555555556,0.2222222222222222,0.5555555555555556,88.88888888888889,309.5776797305572
0.5555555555555556,0.2222222222222222,0.6666666666666666,88.88888888888889,306.3904714714108
0.5555555555555556,0.2222222222222222,0.7777777777777777,88.88888888888889,302.8449725482731
0.5555555555555556,0.2222222222222222,0.8888888888888888,88.88888888888889,300.8450761591667
0.5555555555555556,0.2222222222222222,1.0,88.88888888888889,300.1674889690372
0.5555555555555556,0.3333333333333333,0.0,88.88888888888889,300.37621926406916
0.5555555555555556,0.3333333333333333,0.1111111111111111,88.88888888888889,301.8982380303114
0.5555555555555556,0.3333333333333333,0.2222222222222222,88.88888888888889,306.3904714714108
0.5555555555555556,0.3333333333333333,0.3333333333333333,88.88888888888889,314.35448846481967
0.5555555555555556,0.3333333333333333,0.4444444444444444,88.88888888888889,321.5137011137722
0.5555555555555556,0.3333333333333333,0.5555555555555556,88.88888888888889,321.5137011137722
0.5555555555555556,0.3333333333333333,0.6666666666666666,88.88888888888889,314.35448846481967
0.5555555555555556,0.3333333333333333,0.7777777777777777,88.88888888888889,306.3904714714108
0.5555555555555556,0.3333333333333333,0.8888888888888888,88.88888888888889,301.8982380303114
0.5555555555555556,0.3333333333333333,1.0,88.88888888888889,300.37621926406916
0.5555555555555556,0.4444444444444444,0.0,88.88888888888889,300.5638563032228
0.5555555555555556,0.4444444444444444,0.1111111111111111,88.88888888888889,302.8449725482731
0.5555555555555556,0.4444444444444444,0.2222222222222222,88.88888888888889,309.5776797305572
0.5555555555555556,0.4444444444444444,0.3333333333333333,88.88888888888889,321.5137011137722
0.5555555555555556,0.4444444444444444,0.4444444444444444,88.88888888888889,332.24352694608797
0.5555555555555556,0.4444444444444444,0.5555555555555556,88.88888888888889,332.24352694608797
0.5555555555555556,0.4444444444444444,0.6666666666666666,88.88888888888889,321.5137011137722
0.5555555555555556,0.4444444444444444,0.7777777777777777,88.88888888888889,309.5776797305572
0.5555555555555556,0.4444444444444444,0.8888888888888888,88.88888888888889,302.8449725482731
0.5555555555555556,0.4444444444444444,1.0,88.88888888888889,300.5638563032228
0.5555555555555556,0.5555555555555556,0.0,88.88888888888889,300.5638563032228
0.5555555555555556,0.5555555555555556,0.1111111111111111,88.88888888888889,302.8449725482731
0.5555555555555556,0.5555555555555556,0.2222222222222222,88.88888888888889,309.5776797305572
0.5555555555555556,0.5555555555555556,0.3333333333333333,88.88888888888889,321.5137011137722
0.5555555555555556,0.5555555555555556,0.4444444444444444,88.88888888888889,332.24352694608797
0.5555555555555556,0.5555555555555556,0.5555555555555556,88.88888888888889,332.24352694608797
0.5555555555555556,0.5555555555555556,0.6666666666666666,88.88888888888889,321.5137011137722
0.5555555555555556,0.5555555555555556,0.7777777777777777,88.88888888888889,309.5776797305572
0.5555555555555556,0.5555555555555556,0.8888888888888888,88.88888888888889,302.8449725482731
0.5555555555555556,0.5555555555555556,1.0,88.88888888888889,300.5638563032228
0.5555555555555556,0.6666666666666666,0.0,88.88888888888889,300.37621926406916
0.5555555555555556,0.6666666666666666,0.1111111111111111,88.88888888888889,301.8982380303114
0.5555555555555556,0.6666666666666666,0.2222222222222222,88.88888888888889,306.3904714714108
0.5555555555555556,0.6666666666666666,0.3333333333333333,88.88888888888889,314.35448846481967
0.5555555555555556,0.6666666666666666,0.4444444444444444,88.88888888888889,321.5137011137722
0.5555555555555556,0.6666666666666666,0.5555555555555556,88.88888888888889,321.5137011137722
0.5555555555555556,0.6666666666666666,0.6666666666666666,88.88888888888889,314.35448846481967
0.5555555555555556,0.6666666666666666,0.7777777777777777,88.88888888888889,306.3904714714108
0.5555555555555556,0.6666666666666666,0.8888888888888888,88.88888888888889,301.8982380303114
0.5555555555555556,0.6666666666666666,1.0,88.88888888888889,300.37621926406916
0.5555555555555556,0.7777777777777777,0.0,88.88888888888889,300.1674889690372
0.5555555555555556,0.7777777777777777,0.1111111111111111,88.88888888888889,300.8450761591667
0.5555555555555556,0.7777777777777777,0.2222222222222222,88.88888888888889,302.8449725482731
0.5555555555555556,0.7777777777777777,0.3333333333333333,88.88888888888889,306.3904714714108
0.5555555555555556,0.7777777777777777,0.4444444444444444,88.88888888888889,309.5776797305572
0.5555555555555556,0.7777777777777777,0.5555555555555556,88.88888888888889,309.5776797305572
0.5555555555555556,0.7777777777777777,0.6666666666666666,88.88888888888889,306.3904714714108
0.5555555555555556,0.7777777777777777,0.7777777777777777,88.88888888888889,302.8449725482732
0.5555555555555556,0.7777777777777777,0.8888888888888888,88.88888888888889,300.8450761591667
0.5555555555555556,0.7777777777777777,1.0,88.88888888888889,300.1674889690372
0.5555555555555556,0.8888888888888888,0.0,88.88888888888889,300.04975124794885
0.5555555555555556,0.8888888888888888,0.1111111111111111,88.88888888888889,300.2510230600381
0.5555555555555556,0.8888888888888888,0.2222222222222222,88.88888888888889,300.8450761591667
0.5555555555555556,0.8888888888888888,0.3333333333333333,88.88888888888889,301.8982380303114
0.5555555555555556,0.8888888888888888,0.4444444444444444,88.88888888888889,302.8449725482731
0.5555555555555556,0.8888888888888888,0.5555555555555556,88.88888888888889,302.8449725482731
0.5555555555555556,0.8888888888888888,0.6666666666666666,88.88888888888889,301.8982380303114
0.5555555555555556,0.8888888888888888,0.7777777777777777,88.88888888888889,300.8450761591667
0.5555555555555556,0.8888888888888888,0.8888888888888888,88.88888888888889,300.2510230600381
0.5555555555555556,0.8888888888888888,1.0,88.88888888888889,300.04975124794885
0.5555555555555556,1.0,0.0,88.88888888888889,300.00986039558313
0.5555555555555556,1.0,0.1111111111111111,88.88888888888889,300.04975124794885
0.5555555555555556,1.0,0.2222222222222222,88.88888888888889,300.1674889690372
0.5555555555555556,1.0,0.3333333333333333,88.88888888888889,300.37621926406916
0.5555555555555556,1.0,0.4444444444444444,88.88888888888889,300.5638563032228
0.5555555555555556,1.0,0.5555555555555556,88.88888888888889,300.5638563032228
0.5555555555555556,1.0,0.6666666666666666,88.88888888888889,300.37621926406916
0.5555555555555556,1.0,0.7777777777777777,88.88888888888889,300.1674889690372
0.5555555555555556,1.0,0.8888888888888888,88.88888888888889,300.04975124794885
0.5555555555555556,1.0,1.0,88.88888888888889,300.00986039558313
0.6666666666666666,0.0,0.0,88.88888888888889,300.0065791066776
0.6666666666666666,0.0,0.1111111111111111,88.88888888888889,300.0331952977786
0.6666666666666666,0.0,0.2222222222222222,88.88888888888889,300.11175289929497
0.6666666666666666,0.0,0.3333333333333333,88.88888888888889,300.2510230600381
0.6666666666666666,0.0,0.4444444444444444,88.88888888888889,300.37621926406916
0.6666666666666666,0.0,0.5555555555555556,88.88888888888889,300.37621926406916
0.6666666666666666,0.0,0.6666666666666666,88.88888888888889,300.2510230600381
0.6666666666666666,0.0,0.7777777777777777,88.88888888888889,300.11175289929497
0.6666666666666666,0.0,0.8888888888888888,88.88888888888889,300.0331952977786
0.6666666666666666,0.0,1.0,88.88888888888889,300.0065791066776
0.6666666666666666,0.1111111111111111,0.0,88.88888888888889,300.0331952977786
0.6666666666666666,0.1111111111111111,0.1111111111111111,88.88888888888889,300.1674889690372
0.6666666666666666,0.1111111111111111,0.2222222222222222,88.88888888888889,300.5638563032228
0.6666666666666666,0.1111111111111111,0.3333333333333333,88.88888888888889,301.2665526849838
0.6666666666666666,0.1111111111111111,0.4444444444444444,88.88888888888889,301.8982380303114
0.6666666666666666,0.1111111111111111,0.5555555555555556,88.88888888888889,301.8982380303114
0.6666666666666666,0.1111111111111111,0.6666666666666666,88.88888888888889,301.2665526849838
0.6666666666666666,0.1111111111111111,0.7777777777777777,88.88888888888889,300.5638563032228
0.6666666666666666,0.1111111111111111,0.8888888888888888,88.88888888888889,300.1674889690372
0.6666666666666666,0.1111111111111111,1.0,88.88888888888889,300.0331952977786
0.6666666666666666,0.2222222222222222,0.0,88.88888888888889,300.11175289929497
0.6666666666666666,0.2222222222222222,0.1111111111111111,88.88888888888889,300.5638563032228
0.6666666666666666,0.2222222222222222,0.2222222222222222,88.88888888888889,301.8982380303114
0.6666666666666666,0.2222222222222222,0.3333333333333333,88.88888888888889,304.2638850719369
0.6666666666666666,0.2222222222222222,0.4444444444444444,88.88888888888889,306.3904714714108
0.6666666666666666,0.2222222222222222,0.5555555555555556,88.88888888888889,306.3904714714108
0.6666666666666666,0.2222222222222222,0.6666666666666666,88.88888888888889,304.2638850719369
0.6666666666666666,0.2222222222222222,0.7777777777777777,88.88888888888889,301.8982380303114
0.6666666666666666,0.2222222222222222,0.8888888888888888,88.88888888888889,300.5638563032228
0.6666666666666666,0.2222222222222222,1.0,88.88888888888889,300.11175289929497
0.6666666666666666,0.3333333333333333,0.0,88.88888888888889,300.2510230600381
0.6666666666666666,0.3333333333333333,0.1111111111111111,88.88888888888889,301.2665526849838
0.6666666666666666,0.3333333333333333,0.2222222222222222,88.88888888888889,304.2638850719369
0.6666666666666666,0.3333333333333333,0.3333333333333333,88.88888888888889,309.5776797305572
0.6666666666666666,0.3333333333333333,0.4444444444444444,88.88888888888889,314.35448846481967
0.6666666666666666,0.3333333333333333,0.5555555555555556,88.88888888888889,314.35448846481967
0.6666666666666666,0.3333333333333333,0.6666666666666666,88.88888888888889,309.5776797305572
0.6666666666666666,0.3333333333333333,0.7777777777777777,88.88888888888889,304.2638850719369
0.6666666666666666,0.3333333333333333,0.8888888888888888,88.88888888888889,301.2665526849838
0.6666666666666666,0.3333333333333333,1.0,88.88888888888889,300.2510230600381
0.6666666666666666,0.4444444444444444,0.0,88.88888888888889,300.37621926406916
0.6666666666666666,0.4444444444444444,0.1111111111111111,88.88888888888889,301.8982380303114
0.6666666666666666,0.4444444444444444,0.2222222222222222,88.88888888888889,306.3904714714108
0.6666666666666666,0.4444444444444444,0.3333333333333333,88.88888888888889,314.35448846481967
0.6666666666666666,0.4444444444444444,0.4444444444444444,88.88888888888889,321.5137011137722
0.6666666666666666,0.4444444444444444,0.5555555555555556,88.88888888888889,321.5137011137722
0.6666666666666666,0.4444444444444444,0.6666666666666666,88.88888888888889,314.35448846481967
0.6666666666666666,0.4444444444444444,0.7777777777777777,88.88888888888889,306.3904714714108
0.6666666666666666,0.4444444444444444,0.8888888888888888,88.88888888888889,301.8982380303114
0.6666666666666666,0.4444444444444444,1.0,88.88888888888889,300.37621926406916
0.6666666666666666,0.5555555555555556,0.0,88.88888888888889,300.37621926406916
0.6666666666666666,0.5555555555555556,0.1111111111111111,88.88888888888889,301.8982380303114
0.6666666666666666,0.5555555555555556,0.2222222222222222,88.88888888888889,306.3904714714108
0.6666666666666666,0.5555555555555556,0.3333333333333333,88.88888888888889,314.35448846481967
0.6666666666666666,0.5555555555555556,0.4444444444444444,88.88888888888889,321.5137011137722
0.6666666666666666,0.5555555555555556,0.5555555555555556,88.88888888888889,321.5137011137722
0.6666666666666666,0.5555555555555556,0.6666666666666666,88.88888888888889,314.35448846481967
0.6666666666666666,0.5555555555555556,0.7777777777777777,88.88888888888889,306.3904714714108
0.6666666666666666,0.5555555555555556,0.8888888888888888,88.88888888888889,301.8982380303114
0.6666666666666666,0.5555555555555556,1.0,88.88888888888889,300.37621926406916
0.6666666666666666,0.6666666666666666,0.0,88.88888888888889,300.2510230600381
0.6666666666666666,0.6666666666666666,0.1111111111111111,88.88888888888889,301.2665526849838
0.6666666666666666,0.6666666666666666,0.2222222222222222,88.88888888888889,304.2638850719369
0.6666666666666666,0.6666666666666666,0.3333333333333333,88.88888888888889,309.5776797305572
0.6666666666666666,0.6666666666666666,0.4444444444444444,88.88888888888889,314.35448846481967
0.6666666666666666,0.6666666666666666,0.5555555555555556,88.88888888888889,314.35448846481967
0.6666666666666666,0.6666666666666666,0.6666666666666666,88.88888888888889,309.5776797305572
0.6666666666666666,0.6666666666666666,0.7777777777777777,88.88888888888889,304.2638850719369
0.6666666666666666,0.6666666666666666,0.8888888888888888,88.88888888888889,301.2665526849838
0.6666666666666666,0.6666666666666666,1.0,88.88888888888889,300.2510230600381
0.6666666666666666,0.7777777777777777,0.0,88.88888888888889,300.11175289929497
0.6666666666666666,0.7777777777777777,0.1111111111111111,88.88888888888889,300.5638563032228
0.6666666666666666,0.7777777777777777,0.2222222222222222,88.88888888888889,301.8982380303114
0.6666666666666666,0.7777777777777777,0.3333333333333333,88.88888888888889,304.2638850719369
0.6666666666666666,0.7777777777777777,0.4444444444444444,88.88888888888889,306.3904714714108
0.6666666666666666,0.7777777777777777,0.5555555555555556,88.88888888888889,306.3904714714108
0.6666666666666666,0.7777777777777777,0.6666666666666666,88.88888888888889,304.2638850719369
0.6666666666666666,0.7777777777777777,0.7777777777777777,88.88888888888889,301.8982380303114
0.6666666666666666,0.7777777777777777,0.8888888888888888,88.88888888888889,300.5638563032228
0.6666666666666666,0.7777777777777777,1.0,88.88888888888889,300.11175289929497
0.6666666666666666,0.8888888888888888,0.0,88.88888888888889,300.0331952977786
0.6666666666666666,0.8888888888888888,0.1111111111111111,88.88888888888889,300.1674889690372
0.6666666666666666,0.8888888888888888,0.2222222222222222,88.88888888888889,300.5638563032228
0.6666666666666666,0.8888888888888888,0.3333333333333333,88.88888888888889,301.2665526849838
0.6666666666666666,0.8888888888888888,0.4444444444444444,88.88888888888889,301.8982380303114
0.6666666666666666,0.8888888888888888,0.5555555555555556,88.88888888888889,301.8982380303114
0.6666666666666666,0.8888888888888888,0.6666666666666666,88.88888888888889,301.2665526849838
0.6666666666666666,0.8888888888888888,0.7777777777777777,88.88888888888889,300.5638563032228
0.6666666666666666,0.8888888888888888,0.8888888888888888,88.88888888888889,300.1674889690372
0.6666666666666666,0.8888888888888888,1.0,88.88888888888889,300.0331952977786
0.6666666666666666,1.0,0.0,88.88888888888889,300.0065791066776
0.6666666666666666,1.0,0.1111111111111111,88.88888888888889,300.0331952977786
0.6666666666666666,1.0,0.2222222222222222,88.88888888888889,300.11175289929497
0.6666666666666666,1.0,0.3333333333333333,88.88888888888889,300.2510230600381
0.6666666666666666,1.0,0.4444444444444444,88.88888888888889,300.37621926406916
0.6666666666666666,1.0,0.5555555555555556,88.88888888888889,300.37621926406916
0.6666666666666666,1.0,0.6666666666666666,88.88888888888889,300.2510230600381
0.6666666666666666,1.0,0.7777777777777777,88.88888888888889,300.11175289929497
0.6666666666666666,1.0,0.8888888888888888,88.88888888888889,300.0331952977786
0.6666666666666666,1.0,1.0,88.88888888888889,300.0065791066776
0.7777777777777777,0.0,0.0,88.88888888888889,300.002928951013
0.7777777777777777,0.0,0.1111111111111111,88.88888888888889,300.01477820710636
0.7777777777777777,0.0,0.2222222222222222,88.88888888888889,300.04975124794885
0.7777777777777777,0.0,0.3333333333333333,88.88888888888889,300.11175289929497
0.7777777777777777,0.0,0.4444444444444444,88.88888888888889,300.1674889690372
0.7777777777777777,0.0,0.5555555555555556,88.88888888888889,300.1674889690372
0.7777777777777777,0.0,0.6666666666666666,88.88888888888889,300.11175289929497
0.7777777777777777,0.0,0.7777777777777777,88.88888888888889,300.04975124794885
0.7777777777777777,0.0,0.8888888888888888,88.88888888888889,300.01477820710636
0.7777777777777777,0.0,1.0,88.88888888888889,300.002928951013
0.7777777777777777,0.1111111111111111,0.0,88.88888888888889,300.01477820710636
0.7777777777777777,0.1111111111111111,0.1111111111111111,88.88888888888889,300.074564376225
0.7777777777777777,0.1111111111111111,0.2222222222222222,88.88888888888889,300.2510230600381
0.7777777777777777,0.1111111111111111,0.3333333333333333,88.88888888888889,300.5638563032228
0.7777777777777777,0.1111111111111111,0.4444444444444444,88.88888888888889,300.8450761591667
0.7777777777777777,0.1111111111111111,0.5555555555555556,88.88888888888889,300.8450761591667
0.7777777777777777,0.1111111111111111,0.6666666666666666,88.88888888888889,300.5638563032228
0.7777777777777777,0.1111111111111111,0.7777777777777777,88.88888888888889,300.2510230600381
0.7777777777777777,0.1111111111111111,0.8888888888888888,88.88888888888889,300.074564376225
0.7777777777777777,0.1111111111111111,1.0,88.88888888888889,300.01477820710636
0.7777777777777777,0.2222222222222222,0.0,88.88888888888889,300.04975124794885
0.7777777777777777,0.2222222222222222,0.1111111111111111,88.88888888888889,300.2510230600381
0.7777777777777777,0.2222222222222222,0.2222222222222222,88.88888888888889,300.8450761591667
0.7777777777777777,0.2222222222222222,0.3333333333333333,88.88888888888889,301.8982380303114
0.7777777777777777,0.2222222222222222,0.4444444444444444,88.88888888888889,302.8449725482731
0.7777777777777777,0.2222222222222222,0.5555555555555556,88.88888888888889,302.8449725482731
0.7777777777777777,0.2222222222222222,0.6666666666666666,88.88888888888889,301.8982380303114
0.7777777777777777,0.2222222222222222,0.7777777777777777,88.88888888888889,300.8450761591667
0.7777777777777777,0.2222222222222222,0.8888888888888888,88.88888888888889,300.2510230600381
0.7777777777777777,0.2222222222222222,1.0,88.88888888888889,300.04975124794885
0.7777777777777777,0.3333333333333333,0.0,88.88888888888889,300.11175289929497
0.7777777777777777,0.3333333333333333,0.1111111111111111,88.88888888888889,300.5638563032228
0.7777777777777777,0.3333333333333333,0.2222222222222222,88.88888888888889,301.8982380303114
0.7777777777777777,0.3333333333333333,0.3333333333333333,88.88888888888889,304.2638850719369
0.7777777777777777,0.3333333333333333,0.4444444444444444,88.88888888888889,306.3904714714108
0.7777777777777777,0.3333333333333333,0.5555555555555556,88.88888888888889,306.3904714714108
0.7777777777777777,0.3333333333333333,0.6666666666666666,88.88888888888889,304.2638850719369
0.7777777777777777,0.3333333333333333,0.7777777777777777,88.88888888888889,301.8982380303114
0.7777777777777777,0.3333333333333333,0.8888888888888888,88.88888888888889,300.5638563032228
0.7777777777777777,0.3333333333333333,1.0,88.88888888888889,300.11175289929497
0.7777777777777777,0.4444444444444444,0.0,88.88888888888889,300.1674889690372
0.7777777777777777,0.4444444444444444,0.1111111111111111,88.88888888888889,300.8450761591667
0.7777777777777777,0.4444444444444444,0.2222222222222222,88.88888888888889,302.8449725482731
0.7777777777777777,0.4444444444444444,0.3333333333333333,88.88888888888889,306.3904714714108
0.7777777777777777,0.4444444444444444,0.4444444444444444,88.88888888888889,309.5776797305572
0.7777777777777777,0.4444444444444444,0.5555555555555556,88.88888888888889,309.5776797305572
0.7777777777777777,0.4444444444444444,0.6666666666666666,88.88888888888889,306.3904714714108
0.7777777777777777,0.4444444444444444,0.7777777777777777,88.88888888888889,302.8449725482732
0.7777777777777777,0.4444444444444444,0.8888888888888888,88.88888888888889,300.8450761591667
0.7777777777777777,0.4444444444444444,1.0,88.88888888888889,300.1674889690372
0.7777777777777777,0.5555555555555556,0.0,88.88888888888889,300.1674889690372
0.7777777777777777,0.5555555555555556,0.1111111111111111,88.88888888888889,300.8450761591667
0.7777777777777777,0.5555555555555556,0.2222222222222222,88.88888888888889,302.8449725482731
0.7777777777777777,0.5555555555555556,0.3333333333333333,88.88888888888889,306.3904714714108
0.7777777777777777,0.5555555555555556,0.4444444444444444,88.88888888888889,309.5776797305572
0.7777777777777777,0.5555555555555556,0.5555555555555556,88.88888888888889,309.5776797305572
0.7777777777777777,0.5555555555555556,0.6666666666666666,88.88888888888889,306.3904714714108
0.7777777777777777,0.5555555555555556,0.7777777777777777,88.88888888888889,302.8449725482732
0.7777777777777777,0.5555555555555556,0.8888888888888888,88.88888888888889,300.8450761591667
0.7777777777777777,0.5555555555555556,1.0,88.88888888888889,300.1674889690372
0.7777777777777777,0.6666666666666666,0.0,88.88888888888889,300.11175289929497
0.7777777777777777,0.6666666666666666,0.1111111111111111,88.88888888888889,300.5638563032228
0.7777777777777777,0.6666666666666666,0.2222222222222222,88.88888888888889,301.8982380303114
0.7777777777777777,0.6666666666666666,0.3333333333333333,88.88888888888889,304.2638850719369
0.7777777777777777,0.6666666666666666,0.4444444444444444,88.88888888888889,306.3904714714108
0.7777777777777777,0.6666666666666666,0.5555555555555556,88.88888888888889,306.3904714714108
0.7777777777777777,0.6666666666666666,0.6666666666666666,88.88888888888889,304.2638850719369
0.7777777777777777,0.6666666666666666,0.7777777777777777,88.88888888888889,301.8982380303114
0.7777777777777777,0.6666666666666666,0.8888888888888888,88.88888888888889,300.5638563032228
0.7777777777777777,0.6666666666666666,1.0,88.88888888888889,300.11175289929497
0.7777777777777777,0.7777777777777777,0.0,88.88888888888889,300.04975124794885
0.7777777777777777,0.7777777777777777,0.1111111111111111,88.88888888888889,300.2510230600381
0.7777777777777777,0.7777777777777777,0.2222222222222222,88.88888888888889,300.8450761591667
0.7777777777777777,0.7777777777777777,0.3333333333333333,88.88888888888889,301.8982380303114
0.7777777777777777,0.7777777777777777,0.4444444444444444,88.88888888888889,302.8449725482731
0.7777777777777777,0.7777777777777777,0.5555555555555556,88.88888888888889,302.8449725482731
0.7777777777777777,0.7777777777777777,0.6666666666666666,88.88888888888889,301.8982380303114
0.7777777777777777,0.7777777777777777,0.7777777777777777,88.88888888888889,300.8450761591667
0.7777777777777777,0.7777777777777777,0.8888888888888888,88.88888888888889,300.2510230600381
0.7777777777777777,0.7777777777777777,1.0,88.88888888888889,300.04975124794885
0.7777777777777777,0.8888888888888888,0.0,88.88888888888889,300.01477820710636
0.7777777777777777,0.8888888888888888,0.1111111111111111,88.88888888888889,300.074564376225
0.7777777777777777,0.8888888888888888,0.2222222222222222,88.88888888888889,300.2510230600381
0.7777777777777777,0.8888888888888888,0.3333333333333333,88.88888888888889,300.5638563032228
0.7777777777777777,0.8888888888888888,0.4444444444444444,88.88888888888889,300.8450761591667
0.7777777777777777,0.8888888888888888,0.5555555555555556,88.88888888888889,300.8450761591667
0.7777777777777777,0.8888888888888888,0.6666666666666666,88.88888888888889,300.5638563032228
0.7777777777777777,0.8888888888888888,0.7777777777777777,88.88888888888889,300.2510230600381
0.7777777777777777,0.8888888888888888,0.8888888888888888,88.88888888888889,300.074564376225
0.7777777777777777,0.8888888888888888,1.0,88.88888888888889,300.01477820710636
0.7777777777777777,1.0,0.0,88.88888888888889,300.002928951013
0.7777777777777777,1.0,0.1111111111111111,88.88888888888889,300.01477820710636
0.7777777777777777,1.0,0.2222222222222222,88.88888888888889,300.04975124794885
0.7777777777777777,1.0,0.3333333333333333,88.88888888888889,300.11175289929497
0.7777777777777777,1.0,0.4444444444444444,88.88888888888889,300.1674889690372
0.7777777777777777,1.0,0.5555555555555556,88.88888888888889,300.1674889690372
0.7777777777777777,1.0,0.6666666666666666,88.88888888888889,300.11175289929497
0.7777777777777777,1.0,0.7777777777777777,88.88888888888889,300.04975124794885
0.7777777777777777,1.0,0.8888888888888888,88.88888888888889,300.01477820710636
0.7777777777777777,1.0,1.0,88.88888888888889,300.002928951013
0.8888888888888888,0.0,0.0,88.88888888888889,300.0008700212851
0.8888888888888888,0.0,0.1111111111111111,88.88888888888889,300.00438974727837
0.8888888888888888,0.0,0.2222222222222222,88.88888888888889,300.01477820710636
0.8888888888888888,0.0,0.3333333333333333,88.88888888888889,300.0331952977786
0.8888888888888888,0.0,0.4444444444444444,88.88888888888889,300.04975124794885
0.8888888888888888,0.0,0.5555555555555556,88.88888888888889,300.04975124794885
0.8888888888888888,0.0,0.6666666666666666,88.88888888888889,300.0331952977786
0.8888888888888888,0.0,0.7777777777777777,88.88888888888889,300.01477820710636
0.8888888888888888,0.0,0.8888888888888888,88.88888888888889,300.00438974727837
0.8888888888888888,0.0,1.0,88.88888888888889,300.0008700212851
0.8888888888888888,0.1111111111111111,0.0,88.88888888888889,300.00438974727837
0.8888888888888888,0.1111111111111111,0.1111111111111111,88.88888888888889,300.02214874681624
0.8888888888888888,0.1111111111111111,0.2222222222222222,88.88888888888889,300.074564376225
0.8888888888888888,0.1111111111111111,0.3333333333333333,88.88888888888889,300.1674889690372
0.8888888888888888,0.1111111111111111,0.4444444444444444,88.88888888888889,300.2510230600381
0.8888888888888888,0.1111111111111111,0.5555555555555556,88.88888888888889,300.2510230600381
0.8888888888888888,0.1111111111111111,0.6666666666666666,88.88888888888889,300.1674889690372
0.8888888888888888,0.1111111111111111,0.7777777777777777,88.88888888888889,300.074564376225
0.8888888888888888,0.1111111111111111,0.8888888888888888,88.88888888888889,300.02214874681624
0.8888888888888888,0.1111111111111111,1.0,88.88888888888889,300.00438974727837
0.8888888888888888,0.2222222222222222,0.0,88.88888888888889,300.01477820710636
0.8888888888888888,0.2222222222222222,0.1111111111111111,88.88888888888889,300.074564376225
0.8888888888888888,0.2222222222222222,0.2222222222222222,88.88888888888889,300.2510230600381
0.8888888888888888,0.2222222222222222,0.3333333333333333,88.88888888888889,300.5638563032228
0.8888888888888888,0.2222222222222222,0.4444444444444444,88.88888888888889,300.8450761591667
0.8888888888888888,0.2222222222222222,0.5555555555555556,88.88888888888889,300.8450761591667
0.8888888888888888,0.2222222222222222,0.6666666666666666,88.88888888888889,300.5638563032228
0.8888888888888888,0.2222222222222222,0.7777777777777777,88.88888888888889,300.2510230600381
0.8888888888888888,0.2222222222222222,0.8888888888888888,88.88888888888889,300.074564376225
0.8888888888888888,0.2222222222222222,1.0,88.88888888888889,300.01477820710636
0.8888888888888888,0.3333333333333333,0.0,88.88888888888889,300.0331952977786
0.8888888888888888,0.3333333333333333,0.1111111111111111,88.88888888888889,300.1674889690372
0.8888888888888888,0.3333333333333333,0.2222222222222222,88.88888888888889,300.5638563032228
0.8888888888888888,0.3333333333333333,0.3333333333333333,88.88888888888889,301.2665526849838
0.8888888888888888,0.3333333333333333,0.4444444444444444,88.88888888888889,301.8982380303114
0.8888888888888888,0.3333333333333333,0.5555555555555556,88.88888888888889,301.8982380303114
0.8888888888888888,0.3333333333333333,0.6666666666666666,88.88888888888889,301.2665526849838
0.8888888888888888,0.3333333333333333,0.7777777777777777,88.88888888888889,300.5638563032228
0.8888888888888888,0.3333333333333333,0.8888888888888888,88.88888888888889,300.1674889690372
0.8888888888888888,0.3333333333333333,1.0,88.88888888888889,300.0331952977786
0.8888888888888888,0.4444444444444444,0.0,88.88888888888889,300.04975124794885
0.8888888888888888,0.4444444444444444,0.1111111111111111,88.88888888888889,300.2510230600381
0.8888888888888888,0.4444444444444444,0.2222222222222222,88.88888888888889,300.8450761591667
0.8888888888888888,0.4444444444444444,0.3333333333333333,88.88888888888889,301.8982380303114
0.8888888888888888,0.4444444444444444,0.4444444444444444,88.88888888888889,302.8449725482731
0.8888888888888888,0.4444444444444444,0.5555555555555556,88.88888888888889,302.8449725482731
0.8888888888888888,0.4444444444444444,0.6666666666666666,88.88888888888889,301.8982380303114
0.8888888888888888,0.4444444444444444,0.7777777777777777,88.88888888888889,300.8450761591667
0.8888888888888888,0.4444444444444444,0.8888888888888888,88.88888888888889,300.2510230600381
0.8888888888888888,0.4444444444444444,1.0,88.88888888888889,300.04975124794885
0.8888888888888888,0.5555555555555556,0.0,88.88888888888889,300.04975124794885
0.8888888888888888,0.5555555555555556,0.1111111111111111,88.88888888888889,300.2510230600381
0.8888888888888888,0.5555555555555556,0.2222222222222222,88.88888888888889,300.8450761591667
0.8888888888888888,0.5555555555555556,0.3333333333333333,88.88888888888889,301.8982380303114
0.8888888888888888,0.5555555555555556,0.4444444444444444,88.88888888888889,302.8449725482731
0.8888888888888888,0.5555555555555556,0.5555555555555556,88.88888888888889,302.8449725482731
0.8888888888888888,0.5555555555555556,0.6666666666666666,88.88888888888889,301.8982380303114
0.8888888888888888,0.5555555555555556,0.7777777777777777,88.88888888888889,300.8450761591667
0.8888888888888888,0.5555555555555556,0.8888888888888888,88.88888888888889,300.2510230600381
0.8888888888888888,0.5555555555555556,1.0,88.88888888888889,300.04975124794885
0.8888888888888888,0.6666666666666666,0.0,88.88888888888889,300.0331952977786
0.8888888888888888,0.6666666666666666,0.1111111111111111,88.88888888888889,300.1674889690372
0.8888888888888888,0.6666666666666666,0.2222222222222222,88.88888888888889,300.5638563032228
0.8888888888888888,0.6666666666666666,0.3333333333333333,88.88888888888889,301.2665526849838
0.8888888888888888,0.6666666666666666,0.4444444444444444,88.88888888888889,301.8982380303114
0.8888888888888888,0.6666666666666666,0.5555555555555556,88.88888888888889,301.8982380303114
0.8888888888888888,0.6666666666666666,0.6666666666666666,88.88888888888889,301.2665526849838
0.8888888888888888,0.6666666666666666,0.7777777777777777,88.88888888888889,300.5638563032228
0.8888888888888888,0.6666666666666666,0.8888888888888888,88.88888888888889,300.1674889690372
0.8888888888888888,0.6666666666666666,1.0,88.88888888888889,300.0331952977786
0.8888888888888888,0.7777777777777777,0.0,88.88888888888889,300.01477820710636
0.8888888888888888,0.7777777777777777,0.1111111111111111,88.88888888888889,300.074564376225
0.8888888888888888,0.7777777777777777,0.2222222222222222,88.88888888888889,300.2510230600381
0.8888888888888888,0.7777777777777777,0.3333333333333333,88.88888888888889,300.5638563032228
0.8888888888888888,0.7777777777777777,0.4444444444444444,88.88888888888889,300.8450761591667
0.8888888888888888,0.7777777777777777,0.5555555555555556,88.88888888888889,300.8450761591667
0.8888888888888888,0.7777777777777777,0.6666666666666666,88.88888888888889,300.5638563032228
0.8888888888888888,0.7777777777777777,0.7777777777777777,88.88888888888889,300.2510230600381
0.8888888888888888,0.7777777777777777,0.8888888888888888,88.88888888888889,300.074564376225
0.8888888888888888,0.7777777777777777,1.0,88.88888888888889,300.01477820710636
0.8888888888888888,0.8888888888888888,0.0,88.88888888888889,300.00438974727837
0.8888888888888888,0.8888888888888888,0.1111111111111111,88.88888888888889,300.02214874681624
0.8888888888888888,0.8888888888888888,0.2222222222222222,88.88888888888889,300.074564376225
0.8888888888888888,0.8888888888888888,0.3333333333333333,88.88888888888889,300.1674889690372
0.8888888888888888,0.8888888888888888,0.4444444444444444,88.88888888888889,300.2510230600381
0.8888888888888888,0.8888888888888888,0.5555555555555556,88.88888888888889,300.2510230600381
0.8888888888888888,0.8888888888888888,0.6666666666666666,88.88888888888889,300.1674889690372
0.8888888888888888,0.8888888888888888,0.7777777777777777,88.88888888888889,300.074564376225
0.8888888888888888,0.8888888888888888,0.8888888888888888,88.88888888888889,300.02214874681624
0.8888888888888888,0.8888888888888888,1.0,88.88888888888889,300.00438974727837
0.8888888888888888,1.0,0.0,88.88888888888889,300.0008700212851
0.8888888888888888,1.0,0.1111111111111111,88.88888888888889,300.00438974727837
0.8888888888888888,1.0,0.2222222222222222,88.88888888888889,300.01477820710636
0.8888888888888888,1.0,0.3333333333333333,88.88888888888889,300.0331952977786
0.8888888888888888,1.0,0.4444444444444444,88.88888888888889,300.04975124794885
0.8888888888888888,1.0,0.5555555555555556,88.88888888888889,300.04975124794885
0.8888888888888888,1.0,0.6666666666666666,88.88888888888889,300.0331952977786
0.8888888888888888,1.0,0.7777777777777777,88.88888888888889,300.01477820710636
0.8888888888888888,1.0,0.8888888888888888,88.88888888888889,300.00438974727837
0.8888888888888888,1.0,1.0,88.88888888888889,300.0008700212851
1.0,0.0,0.0,88.88888888888889,300.00017243294167
1.0,0.0,0.1111111111111111,88.88888888888889,300.0008700212851
1.0,0.0,0.2222222222222222,88.88888888888889,300.002928951013
1.0,0.0,0.3333333333333333,88.88888888888889,300.0065791066776
1.0,0.0,0.4444444444444444,88.88888888888889,300.00986039558313
1.0,0.0,0.5555555555555556,88.88888888888889,300.00986039558313
1.0,0.0,0.6666666666666666,88.88888888888889,300.0065791066776
1.0,0.0,0.7777777777777777,88.88888888888889,300.002928951013
1.0,0.0,0.8888888888888888,88.88888888888889,300.0008700212851
1.0,0.0,1.0,88.88888888888889,300.00017243294167
1.0,0.1111111111111111,0.0,88.88888888888889,300.0008700212851
1.0,0.1111111111111111,0.1111111111111111,88.88888888888889,300.00438974727837
1.0,0.1111111111111111,0.2222222222222222,88.88888888888889,300.01477820710636
1.0,0.1111111111111111,0.3333333333333333,88.88888888888889,300.0331952977786
1.0,0.1111111111111111,0.4444444444444444,88.88888888888889,300.04975124794885
1.0,0.1111111111111111,0.5555555555555556,88.88888888888889,300.04975124794885
1.0,0.1111111111111111,0.6666666666666666,88.88888888888889,300.0331952977786
1.0,0.1111111111111111,0.7777777777777777,88.88888888888889,300.01477820710636
1.0,0.1111111111111111,0.8888888888888888,88.88888888888889,300.00438974727837
1.0,0.1111111111111111,1.0,88.88888888888889,300.0008700212851
1.0,0.2222222222222222,0.0,88.88888888888889,300.002928951013
1.0,0.2222222222222222,0.1111111111111111,88.88888888888889,300.01477820710636
1.0,0.2222222222222222,0.2222222222222222,88.88888888888889,300.04975124794885
1.0,0.2222222222222222,0.3333333333333333,88.88888888888889,300.11175289929497
1.0,0.2222222222222222,0.4444444444444444,88.88888888888889,300.1674889690372
1.0,0.2222222222222222,0.5555555555555556,88.88888888888889,300.1674889690372
1.0,0.2222222222222222,0.6666666666666666,88.88888888888889,300.11175289929497
1.0,0.2222222222222222,0.7777777777777777,88.88888888888889,300.04975124794885
1.0,0.2222222222222222,0.8888888888888888,88.88888888888889,300.01477820710636
1.0,0.2222222222222222,1.0,88.88888888888889,300.002928951013
1.0,0.3333333333333333,0.0,88.88888888888889,300.0065791066776
1.0,0.3333333333333333,0.1111111111111111,88.88888888888889,300.0331952977786
1.0,0.3333333333333333,0.2222222222222222,88.88888888888889,300.11175289929497
1.0,0.3333333333333333,0.3333333333333333,88.88888888888889,300.2510230600381
1.0,0.3333333333333333,0.4444444444444444,88.88888888888889,300.37621926406916
1.0,0.3333333333333333,0.5555555555555556,88.88888888888889,300.37621926406916
1.0,0.3333333333333333,0.6666666666666666,88.88888888888889,300.2510230600381
1.0,0.3333333333333333,0.7777777777777777,88.88888888888889,300.11175289929497
1.0,0.3333333333333333,0.8888888888888888,88.88888888888889,300.0331952977786
1.0,0.3333333333333333,1.0,88.88888888888889,300.0065791066776
1.0,0.4444444444444444,0.0,88.88888888888889,300.00986039558313
1.0,0.4444444444444444,0.1111111111111111,88.88888888888889,300.04975124794885
1.0,0.4444444444444444,0.2222222222222222,88.88888888888889,300.1674889690372
1.0,0.4444444444444444,0.3333333333333333,88.88888888888889,300.37621926406916
1.0,0.4444444444444444,0.4444444444444444,88.88888888888889,300.5638563032228
1.0,0.4444444444444444,0.5555555555555556,88.88888888888889,300.5638563032228
1.0,0.4444444444444444,0.6666666666666666,88.88888888888889,300.37621926406916
1.0,0.4444444444444444,0.7777777777777777,88.88888888888889,300.1674889690372
1.0,0.4444444444444444,0.8888888888888888,88.88888888888889,300.04975124794885
1.0,0.4444444444444444,1.0,88.88888888888889,300.00986039558313
1.0,0.5555555555555556,0.0,88.88888888888889,300.00986039558313
1.0,0.5555555555555556,0.1111111111111111,88.88888888888889,300.04975124794885
1.0,0.5555555555555556,0.2222222222222222,88.88888888888889,300.1674889690372
1.0,0.5555555555555556,0.3333333333333333,88.88888888888889,300.37621926406916
1.0,0.5555555555555556,0.4444444444444444,88.88888888888889,300.5638563032228
1.0,0.5555555555555556,0.5555555555555556,88.88888888888889,300.5638563032228
1.0,0.5555555555555556,0.6666666666666666,88.88888888888889,300.37621926406916
1.0,0.5555555555555556,0.7777777777777777,88.88888888888889,300.1674889690372
1.0,0.5555555555555556,0.8888888888888888,88.88888888888889,300.04975124794885
1.0,0.5555555555555556,1.0,88.88888888888889,300.00986039558313
1.0,0.6666666666666666,0.0,88.88888888888889,300.0065791066776
1.0,0.6666666666666666,0.1111111111111111,88.88888888888889,300.0331952977786
1.0,0.6666666666666666,0.2222222222222222,88.88888888888889,300.11175289929497
1.0,0.6666666666666666,0.3333333333333333,88.88888888888889,300.2510230600381
1.0,0.6666666666666666,0.4444444444444444,88.88888888888889,300.37621926406916
1.0,0.6666666666666666,0.5555555555555556,88.88888888888889,300.37621926406916
1.0,0.6666666666666666,0.6666666666666666,88.88888888888889,300.2510230600381
1.0,0.6666666666666666,0.7777777777777777,88.88888888888889,300.11175289929497
1.0,0.6666666666666666,0.8888888888888888,88.88888888888889,300.0331952977786
1.0,0.6666666666666666,1.0,88.88888888888889,300.0065791066776
1.0,0.7777777777777777,0.0,88.88888888888889,300.002928951013
1.0,0.7777777777777777,0.1111111111111111,88.88888888888889,300.01477820710636
1.0,0.7777777777777777,0.2222222222222222,88.88888888888889,300.04975124794885
1.0,0.7777777777777777,0.3333333333333333,88.88888888888889,300.11175289929497
1.0,0.7777777777777777,0.4444444444444444,88.88888888888889,300.1674889690372
1.0,0.7777777777777777,0.5555555555555556,88.88888888888889,300.1674889690372
1.0,0.7777777777777777,0.6666666666666666,88.88888888888889,300.11175289929497
1.0,0.7777777777777777,0.7777777777777777,88.88888888888889,300.04975124794885
1.0,0.7777777777777777,0.8888888888888888,88.88888888888889,300.01477820710636
1.0,0.7777777777777777,1.0,88.88888888888889,300.002928951013
1.0,0.8888888888888888,0.0,88.88888888888889,300.0008700212851
1.0,0.8888888888888888,0.1111111111111111,88.88888888888889,300.00438974727837
1.0,0.8888888888888888,0.2222222222222222,88.88888888888889,300.01477820710636
1.0,0.8888888888888888,0.3333333333333333,88.88888888888889,300.0331952977786
1.0,0.8888888888888888,0.4444444444444444,88.88888888888889,300.04975124794885
1.0,0.8888888888888888,0.5555555555555556,88.88888888888889,300.04975124794885
1.0,0.8888888888888888,0.6666666666666666,88.88888888888889,300.0331952977786
1.0,0.8888888888888888,0.7777777777777777,88.88888888888889,300.01477820710636
1.0,0.8888888888888888,0.8888888888888888,88.88888888888889,300.00438974727837
1.0,0.8888888888888888,1.0,88.88888888888889,300.0008700212851
1.0,1.0,0.0,88.88888888888889,300.00017243294167
1.0,1.0,0.1111111111111111,88.88888888888889,300.0008700212851
1.0,1.0,0.2222222222222222,88.88888888888889,300.002928951013
1.0,1.0,0.3333333333333333,88.88888888888889,300.0065791066776
1.0,1.0,0.4444444444444444,88.88888888888889,300.00986039558313
1.0,1.0,0.5555555555555556,88.88888888888889,300.00986039558313
1.0,1.0,0.6666666666666666,88.88888888888889,300.0065791066776
1.0,1.0,0.7777777777777777,88.88888888888889,300.002928951013
1.0,1.0,0.8888888888888888,88.88888888888889,300.0008700212851
1.0,1.0,1.0,88.88888888888889,300.00017243294167
0.0,0.0,0.0,100.0,300.0003961179047
0.0,0.0,0.1111111111111111,100.0,300.0017629754624
0.0,0.0,0.2222222222222222,100.0,300.00540209992977
0.0,0.0,0.3333333333333333,100.0,300.0113965529054
0.0,0.0,0.4444444444444444,100.0,300.0165530855499
0.0,0.0,0.5555555555555556,100.0,300.0165530855499
0.0,0.0,0.6666666666666666,100.0,300.0113965529054
0.0,0.0,0.7777777777777777,100.0,300.00540209992977
0.0,0.0,0.8888888888888888,100.0,300.0017629754624
0.0,0.0,1.0,100.0,300.0003961179047
0.0,0.1111111111111111,0.0,100.0,300.0017629754624
0.0,0.1111111111111111,0.1111111111111111,100.0,300.00784635696675
0.0,0.1111111111111111,0.2222222222222222,100.0,300.02404276481633
0.0,0.1111111111111111,0.3333333333333333,100.0,300.05072187571193
0.0,0.1111111111111111,0.4444444444444444,100.0,300.0736717106372
0.0,0.1111111111111111,0.5555555555555556,100.0,300.0736717106372
0.0,0.1111111111111111,0.6666666666666666,100.0,300.05072187571193
0.0,0.1111111111111111,0.7777777777777777,100.0,300.02404276481633
0.0,0.1111111111111111,0.8888888888888888,100.0,300.00784635696675
0.0,0.1111111111111111,1.0,100.0,300.0017629754624
0.0,0.2222222222222222,0.0,100.0,300.00540209992977
0.0,0.2222222222222222,0.1111111111111111,100.0,300.02404276481633
0.0,0.2222222222222222,0.2222222222222222,100.0,300.0736717106372
0.0,0.2222222222222222,0.3333333333333333,100.0,300.15542169875107
0.0,0.2222222222222222,0.4444444444444444,100.0,300.22574445949454
0.0,0.2222222222222222,0.5555555555555556,100.0,300.22574445949454
0.0,0.2222222222222222,0.6666666666666666,100.0,300.15542169875107
0.0,0.2222222222222222,0.7777777777777777,100.0,300.0736717106372
0.0,0.2222222222222222,0.8888888888888888,100.0,300.02404276481633
0.0,0.2222222222222222,1.0,100.0,300.00540209992977
0.0,0.3333333333333333,0.0,100.0,300.0113965529054
0.0,0.3333333333333333,0.1111111111111111,100.0,300.05072187571193
0.0,0.3333333333333333,0.2222222222222222,100.0,300.15542169875107
0.0,0.3333333333333333,0.3333333333333333,100.0,300.32788575470465
0.0,0.3333333333333333,0.4444444444444444,100.0,300.47624233338433
0.0,0.3333333333333333,0.5555555555555556,100.0,300.47624233338433
0.0,0.3333333333333333,0.6666666666666666,100.0,300.32788575470465
0.0,0.3333333333333333,0.7777777777777777,100.0,300.15542169875107
0.0,0.3333333333333333,0.8888888888888888,100.0,300.05072187571193
0.0,0.3333333333333333,1.0,100.0,300.0113965529054
0.0,0.4444444444444444,0.0,100.0,300.0165530855499
0.0,0.4444444444444444,0.1111111111111111,100.0,300.0736717106372
0.0,0.4444444444444444,0.2222222222222222,100.0,300.22574445949454
0.0,0.4444444444444444,0.3333333333333333,100.0,300.47624233338433
0.0,0.4444444444444444,0.4444444444444444,100.0,300.69172495862654
0.0,0.4444444444444444,0.5555555555555556,100.0,300.69172495862654
0.0,0.4444444444444444,0.6666666666666666,100.0,300.47624233338433
0.0,0.4444444444444444,0.7777777777777777,100.0,300.22574445949454
0.0,0.4444444444444444,0.8888888888888888,100.0,300.0736717106372
0.0,0.4444444444444444,1.0,100.0,300.0165530855499
0.0,0.5555555555555556,0.0,100.0,300.0165530855499
0.0,0.5555555555555556,0.1111111111111111,100.0,300.0736717106372
0.0,0.5555555555555556,0.2222222222222222,100.0,300.22574445949454
0.0,0.5555555555555556,0.3333333333333333,100.0,300.47624233338433
0.0,0.5555555555555556,0.4444444444444444,100.0,300.69172495862654
0.0,0.5555555555555556,0.5555555555555556,100.0,300.69172495862654
0.0,0.5555555555555556,0.6666666666666666,100.0,300.47624233338433
0.0,0.5555555555555556,0.7777777777777777,100.0,300.22574445949454
0.0,0.5555555555555556,0.8888888888888888,100.0,300.0736717106372
0.0,0.5555555555555556,1.0,100.0,300.0165530855499
0.0,0.6666666666666666,0.0,100.0,300.0113965529054
0.0,0.6666666666666666,0.1111111111111111,100.0,300.05072187571193
0.0,0.6666666666666666,0.2222222222222222,100.0,300.15542169875107
0.0,0.6666666666666666,0.3333333333333333,100.0,300.32788575470465
0.0,0.6666666666666666,0.4444444444444444,100.0,300.47624233338433
0.0,0.6666666666666666,0.5555555555555556,100.0,300.47624233338433
0.0,0.6666666666666666,0.6666666666666666,100.0,300.32788575470465
0.0,0.6666666666666666,0.7777777777777777,100.0,300.15542169875107
0.0,0.6666666666666666,0.8888888888888888,100.0,300.05072187571193
0.0,0.6666666666666666,1.0,100.0,300.0113965529054
0.0,0.7777777777777777,0.0,100.0,300.00540209992977
0.0,0.7777777777777777,0.1111111111111111,100.0,300.02404276481633
0.0,0.7777777777777777,0.2222222222222222,100.0,300.0736717106372
0.0,0.7777777777777777,0.3333333333333333,100.0,300.15542169875107
0.0,0.7777777777777777,0.4444444444444444,100.0,300.22574445949454
0.0,0.7777777777777777,0.5555555555555556,100.0,300.22574445949454
0.0,0.7777777777777777,0.6666666666666666,100.0,300.15542169875107
0.0,0.7777777777777777,0.7777777777777777,100.0,300.0736717106372
0.0,0.7777777777777777,0.8888888888888888,100.0,300.02404276481633
0.0,0.7777777777777777,1.0,100.0,300.00540209992977
0.0,0.8888888888888888,0.0,100.0,300.0017629754624
0.0,0.8888888888888888,0.1111111111111111,100.0,300.00784635696675
0.0,0.8888888888888888,0.2222222222222222,100.0,300.02404276481633
0.0,0.8888888888888888,0.3333333333333333,100.0,300.05072187571193
0.0,0.8888888888888888,0.4444444444444444,100.0,300.0736717106372
0.0,0.8888888888888888,0.5555555555555556,100.0,300.0736717106372
0.0,0.8888888888888888,0.6666666666666666,100.0,300.05072187571193
0.0,0.8888888888888888,0.7777777777777777,100.0,300.02404276481633
0.0,0.8888888888888888,0.8888888888888888,100.0,300.00784635696675
0.0,0.8888888888888888,1.0,100.0,300.0017629754624
0.0,1.0,0.0,100.0,300.0003961179047
0.0,1.0,0.1111111111111111,100.0,300.0017629754624
0.0,1.0,0.2222222222222222,100.0,300.00540209992977
0.0,1.0,0.3333333333333333,100.0,300.0113965529054
0.0,1.0,0.4444444444444444,100.0,300.0165530855499
0.0,1.0,0.5555555555555556,100.0,300.0165530855499
0.0,1.0,0.6666666666666666,100.0,300.0113965529054
0.0,1.0,0.7777777777777777,100.0,300.00540209992977
0.0,1.0,0.8888888888888888,100.0,300.0017629754624
0.0,1.0,1.0,100.0,300.0003961179047
0.1111111111111111,0.0,0.0,100.0,300.0017629754624
0.1111111111111111,0.0,0.1111111111111111,100.0,300.00784635696675
0.1111111111111111,0.0,0.2222222222222222,100.0,300.02404276481633
0.1111111111111111,0.0,0.3333333333333333,100.0,300.05072187571193
0.1111111111111111,0.0,0.4444444444444444,100.0,300.0736717106372
0.1111111111111111,0.0,0.5555555555555556,100.0,300.0736717106372
0.1111111111111111,0.0,0.6666666666666666,100.0,300.05072187571193
0.1111111111111111,0.0,0.7777777777777777,100.0,300.02404276481633
0.1111111111111111,0.0,0.8888888888888888,100.0,300.00784635696675
0.1111111111111111,0.0,1.0,100.0,300.0017629754624
0.1111111111111111,0.1111111111111111,0.0,100.0,300.00784635696675
0.1111111111111111,0.1111111111111111,0.1111111111111111,100.0,300.03492125611695
0.1111111111111111,0.1111111111111111,0.2222222222222222,100.0,300.1070055251711
0.1111111111111111,0.1111111111111111,0.3333333333333333,100.0,300.22574445949454
0.1111111111111111,0.1111111111111111,0.4444444444444444,100.0,300.32788575470465
0.1111111111111111,0.1111111111111111,0.5555555555555556,100.0,300.32788575470465
0.1111111111111111,0.1111111111111111,0.6666666666666666,100.0,300.22574445949454
0.1111111111111111,0.1111111111111111,0.7777777777777777,100.0,300.1070055251711
0.1111111111111111,0.1111111111111111,0.8888888888888888,100.0,300.03492125611695
0.1111111111111111,0.1111111111111111,1.0,100.0,300.00784635696675
0.1111111111111111,0.2222222222222222,0.0,100.0,300.02404276481633
0.1111111111111111,0.2222222222222222,0.1111111111111111,100.0,300.1070055251711
0.1111111111111111,0.2222222222222222,0.2222222222222222,100.0,300.32788575470465
0.1111111111111111,0.2222222222222222,0.3333333333333333,100.0,300.69172495862654
0.1111111111111111,0.2222222222222222,0.4444444444444444,100.0,301.00470576604704
0.1111111111111111,0.2222222222222222,0.5555555555555556,100.0,301.00470576604704
0.1111111111111111,0.2222222222222222,0.6666666666666666,100.0,300.69172495862654
0.1111111111111111,0.2222222222222222,0.7777777777777777,100.0,300.32788575470465
0.1111111111111111,0.2222222222222222,0.8888888888888888,100.0,300.1070055251711
0.1111111111111111,0.2222222222222222,1.0,100.0,300.02404276481633
0.1111111111111111,0.3333333333333333,0.0,100.0,300.05072187571193
0.1111111111111111,0.3333333333333333,0.1111111111111111,100.0,300.22574445949454
0.1111111111111111,0.3333333333333333,0.2222222222222222,100.0,300.69172495862654
0.1111111111111111,0.3333333333333333,0.3333333333333333,100.0,301.45929919650786
0.1111111111111111,0.3333333333333333,0.4444444444444444,100.0,302.11957989781143
0.1111111111111111,0.3333333333333333,0.5555555555555556,100.0,302.11957989781143
0.1111111111111111,0.3333333333333333,0.6666666666666666,100.0,301.45929919650786
0.1111111111111111,0.3333333333333333,0.7777777777777777,100.0,300.69172495862654
0.1111111111111111,0.3333333333333333,0.8888888888888888,100.0,300.22574445949454
0.1111111111111111,0.3333333333333333,1.0,100.0,300.05072187571193
0.1111111111111111,0.4444444444444444,0.0,100.0,300.0736717106372
0.1111111111111111,0.4444444444444444,0.1111111111111111,100.0,300.32788575470465
0.1111111111111111,0.4444444444444444,0.2222222222222222,100.0,301.00470576604704
0.1111111111111111,0.4444444444444444,0.3333333333333333,100.0,302.11957989781143
0.1111111111111111,0.4444444444444444,0.4444444444444444,100.0,303.07861400455585
0.1111111111111111,0.4444444444444444,0.5555555555555556,100.0,303.07861400455585
0.1111111111111111,0.4444444444444444,0.6666666666666666,100.0,302.11957989781143
0.1111111111111111,0.4444444444444444,0.7777777777777777,100.0,301.00470576604704
0.1111111111111111,0.4444444444444444,0.8888888888888888,100.0,300.32788575470465
0.1111111111111111,0.4444444444444444,1.0,100.0,300.0736717106372
0.1111111111111111,0.5555555555555556,0.0,100.0,300.0736717106372
0.1111111111111111,0.5555555555555556,0.1111111111111111,100.0,300.32788575470465
0.1111111111111111,0.5555555555555556,0.2222222222222222,100.0,301.00470576604704
0.1111111111111111,0.5555555555555556,0.3333333333333333,100.0,302.11957989781143
0.1111111111111111,0.5555555555555556,0.4444444444444444,100.0,303.07861400455585
0.1111111111111111,0.5555555555555556,0.5555555555555556,100.0,303.07861400455585
0.1111111111111111,0.5555555555555556,0.6666666666666666,100.0,302.11957989781143
0.1111111111111111,0.5555555555555556,0.7777777777777777,100.0,301.00470576604704
0.1111111111111111,0.5555555555555556,0.8888888888888888,100.0,300.32788575470465
0.1111111111111111,0.5555555555555556,1.0,100.0,300.0736717106372
0.1111111111111111,0.6666666666666666,0.0,100.0,300.05072187571193
0.1111111111111111,0.6666666666666666,0.1111111111111111,100.0,300.22574445949454
0.1111111111111111,0.6666666666666666,0.2222222222222222,100.0,300.69172495862654
0.1111111111111111,0.6666666666666666,0.3333333333333333,100.0,301.45929919650786
0.1111111111111111,0.6666666666666666,0.4444444444444444,100.0,302.11957989781143
0.1111111111111111,0.6666666666666666,0.5555555555555556,100.0,302.11957989781143
0.1111111111111111,0.6666666666666666,0.6666666666666666,100.0,301.45929919650786
0.1111111111111111,0.6666666666666666,0.7777777777777777,100.0,300.69172495862654
0.1111111111111111,0.6666666666666666,0.8888888888888888,100.0,300.22574445949454
0.1111111111111111,0.6666666666666666,1.0,100.0,300.05072187571193
0.1111111111111111,0.7777777777777777,0.0,100.0,300.02404276481633
0.1111111111111111,0.7777777777777777,0.1111111111111111,100.0,300.1070055251711
0.1111111111111111,0.7777777777777777,0.2222222222222222,100.0,300.32788575470465
0.1111111111111111,0.7777777777777777,0.3333333333333333,100.0,300.69172495862654
0.1111111111111111,0.7777777777777777,0.4444444444444444,100.0,301.00470576604704
0.1111111111111111,0.7777777777777777,0.5555555555555556,100.0,301.00470576604704
0.1111111111111111,0.7777777777777777,0.6666666666666666,100.0,300.69172495862654
0.1111111111111111,0.7777777777777777,0.7777777777777777,100.0,300.32788575470465
0.1111111111111111,0.7777777777777777,0.8888888888888888,100.0,300.1070055251711
0.1111111111111111,0.7777777777777777,1.0,100.0,300.02404276481633
0.1111111111111111,0.8888888888888888,0.0,100.0,300.00784635696675
0.1111111111111111,0.8888888888888888,0.1111111111111111,100.0,300.03492125611695
0.1111111111111111,0.8888888888888888,0.2222222222222222,100.0,300.1070055251711
0.1111111111111111,0.8888888888888888,0.3333333333333333,100.0,300.22574445949454
0.1111111111111111,0.8888888888888888,0.4444444444444444,100.0,300.32788575470465
0.1111111111111111,0.8888888888888888,0.5555555555555556,100.0,300.32788575470465
0.1111111111111111,0.8888888888888888,0.6666666666666666,100.0,300.22574445949454
0.1111111111111111,0.8888888888888888,0.7777777777777777,100.0,300.1070055251711
0.1111111111111111,0.8888888888888888,0.8888888888888888,100.0,300.03492125611695
0.1111111111111111,0.8888888888888888,1.0,100.0,300.00784635696675
0.1111111111111111,1.0,0.0,100.0,300.0017629754624
0.1111111111111111,1.0,0.1111111111111111,100.0,300.00784635696675
0.1111111111111111,1.0,0.2222222222222222,100.0,300.02404276481633
0.1111111111111111,1.0,0.3333333333333333,100.0,300.05072187571193
0.1111111111111111,1.0,0.4444444444444444,100.0,300.0736717106372
0.1111111111111111,1.0,0.5555555555555556,100.0,300.0736717106372
0.1111111111111111,1.0,0.6666666666666666,100.0,300.05072187571193
0.1111111111111111,1.0,0.7777777777777777,100.0,300.02404276481633
0.1111111111111111,1.0,0.8888888888888888,100.0,300.00784635696675
0.1111111111111111,1.0,1.0,100.0,300.0017629754624
0.2222222222222222,0.0,0.0,100.0,300.00540209992977
0.2222222222222222,0.0,0.1111111111111111,100.0,300.02404276481633
0.2222222222222222,0.0,0.2222222222222222,100.0,300.0736717106372
0.2222222222222222,0.0,0.3333333333333333,100.0,300.15542169875107
0.2222222222222222,0.0,0.4444444444444444,100.0,300.22574445949454
0.2222222222222222,0.0,0.5555555555555556,100.0,300.22574445949454
0.2222222222222222,0.0,0.6666666666666666,100.0,300.15542169875107
0.2222222222222222,0.0,0.7777777777777777,100.0,300.0736717106372
0.2222222222222222,0.0,0.8888888888888888,100.0,300.02404276481633
0.2222222222222222,0.0,1.0,100.0,300.00540209992977
0.2222222222222222,0.1111111111111111,0.0,100.0,300.02404276481633
0.2222222222222222,0.1111111111111111,0.1111111111111111,100.0,300.1070055251711
0.2222222222222222,0.1111111111111111,0.2222222222222222,100.0,300.32788575470465
0.2222222222222222,0.1111111111111111,0.3333333333333333,100.0,300.69172495862654
0.2222222222222222,0.1111111111111111,0.4444444444444444,100.0,301.00470576604704
0.2222222222222222,0.1111111111111111,0.5555555555555556,100.0,301.00470576604704
0.2222222222222222,0.1111111111111111,0.6666666666666666,100.0,300.69172495862654
0.2222222222222222,0.1111111111111111,0.7777777777777777,100.0,300.32788575470465
0.2222222222222222,0.1111111111111111,0.8888888888888888,100.0,300.1070055251711
0.2222222222222222,0.1111111111111111,1.0,100.0,300.02404276481633
0.2222222222222222,0.2222222222222222,0.0,100.0,300.0736717106372
0.2222222222222222,0.2222222222222222,0.1111111111111111,100.0,300.32788575470465
0.2222222222222222,0.2222222222222222,0.2222222222222222,100.0,301.00470576604704
0.2222222222222222,0.2222222222222222,0.3333333333333333,100.0,302.11957989781143
0.2222222222222222,0.2222222222222222,0.4444444444444444,100.0,303.07861400455585
0.2222222222222222,0.2222222222222222,0.5555555555555556,100.0,303.07861400455585
0.2222222222222222,0.2222222222222222,0.6666666666666666,100.0,302.11957989781143
0.2222222222222222,0.2222222222222222,0.7777777777777777,100.0,301.00470576604704
0.2222222222222222,0.2222222222222222,0.8888888888888888,100.0,300.32788575470465
0.2222222222222222,0.2222222222222222,1.0,100.0,300.0736717106372
0.2222222222222222,0.3333333333333333,0.0,100.0,300.15542169875107
0.2222222222222222,0.3333333333333333,0.1111111111111111,100.0,300.69172495862654
0.2222222222222222,0.3333333333333333,0.2222222222222222,100.0,302.11957989781143
0.2222222222222222,0.3333333333333333,0.3333333333333333,100.0,304.47157674916326
0.2222222222222222,0.3333333333333333,0.4444444444444444,100.0,306.49480532280705
0.2222222222222222,0.3333333333333333,0.5555555555555556,100.0,306.49480532280705
0.2222222222222222,0.3333333333333333,0.6666666666666666,100.0,304.47157674916326
0.2222222222222222,0.3333333333333333,0.7777777777777777,100.0,302.11957989781143
0.2222222222222222,0.3333333333333333,0.8888888888888888,100.0,300.69172495862654
0.2222222222222222,0.3333333333333333,1.0,100.0,300.15542169875107
0.2222222222222222,0.4444444444444444,0.0,100.0,300.22574445949454
0.2222222222222222,0.4444444444444444,0.1111111111111111,100.0,301.00470576604704
0.2222222222222222,0.4444444444444444,0.2222222222222222,100.0,303.07861400455585
0.2222222222222222,0.4444444444444444,0.3333333333333333,100.0,306.49480532280705
0.2222222222222222,0.4444444444444444,0.4444444444444444,100.0,309.4334724745708
0.2222222222222222,0.4444444444444444,0.5555555555555556,100.0,309.4334724745708
0.2222222222222222,0.4444444444444444,0.6666666666666666,100.0,306.49480532280705
0.2222222222222222,0.4444444444444444,0.7777777777777777,100.0,303.07861400455585
0.2222222222222222,0.4444444444444444,0.8888888888888888,100.0,301.00470576604704
0.2222222222222222,0.4444444444444444,1.0,100.0,300.22574445949454
0.2222222222222222,0.5555555555555556,0.0,100.0,300.22574445949454
0.2222222222222222,0.5555555555555556,0.1111111111111111,100.0,301.00470576604704
0.2222222222222222,0.5555555555555556,0.2222222222222222,100.0,303.07861400455585
0.2222222222222222,0.5555555555555556,0.3333333333333333,100.0,306.49480532280705
0.2222222222222222,0.5555555555555556,0.4444444444444444,100.0,309.4334724745708
0.2222222222222222,0.5555555555555556,0.5555555555555556,100.0,309.4334724745708
0.2222222222222222,0.5555555555555556,0.6666666666666666,100.0,306.49480532280705
0.2222222222222222,0.5555555555555556,0.7777777777777777,100.0,303.07861400455585
0.2222222222222222,0.5555555555555556,0.8888888888888888,100.0,301.00470576604704
0.2222222222222222,0.5555555555555556,1.0,100.0,300.22574445949454
0.2222222222222222,0.6666666666666666,0.0,100.0,300.15542169875107
0.2222222222222222,0.6666666666666666,0.1111111111111111,100.0,300.69172495862654
0.2222222222222222,0.6666666666666666,0.2222222222222222,100.0,302.11957989781143
0.2222222222222222,0.6666666666666666,0.3333333333333333,100.0,304.47157674916326
0.2222222222222222,0.6666666666666666,0.4444444444444444,100.0,306.49480532280705
0.2222222222222222,0.6666666666666666,0.5555555555555556,100.0,306.49480532280705
0.2222222222222222,0.6666666666666666,0.6666666666666666,100.0,304.47157674916326
0.2222222222222222,0.6666666666666666,0.7777777777777777,100.0,302.11957989781143
0.2222222222222222,0.6666666666666666,0.8888888888888888,100.0,300.69172495862654
0.2222222222222222,0.6666666666666666,1.0,100.0,300.15542169875107
0.2222222222222222,0.7777777777777777,0.0,100.0,300.0736717106372
0.2222222222222222,0.7777777777777777,0.1111111111111111,100.0,300.32788575470465
0.2222222222222222,0.7777777777777777,0.2222222222222222,100.0,301.00470576604704
0.2222222222222222,0.7777777777777777,0.3333333333333333,100.0,302.11957989781143
0.2222222222222222,0.7777777777777777,0.4444444444444444,100.0,303.07861400455585
0.2222222222222222,0.7777777777777777,0.5555555555555556,100.0,303.07861400455585
0.2222222222222222,0.7777777777777777,0.6666666666666666,100.0,302.11957989781143
0.2222222222222222,0.7777777777777777,0.7777777777777777,100.0,301.00470576604704
0.2222222222222222,0.7777777777777777,0.8888888888888888,100.0,300.32788575470465
0.2222222222222222,0.7777777777777777,1.0,100.0,300.0736717106372
0.2222222222222222,0.8888888888888888,0.0,100.0,300.02404276481633
0.2222222222222222,0.8888888888888888,0.1111111111111111,100.0,300.1070055251711
0.2222222222222222,0.8888888888888888,0.2222222222222222,100.0,300.32788575470465
0.2222222222222222,0.8888888888888888,0.3333333333333333,100.0,300.69172495862654
0.2222222222222222,0.8888888888888888,0.4444444444444444,100.0,301.00470576604704
0.2222222222222222,0.8888888888888888,0.5555555555555556,100.0,301.00470576604704
0.2222222222222222,0.8888888888888888,0.6666666666666666,100.0,300.69172495862654
0.2222222222222222,0.8888888888888888,0.7777777777777777,100.0,300.32788575470465
0.2222222222222222,0.8888888888888888,0.8888888888888888,100.0,300.1070055251711
0.2222222222222222,0.8888888888888888,1.0,100.0,300.02404276481633
0.2222222222222222,1.0,0.0,100.0,300.00540209992977
0.2222222222222222,1.0,0.1111111111111111,100.0,300.02404276481633
0.2222222222222222,1.0,0.2222222222222222,100.0,300.0736717106372
0.2222222222222222,1.0,0.3333333333333333,100.0,300.15542169875107
0.2222222222222222,1.0,0.4444444444444444,100.0,300.22574445949454
0.2222222222222222,1.0,0.5555555555555556,100.0,300.22574445949454
0.2222222222222222,1.0,0.6666666666666666,100.0,300.15542169875107
0.2222222222222222,1.0,0.7777777777777777,100.0,300.0736717106372
0.2222222222222222,1.0,0.8888888888888888,100.0,300.02404276481633
0.2222222222222222,1.0,1.0,100.0,300.00540209992977
0.3333333333333333,0.0,0.0,100.0,300.0113965529054
0.3333333333333333,0.0,0.1111111111111111,100.0,300.05072187571193
0.3333333333333333,0.0,0.2222222222222222,100.0,300.15542169875107
0.3333333333333333,0.0,0.3333333333333333,100.0,300.32788575470465
0.3333333333333333,0.0,0.4444444444444444,100.0,300.47624233338433
0.3333333333333333,0.0,0.5555555555555556,100.0,300.47624233338433
0.3333333333333333,0.0,0.6666666666666666,100.0,300.32788575470465
0.3333333333333333,0.0,0.7777777777777777,100.0,300.15542169875107
0.3333333333333333,0.0,0.8888888888888888,100.0,300.05072187571193
0.3333333333333333,0.0,1.0,100.0,300.0113965529054
0.3333333333333333,0.1111111111111111,0.0,100.0,300.05072187571193
0.3333333333333333,0.1111111111111111,0.1111111111111111,100.0,300.22574445949454
0.3333333333333333,0.1111111111111111,0.2222222222222222,100.0,300.69172495862654
0.3333333333333333,0.1111111111111111,0.3333333333333333,100.0,301.45929919650786
0.3333333333333333,0.1111111111111111,0.4444444444444444,100.0,302.11957989781143
0.3333333333333333,0.1111111111111111,0.5555555555555556,100.0,302.11957989781143
0.3333333333333333,0.1111111111111111,0.6666666666666666,100.0,301.45929919650786
0.3333333333333333,0.1111111111111111,0.7777777777777777,100.0,300.69172495862654
0.3333333333333333,0.1111111111111111,0.8888888888888888,100.0,300.22574445949454
0.3333333333333333,0.1111111111111111,1.0,100.0,300.05072187571193
0.3333333333333333,0.2222222222222222,0.0,100.0,300.15542169875107
0.3333333333333333,0.2222222222222222,0.1111111111111111,100.0,300.69172495862654
0.3333333333333333,0.2222222222222222,0.2222222222222222,100.0,302.11957989781143
0.3333333333333333,0.2222222222222222,0.3333333333333333,100.0,304.47157674916326
0.3333333333333333,0.2222222222222222,0.4444444444444444,100.0,306.49480532280705
0.3333333333333333,0.2222222222222222,0.5555555555555556,100.0,306.49480532280705
0.3333333333333333,0.2222222222222222,0.6666666666666666,100.0,304.47157674916326
0.3333333333333333,0.2222222222222222,0.7777777777777777,100.0,302.11957989781143
0.3333333333333333,0.2222222222222222,0.8888888888888888,100.0,300.69172495862654
0.3333333333333333,0.2222222222222222,1.0,100.0,300.15542169875107
0.3333333333333333,0.3333333333333333,0.0,100.0,300.32788575470465
0.3333333333333333,0.3333333333333333,0.1111111111111111,100.0,301.45929919650786
0.3333333333333333,0.3333333333333333,0.2222222222222222,100.0,304.47157674916326
0.3333333333333333,0.3333333333333333,0.3333333333333333,100.0,309.4334724745708
0.3333333333333333,0.3333333333333333,0.4444444444444444,100.0,313.70178142460844
0.3333333333333333,0.3333333333333333,0.5555555555555556,100.0,313.70178142460844
0.3333333333333333,0.3333333333333333,0.6666666666666666,100.0,309.4334724745708
0.3333333333333333,0.3333333333333333,0.7777777777777777,100.0,304.47157674916326
0.3333333333333333,0.3333333333333333,0.8888888888888888,100.0,301.45929919650786
0.3333333333333333,0.3333333333333333,1.0,100.0,300.32788575470465
0.3333333333333333,0.4444444444444444,0.0,100.0,300.47624233338433
0.3333333333333333,0.4444444444444444,0.1111111111111111,100.0,302.11957989781143
0.3333333333333333,0.4444444444444444,0.2222222222222222,100.0,306.49480532280705
0.3333333333333333,0.4444444444444444,0.3333333333333333,100.0,313.70178142460844
0.3333333333333333,0.4444444444444444,0.4444444444444444,100.0,319.90134753812225
0.3333333333333333,0.4444444444444444,0.5555555555555556,100.0,319.90134753812225
0.3333333333333333,0.4444444444444444,0.6666666666666666,100.0,313.70178142460844
0.3333333333333333,0.4444444444444444,0.7777777777777777,100.0,306.49480532280705
0.3333333333333333,0.4444444444444444,0.8888888888888888,100.0,302.11957989781143
0.3333333333333333,0.4444444444444444,1.0,100.0,300.47624233338433
0.3333333333333333,0.5555555555555556,0.0,100.0,300.47624233338433
0.3333333333333333,0.5555555555555556,0.1111111111111111,100.0,302.11957989781143
0.3333333333333333,0.5555555555555556,0.2222222222222222,100.0,306.49480532280705
0.3333333333333333,0.5555555555555556,0.3333333333333333,100.0,313.70178142460844
0.3333333333333333,0.5555555555555556,0.4444444444444444,100.0,319.90134753812225
0.3333333333333333,0.5555555555555556,0.5555555555555556,100.0,319.90134753812225
0.3333333333333333,0.5555555555555556,0.6666666666666666,100.0,313.70178142460844
0.3333333333333333,0.5555555555555556,0.7777777777777777,100.0,306.49480532280705
0.3333333333333333,0.5555555555555556,0.8888888888888888,100.0,302.11957989781143
0.3333333333333333,0.5555555555555556,1.0,100.0,300.47624233338433
0.3333333333333333,0.6666666666666666,0.0,100.0,300.32788575470465
0.3333333333333333,0.6666666666666666,0.1111111111111111,100.0,301.45929919650786
0.3333333333333333,0.6666666666666666,0.2222222222222222,100.0,304.47157674916326
0.3333333333333333,0.6666666666666666,0.3333333333333333,100.0,309.4334724745708
0.3333333333333333,0.6666666666666666,0.4444444444444444,100.0,313.70178142460844
0.3333333333333333,0.6666666666666666,0.5555555555555556,100.0,313.70178142460844
0.3333333333333333,0.6666666666666666,0.6666666666666666,100.0,309.4334724745708
0.3333333333333333,0.6666666666666666,0.7777777777777777,100.0,304.47157674916326
0.3333333333333333,0.6666666666666666,0.8888888888888888,100.0,301.45929919650786
0.3333333333333333,0.6666666666666666,1.0,100.0,300.32788575470465
0.3333333333333333,0.7777777777777777,0.0,100.0,300.15542169875107
0.3333333333333333,0.7777777777777777,0.1111111111111111,100.0,300.69172495862654
0.3333333333333333,0.7777777777777777,0.2222222222222222,100.0,302.11957989781143
0.3333333333333333,0.7777777777777777,0.3333333333333333,100.0,304.47157674916326
0.3333333333333333,0.7777777777777777,0.4444444444444444,100.0,306.49480532280705
0.3333333333333333,0.7777777777777777,0.5555555555555556,100.0,306.49480532280705
0.3333333333333333,0.7777777777777777,0.6666666666666666,100.0,304.47157674916326
0.3333333333333333,0.7777777777777777,0.7777777777777777,100.0,302.11957989781143
0.3333333333333333,0.7777777777777777,0.8888888888888888,100.0,300.69172495862654
0.3333333333333333,0.7777777777777777,1.0,100.0,300.15542169875107
0.3333333333333333,0.8888888888888888,0.0,100.0,300.05072187571193
0.3333333333333333,0.8888888888888888,0.1111111111111111,100.0,300.22574445949454
0.3333333333333333,0.8888888888888888,0.2222222222222222,100.0,300.69172495862654
0.3333333333333333,0.8888888888888888,0.3333333333333333,100.0,301.45929919650786
0.3333333333333333,0.8888888888888888,0.4444444444444444,100.0,302.11957989781143
0.3333333333333333,0.8888888888888888,0.5555555555555556,100.0,302.11957989781143
0.3333333333333333,0.8888888888888888,0.6666666666666666,100.0,301.45929919650786
0.3333333333333333,0.8888888888888888,0.7777777777777777,100.0,300.69172495862654
0.3333333333333333,0.8888888888888888,0.8888888888888888,100.0,300.22574445949454
0.3333333333333333,0.8888888888888888,1.0,100.0,300.05072187571193
0.3333333333333333,1.0,0.0,100.0,300.0113965529054
0.3333333333333333,1.0,0.1111111111111111,100.0,300.05072187571193
0.3333333333333333,1.0,0.2222222222222222,100.0,300.15542169875107
0.3333333333333333,1.0,0.3333333333333333,100.0,300.32788575470465
0.3333333333333333,1.0,0.4444444444444444,100.0,300.47624233338433
0.3333333333333333,1.0,0.5555555555555556,100.0,300.47624233338433
0.3333333333333333,1.0,0.6666666666666666,100.0,300.32788575470465
0.3333333333333333,1.0,0.7777777777777777,100.0,300.15542169875107
0.3333333333333333,1.0,0.8888888888888888,100.0,300.05072187571193
0.3333333333333333,1.0,1.0,100.0,300.0113965529054
0.4444444444444444,0.0,0.0,100.0,300.0165530855499
0.4444444444444444,0.0,0.1111111111111111,100.0,300.0736717106372
0.4444444444444444,0.0,0.2222222222222222,100.0,300.22574445949454
0.4444444444444444,0.0,0.3333333333333333,100.0,300.47624233338433
0.4444444444444444,0.0,0.4444444444444444,100.0,300.69172495862654
0.4444444444444444,0.0,0.5555555555555556,100.0,300.69172495862654
0.4444444444444444,0.0,0.6666666666666666,100.0,300.47624233338433
0.4444444444444444,0.0,0.7777777777777777,100.0,300.22574445949454
0.4444444444444444,0.0,0.8888888888888888,100.0,300.0736717106372
0.4444444444444444,0.0,1.0,100.0,300.0165530855499
0.4444444444444444,0.1111111111111111,0.0,100.0,300.0736717106372
0.4444444444444444,0.1111111111111111,0.1111111111111111,100.0,300.32788575470465
0.4444444444444444,0.1111111111111111,0.2222222222222222,100.0,301.00470576604704
0.4444444444444444,0.1111111111111111,0.3333333333333333,100.0,302.11957989781143
0.4444444444444444,0.1111111111111111,0.4444444444444444,100.0,303.07861400455585
0.4444444444444444,0.1111111111111111,0.5555555555555556,100.0,303.07861400455585
0.4444444444444444,0.1111111111111111,0.6666666666666666,100.0,302.11957989781143
0.4444444444444444,0.1111111111111111,0.7777777777777777,100.0,301.00470576604704
0.4444444444444444,0.1111111111111111,0.8888888888888888,100.0,300.32788575470465
0.4444444444444444,0.1111111111111111,1.0,100.0,300.0736717106372
0.4444444444444444,0.2222222222222222,0.0,100.0,300.22574445949454
0.4444444444444444,0.2222222222222222,0.1111111111111111,100.0,301.00470576604704
0.4444444444444444,0.2222222222222222,0.2222222222222222,100.0,303.07861400455585
0.4444444444444444,0.2222222222222222,0.3333333333333333,100.0,306.49480532280705
0.4444444444444444,0.2222222222222222,0.4444444444444444,100.0,309.4334724745708
0.4444444444444444,0.2222222222222222,0.5555555555555556,100.0,309.4334724745708
0.4444444444444444,0.2222222222222222,0.6666666666666666,100.0,306.49480532280705
0.4444444444444444,0.2222222222222222,0.7777777777777777,100.0,303.07861400455585
0.4444444444444444,0.2222222222222222,0.8888888888888888,100.0,301.00470576604704
0.4444444444444444,0.2222222222222222,1.0,100.0,300.22574445949454
0.4444444444444444,0.3333333333333333,0.0,100.0,300.47624233338433
0.4444444444444444,0.3333333333333333,0.1111111111111111,100.0,302.11957989781143
0.4444444444444444,0.3333333333333333,0.2222222222222222,100.0,306.49480532280705
0.4444444444444444,0.3333333333333333,0.3333333333333333,100.0,313.70178142460844
0.4444444444444444,0.3333333333333333,0.4444444444444444,100.0,319.90134753812225
0.4444444444444444,0.3333333333333333,0.5555555555555556,100.0,319.90134753812225
0.4444444444444444,0.3333333333333333,0.6666666666666666,100.0,313.70178142460844
0.4444444444444444,0.3333333333333333,0.7777777777777777,100.0,306.49480532280705
0.4444444444444444,0.3333333333333333,0.8888888888888888,100.0,302.11957989781143
0.4444444444444444,0.3333333333333333,1.0,100.0,300.47624233338433
0.4444444444444444,0.4444444444444444,0.0,100.0,300.69172495862654
0.4444444444444444,0.4444444444444444,0.1111111111111111,100.0,303.07861400455585
0.4444444444444444,0.4444444444444444,0.2222222222222222,100.0,309.4334724745708
0.4444444444444444,0.4444444444444444,0.3333333333333333,100.0,319.90134753812225
0.4444444444444444,0.4444444444444444,0.4444444444444444,100.0,328.9059956190656
0.4444444444444444,0.4444444444444444,0.5555555555555556,100.0,328.9059956190656
0.4444444444444444,0.4444444444444444,0.6666666666666666,100.0,319.90134753812225
0.4444444444444444,0.4444444444444444,0.7777777777777777,100.0,309.43347247457086
0.4444444444444444,0.4444444444444444,0.8888888888888888,100.0,303.07861400455585
0.4444444444444444,0.4444444444444444,1.0,100.0,300.69172495862654
0.4444444444444444,0.5555555555555556,0.0,100.0,300.69172495862654
0.4444444444444444,0.5555555555555556,0.1111111111111111,100.0,303.07861400455585
0.4444444444444444,0.5555555555555556,0.2222222222222222,100.0,309.4334724745708
0.4444444444444444,0.5555555555555556,0.3333333333333333,100.0,319.90134753812225
0.4444444444444444,0.5555555555555556,0.4444444444444444,100.0,328.9059956190656
0.4444444444444444,0.5555555555555556,0.5555555555555556,100.0,328.9059956190656
0.4444444444444444,0.5555555555555556,0.6666666666666666,100.0,319.90134753812225
0.4444444444444444,0.5555555555555556,0.7777777777777777,100.0,309.43347247457086
0.4444444444444444,0.5555555555555556,0.8888888888888888,100.0,303.07861400455585
0.4444444444444444,0.5555555555555556,1.0,100.0,300.69172495862654
0.4444444444444444,0.6666666666666666,0.0,100.0,300.47624233338433
0.4444444444444444,0.6666666666666666,0.1111111111111111,100.0,302.11957989781143
0.4444444444444444,0.6666666666666666,0.2222222222222222,100.0,306.49480532280705
0.4444444444444444,0.6666666666666666,0.3333333333333333,100.0,313.70178142460844
0.4444444444444444,0.6666666666666666,0.4444444444444444,100.0,319.90134753812225
0.4444444444444444,0.6666666666666666,0.5555555555555556,100.0,319.90134753812225
0.4444444444444444,0.6666666666666666,0.6666666666666666,100.0,313.70178142460844
0.4444444444444444,0.6666666666666666,0.7777777777777777,100.0,306.49480532280705
0.4444444444444444,0.6666666666666666,0.8888888888888888,100.0,302.11957989781143
0.4444444444444444,0.6666666666666666,1.0,100.0,300.47624233338433
0.4444444444444444,0.7777777777777777,0.0,100.0,300.22574445949454
0.4444444444444444,0.7777777777777777,0.1111111111111111,100.0,301.00470576604704
0.4444444444444444,0.7777777777777777,0.2222222222222222,100.0,303.07861400455585
0.4444444444444444,0.7777777777777777,0.3333333333333333,100.0,306.49480532280705
0.4444444444444444,0.7777777777777777,0.4444444444444444,100.0,309.43347247457086
0.4444444444444444,0.7777777777777777,0.5555555555555556,100.0,309.43347247457086
0.4444444444444444,0.7777777777777777,0.6666666666666666,100.0,306.49480532280705
0.4444444444444444,0.7777777777777777,0.7777777777777777,100.0,303.07861400455585
0.4444444444444444,0.7777777777777777,0.8888888888888888,100.0,301.00470576604704
0.4444444444444444,0.7777777777777777,1.0,100.0,300.22574445949454
0.4444444444444444,0.8888888888888888,0.0,100.0,300.0736717106372
0.4444444444444444,0.8888888888888888,0.1111111111111111,100.0,300.32788575470465
0.4444444444444444,0.8888888888888888,0.2222222222222222,100.0,301.00470576604704
0.4444444444444444,0.8888888888888888,0.3333333333333333,100.0,302.11957989781143
0.4444444444444444,0.8888888888888888,0.4444444444444444,100.0,303.07861400455585
0.4444444444444444,0.8888888888888888,0.5555555555555556,100.0,303.07861400455585
0.4444444444444444,0.8888888888888888,0.6666666666666666,100.0,302.11957989781143
0.4444444444444444,0.8888888888888888,0.7777777777777777,100.0,301.00470576604704
0.4444444444444444,0.8888888888888888,0.8888888888888888,100.0,300.32788575470465
0.4444444444444444,0.8888888888888888,1.0,100.0,300.0736717106372
0.4444444444444444,1.0,0.0,100.0,300.0165530855499
0.4444444444444444,1.0,0.1111111111111111,100.0,300.0736717106372
0.4444444444444444,1.0,0.2222222222222222,100.0,300.22574445949454
0.4444444444444444,1.0,0.3333333333333333,100.0,300.47624233338433
0.4444444444444444,1.0,0.4444444444444444,100.0,300.69172495862654
0.4444444444444444,1.0,0.5555555555555556,100.0,300.69172495862654
0.4444444444444444,1.0,0.6666666666666666,100.0,300.47624233338433
0.4444444444444444,1.0,0.7777777777777777,100.0,300.22574445949454
0.4444444444444444,1.0,0.8888888888888888,100.0,300.0736717106372
0.4444444444444444,1.0,1.0,100.0,300.0165530855499
0.5555555555555556,0.0,0.0,100.0,300.0165530855499
0.5555555555555556,0.0,0.1111111111111111,100.0,300.0736717106372
0.5555555555555556,0.0,0.2222222222222222,100.0,300.22574445949454
0.5555555555555556,0.0,0.3333333333333333,100.0,300.47624233338433
0.5555555555555556,0.0,0.4444444444444444,100.0,300.69172495862654
0.5555555555555556,0.0,0.5555555555555556,100.0,300.69172495862654
0.5555555555555556,0.0,0.6666666666666666,100.0,300.47624233338433
0.5555555555555556,0.0,0.7777777777777777,100.0,300.22574445949454
0.5555555555555556,0.0,0.8888888888888888,100.0,300.0736717106372
0.5555555555555556,0.0,1.0,100.0,300.0165530855499
0.5555555555555556,0.1111111111111111,0.0,100.0,300.0736717106372
0.5555555555555556,0.1111111111111111,0.1111111111111111,100.0,300.32788575470465
0.5555555555555556,0.1111111111111111,0.2222222222222222,100.0,301.00470576604704
0.5555555555555556,0.1111111111111111,0.3333333333333333,100.0,302.11957989781143
0.5555555555555556,0.1111111111111111,0.4444444444444444,100.0,303.07861400455585
0.5555555555555556,0.1111111111111111,0.5555555555555556,100.0,303.07861400455585
0.5555555555555556,0.1111111111111111,0.6666666666666666,100.0,302.11957989781143
0.5555555555555556,0.1111111111111111,0.7777777777777777,100.0,301.00470576604704
0.5555555555555556,0.1111111111111111,0.8888888888888888,100.0,300.32788575470465
0.5555555555555556,0.1111111111111111,1.0,100.0,300.0736717106372
0.5555555555555556,0.2222222222222222,0.0,100.0,300.22574445949454
0.5555555555555556,0.2222222222222222,0.1111111111111111,100.0,301.00470576604704
0.5555555555555556,0.2222222222222222,0.2222222222222222,100.0,303.07861400455585
0.5555555555555556,0.2222222222222222,0.3333333333333333,100.0,306.49480532280705
0.5555555555555556,0.2222222222222222,0.4444444444444444,100.0,309.4334724745708
0.5555555555555556,0.2222222222222222,0.5555555555555556,100.0,309.4334724745708
0.5555555555555556,0.2222222222222222,0.6666666666666666,100.0,306.49480532280705
0.5555555555555556,0.2222222222222222,0.7777777777777777,100.0,303.07861400455585
0.5555555555555556,0.2222222222222222,0.8888888888888888,100.0,301.00470576604704
0.5555555555555556,0.2222222222222222,1.0,100.0,300.22574445949454
0.5555555555555556,0.3333333333333333,0.0,100.0,300.47624233338433
0.5555555555555556,0.3333333333333333,0.1111111111111111,100.0,302.11957989781143
0.5555555555555556,0.3333333333333333,0.2222222222222222,100.0,306.49480532280705
0.5555555555555556,0.3333333333333333,0.3333333333333333,100.0,313.70178142460844
0.5555555555555556,0.3333333333333333,0.4444444444444444,100.0,319.90134753812225
0.5555555555555556,0.3333333333333333,0.5555555555555556,100.0,319.90134753812225
0.5555555555555556,0.3333333333333333,0.6666666666666666,100.0,313.70178142460844
0.5555555555555556,0.3333333333333333,0.7777777777777777,100.0,306.49480532280705
0.5555555555555556,0.3333333333333333,0.8888888888888888,100.0,302.11957989781143
0.5555555555555556,0.3333333333333333,1.0,100.0,300.47624233338433
0.5555555555555556,0.4444444444444444,0.0,100.0,300.69172495862654
0.5555555555555556,0.4444444444444444,0.1111111111111111,100.0,303.07861400455585
0.5555555555555556,0.4444444444444444,0.2222222222222222,100.0,309.4334724745708
0.5555555555555556,0.4444444444444444,0.3333333333333333,100.0,319.90134753812225
0.5555555555555556,0.4444444444444444,0.4444444444444444,100.0,328.9059956190656
0.5555555555555556,0.4444444444444444,0.5555555555555556,100.0,328.9059956190656
0.5555555555555556,0.4444444444444444,0.6666666666666666,100.0,319.90134753812225
0.5555555555555556,0.4444444444444444,0.7777777777777777,100.0,309.43347247457086
0.5555555555555556,0.4444444444444444,0.8888888888888888,100.0,303.07861400455585
0.5555555555555556,0.4444444444444444,1.0,100.0,300.69172495862654
0.5555555555555556,0.5555555555555556,0.0,100.0,300.69172495862654
0.5555555555555556,0.5555555555555556,0.1111111111111111,100.0,303.07861400455585
0.5555555555555556,0.5555555555555556,0.2222222222222222,100.0,309.4334724745708
0.5555555555555556,0.5555555555555556,0.3333333333333333,100.0,319.90134753812225
0.5555555555555556,0.5555555555555556,0.4444444444444444,100.0,328.9059956190656
0.5555555555555556,0.5555555555555556,0.5555555555555556,100.0,328.9059956190656
0.5555555555555556,0.5555555555555556,0.6666666666666666,100.0,319.90134753812225
0.5555555555555556,0.5555555555555556,0.7777777777777777,100.0,309.43347247457086
0.5555555555555556,0.5555555555555556,0.8888888888888888,100.0,303.07861400455585
0.5555555555555556,0.5555555555555556,1.0,100.0,300.69172495862654
0.5555555555555556,0.6666666666666666,0.0,100.0,300.47624233338433
0.5555555555555556,0.6666666666666666,0.1111111111111111,100.0,302.11957989781143
0.5555555555555556,0.6666666666666666,0.2222222222222222,100.0,306.49480532280705
0.5555555555555556,0.6666666666666666,0.3333333333333333,100.0,313.70178142460844
0.5555555555555556,0.6666666666666666,0.4444444444444444,100.0,319.90134753812225
0.5555555555555556,0.6666666666666666,0.5555555555555556,100.0,319.90134753812225
0.5555555555555556,0.6666666666666666,0.6666666666666666,100.0,313.70178142460844
0.5555555555555556,0.6666666666666666,0.7777777777777777,100.0,306.49480532280705
0.5555555555555556,0.6666666666666666,0.8888888888888888,100.0,302.11957989781143
0.5555555555555556,0.6666666666666666,1.0,100.0,300.47624233338433
0.5555555555555556,0.7777777777777777,0.0,100.0,300.22574445949454
0.5555555555555556,0.7777777777777777,0.1111111111111111,100.0,301.00470576604704
0.5555555555555556,0.7777777777777777,0.2222222222222222,100.0,303.07861400455585
0.5555555555555556,0.7777777777777777,0.3333333333333333,100.0,306.49480532280705
0.5555555555555556,0.7777777777777777,0.4444444444444444,100.0,309.43347247457086
0.5555555555555556,0.7777777777777777,0.5555555555555556,100.0,309.43347247457086
0.5555555555555556,0.7777777777777777,0.6666666666666666,100.0,306.49480532280705
0.5555555555555556,0.7777777777777777,0.7777777777777777,100.0,303.07861400455585
0.5555555555555556,0.7777777777777777,0.8888888888888888,100.0,301.00470576604704
0.5555555555555556,0.7777777777777777,1.0,100.0,300.22574445949454
0.5555555555555556,0.8888888888888888,0.0,100.0,300.0736717106372
0.5555555555555556,0.8888888888888888,0.1111111111111111,100.0,300.32788575470465
0.5555555555555556,0.8888888888888888,0.2222222222222222,100.0,301.00470576604704
0.5555555555555556,0.8888888888888888,0.3333333333333333,100.0,302.11957989781143
0.5555555555555556,0.8888888888888888,0.4444444444444444,100.0,303.07861400455585
0.5555555555555556,0.8888888888888888,0.5555555555555556,100.0,303.07861400455585
0.5555555555555556,0.8888888888888888,0.6666666666666666,100.0,302.11957989781143
0.5555555555555556,0.8888888888888888,0.7777777777777777,100.0,301.00470576604704
0.5555555555555556,0.8888888888888888,0.8888888888888888,100.0,300.32788575470465
0.5555555555555556,0.8888888888888888,1.0,100.0,300.0736717106372
0.5555555555555556,1.0,0.0,100.0,300.0165530855499
0.5555555555555556,1.0,0.1111111111111111,100.0,300.0736717106372
0.5555555555555556,1.0,0.2222222222222222,100.0,300.22574445949454
0.5555555555555556,1.0,0.3333333333333333,100.0,300.47624233338433
0.5555555555555556,1.0,0.4444444444444444,100.0,300.69172495862654
0.5555555555555556,1.0,0.5555555555555556,100.0,300.69172495862654
0.5555555555555556,1.0,0.6666666666666666,100.0,300.47624233338433
0.5555555555555556,1.0,0.7777777777777777,100.0,300.22574445949454
0.5555555555555556,1.0,0.8888888888888888,100.0,300.0736717106372
0.5555555555555556,1.0,1.0,100.0,300.0165530855499
0.6666666666666666,0.0,0.0,100.0,300.0113965529054
0.6666666666666666,0.0,0.1111111111111111,100.0,300.05072187571193
0.6666666666666666,0.0,0.2222222222222222,100.0,300.15542169875107
0.6666666666666666,0.0,0.3333333333333333,100.0,300.32788575470465
0.6666666666666666,0.0,0.4444444444444444,100.0,300.47624233338433
0.6666666666666666,0.0,0.5555555555555556,100.0,300.47624233338433
0.6666666666666666,0.0,0.6666666666666666,100.0,300.32788575470465
0.6666666666666666,0.0,0.7777777777777777,100.0,300.15542169875107
0.6666666666666666,0.0,0.8888888888888888,100.0,300.05072187571193
0.6666666666666666,0.0,1.0,100.0,300.0113965529054
0.6666666666666666,0.1111111111111111,0.0,100.0,300.05072187571193
0.6666666666666666,0.1111111111111111,0.1111111111111111,100.0,300.22574445949454
0.6666666666666666,0.1111111111111111,0.2222222222222222,100.0,300.69172495862654
0.6666666666666666,0.1111111111111111,0.3333333333333333,100.0,301.45929919650786
0.6666666666666666,0.1111111111111111,0.4444444444444444,100.0,302.11957989781143
0.6666666666666666,0.1111111111111111,0.5555555555555556,100.0,302.11957989781143
0.6666666666666666,0.1111111111111111,0.6666666666666666,100.0,301.45929919650786
0.6666666666666666,0.1111111111111111,0.7777777777777777,100.0,300.69172495862654
0.6666666666666666,0.1111111111111111,0.8888888888888888,100.0,300.22574445949454
0.6666666666666666,0.1111111111111111,1.0,100.0,300.05072187571193
0.6666666666666666,0.2222222222222222,0.0,100.0,300.15542169875107
0.6666666666666666,0.2222222222222222,0.1111111111111111,100.0,300.69172495862654
0.6666666666666666,0.2222222222222222,0.2222222222222222,100.0,302.11957989781143
0.6666666666666666,0.2222222222222222,0.3333333333333333,100.0,304.47157674916326
0.6666666666666666,0.2222222222222222,0.4444444444444444,100.0,306.49480532280705
0.6666666666666666,0.2222222222222222,0.5555555555555556,100.0,306.49480532280705
0.6666666666666666,0.2222222222222222,0.6666666666666666,100.0,304.47157674916326
0.6666666666666666,0.2222222222222222,0.7777777777777777,100.0,302.11957989781143
0.6666666666666666,0.2222222222222222,0.8888888888888888,100.0,300.69172495862654
0.6666666666666666,0.2222222222222222,1.0,100.0,300.15542169875107
0.6666666666666666,0.3333333333333333,0.0,100.0,300.32788575470465
0.6666666666666666,0.3333333333333333,0.1111111111111111,100.0,301.45929919650786
0.6666666666666666,0.3333333333333333,0.2222222222222222,100.0,304.47157674916326
0.6666666666666666,0.3333333333333333,0.3333333333333333,100.0,309.4334724745708
0.6666666666666666,0.3333333333333333,0.4444444444444444,100.0,313.70178142460844
0.6666666666666666,0.3333333333333333,0.5555555555555556,100.0,313.70178142460844
0.6666666666666666,0.3333333333333333,0.6666666666666666,100.0,309.4334724745708
0.6666666666666666,0.3333333333333333,0.7777777777777777,100.0,304.47157674916326
0.6666666666666666,0.3333333333333333,0.8888888888888888,100.0,301.45929919650786
0.6666666666666666,0.3333333333333333,1.0,100.0,300.32788575470465
0.6666666666666666,0.4444444444444444,0.0,100.0,300.47624233338433
0.6666666666666666,0.4444444444444444,0.1111111111111111,100.0,302.11957989781143
0.6666666666666666,0.4444444444444444,0.2222222222222222,100.0,306.49480532280705
0.6666666666666666,0.4444444444444444,0.3333333333333333,100.0,313.70178142460844
0.6666666666666666,0.4444444444444444,0.4444444444444444,100.0,319.90134753812225
0.6666666666666666,0.4444444444444444,0.5555555555555556,100.0,319.90134753812225
0.6666666666666666,0.4444444444444444,0.6666666666666666,100.0,313.70178142460844
0.6666666666666666,0.4444444444444444,0.7777777777777777,100.0,306.49480532280705
0.6666666666666666,0.4444444444444444,0.8888888888888888,100.0,302.11957989781143
0.6666666666666666,0.4444444444444444,1.0,100.0,300.47624233338433
0.6666666666666666,0.5555555555555556,0.0,100.0,300.47624233338433
0.6666666666666666,0.5555555555555556,0.1111111111111111,100.0,302.11957989781143
0.6666666666666666,0.5555555555555556,0.2222222222222222,100.0,306.49480532280705
0.6666666666666666,0.5555555555555556,0.3333333333333333,100.0,313.70178142460844
0.6666666666666666,0.5555555555555556,0.4444444444444444,100.0,319.90134753812225
0.6666666666666666,0.5555555555555556,0.5555555555555556,100.0,319.90134753812225
0.6666666666666666,0.5555555555555556,0.6666666666666666,100.0,313.70178142460844
0.6666666666666666,0.5555555555555556,0.7777777777777777,100.0,306.49480532280705
0.6666666666666666,0.5555555555555556,0.8888888888888888,100.0,302.11957989781143
0.6666666666666666,0.5555555555555556,1.0,100.0,300.47624233338433
0.6666666666666666,0.6666666666666666,0.0,100.0,300.32788575470465
0.6666666666666666,0.6666666666666666,0.1111111111111111,100.0,301.45929919650786
0.6666666666666666,0.6666666666666666,0.2222222222222222,100.0,304.47157674916326
0.6666666666666666,0.6666666666666666,0.3333333333333333,100.0,309.4334724745708
0.6666666666666666,0.6666666666666666,0.4444444444444444,100.0,313.70178142460844
0.6666666666666666,0.6666666666666666,0.5555555555555556,100.0,313.70178142460844
0.6666666666666666,0.6666666666666666,0.6666666666666666,100.0,309.43347247457086
0.6666666666666666,0.6666666666666666,0.7777777777777777,100.0,304.47157674916326
0.6666666666666666,0.6666666666666666,0.8888888888888888,100.0,301.45929919650786
0.6666666666666666,0.6666666666666666,1.0,100.0,300.32788575470465
0.6666666666666666,0.7777777777777777,0.0,100.0,300.15542169875107
0.6666666666666666,0.7777777777777777,0.1111111111111111,100.0,300.69172495862654
0.6666666666666666,0.7777777777777777,0.2222222222222222,100.0,302.11957989781143
0.6666666666666666,0.7777777777777777,0.3333333333333333,100.0,304.47157674916326
0.6666666666666666,0.7777777777777777,0.4444444444444444,100.0,306.49480532280705
0.6666666666666666,0.7777777777777777,0.5555555555555556,100.0,306.49480532280705
0.6666666666666666,0.7777777777777777,0.6666666666666666,100.0,304.47157674916326
0.6666666666666666,0.7777777777777777,0.7777777777777777,100.0,302.11957989781143
0.6666666666666666,0.7777777777777777,0.8888888888888888,100.0,300.69172495862654
0.6666666666666666,0.7777777777777777,1.0,100.0,300.15542169875107
0.6666666666666666,0.8888888888888888,0.0,100.0,300.05072187571193
0.6666666666666666,0.8888888888888888,0.1111111111111111,100.0,300.22574445949454
0.6666666666666666,0.8888888888888888,0.2222222222222222,100.0,300.69172495862654
0.6666666666666666,0.8888888888888888,0.3333333333333333,100.0,301.45929919650786
0.6666666666666666,0.8888888888888888,0.4444444444444444,100.0,302.11957989781143
0.6666666666666666,0.8888888888888888,0.5555555555555556,100.0,302.11957989781143
0.6666666666666666,0.8888888888888888,0.6666666666666666,100.0,301.45929919650786
0.6666666666666666,0.8888888888888888,0.7777777777777777,100.0,300.69172495862654
0.6666666666666666,0.8888888888888888,0.8888888888888888,100.0,300.22574445949454
0.6666666666666666,0.8888888888888888,1.0,100.0,300.05072187571193
0.6666666666666666,1.0,0.0,100.0,300.0113965529054
0.6666666666666666,1.0,0.1111111111111111,100.0,300.05072187571193
0.6666666666666666,1.0,0.2222222222222222,100.0,300.15542169875107
0.6666666666666666,1.0,0.3333333333333333,100.0,300.32788575470465
0.6666666666666666,1.0,0.4444444444444444,100.0,300.47624233338433
0.6666666666666666,1.0,0.5555555555555556,100.0,300.47624233338433
0.6666666666666666,1.0,0.6666666666666666,100.0,300.32788575470465
0.6666666666666666,1.0,0.7777777777777777,100.0,300.15542169875107
0.6666666666666666,1.0,0.8888888888888888,100.0,300.05072187571193
0.6666666666666666,1.0,1.0,100.0,300.0113965529054
0.7777777777777777,0.0,0.0,100.0,300.00540209992977
0.7777777777777777,0.0,0.1111111111111111,100.0,300.02404276481633
0.7777777777777777,0.0,0.2222222222222222,100.0,300.0736717106372
0.7777777777777777,0.0,0.3333333333333333,100.0,300.15542169875107
0.7777777777777777,0.0,0.4444444444444444,100.0,300.22574445949454
0.7777777777777777,0.0,0.5555555555555556,100.0,300.22574445949454
0.7777777777777777,0.0,0.6666666666666666,100.0,300.15542169875107
0.7777777777777777,0.0,0.7777777777777777,100.0,300.0736717106372
0.7777777777777777,0.0,0.8888888888888888,100.0,300.02404276481633
0.7777777777777777,0.0,1.0,100.0,300.00540209992977
0.7777777777777777,0.1111111111111111,0.0,100.0,300.02404276481633
0.7777777777777777,0.1111111111111111,0.1111111111111111,100.0,300.1070055251711
0.7777777777777777,0.1111111111111111,0.2222222222222222,100.0,300.32788575470465
0.7777777777777777,0.1111111111111111,0.3333333333333333,100.0,300.69172495862654
0.7777777777777777,0.1111111111111111,0.4444444444444444,100.0,301.00470576604704
0.7777777777777777,0.1111111111111111,0.5555555555555556,100.0,301.00470576604704
0.7777777777777777,0.1111111111111111,0.6666666666666666,100.0,300.69172495862654
0.7777777777777777,0.1111111111111111,0.7777777777777777,100.0,300.32788575470465
0.7777777777777777,0.1111111111111111,0.8888888888888888,100.0,300.1070055251711
0.7777777777777777,0.1111111111111111,1.0,100.0,300.02404276481633
0.7777777777777777,0.2222222222222222,0.0,100.0,300.0736717106372
0.7777777777777777,0.2222222222222222,0.1111111111111111,100.0,300.32788575470465
0.7777777777777777,0.2222222222222222,0.2222222222222222,100.0,301.00470576604704
0.7777777777777777,0.2222222222222222,0.3333333333333333,100.0,302.11957989781143
0.7777777777777777,0.2222222222222222,0.4444444444444444,100.0,303.07861400455585
0.7777777777777777,0.2222222222222222,0.5555555555555556,100.0,303.07861400455585
0.7777777777777777,0.2222222222222222,0.6666666666666666,100.0,302.11957989781143
0.7777777777777777,0.2222222222222222,0.7777777777777777,100.0,301.00470576604704
0.7777777777777777,0.2222222222222222,0.8888888888888888,100.0,300.32788575470465
0.7777777777777777,0.2222222222222222,1.0,100.0,300.0736717106372
0.7777777777777777,0.3333333333333333,0.0,100.0,300.15542169875107
0.7777777777777777,0.3333333333333333,0.1111111111111111,100.0,300.69172495862654
0.7777777777777777,0.3333333333333333,0.2222222222222222,100.0,302.11957989781143
0.7777777777777777,0.3333333333333333,0.3333333333333333,100.0,304.47157674916326
0.7777777777777777,0.3333333333333333,0.4444444444444444,100.0,306.49480532280705
0.7777777777777777,0.3333333333333333,0.5555555555555556,100.0,306.49480532280705
0.7777777777777777,0.3333333333333333,0.6666666666666666,100.0,304.47157674916326
0.7777777777777777,0.3333333333333333,0.7777777777777777,100.0,302.11957989781143
0.7777777777777777,0.3333333333333333,0.8888888888888888,100.0,300.69172495862654
0.7777777777777777,0.3333333333333333,1.0,100.0,300.15542169875107
0.7777777777777777,0.4444444444444444,0.0,100.0,300.22574445949454
0.7777777777777777,0.4444444444444444,0.1111111111111111,100.0,301.00470576604704
0.7777777777777777,0.4444444444444444,0.2222222222222222,100.0,303.07861400455585
0.7777777777777777,0.4444444444444444,0.3333333333333333,100.0,306.49480532280705
0.7777777777777777,0.4444444444444444,0.4444444444444444,100.0,309.43347247457086
0.7777777777777777,0.4444444444444444,0.5555555555555556,100.0,309.43347247457086
0.7777777777777777,0.4444444444444444,0.6666666666666666,100.0,306.49480532280705
0.7777777777777777,0.4444444444444444,0.7777777777777777,100.0,303.07861400455585
0.7777777777777777,0.4444444444444444,0.8888888888888888,100.0,301.00470576604704
0.7777777777777777,0.4444444444444444,1.0,100.0,300.22574445949454
0.7777777777777777,0.5555555555555556,0.0,100.0,300.22574445949454
0.7777777777777777,0.5555555555555556,0.1111111111111111,100.0,301.00470576604704
0.7777777777777777,0.5555555555555556,0.2222222222222222,100.0,303.07861400455585
0.7777777777777777,0.5555555555555556,0.3333333333333333,100.0,306.49480532280705
0.7777777777777777,0.5555555555555556,0.4444444444444444,100.0,309.43347247457086
0.7777777777777777,0.5555555555555556,0.5555555555555556,100.0,309.43347247457086
0.7777777777777777,0.5555555555555556,0.6666666666666666,100.0,306.49480532280705
0.7777777777777777,0.5555555555555556,0.7777777777777777,100.0,303.07861400455585
0.7777777777777777,0.5555555555555556,0.8888888888888888,100.0,301.00470576604704
0.7777777777777777,0.5555555555555556,1.0,100.0,300.22574445949454
0.7777777777777777,0.6666666666666666,0.0,100.0,300.15542169875107
0.7777777777777777,0.6666666666666666,0.1111111111111111,100.0,300.69172495862654
0.7777777777777777,0.6666666666666666,0.2222222222222222,100.0,302.11957989781143
0.7777777777777777,0.6666666666666666,0.3333333333333333,100.0,304.47157674916326
0.7777777777777777,0.6666666666666666,0.4444444444444444,100.0,306.49480532280705
0.7777777777777777,0.6666666666666666,0.5555555555555556,100.0,306.49480532280705
0.7777777777777777,0.6666666666666666,0.6666666666666666,100.0,304.47157674916326
0.7777777777777777,0.6666666666666666,0.7777777777777777,100.0,302.11957989781143
0.7777777777777777,0.6666666666666666,0.8888888888888888,100.0,300.69172495862654
0.7777777777777777,0.6666666666666666,1.0,100.0,300.15542169875107
0.7777777777777777,0.7777777777777777,0.0,100.0,300.0736717106372
0.7777777777777777,0.7777777777777777,0.1111111111111111,100.0,300.32788575470465
0.7777777777777777,0.7777777777777777,0.2222222222222222,100.0,301.00470576604704
0.7777777777777777,0.7777777777777777,0.3333333333333333,100.0,302.11957989781143
0.7777777777777777,0.7777777777777777,0.4444444444444444,100.0,303.07861400455585
0.7777777777777777,0.7777777777777777,0.5555555555555556,100.0,303.07861400455585
0.7777777777777777,0.7777777777777777,0.6666666666666666,100.0,302.11957989781143
0.7777777777777777,0.7777777777777777,0.7777777777777777,100.0,301.00470576604704
0.7777777777777777,0.7777777777777777,0.8888888888888888,100.0,300.32788575470465
0.7777777777777777,0.7777777777777777,1.0,100.0,300.0736717106372
0.7777777777777777,0.8888888888888888,0.0,100.0,300.02404276481633
0.7777777777777777,0.8888888888888888,0.1111111111111111,100.0,300.1070055251711
0.7777777777777777,0.8888888888888888,0.2222222222222222,100.0,300.32788575470465
0.7777777777777777,0.8888888888888888,0.3333333333333333,100.0,300.69172495862654
0.7777777777777777,0.8888888888888888,0.4444444444444444,100.0,301.00470576604704
0.7777777777777777,0.8888888888888888,0.5555555555555556,100.0,301.00470576604704
0.7777777777777777,0.8888888888888888,0.6666666666666666,100.0,300.69172495862654
0.7777777777777777,0.8888888888888888,0.7777777777777777,100.0,300.32788575470465
0.7777777777777777,0.8888888888888888,0.8888888888888888,100.0,300.1070055251711
0.7777777777777777,0.8888888888888888,1.0,100.0,300.02404276481633
0.7777777777777777,1.0,0.0,100.0,300.00540209992977
0.7777777777777777,1.0,0.1111111111111111,100.0,300.02404276481633
0.7777777777777777,1.0,0.2222222222222222,100.0,300.0736717106372
0.7777777777777777,1.0,0.3333333333333333,100.0,300.15542169875107
0.7777777777777777,1.0,0.4444444444444444,100.0,300.22574445949454
0.7777777777777777,1.0,0.5555555555555556,100.0,300.22574445949454
0.7777777777777777,1.0,0.6666666666666666,100.0,300.15542169875107
0.7777777777777777,1.0,0.7777777777777777,100.0,300.0736717106372
0.7777777777777777,1.0,0.8888888888888888,100.0,300.02404276481633
0.7777777777777777,1.0,1.0,100.0,300.00540209992977
0.8888888888888888,0.0,0.0,100.0,300.0017629754624
0.8888888888888888,0.0,0.1111111111111111,100.0,300.00784635696675
0.8888888888888888,0.0,0.2222222222222222,100.0,300.02404276481633
0.8888888888888888,0.0,0.3333333333333333,100.0,300.05072187571193
0.8888888888888888,0.0,0.4444444444444444,100.0,300.0736717106372
0.8888888888888888,0.0,0.5555555555555556,100.0,300.0736717106372
0.8888888888888888,0.0,0.6666666666666666,100.0,300.05072187571193
0.8888888888888888,0.0,0.7777777777777777,100.0,300.02404276481633
0.8888888888888888,0.0,0.8888888888888888,100.0,300.00784635696675
0.8888888888888888,0.0,1.0,100.0,300.0017629754624
0.8888888888888888,0.1111111111111111,0.0,100.0,300.00784635696675
0.8888888888888888,0.1111111111111111,0.1111111111111111,100.0,300.03492125611695
0.8888888888888888,0.1111111111111111,0.2222222222222222,100.0,300.1070055251711
0.8888888888888888,0.1111111111111111,0.3333333333333333,100.0,300.22574445949454
0.8888888888888888,0.1111111111111111,0.4444444444444444,100.0,300.32788575470465
0.8888888888888888,0.1111111111111111,0.5555555555555556,100.0,300.32788575470465
0.8888888888888888,0.1111111111111111,0.6666666666666666,100.0,300.22574445949454
0.8888888888888888,0.1111111111111111,0.7777777777777777,100.0,300.1070055251711
0.8888888888888888,0.1111111111111111,0.8888888888888888,100.0,300.03492125611695
0.8888888888888888,0.1111111111111111,1.0,100.0,300.00784635696675
0.8888888888888888,0.2222222222222222,0.0,100.0,300.02404276481633
0.8888888888888888,0.2222222222222222,0.1111111111111111,100.0,300.1070055251711
0.8888888888888888,0.2222222222222222,0.2222222222222222,100.0,300.32788575470465
0.8888888888888888,0.2222222222222222,0.3333333333333333,100.0,300.69172495862654
0.8888888888888888,0.2222222222222222,0.4444444444444444,100.0,301.00470576604704
0.8888888888888888,0.2222222222222222,0.5555555555555556,100.0,301.00470576604704
0.8888888888888888,0.2222222222222222,0.6666666666666666,100.0,300.69172495862654
0.8888888888888888,0.2222222222222222,0.7777777777777777,100.0,300.32788575470465
0.8888888888888888,0.2222222222222222,0.8888888888888888,100.0,300.1070055251711
0.8888888888888888,0.2222222222222222,1.0,100.0,300.02404276481633
0.8888888888888888,0.3333333333333333,0.0,100.0,300.05072187571193
0.8888888888888888,0.3333333333333333,0.1111111111111111,100.0,300.22574445949454
0.8888888888888888,0.3333333333333333,0.2222222222222222,100.0,300.69172495862654
0.8888888888888888,0.3333333333333333,0.3333333333333333,100.0,301.45929919650786
0.8888888888888888,0.3333333333333333,0.4444444444444444,100.0,302.11957989781143
0.8888888888888888,0.3333333333333333,0.5555555555555556,100.0,302.11957989781143
0.8888888888888888,0.3333333333333333,0.6666666666666666,100.0,301.45929919650786
0.8888888888888888,0.3333333333333333,0.7777777777777777,100.0,300.69172495862654
0.8888888888888888,0.3333333333333333,0.8888888888888888,100.0,300.22574445949454
0.8888888888888888,0.3333333333333333,1.0,100.0,300.05072187571193
0.8888888888888888,0.4444444444444444,0.0,100.0,300.0736717106372
0.8888888888888888,0.4444444444444444,0.1111111111111111,100.0,300.32788575470465
0.8888888888888888,0.4444444444444444,0.2222222222222222,100.0,301.00470576604704
0.8888888888888888,0.4444444444444444,0.3333333333333333,100.0,302.11957989781143
0.8888888888888888,0.4444444444444444,0.4444444444444444,100.0,303.07861400455585
0.8888888888888888,0.4444444444444444,0.5555555555555556,100.0,303.07861400455585
0.8888888888888888,0.4444444444444444,0.6666666666666666,100.0,302.11957989781143
0.8888888888888888,0.4444444444444444,0.7777777777777777,100.0,301.00470576604704
0.8888888888888888,0.4444444444444444,0.8888888888888888,100.0,300.32788575470465
0.8888888888888888,0.4444444444444444,1.0,100.0,300.0736717106372
0.8888888888888888,0.5555555555555556,0.0,100.0,300.0736717106372
0.8888888888888888,0.5555555555555556,0.1111111111111111,100.0,300.32788575470465
0.8888888888888888,0.5555555555555556,0.2222222222222222,100.0,301.00470576604704
0.8888888888888888,0.5555555555555556,0.3333333333333333,100.0,302.11957989781143
0.8888888888888888,0.5555555555555556,0.4444444444444444,100.0,303.07861400455585
0.8888888888888888,0.5555555555555556,0.5555555555555556,100.0,303.07861400455585
0.8888888888888888,0.5555555555555556,0.6666666666666666,100.0,302.11957989781143
0.8888888888888888,0.5555555555555556,0.7777777777777777,100.0,301.00470576604704
0.8888888888888888,0.5555555555555556,0.8888888888888888,100.0,300.32788575470465
0.8888888888888888,0.5555555555555556,1.0,100.0,300.0736717106372
0.8888888888888888,0.6666666666666666,0.0,100.0,300.05072187571193
0.8888888888888888,0.6666666666666666,0.1111111111111111,100.0,300.22574445949454
0.8888888888888888,0.6666666666666666,0.2222222222222222,100.0,300.69172495862654
0.8888888888888888,0.6666666666666666,0.3333333333333333,100.0,301.45929919650786
0.8888888888888888,0.6666666666666666,0.4444444444444444,100.0,302.11957989781143
0.8888888888888888,0.6666666666666666,0.5555555555555556,100.0,302.11957989781143
0.8888888888888888,0.6666666666666666,0.6666666666666666,100.0,301.45929919650786
0.8888888888888888,0.6666666666666666,0.7777777777777777,100.0,300.69172495862654
0.8888888888888888,0.6666666666666666,0.8888888888888888,100.0,300.22574445949454
0.8888888888888888,0.6666666666666666,1.0,100.0,300.05072187571193
0.8888888888888888,0.7777777777777777,0.0,100.0,300.02404276481633
0.8888888888888888,0.7777777777777777,0.1111111111111111,100.0,300.1070055251711
0.8888888888888888,0.7777777777777777,0.2222222222222222,100.0,300.32788575470465
0.8888888888888888,0.7777777777777777,0.3333333333333333,100.0,300.69172495862654
0.8888888888888888,0.7777777777777777,0.4444444444444444,100.0,301.00470576604704
0.8888888888888888,0.7777777777777777,0.5555555555555556,100.0,301.00470576604704
0.8888888888888888,0.7777777777777777,0.6666666666666666,100.0,300.69172495862654
0.8888888888888888,0.7777777777777777,0.7777777777777777,100.0,300.32788575470465
0.8888888888888888,0.7777777777777777,0.8888888888888888,100.0,300.1070055251711
0.8888888888888888,0.7777777777777777,1.0,100.0,300.02404276481633
0.8888888888888888,0.8888888888888888,0.0,100.0,300.00784635696675
0.8888888888888888,0.8888888888888888,0.1111111111111111,100.0,300.03492125611695
0.8888888888888888,0.8888888888888888,0.2222222222222222,100.0,300.1070055251711
0.8888888888888888,0.8888888888888888,0.3333333333333333,100.0,300.22574445949454
0.8888888888888888,0.8888888888888888,0.4444444444444444,100.0,300.32788575470465
0.8888888888888888,0.8888888888888888,0.5555555555555556,100.0,300.32788575470465
0.8888888888888888,0.8888888888888888,0.6666666666666666,100.0,300.22574445949454
0.8888888888888888,0.8888888888888888,0.7777777777777777,100.0,300.1070055251711
0.8888888888888888,0.8888888888888888,0.8888888888888888,100.0,300.03492125611695
0.8888888888888888,0.8888888888888888,1.0,100.0,300.00784635696675
0.8888888888888888,1.0,0.0,100.0,300.0017629754624
0.8888888888888888,1.0,0.1111111111111111,100.0,300.00784635696675
0.8888888888888888,1.0,0.2222222222222222,100.0,300.02404276481633
0.8888888888888888,1.0,0.3333333333333333,100.0,300.05072187571193
0.8888888888888888,1.0,0.4444444444444444,100.0,300.0736717106372
0.8888888888888888,1.0,0.5555555555555556,100.0,300.0736717106372
0.8888888888888888,1.0,0.6666666666666666,100.0,300.05072187571193
0.8888888888888888,1.0,0.7777777777777777,100.0,300.02404276481633
0.8888888888888888,1.0,0.8888888888888888,100.0,300.00784635696675
0.8888888888888888,1.0,1.0,100.0,300.0017629754624
1.0,0.0,0.0,100.0,300.0003961179047
1.0,0.0,0.1111111111111111,100.0,300.0017629754624
1.0,0.0,0.2222222222222222,100.0,300.00540209992977
1.0,0.0,0.3333333333333333,100.0,300.0113965529054
1.0,0.0,0.4444444444444444,100.0,300.0165530855499
1.0,0.0,0.5555555555555556,100.0,300.0165530855499
1.0,0.0,0.6666666666666666,100.0,300.0113965529054
1.0,0.0,0.7777777777777777,100.0,300.00540209992977
1.0,0.0,0.8888888888888888,100.0,300.0017629754624
1.0,0.0,1.0,100.0,300.0003961179047
1.0,0.1111111111111111,0.0,100.0,300.0017629754624
1.0,0.1111111111111111,0.1111111111111111,100.0,300.00784635696675
1.0,0.1111111111111111,0.2222222222222222,100.0,300.02404276481633
1.0,0.1111111111111111,0.3333333333333333,100.0,300.05072187571193
1.0,0.1111111111111111,0.4444444444444444,100.0,300.0736717106372
1.0,0.1111111111111111,0.5555555555555556,100.0,300.0736717106372
1.0,0.1111111111111111,0.6666666666666666,100.0,300.05072187571193
1.0,0.1111111111111111,0.7777777777777777,100.0,300.02404276481633
1.0,0.1111111111111111,0.8888888888888888,100.0,300.00784635696675
1.0,0.1111111111111111,1.0,100.0,300.0017629754624
1.0,0.2222222222222222,0.0,100.0,300.00540209992977
1.0,0.2222222222222222,0.1111111111111111,100.0,300.02404276481633
1.0,0.2222222222222222,0.2222222222222222,100.0,300.0736717106372
1.0,0.2222222222222222,0.3333333333333333,100.0,300.15542169875107
1.0,0.2222222222222222,0.4444444444444444,100.0,300.22574445949454
1.0,0.2222222222222222,0.5555555555555556,100.0,300.22574445949454
1.0,0.2222222222222222,0.6666666666666666,100.0,300.15542169875107
1.0,0.2222222222222222,0.7777777777777777,100.0,300.0736717106372
1.0,0.2222222222222222,0.8888888888888888,100.0,300.02404276481633
1.0,0.2222222222222222,1.0,100.0,300.00540209992977
1.0,0.3333333333333333,0.0,100.0,300.0113965529054
1.0,0.3333333333333333,0.1111111111111111,100.0,300.05072187571193
1.0,0.3333333333333333,0.2222222222222222,100.0,300.15542169875107
1.0,0.3333333333333333,0.3333333333333333,100.0,300.32788575470465
1.0,0.3333333333333333,0.4444444444444444,100.0,300.47624233338433
1.0,0.3333333333333333,0.5555555555555556,100.0,300.47624233338433
1.0,0.3333333333333333,0.6666666666666666,100.0,300.32788575470465
1.0,0.3333333333333333,0.7777777777777777,100.0,300.15542169875107
1.0,0.3333333333333333,0.8888888888888888,100.0,300.05072187571193
1.0,0.3333333333333333,1.0,100.0,300.0113965529054
1.0,0.4444444444444444,0.0,100.0,300.0165530855499
1.0,0.4444444444444444,0.1111111111111111,100.0,300.0736717106372
1.0,0.4444444444444444,0.2222222222222222,100.0,300.22574445949454
1.0,0.4444444444444444,0.3333333333333333,100.0,300.47624233338433
1.0,0.4444444444444444,0.4444444444444444,100.0,300.69172495862654
1.0,0.4444444444444444,0.5555555555555556,100.0,300.69172495862654
1.0,0.4444444444444444,0.6666666666666666,100.0,300.47624233338433
1.0,0.4444444444444444,0.7777777777777777,100.0,300.22574445949454
1.0,0.4444444444444444,0.8888888888888888,100.0,300.0736717106372
1.0,0.4444444444444444,1.0,100.0,300.0165530855499
1.0,0.5555555555555556,0.0,100.0,300.0165530855499
1.0,0.5555555555555556,0.1111111111111111,100.0,300.0736717106372
1.0,0.5555555555555556,0.2222222222222222,100.0,300.22574445949454
1.0,0.5555555555555556,0.3333333333333333,100.0,300.47624233338433
1.0,0.5555555555555556,0.4444444444444444,100.0,300.69172495862654
1.0,0.5555555555555556,0.5555555555555556,100.0,300.69172495862654
1.0,0.5555555555555556,0.6666666666666666,100.0,300.47624233338433
1.0,0.5555555555555556,0.7777777777777777,100.0,300.22574445949454
1.0,0.5555555555555556,0.8888888888888888,100.0,300.0736717106372
1.0,0.5555555555555556,1.0,100.0,300.0165530855499
1.0,0.6666666666666666,0.0,100.0,300.0113965529054
1.0,0.6666666666666666,0.1111111111111111,100.0,300.05072187571193
1.0,0.6666666666666666,0.2222222222222222,100.0,300.15542169875107
1.0,0.6666666666666666,0.3333333333333333,100.0,300.32788575470465
1.0,0.6666666666666666,0.4444444444444444,100.0,300.47624233338433
1.0,0.6666666666666666,0.5555555555555556,100.0,300.47624233338433
1.0,0.6666666666666666,0.6666666666666666,100.0,300.32788575470465
1.0,0.6666666666666666,0.7777777777777777,100.0,300.15542169875107
1.0,0.6666666666666666,0.8888888888888888,100.0,300.05072187571193
1.0,0.6666666666666666,1.0,100.0,300.0113965529054
1.0,0.7777777777777777,0.0,100.0,300.00540209992977
1.0,0.7777777777777777,0.1111111111111111,100.0,300.02404276481633
1.0,0.7777777777777777,0.2222222222222222,100.0,300.0736717106372
1.0,0.7777777777777777,0.3333333333333333,100.0,300.15542169875107
1.0,0.7777777777777777,0.4444444444444444,100.0,300.22574445949454
1.0,0.7777777777777777,0.5555555555555556,100.0,300.22574445949454
1.0,0.7777777777777777,0.6666666666666666,100.0,300.15542169875107
1.0,0.7777777777777777,0.7777777777777777,100.0,300.0736717106372
1.0,0.7777777777777777,0.8888888888888888,100.0,300.02404276481633
1.0,0.7777777777777777,1.0,100.0,300.00540209992977
1.0,0.8888888888888888,0.0,100.0,300.0017629754624
1.0,0.8888888888888888,0.1111111111111111,100.0,300.00784635696675
1.0,0.8888888888888888,0.2222222222222222,100.0,300.02404276481633
1.0,0.8888888888888888,0.3333333333333333,100.0,300.05072187571193
1.0,0.8888888888888888,0.4444444444444444,100.0,300.0736717106372
1.0,0.8888888888888888,0.5555555555555556,100.0,300.0736717106372
1.0,0.8888888888888888,0.6666666666666666,100.0,300.05072187571193
1.0,0.8888888888888888,0.7777777777777777,100.0,300.02404276481633
1.0,0.8888888888888888,0.8888888888888888,100.0,300.00784635696675
1.0,0.8888888888888888,1.0,100.0,300.0017629754624
1.0,1.0,0.0,100.0,300.0003961179047
1.0,1.0,0.1111111111111111,100.0,300.0017629754624
1.0,1.0,0.2222222222222222,100.0,300.00540209992977
1.0,1.0,0.3333333333333333,100.0,300.0113965529054
1.0,1.0,0.4444444444444444,100.0,300.0165530855499
1.0,1.0,0.5555555555555556,100.0,300.0165530855499
1.0,1.0,0.6666666666666666,100.0,300.0113965529054
1.0,1.0,0.7777777777777777,100.0,300.00540209992977
1.0,1.0,0.8888888888888888,100.0,300.0017629754624
1.0,1.0,1.0,100.0,300.0003961179047
