simulation_id,material,time,x,y,temperature
Simulation_000001,Graphite,3.1488392077208824,0.004683977171782023,0.003212119766640829,302.20316609284004
Simulation_000001,Graphite,3.1488392077208824,0.01405193151534607,0.003212119766640829,302.20316610935106
Simulation_000001,Graphite,3.1488392077208824,0.023419885858910118,0.003212119766640829,302.2031661452138
Simulation_000001,Graphite,3.1488392077208824,0.03278784020247416,0.003212119766640829,302.2031662064464
Simulation_000001,Graphite,3.1488392077208824,0.04215579454603821,0.003212119766640829,302.2031663029332
Simulation_000001,Graphite,3.1488392077208824,0.05152374888960226,0.003212119766640829,302.20316644949804
Simulation_000001,Graphite,3.1488392077208824,0.060891703233166304,0.003212119766640829,302.2031666674033
Simulation_000001,Graphite,3.1488392077208824,0.07025965757673035,0.003212119766640829,302.2031669863207
Simulation_000001,Graphite,3.1488392077208824,0.0796276119202944,0.003212119766640829,302.203167446816
Simulation_000001,Graphite,3.1488392077208824,0.08899556626385845,0.003212119766640829,302.20316810337033
Simulation_000001,Graphite,3.1488392077208824,0.0983635206074225,0.003212119766640829,302.20316902793036
Simulation_000001,Graphite,3.1488392077208824,0.10773147495098653,0.003212119766640829,302.203170313924
Simulation_000001,Graphite,3.1488392077208824,0.11709942929455058,0.003212119766640829,302.20317208060817
Simulation_000001,Graphite,3.1488392077208824,0.12646738363811463,0.003212119766640829,302.20317447751614
Simulation_000001,Graphite,3.1488392077208824,0.13583533798167866,0.003212119766640829,302.2031776886578
Simulation_000001,Graphite,3.1488392077208824,0.1452032923252427,0.003212119766640829,302.203181935996
Simulation_000001,Graphite,3.1488392077208824,0.15457124666880676,0.003212119766640829,302.20318748158934
Simulation_000001,Graphite,3.1488392077208824,0.1639392010123708,0.003212119766640829,302.2031946276684
Simulation_000001,Graphite,3.1488392077208824,0.17330715535593486,0.003212119766640829,302.2032037138275
Simulation_000001,Graphite,3.1488392077208824,0.1826751096994989,0.003212119766640829,302.2032151104851
Simulation_000001,Graphite,3.1488392077208824,0.19204306404306296,0.003212119766640829,302.2032292078244
Simulation_000001,Graphite,3.1488392077208824,0.20141101838662698,0.003212119766640829,302.20324639960194
Simulation_000001,Graphite,3.1488392077208824,0.21077897273019103,0.003212119766640829,302.2032670615186
Simulation_000001,Graphite,3.1488392077208824,0.22014692707375508,0.003212119766640829,302.2032915243032
Simulation_000001,Graphite,3.1488392077208824,0.22951488141731913,0.003212119766640829,302.2033200422473
Simulation_000001,Graphite,3.1488392077208824,0.23888283576088318,0.003212119766640829,302.20335275862254
Simulation_000001,Graphite,3.1488392077208824,0.24825079010444723,0.003212119766640829,302.2033896701521
Simulation_000001,Graphite,3.1488392077208824,0.2576187444480113,0.003212119766640829,302.2034305934013
Simulation_000001,Graphite,3.1488392077208824,0.2669866987915753,0.003212119766640829,302.2034751365076
Simulation_000001,Graphite,3.1488392077208824,0.2763546531351394,0.003212119766640829,302.20352267995514
Simulation_000001,Graphite,3.1488392077208824,0.2857226074787034,0.003212119766640829,302.2035723700123
Simulation_000001,Graphite,3.1488392077208824,0.2950905618222675,0.003212119766640829,302.20362312791303
Simulation_000001,Graphite,3.1488392077208824,0.3044585161658315,0.003212119766640829,302.2036736768292
Simulation_000001,Graphite,3.1488392077208824,0.31382647050939555,0.003212119766640829,302.20372258720334
Simulation_000001,Graphite,3.1488392077208824,0.3231944248529596,0.003212119766640829,302.2037683391948
Simulation_000001,Graphite,3.1488392077208824,0.33256237919652365,0.003212119766640829,302.20380939902947
Simulation_000001,Graphite,3.1488392077208824,0.3419303335400877,0.003212119766640829,302.2038443041854
Simulation_000001,Graphite,3.1488392077208824,0.35129828788365175,0.003212119766640829,302.2038717508667
Simulation_000001,Graphite,3.1488392077208824,0.3606662422272158,0.003212119766640829,302.2038906763567
Simulation_000001,Graphite,3.1488392077208824,0.37003419657077985,0.003212119766640829,302.203900328794
Simulation_000001,Graphite,3.1488392077208824,0.3794021509143439,0.003212119766640829,302.20390031774105
Simulation_000001,Graphite,3.1488392077208824,0.38877010525790795,0.003212119766640829,302.20389064056565
Simulation_000001,Graphite,3.1488392077208824,0.39813805960147197,0.003212119766640829,302.2038716819379
Simulation_000001,Graphite,3.1488392077208824,0.40750601394503605,0.003212119766640829,302.2038441863735
Simulation_000001,Graphite,3.1488392077208824,0.41687396828860007,0.003212119766640829,302.203809206374
Simulation_000001,Graphite,3.1488392077208824,0.42624192263216415,0.003212119766640829,302.20376803098355
Simulation_000001,Graphite,3.1488392077208824,0.43560987697572817,0.003212119766640829,302.2037221012044
Simulation_000001,Graphite,3.1488392077208824,0.44497783131929225,0.003212119766640829,302.20367291950544
Simulation_000001,Graphite,3.1488392077208824,0.45434578566285627,0.003212119766640829,302.2036219605645
Simulation_000001,Graphite,3.1488392077208824,0.4637137400064203,0.003212119766640829,302.20357058947997
Simulation_000001,Graphite,3.1488392077208824,0.47308169434998437,0.003212119766640829,302.203519992153
Simulation_000001,Graphite,3.1488392077208824,0.4824496486935484,0.003212119766640829,302.20347112063894
Simulation_000001,Graphite,3.1488392077208824,0.49181760303711247,0.003212119766640829,302.20342465427126
Simulation_000001,Graphite,3.1488392077208824,0.5011855573806765,0.003212119766640829,302.2033809755285
Simulation_000001,Graphite,3.1488392077208824,0.5105535117242406,0.003212119766640829,302.20334015815155
Simulation_000001,Graphite,3.1488392077208824,0.5199214660678046,0.003212119766640829,302.20330196404933
Simulation_000001,Graphite,3.1488392077208824,0.5292894204113686,0.003212119766640829,302.2032658451016
Simulation_000001,Graphite,3.1488392077208824,0.5386573747549327,0.003212119766640829,302.2032309460618
Simulation_000001,Graphite,3.1488392077208824,0.5480253290984968,0.003212119766640829,302.2031961052995
Simulation_000001,Graphite,3.1488392077208824,0.5573932834420607,0.003212119766640829,302.2031598510008
Simulation_000001,Graphite,3.1488392077208824,0.5667612377856248,0.003212119766640829,302.20312039153555
Simulation_000001,Graphite,3.1488392077208824,0.5761291921291889,0.003212119766640829,302.2030755998954
Simulation_000001,Graphite,3.1488392077208824,0.585497146472753,0.003212119766640829,302.2030229932805
Simulation_000001,Graphite,3.1488392077208824,0.5948651008163169,0.003212119766640829,302.20295970998956
Simulation_000001,Graphite,3.1488392077208824,0.604233055159881,0.003212119766640829,302.20288248665537
Simulation_000001,Graphite,3.1488392077208824,0.6136010095034451,0.003212119766640829,302.20278763951916
Simulation_000001,Graphite,3.1488392077208824,0.6229689638470091,0.003212119766640829,302.2026710537924
Simulation_000001,Graphite,3.1488392077208824,0.6323369181905731,0.003212119766640829,302.20252818519543
Simulation_000001,Graphite,3.1488392077208824,0.6417048725341372,0.003212119766640829,302.2023540774584
Simulation_000001,Graphite,3.1488392077208824,0.6510728268777013,0.003212119766640829,302.2021433989319
Simulation_000001,Graphite,3.1488392077208824,0.6604407812212653,0.003212119766640829,302.20189050048924
Simulation_000001,Graphite,3.1488392077208824,0.6698087355648293,0.003212119766640829,302.2015894956619
Simulation_000001,Graphite,3.1488392077208824,0.6791766899083934,0.003212119766640829,302.20123436249463
Simulation_000001,Graphite,3.1488392077208824,0.6885446442519574,0.003212119766640829,302.20081906502
Simulation_000001,Graphite,3.1488392077208824,0.6979125985955215,0.003212119766640829,302.2003376906495
Simulation_000001,Graphite,3.1488392077208824,0.7072805529390855,0.003212119766640829,302.1997845982642
Simulation_000001,Graphite,3.1488392077208824,0.7166485072826496,0.003212119766640829,302.199154570463
Simulation_000001,Graphite,3.1488392077208824,0.7260164616262136,0.003212119766640829,302.1984429623367
Simulation_000001,Graphite,3.1488392077208824,0.7353844159697777,0.003212119766640829,302.1976458381602
Simulation_000001,Graphite,3.1488392077208824,0.7447523703133417,0.003212119766640829,302.1967600858501
Simulation_000001,Graphite,3.1488392077208824,0.7541203246569057,0.003212119766640829,302.1957834939127
Simulation_000001,Graphite,3.1488392077208824,0.004683977171782023,0.009636359299922487,302.21005220758383
Simulation_000001,Graphite,3.1488392077208824,0.01405193151534607,0.009636359299922487,302.210052224933
Simulation_000001,Graphite,3.1488392077208824,0.023419885858910118,0.009636359299922487,302.2100522626191
Simulation_000001,Graphite,3.1488392077208824,0.03278784020247416,0.009636359299922487,302.21005232697235
Simulation_000001,Graphite,3.1488392077208824,0.04215579454603821,0.009636359299922487,302.21005242839146
Simulation_000001,Graphite,3.1488392077208824,0.05152374888960226,0.009636359299922487,302.2100525824755
Simulation_000001,Graphite,3.1488392077208824,0.060891703233166304,0.009636359299922487,302.21005281160546
Simulation_000001,Graphite,3.1488392077208824,0.07025965757673035,0.009636359299922487,302.2100531470249
Simulation_000001,Graphite,3.1488392077208824,0.0796276119202944,0.009636359299922487,302.2100536314645
Simulation_000001,Graphite,3.1488392077208824,0.08899556626385845,0.009636359299922487,302.21005432233784
Simulation_000001,Graphite,3.1488392077208824,0.0983635206074225,0.009636359299922487,302.21005529549876
Simulation_000001,Graphite,3.1488392077208824,0.10773147495098653,0.009636359299922487,302.21005664950013
Simulation_000001,Graphite,3.1488392077208824,0.11709942929455058,0.009636359299922487,302.2100585102106
Simulation_000001,Graphite,3.1488392077208824,0.12646738363811463,0.009636359299922487,302.21006103555055
Simulation_000001,Graphite,3.1488392077208824,0.13583533798167866,0.009636359299922487,302.2100644199812
Simulation_000001,Graphite,3.1488392077208824,0.1452032923252427,0.009636359299922487,302.21006889824605
Simulation_000001,Graphite,3.1488392077208824,0.15457124666880676,0.009636359299922487,302.21007474771886
Simulation_000001,Graphite,3.1488392077208824,0.1639392010123708,0.009636359299922487,302.21008228858403
Simulation_000001,Graphite,3.1488392077208824,0.17330715535593486,0.009636359299922487,302.2100918809772
Simulation_000001,Graphite,3.1488392077208824,0.1826751096994989,0.009636359299922487,302.21010391818186
Simulation_000001,Graphite,3.1488392077208824,0.19204306404306296,0.009636359299922487,302.21011881503523
Simulation_000001,Graphite,3.1488392077208824,0.20141101838662698,0.009636359299922487,302.21013699087456
Simulation_000001,Graphite,3.1488392077208824,0.21077897273019103,0.009636359299922487,302.2101588466795
Simulation_000001,Graphite,3.1488392077208824,0.22014692707375508,0.009636359299922487,302.21018473654374
Simulation_000001,Graphite,3.1488392077208824,0.22951488141731913,0.009636359299922487,302.2102149342318
Simulation_000001,Graphite,3.1488392077208824,0.23888283576088318,0.009636359299922487,302.21024959632035
Simulation_000001,Graphite,3.1488392077208824,0.24825079010444723,0.009636359299922487,302.21028872421107
Simulation_000001,Graphite,3.1488392077208824,0.2576187444480113,0.009636359299922487,302.21033212805975
Simulation_000001,Graphite,3.1488392077208824,0.2669866987915753,0.009636359299922487,302.2103793962706
Simulation_000001,Graphite,3.1488392077208824,0.2763546531351394,0.009636359299922487,302.21042987453137
Simulation_000001,Graphite,3.1488392077208824,0.2857226074787034,0.009636359299922487,302.21048265829586
Simulation_000001,Graphite,3.1488392077208824,0.2950905618222675,0.009636359299922487,302.2105366020606
Simulation_000001,Graphite,3.1488392077208824,0.3044585161658315,0.009636359299922487,302.21059034769695
Simulation_000001,Graphite,3.1488392077208824,0.31382647050939555,0.009636359299922487,302.21064237251903
Simulation_000001,Graphite,3.1488392077208824,0.3231944248529596,0.009636359299922487,302.2106910558119
Simulation_000001,Graphite,3.1488392077208824,0.33256237919652365,0.009636359299922487,302.2107347604263
Simulation_000001,Graphite,3.1488392077208824,0.3419303335400877,0.009636359299922487,302.2107719240237
Simulation_000001,Graphite,3.1488392077208824,0.35129828788365175,0.009636359299922487,302.21080115293313
Simulation_000001,Graphite,3.1488392077208824,0.3606662422272158,0.009636359299922487,302.2108213106337
Simulation_000001,Graphite,3.1488392077208824,0.37003419657077985,0.009636359299922487,302.2108315928018
Simulation_000001,Graphite,3.1488392077208824,0.3794021509143439,0.009636359299922487,302.210831581746
Simulation_000001,Graphite,3.1488392077208824,0.38877010525790795,0.009636359299922487,302.2108212748331
Simulation_000001,Graphite,3.1488392077208824,0.39813805960147197,0.009636359299922487,302.21080108398604
Simulation_000001,Graphite,3.1488392077208824,0.40750601394503605,0.009636359299922487,302.21077180618056
Simulation_000001,Graphite,3.1488392077208824,0.41687396828860007,0.009636359299922487,302.21073456771967
Simulation_000001,Graphite,3.1488392077208824,0.42624192263216415,0.009636359299922487,302.21069074751864
Simulation_000001,Graphite,3.1488392077208824,0.43560987697572817,0.009636359299922487,302.2106418863909
Simulation_000001,Graphite,3.1488392077208824,0.44497783131929225,0.009636359299922487,302.2105895901719
Simulation_000001,Graphite,3.1488392077208824,0.45434578566285627,0.009636359299922487,302.2105354344017
Simulation_000001,Graphite,3.1488392077208824,0.4637137400064203,0.009636359299922487,302.21048087729054
Simulation_000001,Graphite,3.1488392077208824,0.47308169434998437,0.009636359299922487,302.21042718601524
Simulation_000001,Graphite,3.1488392077208824,0.4824496486935484,0.009636359299922487,302.2103753793352
Simulation_000001,Graphite,3.1488392077208824,0.49181760303711247,0.009636359299922487,302.2103261873526
Simulation_000001,Graphite,3.1488392077208824,0.5011855573806765,0.009636359299922487,302.2102800272792
Simulation_000001,Graphite,3.1488392077208824,0.5105535117242406,0.009636359299922487,302.21023699250514
Simulation_000001,Graphite,3.1488392077208824,0.5199214660678046,0.009636359299922487,302.21019685123724
Simulation_000001,Graphite,3.1488392077208824,0.5292894204113686,0.009636359299922487,302.21015905053105
Simulation_000001,Graphite,3.1488392077208824,0.5386573747549327,0.009636359299922487,302.21012272164717
Simulation_000001,Graphite,3.1488392077208824,0.5480253290984968,0.009636359299922487,302.2100866832428
Simulation_000001,Graphite,3.1488392077208824,0.5573932834420607,0.009636359299922487,302.2100494398387
Simulation_000001,Graphite,3.1488392077208824,0.5667612377856248,0.009636359299922487,302.21000917415364
Simulation_000001,Graphite,3.1488392077208824,0.5761291921291889,0.009636359299922487,302.20996373314364
Simulation_000001,Graphite,3.1488392077208824,0.585497146472753,0.009636359299922487,302.20991060880726
Simulation_000001,Graphite,3.1488392077208824,0.5948651008163169,0.009636359299922487,302.20984691592736
Simulation_000001,Graphite,3.1488392077208824,0.604233055159881,0.009636359299922487,302.2097693698351
Simulation_000001,Graphite,3.1488392077208824,0.6136010095034451,0.009636359299922487,302.20967426794215
Simulation_000001,Graphite,3.1488392077208824,0.6229689638470091,0.009636359299922487,302.20955747915247
Simulation_000001,Graphite,3.1488392077208824,0.6323369181905731,0.009636359299922487,302.20941444530104
Simulation_000001,Graphite,3.1488392077208824,0.6417048725341372,0.009636359299922487,302.2092401984589
Simulation_000001,Graphite,3.1488392077208824,0.6510728268777013,0.009636359299922487,302.2090293972961
Simulation_000001,Graphite,3.1488392077208824,0.6604407812212653,0.009636359299922487,302.2087763847201
Simulation_000001,Graphite,3.1488392077208824,0.6698087355648293,0.009636359299922487,302.20847526776026
Simulation_000001,Graphite,3.1488392077208824,0.6791766899083934,0.009636359299922487,302.2081200192017
Simulation_000001,Graphite,3.1488392077208824,0.6885446442519574,0.009636359299922487,302.20770459888564
Simulation_000001,Graphite,3.1488392077208824,0.6979125985955215,0.009636359299922487,302.2072230909886
Simulation_000001,Graphite,3.1488392077208824,0.7072805529390855,0.009636359299922487,302.20666985208663
Simulation_000001,Graphite,3.1488392077208824,0.7166485072826496,0.009636359299922487,302.20603966352047
Simulation_000001,Graphite,3.1488392077208824,0.7260164616262136,0.009636359299922487,302.2053278805849
Simulation_000001,Graphite,3.1488392077208824,0.7353844159697777,0.009636359299922487,302.20453057044256
Simulation_000001,Graphite,3.1488392077208824,0.7447523703133417,0.009636359299922487,302.20364463053784
Simulation_000001,Graphite,3.1488392077208824,0.7541203246569057,0.009636359299922487,302.20266788099565
Simulation_000001,Graphite,3.1488392077208824,0.004683977171782023,0.016060598833204147,302.2165107007649
Simulation_000001,Graphite,3.1488392077208824,0.01405193151534607,0.016060598833204147,302.21651071980796
Simulation_000001,Graphite,3.1488392077208824,0.023419885858910118,0.016060598833204147,302.2165107611789
Simulation_000001,Graphite,3.1488392077208824,0.03278784020247416,0.016060598833204147,302.216510831839
Simulation_000001,Graphite,3.1488392077208824,0.04215579454603821,0.016060598833204147,302.2165109432273
Simulation_000001,Graphite,3.1488392077208824,0.05152374888960226,0.016060598833204147,302.21651111251157
Simulation_000001,Graphite,3.1488392077208824,0.060891703233166304,0.016060598833204147,302.216511364336
Simulation_000001,Graphite,3.1488392077208824,0.07025965757673035,0.016060598833204147,302.216511733125
Simulation_000001,Graphite,3.1488392077208824,0.0796276119202944,0.016060598833204147,302.2165122659929
Simulation_000001,Graphite,3.1488392077208824,0.08899556626385845,0.016060598833204147,302.2165130262908
Simulation_000001,Graphite,3.1488392077208824,0.0983635206074225,0.016060598833204147,302.216514097789
Simulation_000001,Graphite,3.1488392077208824,0.10773147495098653,0.016060598833204147,302.2165155894259
Simulation_000001,Graphite,3.1488392077208824,0.11709942929455058,0.016060598833204147,302.21651764047573
Simulation_000001,Graphite,3.1488392077208824,0.12646738363811463,0.016060598833204147,302.2165204258716
Simulation_000001,Graphite,3.1488392077208824,0.13583533798167866,0.016060598833204147,302.216524161286
Simulation_000001,Graphite,3.1488392077208824,0.1452032923252427,0.016060598833204147,302.2165291074153
Simulation_000001,Graphite,3.1488392077208824,0.15457124666880676,0.016060598833204147,302.2165355727538
Simulation_000001,Graphite,3.1488392077208824,0.1639392010123708,0.016060598833204147,302.2165439139937
Simulation_000001,Graphite,3.1488392077208824,0.17330715535593486,0.016060598833204147,302.2165545330735
Simulation_000001,Graphite,3.1488392077208824,0.1826751096994989,0.016060598833204147,302.2165678698523
Simulation_000001,Graphite,3.1488392077208824,0.19204306404306296,0.016060598833204147,302.2165843894403
Simulation_000001,Graphite,3.1488392077208824,0.20141101838662698,0.016060598833204147,302.2166045634055
Simulation_000001,Graphite,3.1488392077208824,0.21077897273019103,0.016060598833204147,302.21662884442685
Simulation_000001,Graphite,3.1488392077208824,0.22014692707375508,0.016060598833204147,302.21665763448925
Simulation_000001,Graphite,3.1488392077208824,0.22951488141731913,0.016060598833204147,302.2166912474146
Simulation_000001,Graphite,3.1488392077208824,0.23888283576088318,0.016060598833204147,302.21672986735217
Simulation_000001,Graphite,3.1488392077208824,0.24825079010444723,0.016060598833204147,302.21677350576056
Simulation_000001,Graphite,3.1488392077208824,0.2576187444480113,0.016060598833204147,302.21682196028155
Simulation_000001,Graphite,3.1488392077208824,0.2669866987915753,0.016060598833204147,302.2168747796254
Simulation_000001,Graphite,3.1488392077208824,0.2763546531351394,0.016060598833204147,302.2169312389983
Simulation_000001,Graphite,3.1488392077208824,0.2857226074787034,0.016060598833204147,302.2169903305683
Simulation_000001,Graphite,3.1488392077208824,0.2950905618222675,0.016060598833204147,302.21705077287527
Simulation_000001,Graphite,3.1488392077208824,0.3044585161658315,0.016060598833204147,302.217111041888
Simulation_000001,Graphite,3.1488392077208824,0.31382647050939555,0.016060598833204147,302.2171694246243
Simulation_000001,Graphite,3.1488392077208824,0.3231944248529596,0.016060598833204147,302.21722409401633
Simulation_000001,Graphite,3.1488392077208824,0.33256237919652365,0.016060598833204147,302.21727320125115
Simulation_000001,Graphite,3.1488392077208824,0.3419303335400877,0.016060598833204147,302.2173149794549
Simulation_000001,Graphite,3.1488392077208824,0.35129828788365175,0.016060598833204147,302.21734785067906
Simulation_000001,Graphite,3.1488392077208824,0.3606662422272158,0.016060598833204147,302.2173705270045
Simulation_000001,Graphite,3.1488392077208824,0.37003419657077985,0.016060598833204147,302.2173820964524
Simulation_000001,Graphite,3.1488392077208824,0.3794021509143439,0.016060598833204147,302.2173820853938
Simulation_000001,Graphite,3.1488392077208824,0.38877010525790795,0.016060598833204147,302.217370491195
Simulation_000001,Graphite,3.1488392077208824,0.39813805960147197,0.016060598833204147,302.217347781715
Simulation_000001,Graphite,3.1488392077208824,0.40750601394503605,0.016060598833204147,302.2173148615825
Simulation_000001,Graphite,3.1488392077208824,0.41687396828860007,0.016060598833204147,302.2172730084967
Simulation_000001,Graphite,3.1488392077208824,0.42624192263216415,0.016060598833204147,302.21722378564664
Simulation_000001,Graphite,3.1488392077208824,0.43560987697572817,0.016060598833204147,302.21716893837555
Simulation_000001,Graphite,3.1488392077208824,0.44497783131929225,0.016060598833204147,302.21711028417513
Simulation_000001,Graphite,3.1488392077208824,0.45434578566285627,0.016060598833204147,302.21704960492707
Simulation_000001,Graphite,3.1488392077208824,0.4637137400064203,0.016060598833204147,302.2169885491217
Simulation_000001,Graphite,3.1488392077208824,0.47308169434998437,0.016060598833204147,302.21692854981643
Simulation_000001,Graphite,3.1488392077208824,0.4824496486935484,0.016060598833204147,302.21687076169576
Simulation_000001,Graphite,3.1488392077208824,0.49181760303711247,0.016060598833204147,302.2168160181047
Simulation_000001,Graphite,3.1488392077208824,0.5011855573806765,0.016060598833204147,302.21676480667827
Simulation_000001,Graphite,3.1488392077208824,0.5105535117242406,0.016060598833204147,302.2167172604223
Simulation_000001,Graphite,3.1488392077208824,0.5199214660678046,0.016060598833204147,302.21667315995427
Simulation_000001,Graphite,3.1488392077208824,0.5292894204113686,0.016060598833204147,302.2166319421377
Simulation_000001,Graphite,3.1488392077208824,0.5386573747549327,0.016060598833204147,302.21659271048657
Simulation_000001,Graphite,3.1488392077208824,0.5480253290984968,0.016060598833204147,302.2165542433796
Simulation_000001,Graphite,3.1488392077208824,0.5573932834420607,0.016060598833204147,302.21651499716864
Simulation_000001,Graphite,3.1488392077208824,0.5667612377856248,0.016060598833204147,302.2164731025303
Simulation_000001,Graphite,3.1488392077208824,0.5761291921291889,0.016060598833204147,302.21642635377157
Simulation_000001,Graphite,3.1488392077208824,0.585497146472753,0.016060598833204147,302.2163721921154
Simulation_000001,Graphite,3.1488392077208824,0.5948651008163169,0.016060598833204147,302.2163076851749
Simulation_000001,Graphite,3.1488392077208824,0.604233055159881,0.016060598833204147,302.21622950578575
Simulation_000001,Graphite,3.1488392077208824,0.6136010095034451,0.016060598833204147,302.2161339140586
Simulation_000001,Graphite,3.1488392077208824,0.6229689638470091,0.016060598833204147,302.2160167468844
Simulation_000001,Graphite,3.1488392077208824,0.6323369181905731,0.016060598833204147,302.21587341916
Simulation_000001,Graphite,3.1488392077208824,0.6417048725341372,0.016060598833204147,302.2156989406808
Simulation_000001,Graphite,3.1488392077208824,0.6510728268777013,0.016060598833204147,302.2154879519828
Simulation_000001,Graphite,3.1488392077208824,0.6604407812212653,0.016060598833204147,302.2152347814234
Simulation_000001,Graphite,3.1488392077208824,0.6698087355648293,0.016060598833204147,302.21493352452455
Simulation_000001,Graphite,3.1488392077208824,0.6791766899083934,0.016060598833204147,302.2145781451232
Simulation_000001,Graphite,3.1488392077208824,0.6885446442519574,0.016060598833204147,302.21416259627387
Simulation_000001,Graphite,3.1488392077208824,0.6979125985955215,0.016060598833204147,302.21368095724523
Simulation_000001,Graphite,3.1488392077208824,0.7072805529390855,0.016060598833204147,302.2131275814564
Simulation_000001,Graphite,3.1488392077208824,0.7166485072826496,0.016060598833204147,302.2124972489502
Simulation_000001,Graphite,3.1488392077208824,0.7260164616262136,0.016060598833204147,302.2117853161282
Simulation_000001,Graphite,3.1488392077208824,0.7353844159697777,0.016060598833204147,302.21098785515545
Simulation_000001,Graphite,3.1488392077208824,0.7447523703133417,0.016060598833204147,302.21010177613033
Simulation_000001,Graphite,3.1488392077208824,0.7541203246569057,0.016060598833204147,302.20912492827676
Simulation_000001,Graphite,3.1488392077208824,0.004683977171782023,0.022484838366485804,302.22254610091204
Simulation_000001,Graphite,3.1488392077208824,0.01405193151534607,0.022484838366485804,302.2225461225481
Simulation_000001,Graphite,3.1488392077208824,0.023419885858910118,0.022484838366485804,302.2225461695607
Simulation_000001,Graphite,3.1488392077208824,0.03278784020247416,0.022484838366485804,302.2225462498781
Simulation_000001,Graphite,3.1488392077208824,0.04215579454603821,0.022484838366485804,302.2225463765346
Simulation_000001,Graphite,3.1488392077208824,0.05152374888960226,0.022484838366485804,302.22254656910263
Simulation_000001,Graphite,3.1488392077208824,0.060891703233166304,0.022484838366485804,302.22254685569885
Simulation_000001,Graphite,3.1488392077208824,0.07025965757673035,0.022484838366485804,302.2225472756292
Simulation_000001,Graphite,3.1488392077208824,0.0796276119202944,0.022484838366485804,302.22254788273716
Simulation_000001,Graphite,3.1488392077208824,0.08899556626385845,0.022484838366485804,302.22254874949516
Simulation_000001,Graphite,3.1488392077208824,0.0983635206074225,0.022484838366485804,302.22254997183916
Simulation_000001,Graphite,3.1488392077208824,0.10773147495098653,0.022484838366485804,302.2225516746789
Simulation_000001,Graphite,3.1488392077208824,0.11709942929455058,0.022484838366485804,302.2225540179171
Simulation_000001,Graphite,3.1488392077208824,0.12646738363811463,0.022484838366485804,302.2225572026857
Simulation_000001,Graphite,3.1488392077208824,0.13583533798167866,0.022484838366485804,302.22256147734777
Simulation_000001,Graphite,3.1488392077208824,0.1452032923252427,0.022484838366485804,302.22256714263403
Simulation_000001,Graphite,3.1488392077208824,0.15457124666880676,0.022484838366485804,302.22257455509254
Simulation_000001,Graphite,3.1488392077208824,0.1639392010123708,0.022484838366485804,302.22258412785095
Simulation_000001,Graphite,3.1488392077208824,0.17330715535593486,0.022484838366485804,302.2225963275512
Simulation_000001,Graphite,3.1488392077208824,0.1826751096994989,0.022484838366485804,302.2226116662469
Simulation_000001,Graphite,3.1488392077208824,0.19204306404306296,0.022484838366485804,302.2226306871066
Simulation_000001,Graphite,3.1488392077208824,0.20141101838662698,0.022484838366485804,302.2226539429619
Simulation_000001,Graphite,3.1488392077208824,0.21077897273019103,0.022484838366485804,302.2226819671355
Simulation_000001,Graphite,3.1488392077208824,0.22014692707375508,0.022484838366485804,302.22271523658014
Simulation_000001,Graphite,3.1488392077208824,0.22951488141731913,0.022484838366485804,302.2227541281685
Simulation_000001,Graphite,3.1488392077208824,0.23888283576088318,0.022484838366485804,302.2227988699512
Simulation_000001,Graphite,3.1488392077208824,0.24825079010444723,0.022484838366485804,302.22284949027704
Simulation_000001,Graphite,3.1488392077208824,0.2576187444480113,0.022484838366485804,302.22290576873144
Simulation_000001,Graphite,3.1488392077208824,0.2669866987915753,0.022484838366485804,302.2229671937427
Simulation_000001,Graphite,3.1488392077208824,0.2763546531351394,0.022484838366485804,302.2230329322533
Simulation_000001,Graphite,3.1488392077208824,0.2857226074787034,0.022484838366485804,302.2231018168882
Simulation_000001,Graphite,3.1488392077208824,0.2950905618222675,0.022484838366485804,302.223172355413
Simulation_000001,Graphite,3.1488392077208824,0.3044585161658315,0.022484838366485804,302.22324276589865
Simulation_000001,Graphite,3.1488392077208824,0.31382647050939555,0.022484838366485804,302.22331103890525
Simulation_000001,Graphite,3.1488392077208824,0.3231944248529596,0.022484838366485804,302.22337502531906
Simulation_000001,Graphite,3.1488392077208824,0.33256237919652365,0.022484838366485804,302.2234325454999
Simulation_000001,Graphite,3.1488392077208824,0.3419303335400877,0.022484838366485804,302.2234815124947
Simulation_000001,Graphite,3.1488392077208824,0.35129828788365175,0.022484838366485804,302.2235200596907
Simulation_000001,Graphite,3.1488392077208824,0.3606662422272158,0.022484838366485804,302.22354666182554
Simulation_000001,Graphite,3.1488392077208824,0.37003419657077985,0.022484838366485804,302.22356023806105
Simulation_000001,Graphite,3.1488392077208824,0.3794021509143439,0.022484838366485804,302.2235602269999
Simulation_000001,Graphite,3.1488392077208824,0.38877010525790795,0.022484838366485804,302.2235466260079
Simulation_000001,Graphite,3.1488392077208824,0.39813805960147197,0.022484838366485804,302.22351999071066
Simulation_000001,Graphite,3.1488392077208824,0.40750601394503605,0.022484838366485804,302.2234813945952
Simulation_000001,Graphite,3.1488392077208824,0.41687396828860007,0.022484838366485804,302.223432352701
Simulation_000001,Graphite,3.1488392077208824,0.42624192263216415,0.022484838366485804,302.2233747168783
Simulation_000001,Graphite,3.1488392077208824,0.43560987697572817,0.022484838366485804,302.2233105525446
Simulation_000001,Graphite,3.1488392077208824,0.44497783131929225,0.022484838366485804,302.22324200801137
Simulation_000001,Graphite,3.1488392077208824,0.45434578566285627,0.022484838366485804,302.22317118719604
Simulation_000001,Graphite,3.1488392077208824,0.4637137400064203,0.022484838366485804,302.22310003503196
Simulation_000001,Graphite,3.1488392077208824,0.47308169434998437,0.022484838366485804,302.2230302424534
Simulation_000001,Graphite,3.1488392077208824,0.4824496486935484,0.022484838366485804,302.22296317489025
Simulation_000001,Graphite,3.1488392077208824,0.49181760303711247,0.022484838366485804,302.2228998251909
Simulation_000001,Graphite,3.1488392077208824,0.5011855573806765,0.022484838366485804,302.2228407892
Simulation_000001,Graphite,3.1488392077208824,0.5105535117242406,0.022484838366485804,302.22278626013326
Simulation_000001,Graphite,3.1488392077208824,0.5199214660678046,0.022484838366485804,302.22273603656896
Simulation_000001,Graphite,3.1488392077208824,0.5292894204113686,0.022484838366485804,302.22268953835567
Simulation_000001,Graphite,3.1488392077208824,0.5386573747549327,0.022484838366485804,302.2226458249459
Simulation_000001,Graphite,3.1488392077208824,0.5480253290984968,0.022484838366485804,302.222603611464
Simulation_000001,Graphite,3.1488392077208824,0.5573932834420607,0.022484838366485804,302.2225612790393
Simulation_000001,Graphite,3.1488392077208824,0.5667612377856248,0.022484838366485804,302.2225168773904
Simulation_000001,Graphite,3.1488392077208824,0.5761291921291889,0.022484838366485804,302.2224681191781
Simulation_000001,Graphite,3.1488392077208824,0.585497146472753,0.022484838366485804,302.2224123671094
Simulation_000001,Graphite,3.1488392077208824,0.5948651008163169,0.022484838366485804,302.22234661606274
Simulation_000001,Graphite,3.1488392077208824,0.604233055159881,0.022484838366485804,302.22226747354483
Simulation_000001,Graphite,3.1488392077208824,0.6136010095034451,0.022484838366485804,302.2221711425179
Simulation_000001,Graphite,3.1488392077208824,0.6229689638470091,0.022484838366485804,302.2220534110232
Simulation_000001,Graphite,3.1488392077208824,0.6323369181905731,0.022484838366485804,302.22190965305305
Simulation_000001,Graphite,3.1488392077208824,0.6417048725341372,0.022484838366485804,302.22173484478594
Simulation_000001,Graphite,3.1488392077208824,0.6510728268777013,0.022484838366485804,302.2215235996018
Simulation_000001,Graphite,3.1488392077208824,0.6604407812212653,0.022484838366485804,302.2212702242815
Simulation_000001,Graphite,3.1488392077208824,0.6698087355648293,0.022484838366485804,302.22096879749165
Simulation_000001,Graphite,3.1488392077208824,0.6791766899083934,0.022484838366485804,302.2206132701611
Simulation_000001,Graphite,3.1488392077208824,0.6885446442519574,0.022484838366485804,302.220197585735
Simulation_000001,Graphite,3.1488392077208824,0.6979125985955215,0.022484838366485804,302.2197158166843
Simulation_000001,Graphite,3.1488392077208824,0.7072805529390855,0.022484838366485804,302.2191623121589
Simulation_000001,Graphite,3.1488392077208824,0.7166485072826496,0.022484838366485804,302.2185318504557
Simulation_000001,Graphite,3.1488392077208824,0.7260164616262136,0.022484838366485804,302.2178197891738
Simulation_000001,Graphite,3.1488392077208824,0.7353844159697777,0.022484838366485804,302.2170222057532
Simulation_000001,Graphite,3.1488392077208824,0.7447523703133417,0.022484838366485804,302.21613602188785
Simulation_000001,Graphite,3.1488392077208824,0.7541203246569057,0.022484838366485804,302.21515910772644
Simulation_000001,Graphite,3.1488392077208824,0.004683977171782023,0.028909077899767464,302.2281651687317
Simulation_000001,Graphite,3.1488392077208824,0.01405193151534607,0.028909077899767464,302.22816519392495
Simulation_000001,Graphite,3.1488392077208824,0.023419885858910118,0.028909077899767464,302.22816524867744
Simulation_000001,Graphite,3.1488392077208824,0.03278784020247416,0.028909077899767464,302.22816534224626
Simulation_000001,Graphite,3.1488392077208824,0.04215579454603821,0.028909077899767464,302.22816548985793
Simulation_000001,Graphite,3.1488392077208824,0.05152374888960226,0.028909077899767464,302.22816571439165
Simulation_000001,Graphite,3.1488392077208824,0.060891703233166304,0.028909077899767464,302.22816604873975
Simulation_000001,Graphite,3.1488392077208824,0.07025965757673035,0.028909077899767464,302.22816653892625
Simulation_000001,Graphite,3.1488392077208824,0.0796276119202944,0.028909077899767464,302.2281672480613
Simulation_000001,Graphite,3.1488392077208824,0.08899556626385845,0.028909077899767464,302.22816826118566
Simulation_000001,Graphite,3.1488392077208824,0.0983635206074225,0.028909077899767464,302.2281696910119
Simulation_000001,Graphite,3.1488392077208824,0.10773147495098653,0.028909077899767464,302.22817168449103
Simulation_000001,Graphite,3.1488392077208824,0.11709942929455058,0.028909077899767464,302.2281744300205
Simulation_000001,Graphite,3.1488392077208824,0.12646738363811463,0.028909077899767464,302.228178164957
Simulation_000001,Graphite,3.1488392077208824,0.13583533798167866,0.028909077899767464,302.22818318291434
Simulation_000001,Graphite,3.1488392077208824,0.1452032923252427,0.028909077899767464,302.22818984010615
Simulation_000001,Graphite,3.1488392077208824,0.15457124666880676,0.028909077899767464,302.2281985597676
Simulation_000001,Graphite,3.1488392077208824,0.1639392010123708,0.028909077899767464,302.2282098334647
Simulation_000001,Graphite,3.1488392077208824,0.17330715535593486,0.028909077899767464,302.22822421792233
Simulation_000001,Graphite,3.1488392077208824,0.1826751096994989,0.028909077899767464,302.2282423259054
Simulation_000001,Graphite,3.1488392077208824,0.19204306404306296,0.028909077899767464,302.22826480972265
Simulation_000001,Graphite,3.1488392077208824,0.20141101838662698,0.028909077899767464,302.2282923361413
Simulation_000001,Graphite,3.1488392077208824,0.21077897273019103,0.028909077899767464,302.22832555194356
Simulation_000001,Graphite,3.1488392077208824,0.22014692707375508,0.028909077899767464,302.22836504005517
Simulation_000001,Graphite,3.1488392077208824,0.22951488141731913,0.028909077899767464,302.2284112671351
Simulation_000001,Graphite,3.1488392077208824,0.23888283576088318,0.028909077899767464,302.2284645246939
Simulation_000001,Graphite,3.1488392077208824,0.24825079010444723,0.028909077899767464,302.22852486713356
Simulation_000001,Graphite,3.1488392077208824,0.2576187444480113,0.028909077899767464,302.2285920514263
Simulation_000001,Graphite,3.1488392077208824,0.2669866987915753,0.028909077899767464,302.22866548430517
Simulation_000001,Graphite,3.1488392077208824,0.2763546531351394,0.028909077899767464,302.2287441835934
Simulation_000001,Graphite,3.1488392077208824,0.2857226074787034,0.028909077899767464,302.2288267604363
Simulation_000001,Graphite,3.1488392077208824,0.2950905618222675,0.028909077899767464,302.22891142851796
Simulation_000001,Graphite,3.1488392077208824,0.3044585161658315,0.028909077899767464,302.22899604472894
Simulation_000001,Graphite,3.1488392077208824,0.31382647050939555,0.028909077899767464,302.2290781832045
Simulation_000001,Graphite,3.1488392077208824,0.3231944248529596,0.028909077899767464,302.2291552413484
Simulation_000001,Graphite,3.1488392077208824,0.33256237919652365,0.028909077899767464,302.22922457271653
Simulation_000001,Graphite,3.1488392077208824,0.3419303335400877,0.028909077899767464,302.2292836379506
Simulation_000001,Graphite,3.1488392077208824,0.35129828788365175,0.028909077899767464,302.2293301618754
Simulation_000001,Graphite,3.1488392077208824,0.3606662422272158,0.028909077899767464,302.2293622829491
Simulation_000001,Graphite,3.1488392077208824,0.37003419657077985,0.028909077899767464,302.22937868090486
Simulation_000001,Graphite,3.1488392077208824,0.3794021509143439,0.028909077899767464,302.2293786698413
Simulation_000001,Graphite,3.1488392077208824,0.38877010525790795,0.028909077899767464,302.2293622471238
Simulation_000001,Graphite,3.1488392077208824,0.39813805960147197,0.028909077899767464,302.2293300928806
Simulation_000001,Graphite,3.1488392077208824,0.40750601394503605,0.028909077899767464,302.22928352002583
Simulation_000001,Graphite,3.1488392077208824,0.41687396828860007,0.028909077899767464,302.2292243798765
Simulation_000001,Graphite,3.1488392077208824,0.42624192263216415,0.028909077899767464,302.22915493284194
Simulation_000001,Graphite,3.1488392077208824,0.43560987697572817,0.028909077899767464,302.2290776967402
Simulation_000001,Graphite,3.1488392077208824,0.44497783131929225,0.028909077899767464,302.2289952866803
Simulation_000001,Graphite,3.1488392077208824,0.45434578566285627,0.028909077899767464,302.22891026005254
Simulation_000001,Graphite,3.1488392077208824,0.4637137400064203,0.028909077899767464,302.22882497820126
Simulation_000001,Graphite,3.1488392077208824,0.47308169434998437,0.028909077899767464,302.2287414932221
Simulation_000001,Graphite,3.1488392077208824,0.4824496486935484,0.028909077899767464,302.2286614646
Simulation_000001,Graphite,3.1488392077208824,0.49181760303711247,0.028909077899767464,302.22858610662604
Simulation_000001,Graphite,3.1488392077208824,0.5011855573806765,0.028909077899767464,302.22851616421457
Simulation_000001,Graphite,3.1488392077208824,0.5105535117242406,0.028909077899767464,302.22845191221006
Simulation_000001,Graphite,3.1488392077208824,0.5199214660678046,0.028909077899767464,302.2283931717163
Simulation_000001,Graphite,3.1488392077208824,0.5292894204113686,0.028909077899767464,302.22833933641436
Simulation_000001,Graphite,3.1488392077208824,0.5386573747549327,0.028909077899767464,302.2282894021498
Simulation_000001,Graphite,3.1488392077208824,0.5480253290984968,0.028909077899767464,302.22824199407455
Simulation_000001,Graphite,3.1488392077208824,0.5573932834420607,0.028909077899767464,302.2281953871124
Simulation_000001,Graphite,3.1488392077208824,0.5667612377856248,0.028909077899767464,302.22814751723587
Simulation_000001,Graphite,3.1488392077208824,0.5761291921291889,0.028909077899767464,302.2280959828229
Simulation_000001,Graphite,3.1488392077208824,0.585497146472753,0.028909077899767464,302.2280380370252
Simulation_000001,Graphite,3.1488392077208824,0.5948651008163169,0.028909077899767464,302.22797057352346
Simulation_000001,Graphite,3.1488392077208824,0.604233055159881,0.028909077899767464,302.2278901091793
Simulation_000001,Graphite,3.1488392077208824,0.6136010095034451,0.028909077899767464,302.22779276788134
Simulation_000001,Graphite,3.1488392077208824,0.6229689638470091,0.028909077899767464,302.22767427027986
Simulation_000001,Graphite,3.1488392077208824,0.6323369181905731,0.028909077899767464,302.2275299341238
Simulation_000001,Graphite,3.1488392077208824,0.6417048725341372,0.028909077899767464,302.2273546895437
Simulation_000001,Graphite,3.1488392077208824,0.6510728268777013,0.028909077899767464,302.2271431128905
Simulation_000001,Graphite,3.1488392077208824,0.6604407812212653,0.028909077899767464,302.22688948168167
Simulation_000001,Graphite,3.1488392077208824,0.6698087355648293,0.028909077899767464,302.22658785187025
Simulation_000001,Graphite,3.1488392077208824,0.6791766899083934,0.028909077899767464,302.22623215711684
Simulation_000001,Graphite,3.1488392077208824,0.6885446442519574,0.028909077899767464,302.2258163281066
Simulation_000001,Graphite,3.1488392077208824,0.6979125985955215,0.028909077899767464,302.2253344283245
Simulation_000001,Graphite,3.1488392077208824,0.7072805529390855,0.028909077899767464,302.22478080121357
Simulation_000001,Graphite,3.1488392077208824,0.7166485072826496,0.028909077899767464,302.2241502224342
Simulation_000001,Graphite,3.1488392077208824,0.7260164616262136,0.028909077899767464,302.2234380501656
Simulation_000001,Graphite,3.1488392077208824,0.7353844159697777,0.028909077899767464,302.2226403662157
Simulation_000001,Graphite,3.1488392077208824,0.7447523703133417,0.028909077899767464,302.22175410131734
Simulation_000001,Graphite,3.1488392077208824,0.7541203246569057,0.028909077899767464,302.2207771394851
Simulation_000001,Graphite,3.1488392077208824,0.004683977171782023,0.03533331743304912,302.23337678770474
Simulation_000001,Graphite,3.1488392077208824,0.01405193151534607,0.03533331743304912,302.2333768175042
Simulation_000001,Graphite,3.1488392077208824,0.023419885858910118,0.03533331743304912,302.23337688228065
Simulation_000001,Graphite,3.1488392077208824,0.03278784020247416,0.03533331743304912,302.23337699301527
Simulation_000001,Graphite,3.1488392077208824,0.04215579454603821,0.03533331743304912,302.23337716778
Simulation_000001,Graphite,3.1488392077208824,0.05152374888960226,0.03533331743304912,302.2333774337478
Simulation_000001,Graphite,3.1488392077208824,0.060891703233166304,0.03533331743304912,302.233377830016
Simulation_000001,Graphite,3.1488392077208824,0.07025965757673035,0.03533331743304912,302.2333784113429
Simulation_000001,Graphite,3.1488392077208824,0.0796276119202944,0.03533331743304912,302.23337925289536
Simulation_000001,Graphite,3.1488392077208824,0.08899556626385845,0.03533331743304912,302.2333804560798
Simulation_000001,Graphite,3.1488392077208824,0.0983635206074225,0.03533331743304912,302.23338215547386
Simulation_000001,Graphite,3.1488392077208824,0.10773147495098653,0.03533331743304912,302.23338452678524
Simulation_000001,Graphite,3.1488392077208824,0.11709942929455058,0.03533331743304912,302.2333877956274
Simulation_000001,Graphite,3.1488392077208824,0.12646738363811463,0.03533331743304912,302.2333922467281
Simulation_000001,Graphite,3.1488392077208824,0.13583533798167866,0.03533331743304912,302.23339823295504
Simulation_000001,Graphite,3.1488392077208824,0.1452032923252427,0.03533331743304912,302.2334061832845
Simulation_000001,Graphite,3.1488392077208824,0.15457124666880676,0.03533331743304912,302.23341660855476
Simulation_000001,Graphite,3.1488392077208824,0.1639392010123708,0.03533331743304912,302.2334301035657
Simulation_000001,Graphite,3.1488392077208824,0.17330715535593486,0.03533331743304912,302.23344734385455
Simulation_000001,Graphite,3.1488392077208824,0.1826751096994989,0.03533331743304912,302.2334690753401
Simulation_000001,Graphite,3.1488392077208824,0.19204306404306296,0.03533331743304912,302.2334960950404
Simulation_000001,Graphite,3.1488392077208824,0.20141101838662698,0.03533331743304912,302.2335292213058
Simulation_000001,Graphite,3.1488392077208824,0.21077897273019103,0.03533331743304912,302.2335692525165
Simulation_000001,Graphite,3.1488392077208824,0.22014692707375508,0.03533331743304912,302.23361691401647
Simulation_000001,Graphite,3.1488392077208824,0.22951488141731913,0.03533331743304912,302.2336727942122
Simulation_000001,Graphite,3.1488392077208824,0.23888283576088318,0.03533331743304912,302.2337372722106
Simulation_000001,Graphite,3.1488392077208824,0.24825079010444723,0.03533331743304912,302.23381044101916
Simulation_000001,Graphite,3.1488392077208824,0.2576187444480113,0.03533331743304912,302.23389203202584
Simulation_000001,Graphite,3.1488392077208824,0.2669866987915753,0.03533331743304912,302.23398134798407
Simulation_000001,Graphite,3.1488392077208824,0.2763546531351394,0.03533331743304912,302.2340772127839
Simulation_000001,Graphite,3.1488392077208824,0.2857226074787034,0.03533331743304912,302.2341779465899
Simulation_000001,Graphite,3.1488392077208824,0.2950905618222675,0.03533331743304912,302.2342813742083
Simulation_000001,Graphite,3.1488392077208824,0.3044585161658315,0.03533331743304912,302.2343848726346
Simulation_000001,Graphite,3.1488392077208824,0.31382647050939555,0.03533331743304912,302.2344854606025
Simulation_000001,Graphite,3.1488392077208824,0.3231944248529596,0.03533331743304912,302.2345799287941
Simulation_000001,Graphite,3.1488392077208824,0.33256237919652365,0.03533331743304912,302.2346650045929
Simulation_000001,Graphite,3.1488392077208824,0.3419303335400877,0.03533331743304912,302.23473754047666
Simulation_000001,Graphite,3.1488392077208824,0.35129828788365175,0.03533331743304912,302.23479471108976
Simulation_000001,Graphite,3.1488392077208824,0.3606662422272158,0.03533331743304912,302.2348342014412
Simulation_000001,Graphite,3.1488392077208824,0.37003419657077985,0.03533331743304912,302.23485436810455
Simulation_000001,Graphite,3.1488392077208824,0.3794021509143439,0.03533331743304912,302.23485435703884
Simulation_000001,Graphite,3.1488392077208824,0.38877010525790795,0.03533331743304912,302.2348341656088
Simulation_000001,Graphite,3.1488392077208824,0.39813805960147197,0.03533331743304912,302.2347946420814
Simulation_000001,Graphite,3.1488392077208824,0.40750601394503605,0.03533331743304912,302.2347374225287
Simulation_000001,Graphite,3.1488392077208824,0.41687396828860007,0.03533331743304912,302.234664811715
Simulation_000001,Graphite,3.1488392077208824,0.42624192263216415,0.03533331743304912,302.234579620227
Simulation_000001,Graphite,3.1488392077208824,0.43560987697572817,0.03533331743304912,302.2344849740429
Simulation_000001,Graphite,3.1488392077208824,0.44497783131929225,0.03533331743304912,302.2343841144374
Simulation_000001,Graphite,3.1488392077208824,0.45434578566285627,0.03533331743304912,302.234280205514
Simulation_000001,Graphite,3.1488392077208824,0.4637137400064203,0.03533331743304912,302.2341761640062
Simulation_000001,Graphite,3.1488392077208824,0.47308169434998437,0.03533331743304912,302.23407452188707
Simulation_000001,Graphite,3.1488392077208824,0.4824496486935484,0.03533331743304912,302.23397732749453
Simulation_000001,Graphite,3.1488392077208824,0.49181760303711247,0.03533331743304912,302.2338860860671
Simulation_000001,Graphite,3.1488392077208824,0.5011855573806765,0.03533331743304912,302.233801736407
Simulation_000001,Graphite,3.1488392077208824,0.5105535117242406,0.03533331743304912,302.23372465727715
Simulation_000001,Graphite,3.1488392077208824,0.5199214660678046,0.03533331743304912,302.23365469528557
Simulation_000001,Graphite,3.1488392077208824,0.5292894204113686,0.03533331743304912,302.23359120540346
Simulation_000001,Graphite,3.1488392077208824,0.5386573747549327,0.03533331743304912,302.233533095746
Simulation_000001,Graphite,3.1488392077208824,0.5480253290984968,0.03533331743304912,302.2334788695483
Simulation_000001,Graphite,3.1488392077208824,0.5573932834420607,0.03533331743304912,302.23342665910457
Simulation_000001,Graphite,3.1488392077208824,0.5667612377856248,0.03533331743304912,302.23337424852974
Simulation_000001,Graphite,3.1488392077208824,0.5761291921291889,0.03533331743304912,302.23331908430487
Simulation_000001,Graphite,3.1488392077208824,0.585497146472753,0.03533331743304912,302.2332582744991
Simulation_000001,Graphite,3.1488392077208824,0.5948651008163169,0.03533331743304912,302.2331885792029
Simulation_000001,Graphite,3.1488392077208824,0.604233055159881,0.03533331743304912,302.23310639596497
Simulation_000001,Graphite,3.1488392077208824,0.6136010095034451,0.03533331743304912,302.2330077448776
Simulation_000001,Graphite,3.1488392077208824,0.6229689638470091,0.03533331743304912,302.2328882583712
Simulation_000001,Graphite,3.1488392077208824,0.6323369181905731,0.03533331743304912,302.23274318077375
Simulation_000001,Graphite,3.1488392077208824,0.6417048725341372,0.03533331743304912,302.2325673822841
Simulation_000001,Graphite,3.1488392077208824,0.6510728268777013,0.03533331743304912,302.23235539121634
Simulation_000001,Graphite,3.1488392077208824,0.6604407812212653,0.03533331743304912,302.23210144726283
Simulation_000001,Graphite,3.1488392077208824,0.6698087355648293,0.03533331743304912,302.23179957713046
Simulation_000001,Graphite,3.1488392077208824,0.6791766899083934,0.03533331743304912,302.23144369232926
Simulation_000001,Graphite,3.1488392077208824,0.6885446442519574,0.03533331743304912,302.2310277072149
Simulation_000001,Graphite,3.1488392077208824,0.6979125985955215,0.03533331743304912,302.2305456737371
Simulation_000001,Graphite,3.1488392077208824,0.7072805529390855,0.03533331743304912,302.2299919278402
Simulation_000001,Graphite,3.1488392077208824,0.7166485072826496,0.03533331743304912,302.2293612412505
Simulation_000001,Graphite,3.1488392077208824,0.7260164616262136,0.03533331743304912,302.2286489715939
Simulation_000001,Graphite,3.1488392077208824,0.7353844159697777,0.03533331743304912,302.22785120354996
Simulation_000001,Graphite,3.1488392077208824,0.7447523703133417,0.03533331743304912,302.22696487414294
Simulation_000001,Graphite,3.1488392077208824,0.7541203246569057,0.03533331743304912,302.22598787618386
Simulation_000001,Graphite,3.1488392077208824,0.004683977171782023,0.041757556966330774,302.2381918225774
Simulation_000001,Graphite,3.1488392077208824,0.01405193151534607,0.041757556966330774,302.23819185813636
Simulation_000001,Graphite,3.1488392077208824,0.023419885858910118,0.041757556966330774,302.2381919354485
Simulation_000001,Graphite,3.1488392077208824,0.03278784020247416,0.041757556966330774,302.2381920676561
Simulation_000001,Graphite,3.1488392077208824,0.04215579454603821,0.041757556966330774,302.2381922763982
Simulation_000001,Graphite,3.1488392077208824,0.05152374888960226,0.041757556966330774,302.23819259423414
Simulation_000001,Graphite,3.1488392077208824,0.060891703233166304,0.041757556966330774,302.23819306805046
Simulation_000001,Graphite,3.1488392077208824,0.07025965757673035,0.041757556966330774,302.23819376357767
Simulation_000001,Graphite,3.1488392077208824,0.0796276119202944,0.041757556966330774,302.23819477114165
Simulation_000001,Graphite,3.1488392077208824,0.08899556626385845,0.041757556966330774,302.23819621274566
Simulation_000001,Graphite,3.1488392077208824,0.0983635206074225,0.041757556966330774,302.238198250515
Simulation_000001,Graphite,3.1488392077208824,0.10773147495098653,0.041757556966330774,302.2382010964287
Simulation_000001,Graphite,3.1488392077208824,0.11709942929455058,0.041757556966330774,302.238205023105
Simulation_000001,Graphite,3.1488392077208824,0.12646738363811463,0.041757556966330774,302.23821037518695
Simulation_000001,Graphite,3.1488392077208824,0.13583533798167866,0.041757556966330774,302.23821758060717
Simulation_000001,Graphite,3.1488392077208824,0.1452032923252427,0.041757556966330774,302.23822716068344
Simulation_000001,Graphite,3.1488392077208824,0.15457124666880676,0.041757556966330774,302.2382397376484
Simulation_000001,Graphite,3.1488392077208824,0.1639392010123708,0.041757556966330774,302.23825603786304
Simulation_000001,Graphite,3.1488392077208824,0.17330715535593486,0.041757556966330774,302.23827688865845
Simulation_000001,Graphite,3.1488392077208824,0.1826751096994989,0.041757556966330774,302.23830320655713
Simulation_000001,Graphite,3.1488392077208824,0.19204306404306296,0.041757556966330774,302.2383359746066
Simulation_000001,Graphite,3.1488392077208824,0.20141101838662698,0.041757556966330774,302.23837620680445
Simulation_000001,Graphite,3.1488392077208824,0.21077897273019103,0.041757556966330774,302.2384248981787
Simulation_000001,Graphite,3.1488392077208824,0.22014692707375508,0.041757556966330774,302.23848296006116
Simulation_000001,Graphite,3.1488392077208824,0.22951488141731913,0.041757556966330774,302.2385511414909
Simulation_000001,Graphite,3.1488392077208824,0.23888283576088318,0.041757556966330774,302.2386299394711
Simulation_000001,Graphite,3.1488392077208824,0.24825079010444723,0.041757556966330774,302.23871950287685
Simulation_000001,Graphite,3.1488392077208824,0.2576187444480113,0.041757556966330774,302.2388195369839
Simulation_000001,Graphite,3.1488392077208824,0.2669866987915753,0.041757556966330774,302.23892921758534
Simulation_000001,Graphite,3.1488392077208824,0.2763546531351394,0.041757556966330774,302.23904712513155
Simulation_000001,Graphite,3.1488392077208824,0.2857226074787034,0.041757556966330774,302.2391712098868
Simulation_000001,Graphite,3.1488392077208824,0.2950905618222675,0.041757556966330774,302.23929879836754
Simulation_000001,Graphite,3.1488392077208824,0.3044585161658315,0.041757556966330774,302.23942664906735
Simulation_000001,Graphite,3.1488392077208824,0.31382647050939555,0.041757556966330774,302.23955106159775
Simulation_000001,Graphite,3.1488392077208824,0.3231944248529596,0.041757556966330774,302.2396680380924
Simulation_000001,Graphite,3.1488392077208824,0.33256237919652365,0.041757556966330774,302.23977348954315
Simulation_000001,Graphite,3.1488392077208824,0.3419303335400877,0.041757556966330774,302.2398634734528
Simulation_000001,Graphite,3.1488392077208824,0.35129828788365175,0.041757556966330774,302.23993444377834
Simulation_000001,Graphite,3.1488392077208824,0.3606662422272158,0.041757556966330774,302.2399834905926
Simulation_000001,Graphite,3.1488392077208824,0.37003419657077985,0.041757556966330774,302.24000854598995
Simulation_000001,Graphite,3.1488392077208824,0.3794021509143439,0.041757556966330774,302.24000853492225
Simulation_000001,Graphite,3.1488392077208824,0.38877010525790795,0.041757556966330774,302.23998345475366
Simulation_000001,Graphite,3.1488392077208824,0.39813805960147197,0.041757556966330774,302.23993437475747
Simulation_000001,Graphite,3.1488392077208824,0.40750601394503605,0.041757556966330774,302.2398633554836
Simulation_000001,Graphite,3.1488392077208824,0.41687396828860007,0.041757556966330774,302.2397732966305
Simulation_000001,Graphite,3.1488392077208824,0.42624192263216415,0.041757556966330774,302.2396677294698
Simulation_000001,Graphite,3.1488392077208824,0.43560987697572817,0.041757556966330774,302.2395505749505
Simulation_000001,Graphite,3.1488392077208824,0.44497783131929225,0.041757556966330774,302.23942589073386
Simulation_000001,Graphite,3.1488392077208824,0.45434578566285627,0.041757556966330774,302.2392976294636
Simulation_000001,Graphite,3.1488392077208824,0.4637137400064203,0.041757556966330774,302.2391694269837
Simulation_000001,Graphite,3.1488392077208824,0.47308169434998437,0.041757556966330774,302.2390444337531
Simulation_000001,Graphite,3.1488392077208824,0.4824496486935484,0.041757556966330774,302.23892519637747
Simulation_000001,Graphite,3.1488392077208824,0.49181760303711247,0.041757556966330774,302.23881358996476
Simulation_000001,Graphite,3.1488392077208824,0.5011855573806765,0.041757556966330774,302.2387107967153
Simulation_000001,Graphite,3.1488392077208824,0.5105535117242406,0.041757556966330774,302.23861732229716
Simulation_000001,Graphite,3.1488392077208824,0.5199214660678046,0.041757556966330774,302.23853303935755
Simulation_000001,Graphite,3.1488392077208824,0.5292894204113686,0.041757556966330774,302.23845724690534
Simulation_000001,Graphite,3.1488392077208824,0.5386573747549327,0.041757556966330774,302.2383887350378
Simulation_000001,Graphite,3.1488392077208824,0.5480253290984968,0.041757556966330774,302.2383258462041
Simulation_000001,Graphite,3.1488392077208824,0.5573932834420607,0.041757556966330774,302.23826652651985
Simulation_000001,Graphite,3.1488392077208824,0.5667612377856248,0.041757556966330774,302.23820836321846
Simulation_000001,Graphite,3.1488392077208824,0.5761291921291889,0.041757556966330774,302.2381486068518
Simulation_000001,Graphite,3.1488392077208824,0.585497146472753,0.041757556966330774,302.23808417912596
Simulation_000001,Graphite,3.1488392077208824,0.5948651008163169,0.041757556966330774,302.2380116691389
Simulation_000001,Graphite,3.1488392077208824,0.604233055159881,0.041757556966330774,302.2379273222026
Simulation_000001,Graphite,3.1488392077208824,0.6136010095034451,0.041757556966330774,302.2378270263547
Simulation_000001,Graphite,3.1488392077208824,0.6229689638470091,0.041757556966330774,302.2377063020944
Simulation_000001,Graphite,3.1488392077208824,0.6323369181905731,0.041757556966330774,302.2375603008445
Simulation_000001,Graphite,3.1488392077208824,0.6417048725341372,0.041757556966330774,302.23738381716873
Simulation_000001,Graphite,3.1488392077208824,0.6510728268777013,0.041757556966330774,302.2371713189232
Simulation_000001,Graphite,3.1488392077208824,0.6604407812212653,0.041757556966330774,302.2369169983247
Simulation_000001,Graphite,3.1488392077208824,0.6698087355648293,0.041757556966330774,302.2366148454704
Simulation_000001,Graphite,3.1488392077208824,0.6791766899083934,0.041757556966330774,302.236258744199
Simulation_000001,Graphite,3.1488392077208824,0.6885446442519574,0.041757556966330774,302.2358425884688
Simulation_000001,Graphite,3.1488392077208824,0.6979125985955215,0.041757556966330774,302.2353604157355
Simulation_000001,Graphite,3.1488392077208824,0.7072805529390855,0.041757556966330774,302.2348065522894
Simulation_000001,Graphite,3.1488392077208824,0.7166485072826496,0.041757556966330774,302.23417576427363
Simulation_000001,Graphite,3.1488392077208824,0.7260164616262136,0.041757556966330774,302.2334634072856
Simulation_000001,Graphite,3.1488392077208824,0.7353844159697777,0.041757556966330774,302.2326655671548
Simulation_000001,Graphite,3.1488392077208824,0.7447523703133417,0.041757556966330774,302.2317791847251
Simulation_000001,Graphite,3.1488392077208824,0.7541203246569057,0.041757556966330774,302.23080215811274
Simulation_000001,Graphite,3.1488392077208824,0.004683977171782023,0.048181796499612434,302.24262294946465
Simulation_000001,Graphite,3.1488392077208824,0.01405193151534607,0.048181796499612434,302.2426229920582
Simulation_000001,Graphite,3.1488392077208824,0.023419885858910118,0.048181796499612434,302.24262308468434
Simulation_000001,Graphite,3.1488392077208824,0.03278784020247416,0.048181796499612434,302.24262324313116
Simulation_000001,Graphite,3.1488392077208824,0.04215579454603821,0.048181796499612434,302.24262349340825
Simulation_000001,Graphite,3.1488392077208824,0.05152374888960226,0.048181796499612434,302.242623874678
Simulation_000001,Graphite,3.1488392077208824,0.060891703233166304,0.048181796499612434,302.2426244433823
Simulation_000001,Graphite,3.1488392077208824,0.07025965757673035,0.048181796499612434,302.24262527872384
Simulation_000001,Graphite,3.1488392077208824,0.0796276119202944,0.048181796499612434,302.2426264896593
Simulation_000001,Graphite,3.1488392077208824,0.08899556626385845,0.048181796499612434,302.24262822353353
Simulation_000001,Graphite,3.1488392077208824,0.0983635206074225,0.048181796499612434,302.2426306764054
Simulation_000001,Graphite,3.1488392077208824,0.10773147495098653,0.048181796499612434,302.24263410499475
Simulation_000001,Graphite,3.1488392077208824,0.11709942929455058,0.048181796499612434,302.24263883998344
Simulation_000001,Graphite,3.1488392077208824,0.12646738363811463,0.048181796499612434,302.24264530014847
Simulation_000001,Graphite,3.1488392077208824,0.13583533798167866,0.048181796499612434,302.2426540064674
Simulation_000001,Graphite,3.1488392077208824,0.1452032923252427,0.048181796499612434,302.24266559494794
Simulation_000001,Graphite,3.1488392077208824,0.15457124666880676,0.048181796499612434,302.24268082648615
Simulation_000001,Graphite,3.1488392077208824,0.1639392010123708,0.048181796499612434,302.242700591621
Simulation_000001,Graphite,3.1488392077208824,0.17330715535593486,0.048181796499612434,302.24272590764855
Simulation_000001,Graphite,3.1488392077208824,0.1826751096994989,0.048181796499612434,302.24275790529146
Simulation_000001,Graphite,3.1488392077208824,0.19204306404306296,0.048181796499612434,302.2427978020488
Simulation_000001,Graphite,3.1488392077208824,0.20141101838662698,0.048181796499612434,302.2428468596096
Simulation_000001,Graphite,3.1488392077208824,0.21077897273019103,0.048181796499612434,302.24290632336863
Simulation_000001,Graphite,3.1488392077208824,0.22014692707375508,0.048181796499612434,302.24297734324216
Simulation_000001,Graphite,3.1488392077208824,0.22951488141731913,0.048181796499612434,302.2430608766748
Simulation_000001,Graphite,3.1488392077208824,0.23888283576088318,0.048181796499612434,302.2431575769323
Simulation_000001,Graphite,3.1488392077208824,0.24825079010444723,0.048181796499612434,302.2432676723927
Simulation_000001,Graphite,3.1488392077208824,0.2576187444480113,0.048181796499612434,302.2433908453417
Simulation_000001,Graphite,3.1488392077208824,0.2669866987915753,0.048181796499612434,302.24352612142354
Simulation_000001,Graphite,3.1488392077208824,0.2763546531351394,0.048181796499612434,302.2436717829434
Simulation_000001,Graphite,3.1488392077208824,0.2857226074787034,0.048181796499612434,302.24382532015625
Simulation_000001,Graphite,3.1488392077208824,0.2950905618222675,0.048181796499612434,302.2439834340109
Simulation_000001,Graphite,3.1488392077208824,0.3044585161658315,0.048181796499612434,302.24414210115754
Simulation_000001,Graphite,3.1488392077208824,0.31382647050939555,0.048181796499612434,302.24429670722805
Simulation_000001,Graphite,3.1488392077208824,0.3231944248529596,0.048181796499612434,302.2444422476738
Simulation_000001,Graphite,3.1488392077208824,0.33256237919652365,0.048181796499612434,302.24457358740653
Simulation_000001,Graphite,3.1488392077208824,0.3419303335400877,0.048181796499612434,302.2446857621883
Simulation_000001,Graphite,3.1488392077208824,0.35129828788365175,0.048181796499612434,302.24477429744303
Simulation_000001,Graphite,3.1488392077208824,0.3606662422272158,0.048181796499612434,302.2448355152821
Simulation_000001,Graphite,3.1488392077208824,0.37003419657077985,0.048181796499612434,302.2448667991372
Simulation_000001,Graphite,3.1488392077208824,0.3794021509143439,0.048181796499612434,302.2448667880676
Simulation_000001,Graphite,3.1488392077208824,0.38877010525790795,0.048181796499612434,302.2448354794373
Simulation_000001,Graphite,3.1488392077208824,0.39813805960147197,0.048181796499612434,302.2447742284108
Simulation_000001,Graphite,3.1488392077208824,0.40750601394503605,0.048181796499612434,302.24468564419965
Simulation_000001,Graphite,3.1488392077208824,0.41687396828860007,0.048181796499612434,302.2445733944622
Simulation_000001,Graphite,3.1488392077208824,0.42624192263216415,0.048181796499612434,302.24444193900047
Simulation_000001,Graphite,3.1488392077208824,0.43560987697572817,0.048181796499612434,302.244296220501
Simulation_000001,Graphite,3.1488392077208824,0.44497783131929225,0.048181796499612434,302.2441413426997
Simulation_000001,Graphite,3.1488392077208824,0.45434578566285627,0.048181796499612434,302.24398226491553
Simulation_000001,Graphite,3.1488392077208824,0.4637137400064203,0.048181796499612434,302.24382353696166
Simulation_000001,Graphite,3.1488392077208824,0.47308169434998437,0.048181796499612434,302.2436690911259
Simulation_000001,Graphite,3.1488392077208824,0.4824496486935484,0.048181796499612434,302.243522099561
Simulation_000001,Graphite,3.1488392077208824,0.49181760303711247,0.048181796499612434,302.2433848973564
Simulation_000001,Graphite,3.1488392077208824,0.5011855573806765,0.048181796499612434,302.24325896482014
Simulation_000001,Graphite,3.1488392077208824,0.5105535117242406,0.048181796499612434,302.243144957719
Simulation_000001,Graphite,3.1488392077208824,0.5199214660678046,0.048181796499612434,302.243042771624
Simulation_000001,Graphite,3.1488392077208824,0.5292894204113686,0.048181796499612434,302.2429516259554
Simulation_000001,Graphite,3.1488392077208824,0.5386573747549327,0.048181796499612434,302.2428701544386
Simulation_000001,Graphite,3.1488392077208824,0.5480253290984968,0.048181796499612434,302.2427964909792
Simulation_000001,Graphite,3.1488392077208824,0.5573932834420607,0.048181796499612434,302.2427283429366
Simulation_000001,Graphite,3.1488392077208824,0.5667612377856248,0.048181796499612434,302.24266304696823
Simulation_000001,Graphite,3.1488392077208824,0.5761291921291889,0.048181796499612434,302.2425976056832
Simulation_000001,Graphite,3.1488392077208824,0.585497146472753,0.048181796499612434,302.24252870603885
Simulation_000001,Graphite,3.1488392077208824,0.5948651008163169,0.048181796499612434,302.2424527225898
Simulation_000001,Graphite,3.1488392077208824,0.604233055159881,0.048181796499612434,302.2423657102936
Simulation_000001,Graphite,3.1488392077208824,0.6136010095034451,0.048181796499612434,302.2422633925793
Simulation_000001,Graphite,3.1488392077208824,0.6229689638470091,0.048181796499612434,302.2421411508204
Simulation_000001,Graphite,3.1488392077208824,0.6323369181905731,0.048181796499612434,302.2419940212704
Simulation_000001,Graphite,3.1488392077208824,0.6417048725341372,0.048181796499612434,302.24181670497444
Simulation_000001,Graphite,3.1488392077208824,0.6510728268777013,0.048181796499612434,302.24160359521886
Simulation_000001,Graphite,3.1488392077208824,0.6604407812212653,0.048181796499612434,302.24134882580177
Simulation_000001,Graphite,3.1488392077208824,0.6698087355648293,0.048181796499612434,302.24104634186335
Simulation_000001,Graphite,3.1488392077208824,0.6791766899083934,0.048181796499612434,302.2406899933051
Simulation_000001,Graphite,3.1488392077208824,0.6885446442519574,0.048181796499612434,302.2402736490479
Simulation_000001,Graphite,3.1488392077208824,0.6979125985955215,0.048181796499612434,302.23979132864713
Simulation_000001,Graphite,3.1488392077208824,0.7072805529390855,0.048181796499612434,302.23923734621906
Simulation_000001,Graphite,3.1488392077208824,0.7166485072826496,0.048181796499612434,302.2386064603719
Simulation_000001,Graphite,3.1488392077208824,0.7260164616262136,0.048181796499612434,302.237894022976
Simulation_000001,Graphite,3.1488392077208824,0.7353844159697777,0.048181796499612434,302.2370961192437
Simulation_000001,Graphite,3.1488392077208824,0.7447523703133417,0.048181796499612434,302.2362096917303
Simulation_000001,Graphite,3.1488392077208824,0.7541203246569057,0.048181796499612434,302.23523264142574
Simulation_000001,Graphite,3.1488392077208824,0.004683977171782023,0.054606036032894094,302.2466844619496
Simulation_000001,Graphite,3.1488392077208824,0.01405193151534607,0.054606036032894094,302.24668451299027
Simulation_000001,Graphite,3.1488392077208824,0.023419885858910118,0.054606036032894094,302.24668462400876
Simulation_000001,Graphite,3.1488392077208824,0.03278784020247416,0.054606036032894094,302.24668481397975
Simulation_000001,Graphite,3.1488392077208824,0.04215579454603821,0.054606036032894094,302.24668511417826
Simulation_000001,Graphite,3.1488392077208824,0.05152374888960226,0.054606036032894094,302.24668557172697
Simulation_000001,Graphite,3.1488392077208824,0.060891703233166304,0.054606036032894094,302.24668625459753
Simulation_000001,Graphite,3.1488392077208824,0.07025965757673035,0.054606036032894094,302.24668725826285
Simulation_000001,Graphite,3.1488392077208824,0.0796276119202944,0.054606036032894094,302.24668871420477
Simulation_000001,Graphite,3.1488392077208824,0.08899556626385845,0.054606036032894094,302.2466908004421
Simulation_000001,Graphite,3.1488392077208824,0.0983635206074225,0.054606036032894094,302.2466937541633
Simulation_000001,Graphite,3.1488392077208824,0.10773147495098653,0.054606036032894094,302.24669788639494
Simulation_000001,Graphite,3.1488392077208824,0.11709942929455058,0.054606036032894094,302.24670359841207
Simulation_000001,Graphite,3.1488392077208824,0.12646738363811463,0.054606036032894094,302.246711399283
Simulation_000001,Graphite,3.1488392077208824,0.13583533798167866,0.054606036032894094,302.2467219235367
Simulation_000001,Graphite,3.1488392077208824,0.1452032923252427,0.054606036032894094,302.24673594745553
Simulation_000001,Graphite,3.1488392077208824,0.15457124666880676,0.054606036032894094,302.2467544019518
Simulation_000001,Graphite,3.1488392077208824,0.1639392010123708,0.054606036032894094,302.24677837942266
Simulation_000001,Graphite,3.1488392077208824,0.17330715535593486,0.054606036032894094,302.24680913146204
Simulation_000001,Graphite,3.1488392077208824,0.1826751096994989,0.054606036032894094,302.2468480539307
Simulation_000001,Graphite,3.1488392077208824,0.19204306404306296,0.054606036032894094,302.24689665575045
Simulation_000001,Graphite,3.1488392077208824,0.20141101838662698,0.054606036032894094,302.2469565080294
Simulation_000001,Graphite,3.1488392077208824,0.21077897273019103,0.054606036032894094,302.24702917086853
Simulation_000001,Graphite,3.1488392077208824,0.22014692707375508,0.054606036032894094,302.2471160965556
Simulation_000001,Graphite,3.1488392077208824,0.22951488141731913,0.054606036032894094,302.24721850989516
Simulation_000001,Graphite,3.1488392077208824,0.23888283576088318,0.054606036032894094,302.24733726914263
Simulation_000001,Graphite,3.1488392077208824,0.24825079010444723,0.054606036032894094,302.2474727142955
Simulation_000001,Graphite,3.1488392077208824,0.2576187444480113,0.054606036032894094,302.2476245130901
Simulation_000001,Graphite,3.1488392077208824,0.2669866987915753,0.054606036032894094,302.2477915185489
Simulation_000001,Graphite,3.1488392077208824,0.2763546531351394,0.054606036032894094,302.2479716547564
Simulation_000001,Graphite,3.1488392077208824,0.2857226074787034,0.054606036032894094,302.2481618490524
Simulation_000001,Graphite,3.1488392077208824,0.2950905618222675,0.054606036032894094,302.2483580283311
Simulation_000001,Graphite,3.1488392077208824,0.3044585161658315,0.054606036032894094,302.24855519405793
Simulation_000001,Graphite,3.1488392077208824,0.31382647050939555,0.054606036032894094,302.2487475847022
Simulation_000001,Graphite,3.1488392077208824,0.3231944248529596,0.054606036032894094,302.24892892570733
Simulation_000001,Graphite,3.1488392077208824,0.33256237919652365,0.054606036032894094,302.24909275666096
Simulation_000001,Graphite,3.1488392077208824,0.3419303335400877,0.054606036032894094,302.24923281430586
Simulation_000001,Graphite,3.1488392077208824,0.35129828788365175,0.054606036032894094,302.2493434402284
Simulation_000001,Graphite,3.1488392077208824,0.3606662422272158,0.054606036032894094,302.2494199753081
Simulation_000001,Graphite,3.1488392077208824,0.37003419657077985,0.054606036032894094,302.2494591008725
Simulation_000001,Graphite,3.1488392077208824,0.3794021509143439,0.054606036032894094,302.24945908980135
Simulation_000001,Graphite,3.1488392077208824,0.38877010525790795,0.054606036032894094,302.249419939458
Simulation_000001,Graphite,3.1488392077208824,0.39813805960147197,0.054606036032894094,302.24934337118583
Simulation_000001,Graphite,3.1488392077208824,0.40750601394503605,0.054606036032894094,302.2492326962996
Simulation_000001,Graphite,3.1488392077208824,0.41687396828860007,0.054606036032894094,302.2490925636877
Simulation_000001,Graphite,3.1488392077208824,0.42624192263216415,0.054606036032894094,302.2489286169879
Simulation_000001,Graphite,3.1488392077208824,0.43560987697572817,0.054606036032894094,302.2487470979025
Simulation_000001,Graphite,3.1488392077208824,0.44497783131929225,0.054606036032894094,302.2485544354872
Simulation_000001,Graphite,3.1488392077208824,0.45434578566285627,0.054606036032894094,302.24835685906197
Simulation_000001,Graphite,3.1488392077208824,0.4637137400064203,0.054606036032894094,302.2481600655933
Simulation_000001,Graphite,3.1488392077208824,0.47308169434998437,0.054606036032894094,302.2479689625404
Simulation_000001,Graphite,3.1488392077208824,0.4824496486935484,0.054606036032894094,302.2477874960925
Simulation_000001,Graphite,3.1488392077208824,0.49181760303711247,0.054606036032894094,302.24761856422873
Simulation_000001,Graphite,3.1488392077208824,0.5011855573806765,0.054606036032894094,302.24746400544404
Simulation_000001,Graphite,3.1488392077208824,0.5105535117242406,0.054606036032894094,302.2473246480817
Simulation_000001,Graphite,3.1488392077208824,0.5199214660678046,0.054606036032894094,302.2472004022027
Simulation_000001,Graphite,3.1488392077208824,0.5292894204113686,0.054606036032894094,302.2470903755309
Simulation_000001,Graphite,3.1488392077208824,0.5386573747549327,0.054606036032894094,302.2469929967036
Simulation_000001,Graphite,3.1488392077208824,0.5480253290984968,0.054606036032894094,302.24690613214295
Simulation_000001,Graphite,3.1488392077208824,0.5573932834420607,0.054606036032894094,302.2468271866837
Simulation_000001,Graphite,3.1488392077208824,0.5667612377856248,0.054606036032894094,302.24675318209063
Simulation_000001,Graphite,3.1488392077208824,0.5761291921291889,0.054606036032894094,302.2466808113306
Simulation_000001,Graphite,3.1488392077208824,0.585497146472753,0.054606036032894094,302.2466064696761
Simulation_000001,Graphite,3.1488392077208824,0.5948651008163169,0.054606036032894094,302.24652626624135
Simulation_000001,Graphite,3.1488392077208824,0.604233055159881,0.054606036032894094,302.24643602134637
Simulation_000001,Graphite,3.1488392077208824,0.6136010095034451,0.054606036032894094,302.2463312561896
Simulation_000001,Graphite,3.1488392077208824,0.6229689638470091,0.054606036032894094,302.2462071817325
Simulation_000001,Graphite,3.1488392077208824,0.6323369181905731,0.054606036032894094,302.24605869355025
Simulation_000001,Graphite,3.1488392077208824,0.6417048725341372,0.054606036032894094,302.2458803787472
Simulation_000001,Graphite,3.1488392077208824,0.6510728268777013,0.054606036032894094,302.2456665399735
Simulation_000001,Graphite,3.1488392077208824,0.6604407812212653,0.054606036032894094,302.2454112401744
Simulation_000001,Graphite,3.1488392077208824,0.6698087355648293,0.054606036032894094,302.2451083700608
Simulation_000001,Graphite,3.1488392077208824,0.6791766899083934,0.054606036032894094,302.2447517384846
Simulation_000001,Graphite,3.1488392077208824,0.6885446442519574,0.054606036032894094,302.2443351840551
Simulation_000001,Graphite,3.1488392077208824,0.6979125985955215,0.054606036032894094,302.2438527045388
Simulation_000001,Graphite,3.1488392077208824,0.7072805529390855,0.054606036032894094,302.2432985989918
Simulation_000001,Graphite,3.1488392077208824,0.7166485072826496,0.054606036032894094,302.2426676162664
Simulation_000001,Graphite,3.1488392077208824,0.7260164616262136,0.054606036032894094,302.24195510265065
Simulation_000001,Graphite,3.1488392077208824,0.7353844159697777,0.054606036032894094,302.2411571409939
Simulation_000001,Graphite,3.1488392077208824,0.7447523703133417,0.054606036032894094,302.2402706737688
Simulation_000001,Graphite,3.1488392077208824,0.7541203246569057,0.054606036032894094,302.23929360307795
Simulation_000001,Graphite,3.1488392077208824,0.004683977171782023,0.061030275566175754,302.2503920580725
Simulation_000001,Graphite,3.1488392077208824,0.01405193151534607,0.061030275566175754,302.2503921191229
Simulation_000001,Graphite,3.1488392077208824,0.023419885858910118,0.061030275566175754,302.2503922519413
Simulation_000001,Graphite,3.1488392077208824,0.03278784020247416,0.061030275566175754,302.25039247928964
Simulation_000001,Graphite,3.1488392077208824,0.04215579454603821,0.061030275566175754,302.25039283870456
Simulation_000001,Graphite,3.1488392077208824,0.05152374888960226,0.061030275566175754,302.25039338678283
Simulation_000001,Graphite,3.1488392077208824,0.060891703233166304,0.061030275566175754,302.250394205229
Simulation_000001,Graphite,3.1488392077208824,0.07025965757673035,0.061030275566175754,302.2503954089161
Simulation_000001,Graphite,3.1488392077208824,0.0796276119202944,0.061030275566175754,302.250397156214
Simulation_000001,Graphite,3.1488392077208824,0.08899556626385845,0.061030275566175754,302.25039966180486
Simulation_000001,Graphite,3.1488392077208824,0.0983635206074225,0.061030275566175754,302.25040321210645
Simulation_000001,Graphite,3.1488392077208824,0.10773147495098653,0.061030275566175754,302.25040818324965
Simulation_000001,Graphite,3.1488392077208824,0.11709942929455058,0.061030275566175754,302.25041506128633
Simulation_000001,Graphite,3.1488392077208824,0.12646738363811463,0.061030275566175754,302.25042446392814
Simulation_000001,Graphite,3.1488392077208824,0.13583533798167866,0.061030275566175754,302.2504371626279
Simulation_000001,Graphite,3.1488392077208824,0.1452032923252427,0.061030275566175754,302.2504541032221
Simulation_000001,Graphite,3.1488392077208824,0.15457124666880676,0.061030275566175754,302.25047642267685
Simulation_000001,Graphite,3.1488392077208824,0.1639392010123708,0.061030275566175754,302.2505054587713
Simulation_000001,Graphite,3.1488392077208824,0.17330715535593486,0.061030275566175754,302.25054274888765
Simulation_000001,Graphite,3.1488392077208824,0.1826751096994989,0.061030275566175754,302.25059001355817
Simulation_000001,Graphite,3.1488392077208824,0.19204306404306296,0.061030275566175754,302.2506491201846
Simulation_000001,Graphite,3.1488392077208824,0.20141101838662698,0.061030275566175754,302.250722022558
Simulation_000001,Graphite,3.1488392077208824,0.21077897273019103,0.061030275566175754,302.25081067261624
Simulation_000001,Graphite,3.1488392077208824,0.22014692707375508,0.061030275566175754,302.25091690245637
Simulation_000001,Graphite,3.1488392077208824,0.22951488141731913,0.061030275566175754,302.2510422770637
Simulation_000001,Graphite,3.1488392077208824,0.23888283576088318,0.061030275566175754,302.25118792154683
Simulation_000001,Graphite,3.1488392077208824,0.24825079010444723,0.061030275566175754,302.2513543307853
Simulation_000001,Graphite,3.1488392077208824,0.2576187444480113,0.061030275566175754,302.25154117399455
Simulation_000001,Graphite,3.1488392077208824,0.2669866987915753,0.061030275566175754,302.2517471113243
Simulation_000001,Graphite,3.1488392077208824,0.2763546531351394,0.061030275566175754,302.25196964351284
Simulation_000001,Graphite,3.1488392077208824,0.2857226074787034,0.061030275566175754,302.25220501796167
Simulation_000001,Graphite,3.1488392077208824,0.2950905618222675,0.061030275566175754,302.25244821444414
Simulation_000001,Graphite,3.1488392077208824,0.3044585161658315,0.061030275566175754,302.2526930301969
Simulation_000001,Graphite,3.1488392077208824,0.31382647050939555,0.061030275566175754,302.25293227690344
Simulation_000001,Graphite,3.1488392077208824,0.3231944248529596,0.061030275566175754,302.253158091185
Simulation_000001,Graphite,3.1488392077208824,0.33256237919652365,0.061030275566175754,302.25336234658135
Simulation_000001,Graphite,3.1488392077208824,0.3419303335400877,0.061030275566175754,302.2535371403654
Simulation_000001,Graphite,3.1488392077208824,0.35129828788365175,0.061030275566175754,302.2536753152596
Simulation_000001,Graphite,3.1488392077208824,0.3606662422272158,0.061030275566175754,302.2537709667646
Simulation_000001,Graphite,3.1488392077208824,0.37003419657077985,0.061030275566175754,302.253819883559
Simulation_000001,Graphite,3.1488392077208824,0.3794021509143439,0.061030275566175754,302.2538198724863
Simulation_000001,Graphite,3.1488392077208824,0.38877010525790795,0.061030275566175754,302.2537709309096
Simulation_000001,Graphite,3.1488392077208824,0.39813805960147197,0.061030275566175754,302.25367524620765
Simulation_000001,Graphite,3.1488392077208824,0.40750601394503605,0.061030275566175754,302.2535370223431
Simulation_000001,Graphite,3.1488392077208824,0.41687396828860007,0.061030275566175754,302.2533621535819
Simulation_000001,Graphite,3.1488392077208824,0.42624192263216415,0.061030275566175754,302.25315778242395
Simulation_000001,Graphite,3.1488392077208824,0.43560987697572817,0.061030275566175754,302.2529317900381
Simulation_000001,Graphite,3.1488392077208824,0.44497783131929225,0.061030275566175754,302.252692271524
Simulation_000001,Graphite,3.1488392077208824,0.45434578566285627,0.061030275566175754,302.25244704501785
Simulation_000001,Graphite,3.1488392077208824,0.4637137400064203,0.061030275566175754,302.25220323426356
Simulation_000001,Graphite,3.1488392077208824,0.47308169434998437,0.061030275566175754,302.25196695093695
Simulation_000001,Graphite,3.1488392077208824,0.4824496486935484,0.061030275566175754,302.2517430883315
Simulation_000001,Graphite,3.1488392077208824,0.49181760303711247,0.061030275566175754,302.2515352243425
Simulation_000001,Graphite,3.1488392077208824,0.5011855573806765,0.061030275566175754,302.2513456207803
Simulation_000001,Graphite,3.1488392077208824,0.5105535117242406,0.061030275566175754,302.25117529882016
Simulation_000001,Graphite,3.1488392077208824,0.5199214660678046,0.061030275566175754,302.251024166991
Simulation_000001,Graphite,3.1488392077208824,0.5292894204113686,0.061030275566175754,302.25089117806573
Simulation_000001,Graphite,3.1488392077208824,0.5386573747549327,0.061030275566175754,302.25077449374083
Simulation_000001,Graphite,3.1488392077208824,0.5480253290984968,0.061030275566175754,302.2506716401474
Simulation_000001,Graphite,3.1488392077208824,0.5573932834420607,0.061030275566175754,302.250579642175
Simulation_000001,Graphite,3.1488392077208824,0.5667612377856248,0.061030275566175754,302.2504951295865
Simulation_000001,Graphite,3.1488392077208824,0.5761291921291889,0.061030275566175754,302.250414412469
Simulation_000001,Graphite,3.1488392077208824,0.585497146472753,0.061030275566175754,302.2503335273845
Simulation_000001,Graphite,3.1488392077208824,0.5948651008163169,0.061030275566175754,302.2502482585121
Simulation_000001,Graphite,3.1488392077208824,0.604233055159881,0.061030275566175754,302.250154140089
Simulation_000001,Graphite,3.1488392077208824,0.6136010095034451,0.061030275566175754,302.2500464476111
Simulation_000001,Graphite,3.1488392077208824,0.6229689638470091,0.061030275566175754,302.2499201856502
Simulation_000001,Graphite,3.1488392077208824,0.6323369181905731,0.061030275566175754,302.2497700798903
Simulation_000001,Graphite,3.1488392077208824,0.6417048725341372,0.061030275566175754,302.2495905801948
Simulation_000001,Graphite,3.1488392077208824,0.6510728268777013,0.061030275566175754,302.2493758803018
Simulation_000001,Graphite,3.1488392077208824,0.6604407812212653,0.061030275566175754,302.24911995819605
Simulation_000001,Graphite,3.1488392077208824,0.6698087355648293,0.061030275566175754,302.248816639431
Simulation_000001,Graphite,3.1488392077208824,0.6791766899083934,0.061030275566175754,302.2484596837631
Simulation_000001,Graphite,3.1488392077208824,0.6885446442519574,0.061030275566175754,302.24804289352096
Simulation_000001,Graphite,3.1488392077208824,0.6979125985955215,0.061030275566175754,302.2475602402846
Simulation_000001,Graphite,3.1488392077208824,0.7072805529390855,0.061030275566175754,302.2470060047925
Simulation_000001,Graphite,3.1488392077208824,0.7166485072826496,0.061030275566175754,302.2463749236685
Simulation_000001,Graphite,3.1488392077208824,0.7260164616262136,0.061030275566175754,302.2456623356362
Simulation_000001,Graphite,3.1488392077208824,0.7353844159697777,0.061030275566175754,302.244864319466
Simulation_000001,Graphite,3.1488392077208824,0.7447523703133417,0.061030275566175754,302.2439778159841
Simulation_000001,Graphite,3.1488392077208824,0.7541203246569057,0.061030275566175754,302.24300072705825
Simulation_000001,Graphite,3.1488392077208824,0.004683977171782023,0.06745451509945742,302.2537626134431
Simulation_000001,Graphite,3.1488392077208824,0.01405193151534607,0.06745451509945742,302.25376268622597
Simulation_000001,Graphite,3.1488392077208824,0.023419885858910118,0.06745451509945742,302.25376284460214
Simulation_000001,Graphite,3.1488392077208824,0.03278784020247416,0.06745451509945742,302.2537631157865
Simulation_000001,Graphite,3.1488392077208824,0.04215579454603821,0.06745451509945742,302.2537635446833
Simulation_000001,Graphite,3.1488392077208824,0.05152374888960226,0.06745451509945742,302.2537641990436
Simulation_000001,Graphite,3.1488392077208824,0.060891703233166304,0.06745451509945742,302.2537651767569
Simulation_000001,Graphite,3.1488392077208824,0.07025965757673035,0.06745451509945742,302.2537666155836
Simulation_000001,Graphite,3.1488392077208824,0.0796276119202944,0.06745451509945742,302.2537687056542
Simulation_000001,Graphite,3.1488392077208824,0.08899556626385845,0.06745451509945742,302.2537717050163
Simulation_000001,Graphite,3.1488392077208824,0.0983635206074225,0.06745451509945742,302.2537759584047
Simulation_000001,Graphite,3.1488392077208824,0.10773147495098653,0.06745451509945742,302.2537819192022
Simulation_000001,Graphite,3.1488392077208824,0.11709942929455058,0.06745451509945742,302.2537901742422
Simulation_000001,Graphite,3.1488392077208824,0.12646738363811463,0.06745451509945742,302.2538014706569
Simulation_000001,Graphite,3.1488392077208824,0.13583533798167866,0.06745451509945742,302.253816743383
Simulation_000001,Graphite,3.1488392077208824,0.1452032923252427,0.06745451509945742,302.2538371412187
Simulation_000001,Graphite,3.1488392077208824,0.15457124666880676,0.06745451509945742,302.25386404849024
Simulation_000001,Graphite,3.1488392077208824,0.1639392010123708,0.06745451509945742,302.2538990985002
Simulation_000001,Graphite,3.1488392077208824,0.17330715535593486,0.06745451509945742,302.25394417407625
Simulation_000001,Graphite,3.1488392077208824,0.1826751096994989,0.06745451509945742,302.25400138984054
Simulation_000001,Graphite,3.1488392077208824,0.19204306404306296,0.06745451509945742,302.25407305044666
Simulation_000001,Graphite,3.1488392077208824,0.20141101838662698,0.06745451509945742,302.25416157916953
Simulation_000001,Graphite,3.1488392077208824,0.21077897273019103,0.06745451509945742,302.25426941210634
Simulation_000001,Graphite,3.1488392077208824,0.22014692707375508,0.06745451509945742,302.2543988550492
Simulation_000001,Graphite,3.1488392077208824,0.22951488141731913,0.06745451509945742,302.254551902985
Simulation_000001,Graphite,3.1488392077208824,0.23888283576088318,0.06745451509945742,302.2547300262281
Simulation_000001,Graphite,3.1488392077208824,0.24825079010444723,0.06745451509945742,302.25493393230215
Simulation_000001,Graphite,3.1488392077208824,0.2576187444480113,0.06745451509945742,302.2551633185532
Simulation_000001,Graphite,3.1488392077208824,0.2669866987915753,0.06745451509945742,302.2554166365175
Simulation_000001,Graphite,3.1488392077208824,0.2763546531351394,0.06745451509945742,302.25569089442183
Simulation_000001,Graphite,3.1488392077208824,0.2857226074787034,0.06745451509945742,302.25598152773904
Simulation_000001,Graphite,3.1488392077208824,0.2950905618222675,0.06745451509945742,302.25628236820626
Simulation_000001,Graphite,3.1488392077208824,0.3044585161658315,0.06745451509945742,302.25658573795954
Simulation_000001,Graphite,3.1488392077208824,0.31382647050939555,0.06745451509945742,302.25688268668085
Simulation_000001,Graphite,3.1488392077208824,0.3231944248529596,0.06745451509945742,302.2571633758728
Simulation_000001,Graphite,3.1488392077208824,0.33256237919652365,0.06745451509945742,302.2574175966348
Simulation_000001,Graphite,3.1488392077208824,0.3419303335400877,0.06745451509945742,302.2576353878418
Simulation_000001,Graphite,3.1488392077208824,0.35129828788365175,0.06745451509945742,302.25780770360757
Simulation_000001,Graphite,3.1488392077208824,0.3606662422272158,0.06745451509945742,302.2579270659217
Simulation_000001,Graphite,3.1488392077208824,0.37003419657077985,0.06745451509945742,302.25798813344085
Simulation_000001,Graphite,3.1488392077208824,0.3794021509143439,0.06745451509945742,302.2579881223668
Simulation_000001,Graphite,3.1488392077208824,0.38877010525790795,0.06745451509945742,302.2579270300624
Simulation_000001,Graphite,3.1488392077208824,0.39813805960147197,0.06745451509945742,302.2578076345472
Simulation_000001,Graphite,3.1488392077208824,0.40750601394503605,0.06745451509945742,302.2576352698051
Simulation_000001,Graphite,3.1488392077208824,0.41687396828860007,0.06745451509945742,302.25741740361195
Simulation_000001,Graphite,3.1488392077208824,0.42624192263216415,0.06745451509945742,302.25716306707403
Simulation_000001,Graphite,3.1488392077208824,0.43560987697572817,0.06745451509945742,302.2568821997564
Simulation_000001,Graphite,3.1488392077208824,0.44497783131929225,0.06745451509945742,302.25658497919477
Simulation_000001,Graphite,3.1488392077208824,0.45434578566285627,0.06745451509945742,302.25628119863876
Simulation_000001,Graphite,3.1488392077208824,0.4637137400064203,0.06745451509945742,302.255979743826
Simulation_000001,Graphite,3.1488392077208824,0.47308169434998437,0.06745451509945742,302.25568820152245
Simulation_000001,Graphite,3.1488392077208824,0.4824496486935484,0.06745451509945742,302.25541261304295
Simulation_000001,Graphite,3.1488392077208824,0.49181760303711247,0.06745451509945742,302.255157368191
Simulation_000001,Graphite,3.1488392077208824,0.5011855573806765,0.06745451509945742,302.25492522126143
Simulation_000001,Graphite,3.1488392077208824,0.5105535117242406,0.06745451509945742,302.254717402007
Simulation_000001,Graphite,3.1488392077208824,0.5199214660678046,0.06745451509945742,302.2545337907781
Simulation_000001,Graphite,3.1488392077208824,0.5292894204113686,0.06745451509945742,302.25437312764257
Simulation_000001,Graphite,3.1488392077208824,0.5386573747549327,0.06745451509945742,302.25423322901327
Simulation_000001,Graphite,3.1488392077208824,0.5480253290984968,0.06745451509945742,302.2541111909221
Simulation_000001,Graphite,3.1488392077208824,0.5573932834420607,0.06745451509945742,302.2540035644436
Simulation_000001,Graphite,3.1488392077208824,0.5667612377856248,0.06745451509945742,302.25390649503595
Simulation_000001,Graphite,3.1488392077208824,0.5761291921291889,0.06745451509945742,302.2538158231295
Simulation_000001,Graphite,3.1488392077208824,0.585497146472753,0.06745451509945742,302.2537271478337
Simulation_000001,Graphite,3.1488392077208824,0.5948651008163169,0.06745451509945742,302.25363585900834
Simulation_000001,Graphite,3.1488392077208824,0.604233055159881,0.06745451509945742,302.2535371451914
Simulation_000001,Graphite,3.1488392077208824,0.6136010095034451,0.06745451509945742,302.253425986082
Simulation_000001,Graphite,3.1488392077208824,0.6229689638470091,0.06745451509945742,302.2532971386085
Simulation_000001,Graphite,3.1488392077208824,0.6323369181905731,0.06745451509945742,302.2531451252138
Simulation_000001,Graphite,3.1488392077208824,0.6417048725341372,0.06745451509945742,302.2529642320217
Simulation_000001,Graphite,3.1488392077208824,0.6510728268777013,0.06745451509945742,302.25274852314357
Simulation_000001,Graphite,3.1488392077208824,0.6604407812212653,0.06745451509945742,302.2524918756577
Simulation_000001,Graphite,3.1488392077208824,0.6698087355648293,0.06745451509945742,302.25218803786225
Simulation_000001,Graphite,3.1488392077208824,0.6791766899083934,0.06745451509945742,302.2518307113586
Simulation_000001,Graphite,3.1488392077208824,0.6885446442519574,0.06745451509945742,302.25141365548757
Simulation_000001,Graphite,3.1488392077208824,0.6979125985955215,0.06745451509945742,302.2509308107076
Simulation_000001,Graphite,3.1488392077208824,0.7072805529390855,0.06745451509945742,302.2503764358064
Simulation_000001,Graphite,3.1488392077208824,0.7166485072826496,0.06745451509945742,302.24974525246125
Simulation_000001,Graphite,3.1488392077208824,0.7260164616262136,0.06745451509945742,302.2490325897288
Simulation_000001,Graphite,3.1488392077208824,0.7353844159697777,0.06745451509945742,302.24823452059826
Simulation_000001,Graphite,3.1488392077208824,0.7447523703133417,0.06745451509945742,302.247347982838
Simulation_000001,Graphite,3.1488392077208824,0.7541203246569057,0.06745451509945742,302.24637087698295
Simulation_000001,Graphite,3.1488392077208824,0.004683977171782023,0.07387875463273907,302.25681394586576
Simulation_000001,Graphite,3.1488392077208824,0.01405193151534607,0.07387875463273907,302.2568140322698
Simulation_000001,Graphite,3.1488392077208824,0.023419885858910118,0.07387875463273907,302.2568142203249
Simulation_000001,Graphite,3.1488392077208824,0.03278784020247416,0.07387875463273907,302.25681454243346
Simulation_000001,Graphite,3.1488392077208824,0.04215579454603821,0.07387875463273907,302.2568150520861
Simulation_000001,Graphite,3.1488392077208824,0.05152374888960226,0.07387875463273907,302.25681583004564
Simulation_000001,Graphite,3.1488392077208824,0.060891703233166304,0.07387875463273907,302.25681699309837
Simulation_000001,Graphite,3.1488392077208824,0.07025965757673035,0.07387875463273907,302.2568187057581
Simulation_000001,Graphite,3.1488392077208824,0.0796276119202944,0.07387875463273907,302.2568211953272
Simulation_000001,Graphite,3.1488392077208824,0.08899556626385845,0.07387875463273907,302.2568247706798
Simulation_000001,Graphite,3.1488392077208824,0.0983635206074225,0.07387875463273907,302.2568298450097
Simulation_000001,Graphite,3.1488392077208824,0.10773147495098653,0.07387875463273907,302.2568369625457
Simulation_000001,Graphite,3.1488392077208824,0.11709942929455058,0.07387875463273907,302.2568468288702
Simulation_000001,Graphite,3.1488392077208824,0.12646738363811463,0.07387875463273907,302.2568603439398
Simulation_000001,Graphite,3.1488392077208824,0.13583533798167866,0.07387875463273907,302.25687863620726
Simulation_000001,Graphite,3.1488392077208824,0.1452032923252427,0.07387875463273907,302.2569030953674
Simulation_000001,Graphite,3.1488392077208824,0.15457124666880676,0.07387875463273907,302.2569354002309
Simulation_000001,Graphite,3.1488392077208824,0.1639392010123708,0.07387875463273907,302.2569775371274
Simulation_000001,Graphite,3.1488392077208824,0.17330715535593486,0.07387875463273907,302.2570318031511
Simulation_000001,Graphite,3.1488392077208824,0.1826751096994989,0.07387875463273907,302.2571007876333
Simulation_000001,Graphite,3.1488392077208824,0.19204306404306296,0.07387875463273907,302.25718732465765
Simulation_000001,Graphite,3.1488392077208824,0.20141101838662698,0.07387875463273907,302.25729440946105
Simulation_000001,Graphite,3.1488392077208824,0.21077897273019103,0.07387875463273907,302.25742507245235
Simulation_000001,Graphite,3.1488392077208824,0.22014692707375508,0.07387875463273907,302.2575822066066
Simulation_000001,Graphite,3.1488392077208824,0.22951488141731913,0.07387875463273907,302.25776834737997
Simulation_000001,Graphite,3.1488392077208824,0.23888283576088318,0.07387875463273907,302.25798540915866
Simulation_000001,Graphite,3.1488392077208824,0.24825079010444723,0.07387875463273907,302.258234388564
Simulation_000001,Graphite,3.1488392077208824,0.2576187444480113,0.07387875463273907,302.2585150523524
Simulation_000001,Graphite,3.1488392077208824,0.2669866987915753,0.07387875463273907,302.2588256355287
Simulation_000001,Graphite,3.1488392077208824,0.2763546531351394,0.07387875463273907,302.25916258257524
Simulation_000001,Graphite,3.1488392077208824,0.2857226074787034,0.07387875463273907,302.2595203699599
Simulation_000001,Graphite,3.1488392077208824,0.2950905618222675,0.07387875463273907,302.2598914496456
Simulation_000001,Graphite,3.1488392077208824,0.3044585161658315,0.07387875463273907,302.26026634950506
Simulation_000001,Graphite,3.1488392077208824,0.31382647050939555,0.07387875463273907,302.26063395611675
Simulation_000001,Graphite,3.1488392077208824,0.3231944248529596,0.07387875463273907,302.26098198809655
Simulation_000001,Graphite,3.1488392077208824,0.33256237919652365,0.07387875463273907,302.2612976450739
Simulation_000001,Graphite,3.1488392077208824,0.3419303335400877,0.07387875463273907,302.2615683914916
Simulation_000001,Graphite,3.1488392077208824,0.35129828788365175,0.07387875463273907,302.2617828099135
Simulation_000001,Graphite,3.1488392077208824,0.3606662422272158,0.07387875463273907,302.2619314404118
Simulation_000001,Graphite,3.1488392077208824,0.37003419657077985,0.07387875463273907,302.2620075152669
Simulation_000001,Graphite,3.1488392077208824,0.3794021509143439,0.07387875463273907,302.2620075041916
Simulation_000001,Graphite,3.1488392077208824,0.38877010525790795,0.07387875463273907,302.26193140454853
Simulation_000001,Graphite,3.1488392077208824,0.39813805960147197,0.07387875463273907,302.2617827408456
Simulation_000001,Graphite,3.1488392077208824,0.40750601394503605,0.07387875463273907,302.2615682734421
Simulation_000001,Graphite,3.1488392077208824,0.41687396828860007,0.07387875463273907,302.26129745202996
Simulation_000001,Graphite,3.1488392077208824,0.42624192263216415,0.07387875463273907,302.2609816792642
Simulation_000001,Graphite,3.1488392077208824,0.43560987697572817,0.07387875463273907,302.26063346913935
Simulation_000001,Graphite,3.1488392077208824,0.44497783131929225,0.07387875463273907,302.260265590658
Simulation_000001,Graphite,3.1488392077208824,0.45434578566285627,0.07387875463273907,302.25989027995155
Simulation_000001,Graphite,3.1488392077208824,0.4637137400064203,0.07387875463273907,302.2595185858545
Simulation_000001,Graphite,3.1488392077208824,0.47308169434998437,0.07387875463273907,302.2591598893865
Simulation_000001,Graphite,3.1488392077208824,0.4824496486935484,0.07387875463273907,302.25882161162326
Simulation_000001,Graphite,3.1488392077208824,0.49181760303711247,0.07387875463273907,302.2585091013555
Simulation_000001,Graphite,3.1488392077208824,0.5011855573806765,0.07387875463273907,302.2582256765982
Simulation_000001,Graphite,3.1488392077208824,0.5105535117242406,0.07387875463273907,302.2579727836033
Simulation_000001,Graphite,3.1488392077208824,0.5199214660678046,0.07387875463273907,302.257750233269
Simulation_000001,Graphite,3.1488392077208824,0.5292894204113686,0.07387875463273907,302.2575564765111
Simulation_000001,Graphite,3.1488392077208824,0.5386573747549327,0.07387875463273907,302.25738888560187
Simulation_000001,Graphite,3.1488392077208824,0.5480253290984968,0.07387875463273907,302.2572440160181
Simulation_000001,Graphite,3.1488392077208824,0.5573932834420607,0.07387875463273907,302.257117831546
Simulation_000001,Graphite,3.1488392077208824,0.5667612377856248,0.07387875463273907,302.25700588320456
Simulation_000001,Graphite,3.1488392077208824,0.5761291921291889,0.07387875463273907,302.2569034393118
Simulation_000001,Graphite,3.1488392077208824,0.585497146472753,0.07387875463273907,302.2568055693723
Simulation_000001,Graphite,3.1488392077208824,0.5948651008163169,0.07387875463273907,302.2567071883396
Simulation_000001,Graphite,3.1488392077208824,0.604233055159881,0.07387875463273907,302.25660307026726
Simulation_000001,Graphite,3.1488392077208824,0.6136010095034451,0.07387875463273907,302.25648784159534
Simulation_000001,Graphite,3.1488392077208824,0.6229689638470091,0.07387875463273907,302.2563559645304
Simulation_000001,Graphite,3.1488392077208824,0.6323369181905731,0.07387875463273907,302.25620172038924
Simulation_000001,Graphite,3.1488392077208824,0.6417048725341372,0.07387875463273907,302.25601920157527
Simulation_000001,Graphite,3.1488392077208824,0.6510728268777013,0.07387875463273907,302.2558023192189
Simulation_000001,Graphite,3.1488392077208824,0.6604407812212653,0.07387875463273907,302.25554483156964
Simulation_000001,Graphite,3.1488392077208824,0.6698087355648293,0.07387875463273907,302.2552403961079
Simulation_000001,Graphite,3.1488392077208824,0.6791766899083934,0.07387875463273907,302.25488264614944
Simulation_000001,Graphite,3.1488392077208824,0.6885446442519574,0.07387875463273907,302.2544652905612
Simulation_000001,Graphite,3.1488392077208824,0.6979125985955215,0.07387875463273907,302.25398223319235
Simulation_000001,Graphite,3.1488392077208824,0.7072805529390855,0.07387875463273907,302.25342770686217
Simulation_000001,Graphite,3.1488392077208824,0.7166485072826496,0.07387875463273907,302.2527964153396
Simulation_000001,Graphite,3.1488392077208824,0.7260164616262136,0.07387875463273907,302.2520836757881
Simulation_000001,Graphite,3.1488392077208824,0.7353844159697777,0.07387875463273907,302.25128555370327
Simulation_000001,Graphite,3.1488392077208824,0.7447523703133417,0.07387875463273907,302.2503989824735
Simulation_000001,Graphite,3.1488392077208824,0.7541203246569057,0.07387875463273907,302.2494218603509
Simulation_000001,Graphite,3.1488392077208824,0.004683977171782023,0.08030299416602073,302.25956457685413
Simulation_000001,Graphite,3.1488392077208824,0.01405193151534607,0.08030299416602073,302.259564678935
Simulation_000001,Graphite,3.1488392077208824,0.023419885858910118,0.08030299416602073,302.2595649011568
Simulation_000001,Graphite,3.1488392077208824,0.03278784020247416,0.08030299416602073,302.2595652819124
Simulation_000001,Graphite,3.1488392077208824,0.04215579454603821,0.08030299416602073,302.25956588461537
Simulation_000001,Graphite,3.1488392077208824,0.05152374888960226,0.08030299416602073,302.2595668050764
Simulation_000001,Graphite,3.1488392077208824,0.060891703233166304,0.08030299416602073,302.25956818195897
Simulation_000001,Graphite,3.1488392077208824,0.07025965757673035,0.08030299416602073,302.25957021078494
Simulation_000001,Graphite,3.1488392077208824,0.0796276119202944,0.08030299416602073,302.25957316199725
Simulation_000001,Graphite,3.1488392077208824,0.08899556626385845,0.08030299416602073,302.25957740354534
Simulation_000001,Graphite,3.1488392077208824,0.0983635206074225,0.08030299416602073,302.25958342832297
Simulation_000001,Graphite,3.1488392077208824,0.10773147495098653,0.08030299416602073,302.2595918865171
Simulation_000001,Graphite,3.1488392077208824,0.11709942929455058,0.08030299416602073,302.2596036224942
Simulation_000001,Graphite,3.1488392077208824,0.12646738363811463,0.08030299416602073,302.2596197152268
Simulation_000001,Graphite,3.1488392077208824,0.13583533798167866,0.08030299416602073,302.2596415204241
Simulation_000001,Graphite,3.1488392077208824,0.1452032923252427,0.08030299416602073,302.25967071148204
Simulation_000001,Graphite,3.1488392077208824,0.15457124666880676,0.08030299416602073,302.25970931512893
Simulation_000001,Graphite,3.1488392077208824,0.1639392010123708,0.08030299416602073,302.2597597362801
Simulation_000001,Graphite,3.1488392077208824,0.17330715535593486,0.08030299416602073,302.259824765239
Simulation_000001,Graphite,3.1488392077208824,0.1826751096994989,0.08030299416602073,302.25990755916354
Simulation_000001,Graphite,3.1488392077208824,0.19204306404306296,0.08030299416602073,302.2600115888848
Simulation_000001,Graphite,3.1488392077208824,0.20141101838662698,0.08030299416602073,302.26014054201045
Simulation_000001,Graphite,3.1488392077208824,0.21077897273019103,0.08030299416602073,302.2602981741034
Simulation_000001,Graphite,3.1488392077208824,0.22014692707375508,0.08030299416602073,302.26048810194186
Simulation_000001,Graphite,3.1488392077208824,0.22951488141731913,0.08030299416602073,302.26071353676883
Simulation_000001,Graphite,3.1488392077208824,0.23888283576088318,0.08030299416602073,302.260976961227
Simulation_000001,Graphite,3.1488392077208824,0.24825079010444723,0.08030299416602073,302.26127976137525
Simulation_000001,Graphite,3.1488392077208824,0.2576187444480113,0.08030299416602073,302.2616218344989
Simulation_000001,Graphite,3.1488392077208824,0.2669866987915753,0.08030299416602073,302.26200120362216
Simulation_000001,Graphite,3.1488392077208824,0.2763546531351394,0.08030299416602073,302.2624136794727
Simulation_000001,Graphite,3.1488392077208824,0.2857226074787034,0.08030299416602073,302.262852618324
Simulation_000001,Graphite,3.1488392077208824,0.2950905618222675,0.08030299416602073,302.26330882743065
Simulation_000001,Graphite,3.1488392077208824,0.3044585161658315,0.08030299416602073,302.2637706663066
Simulation_000001,Graphite,3.1488392077208824,0.31382647050939555,0.08030299416602073,302.26422437995103
Simulation_000001,Graphite,3.1488392077208824,0.3231944248529596,0.08030299416602073,302.2646546785314
Simulation_000001,Graphite,3.1488392077208824,0.33256237919652365,0.08030299416602073,302.2650455481708
Simulation_000001,Graphite,3.1488392077208824,0.3419303335400877,0.08030299416602073,302.2653812429491
Simulation_000001,Graphite,3.1488392077208824,0.35129828788365175,0.08030299416602073,302.26564737482477
Simulation_000001,Graphite,3.1488392077208824,0.3606662422272158,0.08030299416602073,302.26583199288785
Simulation_000001,Graphite,3.1488392077208824,0.37003419657077985,0.08030299416602073,302.26592653241244
Simulation_000001,Graphite,3.1488392077208824,0.3794021509143439,0.08030299416602073,302.2659265213361
Simulation_000001,Graphite,3.1488392077208824,0.38877010525790795,0.08030299416602073,302.265831957021
Simulation_000001,Graphite,3.1488392077208824,0.39813805960147197,0.08030299416602073,302.2656473057502
Simulation_000001,Graphite,3.1488392077208824,0.40750601394503605,0.08030299416602073,302.265381124888
Simulation_000001,Graphite,3.1488392077208824,0.41687396828860007,0.08030299416602073,302.2650453551081
Simulation_000001,Graphite,3.1488392077208824,0.42624192263216415,0.08030299416602073,302.26465436966896
Simulation_000001,Graphite,3.1488392077208824,0.43560987697572817,0.08030299416602073,302.2642238929265
Simulation_000001,Graphite,3.1488392077208824,0.44497783131929225,0.08030299416602073,302.26376990738623
Simulation_000001,Graphite,3.1488392077208824,0.45434578566285627,0.08030299416602073,302.26330765762395
Simulation_000001,Graphite,3.1488392077208824,0.4637137400064203,0.08030299416602073,302.26285083404736
Simulation_000001,Graphite,3.1488392077208824,0.47308169434998437,0.08030299416602073,302.2624109860263
Simulation_000001,Graphite,3.1488392077208824,0.4824496486935484,0.08030299416602073,302.2619971793333
Simulation_000001,Graphite,3.1488392077208824,0.49181760303711247,0.08030299416602073,302.2616158829376
Simulation_000001,Graphite,3.1488392077208824,0.5011855573806765,0.08030299416602073,302.26127104858733
Simulation_000001,Graphite,3.1488392077208824,0.5105535117242406,0.08030299416602073,302.2609643344865
Simulation_000001,Graphite,3.1488392077208824,0.5199214660678046,0.08030299416602073,302.26069542096764
Simulation_000001,Graphite,3.1488392077208824,0.5292894204113686,0.08030299416602073,302.26046236946104
Simulation_000001,Graphite,3.1488392077208824,0.5386573747549327,0.08030299416602073,302.2602619839225
Simulation_000001,Graphite,3.1488392077208824,0.5480253290984968,0.08030299416602073,302.26009014396624
Simulation_000001,Graphite,3.1488392077208824,0.5573932834420607,0.08030299416602073,302.2599420894834
Simulation_000001,Graphite,3.1488392077208824,0.5667612377856248,0.08030299416602073,302.2598126462283
Simulation_000001,Graphite,3.1488392077208824,0.5761291921291889,0.08030299416602073,302.2596963900172
Simulation_000001,Graphite,3.1488392077208824,0.585497146472753,0.08030299416602073,302.2595877534569
Simulation_000001,Graphite,3.1488392077208824,0.5948651008163169,0.08030299416602073,302.2594810835047
Simulation_000001,Graphite,3.1488392077208824,0.604233055159881,0.08030299416602073,302.25937066081974
Simulation_000001,Graphite,3.1488392077208824,0.6136010095034451,0.08030299416602073,302.2592506930607
Simulation_000001,Graphite,3.1488392077208824,0.6229689638470091,0.08030299416602073,302.259115294319
Simulation_000001,Graphite,3.1488392077208824,0.6323369181905731,0.08030299416602073,302.2589584620225
Simulation_000001,Graphite,3.1488392077208824,0.6417048725341372,0.08030299416602073,302.2587740611562
Simulation_000001,Graphite,3.1488392077208824,0.6510728268777013,0.08030299416602073,302.2585558237181
Simulation_000001,Graphite,3.1488392077208824,0.6604407812212653,0.08030299416602073,302.2582973691257
Simulation_000001,Graphite,3.1488392077208824,0.6698087355648293,0.08030299416602073,302.25799224894934
Simulation_000001,Graphite,3.1488392077208824,0.6791766899083934,0.08030299416602073,302.2576340169746
Simulation_000001,Graphite,3.1488392077208824,0.6885446442519574,0.08030299416602073,302.2572163233101
Simulation_000001,Graphite,3.1488392077208824,0.6979125985955215,0.08030299416602073,302.2567330291434
Simulation_000001,Graphite,3.1488392077208824,0.7072805529390855,0.08030299416602073,302.25617833692286
Simulation_000001,Graphite,3.1488392077208824,0.7166485072826496,0.08030299416602073,302.2555469293012
Simulation_000001,Graphite,3.1488392077208824,0.7260164616262136,0.08030299416602073,302.254834109193
Simulation_000001,Graphite,3.1488392077208824,0.7353844159697777,0.08030299416602073,302.25403593285483
Simulation_000001,Graphite,3.1488392077208824,0.7447523703133417,0.08030299416602073,302.25314932801723
Simulation_000001,Graphite,3.1488392077208824,0.7541203246569057,0.08030299416602073,302.2521721897818
Simulation_000001,Graphite,3.1488392077208824,0.004683977171782023,0.0867272336993024,302.2620334952191
Simulation_000001,Graphite,3.1488392077208824,0.01405193151534607,0.0867272336993024,302.26203361519566
Simulation_000001,Graphite,3.1488392077208824,0.023419885858910118,0.0867272336993024,302.2620338764297
Simulation_000001,Graphite,3.1488392077208824,0.03278784020247416,0.0867272336993024,302.2620343241766
Simulation_000001,Graphite,3.1488392077208824,0.04215579454603821,0.0867272336993024,302.26203503322404
Simulation_000001,Graphite,3.1488392077208824,0.05152374888960226,0.0867272336993024,302.26203611664647
Simulation_000001,Graphite,3.1488392077208824,0.060891703233166304,0.0867272336993024,302.26203773823113
Simulation_000001,Graphite,3.1488392077208824,0.07025965757673035,0.0867272336993024,302.2620401291529
Simulation_000001,Graphite,3.1488392077208824,0.0796276119202944,0.0867272336993024,302.2620436095249
Simulation_000001,Graphite,3.1488392077208824,0.08899556626385845,0.0867272336993024,302.26204861541703
Simulation_000001,Graphite,3.1488392077208824,0.0983635206074225,0.0867272336993024,302.26205573178294
Simulation_000001,Graphite,3.1488392077208824,0.10773147495098653,0.0867272336993024,302.2620657314316
Simulation_000001,Graphite,3.1488392077208824,0.11709942929455058,0.0867272336993024,302.26207961968095
Simulation_000001,Graphite,3.1488392077208824,0.12646738363811463,0.0867272336993024,302.26209868360246
Simulation_000001,Graphite,3.1488392077208824,0.13583533798167866,0.0867272336993024,302.26212454377986
Simulation_000001,Graphite,3.1488392077208824,0.1452032923252427,0.0867272336993024,302.26215920525067
Simulation_000001,Graphite,3.1488392077208824,0.15457124666880676,0.0867272336993024,302.26220510280876
Simulation_000001,Graphite,3.1488392077208824,0.1639392010123708,0.0867272336993024,302.2622651341707
Simulation_000001,Graphite,3.1488392077208824,0.17330715535593486,0.0867272336993024,302.2623426727893
Simulation_000001,Graphite,3.1488392077208824,0.1826751096994989,0.0867272336993024,302.26244155050864
Simulation_000001,Graphite,3.1488392077208824,0.19204306404306296,0.0867272336993024,302.262565999083
Simulation_000001,Graphite,3.1488392077208824,0.20141101838662698,0.0867272336993024,302.26272053915415
Simulation_000001,Graphite,3.1488392077208824,0.21077897273019103,0.0867272336993024,302.262909806026
Simulation_000001,Graphite,3.1488392077208824,0.22014692707375508,0.0867272336993024,302.26313830392775
Simulation_000001,Graphite,3.1488392077208824,0.22951488141731913,0.0867272336993024,302.26341008485946
Simulation_000001,Graphite,3.1488392077208824,0.23888283576088318,0.0867272336993024,302.2637283548993
Simulation_000001,Graphite,3.1488392077208824,0.24825079010444723,0.0867272336993024,302.26409502014974
Simulation_000001,Graphite,3.1488392077208824,0.2576187444480113,0.0867272336993024,302.26451019607646
Simulation_000001,Graphite,3.1488392077208824,0.2669866987915753,0.0867272336993024,302.2649717170994
Simulation_000001,Graphite,3.1488392077208824,0.2763546531351394,0.0867272336993024,302.2654746964728
Simulation_000001,Graphite,3.1488392077208824,0.2857226074787034,0.0867272336993024,302.26601119753235
Simulation_000001,Graphite,3.1488392077208824,0.2950905618222675,0.0867272336993024,302.2665700833646
Simulation_000001,Graphite,3.1488392077208824,0.3044585161658315,0.0867272336993024,302.2671371095631
Simulation_000001,Graphite,3.1488392077208824,0.31382647050939555,0.0867272336993024,302.2676953110244
Simulation_000001,Graphite,3.1488392077208824,0.3231944248529596,0.0867272336993024,302.2682257070985
Simulation_000001,Graphite,3.1488392077208824,0.33256237919652365,0.0867272336993024,302.2687083108491
Simulation_000001,Graphite,3.1488392077208824,0.3419303335400877,0.0867272336993024,302.26912338213316
Simulation_000001,Graphite,3.1488392077208824,0.35129828788365175,0.0867272336993024,302.26945281854495
Simulation_000001,Graphite,3.1488392077208824,0.3606662422272158,0.0867272336993024,302.26968154279433
Simulation_000001,Graphite,3.1488392077208824,0.37003419657077985,0.0867272336993024,302.2697987288699
Simulation_000001,Graphite,3.1488392077208824,0.3794021509143439,0.0867272336993024,302.2697987177926
Simulation_000001,Graphite,3.1488392077208824,0.38877010525790795,0.0867272336993024,302.26968150692437
Simulation_000001,Graphite,3.1488392077208824,0.39813805960147197,0.0867272336993024,302.26945274946434
Simulation_000001,Graphite,3.1488392077208824,0.40750601394503605,0.0867272336993024,302.2691232640619
Simulation_000001,Graphite,3.1488392077208824,0.41687396828860007,0.0867272336993024,302.2687081177696
Simulation_000001,Graphite,3.1488392077208824,0.42624192263216415,0.0867272336993024,302.26822539820944
Simulation_000001,Graphite,3.1488392077208824,0.43560987697572817,0.0867272336993024,302.2676948239579
Simulation_000001,Graphite,3.1488392077208824,0.44497783131929225,0.0867272336993024,302.26713635057774
Simulation_000001,Graphite,3.1488392077208824,0.45434578566285627,0.0867272336993024,302.26656891345806
Simulation_000001,Graphite,3.1488392077208824,0.4637137400064203,0.0867272336993024,302.2660094131039
Simulation_000001,Graphite,3.1488392077208824,0.47308169434998437,0.0867272336993024,302.2654720027981
Simulation_000001,Graphite,3.1488392077208824,0.4824496486935484,0.0867272336993024,302.26496769247115
Simulation_000001,Graphite,3.1488392077208824,0.49181760303711247,0.0867272336993024,302.26450424401565
Simulation_000001,Graphite,3.1488392077208824,0.5011855573806765,0.0867272336993024,302.26408630663457
Simulation_000001,Graphite,3.1488392077208824,0.5105535117242406,0.0867272336993024,302.2637157271112
Simulation_000001,Graphite,3.1488392077208824,0.5199214660678046,0.0867272336993024,302.26339196756516
Simulation_000001,Graphite,3.1488392077208824,0.5292894204113686,0.0867272336993024,302.2631125693417
Simulation_000001,Graphite,3.1488392077208824,0.5386573747549327,0.0867272336993024,302.2628736129078
Simulation_000001,Graphite,3.1488392077208824,0.5480253290984968,0.0867272336993024,302.26267013705564
Simulation_000001,Graphite,3.1488392077208824,0.5573932834420607,0.0867272336993024,302.26249649414495
Simulation_000001,Graphite,3.1488392077208824,0.5667612377856248,0.0867272336993024,302.26234663009313
Simulation_000001,Graphite,3.1488392077208824,0.5761291921291889,0.0867272336993024,302.26221428757
Simulation_000001,Graphite,3.1488392077208824,0.585497146472753,0.0867272336993024,302.26209313812944
Simulation_000001,Graphite,3.1488392077208824,0.5948651008163169,0.0867272336993024,302.2619768538982
Simulation_000001,Graphite,3.1488392077208824,0.604233055159881,0.0867272336993024,302.2618591322293
Simulation_000001,Graphite,3.1488392077208824,0.6136010095034451,0.0867272336993024,302.26173368781605
Simulation_000001,Graphite,3.1488392077208824,0.6229689638470091,0.0867272336993024,302.2615942265208
Simulation_000001,Graphite,3.1488392077208824,0.6323369181905731,0.0867272336993024,302.26143441397704
Simulation_000001,Graphite,3.1488392077208824,0.6417048725341372,0.0867272336993024,302.2612478501682
Simulation_000001,Graphite,3.1488392077208824,0.6510728268777013,0.0867272336993024,302.2610280589069
Simulation_000001,Graphite,3.1488392077208824,0.6604407812212653,0.0867272336993024,302.26076849863455
Simulation_000001,Graphite,3.1488392077208824,0.6698087355648293,0.0867272336993024,302.26046259835607
Simulation_000001,Graphite,3.1488392077208824,0.6791766899083934,0.0867272336993024,302.260103819955
Simulation_000001,Graphite,3.1488392077208824,0.6885446442519574,0.0867272336993024,302.25968574569384
Simulation_000001,Graphite,3.1488392077208824,0.6979125985955215,0.0867272336993024,302.2592021874837
Simulation_000001,Graphite,3.1488392077208824,0.7072805529390855,0.0867272336993024,302.25864731261896
Simulation_000001,Graphite,3.1488392077208824,0.7166485072826496,0.0867272336993024,302.25801577918526
Simulation_000001,Graphite,3.1488392077208824,0.7260164616262136,0.0867272336993024,302.25730287335745
Simulation_000001,Graphite,3.1488392077208824,0.7353844159697777,0.0867272336993024,302.2565046403591
Simulation_000001,Graphite,3.1488392077208824,0.7447523703133417,0.0867272336993024,302.25561800099626
Simulation_000001,Graphite,3.1488392077208824,0.7541203246569057,0.0867272336993024,302.2546408463954
Simulation_000001,Graphite,3.1488392077208824,0.004683977171782023,0.09315147323258405,302.26423992757907
Simulation_000001,Graphite,3.1488392077208824,0.01405193151534607,0.09315147323258405,302.26424006782287
Simulation_000001,Graphite,3.1488392077208824,0.023419885858910118,0.09315147323258405,302.26424037325086
Simulation_000001,Graphite,3.1488392077208824,0.03278784020247416,0.09315147323258405,302.2642408969181
Simulation_000001,Graphite,3.1488392077208824,0.04215579454603821,0.09315147323258405,302.26424172654794
Simulation_000001,Graphite,3.1488392077208824,0.05152374888960226,0.09315147323258405,302.26424299486604
Simulation_000001,Graphite,3.1488392077208824,0.060891703233166304,0.09315147323258405,302.264244894288
Simulation_000001,Graphite,3.1488392077208824,0.07025965757673035,0.09315147323258405,302.26424769666465
Simulation_000001,Graphite,3.1488392077208824,0.0796276119202944,0.09315147323258405,302.2642517788561
Simulation_000001,Graphite,3.1488392077208824,0.08899556626385845,0.09315147323258405,302.2642576548799
Simulation_000001,Graphite,3.1488392077208824,0.0983635206074225,0.09315147323258405,302.2642660152151
Simulation_000001,Graphite,3.1488392077208824,0.10773147495098653,0.09315147323258405,302.2642777735034
Simulation_000001,Graphite,3.1488392077208824,0.11709942929455058,0.09315147323258405,302.26429412031973
Simulation_000001,Graphite,3.1488392077208824,0.12646738363811463,0.09315147323258405,302.2643165828455
Simulation_000001,Graphite,3.1488392077208824,0.13583533798167866,0.09315147323258405,302.2643470881179
Simulation_000001,Graphite,3.1488392077208824,0.1452032923252427,0.09315147323258405,302.2643880260557
Simulation_000001,Graphite,3.1488392077208824,0.15457124666880676,0.09315147323258405,302.2644423066665
Simulation_000001,Graphite,3.1488392077208824,0.1639392010123708,0.09315147323258405,302.26451340381465
Simulation_000001,Graphite,3.1488392077208824,0.17330715535593486,0.09315147323258405,302.2646053757823
Simulation_000001,Graphite,3.1488392077208824,0.1826751096994989,0.09315147323258405,302.2647228508267
Simulation_000001,Graphite,3.1488392077208824,0.19204306404306296,0.09315147323258405,302.2648709643047
Simulation_000001,Graphite,3.1488392077208824,0.20141101838662698,0.09315147323258405,302.2650552331375
Simulation_000001,Graphite,3.1488392077208824,0.21077897273019103,0.09315147323258405,302.2652813538926
Simulation_000001,Graphite,3.1488392077208824,0.22014692707375508,0.09315147323258405,302.2655549131555
Simulation_000001,Graphite,3.1488392077208824,0.22951488141731913,0.09315147323258405,302.26588100371384
Simulation_000001,Graphite,3.1488392077208824,0.23888283576088318,0.09315147323258405,302.26626374789345
Simulation_000001,Graphite,3.1488392077208824,0.24825079010444723,0.09315147323258405,302.2667057404592
Simulation_000001,Graphite,3.1488392077208824,0.2576187444480113,0.09315147323258405,302.2672074377353
Simulation_000001,Graphite,3.1488392077208824,0.2669866987915753,0.09315147323258405,302.2677665362649
Simulation_000001,Graphite,3.1488392077208824,0.2763546531351394,0.09315147323258405,302.26837740183754
Simulation_000001,Graphite,3.1488392077208824,0.2857226074787034,0.09315147323258405,302.26903062536627
Simulation_000001,Graphite,3.1488392077208824,0.2950905618222675,0.09315147323258405,302.2697127921399
Simulation_000001,Graphite,3.1488392077208824,0.3044585161658315,0.09315147323258405,302.2704065508423
Simulation_000001,Graphite,3.1488392077208824,0.31382647050939555,0.09315147323258405,302.27109105395226
Simulation_000001,Graphite,3.1488392077208824,0.3231944248529596,0.09315147323258405,302.27174280875624
Simulation_000001,Graphite,3.1488392077208824,0.33256237919652365,0.09315147323258405,302.2723369286222
Simulation_000001,Graphite,3.1488392077208824,0.3419303335400877,0.09315147323258405,302.2728487127642
Simulation_000001,Graphite,3.1488392077208824,0.35129828788365175,0.09315147323258405,302.2732554200648
Simulation_000001,Graphite,3.1488392077208824,0.3606662422272158,0.09315147323258405,302.27353805258696
Simulation_000001,Graphite,3.1488392077208824,0.37003419657077985,0.09315147323258405,302.27368294041105
Simulation_000001,Graphite,3.1488392077208824,0.3794021509143439,0.09315147323258405,302.27368292933284
Simulation_000001,Graphite,3.1488392077208824,0.38877010525790795,0.09315147323258405,302.27353801671427
Simulation_000001,Graphite,3.1488392077208824,0.39813805960147197,0.09315147323258405,302.2732553509789
Simulation_000001,Graphite,3.1488392077208824,0.40750601394503605,0.09315147323258405,302.2728485946839
Simulation_000001,Graphite,3.1488392077208824,0.41687396828860007,0.09315147323258405,302.2723367355281
Simulation_000001,Graphite,3.1488392077208824,0.42624192263216415,0.09315147323258405,302.27174249984375
Simulation_000001,Graphite,3.1488392077208824,0.43560987697572817,0.09315147323258405,302.2710905668489
Simulation_000001,Graphite,3.1488392077208824,0.44497783131929225,0.09315147323258405,302.2704057917995
Simulation_000001,Graphite,3.1488392077208824,0.45434578566285627,0.09315147323258405,302.2697116221452
Simulation_000001,Graphite,3.1488392077208824,0.4637137400064203,0.09315147323258405,302.2690288408039
Simulation_000001,Graphite,3.1488392077208824,0.47308169434998437,0.09315147323258405,302.26837470796175
Simulation_000001,Graphite,3.1488392077208824,0.4824496486935484,0.09315147323258405,302.26776251133765
Simulation_000001,Graphite,3.1488392077208824,0.49181760303711247,0.09315147323258405,302.26720148523475
Simulation_000001,Graphite,3.1488392077208824,0.5011855573806765,0.09315147323258405,302.2666970263041
Simulation_000001,Graphite,3.1488392077208824,0.5105535117242406,0.09315147323258405,302.2662511191842
Simulation_000001,Graphite,3.1488392077208824,0.5199214660678046,0.09315147323258405,302.2658628851076
Simulation_000001,Graphite,3.1488392077208824,0.5292894204113686,0.09315147323258405,302.26552917672063
Simulation_000001,Graphite,3.1488392077208824,0.5386573747549327,0.09315147323258405,302.2652451581972
Simulation_000001,Graphite,3.1488392077208824,0.5480253290984968,0.09315147323258405,302.2650048274848
Simulation_000001,Graphite,3.1488392077208824,0.5573932834420607,0.09315147323258405,302.26480145451774
Simulation_000001,Graphite,3.1488392077208824,0.5667612377856248,0.09315147323258405,302.26462792386724
Simulation_000001,Graphite,3.1488392077208824,0.5761291921291889,0.09315147323258405,302.2644769818269
Simulation_000001,Graphite,3.1488392077208824,0.585497146472753,0.09315147323258405,302.2643413962378
Simulation_000001,Graphite,3.1488392077208824,0.5948651008163169,0.09315147323258405,302.26421404269104
Simulation_000001,Graphite,3.1488392077208824,0.604233055159881,0.09315147323258405,302.26408793357774
Simulation_000001,Graphite,3.1488392077208824,0.6136010095034451,0.09315147323258405,302.26395620730693
Simulation_000001,Graphite,3.1488392077208824,0.6229689638470091,0.09315147323258405,302.2638120943922
Simulation_000001,Graphite,3.1488392077208824,0.6323369181905731,0.09315147323258405,302.26364887546333
Simulation_000001,Graphite,3.1488392077208824,0.6417048725341372,0.09315147323258405,302.2634598439494
Simulation_000001,Graphite,3.1488392077208824,0.6510728268777013,0.09315147323258405,302.26323828349115
Simulation_000001,Graphite,3.1488392077208824,0.6604407812212653,0.09315147323258405,302.2629774672625
Simulation_000001,Graphite,3.1488392077208824,0.6698087355648293,0.09315147323258405,302.262670683494
Simulation_000001,Graphite,3.1488392077208824,0.6791766899083934,0.09315147323258405,302.2623112886839
Simulation_000001,Graphite,3.1488392077208824,0.6885446442519574,0.09315147323258405,302.2618927873752
Simulation_000001,Graphite,3.1488392077208824,0.6979125985955215,0.09315147323258405,302.2614089350436
Simulation_000001,Graphite,3.1488392077208824,0.7072805529390855,0.09315147323258405,302.260853858679
Simulation_000001,Graphite,3.1488392077208824,0.7166485072826496,0.09315147323258405,302.26022218811505
Simulation_000001,Graphite,3.1488392077208824,0.7260164616262136,0.09315147323258405,302.25950919016185
Simulation_000001,Graphite,3.1488392077208824,0.7353844159697777,0.09315147323258405,302.2587108971564
Simulation_000001,Graphite,3.1488392077208824,0.7447523703133417,0.09315147323258405,302.25782422170636
Simulation_000001,Graphite,3.1488392077208824,0.7541203246569057,0.09315147323258405,302.256847050156
Simulation_000001,Graphite,3.1488392077208824,0.004683977171782023,0.09957571276586571,302.2662031201636
Simulation_000001,Graphite,3.1488392077208824,0.01405193151534607,0.09957571276586571,302.2662032831826
Simulation_000001,Graphite,3.1488392077208824,0.023419885858910118,0.09957571276586571,302.2662036382863
Simulation_000001,Graphite,3.1488392077208824,0.03278784020247416,0.09957571276586571,302.2662042473262
Simulation_000001,Graphite,3.1488392077208824,0.04215579454603821,0.09957571276586571,302.26620521262396
Simulation_000001,Graphite,3.1488392077208824,0.05152374888960226,0.09957571276586571,302.26620668910203
Simulation_000001,Graphite,3.1488392077208824,0.060891703233166304,0.09957571276586571,302.2662089015474
Simulation_000001,Graphite,3.1488392077208824,0.07025965757673035,0.09957571276586571,302.26621216786185
Simulation_000001,Graphite,3.1488392077208824,0.0796276119202944,0.09957571276586571,302.266216929243
Simulation_000001,Graphite,3.1488392077208824,0.08899556626385845,0.09957571276586571,302.26622378822367
Simulation_000001,Graphite,3.1488392077208824,0.0983635206074225,0.09957571276586571,302.26623355532894
Simulation_000001,Graphite,3.1488392077208824,0.10773147495098653,0.09957571276586571,302.2662473047327
Simulation_000001,Graphite,3.1488392077208824,0.11709942929455058,0.09957571276586571,302.2662664386545
Simulation_000001,Graphite,3.1488392077208824,0.12646738363811463,0.09957571276586571,302.2662927592735
Simulation_000001,Graphite,3.1488392077208824,0.13583533798167866,0.09957571276586571,302.26632854559773
Simulation_000001,Graphite,3.1488392077208824,0.1452032923252427,0.09957571276586571,302.26637663099507
Simulation_000001,Graphite,3.1488392077208824,0.15457124666880676,0.09957571276586571,302.2664404749655
Simulation_000001,Graphite,3.1488392077208824,0.1639392010123708,0.09957571276586571,302.2665242202898
Simulation_000001,Graphite,3.1488392077208824,0.17330715535593486,0.09957571276586571,302.26663272405136
Simulation_000001,Graphite,3.1488392077208824,0.1826751096994989,0.09957571276586571,302.26677154844646
Simulation_000001,Graphite,3.1488392077208824,0.19204306404306296,0.09957571276586571,302.2669468951006
Simulation_000001,Graphite,3.1488392077208824,0.20141101838662698,0.09957571276586571,302.26716546528036
Simulation_000001,Graphite,3.1488392077208824,0.21077897273019103,0.09957571276586571,302.26743422851126
Simulation_000001,Graphite,3.1488392077208824,0.22014692707375508,0.09957571276586571,302.26776008439316
Simulation_000001,Graphite,3.1488392077208824,0.22951488141731913,0.09957571276586571,302.2681494075853
Simulation_000001,Graphite,3.1488392077208824,0.23888283576088318,0.09957571276586571,302.2686074747546
Simulation_000001,Graphite,3.1488392077208824,0.24825079010444723,0.09957571276586571,302.2691377852605
Simulation_000001,Graphite,3.1488392077208824,0.2576187444480113,0.09957571276586571,302.26974130462725
Simulation_000001,Graphite,3.1488392077208824,0.2669866987915753,0.09957571276586571,302.27041568083996
Simulation_000001,Graphite,3.1488392077208824,0.2763546531351394,0.09957571276586571,302.27115450650643
Simulation_000001,Graphite,3.1488392077208824,0.2857226074787034,0.09957571276586571,302.27194672184396
Simulation_000001,Graphite,3.1488392077208824,0.2950905618222675,0.09957571276586571,302.2727762694921
Simulation_000001,Graphite,3.1488392077208824,0.3044585161658315,0.09957571276586571,302.2736221161391
Simulation_000001,Graphite,3.1488392077208824,0.31382647050939555,0.09957571276586571,302.2744587412212
Simulation_000001,Graphite,3.1488392077208824,0.3231944248529596,0.09957571276586571,302.27525715435235
Simulation_000001,Graphite,3.1488392077208824,0.33256237919652365,0.09957571276586571,302.27598643976427
Simulation_000001,Graphite,3.1488392077208824,0.3419303335400877,0.09957571276586571,302.2766157440459
Simulation_000001,Graphite,3.1488392077208824,0.35129828788365175,0.09957571276586571,302.27711653712794
Simulation_000001,Graphite,3.1488392077208824,0.3606662422272158,0.09957571276586571,302.2774649057969
Simulation_000001,Graphite,3.1488392077208824,0.37003419657077985,0.09957571276586571,302.27764360359976
Simulation_000001,Graphite,3.1488392077208824,0.3794021509143439,0.09957571276586571,302.27764359252086
Simulation_000001,Graphite,3.1488392077208824,0.38877010525790795,0.09957571276586571,302.27746486992174
Simulation_000001,Graphite,3.1488392077208824,0.39813805960147197,0.09957571276586571,302.27711646803743
Simulation_000001,Graphite,3.1488392077208824,0.40750601394503605,0.09957571276586571,302.2766156259577
Simulation_000001,Graphite,3.1488392077208824,0.41687396828860007,0.09957571276586571,302.27598624665717
Simulation_000001,Graphite,3.1488392077208824,0.42624192263216415,0.09957571276586571,302.2752568454192
Simulation_000001,Graphite,3.1488392077208824,0.43560987697572817,0.09957571276586571,302.2744582540854
Simulation_000001,Graphite,3.1488392077208824,0.44497783131929225,0.09957571276586571,302.2736213570459
Simulation_000001,Graphite,3.1488392077208824,0.45434578566285627,0.09957571276586571,302.2727750994201
Simulation_000001,Graphite,3.1488392077208824,0.4637137400064203,0.09957571276586571,302.27194493716416
Simulation_000001,Graphite,3.1488392077208824,0.47308169434998437,0.09957571276586571,302.27115181245415
Simulation_000001,Graphite,3.1488392077208824,0.4824496486935484,0.09957571276586571,302.27041165565055
Simulation_000001,Graphite,3.1488392077208824,0.49181760303711247,0.09957571276586571,302.2697353517415
Simulation_000001,Graphite,3.1488392077208824,0.5011855573806765,0.09957571276586571,302.26912907054503
Simulation_000001,Graphite,3.1488392077208824,0.5105535117242406,0.09957571276586571,302.26859484523925
Simulation_000001,Graphite,3.1488392077208824,0.5199214660678046,0.09957571276586571,302.26813128783175
Simulation_000001,Graphite,3.1488392077208824,0.5292894204113686,0.09957571276586571,302.2677343463431
Simulation_000001,Graphite,3.1488392077208824,0.5386573747549327,0.09957571276586571,302.26739803056614
Simulation_000001,Graphite,3.1488392077208824,0.5480253290984968,0.09957571276586571,302.2671150565278
Simulation_000001,Graphite,3.1488392077208824,0.5573932834420607,0.09957571276586571,302.26687738108893
Simulation_000001,Graphite,3.1488392077208824,0.5667612377856248,0.09957571276586571,302.2666766157914
Simulation_000001,Graphite,3.1488392077208824,0.5761291921291889,0.09957571276586571,302.2665043225014
Simulation_000001,Graphite,3.1488392077208824,0.585497146472753,0.09957571276586571,302.2663522026976
Simulation_000001,Graphite,3.1488392077208824,0.5948651008163169,0.09957571276586571,302.2662121979283
Simulation_000001,Graphite,3.1488392077208824,0.604233055159881,0.09957571276586571,302.2660765216729
Simulation_000001,Graphite,3.1488392077208824,0.6136010095034451,0.09957571276586571,302.26593764331045
Simulation_000001,Graphite,3.1488392077208824,0.6229689638470091,0.09957571276586571,302.26578824375173
Simulation_000001,Graphite,3.1488392077208824,0.6323369181905731,0.09957571276586571,302.2656211600779
Simulation_000001,Graphite,3.1488392077208824,0.6417048725341372,0.09957571276586571,302.2654293336697
Simulation_000001,Graphite,3.1488392077208824,0.6510728268777013,0.09957571276586571,302.265205773124
Simulation_000001,Graphite,3.1488392077208824,0.6604407812212653,0.09957571276586571,302.2649435399697
Simulation_000001,Graphite,3.1488392077208824,0.6698087355648293,0.09957571276586571,302.2646357619595
Simulation_000001,Graphite,3.1488392077208824,0.6791766899083934,0.09957571276586571,302.26427567566384
Simulation_000001,Graphite,3.1488392077208824,0.6885446442519574,0.09957571276586571,302.2638566972924
Simulation_000001,Graphite,3.1488392077208824,0.6979125985955215,0.09957571276586571,302.26337251821826
Simulation_000001,Graphite,3.1488392077208824,0.7072805529390855,0.09957571276586571,302.2628172196354
Simulation_000001,Graphite,3.1488392077208824,0.7166485072826496,0.09957571276586571,302.2621853992234
Simulation_000001,Graphite,3.1488392077208824,0.7260164616262136,0.09957571276586571,302.2614723016764
Simulation_000001,Graphite,3.1488392077208824,0.7353844159697777,0.09957571276586571,302.2606739445293
Simulation_000001,Graphite,3.1488392077208824,0.7447523703133417,0.09957571276586571,302.25978723089946
Simulation_000001,Graphite,3.1488392077208824,0.7541203246569057,0.09957571276586571,302.25881004154627
Simulation_000001,Graphite,3.1488392077208824,0.004683977171782023,0.10599995229914737,302.26794213570525
Simulation_000001,Graphite,3.1488392077208824,0.01405193151534607,0.10599995229914737,302.26794232411964
Simulation_000001,Graphite,3.1488392077208824,0.023419885858910118,0.10599995229914737,302.2679427346291
Simulation_000001,Graphite,3.1488392077208824,0.03278784020247416,0.10599995229914737,302.26794343892885
Simulation_000001,Graphite,3.1488392077208824,0.04215579454603821,0.10599995229914737,302.2679445556887
Simulation_000001,Graphite,3.1488392077208824,0.05152374888960226,0.10599995229914737,302.26794626470996
Simulation_000001,Graphite,3.1488392077208824,0.060891703233166304,0.10599995229914737,302.2679488271019
Simulation_000001,Graphite,3.1488392077208824,0.07025965757673035,0.10599995229914737,302.26795261250373
Simulation_000001,Graphite,3.1488392077208824,0.0796276119202944,0.10599995229914737,302.2679581344985
Simulation_000001,Graphite,3.1488392077208824,0.08899556626385845,0.10599995229914737,302.2679660953685
Simulation_000001,Graphite,3.1488392077208824,0.0983635206074225,0.10599995229914737,302.26797744116766
Simulation_000001,Graphite,3.1488392077208824,0.10773147495098653,0.10599995229914737,302.2679934276768
Simulation_000001,Graphite,3.1488392077208824,0.11709942929455058,0.10599995229914737,302.2680156970923
Simulation_000001,Graphite,3.1488392077208824,0.12646738363811463,0.10599995229914737,302.268046364206
Simulation_000001,Graphite,3.1488392077208824,0.13583533798167866,0.10599995229914737,302.26808810929725
Simulation_000001,Graphite,3.1488392077208824,0.1452032923252427,0.10599995229914737,302.26814427294744
Simulation_000001,Graphite,3.1488392077208824,0.15457124666880676,0.10599995229914737,302.26821894548664
Simulation_000001,Graphite,3.1488392077208824,0.1639392010123708,0.10599995229914737,302.268317040861
Simulation_000001,Graphite,3.1488392077208824,0.17330715535593486,0.10599995229914737,302.2684443414993
Simulation_000001,Graphite,3.1488392077208824,0.1826751096994989,0.10599995229914737,302.2686074975134
Simulation_000001,Graphite,3.1488392077208824,0.19204306404306296,0.10599995229914737,302.26881396065977
Simulation_000001,Graphite,3.1488392077208824,0.20141101838662698,0.10599995229914737,302.2690718314614
Simulation_000001,Graphite,3.1488392077208824,0.21077897273019103,0.10599995229914737,302.26938959742085
Simulation_000001,Graphite,3.1488392077208824,0.22014692707375508,0.10599995229914737,302.26977574220075
Simulation_000001,Graphite,3.1488392077208824,0.22951488141731913,0.10599995229914737,302.2702382109678
Simulation_000001,Graphite,3.1488392077208824,0.23888283576088318,0.10599995229914737,302.27078372678244
Simulation_000001,Graphite,3.1488392077208824,0.24825079010444723,0.10599995229914737,302.2714169678411
Simulation_000001,Graphite,3.1488392077208824,0.2576187444480113,0.10599995229914737,302.2721396360201
Simulation_000001,Graphite,3.1488392077208824,0.2669866987915753,0.10599995229914737,302.2729494732391
Simulation_000001,Graphite,3.1488392077208824,0.2763546531351394,0.10599995229914737,302.27383931206356
Simulation_000001,Graphite,3.1488392077208824,0.2857226074787034,0.10599995229914737,302.2747962772189
Simulation_000001,Graphite,3.1488392077208824,0.2950905618222675,0.10599995229914737,302.27580127942707
Simulation_000001,Graphite,3.1488392077208824,0.3044585161658315,0.10599995229914737,302.2768289539215
Simulation_000001,Graphite,3.1488392077208824,0.31382647050939555,0.10599995229914737,302.2778481834385
Simulation_000001,Graphite,3.1488392077208824,0.3231944248529596,0.10599995229914737,302.2788233007554
Simulation_000001,Graphite,3.1488392077208824,0.33256237919652365,0.10599995229914737,302.2797159854993
Simulation_000001,Graphite,3.1488392077208824,0.3419303335400877,0.10599995229914737,302.28048776043
Simulation_000001,Graphite,3.1488392077208824,0.35129828788365175,0.10599995229914737,302.28110287282266
Simulation_000001,Graphite,3.1488392077208824,0.3606662422272158,0.10599995229914737,302.28153124594644
Simulation_000001,Graphite,3.1488392077208824,0.37003419657077985,0.10599995229914737,302.2817511333659
Simulation_000001,Graphite,3.1488392077208824,0.3794021509143439,0.10599995229914737,302.2817511222863
Simulation_000001,Graphite,3.1488392077208824,0.38877010525790795,0.10599995229914737,302.2815312100692
Simulation_000001,Graphite,3.1488392077208824,0.39813805960147197,0.10599995229914737,302.28110280372806
Simulation_000001,Graphite,3.1488392077208824,0.40750601394503605,0.10599995229914737,302.2804876423348
Simulation_000001,Graphite,3.1488392077208824,0.41687396828860007,0.10599995229914737,302.2797157923809
Simulation_000001,Graphite,3.1488392077208824,0.42624192263216415,0.10599995229914737,302.27882299180425
Simulation_000001,Graphite,3.1488392077208824,0.43560987697572817,0.10599995229914737,302.2778476962743
Simulation_000001,Graphite,3.1488392077208824,0.44497783131929225,0.10599995229914737,302.27682819478434
Simulation_000001,Graphite,3.1488392077208824,0.45434578566285627,0.10599995229914737,302.27580010928745
Simulation_000001,Graphite,3.1488392077208824,0.4637137400064203,0.10599995229914737,302.27479449243657
Simulation_000001,Graphite,3.1488392077208824,0.47308169434998437,0.10599995229914737,302.2738366178574
Simulation_000001,Graphite,3.1488392077208824,0.4824496486935484,0.10599995229914737,302.27294544782114
Simulation_000001,Graphite,3.1488392077208824,0.49181760303711247,0.10599995229914737,302.2721336827984
Simulation_000001,Graphite,3.1488392077208824,0.5011855573806765,0.10599995229914737,302.2714082526376
Simulation_000001,Graphite,3.1488392077208824,0.5105535117242406,0.10599995229914737,302.2707710965654
Simulation_000001,Graphite,3.1488392077208824,0.5199214660678046,0.10599995229914737,302.27022009021636
Simulation_000001,Graphite,3.1488392077208824,0.5292894204113686,0.10599995229914737,302.2697500027467
Simulation_000001,Graphite,3.1488392077208824,0.5386573747549327,0.10599995229914737,302.26935339752185
Simulation_000001,Graphite,3.1488392077208824,0.5480253290984968,0.10599995229914737,302.2690214200193
Simulation_000001,Graphite,3.1488392077208824,0.5573932834420607,0.10599995229914737,302.26874444298596
Simulation_000001,Graphite,3.1488392077208824,0.5667612377856248,0.10599995229914737,302.26851255992676
Simulation_000001,Graphite,3.1488392077208824,0.5761291921291889,0.10599995229914737,302.268315933381
Simulation_000001,Graphite,3.1488392077208824,0.585497146472753,0.10599995229914737,302.2681450146178
Simulation_000001,Graphite,3.1488392077208824,0.5948651008163169,0.10599995229914737,302.2679906571826
Simulation_000001,Graphite,3.1488392077208824,0.604233055159881,0.10599995229914737,302.2678441491172
Simulation_000001,Graphite,3.1488392077208824,0.6136010095034451,0.10599995229914737,302.2676971885413
Simulation_000001,Graphite,3.1488392077208824,0.6229689638470091,0.10599995229914737,302.26754182544556
Simulation_000001,Graphite,3.1488392077208824,0.6323369181905731,0.10599995229914737,302.2673703896181
Simulation_000001,Graphite,3.1488392077208824,0.6417048725341372,0.10599995229914737,302.26717542110725
Simulation_000001,Graphite,3.1488392077208824,0.6510728268777013,0.10599995229914737,302.26694961586423
Simulation_000001,Graphite,3.1488392077208824,0.6604407812212653,0.10599995229914737,302.26668579544435
Simulation_000001,Graphite,3.1488392077208824,0.6698087355648293,0.10599995229914737,302.2663769060411
Simulation_000001,Graphite,3.1488392077208824,0.6791766899083934,0.10599995229914737,302.2660160487909
Simulation_000001,Graphite,3.1488392077208824,0.6885446442519574,0.10599995229914737,302.2655965402913
Simulation_000001,Graphite,3.1488392077208824,0.6979125985955215,0.10599995229914737,302.2651119996927
Simulation_000001,Graphite,3.1488392077208824,0.7072805529390855,0.10599995229914737,302.2645564566037
Simulation_000001,Graphite,3.1488392077208824,0.7166485072826496,0.10599995229914737,302.26392447245826
Simulation_000001,Graphite,3.1488392077208824,0.7260164616262136,0.10599995229914737,302.26321126697195
Simulation_000001,Graphite,3.1488392077208824,0.7353844159697777,0.10599995229914737,302.2624128409068
Simulation_000001,Graphite,3.1488392077208824,0.7447523703133417,0.10599995229914737,302.26152608657657
Simulation_000001,Graphite,3.1488392077208824,0.7541203246569057,0.10599995229914737,302.2605488783518
Simulation_000001,Graphite,3.1488392077208824,0.004683977171782023,0.11242419183242902,302.26947566855017
Simulation_000001,Graphite,3.1488392077208824,0.01405193151534607,0.11242419183242902,302.2694758850615
Simulation_000001,Graphite,3.1488392077208824,0.023419885858910118,0.11242419183242902,302.26947635688686
Simulation_000001,Graphite,3.1488392077208824,0.03278784020247416,0.11242419183242902,302.269477166652
Simulation_000001,Graphite,3.1488392077208824,0.04215579454603821,0.11242419183242902,302.26947845119196
Simulation_000001,Graphite,3.1488392077208824,0.05152374888960226,0.11242419183242902,302.2694804179766
Simulation_000001,Graphite,3.1488392077208824,0.060891703233166304,0.11242419183242902,302.26948336855475
Simulation_000001,Graphite,3.1488392077208824,0.07025965757673035,0.11242419183242902,302.26948773024105
Simulation_000001,Graphite,3.1488392077208824,0.0796276119202944,0.11242419183242902,302.26949409742934
Simulation_000001,Graphite,3.1488392077208824,0.08899556626385845,0.11242419183242902,302.2695032839452
Simulation_000001,Graphite,3.1488392077208824,0.0983635206074225,0.11242419183242902,302.2695163876749
Simulation_000001,Graphite,3.1488392077208824,0.10773147495098653,0.11242419183242902,302.2695348682752
Simulation_000001,Graphite,3.1488392077208824,0.11709942929455058,0.11242419183242902,302.26956063797326
Simulation_000001,Graphite,3.1488392077208824,0.12646738363811463,0.11242419183242902,302.2695961642469
Simulation_000001,Graphite,3.1488392077208824,0.13583533798167866,0.11242419183242902,302.26964458142373
Simulation_000001,Graphite,3.1488392077208824,0.1452032923252427,0.11242419183242902,302.26970980593063
Simulation_000001,Graphite,3.1488392077208824,0.15457124666880676,0.11242419183242902,302.2697966470085
Simulation_000001,Graphite,3.1488392077208824,0.1639392010123708,0.11242419183242902,302.2699109012565
Simulation_000001,Graphite,3.1488392077208824,0.17330715535593486,0.11242419183242902,302.27005941549965
Simulation_000001,Graphite,3.1488392077208824,0.1826751096994989,0.11242419183242902,302.27025009845
Simulation_000001,Graphite,3.1488392077208824,0.19204306404306296,0.11242419183242902,302.27049185785773
Simulation_000001,Graphite,3.1488392077208824,0.20141101838662698,0.11242419183242902,302.2707944369078
Simulation_000001,Graphite,3.1488392077208824,0.21077897273019103,0.11242419183242902,302.2711681223076
Simulation_000001,Graphite,3.1488392077208824,0.22014692707375508,0.11242419183242902,302.2716232978243
Simulation_000001,Graphite,3.1488392077208824,0.22951488141731913,0.11242419183242902,302.27216982217385
Simulation_000001,Graphite,3.1488392077208824,0.23888283576088318,0.11242419183242902,302.27281622045234
Simulation_000001,Graphite,3.1488392077208824,0.24825079010444723,0.11242419183242902,302.27356869504473
Simulation_000001,Graphite,3.1488392077208824,0.2576187444480113,0.11242419183242902,302.27442998614595
Simulation_000001,Graphite,3.1488392077208824,0.2669866987915753,0.11242419183242902,302.2753981439118
Simulation_000001,Graphite,3.1488392077208824,0.2763546531351394,0.11242419183242902,302.2764653125988
Simulation_000001,Graphite,3.1488392077208824,0.2857226074787034,0.11242419183242902,302.2776166682205
Simulation_000001,Graphite,3.1488392077208824,0.2950905618222675,0.11242419183242902,302.2788296883158
Simulation_000001,Graphite,3.1488392077208824,0.3044585161658315,0.11242419183242902,302.2800739545829
Simulation_000001,Graphite,3.1488392077208824,0.31382647050939555,0.11242419183242902,302.2813116824531
Simulation_000001,Graphite,3.1488392077208824,0.3231944248529596,0.11242419183242902,302.2824991221024
Simulation_000001,Graphite,3.1488392077208824,0.33256237919652365,0.11242419183242902,302.283588874701
Simulation_000001,Graphite,3.1488392077208824,0.3419303335400877,0.11242419183242902,302.2845330214152
Simulation_000001,Graphite,3.1488392077208824,0.35129828788365175,0.11242419183242902,302.28528679604324
Simulation_000001,Graphite,3.1488392077208824,0.3606662422272158,0.11242419183242902,302.2858123877057
Simulation_000001,Graphite,3.1488392077208824,0.37003419657077985,0.11242419183242902,302.28608238279287
Simulation_000001,Graphite,3.1488392077208824,0.3794021509143439,0.11242419183242902,302.2860823717128
Simulation_000001,Graphite,3.1488392077208824,0.38877010525790795,0.11242419183242902,302.2858123518266
Simulation_000001,Graphite,3.1488392077208824,0.39813805960147197,0.11242419183242902,302.285286726945
Simulation_000001,Graphite,3.1488392077208824,0.40750601394503605,0.11242419183242902,302.28453290331396
Simulation_000001,Graphite,3.1488392077208824,0.41687396828860007,0.11242419183242902,302.2835886815728
Simulation_000001,Graphite,3.1488392077208824,0.42624192263216415,0.11242419183242902,302.28249881313553
Simulation_000001,Graphite,3.1488392077208824,0.43560987697572817,0.11242419183242902,302.2813111952642
Simulation_000001,Graphite,3.1488392077208824,0.44497783131929225,0.11242419183242902,302.2800731954074
Simulation_000001,Graphite,3.1488392077208824,0.45434578566285627,0.11242419183242902,302.2788285181175
Simulation_000001,Graphite,3.1488392077208824,0.4637137400064203,0.11242419183242902,302.2776148833491
Simulation_000001,Graphite,3.1488392077208824,0.47308169434998437,0.11242419183242902,302.2764626182591
Simulation_000001,Graphite,3.1488392077208824,0.4824496486935484,0.11242419183242902,302.27539411829554
Simulation_000001,Graphite,3.1488392077208824,0.49181760303711247,0.11242419183242902,302.2744240326331
Simulation_000001,Graphite,3.1488392077208824,0.5011855573806765,0.11242419183242902,302.2735599794183
Simulation_000001,Graphite,3.1488392077208824,0.5105535117242406,0.11242419183242902,302.27280358962753
Simulation_000001,Graphite,3.1488392077208824,0.5199214660678046,0.11242419183242902,302.2721517005587
Simulation_000001,Graphite,3.1488392077208824,0.5292894204113686,0.11242419183242902,302.2715975571561
Simulation_000001,Graphite,3.1488392077208824,0.5386573747549327,0.11242419183242902,302.27113192072034
Simulation_000001,Graphite,3.1488392077208824,0.5480253290984968,0.11242419183242902,302.2707440231439
Simulation_000001,Graphite,3.1488392077208824,0.5573932834420607,0.11242419183242902,302.27042233702576
Simulation_000001,Graphite,3.1488392077208824,0.5667612377856248,0.11242419183242902,302.2701551566149
Simulation_000001,Graphite,3.1488392077208824,0.5761291921291889,0.11242419183242902,302.2699310017298
Simulation_000001,Graphite,3.1488392077208824,0.585497146472753,0.11242419183242902,302.2697388675791
Simulation_000001,Graphite,3.1488392077208824,0.5948651008163169,0.11242419183242902,302.2695683490354
Simulation_000001,Graphite,3.1488392077208824,0.604233055159881,0.11242419183242902,302.26940966966777
Simulation_000001,Graphite,3.1488392077208824,0.6136010095034451,0.11242419183242902,302.26925364486556
Simulation_000001,Graphite,3.1488392077208824,0.6229689638470091,0.11242419183242902,302.26909160563525
Simulation_000001,Graphite,3.1488392077208824,0.6323369181905731,0.11242419183242902,302.2689153058556
Simulation_000001,Graphite,3.1488392077208824,0.6417048725341372,0.11242419183242902,302.2687168314791
Simulation_000001,Graphite,3.1488392077208824,0.6510728268777013,0.11242419183242902,302.26848852574636
Simulation_000001,Graphite,3.1488392077208824,0.6604407812212653,0.11242419183242902,302.2682229401866
Simulation_000001,Graphite,3.1488392077208824,0.6698087355648293,0.11242419183242902,302.2679128171558
Simulation_000001,Graphite,3.1488392077208824,0.6791766899083934,0.11242419183242902,302.2675511060286
Simulation_000001,Graphite,3.1488392077208824,0.6885446442519574,0.11242419183242902,302.26713101195503
Simulation_000001,Graphite,3.1488392077208824,0.6979125985955215,0.11242419183242902,302.26664607337204
Simulation_000001,Graphite,3.1488392077208824,0.7072805529390855,0.11242419183242902,302.26609026227237
Simulation_000001,Graphite,3.1488392077208824,0.7166485072826496,0.11242419183242902,302.2654580996032
Simulation_000001,Graphite,3.1488392077208824,0.7260164616262136,0.11242419183242902,302.2647447771533
Simulation_000001,Graphite,3.1488392077208824,0.7353844159697777,0.11242419183242902,302.263946276897
Simulation_000001,Graphite,3.1488392077208824,0.7447523703133417,0.11242419183242902,302.26305947901596
Simulation_000001,Graphite,3.1488392077208824,0.7541203246569057,0.11242419183242902,302.2620822506848
Simulation_000001,Graphite,3.1488392077208824,0.004683977171782023,0.11884843136571069,302.27082188041214
Simulation_000001,Graphite,3.1488392077208824,0.01405193151534607,0.11884843136571069,302.2708221277641
Simulation_000001,Graphite,3.1488392077208824,0.023419885858910118,0.11884843136571069,302.27082266691093
Simulation_000001,Graphite,3.1488392077208824,0.03278784020247416,0.11884843136571069,302.2708235925199
Simulation_000001,Graphite,3.1488392077208824,0.04215579454603821,0.11884843136571069,302.2708250614505
Simulation_000001,Graphite,3.1488392077208824,0.05152374888960226,0.11884843136571069,302.2708273117014
Simulation_000001,Graphite,3.1488392077208824,0.060891703233166304,0.11884843136571069,302.2708306894901
Simulation_000001,Graphite,3.1488392077208824,0.07025965757673035,0.11884843136571069,302.27083568591917
Simulation_000001,Graphite,3.1488392077208824,0.0796276119202944,0.11884843136571069,302.27084298488995
Simulation_000001,Graphite,3.1488392077208824,0.08899556626385845,0.11884843136571069,302.27085352397876
Simulation_000001,Graphite,3.1488392077208824,0.0983635206074225,0.11884843136571069,302.27086856983675
Simulation_000001,Graphite,3.1488392077208824,0.10773147495098653,0.11884843136571069,302.2708898092076
Simulation_000001,Graphite,3.1488392077208824,0.11709942929455058,0.11884843136571069,302.2709194558037
Simulation_000001,Graphite,3.1488392077208824,0.12646738363811463,0.11884843136571069,302.27096037191956
Simulation_000001,Graphite,3.1488392077208824,0.13583533798167866,0.11884843136571069,302.271016201703
Simulation_000001,Graphite,3.1488392077208824,0.1452032923252427,0.11884843136571069,302.27109151036854
Simulation_000001,Graphite,3.1488392077208824,0.15457124666880676,0.11884843136571069,302.27119192028516
Simulation_000001,Graphite,3.1488392077208824,0.1639392010123708,0.11884843136571069,302.27132423082685
Simulation_000001,Graphite,3.1488392077208824,0.17330715535593486,0.11884843136571069,302.27149650426384
Simulation_000001,Graphite,3.1488392077208824,0.1826751096994989,0.11884843136571069,302.2717180950476
Simulation_000001,Graphite,3.1488392077208824,0.19204306404306296,0.11884843136571069,302.27199959502144
Simulation_000001,Graphite,3.1488392077208824,0.20141101838662698,0.11884843136571069,302.2723526630043
Simulation_000001,Graphite,3.1488392077208824,0.21077897273019103,0.11884843136571069,302.27278970472736
Simulation_000001,Graphite,3.1488392077208824,0.22014692707375508,0.11884843136571069,302.2733233693988
Simulation_000001,Graphite,3.1488392077208824,0.22951488141731913,0.11884843136571069,302.2739658336905
Simulation_000001,Graphite,3.1488392077208824,0.23888283576088318,0.11884843136571069,302.27472785437976
Simulation_000001,Graphite,3.1488392077208824,0.24825079010444723,0.11884843136571069,302.2756175890889
Simulation_000001,Graphite,3.1488392077208824,0.2576187444480113,0.11884843136571069,302.27663921227213
Simulation_000001,Graphite,3.1488392077208824,0.2669866987915753,0.11884843136571069,302.27779139186475
Simulation_000001,Graphite,3.1488392077208824,0.2763546531351394,0.11884843136571069,302.27906574037286
Simulation_000001,Graphite,3.1488392077208824,0.2857226074787034,0.11884843136571069,302.28044540933837
Simulation_000001,Graphite,3.1488392077208824,0.2950905618222675,0.11884843136571069,302.2819040502966
Simulation_000001,Graphite,3.1488392077208824,0.3044585161658315,0.11884843136571069,302.28340540490325
Simulation_000001,Graphite,3.1488392077208824,0.31382647050939555,0.11884843136571069,302.28490379232886
Simulation_000001,Graphite,3.1488392077208824,0.3231944248529596,0.11884843136571069,302.2863457110378
Simulation_000001,Graphite,3.1488392077208824,0.33256237919652365,0.11884843136571069,302.287672648055
Simulation_000001,Graphite,3.1488392077208824,0.3419303335400877,0.11884843136571069,302.28882499360304
Simulation_000001,Graphite,3.1488392077208824,0.35129828788365175,0.11884843136571069,302.289746725117
Simulation_000001,Graphite,3.1488392077208824,0.3606662422272158,0.11884843136571069,302.2903903151148
Simulation_000001,Graphite,3.1488392077208824,0.37003419657077985,0.11884843136571069,302.29072120295626
Simulation_000001,Graphite,3.1488392077208824,0.3794021509143439,0.11884843136571069,302.29072119187566
Simulation_000001,Graphite,3.1488392077208824,0.38877010525790795,0.11884843136571069,302.29039027923415
Simulation_000001,Graphite,3.1488392077208824,0.39813805960147197,0.11884843136571069,302.2897466560157
Simulation_000001,Graphite,3.1488392077208824,0.40750601394503605,0.11884843136571069,302.28882487549646
Simulation_000001,Graphite,3.1488392077208824,0.41687396828860007,0.11884843136571069,302.2876724549182
Simulation_000001,Graphite,3.1488392077208824,0.42624192263216415,0.11884843136571069,302.28634540205735
Simulation_000001,Graphite,3.1488392077208824,0.43560987697572817,0.11884843136571069,302.2849033051187
Simulation_000001,Graphite,3.1488392077208824,0.44497783131929225,0.11884843136571069,302.2834046456947
Simulation_000001,Graphite,3.1488392077208824,0.45434578566285627,0.11884843136571069,302.2819028800476
Simulation_000001,Graphite,3.1488392077208824,0.4637137400064203,0.11884843136571069,302.2804436243901
Simulation_000001,Graphite,3.1488392077208824,0.47308169434998437,0.11884843136571069,302.27906304591767
Simulation_000001,Graphite,3.1488392077208824,0.4824496486935484,0.11884843136571069,302.2777873660773
Simulation_000001,Graphite,3.1488392077208824,0.49181760303711247,0.11884843136571069,302.276633258508
Simulation_000001,Graphite,3.1488392077208824,0.5011855573806765,0.11884843136571069,302.2756088730978
Simulation_000001,Graphite,3.1488392077208824,0.5105535117242406,0.11884843136571069,302.27471522303136
Simulation_000001,Graphite,3.1488392077208824,0.5199214660678046,0.11884843136571069,302.27394771133174
Simulation_000001,Graphite,3.1488392077208824,0.5292894204113686,0.11884843136571069,302.273297627686
Simulation_000001,Graphite,3.1488392077208824,0.5386573747549327,0.11884843136571069,302.2727535016889
Simulation_000001,Graphite,3.1488392077208824,0.5480253290984968,0.11884843136571069,302.2723022472464
Simulation_000001,Graphite,3.1488392077208824,0.5573932834420607,0.11884843136571069,302.27193007147997
Simulation_000001,Graphite,3.1488392077208824,0.5667612377856248,0.11884843136571069,302.2716231495716
Simulation_000001,Graphite,3.1488392077208824,0.5761291921291889,0.11884843136571069,302.2713680856561
Simulation_000001,Graphite,3.1488392077208824,0.585497146472753,0.11884843136571069,302.2711521907934
Simulation_000001,Graphite,3.1488392077208824,0.5948651008163169,0.11884843136571069,302.2709636140563
Simulation_000001,Graphite,3.1488392077208824,0.604233055159881,0.11884843136571069,302.2707913635053
Simulation_000001,Graphite,3.1488392077208824,0.6136010095034451,0.11884843136571069,302.27062525169146
Simulation_000001,Graphite,3.1488392077208824,0.6229689638470091,0.11884843136571069,302.2704557964338
Simulation_000001,Graphite,3.1488392077208824,0.6323369181905731,0.11884843136571069,302.2702741027721
Simulation_000001,Graphite,3.1488392077208824,0.6417048725341372,0.11884843136571069,302.2700717468011
Simulation_000001,Graphite,3.1488392077208824,0.6510728268777013,0.11884843136571069,302.2698406769255
Simulation_000001,Graphite,3.1488392077208824,0.6604407812212653,0.11884843136571069,302.2695731431934
Simulation_000001,Graphite,3.1488392077208824,0.6698087355648293,0.11884843136571069,302.26926166090107
Simulation_000001,Graphite,3.1488392077208824,0.6791766899083934,0.11884843136571069,302.26889901070706
Simulation_000001,Graphite,3.1488392077208824,0.6885446442519574,0.11884843136571069,302.26847827406596
Simulation_000001,Graphite,3.1488392077208824,0.6979125985955215,0.11884843136571069,302.26799289994693
Simulation_000001,Graphite,3.1488392077208824,0.7072805529390855,0.11884843136571069,302.2674367965312
Simulation_000001,Graphite,3.1488392077208824,0.7166485072826496,0.11884843136571069,302.26680443994104
Simulation_000001,Graphite,3.1488392077208824,0.7260164616262136,0.11884843136571069,302.2660909910377
Simulation_000001,Graphite,3.1488392077208824,0.7353844159697777,0.11884843136571069,302.2652924109708
Simulation_000001,Graphite,3.1488392077208824,0.7447523703133417,0.11884843136571069,302.26440556645497
Simulation_000001,Graphite,3.1488392077208824,0.7541203246569057,0.11884843136571069,302.2634283166646
Simulation_000001,Graphite,3.1488392077208824,0.004683977171782023,0.12527267089899233,302.2719982584603
Simulation_000001,Graphite,3.1488392077208824,0.01405193151534607,0.12527267089899233,302.2719985393926
Simulation_000001,Graphite,3.1488392077208824,0.023419885858910118,0.12527267089899233,302.2719991518607
Simulation_000001,Graphite,3.1488392077208824,0.03278784020247416,0.12527267089899233,302.2720002036905
Simulation_000001,Graphite,3.1488392077208824,0.04215579454603821,0.12527267089899233,302.2720018736381
Simulation_000001,Graphite,3.1488392077208824,0.05152374888960226,0.12527267089899233,302.27200443311483
Simulation_000001,Graphite,3.1488392077208824,0.060891703233166304,0.12527267089899233,302.2720082772802
Simulation_000001,Graphite,3.1488392077208824,0.07025965757673035,0.12527267089899233,302.27201396721784
Simulation_000001,Graphite,3.1488392077208824,0.0796276119202944,0.12527267089899233,302.2720222851695
Simulation_000001,Graphite,3.1488392077208824,0.08899556626385845,0.12527267089899233,302.2720343049021
Simulation_000001,Graphite,3.1488392077208824,0.0983635206074225,0.12527267089899233,302.272051479144
Simulation_000001,Graphite,3.1488392077208824,0.10773147495098653,0.12527267089899233,302.27207574555166
Simulation_000001,Graphite,3.1488392077208824,0.11709942929455058,0.12527267089899233,302.27210965174913
Simulation_000001,Graphite,3.1488392077208824,0.12646738363811463,0.12527267089899233,302.27215649849313
Simulation_000001,Graphite,3.1488392077208824,0.13583533798167866,0.12527267089899233,302.27222049784143
Simulation_000001,Graphite,3.1488392077208824,0.1452032923252427,0.12527267089899233,302.27230694023507
Simulation_000001,Graphite,3.1488392077208824,0.15457124666880676,0.12527267089899233,302.2724223605812
Simulation_000001,Graphite,3.1488392077208824,0.1639392010123708,0.12527267089899233,302.27257468874967
Simulation_000001,Graphite,3.1488392077208824,0.17330715535593486,0.12527267089899233,302.27277336446076
Simulation_000001,Graphite,3.1488392077208824,0.1826751096994989,0.12527267089899233,302.2730293905957
Simulation_000001,Graphite,3.1488392077208824,0.19204306404306296,0.12527267089899233,302.27335529291264
Simulation_000001,Graphite,3.1488392077208824,0.20141101838662698,0.12527267089899233,302.2737649486574
Simulation_000001,Graphite,3.1488392077208824,0.21077897273019103,0.12527267089899233,302.2742732425689
Simulation_000001,Graphite,3.1488392077208824,0.22014692707375508,0.12527267089899233,302.2748955075746
Simulation_000001,Graphite,3.1488392077208824,0.22951488141731913,0.12527267089899233,302.27564671076055
Simulation_000001,Graphite,3.1488392077208824,0.23888283576088318,0.12527267089899233,302.27654035509465
Simulation_000001,Graphite,3.1488392077208824,0.24825079010444723,0.12527267089899233,302.2775870863888
Simulation_000001,Graphite,3.1488392077208824,0.2576187444480113,0.12527267089899233,302.27879302575485
Simulation_000001,Graphite,3.1488392077208824,0.2669866987915753,0.12527267089899233,302.28015789265646
Simulation_000001,Graphite,3.1488392077208824,0.2763546531351394,0.12527267089899233,302.28167304348267
Simulation_000001,Graphite,3.1488392077208824,0.2857226074787034,0.12527267089899233,302.28331962313365
Simulation_000001,Graphite,3.1488392077208824,0.2950905618222675,0.12527267089899233,302.28506710449295
Simulation_000001,Graphite,3.1488392077208824,0.3044585161658315,0.12527267089899233,302.28687255642035
Simulation_000001,Graphite,3.1488392077208824,0.31382647050939555,0.12527267089899233,302.28868100840316
Simulation_000001,Graphite,3.1488392077208824,0.3231944248529596,0.12527267089899233,302.2904272350226
Simulation_000001,Graphite,3.1488392077208824,0.33256237919652365,0.12527267089899233,302.2920391347502
Simulation_000001,Graphite,3.1488392077208824,0.3419303335400877,0.12527267089899233,302.2934426178113
Simulation_000001,Graphite,3.1488392077208824,0.35129828788365175,0.12527267089899233,302.2945675868934
Simulation_000001,Graphite,3.1488392077208824,0.3606662422272158,0.12527267089899233,302.29535428655055
Simulation_000001,Graphite,3.1488392077208824,0.37003419657077985,0.12527267089899233,302.29575912647243
Simulation_000001,Graphite,3.1488392077208824,0.3794021509143439,0.12527267089899233,302.2957591153914
Simulation_000001,Graphite,3.1488392077208824,0.38877010525790795,0.12527267089899233,302.2953542506685
Simulation_000001,Graphite,3.1488392077208824,0.39813805960147197,0.12527267089899233,302.2945675177894
Simulation_000001,Graphite,3.1488392077208824,0.40750601394503605,0.12527267089899233,302.29344249970035
Simulation_000001,Graphite,3.1488392077208824,0.41687396828860007,0.12527267089899233,302.29203894160605
Simulation_000001,Graphite,3.1488392077208824,0.42624192263216415,0.12527267089899233,302.29042692603036
Simulation_000001,Graphite,3.1488392077208824,0.43560987697572817,0.12527267089899233,302.28868052117457
Simulation_000001,Graphite,3.1488392077208824,0.44497783131929225,0.12527267089899233,302.2868717971833
Simulation_000001,Graphite,3.1488392077208824,0.45434578566285627,0.12527267089899233,302.2850659342003
Simulation_000001,Graphite,3.1488392077208824,0.4637137400064203,0.12527267089899233,302.2833178381193
Simulation_000001,Graphite,3.1488392077208824,0.47308169434998437,0.12527267089899233,302.28167034892846
Simulation_000001,Graphite,3.1488392077208824,0.4824496486935484,0.12527267089899233,302.28015386672195
Simulation_000001,Graphite,3.1488392077208824,0.49181760303711247,0.12527267089899233,302.2787870717752
Simulation_000001,Graphite,3.1488392077208824,0.5011855573806765,0.12527267089899233,302.2775783700848
Simulation_000001,Graphite,3.1488392077208824,0.5105535117242406,0.12527267089899233,302.27652772329736
Simulation_000001,Graphite,3.1488392077208824,0.5199214660678046,0.12527267089899233,302.2756285877647
Simulation_000001,Graphite,3.1488392077208824,0.5292894204113686,0.12527267089899233,302.27486976496783
Simulation_000001,Graphite,3.1488392077208824,0.5386573747549327,0.12527267089899233,302.2742370382894
Simulation_000001,Graphite,3.1488392077208824,0.5480253290984968,0.12527267089899233,302.2737145311958
Simulation_000001,Graphite,3.1488392077208824,0.5573932834420607,0.12527267089899233,302.2732857670585
Simulation_000001,Graphite,3.1488392077208824,0.5667612377856248,0.12527267089899233,302.27293444201536
Simulation_000001,Graphite,3.1488392077208824,0.5761291921291889,0.12527267089899233,302.2726449417328
Simulation_000001,Graphite,3.1488392077208824,0.585497146472753,0.12527267089899233,302.27240264330965
Simulation_000001,Graphite,3.1488392077208824,0.5948651008163169,0.12527267089899233,302.272194047339
Simulation_000001,Graphite,3.1488392077208824,0.604233055159881,0.12527267089899233,302.27200678437896
Simulation_000001,Graphite,3.1488392077208824,0.6136010095034451,0.12527267089899233,302.27182953643324
Simulation_000001,Graphite,3.1488392077208824,0.6229689638470091,0.12527267089899233,302.271651908734
Simulation_000001,Graphite,3.1488392077208824,0.6323369181905731,0.12527267089899233,302.2714642810535
Simulation_000001,Graphite,3.1488392077208824,0.6417048725341372,0.12527267089899233,302.2712576615464
Simulation_000001,Graphite,3.1488392077208824,0.6510728268777013,0.12527267089899233,302.2710235601397
Simulation_000001,Graphite,3.1488392077208824,0.6604407812212653,0.12527267089899233,302.27075389297084
Simulation_000001,Graphite,3.1488392077208824,0.6698087355648293,0.12527267089899233,302.2704409244406
Simulation_000001,Graphite,3.1488392077208824,0.6791766899083934,0.12527267089899233,302.27007724915586
Simulation_000001,Graphite,3.1488392077208824,0.6885446442519574,0.12527267089899233,302.26965581240165
Simulation_000001,Graphite,3.1488392077208824,0.6979125985955215,0.12527267089899233,302.2691699647927
Simulation_000001,Graphite,3.1488392077208824,0.7072805529390855,0.12527267089899233,302.26861354443395
Simulation_000001,Graphite,3.1488392077208824,0.7166485072826496,0.12527267089899233,302.26798097825247
Simulation_000001,Graphite,3.1488392077208824,0.7260164616262136,0.12527267089899233,302.26726739317274
Simulation_000001,Graphite,3.1488392077208824,0.7353844159697777,0.12527267089899233,302.26646872748654
Simulation_000001,Graphite,3.1488392077208824,0.7447523703133417,0.12527267089899233,302.26558183311727
Simulation_000001,Graphite,3.1488392077208824,0.7541203246569057,0.12527267089899233,302.2646045604442
Simulation_000001,Graphite,3.1488392077208824,0.004683977171782023,0.131696910432274,302.27302149671203
Simulation_000001,Graphite,3.1488392077208824,0.01405193151534607,0.131696910432274,302.273021813907
Simulation_000001,Graphite,3.1488392077208824,0.023419885858910118,0.131696910432274,302.2730225055742
Simulation_000001,Graphite,3.1488392077208824,0.03278784020247416,0.131696910432274,302.2730236937995
Simulation_000001,Graphite,3.1488392077208824,0.04215579454603821,0.131696910432274,302.27302558108494
Simulation_000001,Graphite,3.1488392077208824,0.05152374888960226,0.131696910432274,302.2730284751087
Simulation_000001,Graphite,3.1488392077208824,0.060891703233166304,0.131696910432274,302.27303282421104
Simulation_000001,Graphite,3.1488392077208824,0.07025965757673035,0.131696910432274,302.27303926561456
Simulation_000001,Graphite,3.1488392077208824,0.0796276119202944,0.131696910432274,302.273048688712
Simulation_000001,Graphite,3.1488392077208824,0.08899556626385845,0.131696910432274,302.2730623159096
Simulation_000001,Graphite,3.1488392077208824,0.0983635206074225,0.131696910432274,302.2730818034038
Simulation_000001,Graphite,3.1488392077208824,0.10773147495098653,0.131696910432274,302.27310936379695
Simulation_000001,Graphite,3.1488392077208824,0.11709942929455058,0.131696910432274,302.2731479114868
Simulation_000001,Graphite,3.1488392077208824,0.12646738363811463,0.131696910432274,302.27320123015454
Simulation_000001,Graphite,3.1488392077208824,0.13583533798167866,0.131696910432274,302.2732741592918
Simulation_000001,Graphite,3.1488392077208824,0.1452032923252427,0.131696910432274,302.27337279340435
Simulation_000001,Graphite,3.1488392077208824,0.15457124666880676,0.131696910432274,302.2735046832216
Simulation_000001,Graphite,3.1488392077208824,0.1639392010123708,0.131696910432274,302.27367902290285
Simulation_000001,Graphite,3.1488392077208824,0.17330715535593486,0.131696910432274,302.27390680090303
Simulation_000001,Graphite,3.1488392077208824,0.1826751096994989,0.131696910432274,302.27420088508313
Simulation_000001,Graphite,3.1488392077208824,0.19204306404306296,0.131696910432274,302.2745760051923
Simulation_000001,Graphite,3.1488392077208824,0.20141101838662698,0.131696910432274,302.2750485886724
Simulation_000001,Graphite,3.1488392077208824,0.21077897273019103,0.131696910432274,302.2756363998136
Simulation_000001,Graphite,3.1488392077208824,0.22014692707375508,0.131696910432274,302.27635792900975
Simulation_000001,Graphite,3.1488392077208824,0.22951488141731913,0.131696910432274,302.27723148014496
Simulation_000001,Graphite,3.1488392077208824,0.23888283576088318,0.131696910432274,302.2782739125157
Simulation_000001,Graphite,3.1488392077208824,0.24825079010444723,0.131696910432274,302.2794990123876
Simulation_000001,Graphite,3.1488392077208824,0.2576187444480113,0.131696910432274,302.2809155021201
Simulation_000001,Graphite,3.1488392077208824,0.2669866987915753,0.131696910432274,302.28252474576107
Simulation_000001,Graphite,3.1488392077208824,0.2763546531351394,0.131696910432274,302.2843182822192
Simulation_000001,Graphite,3.1488392077208824,0.2857226074787034,0.131696910432274,302.2862754105609
Simulation_000001,Graphite,3.1488392077208824,0.2950905618222675,0.131696910432274,302.28836115994676
Simulation_000001,Graphite,3.1488392077208824,0.3044585161658315,0.131696910432274,302.2905250807351
Simulation_000001,Graphite,3.1488392077208824,0.31382647050939555,0.131696910432274,302.29270135848736
Simulation_000001,Graphite,3.1488392077208824,0.3231944248529596,0.131696910432274,302.29481072775144
Simulation_000001,Graphite,3.1488392077208824,0.33256237919652365,0.131696910432274,302.29676449230084
Simulation_000001,Graphite,3.1488392077208824,0.3419303335400877,0.131696910432274,302.2984706149961
Simulation_000001,Graphite,3.1488392077208824,0.35129828788365175,0.131696910432274,302.29984136785424
Simulation_000001,Graphite,3.1488392077208824,0.3606662422272158,0.131696910432274,302.30080157282754
Simulation_000001,Graphite,3.1488392077208824,0.37003419657077985,0.131696910432274,302.3012962063943
Simulation_000001,Graphite,3.1488392077208824,0.3794021509143439,0.131696910432274,302.3012961953129
Simulation_000001,Graphite,3.1488392077208824,0.38877010525790795,0.131696910432274,302.30080153694433
Simulation_000001,Graphite,3.1488392077208824,0.39813805960147197,0.131696910432274,302.29984129874805
Simulation_000001,Graphite,3.1488392077208824,0.40750601394503605,0.131696910432274,302.29847049688124
Simulation_000001,Graphite,3.1488392077208824,0.41687396828860007,0.131696910432274,302.29676429915037
Simulation_000001,Graphite,3.1488392077208824,0.42624192263216415,0.131696910432274,302.2948104187492
Simulation_000001,Graphite,3.1488392077208824,0.43560987697572817,0.131696910432274,302.292700871243
Simulation_000001,Graphite,3.1488392077208824,0.44497783131929225,0.131696910432274,302.2905243214737
Simulation_000001,Graphite,3.1488392077208824,0.45434578566285627,0.131696910432274,302.2883599896168
Simulation_000001,Graphite,3.1488392077208824,0.4637137400064203,0.131696910432274,302.2862736254899
Simulation_000001,Graphite,3.1488392077208824,0.47308169434998437,0.131696910432274,302.28431558758024
Simulation_000001,Graphite,3.1488392077208824,0.4824496486935484,0.131696910432274,302.28252071970104
Simulation_000001,Graphite,3.1488392077208824,0.49181760303711247,0.131696910432274,302.28090954795624
Simulation_000001,Graphite,3.1488392077208824,0.5011855573806765,0.131696910432274,302.27949029581674
Simulation_000001,Graphite,3.1488392077208824,0.5105535117242406,0.131696910432274,302.27826128033564
Simulation_000001,Graphite,3.1488392077208824,0.5199214660678046,0.131696910432274,302.27721335660635
Simulation_000001,Graphite,3.1488392077208824,0.5292894204113686,0.131696910432274,302.27633218564165
Simulation_000001,Graphite,3.1488392077208824,0.5386573747549327,0.131696910432274,302.2756001944783
Simulation_000001,Graphite,3.1488392077208824,0.5480253290984968,0.131696910432274,302.27499816976274
Simulation_000001,Graphite,3.1488392077208824,0.5573932834420607,0.131696910432274,302.2745064773743
Simulation_000001,Graphite,3.1488392077208824,0.5667612377856248,0.131696910432274,302.2741059338694
Simulation_000001,Graphite,3.1488392077208824,0.5761291921291889,0.131696910432274,302.27377837468396
Simulation_000001,Graphite,3.1488392077208824,0.585497146472753,0.131696910432274,302.27350697288733
Simulation_000001,Graphite,3.1488392077208824,0.5948651008163169,0.131696910432274,302.27327636405147
Simulation_000001,Graphite,3.1488392077208824,0.604233055159881,0.131696910432274,302.2730726299573
Simulation_000001,Graphite,3.1488392077208824,0.6136010095034451,0.131696910432274,302.27288318827664
Simulation_000001,Graphite,3.1488392077208824,0.6229689638470091,0.131696910432274,302.2726966283801
Simulation_000001,Graphite,3.1488392077208824,0.6323369181905731,0.131696910432274,302.27250252594234
Simulation_000001,Graphite,3.1488392077208824,0.6417048725341372,0.131696910432274,302.2722912616592
Simulation_000001,Graphite,3.1488392077208824,0.6510728268777013,0.131696910432274,302.2720538625196
Simulation_000001,Graphite,3.1488392077208824,0.6604407812212653,0.131696910432274,302.271781877885
Simulation_000001,Graphite,3.1488392077208824,0.6698087355648293,0.131696910432274,302.27146729721625
Simulation_000001,Graphite,3.1488392077208824,0.6791766899083934,0.131696910432274,302.2711025116583
Simulation_000001,Graphite,3.1488392077208824,0.6885446442519574,0.131696910432274,302.2706803178454
Simulation_000001,Graphite,3.1488392077208824,0.6979125985955215,0.131696910432274,302.27019395918103
Simulation_000001,Graphite,3.1488392077208824,0.7072805529390855,0.131696910432274,302.26963719747147
Simulation_000001,Graphite,3.1488392077208824,0.7166485072826496,0.131696910432274,302.2690044061251
Simulation_000001,Graphite,3.1488392077208824,0.7260164616262136,0.131696910432274,302.2682906751635
Simulation_000001,Graphite,3.1488392077208824,0.7353844159697777,0.131696910432274,302.26749191802645
Simulation_000001,Graphite,3.1488392077208824,0.7447523703133417,0.131696910432274,302.2666049705515
Simulation_000001,Graphite,3.1488392077208824,0.7541203246569057,0.131696910432274,302.26562767355017
Simulation_000001,Graphite,3.1488392077208824,0.004683977171782023,0.13812114996555563,302.2739074010095
Simulation_000001,Graphite,3.1488392077208824,0.01405193151534607,0.13812114996555563,302.2739077570326
Simulation_000001,Graphite,3.1488392077208824,0.023419885858910118,0.13812114996555563,302.27390853352404
Simulation_000001,Graphite,3.1488392077208824,0.03278784020247416,0.13812114996555563,302.27390986789203
Simulation_000001,Graphite,3.1488392077208824,0.04215579454603821,0.13812114996555563,302.2739119881707
Simulation_000001,Graphite,3.1488392077208824,0.05152374888960226,0.13812114996555563,302.2739152410675
Simulation_000001,Graphite,3.1488392077208824,0.060891703233166304,0.13812114996555563,302.27392013221623
Simulation_000001,Graphite,3.1488392077208824,0.07025965757673035,0.13812114996555563,302.2739273809706
Simulation_000001,Graphite,3.1488392077208824,0.0796276119202944,0.13812114996555563,302.2739379924766
Simulation_000001,Graphite,3.1488392077208824,0.08899556626385845,0.13812114996555563,302.2739533499781
Simulation_000001,Graphite,3.1488392077208824,0.0983635206074225,0.13812114996555563,302.2739753302514
Simulation_000001,Graphite,3.1488392077208824,0.10773147495098653,0.13812114996555563,302.2740064446012
Simulation_000001,Graphite,3.1488392077208824,0.11709942929455058,0.13812114996555563,302.27405000684826
Simulation_000001,Graphite,3.1488392077208824,0.12646738363811463,0.13812114996555563,302.2741103280258
Simulation_000001,Graphite,3.1488392077208824,0.13583533798167866,0.13812114996555563,302.2741929349155
Simulation_000001,Graphite,3.1488392077208824,0.1452032923252427,0.13812114996555563,302.27430480592847
Simulation_000001,Graphite,3.1488392077208824,0.15457124666880676,0.13812114996555563,302.2744546130486
Simulation_000001,Graphite,3.1488392077208824,0.1639392010123708,0.13812114996555563,302.27465295251693
Simulation_000001,Graphite,3.1488392077208824,0.17330715535593486,0.13812114996555563,302.27491253969157
Simulation_000001,Graphite,3.1488392077208824,0.1826751096994989,0.13812114996555563,302.27524833520044
Simulation_000001,Graphite,3.1488392077208824,0.19204306404306296,0.13812114996555563,302.2756775604795
Simulation_000001,Graphite,3.1488392077208824,0.20141101838662698,0.13812114996555563,302.27621955165574
Simulation_000001,Graphite,3.1488392077208824,0.21077897273019103,0.13812114996555563,302.2768953924497
Simulation_000001,Graphite,3.1488392077208824,0.22014692707375508,0.13812114996555563,302.27772726075983
Simulation_000001,Graphite,3.1488392077208824,0.22951488141731913,0.13812114996555563,302.2787374219172
Simulation_000001,Graphite,3.1488392077208824,0.23888283576088318,0.13812114996555563,302.2799468071584
Simulation_000001,Graphite,3.1488392077208824,0.24825079010444723,0.13812114996555563,302.2813731326142
Simulation_000001,Graphite,3.1488392077208824,0.2576187444480113,0.13812114996555563,302.28302854720795
Simulation_000001,Graphite,3.1488392077208824,0.2669866987915753,0.13812114996555563,302.28491685347274
Simulation_000001,Graphite,3.1488392077208824,0.2763546531351394,0.13812114996555563,302.2870304297217
Simulation_000001,Graphite,3.1488392077208824,0.2857226074787034,0.13812114996555563,302.28934709920753
Simulation_000001,Graphite,3.1488392077208824,0.2950905618222675,0.13812114996555563,302.29182733872625
Simulation_000001,Graphite,3.1488392077208824,0.3044585161658315,0.13812114996555563,302.29441237730146
Simulation_000001,Graphite,3.1488392077208824,0.31382647050939555,0.13812114996555563,302.2970238620188
Simulation_000001,Graphite,3.1488392077208824,0.3231944248529596,0.13812114996555563,302.2995657887909
Simulation_000001,Graphite,3.1488392077208824,0.33256237919652365,0.13812114996555563,302.3019292167032
Simulation_000001,Graphite,3.1488392077208824,0.3419303335400877,0.13812114996555563,302.303999836129
Simulation_000001,Graphite,3.1488392077208824,0.35129828788365175,0.13812114996555563,302.3056677797694
Simulation_000001,Graphite,3.1488392077208824,0.3606662422272158,0.13812114996555563,302.3068383640171
Simulation_000001,Graphite,3.1488392077208824,0.37003419657077985,0.13812114996555563,302.3074420528399
Simulation_000001,Graphite,3.1488392077208824,0.3794021509143439,0.13812114996555563,302.3074420417582
Simulation_000001,Graphite,3.1488392077208824,0.38877010525790795,0.13812114996555563,302.30683832813287
Simulation_000001,Graphite,3.1488392077208824,0.39813805960147197,0.13812114996555563,302.3056677106613
Simulation_000001,Graphite,3.1488392077208824,0.40750601394503605,0.13812114996555563,302.3039997180108
Simulation_000001,Graphite,3.1488392077208824,0.41687396828860007,0.13812114996555563,302.3019290235473
Simulation_000001,Graphite,3.1488392077208824,0.42624192263216415,0.13812114996555563,302.29956547978014
Simulation_000001,Graphite,3.1488392077208824,0.43560987697572817,0.13812114996555563,302.29702337476107
Simulation_000001,Graphite,3.1488392077208824,0.44497783131929225,0.13812114996555563,302.29441161801935
Simulation_000001,Graphite,3.1488392077208824,0.45434578566285627,0.13812114996555563,302.2918261683645
Simulation_000001,Graphite,3.1488392077208824,0.4637137400064203,0.13812114996555563,302.2893453140884
Simulation_000001,Graphite,3.1488392077208824,0.47308169434998437,0.13812114996555563,302.28702773501067
Simulation_000001,Graphite,3.1488392077208824,0.4824496486935484,0.13812114996555563,302.2849128273059
Simulation_000001,Graphite,3.1488392077208824,0.49181760303711247,0.13812114996555563,302.28302259288773
Simulation_000001,Graphite,3.1488392077208824,0.5011855573806765,0.13812114996555563,302.2813644158167
Simulation_000001,Graphite,3.1488392077208824,0.5105535117242406,0.13812114996555563,302.27993417465365
Simulation_000001,Graphite,3.1488392077208824,0.5199214660678046,0.13812114996555563,302.2787192979183
Simulation_000001,Graphite,3.1488392077208824,0.5292894204113686,0.13812114996555563,302.2777015167468
Simulation_000001,Graphite,3.1488392077208824,0.5386573747549327,0.13812114996555563,302.2768591862207
Simulation_000001,Graphite,3.1488392077208824,0.5480253290984968,0.13812114996555563,302.27616913152156
Simulation_000001,Graphite,3.1488392077208824,0.5573932834420607,0.13812114996555563,302.27560803100243
Simulation_000001,Graphite,3.1488392077208824,0.5667612377856248,0.13812114996555563,302.2751533817644
Simulation_000001,Graphite,3.1488392077208824,0.5761291921291889,0.13812114996555563,302.2747841105295
Simulation_000001,Graphite,3.1488392077208824,0.585497146472753,0.13812114996555563,302.2744808986487
Simulation_000001,Graphite,3.1488392077208824,0.5948651008163169,0.13812114996555563,302.2742262888932
Simulation_000001,Graphite,3.1488392077208824,0.604233055159881,0.13812114996555563,302.2740046361056
Simulation_000001,Graphite,3.1488392077208824,0.6136010095034451,0.13812114996555563,302.27380195584146
Simulation_000001,Graphite,3.1488392077208824,0.6229689638470091,0.13812114996555563,302.2736057161857
Simulation_000001,Graphite,3.1488392077208824,0.6323369181905731,0.13812114996555563,302.27340460887956
Simulation_000001,Graphite,3.1488392077208824,0.6417048725341372,0.13812114996555563,302.2731883273089
Simulation_000001,Graphite,3.1488392077208824,0.6510728268777013,0.13812114996555563,302.27294737109753
Simulation_000001,Graphite,3.1488392077208824,0.6604407812212653,0.13812114996555563,302.27267289017755
Simulation_000001,Graphite,3.1488392077208824,0.6698087355648293,0.13812114996555563,302.2723565753031
Simulation_000001,Graphite,3.1488392077208824,0.6791766899083934,0.13812114996555563,302.2719905970273
Simulation_000001,Graphite,3.1488392077208824,0.6885446442519574,0.13812114996555563,302.27156759110653
Simulation_000001,Graphite,3.1488392077208824,0.6979125985955215,0.13812114996555563,302.2710806850904
Simulation_000001,Graphite,3.1488392077208824,0.7072805529390855,0.13812114996555563,302.27052355843836
Simulation_000001,Graphite,3.1488392077208824,0.7166485072826496,0.13812114996555563,302.2698905268522
Simulation_000001,Graphite,3.1488392077208824,0.7260164616262136,0.13812114996555563,302.26917664059
Simulation_000001,Graphite,3.1488392077208824,0.7353844159697777,0.13812114996555563,302.26837778632176
Simulation_000001,Graphite,3.1488392077208824,0.7447523703133417,0.13812114996555563,302.2674907825607
Simulation_000001,Graphite,3.1488392077208824,0.7541203246569057,0.13812114996555563,302.2665134598126
Simulation_000001,Graphite,3.1488392077208824,0.004683977171782023,0.1445453894988373,302.27467081722443
Simulation_000001,Graphite,3.1488392077208824,0.01405193151534607,0.1445453894988373,302.27467121445954
Simulation_000001,Graphite,3.1488392077208824,0.023419885858910118,0.1445453894988373,302.27467208100603
Simulation_000001,Graphite,3.1488392077208824,0.03278784020247416,0.1445453894988373,302.2746735705914
Simulation_000001,Graphite,3.1488392077208824,0.04215579454603821,0.1445453894988373,302.2746759384603
Simulation_000001,Graphite,3.1488392077208824,0.05152374888960226,0.1445453894988373,302.2746795729518
Simulation_000001,Graphite,3.1488392077208824,0.060891703233166304,0.1445453894988373,302.27468504087864
Simulation_000001,Graphite,3.1488392077208824,0.07025965757673035,0.1445453894988373,302.2746931494061
Simulation_000001,Graphite,3.1488392077208824,0.0796276119202944,0.1445453894988373,302.2747050276174
Simulation_000001,Graphite,3.1488392077208824,0.08899556626385845,0.1445453894988373,302.2747222312493
Simulation_000001,Graphite,3.1488392077208824,0.0983635206074225,0.1445453894988373,302.2747468740831
Simulation_000001,Graphite,3.1488392077208824,0.10773147495098653,0.1445453894988373,302.2747817890473
Simulation_000001,Graphite,3.1488392077208824,0.11709942929455058,0.1445453894988373,302.27483072106935
Simulation_000001,Graphite,3.1488392077208824,0.12646738363811463,0.1445453894988373,302.27489855192204
Simulation_000001,Graphite,3.1488392077208824,0.13583533798167866,0.1445453894988373,302.2749915545454
Simulation_000001,Graphite,3.1488392077208824,0.1452032923252427,0.1445453894988373,302.27511767040113
Simulation_000001,Graphite,3.1488392077208824,0.15457124666880676,0.1445453894988373,302.27528679815293
Simulation_000001,Graphite,3.1488392077208824,0.1639392010123708,0.1445453894988373,302.2755110752557
Simulation_000001,Graphite,3.1488392077208824,0.17330715535593486,0.1445453894988373,302.2758051258329
Simulation_000001,Graphite,3.1488392077208824,0.1826751096994989,0.1445453894988373,302.2761862386222
Simulation_000001,Graphite,3.1488392077208824,0.19204306404306296,0.1445453894988373,302.2766744280459
Simulation_000001,Graphite,3.1488392077208824,0.20141101838662698,0.1445453894988373,302.2772923201256
Simulation_000001,Graphite,3.1488392077208824,0.21077897273019103,0.1445453894988373,302.27806479389045
Simulation_000001,Graphite,3.1488392077208824,0.22014692707375508,0.1445453894988373,302.27901829948524
Simulation_000001,Graphite,3.1488392077208824,0.22951488141731913,0.1445453894988373,302.28017976846036
Simulation_000001,Graphite,3.1488392077208824,0.23888283576088318,0.1445453894988373,302.28157503285104
Simulation_000001,Graphite,3.1488392077208824,0.24825079010444723,0.1445453894988373,302.28322668221995
Simulation_000001,Graphite,3.1488392077208824,0.2576187444480113,0.1445453894988373,302.28515131837906
Simulation_000001,Graphite,3.1488392077208824,0.2669866987915753,0.1445453894988373,302.287356224784
Simulation_000001,Graphite,3.1488392077208824,0.2763546531351394,0.1445453894988373,302.2898355621981
Simulation_000001,Graphite,3.1488392077208824,0.2857226074787034,0.1445453894988373,302.29256634437235
Simulation_000001,Graphite,3.1488392077208824,0.2950905618222675,0.1445453894988373,302.2955046412915
Simulation_000001,Graphite,3.1488392077208824,0.3044585161658315,0.1445453894988373,302.2985826896019
Simulation_000001,Graphite,3.1488392077208824,0.31382647050939555,0.1445453894988373,302.3017078116831
Simulation_000001,Graphite,3.1488392077208824,0.3231944248529596,0.1445453894988373,302.304764154725
Simulation_000001,Graphite,3.1488392077208824,0.33256237919652365,0.1445453894988373,302.3076181052252
Simulation_000001,Graphite,3.1488392077208824,0.3419303335400877,0.1445453894988373,302.31012766316746
Simulation_000001,Graphite,3.1488392077208824,0.35129828788365175,0.1445453894988373,302.3121550707352
Simulation_000001,Graphite,3.1488392077208824,0.3606662422272158,0.1445453894988373,302.3135808930124
Simulation_000001,Graphite,3.1488392077208824,0.37003419657077985,0.1445453894988373,302.3143171240244
Simulation_000001,Graphite,3.1488392077208824,0.3794021509143439,0.1445453894988373,302.3143171129424
Simulation_000001,Graphite,3.1488392077208824,0.38877010525790795,0.1445453894988373,302.3135808571273
Simulation_000001,Graphite,3.1488392077208824,0.39813805960147197,0.1445453894988373,302.3121550016254
Simulation_000001,Graphite,3.1488392077208824,0.40750601394503605,0.1445453894988373,302.31012754504656
Simulation_000001,Graphite,3.1488392077208824,0.41687396828860007,0.1445453894988373,302.3076179120648
Simulation_000001,Graphite,3.1488392077208824,0.42624192263216415,0.1445453894988373,302.30476384570693
Simulation_000001,Graphite,3.1488392077208824,0.43560987697572817,0.1445453894988373,302.30170732441405
Simulation_000001,Graphite,3.1488392077208824,0.44497783131929225,0.1445453894988373,302.2985819303022
Simulation_000001,Graphite,3.1488392077208824,0.45434578566285627,0.1445453894988373,302.2955034709028
Simulation_000001,Graphite,3.1488392077208824,0.4637137400064203,0.1445453894988373,302.2925645592125
Simulation_000001,Graphite,3.1488392077208824,0.47308169434998437,0.1445453894988373,302.289832867426
Simulation_000001,Graphite,3.1488392077208824,0.4824496486935484,0.1445453894988373,302.2873521985269
Simulation_000001,Graphite,3.1488392077208824,0.49181760303711247,0.1445453894988373,302.2851453639267
Simulation_000001,Graphite,3.1488392077208824,0.5011855573806765,0.1445453894988373,302.2832179652311
Simulation_000001,Graphite,3.1488392077208824,0.5105535117242406,0.1445453894988373,302.2815624000721
Simulation_000001,Graphite,3.1488392077208824,0.5199214660678046,0.1445453894988373,302.2801616440734
Simulation_000001,Graphite,3.1488392077208824,0.5292894204113686,0.1445453894988373,302.2789925549287
Simulation_000001,Graphite,3.1488392077208824,0.5386573747549327,0.1445453894988373,302.27802858690893
Simulation_000001,Graphite,3.1488392077208824,0.5480253290984968,0.1445453894988373,302.27724189896117
Simulation_000001,Graphite,3.1488392077208824,0.5573932834420607,0.1445453894988373,302.2766048971745
Simulation_000001,Graphite,3.1488392077208824,0.5667612377856248,0.1445453894988373,302.2760912833202
Simulation_000001,Graphite,3.1488392077208824,0.5761291921291889,0.1445453894988373,302.2756766942025
Simulation_000001,Graphite,3.1488392077208824,0.585497146472753,0.1445453894988373,302.27533901815985
Simulation_000001,Graphite,3.1488392077208824,0.5948651008163169,0.1445453894988373,302.2750584698258
Simulation_000001,Graphite,3.1488392077208824,0.604233055159881,0.1445453894988373,302.27481749524935
Simulation_000001,Graphite,3.1488392077208824,0.6136010095034451,0.1445453894988373,302.2746005687442
Simulation_000001,Graphite,3.1488392077208824,0.6229689638470091,0.1445453894988373,302.274393931689
Simulation_000001,Graphite,3.1488392077208824,0.6323369181905731,0.1445453894988373,302.2741853127528
Simulation_000001,Graphite,3.1488392077208824,0.6417048725341372,0.1445453894988373,302.2739636591448
Simulation_000001,Graphite,3.1488392077208824,0.6510728268777013,0.1445453894988373,302.2737188997365
Simulation_000001,Graphite,3.1488392077208824,0.6604407812212653,0.1445453894988373,302.2734417533426
Simulation_000001,Graphite,3.1488392077208824,0.6698087355648293,0.1445453894988373,302.2731235890801
Simulation_000001,Graphite,3.1488392077208824,0.6791766899083934,0.1445453894988373,302.2727563404684
Simulation_000001,Graphite,3.1488392077208824,0.6885446442519574,0.1445453894988373,302.27233247070626
Simulation_000001,Graphite,3.1488392077208824,0.6979125985955215,0.1445453894988373,302.2718449832698
Simulation_000001,Graphite,3.1488392077208824,0.7072805529390855,0.1445453894988373,302.271287469543
Simulation_000001,Graphite,3.1488392077208824,0.7166485072826496,0.1445453894988373,302.2706541835708
Simulation_000001,Graphite,3.1488392077208824,0.7260164616262136,0.1445453894988373,302.26994013315885
Simulation_000001,Graphite,3.1488392077208824,0.7353844159697777,0.1445453894988373,302.2691411764127
Simulation_000001,Graphite,3.1488392077208824,0.7447523703133417,0.1445453894988373,302.26825411336455
Simulation_000001,Graphite,3.1488392077208824,0.7541203246569057,0.1445453894988373,302.2672767635288
Simulation_000001,Graphite,3.1488392077208824,0.004683977171782023,0.15096962903211897,302.27532558177285
Simulation_000001,Graphite,3.1488392077208824,0.01405193151534607,0.15096962903211897,302.2753260223539
Simulation_000001,Graphite,3.1488392077208824,0.023419885858910118,0.15096962903211897,302.2753269836423
Simulation_000001,Graphite,3.1488392077208824,0.03278784020247416,0.15096962903211897,302.2753286365873
Simulation_000001,Graphite,3.1488392077208824,0.04215579454603821,0.15096962903211897,302.2753312651678
Simulation_000001,Graphite,3.1488392077208824,0.05152374888960226,0.15096962903211897,302.27533530172303
Simulation_000001,Graphite,3.1488392077208824,0.060891703233166304,0.15096962903211897,302.27534137779395
Simulation_000001,Graphite,3.1488392077208824,0.07025965757673035,0.15096962903211897,302.27535039356593
Simulation_000001,Graphite,3.1488392077208824,0.0796276119202944,0.15096962903211897,302.2753636095981
Simulation_000001,Graphite,3.1488392077208824,0.08899556626385845,0.15096962903211897,302.2753827649086
Simulation_000001,Graphite,3.1488392077208824,0.0983635206074225,0.15096962903211897,302.2754102255722
Simulation_000001,Graphite,3.1488392077208824,0.10773147495098653,0.15096962903211897,302.275449167605
Simulation_000001,Graphite,3.1488392077208824,0.11709942929455058,0.15096962903211897,302.27550379690865
Simulation_000001,Graphite,3.1488392077208824,0.12646738363811463,0.15096962903211897,302.2755796071971
Simulation_000001,Graphite,3.1488392077208824,0.13583533798167866,0.15096962903211897,302.2756836739271
Simulation_000001,Graphite,3.1488392077208824,0.1452032923252427,0.15096962903211897,302.2758249780582
Simulation_000001,Graphite,3.1488392077208824,0.15457124666880676,0.15096962903211897,302.2760147477772
Simulation_000001,Graphite,3.1488392077208824,0.1639392010123708,0.15096962903211897,302.2762667989613
Simulation_000001,Graphite,3.1488392077208824,0.17330715535593486,0.15096962903211897,302.276597846019
Simulation_000001,Graphite,3.1488392077208824,0.1826751096994989,0.15096962903211897,302.2770277438525
Simulation_000001,Graphite,3.1488392077208824,0.19204306404306296,0.15096962903211897,302.2775796091868
Simulation_000001,Graphite,3.1488392077208824,0.20141101838662698,0.15096962903211897,302.27827975579356
Simulation_000001,Graphite,3.1488392077208824,0.21077897273019103,0.15096962903211897,302.2791573639049
Simulation_000001,Graphite,3.1488392077208824,0.22014692707375508,0.15096962903211897,302.28024379055154
Simulation_000001,Graphite,3.1488392077208824,0.22951488141731913,0.15096962903211897,302.28157141661484
Simulation_000001,Graphite,3.1488392077208824,0.23888283576088318,0.15096962903211897,302.28317192117544
Simulation_000001,Graphite,3.1488392077208824,0.24825079010444723,0.15096962903211897,302.2850738792543
Simulation_000001,Graphite,3.1488392077208824,0.2576187444480113,0.15096962903211897,302.2872996030078
Simulation_000001,Graphite,3.1488392077208824,0.2669866987915753,0.15096962903211897,302.28986120036274
Simulation_000001,Graphite,3.1488392077208824,0.2763546531351394,0.15096962903211897,302.29275592487346
Simulation_000001,Graphite,3.1488392077208824,0.2857226074787034,0.15096962903211897,302.29596105540116
Simulation_000001,Graphite,3.1488392077208824,0.2950905618222675,0.15096962903211897,302.2994287908101
Simulation_000001,Graphite,3.1488392077208824,0.3044585161658315,0.15096962903211897,302.3030819730326
Simulation_000001,Graphite,3.1488392077208824,0.31382647050939555,0.15096962903211897,302.30681181624993
Simulation_000001,Graphite,3.1488392077208824,0.3231944248529596,0.15096962903211897,302.3104790907435
Simulation_000001,Graphite,3.1488392077208824,0.33256237919652365,0.15096962903211897,302.31392014679074
Simulation_000001,Graphite,3.1488392077208824,0.3419303335400877,0.15096962903211897,302.3169584710848
Simulation_000001,Graphite,3.1488392077208824,0.35129828788365175,0.15096962903211897,302.31942102414297
Simulation_000001,Graphite,3.1488392077208824,0.3606662422272158,0.15096962903211897,302.32115684068344
Simulation_000001,Graphite,3.1488392077208824,0.37003419657077985,0.15096962903211897,302.3220543470457
Simulation_000001,Graphite,3.1488392077208824,0.3794021509143439,0.15096962903211897,302.32205433596346
Simulation_000001,Graphite,3.1488392077208824,0.38877010525790795,0.15096962903211897,302.3211568047977
Simulation_000001,Graphite,3.1488392077208824,0.39813805960147197,0.15096962903211897,302.31942095503183
Simulation_000001,Graphite,3.1488392077208824,0.40750601394503605,0.15096962903211897,302.3169583529615
Simulation_000001,Graphite,3.1488392077208824,0.41687396828860007,0.15096962903211897,302.31391995362657
Simulation_000001,Graphite,3.1488392077208824,0.42624192263216415,0.15096962903211897,302.3104787817194
Simulation_000001,Graphite,3.1488392077208824,0.43560987697572817,0.15096962903211897,302.3068113289713
Simulation_000001,Graphite,3.1488392077208824,0.44497783131929225,0.15096962903211897,302.30308121371803
Simulation_000001,Graphite,3.1488392077208824,0.45434578566285627,0.15096962903211897,302.2994276203987
Simulation_000001,Graphite,3.1488392077208824,0.4637137400064203,0.15096962903211897,302.29595927020694
Simulation_000001,Graphite,3.1488392077208824,0.47308169434998437,0.15096962903211897,302.2927532300501
Simulation_000001,Graphite,3.1488392077208824,0.4824496486935484,0.15096962903211897,302.28985717402963
Simulation_000001,Graphite,3.1488392077208824,0.49181760303711247,0.15096962903211897,302.28729364844423
Simulation_000001,Graphite,3.1488392077208824,0.5011855573806765,0.15096962903211897,302.28506516210456
Simulation_000001,Graphite,3.1488392077208824,0.5105535117242406,0.15096962903211897,302.2831592881664
Simulation_000001,Graphite,3.1488392077208824,0.5199214660678046,0.15096962903211897,302.28155329190224
Simulation_000001,Graphite,3.1488392077208824,0.5292894204113686,0.15096962903211897,302.28021804553947
Simulation_000001,Graphite,3.1488392077208824,0.5386573747549327,0.15096962903211897,302.279121156293
Simulation_000001,Graphite,3.1488392077208824,0.5480253290984968,0.15096962903211897,302.278229333767
Simulation_000001,Graphite,3.1488392077208824,0.5573932834420607,0.15096962903211897,302.2775100771494
Simulation_000001,Graphite,3.1488392077208824,0.5667612377856248,0.15096962903211897,302.27693278699184
Simulation_000001,Graphite,3.1488392077208824,0.5761291921291889,0.15096962903211897,302.2764694123289
Simulation_000001,Graphite,3.1488392077208824,0.585497146472753,0.15096962903211897,302.27609473917494
Simulation_000001,Graphite,3.1488392077208824,0.5948651008163169,0.15096962903211897,302.27578641597665
Simulation_000001,Graphite,3.1488392077208824,0.604233055159881,0.15096962903211897,302.27552479847446
Simulation_000001,Graphite,3.1488392077208824,0.6136010095034451,0.15096962903211897,302.2752926825371
Simulation_000001,Graphite,3.1488392077208824,0.6229689638470091,0.15096962903211897,302.2750749799991
Simulation_000001,Graphite,3.1488392077208824,0.6323369181905731,0.15096962903211897,302.2748583800125
Simulation_000001,Graphite,3.1488392077208824,0.6417048725341372,0.15096962903211897,302.2746310272544
Simulation_000001,Graphite,3.1488392077208824,0.6510728268777013,0.15096962903211897,302.27438223864124
Simulation_000001,Graphite,3.1488392077208824,0.6604407812212653,0.15096962903211897,302.27410227199954
Simulation_000001,Graphite,3.1488392077208824,0.6698087355648293,0.15096962903211897,302.2737821533363
Simulation_000001,Graphite,3.1488392077208824,0.6791766899083934,0.15096962903211897,302.2734135638347
Simulation_000001,Graphite,3.1488392077208824,0.6885446442519574,0.15096962903211897,302.2729887833261
Simulation_000001,Graphite,3.1488392077208824,0.6979125985955215,0.15096962903211897,302.27250068364435
Simulation_000001,Graphite,3.1488392077208824,0.7072805529390855,0.15096962903211897,302.2719427628481
Simulation_000001,Graphite,3.1488392077208824,0.7166485072826496,0.15096962903211897,302.27130920972127
Simulation_000001,Graphite,3.1488392077208824,0.7260164616262136,0.15096962903211897,302.27059498717387
Simulation_000001,Graphite,3.1488392077208824,0.7353844159697777,0.15096962903211897,302.2697959231225
Simulation_000001,Graphite,3.1488392077208824,0.7447523703133417,0.15096962903211897,302.26890879807615
Simulation_000001,Graphite,3.1488392077208824,0.7541203246569057,0.15096962903211897,302.2679314199402
Simulation_000001,Graphite,3.1488392077208824,0.004683977171782023,0.1573938685654006,302.27588449304295
Simulation_000001,Graphite,3.1488392077208824,0.01405193151534607,0.1573938685654006,302.2758849787837
Simulation_000001,Graphite,3.1488392077208824,0.023419885858910118,0.1573938685654006,302.27588603880247
Simulation_000001,Graphite,3.1488392077208824,0.03278784020247416,0.1573938685654006,302.27588786204956
Simulation_000001,Graphite,3.1488392077208824,0.04215579454603821,0.1573938685654006,302.27589076255686
Simulation_000001,Graphite,3.1488392077208824,0.05152374888960226,0.1573938685654006,302.2758952187224
Simulation_000001,Graphite,3.1488392077208824,0.060891703233166304,0.1573938685654006,302.27590192991227
Simulation_000001,Graphite,3.1488392077208824,0.07025965757673035,0.1573938685654006,302.27591189390193
Simulation_000001,Graphite,3.1488392077208824,0.0796276119202944,0.1573938685654006,302.27592650937686
Simulation_000001,Graphite,3.1488392077208824,0.08899556626385845,0.1573938685654006,302.2759477082154
Simulation_000001,Graphite,3.1488392077208824,0.0983635206074225,0.1573938685654006,302.2759781224522
Simulation_000001,Graphite,3.1488392077208824,0.10773147495098653,0.1573938685654006,302.2760212905229
Simulation_000001,Graphite,3.1488392077208824,0.11709942929455058,0.1573938685654006,302.2760819064246
Simulation_000001,Graphite,3.1488392077208824,0.12646738363811463,0.1573938685654006,302.2761661135622
Simulation_000001,Graphite,3.1488392077208824,0.13583533798167866,0.1573938685654006,302.27628184204934
Simulation_000001,Graphite,3.1488392077208824,0.1452032923252427,0.1573938685654006,302.27643918382347
Simulation_000001,Graphite,3.1488392077208824,0.15457124666880676,0.1573938685654006,302.27665079387305
Simulation_000001,Graphite,3.1488392077208824,0.1639392010123708,0.1573938685654006,302.2769322979281
Simulation_000001,Graphite,3.1488392077208824,0.17330715535593486,0.1573938685654006,302.2773026769687
Simulation_000001,Graphite,3.1488392077208824,0.1826751096994989,0.1573938685654006,302.27778458675806
Simulation_000001,Graphite,3.1488392077208824,0.19204306404306296,0.1573938685654006,302.2784045563479
Simulation_000001,Graphite,3.1488392077208824,0.20141101838662698,0.1573938685654006,302.27919299331745
Simulation_000001,Graphite,3.1488392077208824,0.21077897273019103,0.1573938685654006,302.2801839058517
Simulation_000001,Graphite,3.1488392077208824,0.22014692707375508,0.1573938685654006,302.2814142334977
Simulation_000001,Graphite,3.1488392077208824,0.22951488141731913,0.1573938685654006,302.2829226611235
Simulation_000001,Graphite,3.1488392077208824,0.23888283576088318,0.1573938685654006,302.284747777017
Simulation_000001,Graphite,3.1488392077208824,0.24825079010444723,0.1573938685654006,302.2869254311051
Simulation_000001,Graphite,3.1488392077208824,0.2576187444480113,0.1573938685654006,302.2894851613515
Simulation_000001,Graphite,3.1488392077208824,0.2669866987915753,0.1573938685654006,302.2924455994535
Simulation_000001,Graphite,3.1488392077208824,0.2763546531351394,0.1573938685654006,302.29580886273203
Simulation_000001,Graphite,3.1488392077208824,0.2857226074787034,0.1573938685654006,302.2995541183394
Simulation_000001,Graphite,3.1488392077208824,0.2950905618222675,0.1573938685654006,302.303630804875
Simulation_000001,Graphite,3.1488392077208824,0.3044585161658315,0.1573938685654006,302.3079524413722
Simulation_000001,Graphite,3.1488392077208824,0.31382647050939555,0.1573938685654006,302.31239252091217
Simulation_000001,Graphite,3.1488392077208824,0.3231944248529596,0.1573938685654006,302.3167845301016
Simulation_000001,Graphite,3.1488392077208824,0.33256237919652365,0.1573938685654006,302.3209283036559
Simulation_000001,Graphite,3.1488392077208824,0.3419303335400877,0.1573938685654006,302.3246041652127
Simulation_000001,Graphite,3.1488392077208824,0.35129828788365175,0.1573938685654006,302.32759420497683
Simulation_000001,Graphite,3.1488392077208824,0.3606662422272158,0.1573938685654006,302.3297071101301
Simulation_000001,Graphite,3.1488392077208824,0.37003419657077985,0.1573938685654006,302.3308011677199
Simulation_000001,Graphite,3.1488392077208824,0.3794021509143439,0.1573938685654006,302.3308011566375
Simulation_000001,Graphite,3.1488392077208824,0.38877010525790795,0.1573938685654006,302.32970707424363
Simulation_000001,Graphite,3.1488392077208824,0.39813805960147197,0.1573938685654006,302.32759413586444
Simulation_000001,Graphite,3.1488392077208824,0.40750601394503605,0.1573938685654006,302.32460404708746
Simulation_000001,Graphite,3.1488392077208824,0.41687396828860007,0.1573938685654006,302.32092811048847
Simulation_000001,Graphite,3.1488392077208824,0.42624192263216415,0.1573938685654006,302.31678422107234
Simulation_000001,Graphite,3.1488392077208824,0.43560987697572817,0.1573938685654006,302.31239203362554
Simulation_000001,Graphite,3.1488392077208824,0.44497783131929225,0.1573938685654006,302.30795168204526
Simulation_000001,Graphite,3.1488392077208824,0.45434578566285627,0.1573938685654006,302.30362963444463
Simulation_000001,Graphite,3.1488392077208824,0.4637137400064203,0.1573938685654006,302.29955233311654
Simulation_000001,Graphite,3.1488392077208824,0.47308169434998437,0.1573938685654006,302.29580616786563
Simulation_000001,Graphite,3.1488392077208824,0.4824496486935484,0.1573938685654006,302.2924415730569
Simulation_000001,Graphite,3.1488392077208824,0.49181760303711247,0.1573938685654006,302.2894792066951
Simulation_000001,Graphite,3.1488392077208824,0.5011855573806765,0.1573938685654006,302.2869167138209
Simulation_000001,Graphite,3.1488392077208824,0.5105535117242406,0.1573938685654006,302.2847351438158
Simulation_000001,Graphite,3.1488392077208824,0.5199214660678046,0.1573938685654006,302.2829045361391
Simulation_000001,Graphite,3.1488392077208824,0.5292894204113686,0.1573938685654006,302.28138848810556
Simulation_000001,Graphite,3.1488392077208824,0.5386573747549327,0.1573938685654006,302.2801476977145
Simulation_000001,Graphite,3.1488392077208824,0.5480253290984968,0.1573938685654006,302.27914257057296
Simulation_000001,Graphite,3.1488392077208824,0.5573932834420607,0.1573938685654006,302.27833502334056
Simulation_000001,Graphite,3.1488392077208824,0.5667612377856248,0.1573938685654006,302.27768962860205
Simulation_000001,Graphite,3.1488392077208824,0.5761291921291889,0.1573938685654006,302.2771742415685
Simulation_000001,Graphite,3.1488392077208824,0.585497146472753,0.1573938685654006,302.27676023591033
Simulation_000001,Graphite,3.1488392077208824,0.5948651008163169,0.1573938685654006,302.2764224591947
Simulation_000001,Graphite,3.1488392077208824,0.604233055159881,0.1573938685654006,302.27613900057173
Simulation_000001,Graphite,3.1488392077208824,0.6136010095034451,0.1573938685654006,302.2758908460385
Simulation_000001,Graphite,3.1488392077208824,0.6229689638470091,0.1573938685654006,302.2756614806108
Simulation_000001,Graphite,3.1488392077208824,0.6323369181905731,0.1573938685654006,302.27543648244654
Simulation_000001,Graphite,3.1488392077208824,0.6417048725341372,0.1573938685654006,302.2752031415516
Simulation_000001,Graphite,3.1488392077208824,0.6510728268777013,0.1573938685654006,302.27495012513714
Simulation_000001,Graphite,3.1488392077208824,0.6604407812212653,0.1573938685654006,302.2746672029162
Simulation_000001,Graphite,3.1488392077208824,0.6698087355648293,0.1573938685654006,302.2743450384467
Simulation_000001,Graphite,3.1488392077208824,0.6791766899083934,0.1573938685654006,302.2739750468971
Simulation_000001,Graphite,3.1488392077208824,0.6885446442519574,0.1573938685654006,302.27354931513463
Simulation_000001,Graphite,3.1488392077208824,0.6979125985955215,0.1573938685654006,302.2730605766751
Simulation_000001,Graphite,3.1488392077208824,0.7072805529390855,0.1573938685654006,302.27250223164833
Simulation_000001,Graphite,3.1488392077208824,0.7166485072826496,0.1573938685654006,302.27186840043396
Simulation_000001,Graphite,3.1488392077208824,0.7260164616262136,0.1573938685654006,302.27115399892654
Simulation_000001,Graphite,3.1488392077208824,0.7353844159697777,0.1573938685654006,302.2703548234502
Simulation_000001,Graphite,3.1488392077208824,0.7447523703133417,0.1573938685654006,302.26946763409364
Simulation_000001,Graphite,3.1488392077208824,0.7541203246569057,0.1573938685654006,302.2684902266242
Simulation_000001,Graphite,3.1488392077208824,0.004683977171782023,0.16381810809868227,302.2763593019541
Simulation_000001,Graphite,3.1488392077208824,0.01405193151534607,0.16381810809868227,302.27635983427825
Simulation_000001,Graphite,3.1488392077208824,0.023419885858910118,0.16381810809868227,302.2763609961638
Simulation_000001,Graphite,3.1488392077208824,0.03278784020247416,0.16381810809868227,302.2763629951881
Simulation_000001,Graphite,3.1488392077208824,0.04215579454603821,0.16381810809868227,302.2763661765004
Simulation_000001,Graphite,3.1488392077208824,0.05152374888960226,0.16381810809868227,302.27637106622694
Simulation_000001,Graphite,3.1488392077208824,0.060891703233166304,0.16381810809868227,302.2763784340884
Simulation_000001,Graphite,3.1488392077208824,0.07025965757673035,0.16381810809868227,302.2763893792082
Simulation_000001,Graphite,3.1488392077208824,0.0796276119202944,0.16381810809868227,302.27640544391295
Simulation_000001,Graphite,3.1488392077208824,0.08899556626385845,0.16381810809868227,302.2764287609526
Simulation_000001,Graphite,3.1488392077208824,0.0983635206074225,0.16381810809868227,302.27646223986164
Simulation_000001,Graphite,3.1488392077208824,0.10773147495098653,0.16381810809868227,302.2765097979858
Simulation_000001,Graphite,3.1488392077208824,0.11709942929455058,0.16381810809868227,302.27657664080743
Simulation_000001,Graphite,3.1488392077208824,0.12646738363811463,0.16381810809868227,302.27666959436186
Simulation_000001,Graphite,3.1488392077208824,0.13583533798167866,0.16381810809868227,302.27679748949043
Simulation_000001,Graphite,3.1488392077208824,0.1452032923252427,0.16381810809868227,302.27697159312294
Simulation_000001,Graphite,3.1488392077208824,0.15457124666880676,0.16381810809868227,302.27720607542733
Simulation_000001,Graphite,3.1488392077208824,0.1639392010123708,0.16381810809868227,302.27751849324324
Simulation_000001,Graphite,3.1488392077208824,0.17330715535593486,0.16381810809868227,302.2779302594622
Simulation_000001,Graphite,3.1488392077208824,0.1826751096994989,0.16381810809868227,302.2784670547535
Simulation_000001,Graphite,3.1488392077208824,0.19204306404306296,0.16381810809868227,302.27915912211864
Simulation_000001,Graphite,3.1488392077208824,0.20141101838662698,0.16381810809868227,302.28004136616505
Simulation_000001,Graphite,3.1488392077208824,0.21077897273019103,0.16381810809868227,302.2811531578242
Simulation_000001,Graphite,3.1488392077208824,0.22014692707375508,0.16381810809868227,302.2825377218863
Simulation_000001,Graphite,3.1488392077208824,0.22951488141731913,0.16381810809868227,302.28424096008365
Simulation_000001,Graphite,3.1488392077208824,0.23888283576088318,0.16381810809868227,302.2863095385056
Simulation_000001,Graphite,3.1488392077208824,0.24825079010444723,0.16381810809868227,302.28878804897397
Simulation_000001,Graphite,3.1488392077208824,0.2576187444480113,0.16381810809868227,302.2917150477676
Simulation_000001,Graphite,3.1488392077208824,0.2669866987915753,0.16381810809868227,302.2951177970134
Simulation_000001,Graphite,3.1488392077208824,0.2763546531351394,0.16381810809868227,302.2990056111448
Simulation_000001,Graphite,3.1488392077208824,0.2857226074787034,0.16381810809868227,302.30336188699994
Simulation_000001,Graphite,3.1488392077208824,0.2950905618222675,0.16381810809868227,302.3081352345671
Simulation_000001,Graphite,3.1488392077208824,0.3044585161658315,0.16381810809868227,302.31323069732343
Simulation_000001,Graphite,3.1488392077208824,0.31382647050939555,0.16381810809868227,302.31850288899807
Simulation_000001,Graphite,3.1488392077208824,0.3231944248529596,0.16381810809868227,302.32375385580826
Simulation_000001,Graphite,3.1488392077208824,0.33256237919652365,0.16381810809868227,302.32873913036065
Simulation_000001,Graphite,3.1488392077208824,0.3419303335400877,0.16381810809868227,302.33318481525475
Simulation_000001,Graphite,3.1488392077208824,0.35129828788365175,0.16381810809868227,302.33681553798914
Simulation_000001,Graphite,3.1488392077208824,0.3606662422272158,0.16381810809868227,302.33938808817527
Simulation_000001,Graphite,3.1488392077208824,0.37003419657077985,0.16381810809868227,302.3407221585372
Simulation_000001,Graphite,3.1488392077208824,0.3794021509143439,0.16381810809868227,302.34072214745464
Simulation_000001,Graphite,3.1488392077208824,0.38877010525790795,0.16381810809868227,302.33938805228837
Simulation_000001,Graphite,3.1488392077208824,0.39813805960147197,0.16381810809868227,302.3368154688759
Simulation_000001,Graphite,3.1488392077208824,0.40750601394503605,0.16381810809868227,302.3331846971278
Simulation_000001,Graphite,3.1488392077208824,0.41687396828860007,0.16381810809868227,302.3287389371905
Simulation_000001,Graphite,3.1488392077208824,0.42624192263216415,0.16381810809868227,302.3237535467748
Simulation_000001,Graphite,3.1488392077208824,0.43560987697572817,0.16381810809868227,302.3185024017046
Simulation_000001,Graphite,3.1488392077208824,0.44497783131929225,0.16381810809868227,302.31322993798614
Simulation_000001,Graphite,3.1488392077208824,0.45434578566285627,0.16381810809868227,302.30813406412085
Simulation_000001,Graphite,3.1488392077208824,0.4637137400064203,0.16381810809868227,302.30336010175307
Simulation_000001,Graphite,3.1488392077208824,0.47308169434998437,0.16381810809868227,302.2990029162427
Simulation_000001,Graphite,3.1488392077208824,0.4824496486935484,0.16381810809868227,302.29511377056383
Simulation_000001,Graphite,3.1488392077208824,0.49181760303711247,0.16381810809868227,302.2917090930338
Simulation_000001,Graphite,3.1488392077208824,0.5011855573806765,0.16381810809868227,302.2887793315781
Simulation_000001,Graphite,3.1488392077208824,0.5105535117242406,0.16381810809868227,302.28629690514464
Simulation_000001,Graphite,3.1488392077208824,0.5199214660678046,0.16381810809868227,302.28422283487356
Simulation_000001,Graphite,3.1488392077208824,0.5292894204113686,0.16381810809868227,302.28251197617885
Simulation_000001,Graphite,3.1488392077208824,0.5386573747549327,0.16381810809868227,302.2811169492515
Simulation_000001,Graphite,3.1488392077208824,0.5480253290984968,0.16381810809868227,302.2799909428259
Simulation_000001,Graphite,3.1488392077208824,0.5573932834420607,0.16381810809868227,302.27908958830864
Simulation_000001,Graphite,3.1488392077208824,0.5667612377856248,0.16381810809868227,302.2783720955264
Simulation_000001,Graphite,3.1488392077208824,0.5761291921291889,0.16381810809868227,302.2778018226494
Simulation_000001,Graphite,3.1488392077208824,0.585497146472753,0.16381810809868227,302.277346429384
Simulation_000001,Graphite,3.1488392077208824,0.5948651008163169,0.16381810809868227,302.27697773837656
Simulation_000001,Graphite,3.1488392077208824,0.604233055159881,0.16381810809868227,302.2766714068502
Simulation_000001,Graphite,3.1488392077208824,0.6136010095034451,0.16381810809868227,302.2764064896774
Simulation_000001,Graphite,3.1488392077208824,0.6229689638470091,0.16381810809868227,302.2761649566796
Simulation_000001,Graphite,3.1488392077208824,0.6323369181905731,0.16381810809868227,302.2759312110092
Simulation_000001,Graphite,3.1488392077208824,0.6417048725341372,0.16381810809868227,302.2756916419304
Simulation_000001,Graphite,3.1488392077208824,0.6510728268777013,0.16381810809868227,302.27543423400914
Simulation_000001,Graphite,3.1488392077208824,0.6604407812212653,0.16381810809868227,302.2751482454516
Simulation_000001,Graphite,3.1488392077208824,0.6698087355648293,0.16381810809868227,302.27482396087004
Simulation_000001,Graphite,3.1488392077208824,0.6791766899083934,0.16381810809868227,302.2744525178683
Simulation_000001,Graphite,3.1488392077208824,0.6885446442519574,0.16381810809868227,302.2740258023233
Simulation_000001,Graphite,3.1488392077208824,0.6979125985955215,0.16381810809868227,302.2735364038982
Simulation_000001,Graphite,3.1488392077208824,0.7072805529390855,0.16381810809868227,302.2729776210088
Simulation_000001,Graphite,3.1488392077208824,0.7166485072826496,0.16381810809868227,302.27234350306514
Simulation_000001,Graphite,3.1488392077208824,0.7260164616262136,0.16381810809868227,302.27162891722793
Simulation_000001,Graphite,3.1488392077208824,0.7353844159697777,0.16381810809868227,302.2708296270985
Simulation_000001,Graphite,3.1488392077208824,0.7447523703133417,0.16381810809868227,302.26994237162637
Simulation_000001,Graphite,3.1488392077208824,0.7541203246569057,0.16381810809868227,302.2689649340182
Simulation_000001,Graphite,3.1488392077208824,0.004683977171782023,0.17024234763196394,302.27676071957757
Simulation_000001,Graphite,3.1488392077208824,0.01405193151534607,0.17024234763196394,302.276761299451
Simulation_000001,Graphite,3.1488392077208824,0.023419885858910118,0.17024234763196394,302.27676256533914
Simulation_000001,Graphite,3.1488392077208824,0.03278784020247416,0.17024234763196394,302.27676474389034
Simulation_000001,Graphite,3.1488392077208824,0.04215579454603821,0.17024234763196394,302.2767682121313
Simulation_000001,Graphite,3.1488392077208824,0.05152374888960226,0.17024234763196394,302.276773545121
Simulation_000001,Graphite,3.1488392077208824,0.060891703233166304,0.17024234763196394,302.2767815847802
Simulation_000001,Graphite,3.1488392077208824,0.07025965757673035,0.17024234763196394,302.27679353435684
Simulation_000001,Graphite,3.1488392077208824,0.0796276119202944,0.17024234763196394,302.2768110839488
Simulation_000001,Graphite,3.1488392077208824,0.08899556626385845,0.17024234763196394,302.27683657326565
Simulation_000001,Graphite,3.1488392077208824,0.0983635206074225,0.17024234763196394,302.2768731982444
Simulation_000001,Graphite,3.1488392077208824,0.10773147495098653,0.17024234763196394,302.2769252680695
Simulation_000001,Graphite,3.1488392077208824,0.11709942929455058,0.17024234763196394,302.2769985183541
Simulation_000001,Graphite,3.1488392077208824,0.12646738363811463,0.17024234763196394,302.27710048448415
Simulation_000001,Graphite,3.1488392077208824,0.13583533798167866,0.17024234763196394,302.2772409360865
Simulation_000001,Graphite,3.1488392077208824,0.1452032923252427,0.17024234763196394,302.27743236896987
Simulation_000001,Graphite,3.1488392077208824,0.15457124666880676,0.17024234763196394,302.2776905443519
Simulation_000001,Graphite,3.1488392077208824,0.1639392010123708,0.17024234763196394,302.2780350564179
Simulation_000001,Graphite,3.1488392077208824,0.17330715535593486,0.17024234763196394,302.27848989792835
Simulation_000001,Graphite,3.1488392077208824,0.1826751096994989,0.17024234763196394,302.2790839794139
Simulation_000001,Graphite,3.1488392077208824,0.19204306404306296,0.17024234763196394,302.2798515401677
Simulation_000001,Graphite,3.1488392077208824,0.20141101838662698,0.17024234763196394,302.28083236847976
Simulation_000001,Graphite,3.1488392077208824,0.21077897273019103,0.17024234763196394,302.2820717240559
Simulation_000001,Graphite,3.1488392077208824,0.22014692707375508,0.17024234763196394,302.28361982708014
Simulation_000001,Graphite,3.1488392077208824,0.22951488141731913,0.17024234763196394,302.28553074586284
Simulation_000001,Graphite,3.1488392077208824,0.23888283576088318,0.17024234763196394,302.2878604791217
Simulation_000001,Graphite,3.1488392077208824,0.24825079010444723,0.17024234763196394,302.29066399202713
Simulation_000001,Graphite,3.1488392077208824,0.2576187444480113,0.17024234763196394,302.29399093353305
Simulation_000001,Graphite,3.1488392077208824,0.2669866987915753,0.17024234763196394,302.2978797505865
Simulation_000001,Graphite,3.1488392077208824,0.2763546531351394,0.17024234763196394,302.3023499522893
Simulation_000001,Graphite,3.1488392077208824,0.2857226074787034,0.17024234763196394,302.30739242005455
Simulation_000001,Graphite,3.1488392077208824,0.2950905618222675,0.17024234763196394,302.31295800357975
Simulation_000001,Graphite,3.1488392077208824,0.3044585161658315,0.17024234763196394,302.31894532540065
Simulation_000001,Graphite,3.1488392077208824,0.31382647050939555,0.17024234763196394,302.3251898816206
Simulation_000001,Graphite,3.1488392077208824,0.3231944248529596,0.17024234763196394,302.33145816670503
Simulation_000001,Graphite,3.1488392077208824,0.33256237919652365,0.17024234763196394,302.33745214728503
Simulation_000001,Graphite,3.1488392077208824,0.3419303335400877,0.17024234763196394,302.34282942038647
Simulation_000001,Graphite,3.1488392077208824,0.35129828788365175,0.17024234763196394,302.3472403416069
Simulation_000001,Graphite,3.1488392077208824,0.3606662422272158,0.17024234763196394,302.3503745537693
Simulation_000001,Graphite,3.1488392077208824,0.37003419657077985,0.17024234763196394,302.3520023489621
Simulation_000001,Graphite,3.1488392077208824,0.3794021509143439,0.17024234763196394,302.35200233787947
Simulation_000001,Graphite,3.1488392077208824,0.38877010525790795,0.17024234763196394,302.350374517882
Simulation_000001,Graphite,3.1488392077208824,0.39813805960147197,0.17024234763196394,302.3472402724928
Simulation_000001,Graphite,3.1488392077208824,0.40750601394503605,0.17024234763196394,302.3428293022581
Simulation_000001,Graphite,3.1488392077208824,0.41687396828860007,0.17024234763196394,302.3374519541126
Simulation_000001,Graphite,3.1488392077208824,0.42624192263216415,0.17024234763196394,302.331457857668
Simulation_000001,Graphite,3.1488392077208824,0.43560987697572817,0.17024234763196394,302.3251893943217
Simulation_000001,Graphite,3.1488392077208824,0.44497783131929225,0.17024234763196394,302.31894456605477
Simulation_000001,Graphite,3.1488392077208824,0.45434578566285627,0.17024234763196394,302.3129568331205
Simulation_000001,Graphite,3.1488392077208824,0.4637137400064203,0.17024234763196394,302.30739063478796
Simulation_000001,Graphite,3.1488392077208824,0.47308169434998437,0.17024234763196394,302.3023472573575
Simulation_000001,Graphite,3.1488392077208824,0.4824496486935484,0.17024234763196394,302.29787572409316
Simulation_000001,Graphite,3.1488392077208824,0.49181760303711247,0.17024234763196394,302.29398497873524
Simulation_000001,Graphite,3.1488392077208824,0.5011855573806765,0.17024234763196394,302.2906552745387
Simulation_000001,Graphite,3.1488392077208824,0.5105535117242406,0.17024234763196394,302.2878478456288
Simulation_000001,Graphite,3.1488392077208824,0.5199214660678046,0.17024234763196394,302.2855126204664
Simulation_000001,Graphite,3.1488392077208824,0.5292894204113686,0.17024234763196394,302.2835940811124
Simulation_000001,Graphite,3.1488392077208824,0.5386573747549327,0.17024234763196394,302.28203551512405
Simulation_000001,Graphite,3.1488392077208824,0.5480253290984968,0.17024234763196394,302.2807819446506
Simulation_000001,Graphite,3.1488392077208824,0.5573932834420607,0.17024234763196394,302.27978200569675
Simulation_000001,Graphite,3.1488392077208824,0.5667612377856248,0.17024234763196394,302.27898901930575
Simulation_000001,Graphite,3.1488392077208824,0.5761291921291889,0.17024234763196394,302.27836145995457
Simulation_000001,Graphite,3.1488392077208824,0.585497146472753,0.17024234763196394,302.2778629910468
Simulation_000001,Graphite,3.1488392077208824,0.5948651008163169,0.17024234763196394,302.27746220535494
Simulation_000001,Graphite,3.1488392077208824,0.604233055159881,0.17024234763196394,302.277132180221
Simulation_000001,Graphite,3.1488392077208824,0.6136010095034451,0.17024234763196394,302.27684993315944
Simulation_000001,Graphite,3.1488392077208824,0.6229689638470091,0.17024234763196394,302.2765958429298
Simulation_000001,Graphite,3.1488392077208824,0.6323369181905731,0.17024234763196394,302.27635308379325
Simulation_000001,Graphite,3.1488392077208824,0.6417048725341372,0.17024234763196394,302.27610710621593
Simulation_000001,Graphite,3.1488392077208824,0.6510728268777013,0.17024234763196394,302.2758451853971
Simulation_000001,Graphite,3.1488392077208824,0.6604407812212653,0.17024234763196394,302.275556049388
Simulation_000001,Graphite,3.1488392077208824,0.6698087355648293,0.17024234763196394,302.27522959092204
Simulation_000001,Graphite,3.1488392077208824,0.6791766899083934,0.17024234763196394,302.2748566611271
Simulation_000001,Graphite,3.1488392077208824,0.6885446442519574,0.17024234763196394,302.27442893879123
Simulation_000001,Graphite,3.1488392077208824,0.6979125985955215,0.17024234763196394,302.27393886557934
Simulation_000001,Graphite,3.1488392077208824,0.7072805529390855,0.17024234763196394,302.2733796353963
Simulation_000001,Graphite,3.1488392077208824,0.7166485072826496,0.17024234763196394,302.2727452248108
Simulation_000001,Graphite,3.1488392077208824,0.7260164616262136,0.17024234763196394,302.27203045101095
Simulation_000001,Graphite,3.1488392077208824,0.7353844159697777,0.17024234763196394,302.271231044068
Simulation_000001,Graphite,3.1488392077208824,0.7447523703133417,0.17024234763196394,302.2703437212836
Simulation_000001,Graphite,3.1488392077208824,0.7541203246569057,0.17024234763196394,302.2693662530067
Simulation_000001,Graphite,3.1488392077208824,0.004683977171782023,0.1766665871652456,302.27709843955535
Simulation_000001,Graphite,3.1488392077208824,0.01405193151534607,0.1766665871652456,302.27709906742376
Simulation_000001,Graphite,3.1488392077208824,0.023419885858910118,0.1766665871652456,302.27710043831223
Simulation_000001,Graphite,3.1488392077208824,0.03278784020247416,0.1766665871652456,302.27710279817455
Simulation_000001,Graphite,3.1488392077208824,0.04215579454603821,0.1766665871652456,302.2771065563249
Simulation_000001,Graphite,3.1488392077208824,0.05152374888960226,0.1766665871652456,302.2771123374221
Simulation_000001,Graphite,3.1488392077208824,0.060891703233166304,0.1766665871652456,302.27712105663875
Simulation_000001,Graphite,3.1488392077208824,0.07025965757673035,0.1766665871652456,302.2771340229807
Simulation_000001,Graphite,3.1488392077208824,0.0796276119202944,0.1766665871652456,302.2771530768251
Simulation_000001,Graphite,3.1488392077208824,0.08899556626385845,0.1766665871652456,302.2771807686595
Simulation_000001,Graphite,3.1488392077208824,0.0983635206074225,0.1766665871652456,302.27722058659504
Simulation_000001,Graphite,3.1488392077208824,0.10773147495098653,0.1766665871652456,302.27727724031143
Simulation_000001,Graphite,3.1488392077208824,0.11709942929455058,0.1766665871652456,302.2773570084522
Simulation_000001,Graphite,3.1488392077208824,0.12646738363811463,0.1766665871652456,302.2774681548445
Simulation_000001,Graphite,3.1488392077208824,0.13583533798167866,0.1766665871652456,302.2776214159738
Simulation_000001,Graphite,3.1488392077208824,0.1452032923252427,0.1766665871652456,302.2778305575529
Simulation_000001,Graphite,3.1488392077208824,0.15457124666880676,0.1766665871652456,302.2781129914428
Simulation_000001,Graphite,3.1488392077208824,0.1639392010123708,0.1766665871652456,302.2784904352356
Simulation_000001,Graphite,3.1488392077208824,0.17330715535593486,0.1766665871652456,302.27898958514135
Simulation_000001,Graphite,3.1488392077208824,0.1826751096994989,0.1766665871652456,302.2796427580188
Simulation_000001,Graphite,3.1488392077208824,0.19204306404306296,0.1766665871652456,302.2804884400278
Simulation_000001,Graphite,3.1488392077208824,0.20141101838662698,0.1766665871652456,302.28157165689447
Simulation_000001,Graphite,3.1488392077208824,0.21077897273019103,0.1766665871652456,302.28294405343604
Simulation_000001,Graphite,3.1488392077208824,0.22014692707375508,0.1766665871652456,302.28466353680216
Simulation_000001,Graphite,3.1488392077208824,0.22951488141731913,0.1766665871652456,302.28679329761354
Simulation_000001,Graphite,3.1488392077208824,0.23888283576088318,0.1766665871652456,302.2893999745787
Simulation_000001,Graphite,3.1488392077208824,0.24825079010444723,0.1766665871652456,302.2925506708123
Simulation_000001,Graphite,3.1488392077208824,0.2576187444480113,0.1766665871652456,302.29630846645534
Simulation_000001,Graphite,3.1488392077208824,0.2669866987915753,0.1766665871652456,302.30072601239306
Simulation_000001,Graphite,3.1488392077208824,0.2763546531351394,0.1766665871652456,302.30583676111706
Simulation_000001,Graphite,3.1488392077208824,0.2857226074787034,0.1766665871652456,302.3116434552371
Simulation_000001,Graphite,3.1488392077208824,0.2950905618222675,0.1766665871652456,302.31810377752583
Simulation_000001,Graphite,3.1488392077208824,0.3044585161658315,0.1766665871652456,302.32511379238116
Simulation_000001,Graphite,3.1488392077208824,0.31382647050939555,0.1766665871652456,302.3324913024257
Simulation_000001,Graphite,3.1488392077208824,0.3231944248529596,0.1766665871652456,302.3399637853423
Simulation_000001,Graphite,3.1488392077208824,0.33256237919652365,0.1766665871652456,302.34716883792413
Simulation_000001,Graphite,3.1488392077208824,0.3419303335400877,0.1766665871652456,302.35367686609624
Simulation_000001,Graphite,3.1488392077208824,0.35129828788365175,0.1766665871652456,302.3590410061044
Simulation_000001,Graphite,3.1488392077208824,0.3606662422272158,0.1766665871652456,302.362863449375
Simulation_000001,Graphite,3.1488392077208824,0.37003419657077985,0.1766665871652456,302.3648514797713
Simulation_000001,Graphite,3.1488392077208824,0.3794021509143439,0.1766665871652456,302.3648514686885
Simulation_000001,Graphite,3.1488392077208824,0.38877010525790795,0.1766665871652456,302.3628634134874
Simulation_000001,Graphite,3.1488392077208824,0.39813805960147197,0.1766665871652456,302.3590409369897
Simulation_000001,Graphite,3.1488392077208824,0.40750601394503605,0.1766665871652456,302.35367674796674
Simulation_000001,Graphite,3.1488392077208824,0.41687396828860007,0.1766665871652456,302.34716864474996
Simulation_000001,Graphite,3.1488392077208824,0.42624192263216415,0.1766665871652456,302.33996347630233
Simulation_000001,Graphite,3.1488392077208824,0.43560987697572817,0.1766665871652456,302.3324908151221
Simulation_000001,Graphite,3.1488392077208824,0.44497783131929225,0.1766665871652456,302.3251130330281
Simulation_000001,Graphite,3.1488392077208824,0.45434578566285627,0.1766665871652456,302.3181026070557
Simulation_000001,Graphite,3.1488392077208824,0.4637137400064203,0.1766665871652456,302.3116416699541
Simulation_000001,Graphite,3.1488392077208824,0.47308169434998437,0.1766665871652456,302.30583406616086
Simulation_000001,Graphite,3.1488392077208824,0.4824496486935484,0.1766665871652456,302.3007219858637
Simulation_000001,Graphite,3.1488392077208824,0.49181760303711247,0.1766665871652456,302.2963025116049
Simulation_000001,Graphite,3.1488392077208824,0.5011855573806765,0.1766665871652456,302.29254195324785
Simulation_000001,Graphite,3.1488392077208824,0.5105535117242406,0.1766665871652456,302.28938734097727
Simulation_000001,Graphite,3.1488392077208824,0.5199214660678046,0.1766665871652456,302.2867751720639
Simulation_000001,Graphite,3.1488392077208824,0.5292894204113686,0.1766665871652456,302.2846377906208
Simulation_000001,Graphite,3.1488392077208824,0.5386573747549327,0.1766665871652456,302.28290784420955
Simulation_000001,Graphite,3.1488392077208824,0.5480253290984968,0.1766665871652456,302.2815212326635
Simulation_000001,Graphite,3.1488392077208824,0.5573932834420607,0.1766665871652456,302.2804189050155
Simulation_000001,Graphite,3.1488392077208824,0.5667612377856248,0.1766665871652456,302.2795477971896
Simulation_000001,Graphite,3.1488392077208824,0.5761291921291889,0.1766665871652456,302.27886114621833
Simulation_000001,Graphite,3.1488392077208824,0.585497146472753,0.1766665871652456,302.2783183686293
Simulation_000001,Graphite,3.1488392077208824,0.5948651008163169,0.1766665871652456,302.2778846508573
Simulation_000001,Graphite,3.1488392077208824,0.604233055159881,0.1766665871652456,302.2775303667845
Simulation_000001,Graphite,3.1488392077208824,0.6136010095034451,0.1766665871652456,302.2772304105083
Simulation_000001,Graphite,3.1488392077208824,0.6229689638470091,0.1766665871652456,302.2769635101349
Simulation_000001,Graphite,3.1488392077208824,0.6323369181905731,0.1766665871652456,302.27671157001055
Simulation_000001,Graphite,3.1488392077208824,0.6417048725341372,0.1766665871652456,302.27645907373045
Simulation_000001,Graphite,3.1488392077208824,0.6510728268777013,0.1766665871652456,302.2761925680358
Simulation_000001,Graphite,3.1488392077208824,0.6604407812212653,0.1766665871652456,302.2759002379219
Simulation_000001,Graphite,3.1488392077208824,0.6698087355648293,0.1766665871652456,302.2755715755818
Simulation_000001,Graphite,3.1488392077208824,0.6791766899083934,0.1766665871652456,302.2751971398915
Simulation_000001,Graphite,3.1488392077208824,0.6885446442519574,0.1766665871652456,302.27476839872264
Simulation_000001,Graphite,3.1488392077208824,0.6979125985955215,0.1766665871652456,302.274277643224
Simulation_000001,Graphite,3.1488392077208824,0.7072805529390855,0.1766665871652456,302.27371796114323
Simulation_000001,Graphite,3.1488392077208824,0.7166485072826496,0.1766665871652456,302.27308325513957
Simulation_000001,Graphite,3.1488392077208824,0.7260164616262136,0.1766665871652456,302.27236829174115
Simulation_000001,Graphite,3.1488392077208824,0.7353844159697777,0.1766665871652456,302.2715687670537
Simulation_000001,Graphite,3.1488392077208824,0.7447523703133417,0.1766665871652456,302.27068137646233
Simulation_000001,Graphite,3.1488392077208824,0.7541203246569057,0.1766665871652456,302.26970387730427
Simulation_000001,Graphite,3.1488392077208824,0.004683977171782023,0.18309082669852725,302.27738117295246
Simulation_000001,Graphite,3.1488392077208824,0.01405193151534607,0.18309082669852725,302.27738184868633
Simulation_000001,Graphite,3.1488392077208824,0.023419885858910118,0.18309082669852725,302.27738332431363
Simulation_000001,Graphite,3.1488392077208824,0.03278784020247416,0.18309082669852725,302.27738586509406
Simulation_000001,Graphite,3.1488392077208824,0.04215579454603821,0.18309082669852725,302.27738991264806
Simulation_000001,Graphite,3.1488392077208824,0.05152374888960226,0.18309082669852725,302.27739614129837
Simulation_000001,Graphite,3.1488392077208824,0.060891703233166304,0.18309082669852725,302.2774055396293
Simulation_000001,Graphite,3.1488392077208824,0.07025965757673035,0.18309082669852725,302.27741952274596
Simulation_000001,Graphite,3.1488392077208824,0.0796276119202944,0.18309082669852725,302.2774400819727
Simulation_000001,Graphite,3.1488392077208824,0.08899556626385845,0.18309082669852725,302.2774699798073
Simulation_000001,Graphite,3.1488392077208824,0.0983635206074225,0.18309082669852725,302.2775129987108
Simulation_000001,Graphite,3.1488392077208824,0.10773147495098653,0.18309082669852725,302.2775742525807
Simulation_000001,Graphite,3.1488392077208824,0.11709942929455058,0.18309082669852725,302.2776605692907
Simulation_000001,Graphite,3.1488392077208824,0.12646738363811463,0.18309082669852725,302.27778095121556
Simulation_000001,Graphite,3.1488392077208824,0.13583533798167866,0.18309082669852725,302.27794711787055
Simulation_000001,Graphite,3.1488392077208824,0.1452032923252427,0.18309082669852725,302.2781741303366
Simulation_000001,Graphite,3.1488392077208824,0.15457124666880676,0.18309082669852725,302.2784810906513
Simulation_000001,Graphite,3.1488392077208824,0.1639392010123708,0.18309082669852725,302.2788919004284
Simulation_000001,Graphite,3.1488392077208824,0.17330715535593486,0.18309082669852725,302.2794360512248
Simulation_000001,Graphite,3.1488392077208824,0.1826751096994989,0.18309082669852725,302.2801494041413
Simulation_000001,Graphite,3.1488392077208824,0.19204306404306296,0.18309082669852725,302.2810748972584
Simulation_000001,Graphite,3.1488392077208824,0.20141101838662698,0.18309082669852725,302.28226309598296
Simulation_000001,Graphite,3.1488392077208824,0.21077897273019103,0.18309082669852725,302.2837724720609
Simulation_000001,Graphite,3.1488392077208824,0.22014692707375508,0.18309082669852725,302.2856692601367
Simulation_000001,Graphite,3.1488392077208824,0.22951488141731913,0.18309082669852725,302.2880266937275
Simulation_000001,Graphite,3.1488392077208824,0.23888283576088318,0.18309082669852725,302.2909233617707
Simulation_000001,Graphite,3.1488392077208824,0.24825079010444723,0.18309082669852725,302.2944403482269
Simulation_000001,Graphite,3.1488392077208824,0.2576187444480113,0.18309082669852725,302.2986567169894
Simulation_000001,Graphite,3.1488392077208824,0.2669866987915753,0.18309082669852725,302.30364278380506
Simulation_000001,Graphite,3.1488392077208824,0.2763546531351394,0.18309082669852725,302.309450492436
Simulation_000001,Graphite,3.1488392077208824,0.2857226074787034,0.18309082669852725,302.3161001386027
Simulation_000001,Graphite,3.1488392077208824,0.2950905618222675,0.18309082669852725,302.32356280230954
Simulation_000001,Graphite,3.1488392077208824,0.3044585161658315,0.18309082669852725,302.331738464359
Simulation_000001,Graphite,3.1488392077208824,0.31382647050939555,0.18309082669852725,302.34043147317436
Simulation_000001,Graphite,3.1488392077208824,0.3231944248529596,0.18309082669852725,302.34932862327804
Simulation_000001,Graphite,3.1488392077208824,0.33256237919652365,0.18309082669852725,302.35799105334684
Simulation_000001,Graphite,3.1488392077208824,0.3419303335400877,0.18309082669852725,302.3658771896792
Simulation_000001,Graphite,3.1488392077208824,0.35129828788365175,0.18309082669852725,302.3724106165539
Simulation_000001,Graphite,3.1488392077208824,0.3606662422272158,0.18309082669852725,302.3770788076084
Simulation_000001,Graphite,3.1488392077208824,0.37003419657077985,0.18309082669852725,302.37950941391426
Simulation_000001,Graphite,3.1488392077208824,0.3794021509143439,0.18309082669852725,302.3795094028314
Simulation_000001,Graphite,3.1488392077208824,0.38877010525790795,0.18309082669852725,302.3770787717205
Simulation_000001,Graphite,3.1488392077208824,0.39813805960147197,0.18309082669852725,302.3724105474386
Simulation_000001,Graphite,3.1488392077208824,0.40750601394503605,0.18309082669852725,302.3658770715489
Simulation_000001,Graphite,3.1488392077208824,0.41687396828860007,0.18309082669852725,302.35799086017107
Simulation_000001,Graphite,3.1488392077208824,0.42624192263216415,0.18309082669852725,302.3493283142356
Simulation_000001,Graphite,3.1488392077208824,0.43560987697572817,0.18309082669852725,302.34043098586716
Simulation_000001,Graphite,3.1488392077208824,0.44497783131929225,0.18309082669852725,302.3317377050002
Simulation_000001,Graphite,3.1488392077208824,0.45434578566285627,0.18309082669852725,302.3235616318305
Simulation_000001,Graphite,3.1488392077208824,0.4637137400064203,0.18309082669852725,302.31609835330624
Simulation_000001,Graphite,3.1488392077208824,0.47308169434998437,0.18309082669852725,302.30944779745965
Simulation_000001,Graphite,3.1488392077208824,0.4824496486935484,0.18309082669852725,302.30363875724606
Simulation_000001,Graphite,3.1488392077208824,0.49181760303711247,0.18309082669852725,302.2986507620958
Simulation_000001,Graphite,3.1488392077208824,0.5011855573806765,0.18309082669852725,302.2944316306002
Simulation_000001,Graphite,3.1488392077208824,0.5105535117242406,0.18309082669852725,302.2909107280804
Simulation_000001,Graphite,3.1488392077208824,0.5199214660678046,0.18309082669852725,302.2880085680527
Simulation_000001,Graphite,3.1488392077208824,0.5292894204113686,0.18309082669852725,302.2856435137809
Simulation_000001,Graphite,3.1488392077208824,0.5386573747549327,0.18309082669852725,302.28373626259395
Simulation_000001,Graphite,3.1488392077208824,0.5480253290984968,0.18309082669852725,302.2822126714245
Simulation_000001,Graphite,3.1488392077208824,0.5573932834420607,0.18309082669852725,302.281005361805
Simulation_000001,Graphite,3.1488392077208824,0.5667612377856248,0.18309082669852725,302.2800544427251
Simulation_000001,Graphite,3.1488392077208824,0.5761291921291889,0.18309082669852725,302.2793076115296
Simulation_000001,Graphite,3.1488392077208824,0.585497146472753,0.18309082669852725,302.2787198328182
Simulation_000001,Graphite,3.1488392077208824,0.5948651008163169,0.18309082669852725,302.27825274877557
Simulation_000001,Graphite,3.1488392077208824,0.604233055159881,0.18309082669852725,302.27787393792903
Simulation_000001,Graphite,3.1488392077208824,0.6136010095034451,0.18309082669852725,302.27755611034587
Simulation_000001,Graphite,3.1488392077208824,0.6229689638470091,0.18309082669852725,302.27727630394673
Simulation_000001,Graphite,3.1488392077208824,0.6323369181905731,0.18309082669852725,302.2770151277002
Simulation_000001,Graphite,3.1488392077208824,0.6417048725341372,0.18309082669852725,302.2767560821599
Simulation_000001,Graphite,3.1488392077208824,0.6510728268777013,0.18309082669852725,302.27648497550246
Simulation_000001,Graphite,3.1488392077208824,0.6604407812212653,0.18309082669852725,302.27618944346517
Simulation_000001,Graphite,3.1488392077208824,0.6698087355648293,0.18309082669852725,302.27585857397685
Simulation_000001,Graphite,3.1488392077208824,0.6791766899083934,0.18309082669852725,302.2754826314807
Simulation_000001,Graphite,3.1488392077208824,0.6885446442519574,0.18309082669852725,302.2750528716963
Simulation_000001,Graphite,3.1488392077208824,0.6979125985955215,0.18309082669852725,302.2745614345819
Simulation_000001,Graphite,3.1488392077208824,0.7072805529390855,0.18309082669852725,302.27400130138074
Simulation_000001,Graphite,3.1488392077208824,0.7166485072826496,0.18309082669852725,302.2733663006771
Simulation_000001,Graphite,3.1488392077208824,0.7260164616262136,0.18309082669852725,302.2726511482701
Simulation_000001,Graphite,3.1488392077208824,0.7353844159697777,0.18309082669852725,302.27185150627827
Simulation_000001,Graphite,3.1488392077208824,0.7447523703133417,0.18309082669852725,302.2709640481691
Simulation_000001,Graphite,3.1488392077208824,0.7541203246569057,0.18309082669852725,302.2699865182726
Simulation_000001,Graphite,3.1488392077208824,0.004683977171782023,0.18951506623180892,302.277616693158
Simulation_000001,Graphite,3.1488392077208824,0.01405193151534607,0.18951506623180892,302.2776174160079
Simulation_000001,Graphite,3.1488392077208824,0.023419885858910118,0.18951506623180892,302.277618994754
Simulation_000001,Graphite,3.1488392077208824,0.03278784020247416,0.18951506623180892,302.2776217137086
Simulation_000001,Graphite,3.1488392077208824,0.04215579454603821,0.18951506623180892,302.2776260463909
Simulation_000001,Graphite,3.1488392077208824,0.05152374888960226,0.18951506623180892,302.27763271619375
Simulation_000001,Graphite,3.1488392077208824,0.060891703233166304,0.18951506623180892,302.2776427842967
Simulation_000001,Graphite,3.1488392077208824,0.07025965757673035,0.18951506623180892,302.2776577708278
Simulation_000001,Graphite,3.1488392077208824,0.0796276119202944,0.18951506623180892,302.2776798166989
Simulation_000001,Graphite,3.1488392077208824,0.08899556626385845,0.18951506623180892,302.2777118947852
Simulation_000001,Graphite,3.1488392077208824,0.0983635206074225,0.18951506623180892,302.2777580800746
Simulation_000001,Graphite,3.1488392077208824,0.10773147495098653,0.18951506623180892,302.2778238888773
Simulation_000001,Graphite,3.1488392077208824,0.11709942929455058,0.18951506623180892,302.27791669694255
Simulation_000001,Graphite,3.1488392077208824,0.12646738363811463,0.18951506623180892,302.27804624507957
Simulation_000001,Graphite,3.1488392077208824,0.13583533798167866,0.18951506623180892,302.2782252383279
Simulation_000001,Graphite,3.1488392077208824,0.1452032923252427,0.18951506623180892,302.27847004049863
Simulation_000001,Graphite,3.1488392077208824,0.15457124666880676,0.18951506623180892,302.2788014596587
Simulation_000001,Graphite,3.1488392077208824,0.1639392010123708,0.18951506623180892,302.279245611461
Simulation_000001,Graphite,3.1488392077208824,0.17330715535593486,0.18951506623180892,302.2798348357236
Simulation_000001,Graphite,3.1488392077208824,0.1826751096994989,0.18951506623180892,302.2806086268432
Simulation_000001,Graphite,3.1488392077208824,0.19204306404306296,0.18951506623180892,302.2816145198617
Simulation_000001,Graphite,3.1488392077208824,0.20141101838662698,0.18951506623180892,302.2829088503451
Simulation_000001,Graphite,3.1488392077208824,0.21077897273019103,0.18951506623180892,302.2845572761879
Simulation_000001,Graphite,3.1488392077208824,0.22014692707375508,0.18951506623180892,302.2866349105813
Simulation_000001,Graphite,3.1488392077208824,0.22951488141731913,0.18951506623180892,302.2892258637739
Simulation_000001,Graphite,3.1488392077208824,0.23888283576088318,0.18951506623180892,302.29242192086326
Simulation_000001,Graphite,3.1488392077208824,0.24825079010444723,0.18951506623180892,302.2963199848627
Simulation_000001,Graphite,3.1488392077208824,0.2576187444480113,0.18951506623180892,302.3010177770145
Simulation_000001,Graphite,3.1488392077208824,0.2669866987915753,0.18951506623180892,302.3066070972762
Simulation_000001,Graphite,3.1488392077208824,0.2763546531351394,0.18951506623180892,302.31316370168105
Simulation_000001,Graphite,3.1488392077208824,0.2857226074787034,0.18951506623180892,302.3207325750713
Simulation_000001,Graphite,3.1488392077208824,0.2950905618222675,0.18951506623180892,302.3293071831113
Simulation_000001,Graphite,3.1488392077208824,0.3044585161658315,0.18951506623180892,302.33880151960983
Simulation_000001,Graphite,3.1488392077208824,0.31382647050939555,0.18951506623180892,302.34901526066045
Simulation_000001,Graphite,3.1488392077208824,0.3231944248529596,0.18951506623180892,302.35959677515905
Simulation_000001,Graphite,3.1488392077208824,0.33256237919652365,0.18951506623180892,302.37001844376323
Simulation_000001,Graphite,3.1488392077208824,0.3419303335400877,0.18951506623180892,302.3795933980389
Simulation_000001,Graphite,3.1488392077208824,0.35129828788365175,0.18951506623180892,302.38756802325116
Simulation_000001,Graphite,3.1488392077208824,0.3606662422272158,0.18951506623180892,302.39327822586074
Simulation_000001,Graphite,3.1488392077208824,0.37003419657077985,0.18951506623180892,302.39625293907096
Simulation_000001,Graphite,3.1488392077208824,0.3794021509143439,0.18951506623180892,302.39625292798803
Simulation_000001,Graphite,3.1488392077208824,0.38877010525790795,0.18951506623180892,302.3932781899725
Simulation_000001,Graphite,3.1488392077208824,0.39813805960147197,0.18951506623180892,302.3875679541354
Simulation_000001,Graphite,3.1488392077208824,0.40750601394503605,0.18951506623180892,302.3795932799077
Simulation_000001,Graphite,3.1488392077208824,0.41687396828860007,0.18951506623180892,302.37001825058627
Simulation_000001,Graphite,3.1488392077208824,0.42624192263216415,0.18951506623180892,302.3595964661147
Simulation_000001,Graphite,3.1488392077208824,0.43560987697572817,0.18951506623180892,302.3490147733502
Simulation_000001,Graphite,3.1488392077208824,0.44497783131929225,0.18951506623180892,302.3388007602462
Simulation_000001,Graphite,3.1488392077208824,0.45434578566285627,0.18951506623180892,302.32930601262495
Simulation_000001,Graphite,3.1488392077208824,0.4637137400064203,0.18951506623180892,302.3207307897639
Simulation_000001,Graphite,3.1488392077208824,0.47308169434998437,0.18951506623180892,302.3131610066884
Simulation_000001,Graphite,3.1488392077208824,0.4824496486935484,0.18951506623180892,302.30660307069303
Simulation_000001,Graphite,3.1488392077208824,0.49181760303711247,0.18951506623180892,302.3010118220858
Simulation_000001,Graphite,3.1488392077208824,0.5011855573806765,0.18951506623180892,302.29631126718533
Simulation_000001,Graphite,3.1488392077208824,0.5105535117242406,0.18951506623180892,302.29240928710084
Simulation_000001,Graphite,3.1488392077208824,0.5199214660678046,0.18951506623180892,302.2892077379973
Simulation_000001,Graphite,3.1488392077208824,0.5292894204113686,0.18951506623180892,302.2866091640838
Simulation_000001,Graphite,3.1488392077208824,0.5386573747549327,0.18951506623180892,302.28452106652577
Simulation_000001,Graphite,3.1488392077208824,0.5480253290984968,0.18951506623180892,302.2828584255209
Simulation_000001,Graphite,3.1488392077208824,0.5573932834420607,0.18951506623180892,302.28154498405087
Simulation_000001,Graphite,3.1488392077208824,0.5667612377856248,0.18951506623180892,302.2805136649516
Simulation_000001,Graphite,3.1488392077208824,0.5761291921291889,0.18951506623180892,302.27970639540354
Simulation_000001,Graphite,3.1488392077208824,0.585497146472753,0.18951506623180892,302.2790735430389
Simulation_000001,Graphite,3.1488392077208824,0.5948651008163169,0.18951506623180892,302.2785731167404
Simulation_000001,Graphite,3.1488392077208824,0.604233055159881,0.18951506623180892,302.2781698467671
Simulation_000001,Graphite,3.1488392077208824,0.6136010095034451,0.18951506623180892,302.2778342291405
Simulation_000001,Graphite,3.1488392077208824,0.6229689638470091,0.18951506623180892,302.27754159574425
Simulation_000001,Graphite,3.1488392077208824,0.6323369181905731,0.18951506623180892,302.27727125280813
Simulation_000001,Graphite,3.1488392077208824,0.6417048725341372,0.18951506623180892,302.27700571534984
Simulation_000001,Graphite,3.1488392077208824,0.6510728268777013,0.18951506623180892,302.27673005309424
Simulation_000001,Graphite,3.1488392077208824,0.6604407812212653,0.18951506623180892,302.2764313538755
Simulation_000001,Graphite,3.1488392077208824,0.6698087355648293,0.18951506623180892,302.2760983031606
Simulation_000001,Graphite,3.1488392077208824,0.6791766899083934,0.18951506623180892,302.27572087278276
Simulation_000001,Graphite,3.1488392077208824,0.6885446442519574,0.18951506623180892,302.2752901079393
Simulation_000001,Graphite,3.1488392077208824,0.6979125985955215,0.18951506623180892,302.2747979987579
Simulation_000001,Graphite,3.1488392077208824,0.7072805529390855,0.18951506623180892,302.2742374210541
Simulation_000001,Graphite,3.1488392077208824,0.7166485072826496,0.18951506623180892,302.273602130159
Simulation_000001,Graphite,3.1488392077208824,0.7260164616262136,0.18951506623180892,302.2728867917472
Simulation_000001,Graphite,3.1488392077208824,0.7353844159697777,0.18951506623180892,302.2720870343787
Simulation_000001,Graphite,3.1488392077208824,0.7447523703133417,0.18951506623180892,302.2711995098915
Simulation_000001,Graphite,3.1488392077208824,0.7541203246569057,0.18951506623180892,302.2702219497847
Simulation_000001,Graphite,3.1488392077208824,0.004683977171782023,0.19593930576509058,302.27781188850565
Simulation_000001,Graphite,3.1488392077208824,0.01405193151534607,0.19593930576509058,302.2778126570693
Simulation_000001,Graphite,3.1488392077208824,0.023419885858910118,0.19593930576509058,302.2778143358834
Simulation_000001,Graphite,3.1488392077208824,0.03278784020247416,0.19593930576509058,302.27781722779054
Simulation_000001,Graphite,3.1488392077208824,0.04215579454603821,0.19593930576509058,302.2778218373477
Simulation_000001,Graphite,3.1488392077208824,0.05152374888960226,0.19593930576509058,302.27782893572544
Simulation_000001,Graphite,3.1488392077208824,0.060891703233166304,0.19593930576509058,302.27783965484053
Simulation_000001,Graphite,3.1488392077208824,0.07025965757673035,0.19593930576509058,302.2778556172517
Simulation_000001,Graphite,3.1488392077208824,0.0796276119202944,0.19593930576509058,302.2778791099226
Simulation_000001,Graphite,3.1488392077208824,0.08899556626385845,0.19593930576509058,302.27791331138883
Simulation_000001,Graphite,3.1488392077208824,0.0983635206074225,0.19593930576509058,302.27796258301265
Simulation_000001,Graphite,3.1488392077208824,0.10773147495098653,0.19593930576509058,302.2780328357014
Simulation_000001,Graphite,3.1488392077208824,0.11709942929455058,0.19593930576509058,302.2781319834548
Simulation_000001,Graphite,3.1488392077208824,0.12646738363811463,0.19593930576509058,302.27827049413474
Simulation_000001,Graphite,3.1488392077208824,0.13583533798167866,0.19593930576509058,302.27846204558887
Simulation_000001,Graphite,3.1488392077208824,0.1452032923252427,0.19593930576509058,302.278724291379
Simulation_000001,Graphite,3.1488392077208824,0.15457124666880676,0.19593930576509058,302.2790797345069
Simulation_000001,Graphite,3.1488392077208824,0.1639392010123708,0.19593930576509058,302.2795566993356
Simulation_000001,Graphite,3.1488392077208824,0.17330715535593486,0.19593930576509058,302.2801903809756
Simulation_000001,Graphite,3.1488392077208824,0.1826751096994989,0.19593930576509058,302.28102393730137
Simulation_000001,Graphite,3.1488392077208824,0.19204306404306296,0.19593930576509058,302.2821095708425
Simulation_000001,Graphite,3.1488392077208824,0.20141101838662698,0.19593930576509058,302.28350952508765
Simulation_000001,Graphite,3.1488392077208824,0.21077897273019103,0.19593930576509058,302.2852968905592
Simulation_000001,Graphite,3.1488392077208824,0.22014692707375508,0.19593930576509058,302.2875560774826
Simulation_000001,Graphite,3.1488392077208824,0.22951488141731913,0.19593930576509058,302.290382759002
Simulation_000001,Graphite,3.1488392077208824,0.23888283576088318,0.19593930576509058,302.2938830134186
Simulation_000001,Graphite,3.1488392077208824,0.24825079010444723,0.19593930576509058,302.2981712824263
Simulation_000001,Graphite,3.1488392077208824,0.2576187444480113,0.19593930576509058,302.30336659406737
Simulation_000001,Graphite,3.1488392077208824,0.2669866987915753,0.19593930576509058,302.3095862440382
Simulation_000001,Graphite,3.1488392077208824,0.2763546531351394,0.19593930576509058,302.31693574887345
Simulation_000001,Graphite,3.1488392077208824,0.2857226074787034,0.19593930576509058,302.32549334685353
Simulation_000001,Graphite,3.1488392077208824,0.2950905618222675,0.19593930576509058,302.3352866540914
Simulation_000001,Graphite,3.1488392077208824,0.3044585161658315,0.19593930576509058,302.3462585378104
Simulation_000001,Graphite,3.1488392077208824,0.31382647050939555,0.19593930576509058,302.35821977864236
Simulation_000001,Graphite,3.1488392077208824,0.3231944248529596,0.19593930576509058,302.3707902815793
Simulation_000001,Graphite,3.1488392077208824,0.33256237919652365,0.19593930576509058,302.3833441970997
Simulation_000001,Graphite,3.1488392077208824,0.3419303335400877,0.19593930576509058,302.39500437960857
Simulation_000001,Graphite,3.1488392077208824,0.35129828788365175,0.19593930576509058,302.4047652379609
Simulation_000001,Graphite,3.1488392077208824,0.3606662422272158,0.19593930576509058,302.4117614043606
Simulation_000001,Graphite,3.1488392077208824,0.37003419657077985,0.19593930576509058,302.41540412557214
Simulation_000001,Graphite,3.1488392077208824,0.3794021509143439,0.19593930576509058,302.41540411448915
Simulation_000001,Graphite,3.1488392077208824,0.38877010525790795,0.19593930576509058,302.4117613684722
Simulation_000001,Graphite,3.1488392077208824,0.39813805960147197,0.19593930576509058,302.40476516884473
Simulation_000001,Graphite,3.1488392077208824,0.40750601394503605,0.19593930576509058,302.39500426147674
Simulation_000001,Graphite,3.1488392077208824,0.41687396828860007,0.19593930576509058,302.38334400392176
Simulation_000001,Graphite,3.1488392077208824,0.42624192263216415,0.19593930576509058,302.37078997253326
Simulation_000001,Graphite,3.1488392077208824,0.43560987697572817,0.19593930576509058,302.35821929132953
Simulation_000001,Graphite,3.1488392077208824,0.44497783131929225,0.19593930576509058,302.346257778443
Simulation_000001,Graphite,3.1488392077208824,0.45434578566285627,0.19593930576509058,302.33528548359925
Simulation_000001,Graphite,3.1488392077208824,0.4637137400064203,0.19593930576509058,302.32549156153726
Simulation_000001,Graphite,3.1488392077208824,0.47308169434998437,0.19593930576509058,302.3169330538676
Simulation_000001,Graphite,3.1488392077208824,0.4824496486935484,0.19593930576509058,302.3095822174356
Simulation_000001,Graphite,3.1488392077208824,0.49181760303711247,0.19593930576509058,302.3033606391101
Simulation_000001,Graphite,3.1488392077208824,0.5011855573806765,0.19593930576509058,302.29816256470815
Simulation_000001,Graphite,3.1488392077208824,0.5105535117242406,0.19593930576509058,302.2938703795978
Simulation_000001,Graphite,3.1488392077208824,0.5199214660678046,0.19593930576509058,302.2903646331432
Simulation_000001,Graphite,3.1488392077208824,0.5292894204113686,0.19593930576509058,302.28753033087054
Simulation_000001,Graphite,3.1488392077208824,0.5386573747549327,0.19593930576509058,302.2852606807395
Simulation_000001,Graphite,3.1488392077208824,0.5480253290984968,0.19593930576509058,302.28345910004913
Simulation_000001,Graphite,3.1488392077208824,0.5573932834420607,0.19593930576509058,302.2820400347436
Simulation_000001,Graphite,3.1488392077208824,0.5667612377856248,0.19593930576509058,302.2809289750268
Simulation_000001,Graphite,3.1488392077208824,0.5761291921291889,0.19593930576509058,302.2800619401526
Simulation_000001,Graphite,3.1488392077208824,0.585497146472753,0.19593930576509058,302.2793846302606
Simulation_000001,Graphite,3.1488392077208824,0.5948651008163169,0.19593930576509058,302.2788513907505
Simulation_000001,Graphite,3.1488392077208824,0.604233055159881,0.19593930576509058,302.2784240965837
Simulation_000001,Graphite,3.1488392077208824,0.6136010095034451,0.19593930576509058,302.27807103506575
Simulation_000001,Graphite,3.1488392077208824,0.6229689638470091,0.19593930576509058,302.27776584313875
Simulation_000001,Graphite,3.1488392077208824,0.6323369181905731,0.19593930576509058,302.277486537274
Simulation_000001,Graphite,3.1488392077208824,0.6417048725341372,0.19593930576509058,302.27721465967005
Simulation_000001,Graphite,3.1488392077208824,0.6510728268777013,0.19593930576509058,302.27693455298225
Simulation_000001,Graphite,3.1488392077208824,0.6604407812212653,0.19593930576509058,302.2766327667657
Simulation_000001,Graphite,3.1488392077208824,0.6698087355648293,0.19593930576509058,302.27629759184225
Simulation_000001,Graphite,3.1488392077208824,0.6791766899083934,0.19593930576509058,302.2759187135867
Simulation_000001,Graphite,3.1488392077208824,0.6885446442519574,0.19593930576509058,302.2754869713935
Simulation_000001,Graphite,3.1488392077208824,0.6979125985955215,0.19593930576509058,302.2749942090985
Simulation_000001,Graphite,3.1488392077208824,0.7072805529390855,0.19593930576509058,302.27443319969063
Simulation_000001,Graphite,3.1488392077208824,0.7166485072826496,0.19593930576509058,302.2737976271209
Simulation_000001,Graphite,3.1488392077208824,0.7260164616262136,0.19593930576509058,302.27308210826
Simulation_000001,Graphite,3.1488392077208824,0.7353844159697777,0.19593930576509058,302.2722822390146
Simulation_000001,Graphite,3.1488392077208824,0.7447523703133417,0.19593930576509058,302.27139465018803
Simulation_000001,Graphite,3.1488392077208824,0.7541203246569057,0.19593930576509058,302.2704170608067
Simulation_000001,Graphite,3.1488392077208824,0.004683977171782023,0.20236354529837222,302.27797282039705
Simulation_000001,Graphite,3.1488392077208824,0.01405193151534607,0.20236354529837222,302.2779736326016
Simulation_000001,Graphite,3.1488392077208824,0.023419885858910118,0.20236354529837222,302.2779754069618
Simulation_000001,Graphite,3.1488392077208824,0.03278784020247416,0.20236354529837222,302.27797846404917
Simulation_000001,Graphite,3.1488392077208824,0.04215579454603821,0.20236354529837222,302.2779833381302
Simulation_000001,Graphite,3.1488392077208824,0.05152374888960226,0.20236354529837222,302.2779908461338
Simulation_000001,Graphite,3.1488392077208824,0.060891703233166304,0.20236354529837222,302.27800218777435
Simulation_000001,Graphite,3.1488392077208824,0.07025965757673035,0.20236354529837222,302.2780190838683
Simulation_000001,Graphite,3.1488392077208824,0.0796276119202944,0.20236354529837222,302.27804396162173
Simulation_000001,Graphite,3.1488392077208824,0.08899556626385845,0.20236354529837222,302.2780801972767
Simulation_000001,Graphite,3.1488392077208824,0.0983635206074225,0.20236354529837222,302.2781324278605
Simulation_000001,Graphite,3.1488392077208824,0.10773147495098653,0.20236354529837222,302.27820694469983
Simulation_000001,Graphite,3.1488392077208824,0.11709942929455058,0.20236354529837222,302.2783121816231
Simulation_000001,Graphite,3.1488392077208824,0.12646738363811463,0.20236354529837222,302.27845931009887
Simulation_000001,Graphite,3.1488392077208824,0.13583533798167866,0.20236354529837222,302.2786629516582
Simulation_000001,Graphite,3.1488392077208824,0.1452032923252427,0.20236354529837222,302.2789420144935
Simulation_000001,Graphite,3.1488392077208824,0.15457124666880676,0.20236354529837222,302.2793206558035
Simulation_000001,Graphite,3.1488392077208824,0.1639392010123708,0.20236354529837222,302.27982936394153
Simulation_000001,Graphite,3.1488392077208824,0.17330715535593486,0.20236354529837222,302.2805061444003
Simulation_000001,Graphite,3.1488392077208824,0.1826751096994989,0.20236354529837222,302.2813977807658
Simulation_000001,Graphite,3.1488392077208824,0.19204306404306296,0.20236354529837222,302.2825611254738
Simulation_000001,Graphite,3.1488392077208824,0.20141101838662698,0.20236354529837222,302.28406435462625
Simulation_000001,Graphite,3.1488392077208824,0.21077897273019103,0.20236354529837222,302.28598809466115
Simulation_000001,Graphite,3.1488392077208824,0.22014692707375508,0.20236354529837222,302.288426293318
Simulation_000001,Graphite,3.1488392077208824,0.22951488141731913,0.20236354529837222,302.29148665764166
Simulation_000001,Graphite,3.1488392077208824,0.23888283576088318,0.20236354529837222,302.2952904079581
Simulation_000001,Graphite,3.1488392077208824,0.24825079010444723,0.20236354529837222,302.29997098187243
Simulation_000001,Graphite,3.1488392077208824,0.2576187444480113,0.20236354529837222,302.30567113739744
Simulation_000001,Graphite,3.1488392077208824,0.2669866987915753,0.20236354529837222,302.3125376011004
Simulation_000001,Graphite,3.1488392077208824,0.2763546531351394,0.20236354529837222,302.32071190813696
Simulation_000001,Graphite,3.1488392077208824,0.2857226074787034,0.20236354529837222,302.3303152706629
Simulation_000001,Graphite,3.1488392077208824,0.2950905618222675,0.20236354529837222,302.34142404875496
Simulation_000001,Graphite,3.1488392077208824,0.3044585161658315,0.20236354529837222,302.3540306354525
Simulation_000001,Graphite,3.1488392077208824,0.31382647050939555,0.20236354529837222,302.3679828570952
Simulation_000001,Graphite,3.1488392077208824,0.3231944248529596,0.20236354529837222,302.38289622890676
Simulation_000001,Graphite,3.1488392077208824,0.33256237919652365,0.20236354529837222,302.3980475906709
Simulation_000001,Graphite,3.1488392077208824,0.3419303335400877,0.20236354529837222,302.4123101853844
Simulation_000001,Graphite,3.1488392077208824,0.35129828788365175,0.20236354529837222,302.42429873870486
Simulation_000001,Graphite,3.1488392077208824,0.3606662422272158,0.20236354529837222,302.4328813804708
Simulation_000001,Graphite,3.1488392077208824,0.37003419657077985,0.20236354529837222,302.4373401662162
Simulation_000001,Graphite,3.1488392077208824,0.3794021509143439,0.20236354529837222,302.43734015513314
Simulation_000001,Graphite,3.1488392077208824,0.38877010525790795,0.20236354529837222,302.43288134458226
Simulation_000001,Graphite,3.1488392077208824,0.39813805960147197,0.20236354529837222,302.42429866958844
Simulation_000001,Graphite,3.1488392077208824,0.40750601394503605,0.20236354529837222,302.4123100672521
Simulation_000001,Graphite,3.1488392077208824,0.41687396828860007,0.20236354529837222,302.3980473974921
Simulation_000001,Graphite,3.1488392077208824,0.42624192263216415,0.20236354529837222,302.3828959198595
Simulation_000001,Graphite,3.1488392077208824,0.43560987697572817,0.20236354529837222,302.36798236978035
Simulation_000001,Graphite,3.1488392077208824,0.44497783131929225,0.20236354529837222,302.35402987608194
Simulation_000001,Graphite,3.1488392077208824,0.45434578566285627,0.20236354529837222,302.3414228782581
Simulation_000001,Graphite,3.1488392077208824,0.4637137400064203,0.20236354529837222,302.3303134853395
Simulation_000001,Graphite,3.1488392077208824,0.47308169434998437,0.20236354529837222,302.3207092131204
Simulation_000001,Graphite,3.1488392077208824,0.4824496486935484,0.20236354529837222,302.3125335744821
Simulation_000001,Graphite,3.1488392077208824,0.49181760303711247,0.20236354529837222,302.3056651824174
Simulation_000001,Graphite,3.1488392077208824,0.5011855573806765,0.20236354529837222,302.2999622641212
Simulation_000001,Graphite,3.1488392077208824,0.5105535117242406,0.20236354529837222,302.2952777740904
Simulation_000001,Graphite,3.1488392077208824,0.5199214660678046,0.20236354529837222,302.2914685317168
Simulation_000001,Graphite,3.1488392077208824,0.5292894204113686,0.20236354529837222,302.28840054661407
Simulation_000001,Graphite,3.1488392077208824,0.5386573747549327,0.20236354529837222,302.285951884715
Simulation_000001,Graphite,3.1488392077208824,0.5480253290984968,0.20236354529837222,302.284013929416
Simulation_000001,Graphite,3.1488392077208824,0.5573932834420607,0.20236354529837222,302.282491589144
Simulation_000001,Graphite,3.1488392077208824,0.5667612377856248,0.20236354529837222,302.28130281818477
Simulation_000001,Graphite,3.1488392077208824,0.5761291921291889,0.20236354529837222,302.2803777031749
Simulation_000001,Graphite,3.1488392077208824,0.585497146472753,0.20236354529837222,302.2796572943443
Simulation_000001,Graphite,3.1488392077208824,0.5948651008163169,0.20236354529837222,302.27909231137704
Simulation_000001,Graphite,3.1488392077208824,0.604233055159881,0.20236354529837222,302.27864181884803
Simulation_000001,Graphite,3.1488392077208824,0.6136010095034451,0.20236354529837222,302.2782719400675
Simulation_000001,Graphite,3.1488392077208824,0.6229689638470091,0.20236354529837222,302.27795465777507
Simulation_000001,Graphite,3.1488392077208824,0.6323369181905731,0.20236354529837222,302.2776667338039
Simulation_000001,Graphite,3.1488392077208824,0.6417048725341372,0.20236354529837222,302.27738876665916
Simulation_000001,Graphite,3.1488392077208824,0.6510728268777013,0.20236354529837222,302.2771043953728
Simulation_000001,Graphite,3.1488392077208824,0.6604407812212653,0.20236354529837222,302.2767996496438
Simulation_000001,Graphite,3.1488392077208824,0.6698087355648293,0.20236354529837222,302.27646243982684
Simulation_000001,Graphite,3.1488392077208824,0.6791766899083934,0.20236354529837222,302.2760821755506
Simulation_000001,Graphite,3.1488392077208824,0.6885446442519574,0.20236354529837222,302.2756494983644
Simulation_000001,Graphite,3.1488392077208824,0.6979125985955215,0.20236354529837222,302.2751561116304
Simulation_000001,Graphite,3.1488392077208824,0.7072805529390855,0.20236354529837222,302.2745946896992
Simulation_000001,Graphite,3.1488392077208824,0.7166485072826496,0.20236354529837222,302.2739588481074
Simulation_000001,Graphite,3.1488392077208824,0.7260164616262136,0.20236354529837222,302.2732431569843
Simulation_000001,Graphite,3.1488392077208824,0.7353844159697777,0.20236354529837222,302.2724431809829
Simulation_000001,Graphite,3.1488392077208824,0.7447523703133417,0.20236354529837222,302.2715555307831
Simulation_000001,Graphite,3.1488392077208824,0.7541203246569057,0.20236354529837222,302.2705779134831
Simulation_000001,Graphite,3.1488392077208824,0.004683977171782023,0.2087877848316539,302.2781047848782
Simulation_000001,Graphite,3.1488392077208824,0.01405193151534607,0.2087877848316539,302.2781056379773
Simulation_000001,Graphite,3.1488392077208824,0.023419885858910118,0.2087877848316539,302.2781075018849
Simulation_000001,Graphite,3.1488392077208824,0.03278784020247416,0.2087877848316539,302.2781107138193
Simulation_000001,Graphite,3.1488392077208824,0.04215579454603821,0.2087877848316539,302.2781158359535
Simulation_000001,Graphite,3.1488392077208824,0.05152374888960226,0.2087877848316539,302.27812372822234
Simulation_000001,Graphite,3.1488392077208824,0.060891703233166304,0.2087877848316539,302.2781356541013
Simulation_000001,Graphite,3.1488392077208824,0.07025965757673035,0.2087877848316539,302.2781534268869
Simulation_000001,Graphite,3.1488392077208824,0.0796276119202944,0.2087877848316539,302.2781796059018
Simulation_000001,Graphite,3.1488392077208824,0.08899556626385845,0.2087877848316539,302.27821775383643
Simulation_000001,Graphite,3.1488392077208824,0.0983635206074225,0.2087877848316539,302.2782727680005
Simulation_000001,Graphite,3.1488392077208824,0.10773147495098653,0.2087877848316539,302.2783512994173
Simulation_000001,Graphite,3.1488392077208824,0.11709942929455058,0.2087877848316539,302.27846227422424
Simulation_000001,Graphite,3.1488392077208824,0.12646738363811463,0.2087877848316539,302.2786175315053
Simulation_000001,Graphite,3.1488392077208824,0.13583533798167866,0.2087877848316539,302.278832590174
Simulation_000001,Graphite,3.1488392077208824,0.1452032923252427,0.2087877848316539,302.27912755457595
Simulation_000001,Graphite,3.1488392077208824,0.15457124666880676,0.2087877848316539,302.2795281638025
Simulation_000001,Graphite,3.1488392077208824,0.1639392010123708,0.2087877848316539,302.2800669830636
Simulation_000001,Graphite,3.1488392077208824,0.17330715535593486,0.2087877848316539,302.2807847266355
Simulation_000001,Graphite,3.1488392077208824,0.1826751096994989,0.2087877848316539,302.28173169066656
Simulation_000001,Graphite,3.1488392077208824,0.19204306404306296,0.2087877848316539,302.2829692601723
Simulation_000001,Graphite,3.1488392077208824,0.20141101838662698,0.2087877848316539,302.28457143728957
Simulation_000001,Graphite,3.1488392077208824,0.21077897273019103,0.2087877848316539,302.28662631601
Simulation_000001,Graphite,3.1488392077208824,0.22014692707375508,0.2087877848316539,302.2892373995788
Simulation_000001,Graphite,3.1488392077208824,0.22951488141731913,0.2087877848316539,302.29252461533025
Simulation_000001,Graphite,3.1488392077208824,0.23888283576088318,0.2087877848316539,302.29662481808504
Simulation_000001,Graphite,3.1488392077208824,0.24825079010444723,0.2087877848316539,302.30169146893485
Simulation_000001,Graphite,3.1488392077208824,0.2576187444480113,0.2087877848316539,302.30789299749375
Simulation_000001,Graphite,3.1488392077208824,0.2669866987915753,0.2087877848316539,302.3154090407104
Simulation_000001,Graphite,3.1488392077208824,0.2763546531351394,0.2087877848316539,302.3244231874244
Simulation_000001,Graphite,3.1488392077208824,0.2857226074787034,0.2087877848316539,302.33510984025764
Simulation_000001,Graphite,3.1488392077208824,0.2950905618222675,0.2087877848316539,302.34761097185867
Simulation_000001,Graphite,3.1488392077208824,0.3044585161658315,0.2087877848316539,302.3619953121017
Simulation_000001,Graphite,3.1488392077208824,0.31382647050939555,0.2087877848316539,302.37818720843444
Simulation_000001,Graphite,3.1488392077208824,0.3231944248529596,0.2087877848316539,302.3958459887398
Simulation_000001,Graphite,3.1488392077208824,0.33256237919652365,0.2087877848316539,302.4141799447508
Simulation_000001,Graphite,3.1488392077208824,0.3419303335400877,0.2087877848316539,302.43174284439874
Simulation_000001,Graphite,3.1488392077208824,0.35129828788365175,0.2087877848316539,302.44652756137697
Simulation_000001,Graphite,3.1488392077208824,0.3606662422272158,0.2087877848316539,302.4570590944725
Simulation_000001,Graphite,3.1488392077208824,0.37003419657077985,0.2087877848316539,302.462504054964
Simulation_000001,Graphite,3.1488392077208824,0.3794021509143439,0.2087877848316539,302.4625040438809
Simulation_000001,Graphite,3.1488392077208824,0.38877010525790795,0.2087877848316539,302.45705905858387
Simulation_000001,Graphite,3.1488392077208824,0.39813805960147197,0.2087877848316539,302.4465274922603
Simulation_000001,Graphite,3.1488392077208824,0.40750601394503605,0.2087877848316539,302.43174272626607
Simulation_000001,Graphite,3.1488392077208824,0.41687396828860007,0.2087877848316539,302.4141797515714
Simulation_000001,Graphite,3.1488392077208824,0.42624192263216415,0.2087877848316539,302.3958456796915
Simulation_000001,Graphite,3.1488392077208824,0.43560987697572817,0.2087877848316539,302.37818672111797
Simulation_000001,Graphite,3.1488392077208824,0.44497783131929225,0.2087877848316539,302.36199455272873
Simulation_000001,Graphite,3.1488392077208824,0.45434578566285627,0.2087877848316539,302.3476098013581
Simulation_000001,Graphite,3.1488392077208824,0.4637137400064203,0.2087877848316539,302.3351080549285
Simulation_000001,Graphite,3.1488392077208824,0.47308169434998437,0.2087877848316539,302.3244204923994
Simulation_000001,Graphite,3.1488392077208824,0.4824496486935484,0.2087877848316539,302.3154050140795
Simulation_000001,Graphite,3.1488392077208824,0.49181760303711247,0.2087877848316539,302.3078870424954
Simulation_000001,Graphite,3.1488392077208824,0.5011855573806765,0.2087877848316539,302.30168275115733
Simulation_000001,Graphite,3.1488392077208824,0.5105535117242406,0.2087877848316539,302.2966121841799
Simulation_000001,Graphite,3.1488392077208824,0.5199214660678046,0.2087877848316539,302.2925064893527
Simulation_000001,Graphite,3.1488392077208824,0.5292894204113686,0.2087877848316539,302.2892116528015
Simulation_000001,Graphite,3.1488392077208824,0.5386573747549327,0.2087877848316539,302.2865901059631
Simulation_000001,Graphite,3.1488392077208824,0.5480253290984968,0.2087877848316539,302.2845210119424
Simulation_000001,Graphite,3.1488392077208824,0.5573932834420607,0.2087877848316539,302.2828997236588
Simulation_000001,Graphite,3.1488392077208824,0.5667612377856248,0.2087877848316539,302.28163672784154
Simulation_000001,Graphite,3.1488392077208824,0.5761291921291889,0.2087877848316539,302.28065628509006
Simulation_000001,Graphite,3.1488392077208824,0.585497146472753,0.2087877848316539,302.2798949130513
Simulation_000001,Graphite,3.1488392077208824,0.5948651008163169,0.2087877848316539,302.27929981884375
Simulation_000001,Graphite,3.1488392077208824,0.604233055159881,0.2087877848316539,302.2788273582551
Simulation_000001,Graphite,3.1488392077208824,0.6136010095034451,0.2087877848316539,302.278441577735
Simulation_000001,Graphite,3.1488392077208824,0.6229689638470091,0.2087877848316539,302.2781128781256
Simulation_000001,Graphite,3.1488392077208824,0.6323369181905731,0.2087877848316539,302.27781682510044
Simulation_000001,Graphite,3.1488392077208824,0.6417048725341372,0.2087877848316539,302.27753311977216
Simulation_000001,Graphite,3.1488392077208824,0.6510728268777013,0.2087877848316539,302.277244733542
Simulation_000001,Graphite,3.1488392077208824,0.6604407812212653,0.2087877848316539,302.27693720377334
Simulation_000001,Graphite,3.1488392077208824,0.6698087355648293,0.2087877848316539,302.27659808107927
Simulation_000001,Graphite,3.1488392077208824,0.6791766899083934,0.2087877848316539,302.27621651472793
Simulation_000001,Graphite,3.1488392077208824,0.6885446442519574,0.2087877848316539,302.27578295968976
Simulation_000001,Graphite,3.1488392077208824,0.6979125985955215,0.2087877848316539,302.2752889869915
Simulation_000001,Graphite,3.1488392077208824,0.7072805529390855,0.2087877848316539,302.2747271781448
Simulation_000001,Graphite,3.1488392077208824,0.7166485072826496,0.2087877848316539,302.2740910843457
Simulation_000001,Graphite,3.1488392077208824,0.7260164616262136,0.2087877848316539,302.27337523179455
Simulation_000001,Graphite,3.1488392077208824,0.7353844159697777,0.2087877848316539,302.27257515578816
Simulation_000001,Graphite,3.1488392077208824,0.7447523703133417,0.2087877848316539,302.2716874481133
Simulation_000001,Graphite,3.1488392077208824,0.7541203246569057,0.2087877848316539,302.2707098046731
Simulation_000001,Graphite,3.1488392077208824,0.004683977171782023,0.21521202436493556,302.27821237581486
Simulation_000001,Graphite,3.1488392077208824,0.01405193151534607,0.21521202436493556,302.27821326640424
Simulation_000001,Graphite,3.1488392077208824,0.023419885858910118,0.21521202436493556,302.2782152124159
Simulation_000001,Graphite,3.1488392077208824,0.03278784020247416,0.21521202436493556,302.2782185663563
Simulation_000001,Graphite,3.1488392077208824,0.04215579454603821,0.21521202436493556,302.2782239160379
Simulation_000001,Graphite,3.1488392077208824,0.05152374888960226,0.21521202436493556,302.2782321609252
Simulation_000001,Graphite,3.1488392077208824,0.060891703233166304,0.21521202436493556,302.27824462313606
Simulation_000001,Graphite,3.1488392077208824,0.07025965757673035,0.21521202436493556,302.27826320108363
Simulation_000001,Graphite,3.1488392077208824,0.0796276119202944,0.21521202436493556,302.2782905757873
Simulation_000001,Graphite,3.1488392077208824,0.08899556626385845,0.21521202436493556,302.27833048184374
Simulation_000001,Graphite,3.1488392077208824,0.0983635206074225,0.21521202436493556,302.2783880568087
Simulation_000001,Graphite,3.1488392077208824,0.10773147495098653,0.21521202436493556,302.2784702841323
Simulation_000001,Graphite,3.1488392077208824,0.11709942929455058,0.21521202436493556,302.27858654560646
Simulation_000001,Graphite,3.1488392077208824,0.12646738363811463,0.21521202436493556,302.27874929927873
Simulation_000001,Graphite,3.1488392077208824,0.13583533798167866,0.21521202436493556,302.2789748977117
Simulation_000001,Graphite,3.1488392077208824,0.1452032923252427,0.21521202436493556,302.27928455905703
Simulation_000001,Graphite,3.1488392077208824,0.15457124666880676,0.21521202436493556,302.2797054994731
Simulation_000001,Graphite,3.1488392077208824,0.1639392010123708,0.21521202436493556,302.2802722297685
Simulation_000001,Graphite,3.1488392077208824,0.17330715535593486,0.21521202436493556,302.2810280117425
Simulation_000001,Graphite,3.1488392077208824,0.1826751096994989,0.21521202436493556,302.2820264604944
Simulation_000001,Graphite,3.1488392077208824,0.19204306404306296,0.21521202436493556,302.2833332679899
Simulation_000001,Graphite,3.1488392077208824,0.20141101838662698,0.21521202436493556,302.28502801025286
Simulation_000001,Graphite,3.1488392077208824,0.21077897273019103,0.21521202436493556,302.28720598507255
Simulation_000001,Graphite,3.1488392077208824,0.22014692707375508,0.21521202436493556,302.28998000739074
Simulation_000001,Graphite,3.1488392077208824,0.22951488141731913,0.21521202436493556,302.29348206163246
Simulation_000001,Graphite,3.1488392077208824,0.23888283576088318,0.21521202436493556,302.2978646659112
Simulation_000001,Graphite,3.1488392077208824,0.24825079010444723,0.21521202436493556,302.30330172561605
Simulation_000001,Graphite,3.1488392077208824,0.2576187444480113,0.21521202436493556,302.3099885105638
Simulation_000001,Graphite,3.1488392077208824,0.2669866987915753,0.21521202436493556,302.31814011609737
Simulation_000001,Graphite,3.1488392077208824,0.2763546531351394,0.21521202436493556,302.32798723562007
Simulation_000001,Graphite,3.1488392077208824,0.2857226074787034,0.21521202436493556,302.3397670174566
Simulation_000001,Graphite,3.1488392077208824,0.2950905618222675,0.21521202436493556,302.35370464811797
Simulation_000001,Graphite,3.1488392077208824,0.3044585161658315,0.21521202436493556,302.36997688937635
Simulation_000001,Graphite,3.1488392077208824,0.31382647050939555,0.21521202436493556,302.38863947690584
Simulation_000001,Graphite,3.1488392077208824,0.3231944248529596,0.21521202436493556,302.4094811341107
Simulation_000001,Graphite,3.1488392077208824,0.33256237919652365,0.21521202436493556,302.43173545586086
Simulation_000001,Graphite,3.1488392077208824,0.3419303335400877,0.21521202436493556,302.45359099675403
Simulation_000001,Graphite,3.1488392077208824,0.35129828788365175,0.21521202436493556,302.47190327153004
Simulation_000001,Graphite,3.1488392077208824,0.3606662422272158,0.21521202436493556,302.4848014704881
Simulation_000001,Graphite,3.1488392077208824,0.37003419657077985,0.21521202436493556,302.49141429043186
Simulation_000001,Graphite,3.1488392077208824,0.3794021509143439,0.21521202436493556,302.49141427934876
Simulation_000001,Graphite,3.1488392077208824,0.38877010525790795,0.21521202436493556,302.4848014345993
Simulation_000001,Graphite,3.1488392077208824,0.39813805960147197,0.21521202436493556,302.47190320241316
Simulation_000001,Graphite,3.1488392077208824,0.40750601394503605,0.21521202436493556,302.453590878621
Simulation_000001,Graphite,3.1488392077208824,0.41687396828860007,0.21521202436493556,302.43173526268095
Simulation_000001,Graphite,3.1488392077208824,0.42624192263216415,0.21521202436493556,302.40948082506156
Simulation_000001,Graphite,3.1488392077208824,0.43560987697572817,0.21521202436493556,302.3886389895881
Simulation_000001,Graphite,3.1488392077208824,0.44497783131929225,0.21521202436493556,302.36997613000136
Simulation_000001,Graphite,3.1488392077208824,0.45434578566285627,0.21521202436493556,302.35370347761426
Simulation_000001,Graphite,3.1488392077208824,0.4637137400064203,0.21521202436493556,302.33976523212294
Simulation_000001,Graphite,3.1488392077208824,0.47308169434998437,0.21521202436493556,302.3279845405883
Simulation_000001,Graphite,3.1488392077208824,0.4824496486935484,0.21521202436493556,302.3181360894565
Simulation_000001,Graphite,3.1488392077208824,0.49181760303711247,0.21521202436493556,302.30998255555096
Simulation_000001,Graphite,3.1488392077208824,0.5011855573806765,0.21521202436493556,302.3032930078176
Simulation_000001,Graphite,3.1488392077208824,0.5105535117242406,0.21521202436493556,302.29785203197633
Simulation_000001,Graphite,3.1488392077208824,0.5199214660678046,0.21521202436493556,302.2934639356132
Simulation_000001,Graphite,3.1488392077208824,0.5292894204113686,0.21521202436493556,302.2899542605554
Simulation_000001,Graphite,3.1488392077208824,0.5386573747549327,0.21521202436493556,302.287169774946
Simulation_000001,Graphite,3.1488392077208824,0.5480253290984968,0.21521202436493556,302.28497758479745
Simulation_000001,Graphite,3.1488392077208824,0.5573932834420607,0.21521202436493556,302.28326373133103
Simulation_000001,Graphite,3.1488392077208824,0.5667612377856248,0.21521202436493556,302.28193149747665
Simulation_000001,Graphite,3.1488392077208824,0.5761291921291889,0.21521202436493556,302.2808995699444
Simulation_000001,Graphite,3.1488392077208824,0.585497146472753,0.21521202436493556,302.2801001594286
Simulation_000001,Graphite,3.1488392077208824,0.5948651008163169,0.21521202436493556,302.27947715409437
Simulation_000001,Graphite,3.1488392077208824,0.604233055159881,0.21521202436493556,302.2789843622034
Simulation_000001,Graphite,3.1488392077208824,0.6136010095034451,0.21521202436493556,302.2785838846032
Simulation_000001,Graphite,3.1488392077208824,0.6229689638470091,0.21521202436493556,302.278244645065
Simulation_000001,Graphite,3.1488392077208824,0.6323369181905731,0.21521202436493556,302.27794109545016
Simulation_000001,Graphite,3.1488392077208824,0.6417048725341372,0.21521202436493556,302.27765210321377
Simulation_000001,Graphite,3.1488392077208824,0.6510728268777013,0.21521202436493556,302.27736002077864
Simulation_000001,Graphite,3.1488392077208824,0.6604407812212653,0.21521202436493556,302.27704992982945
Simulation_000001,Graphite,3.1488392077208824,0.6698087355648293,0.21521202436493556,302.2767090485098
Simulation_000001,Graphite,3.1488392077208824,0.6791766899083934,0.21521202436493556,302.2763262857705
Simulation_000001,Graphite,3.1488392077208824,0.6885446442519574,0.21521202436493556,302.2758919245541
Simulation_000001,Graphite,3.1488392077208824,0.6979125985955215,0.21521202436493556,302.275397413989
Simulation_000001,Graphite,3.1488392077208824,0.7072805529390855,0.21521202436493556,302.2748352501404
Simulation_000001,Graphite,3.1488392077208824,0.7166485072826496,0.21521202436493556,302.2741989250289
Simulation_000001,Graphite,3.1488392077208824,0.7260164616262136,0.21521202436493556,302.27348292447766
Simulation_000001,Graphite,3.1488392077208824,0.7353844159697777,0.21521202436493556,302.27268275681394
Simulation_000001,Graphite,3.1488392077208824,0.7447523703133417,0.21521202436493556,302.27179499647514
Simulation_000001,Graphite,3.1488392077208824,0.7541203246569057,0.21521202436493556,302.270817329087
Simulation_000001,Graphite,3.1488392077208824,0.004683977171782023,0.2216362638982172,302.2782995480393
Simulation_000001,Graphite,3.1488392077208824,0.01405193151534607,0.2216362638982172,302.27830047208874
Simulation_000001,Graphite,3.1488392077208824,0.023419885858910118,0.2216362638982172,302.27830249138725
Simulation_000001,Graphite,3.1488392077208824,0.03278784020247416,0.2216362638982172,302.2783059721078
Simulation_000001,Graphite,3.1488392077208824,0.04215579454603821,0.2216362638982172,302.27831152498914
Simulation_000001,Graphite,3.1488392077208824,0.05152374888960226,0.2216362638982172,302.27832008485814
Simulation_000001,Graphite,3.1488392077208824,0.060891703233166304,0.2216362638982172,302.2783330263206
Simulation_000001,Graphite,3.1488392077208824,0.07025965757673035,0.2216362638982172,302.2783523240201
Simulation_000001,Graphite,3.1488392077208824,0.0796276119202944,0.2216362638982172,302.2783807680472
Simulation_000001,Graphite,3.1488392077208824,0.08899556626385845,0.2216362638982172,302.27842224719967
Simulation_000001,Graphite,3.1488392077208824,0.0983635206074225,0.2216362638982172,302.2784821147439
Simulation_000001,Graphite,3.1488392077208824,0.10773147495098653,0.2216362638982172,302.27856765294274
Simulation_000001,Graphite,3.1488392077208824,0.11709942929455058,0.2216362638982172,302.2786886537
Simulation_000001,Graphite,3.1488392077208824,0.12646738363811463,0.2216362638982172,302.2788581330068
Simulation_000001,Graphite,3.1488392077208824,0.13583533798167866,0.2216362638982172,302.2790931962216
Simulation_000001,Graphite,3.1488392077208824,0.1452032923252427,0.2216362638982172,302.2794160693763
Simulation_000001,Graphite,3.1488392077208824,0.15457124666880676,0.2216362638982172,302.2798553085174
Simulation_000001,Graphite,3.1488392077208824,0.1639392010123708,0.2216362638982172,302.28044719452976
Simulation_000001,Graphite,3.1488392077208824,0.17330715535593486,0.2216362638982172,302.2812373150164
Simulation_000001,Graphite,3.1488392077208824,0.1826751096994989,0.2216362638982172,302.2822823278899
Simulation_000001,Graphite,3.1488392077208824,0.19204306404306296,0.2216362638982172,302.2836518937208
Simulation_000001,Graphite,3.1488392077208824,0.20141101838662698,0.2216362638982172,302.2854307560631
Simulation_000001,Graphite,3.1488392077208824,0.21077897273019103,0.2216362638982172,302.2877209411997
Simulation_000001,Graphite,3.1488392077208824,0.22014692707375508,0.2216362638982172,302.29064404077536
Simulation_000001,Graphite,3.1488392077208824,0.22951488141731913,0.2216362638982172,302.2943435308729
Simulation_000001,Graphite,3.1488392077208824,0.23888283576088318,0.2216362638982172,302.2989870644282
Simulation_000001,Graphite,3.1488392077208824,0.24825079010444723,0.2216362638982172,302.3047686391638
Simulation_000001,Graphite,3.1488392077208824,0.2576187444480113,0.2216362638982172,302.3119104658724
Simulation_000001,Graphite,3.1488392077208824,0.2669866987915753,0.2216362638982172,302.32066418968117
Simulation_000001,Graphite,3.1488392077208824,0.2763546531351394,0.2216362638982172,302.33131073818834
Simulation_000001,Graphite,3.1488392077208824,0.2857226074787034,0.2216362638982172,302.34415723883006
Simulation_000001,Graphite,3.1488392077208824,0.2950905618222675,0.2216362638982172,302.35952758775255
Simulation_000001,Graphite,3.1488392077208824,0.3044585161658315,0.2216362638982172,302.3777388949522
Simulation_000001,Graphite,3.1488392077208824,0.31382647050939555,0.2216362638982172,302.39904500245484
Simulation_000001,Graphite,3.1488392077208824,0.3231944248529596,0.2216362638982172,302.4234975560164
Simulation_000001,Graphite,3.1488392077208824,0.33256237919652365,0.2216362638982172,302.4505839343512
Simulation_000001,Graphite,3.1488392077208824,0.3419303335400877,0.2216362638982172,302.47826114794293
Simulation_000001,Graphite,3.1488392077208824,0.35129828788365175,0.2216362638982172,302.5010199331613
Simulation_000001,Graphite,3.1488392077208824,0.3606662422272158,0.2216362638982172,302.51672137473
Simulation_000001,Graphite,3.1488392077208824,0.37003419657077985,0.2216362638982172,302.5246696791168
Simulation_000001,Graphite,3.1488392077208824,0.3794021509143439,0.2216362638982172,302.5246696680336
Simulation_000001,Graphite,3.1488392077208824,0.38877010525790795,0.2216362638982172,302.5167213388412
Simulation_000001,Graphite,3.1488392077208824,0.39813805960147197,0.2216362638982172,302.50101986404434
Simulation_000001,Graphite,3.1488392077208824,0.40750601394503605,0.2216362638982172,302.47826102980974
Simulation_000001,Graphite,3.1488392077208824,0.41687396828860007,0.2216362638982172,302.4505837411709
Simulation_000001,Graphite,3.1488392077208824,0.42624192263216415,0.2216362638982172,302.42349724696663
Simulation_000001,Graphite,3.1488392077208824,0.43560987697572817,0.2216362638982172,302.3990445151361
Simulation_000001,Graphite,3.1488392077208824,0.44497783131929225,0.2216362638982172,302.37773813557567
Simulation_000001,Graphite,3.1488392077208824,0.45434578566285627,0.2216362638982172,302.3595264172465
Simulation_000001,Graphite,3.1488392077208824,0.4637137400064203,0.2216362638982172,302.3441554534929
Simulation_000001,Graphite,3.1488392077208824,0.47308169434998437,0.2216362638982172,302.33130804315124
Simulation_000001,Graphite,3.1488392077208824,0.4824496486935484,0.2216362638982172,302.3206601630325
Simulation_000001,Graphite,3.1488392077208824,0.49181760303711247,0.2216362638982172,302.31190451084814
Simulation_000001,Graphite,3.1488392077208824,0.5011855573806765,0.2216362638982172,302.304759921349
Simulation_000001,Graphite,3.1488392077208824,0.5105535117242406,0.2216362638982172,302.29897443047
Simulation_000001,Graphite,3.1488392077208824,0.5199214660678046,0.2216362638982172,302.2943254048207
Simulation_000001,Graphite,3.1488392077208824,0.5292894204113686,0.2216362638982172,302.2906182938945
Simulation_000001,Graphite,3.1488392077208824,0.5386573747549327,0.2216362638982172,302.2876847310106
Simulation_000001,Graphite,3.1488392077208824,0.5480253290984968,0.2216362638982172,302.28538033052274
Simulation_000001,Graphite,3.1488392077208824,0.5573932834420607,0.2216362638982172,302.28358235694805
Simulation_000001,Graphite,3.1488392077208824,0.5667612377856248,0.2216362638982172,302.2821873647212
Simulation_000001,Graphite,3.1488392077208824,0.5761291921291889,0.2216362638982172,302.2811088730205
Simulation_000001,Graphite,3.1488392077208824,0.585497146472753,0.2216362638982172,302.28027512393356
Simulation_000001,Graphite,3.1488392077208824,0.5948651008163169,0.2216362638982172,302.27962696281014
Simulation_000001,Graphite,3.1488392077208824,0.604233055159881,0.2216362638982172,302.2791158721058
Simulation_000001,Graphite,3.1488392077208824,0.6136010095034451,0.2216362638982172,302.2787021825893
Simulation_000001,Graphite,3.1488392077208824,0.6229689638470091,0.2216362638982172,302.27835347813976
Simulation_000001,Graphite,3.1488392077208824,0.6323369181905731,0.2216362638982172,302.27804320273367
Simulation_000001,Graphite,3.1488392077208824,0.6417048725341372,0.2216362638982172,302.27774947102193
Simulation_000001,Graphite,3.1488392077208824,0.6510728268777013,0.2216362638982172,302.2774540774712
Simulation_000001,Graphite,3.1488392077208824,0.6604407812212653,0.2216362638982172,302.27714169363156
Simulation_000001,Graphite,3.1488392077208824,0.6698087355648293,0.2216362638982172,302.27679923879646
Simulation_000001,Graphite,3.1488392077208824,0.6791766899083934,0.2216362638982172,302.2764154061409
Simulation_000001,Graphite,3.1488392077208824,0.6885446442519574,0.2216362638982172,302.2759803242977
Simulation_000001,Graphite,3.1488392077208824,0.6979125985955215,0.2216362638982172,302.2754853331433
Simulation_000001,Graphite,3.1488392077208824,0.7072805529390855,0.2216362638982172,302.2749228522169
Simulation_000001,Graphite,3.1488392077208824,0.7166485072826496,0.2216362638982172,302.2742863205751
Simulation_000001,Graphite,3.1488392077208824,0.7260164616262136,0.2216362638982172,302.27357018792105
Simulation_000001,Graphite,3.1488392077208824,0.7353844159697777,0.2216362638982172,302.2727699384677
Simulation_000001,Graphite,3.1488392077208824,0.7447523703133417,0.2216362638982172,302.27188213114476
Simulation_000001,Graphite,3.1488392077208824,0.7541203246569057,0.2216362638982172,302.2709044423944
Simulation_000001,Graphite,3.1488392077208824,0.004683977171782023,0.22806050343149886,302.27836967907376
Simulation_000001,Graphite,3.1488392077208824,0.01405193151534607,0.22806050343149886,302.27837063197757
Simulation_000001,Graphite,3.1488392077208824,0.023419885858910118,0.22806050343149886,302.2783727144813
Simulation_000001,Graphite,3.1488392077208824,0.03278784020247416,0.22806050343149886,302.27837630455946
Simulation_000001,Graphite,3.1488392077208824,0.04215579454603821,0.22806050343149886,302.27838203275314
Simulation_000001,Graphite,3.1488392077208824,0.05152374888960226,0.22806050343149886,302.2783908644449
Simulation_000001,Graphite,3.1488392077208824,0.060891703233166304,0.22806050343149886,302.2784042196135
Simulation_000001,Graphite,3.1488392077208824,0.07025965757673035,0.22806050343149886,302.2784241388357
Simulation_000001,Graphite,3.1488392077208824,0.0796276119202944,0.22806050343149886,302.27845350659794
Simulation_000001,Graphite,3.1488392077208824,0.08899556626385845,0.22806050343149886,302.27849634524836
Simulation_000001,Graphite,3.1488392077208824,0.0983635206074225,0.22806050343149886,302.2785581950317
Simulation_000001,Graphite,3.1488392077208824,0.10773147495098653,0.22806050343149886,302.2786465974719
Simulation_000001,Graphite,3.1488392077208824,0.11709942929455058,0.22806050343149886,302.278771700701
Simulation_000001,Graphite,3.1488392077208824,0.12646738363811463,0.22806050343149886,302.27894700597983
Simulation_000001,Graphite,3.1488392077208824,0.13583533798167866,0.22806050343149886,302.2791902744132
Simulation_000001,Graphite,3.1488392077208824,0.1452032923252427,0.22806050343149886,302.2795246115617
Simulation_000001,Graphite,3.1488392077208824,0.15457124666880676,0.22806050343149886,302.2799797452265
Simulation_000001,Graphite,3.1488392077208824,0.1639392010123708,0.22806050343149886,302.2805935081853
Simulation_000001,Graphite,3.1488392077208824,0.17330715535593486,0.22806050343149886,302.2814135333582
Simulation_000001,Graphite,3.1488392077208824,0.1826751096994989,0.22806050343149886,302.28249916428337
Simulation_000001,Graphite,3.1488392077208824,0.19204306404306296,0.22806050343149886,302.2839235797173
Simulation_000001,Graphite,3.1488392077208824,0.20141101838662698,0.22806050343149886,302.2857761287492
Simulation_000001,Graphite,3.1488392077208824,0.21077897273019103,0.22806050343149886,302.28816487345034
Simulation_000001,Graphite,3.1488392077208824,0.22014692707375508,0.22806050343149886,302.2912193412557
Simulation_000001,Graphite,3.1488392077208824,0.22951488141731913,0.22806050343149886,302.2950935002437
Simulation_000001,Graphite,3.1488392077208824,0.23888283576088318,0.22806050343149886,302.2999689873454
Simulation_000001,Graphite,3.1488392077208824,0.24825079010444723,0.22806050343149886,302.30605863947284
Simulation_000001,Graphite,3.1488392077208824,0.2576187444480113,0.22806050343149886,302.31361039095196
Simulation_000001,Graphite,3.1488392077208824,0.2669866987915753,0.22806050343149886,302.32291158247347
Simulation_000001,Graphite,3.1488392077208824,0.2763546531351394,0.22806050343149886,302.33429361763734
Simulation_000001,Graphite,3.1488392077208824,0.2857226074787034,0.22806050343149886,302.34813656473847
Simulation_000001,Graphite,3.1488392077208824,0.2950905618222675,0.22806050343149886,302.3648724018582
Simulation_000001,Graphite,3.1488392077208824,0.3044585161658315,0.22806050343149886,302.38498326422456
Simulation_000001,Graphite,3.1488392077208824,0.31382647050939555,0.22806050343149886,302.4089844370413
Simulation_000001,Graphite,3.1488392077208824,0.3231944248529596,0.22806050343149886,302.4373587312342
Simulation_000001,Graphite,3.1488392077208824,0.33256237919652365,0.22806050343149886,302.47029966973645
Simulation_000001,Graphite,3.1488392077208824,0.3419303335400877,0.22806050343149886,302.50644130413224
Simulation_000001,Graphite,3.1488392077208824,0.35129828788365175,0.22806050343149886,302.5346928947982
Simulation_000001,Graphite,3.1488392077208824,0.3606662422272158,0.22806050343149886,302.55355247957203
Simulation_000001,Graphite,3.1488392077208824,0.37003419657077985,0.22806050343149886,302.56294212617456
Simulation_000001,Graphite,3.1488392077208824,0.3794021509143439,0.22806050343149886,302.5629421150914
Simulation_000001,Graphite,3.1488392077208824,0.38877010525790795,0.22806050343149886,302.5535524436831
Simulation_000001,Graphite,3.1488392077208824,0.39813805960147197,0.22806050343149886,302.5346928256811
Simulation_000001,Graphite,3.1488392077208824,0.40750601394503605,0.22806050343149886,302.50644118599877
Simulation_000001,Graphite,3.1488392077208824,0.41687396828860007,0.22806050343149886,302.47029947655585
Simulation_000001,Graphite,3.1488392077208824,0.42624192263216415,0.22806050343149886,302.43735842218393
Simulation_000001,Graphite,3.1488392077208824,0.43560987697572817,0.22806050343149886,302.4089839497218
Simulation_000001,Graphite,3.1488392077208824,0.44497783131929225,0.22806050343149886,302.38498250484673
Simulation_000001,Graphite,3.1488392077208824,0.45434578566285627,0.22806050343149886,302.3648712313503
Simulation_000001,Graphite,3.1488392077208824,0.4637137400064203,0.22806050343149886,302.3481347793985
Simulation_000001,Graphite,3.1488392077208824,0.47308169434998437,0.22806050343149886,302.33429092259615
Simulation_000001,Graphite,3.1488392077208824,0.4824496486935484,0.22806050343149886,302.3229075558187
Simulation_000001,Graphite,3.1488392077208824,0.49181760303711247,0.22806050343149886,302.3136044359188
Simulation_000001,Graphite,3.1488392077208824,0.5011855573806765,0.22806050343149886,302.30604992164524
Simulation_000001,Graphite,3.1488392077208824,0.5105535117242406,0.22806050343149886,302.299956353369
Simulation_000001,Graphite,3.1488392077208824,0.5199214660678046,0.22806050343149886,302.2950753741662
Simulation_000001,Graphite,3.1488392077208824,0.5292894204113686,0.22806050343149886,302.2911935943395
Simulation_000001,Graphite,3.1488392077208824,0.5386573747549327,0.22806050343149886,302.28812866321266
Simulation_000001,Graphite,3.1488392077208824,0.5480253290984968,0.22806050343149886,302.2857257031431
Simulation_000001,Graphite,3.1488392077208824,0.5573932834420607,0.22806050343149886,302.2838540428564
Simulation_000001,Graphite,3.1488392077208824,0.5667612377856248,0.22806050343149886,302.2824042009979
Simulation_000001,Graphite,3.1488392077208824,0.5761291921291889,0.22806050343149886,302.2812850912092
Simulation_000001,Graphite,3.1488392077208824,0.585497146472753,0.22806050343149886,302.2804214373909
Simulation_000001,Graphite,3.1488392077208824,0.5948651008163169,0.22806050343149886,302.27975139926514
Simulation_000001,Graphite,3.1488392077208824,0.604233055159881,0.22806050343149886,302.279224413969
Simulation_000001,Graphite,3.1488392077208824,0.6136010095034451,0.22806050343149886,302.27879926037565
Simulation_000001,Graphite,3.1488392077208824,0.6229689638470091,0.22806050343149886,302.27844235060695
Simulation_000001,Graphite,3.1488392077208824,0.6323369181905731,0.22806050343149886,302.2781262491063
Simulation_000001,Graphite,3.1488392077208824,0.6417048725341372,0.22806050343149886,302.27782841477153
Simulation_000001,Graphite,3.1488392077208824,0.6510728268777013,0.22806050343149886,302.27753015678815
Simulation_000001,Graphite,3.1488392077208824,0.6604407812212653,0.22806050343149886,302.27721579045897
Simulation_000001,Graphite,3.1488392077208824,0.6698087355648293,0.22806050343149886,302.276871975783
Simulation_000001,Graphite,3.1488392077208824,0.6791766899083934,0.22806050343149886,302.276487218901
Simulation_000001,Graphite,3.1488392077208824,0.6885446442519574,0.22806050343149886,302.276051514801
Simulation_000001,Graphite,3.1488392077208824,0.6979125985955215,0.22806050343149886,302.2755561088073
Simulation_000001,Graphite,3.1488392077208824,0.7072805529390855,0.22806050343149886,302.2749933542706
Simulation_000001,Graphite,3.1488392077208824,0.7166485072826496,0.22806050343149886,302.274356644463
Simulation_000001,Graphite,3.1488392077208824,0.7260164616262136,0.22806050343149886,302.27364039787903
Simulation_000001,Graphite,3.1488392077208824,0.7353844159697777,0.22806050343149886,302.2728400779033
Simulation_000001,Graphite,3.1488392077208824,0.7447523703133417,0.22806050343149886,302.2719522300761
Simulation_000001,Graphite,3.1488392077208824,0.7541203246569057,0.22806050343149886,302.27097452291196
Simulation_000001,Graphite,3.1488392077208824,0.004683977171782023,0.23448474296478053,302.27842562827544
Simulation_000001,Graphite,3.1488392077208824,0.01405193151534607,0.23448474296478053,302.27842660491854
Simulation_000001,Graphite,3.1488392077208824,0.023419885858910118,0.23448474296478053,302.2784287394276
Simulation_000001,Graphite,3.1488392077208824,0.03278784020247416,0.23448474296478053,302.2784324194971
Simulation_000001,Graphite,3.1488392077208824,0.04215579454603821,0.23448474296478053,302.27843829198247
Simulation_000001,Graphite,3.1488392077208824,0.05152374888960226,0.23448474296478053,302.27844734744605
Simulation_000001,Graphite,3.1488392077208824,0.060891703233166304,0.23448474296478053,302.2784610432721
Simulation_000001,Graphite,3.1488392077208824,0.07025965757673035,0.23448474296478053,302.2784814744158
Simulation_000001,Graphite,3.1488392077208824,0.0796276119202944,0.23448474296478053,302.2785116032573
Simulation_000001,Graphite,3.1488392077208824,0.08899556626385845,0.23448474296478053,302.2785555624138
Simulation_000001,Graphite,3.1488392077208824,0.0983635206074225,0.23448474296478053,302.2786190466201
Simulation_000001,Graphite,3.1488392077208824,0.10773147495098653,0.23448474296478053,302.2787098117856
Simulation_000001,Graphite,3.1488392077208824,0.11709942929455058,0.23448474296478053,302.2788383008846
Simulation_000001,Graphite,3.1488392077208824,0.12646738363811463,0.23448474296478053,302.2790184172631
Simulation_000001,Graphite,3.1488392077208824,0.13583533798167866,0.23448474296478053,302.2792684660572
Simulation_000001,Graphite,3.1488392077208824,0.1452032923252427,0.23448474296478053,302.27961228361573
Simulation_000001,Graphite,3.1488392077208824,0.15457124666880676,0.23448474296478053,302.28008057306823
Simulation_000001,Graphite,3.1488392077208824,0.1639392010123708,0.23448474296478053,302.2807124616789
Simulation_000001,Graphite,3.1488392077208824,0.17330715535593486,0.23448474296478053,302.28155729276875
Simulation_000001,Graphite,3.1488392077208824,0.1826751096994989,0.23448474296478053,302.28267666260325
Simulation_000001,Graphite,3.1488392077208824,0.19204306404306296,0.23448474296478053,302.2841467119263
Simulation_000001,Graphite,3.1488392077208824,0.20141101838662698,0.23448474296478053,302.28606068464836
Simulation_000001,Graphite,3.1488392077208824,0.21077897273019103,0.23448474296478053,302.28853177507784
Simulation_000001,Graphite,3.1488392077208824,0.22014692707375508,0.23448474296478053,302.2916963034772
Simulation_000001,Graphite,3.1488392077208824,0.22951488141731913,0.23448474296478053,302.29571729213285
Simulation_000001,Graphite,3.1488392077208824,0.23888283576088318,0.23448474296478053,302.3007885664132
Simulation_000001,Graphite,3.1488392077208824,0.24825079010444723,0.23448474296478053,302.30713958486945
Simulation_000001,Graphite,3.1488392077208824,0.2576187444480113,0.23448474296478053,302.31504131853984
Simulation_000001,Graphite,3.1488392077208824,0.2669866987915753,0.23448474296478053,302.32481366333866
Simulation_000001,Graphite,3.1488392077208824,0.2763546531351394,0.23448474296478053,302.3368350945225
Simulation_000001,Graphite,3.1488392077208824,0.2857226074787034,0.23448474296478053,302.3515555822481
Simulation_000001,Graphite,3.1488392077208824,0.2950905618222675,0.23448474296478053,302.3695142601938
Simulation_000001,Graphite,3.1488392077208824,0.3044585161658315,0.23448474296478053,302.39136435147464
Simulation_000001,Graphite,3.1488392077208824,0.31382647050939555,0.23448474296478053,302.4179113947747
Simulation_000001,Graphite,3.1488392077208824,0.3231944248529596,0.23448474296478053,302.45018805486023
Simulation_000001,Graphite,3.1488392077208824,0.33256237919652365,0.23448474296478053,302.4896893095282
Simulation_000001,Graphite,3.1488392077208824,0.3419303335400877,0.23448474296478053,302.53956433932984
Simulation_000001,Graphite,3.1488392077208824,0.35129828788365175,0.23448474296478053,302.5740565653971
Simulation_000001,Graphite,3.1488392077208824,0.3606662422272158,0.23448474296478053,302.59613936736673
Simulation_000001,Graphite,3.1488392077208824,0.37003419657077985,0.23448474296478053,302.6069470477769
Simulation_000001,Graphite,3.1488392077208824,0.3794021509143439,0.23448474296478053,302.6069470366937
Simulation_000001,Graphite,3.1488392077208824,0.38877010525790795,0.23448474296478053,302.5961393314778
Simulation_000001,Graphite,3.1488392077208824,0.39813805960147197,0.23448474296478053,302.5740564962799
Simulation_000001,Graphite,3.1488392077208824,0.40750601394503605,0.23448474296478053,302.53956422119626
Simulation_000001,Graphite,3.1488392077208824,0.41687396828860007,0.23448474296478053,302.48968911634745
Simulation_000001,Graphite,3.1488392077208824,0.42624192263216415,0.23448474296478053,302.4501877458096
Simulation_000001,Graphite,3.1488392077208824,0.43560987697572817,0.23448474296478053,302.41791090745454
Simulation_000001,Graphite,3.1488392077208824,0.44497783131929225,0.23448474296478053,302.39136359209607
Simulation_000001,Graphite,3.1488392077208824,0.45434578566285627,0.23448474296478053,302.3695130896845
Simulation_000001,Graphite,3.1488392077208824,0.4637137400064203,0.23448474296478053,302.35155379690605
Simulation_000001,Graphite,3.1488392077208824,0.47308169434998437,0.23448474296478053,302.33683239947806
Simulation_000001,Graphite,3.1488392077208824,0.4824496486935484,0.23448474296478053,302.3248096366792
Simulation_000001,Graphite,3.1488392077208824,0.49181760303711247,0.23448474296478053,302.3150353635
Simulation_000001,Graphite,3.1488392077208824,0.5011855573806765,0.23448474296478053,302.30713086703213
Simulation_000001,Graphite,3.1488392077208824,0.5105535117242406,0.23448474296478053,302.30077593242305
Simulation_000001,Graphite,3.1488392077208824,0.5199214660678046,0.23448474296478053,302.29569916603594
Simulation_000001,Graphite,3.1488392077208824,0.5292894204113686,0.23448474296478053,302.29167055653403
Simulation_000001,Graphite,3.1488392077208824,0.5386573747549327,0.23448474296478053,302.28849556480327
Simulation_000001,Graphite,3.1488392077208824,0.5480253290984968,0.23448474296478053,302.2860102589922
Simulation_000001,Graphite,3.1488392077208824,0.5573932834420607,0.23448474296478053,302.2840771749983
Simulation_000001,Graphite,3.1488392077208824,0.5667612377856248,0.23448474296478053,302.2825816992288
Simulation_000001,Graphite,3.1488392077208824,0.5761291921291889,0.23448474296478053,302.2814288505033
Simulation_000001,Graphite,3.1488392077208824,0.585497146472753,0.23448474296478053,302.28054039073356
Simulation_000001,Graphite,3.1488392077208824,0.5948651008163169,0.23448474296478053,302.27985222691376
Simulation_000001,Graphite,3.1488392077208824,0.604233055159881,0.23448474296478053,302.27931208577786
Simulation_000001,Graphite,3.1488392077208824,0.6136010095034451,0.23448474296478053,302.27887745171154
Simulation_000001,Graphite,3.1488392077208824,0.6229689638470091,0.23448474296478053,302.2785137615053
Simulation_000001,Graphite,3.1488392077208824,0.6323369181905731,0.23448474296478053,302.2781928488112
Simulation_000001,Graphite,3.1488392077208824,0.6417048725341372,0.23448474296478053,302.27789162848995
Simulation_000001,Graphite,3.1488392077208824,0.6510728268777013,0.23448474296478053,302.27759100763285
Simulation_000001,Graphite,3.1488392077208824,0.6604407812212653,0.23448474296478053,302.27727500668425
Simulation_000001,Graphite,3.1488392077208824,0.6698087355648293,0.23448474296478053,302.2769300712305
Simulation_000001,Graphite,3.1488392077208824,0.6791766899083934,0.23448474296478053,302.2765445528759
Simulation_000001,Graphite,3.1488392077208824,0.6885446442519574,0.23448474296478053,302.2761083362617
Simulation_000001,Graphite,3.1488392077208824,0.6979125985955215,0.23448474296478053,302.27561258868946
Simulation_000001,Graphite,3.1488392077208824,0.7072805529390855,0.23448474296478053,302.27504960892134
Simulation_000001,Graphite,3.1488392077208824,0.7166485072826496,0.23448474296478053,302.27441275248543
Simulation_000001,Graphite,3.1488392077208824,0.7260164616262136,0.23448474296478053,302.2736964121581
Simulation_000001,Graphite,3.1488392077208824,0.7353844159697777,0.23448474296478053,302.272896034166
Simulation_000001,Graphite,3.1488392077208824,0.7447523703133417,0.23448474296478053,302.2720081530221
Simulation_000001,Graphite,3.1488392077208824,0.7541203246569057,0.23448474296478053,302.2710304307132
Simulation_000001,Graphite,3.1488392077208824,0.004683977171782023,0.24090898249806217,302.27846979247755
Simulation_000001,Graphite,3.1488392077208824,0.01405193151534607,0.24090898249806217,302.27847078731753
Simulation_000001,Graphite,3.1488392077208824,0.023419885858910118,0.24090898249806217,302.2784729616927
Simulation_000001,Graphite,3.1488392077208824,0.03278784020247416,0.24090898249806217,302.27847671075517
Simulation_000001,Graphite,3.1488392077208824,0.04215579454603821,0.24090898249806217,302.27848269387823
Simulation_000001,Graphite,3.1488392077208824,0.05152374888960226,0.24090898249806217,302.2784919209508
Simulation_000001,Graphite,3.1488392077208824,0.060891703233166304,0.24090898249806217,302.2785058780745
Simulation_000001,Graphite,3.1488392077208824,0.07025965757673035,0.24090898249806217,302.27852670196745
Simulation_000001,Graphite,3.1488392077208824,0.0796276119202944,0.24090898249806217,302.27855741485735
Simulation_000001,Graphite,3.1488392077208824,0.08899556626385845,0.24090898249806217,302.278602234123
Simulation_000001,Graphite,3.1488392077208824,0.0983635206074225,0.24090898249806217,302.27866697331757
Simulation_000001,Graphite,3.1488392077208824,0.10773147495098653,0.24090898249806217,302.2787595533381
Simulation_000001,Graphite,3.1488392077208824,0.11709942929455058,0.24090898249806217,302.2788906442321
Simulation_000001,Graphite,3.1488392077208824,0.12646738363811463,0.24090898249806217,302.2790744592768
Simulation_000001,Graphite,3.1488392077208824,0.13583533798167866,0.24090898249806217,302.2793297233762
Simulation_000001,Graphite,3.1488392077208824,0.1452032923252427,0.24090898249806217,302.27968083741484
Simulation_000001,Graphite,3.1488392077208824,0.15457124666880676,0.24090898249806217,302.28015925902884
Simulation_000001,Graphite,3.1488392077208824,0.1639392010123708,0.24090898249806217,302.2808051185662
Simulation_000001,Graphite,3.1488392077208824,0.17330715535593486,0.24090898249806217,302.2816690873872
Simulation_000001,Graphite,3.1488392077208824,0.1826751096994989,0.24090898249806217,302.28281451511924
Simulation_000001,Graphite,3.1488392077208824,0.19204306404306296,0.24090898249806217,302.2843198546578
Simulation_000001,Graphite,3.1488392077208824,0.20141101838662698,0.24090898249806217,302.28628140105184
Simulation_000001,Graphite,3.1488392077208824,0.21077897273019103,0.24090898249806217,302.2888163865318
Simulation_000001,Graphite,3.1488392077208824,0.22014692707375508,0.24090898249806217,302.29206650404643
Simulation_000001,Graphite,3.1488392077208824,0.22951488141731913,0.24090898249806217,302.2962019834239
Simulation_000001,Graphite,3.1488392077208824,0.23888283576088318,0.24090898249806217,302.30142642904167
Simulation_000001,Graphite,3.1488392077208824,0.24825079010444723,0.24090898249806217,302.30798276319706
Simulation_000001,Graphite,3.1488392077208824,0.2576187444480113,0.24090898249806217,302.31616083316266
Simulation_000001,Graphite,3.1488392077208824,0.2669866987915753,0.24090898249806217,302.326307578982
Simulation_000001,Graphite,3.1488392077208824,0.2763546531351394,0.24090898249806217,302.33884120694717
Simulation_000001,Graphite,3.1488392077208824,0.2857226074787034,0.24090898249806217,302.35427173474295
Simulation_000001,Graphite,3.1488392077208824,0.2950905618222675,0.24090898249806217,302.3732319416744
Simulation_000001,Graphite,3.1488392077208824,0.3044585161658315,0.24090898249806217,302.396526185214
Simulation_000001,Graphite,3.1488392077208824,0.31382647050939555,0.24090898249806217,302.42521298089514
Simulation_000001,Graphite,3.1488392077208824,0.3231944248529596,0.24090898249806217,302.460762114948
Simulation_000001,Graphite,3.1488392077208824,0.33256237919652365,0.24090898249806217,302.50540743073117
Simulation_000001,Graphite,3.1488392077208824,0.3419303335400877,0.24090898249806217,302.5630427539812
Simulation_000001,Graphite,3.1488392077208824,0.35129828788365175,0.24090898249806217,302.6024196784759
Simulation_000001,Graphite,3.1488392077208824,0.3606662422272158,0.24090898249806217,302.6272212909741
Simulation_000001,Graphite,3.1488392077208824,0.37003419657077985,0.24090898249806217,302.63924193700495
Simulation_000001,Graphite,3.1488392077208824,0.3794021509143439,0.24090898249806217,302.6392419259218
Simulation_000001,Graphite,3.1488392077208824,0.38877010525790795,0.24090898249806217,302.6272212550851
Simulation_000001,Graphite,3.1488392077208824,0.39813805960147197,0.24090898249806217,302.6024196093586
Simulation_000001,Graphite,3.1488392077208824,0.40750601394503605,0.24090898249806217,302.5630426358476
Simulation_000001,Graphite,3.1488392077208824,0.41687396828860007,0.24090898249806217,302.5054072375501
Simulation_000001,Graphite,3.1488392077208824,0.42624192263216415,0.24090898249806217,302.4607618058971
Simulation_000001,Graphite,3.1488392077208824,0.43560987697572817,0.24090898249806217,302.42521249357463
Simulation_000001,Graphite,3.1488392077208824,0.44497783131929225,0.24090898249806217,302.3965254258346
Simulation_000001,Graphite,3.1488392077208824,0.45434578566285627,0.24090898249806217,302.37323077116406
Simulation_000001,Graphite,3.1488392077208824,0.4637137400064203,0.24090898249806217,302.3542699493992
Simulation_000001,Graphite,3.1488392077208824,0.47308169434998437,0.24090898249806217,302.3388385119004
Simulation_000001,Graphite,3.1488392077208824,0.4824496486935484,0.24090898249806217,302.32630355231913
Simulation_000001,Graphite,3.1488392077208824,0.49181760303711247,0.24090898249806217,302.31615487811774
Simulation_000001,Graphite,3.1488392077208824,0.5011855573806765,0.24090898249806217,302.3079740453525
Simulation_000001,Graphite,3.1488392077208824,0.5105535117242406,0.24090898249806217,302.3014137950412
Simulation_000001,Graphite,3.1488392077208824,0.5199214660678046,0.24090898249806217,302.29618385731254
Simulation_000001,Graphite,3.1488392077208824,0.5292894204113686,0.24090898249806217,302.29204075708327
Simulation_000001,Graphite,3.1488392077208824,0.5386573747549327,0.24090898249806217,302.28878017622975
Simulation_000001,Graphite,3.1488392077208824,0.5480253290984968,0.24090898249806217,302.2862309753585
Simulation_000001,Graphite,3.1488392077208824,0.5573932834420607,0.24090898249806217,302.2842503176799
Simulation_000001,Graphite,3.1488392077208824,0.5667612377856248,0.24090898249806217,302.2827195516789
Simulation_000001,Graphite,3.1488392077208824,0.5761291921291889,0.24090898249806217,302.2815406450354
Simulation_000001,Graphite,3.1488392077208824,0.585497146472753,0.24090898249806217,302.2806330475092
Simulation_000001,Graphite,3.1488392077208824,0.5948651008163169,0.24090898249806217,302.2799309127313
Simulation_000001,Graphite,3.1488392077208824,0.604233055159881,0.24090898249806217,302.27938063939564
Simulation_000001,Graphite,3.1488392077208824,0.6136010095034451,0.24090898249806217,302.27893870880234
Simulation_000001,Graphite,3.1488392077208824,0.6229689638470091,0.24090898249806217,302.2785698032342
Simulation_000001,Graphite,3.1488392077208824,0.6323369181905731,0.24090898249806217,302.2782451918043
Simulation_000001,Graphite,3.1488392077208824,0.6417048725341372,0.24090898249806217,302.2779413696015
Simulation_000001,Graphite,3.1488392077208824,0.6510728268777013,0.24090898249806217,302.2776389337786
Simulation_000001,Graphite,3.1488392077208824,0.6604407812212653,0.24090898249806217,302.2773216776945
Simulation_000001,Graphite,3.1488392077208824,0.6698087355648293,0.24090898249806217,302.27697588192694
Simulation_000001,Graphite,3.1488392077208824,0.6791766899083934,0.24090898249806217,302.27658977922636
Simulation_000001,Graphite,3.1488392077208824,0.6885446442519574,0.24090898249806217,302.27615316941257
Simulation_000001,Graphite,3.1488392077208824,0.6979125985955215,0.24090898249806217,302.27565715984105
Simulation_000001,Graphite,3.1488392077208824,0.7072805529390855,0.24090898249806217,302.2750940073494
Simulation_000001,Graphite,3.1488392077208824,0.7166485072826496,0.24090898249806217,302.2744570384888
Simulation_000001,Graphite,3.1488392077208824,0.7260164616262136,0.24090898249806217,302.2737406262967
Simulation_000001,Graphite,3.1488392077208824,0.7353844159697777,0.24090898249806217,302.2729402038347
Simulation_000001,Graphite,3.1488392077208824,0.7447523703133417,0.24090898249806217,302.27205229715605
Simulation_000001,Graphite,3.1488392077208824,0.7541203246569057,0.24090898249806217,302.27107456324046
Simulation_000001,Graphite,3.1488392077208824,0.004683977171782023,0.24733322203134384,302.2785041574222
Simulation_000001,Graphite,3.1488392077208824,0.01405193151534607,0.24733322203134384,302.27850516458386
Simulation_000001,Graphite,3.1488392077208824,0.023419885858910118,0.24733322203134384,302.278507365955
Simulation_000001,Graphite,3.1488392077208824,0.03278784020247416,0.24733322203134384,302.27851116174037
Simulation_000001,Graphite,3.1488392077208824,0.04215579454603821,0.24733322203134384,302.2785172197964
Simulation_000001,Graphite,3.1488392077208824,0.05152374888960226,0.24733322203134384,302.27852656311035
Simulation_000001,Graphite,3.1488392077208824,0.060891703233166304,0.24733322203134384,302.27854069725146
Simulation_000001,Graphite,3.1488392077208824,0.07025965757673035,0.24733322203134384,302.27856178725636
Simulation_000001,Graphite,3.1488392077208824,0.0796276119202944,0.24733322203134384,302.2785928959451
Simulation_000001,Graphite,3.1488392077208824,0.08899556626385845,0.24733322203134384,302.27863829820734
Simulation_000001,Graphite,3.1488392077208824,0.0983635206074225,0.24733322203134384,302.27870388824573
Simulation_000001,Graphite,3.1488392077208824,0.10773147495098653,0.24733322203134384,302.27879769899613
Simulation_000001,Graphite,3.1488392077208824,0.11709942929455058,0.24733322203134384,302.27893055478705
Simulation_000001,Graphite,3.1488392077208824,0.12646738363811463,0.24733322203134384,302.2791168796037
Simulation_000001,Graphite,3.1488392077208824,0.13583533798167866,0.24733322203134384,302.2793756839378
Simulation_000001,Graphite,3.1488392077208824,0.1452032923252427,0.24733322203134384,302.2797317530845
Simulation_000001,Graphite,3.1488392077208824,0.15457124666880676,0.24733322203134384,302.2802170589696
Simulation_000001,Graphite,3.1488392077208824,0.1639392010123708,0.24733322203134384,302.2808724164982
Simulation_000001,Graphite,3.1488392077208824,0.17330715535593486,0.24733322203134384,302.281749404673
Simulation_000001,Graphite,3.1488392077208824,0.1826751096994989,0.24733322203134384,302.2829125735505
Simulation_000001,Graphite,3.1488392077208824,0.19204306404306296,0.24733322203134384,302.2844419623849
Simulation_000001,Graphite,3.1488392077208824,0.20141101838662698,0.24733322203134384,302.28643596499404
Simulation_000001,Graphite,3.1488392077208824,0.21077897273019103,0.24733322203134384,302.28901459986383
Simulation_000001,Graphite,3.1488392077208824,0.22014692707375508,0.24733322203134384,302.29232328140125
Simulation_000001,Graphite,3.1488392077208824,0.22951488141731913,0.24733322203134384,302.296537255119
Simulation_000001,Graphite,3.1488392077208824,0.23888283576088318,0.24733322203134384,302.30186696914245
Simulation_000001,Graphite,3.1488392077208824,0.24825079010444723,0.24733322203134384,302.308564832747
Simulation_000001,Graphite,3.1488392077208824,0.2576187444480113,0.24733322203134384,302.31693410232253
Simulation_000001,Graphite,3.1488392077208824,0.2669866987915753,0.24733322203134384,302.3273411102146
Simulation_000001,Graphite,3.1488392077208824,0.2763546531351394,0.24733322203134384,302.3402328448662
Simulation_000001,Graphite,3.1488392077208824,0.2857226074787034,0.24733322203134384,302.35616324645747
Simulation_000001,Graphite,3.1488392077208824,0.2950905618222675,0.24733322203134384,302.3758339662262
Simulation_000001,Graphite,3.1488392077208824,0.3044585161658315,0.24733322203134384,302.40015965241696
Simulation_000001,Graphite,3.1488392077208824,0.31382647050939555,0.24733322203134384,302.4303757826164
Simulation_000001,Graphite,3.1488392077208824,0.3231944248529596,0.24733322203134384,302.4682211938998
Simulation_000001,Graphite,3.1488392077208824,0.33256237919652365,0.24733322203134384,302.5162451582904
Simulation_000001,Graphite,3.1488392077208824,0.3419303335400877,0.24733322203134384,302.57825122131055
Simulation_000001,Graphite,3.1488392077208824,0.35129828788365175,0.24733322203134384,302.6208238237061
Simulation_000001,Graphite,3.1488392077208824,0.3606662422272158,0.24733322203134384,302.6475298996402
Simulation_000001,Graphite,3.1488392077208824,0.37003419657077985,0.24733322203134384,302.6604209438244
Simulation_000001,Graphite,3.1488392077208824,0.3794021509143439,0.24733322203134384,302.6604209327413
Simulation_000001,Graphite,3.1488392077208824,0.38877010525790795,0.24733322203134384,302.6475298637511
Simulation_000001,Graphite,3.1488392077208824,0.39813805960147197,0.24733322203134384,302.6208237545888
Simulation_000001,Graphite,3.1488392077208824,0.40750601394503605,0.24733322203134384,302.5782511031768
Simulation_000001,Graphite,3.1488392077208824,0.41687396828860007,0.24733322203134384,302.51624496510925
Simulation_000001,Graphite,3.1488392077208824,0.42624192263216415,0.24733322203134384,302.4682208848487
Simulation_000001,Graphite,3.1488392077208824,0.43560987697572817,0.24733322203134384,302.4303752952955
Simulation_000001,Graphite,3.1488392077208824,0.44497783131929225,0.24733322203134384,302.4001588930371
Simulation_000001,Graphite,3.1488392077208824,0.45434578566285627,0.24733322203134384,302.3758327957151
Simulation_000001,Graphite,3.1488392077208824,0.4637137400064203,0.24733322203134384,302.35616146111266
Simulation_000001,Graphite,3.1488392077208824,0.47308169434998437,0.24733322203134384,302.3402301498178
Simulation_000001,Graphite,3.1488392077208824,0.4824496486935484,0.24733322203134384,302.3273370835493
Simulation_000001,Graphite,3.1488392077208824,0.49181760303711247,0.24733322203134384,302.31692814727404
Simulation_000001,Graphite,3.1488392077208824,0.5011855573806765,0.24733322203134384,302.3085561148973
Simulation_000001,Graphite,3.1488392077208824,0.5105535117242406,0.24733322203134384,302.3018543351347
Simulation_000001,Graphite,3.1488392077208824,0.5199214660678046,0.24733322203134384,302.2965191289974
Simulation_000001,Graphite,3.1488392077208824,0.5292894204113686,0.24733322203134384,302.2922975344239
Simulation_000001,Graphite,3.1488392077208824,0.5386573747549327,0.24733322203134384,302.28897838954225
Simulation_000001,Graphite,3.1488392077208824,0.5480253290984968,0.24733322203134384,302.2863855392742
Simulation_000001,Graphite,3.1488392077208824,0.5573932834420607,0.24733322203134384,302.2843724253717
Simulation_000001,Graphite,3.1488392077208824,0.5667612377856248,0.24733322203134384,302.28281761006343
Simulation_000001,Graphite,3.1488392077208824,0.5761291921291889,0.24733322203134384,302.28162096226015
Simulation_000001,Graphite,3.1488392077208824,0.585497146472753,0.24733322203134384,302.2807003453622
Simulation_000001,Graphite,3.1488392077208824,0.5948651008163169,0.24733322203134384,302.2799887125709
Simulation_000001,Graphite,3.1488392077208824,0.604233055159881,0.24733322203134384,302.2794315549371
Simulation_000001,Graphite,3.1488392077208824,0.6136010095034451,0.24733322203134384,302.2789846692031
Simulation_000001,Graphite,3.1488392077208824,0.6229689638470091,0.24733322203134384,302.27861222336037
Simulation_000001,Graphite,3.1488392077208824,0.6323369181905731,0.24733322203134384,302.2782851021099
Simulation_000001,Graphite,3.1488392077208824,0.6417048725341372,0.24733322203134384,302.2779795149499
Simulation_000001,Graphite,3.1488392077208824,0.6510728268777013,0.24733322203134384,302.2776758483203
Simulation_000001,Graphite,3.1488392077208824,0.6604407812212653,0.24733322203134384,302.2773577412908
Simulation_000001,Graphite,3.1488392077208824,0.6698087355648293,0.24733322203134384,302.2770113623863
Simulation_000001,Graphite,3.1488392077208824,0.6791766899083934,0.24733322203134384,302.2766248636834
Simulation_000001,Graphite,3.1488392077208824,0.6885446442519574,0.24733322203134384,302.27618798745107
Simulation_000001,Graphite,3.1488392077208824,0.6979125985955215,0.24733322203134384,302.2756918003852
Simulation_000001,Graphite,3.1488392077208824,0.7072805529390855,0.24733322203134384,302.27512853089604
Simulation_000001,Graphite,3.1488392077208824,0.7166485072826496,0.24733322203134384,302.27449148589136
Simulation_000001,Graphite,3.1488392077208824,0.7260164616262136,0.24733322203134384,302.27377502503094
Simulation_000001,Graphite,3.1488392077208824,0.7353844159697777,0.24733322203134384,302.27297457245544
Simulation_000001,Graphite,3.1488392077208824,0.7447523703133417,0.24733322203134384,302.2720866484865
Simulation_000001,Graphite,3.1488392077208824,0.7541203246569057,0.24733322203134384,302.2711089067122
Simulation_000001,Graphite,3.1488392077208824,0.004683977171782023,0.2537574615646255,302.2785303444811
Simulation_000001,Graphite,3.1488392077208824,0.01405193151534607,0.2537574615646255,302.27853135786137
Simulation_000001,Graphite,3.1488392077208824,0.023419885858910118,0.2537574615646255,302.27853357285767
Simulation_000001,Graphite,3.1488392077208824,0.03278784020247416,0.2537574615646255,302.27853739222564
Simulation_000001,Graphite,3.1488392077208824,0.04215579454603821,0.2537574615646255,302.2785434881051
Simulation_000001,Graphite,3.1488392077208824,0.05152374888960226,0.2537574615646255,302.2785528900975
Simulation_000001,Graphite,3.1488392077208824,0.060891703233166304,0.2537574615646255,302.27856711360437
Simulation_000001,Graphite,3.1488392077208824,0.07025965757673035,0.2537574615646255,302.278588337966
Simulation_000001,Graphite,3.1488392077208824,0.0796276119202944,0.2537574615646255,302.27861964651044
Simulation_000001,Graphite,3.1488392077208824,0.08899556626385845,0.2537574615646255,302.27866534318775
Simulation_000001,Graphite,3.1488392077208824,0.0983635206074225,0.2537574615646255,302.2787313629634
Simulation_000001,Graphite,3.1488392077208824,0.10773147495098653,0.2537574615646255,302.2788257954164
Simulation_000001,Graphite,3.1488392077208824,0.11709942929455058,0.2537574615646255,302.2789595428997
Simulation_000001,Graphite,3.1488392077208824,0.12646738363811463,0.2537574615646255,302.2791471359993
Simulation_000001,Graphite,3.1488392077208824,0.13583533798167866,0.2537574615646255,302.2794077297549
Simulation_000001,Graphite,3.1488392077208824,0.1452032923252427,0.2537574615646255,302.27976630412786
Simulation_000001,Graphite,3.1488392077208824,0.15457124666880676,0.2537574615646255,302.2802550916427
Simulation_000001,Graphite,3.1488392077208824,0.1639392010123708,0.2537574615646255,302.2809152543342
Simulation_000001,Graphite,3.1488392077208824,0.17330715535593486,0.2537574615646255,302.28179883186465
Simulation_000001,Graphite,3.1488392077208824,0.1826751096994989,0.2537574615646255,302.28297098419546
Simulation_000001,Graphite,3.1488392077208824,0.19204306404306296,0.2537574615646255,302.28451255760194
Simulation_000001,Graphite,3.1488392077208824,0.20141101838662698,0.2537574615646255,302.28652301526483
Simulation_000001,Graphite,3.1488392077208824,0.21077897273019103,0.2537574615646255,302.2891237980171
Simulation_000001,Graphite,3.1488392077208824,0.22014692707375508,0.2537574615646255,302.29246222441986
Simulation_000001,Graphite,3.1488392077208824,0.22951488141731913,0.2537574615646255,302.296716113586
Simulation_000001,Graphite,3.1488392077208824,0.23888283576088318,0.2537574615646255,302.3020994372269
Simulation_000001,Graphite,3.1488392077208824,0.24825079010444723,0.2537574615646255,302.3088695090948
Simulation_000001,Graphite,3.1488392077208824,0.2576187444480113,0.2537574615646255,302.3173365509971
Simulation_000001,Graphite,3.1488392077208824,0.2669866987915753,0.2537574615646255,302.3278770231774
Simulation_000001,Graphite,3.1488392077208824,0.2763546531351394,0.2537574615646255,302.34095302934264
Simulation_000001,Graphite,3.1488392077208824,0.2857226074787034,0.2537574615646255,302.3571416774852
Simulation_000001,Graphite,3.1488392077208824,0.2950905618222675,0.2537574615646255,302.37718095264063
Simulation_000001,Graphite,3.1488392077208824,0.3044585161658315,0.2537574615646255,302.4020430533215
Simulation_000001,Graphite,3.1488392077208824,0.31382647050939555,0.2537574615646255,302.4330524285647
Simulation_000001,Graphite,3.1488392077208824,0.3231944248529596,0.2537574615646255,302.4720703696115
Simulation_000001,Graphite,3.1488392077208824,0.33256237919652365,0.2537574615646255,302.5217507240679
Simulation_000001,Graphite,3.1488392077208824,0.3419303335400877,0.2537574615646255,302.5857577215568
Simulation_000001,Graphite,3.1488392077208824,0.35129828788365175,0.2537574615646255,302.62989206155424
Simulation_000001,Graphite,3.1488392077208824,0.3606662422272158,0.2537574615646255,302.65756763501213
Simulation_000001,Graphite,3.1488392077208824,0.37003419657077985,0.2537574615646255,302.6709096998193
Simulation_000001,Graphite,3.1488392077208824,0.3794021509143439,0.2537574615646255,302.67090968873606
Simulation_000001,Graphite,3.1488392077208824,0.38877010525790795,0.2537574615646255,302.6575675991231
Simulation_000001,Graphite,3.1488392077208824,0.39813805960147197,0.2537574615646255,302.6298919924369
Simulation_000001,Graphite,3.1488392077208824,0.40750601394503605,0.2537574615646255,302.5857576034229
Simulation_000001,Graphite,3.1488392077208824,0.41687396828860007,0.2537574615646255,302.5217505308866
Simulation_000001,Graphite,3.1488392077208824,0.42624192263216415,0.2537574615646255,302.4720700605603
Simulation_000001,Graphite,3.1488392077208824,0.43560987697572817,0.2537574615646255,302.4330519412436
Simulation_000001,Graphite,3.1488392077208824,0.44497783131929225,0.2537574615646255,302.4020422939413
Simulation_000001,Graphite,3.1488392077208824,0.45434578566285627,0.2537574615646255,302.37717978212896
Simulation_000001,Graphite,3.1488392077208824,0.4637137400064203,0.2537574615646255,302.3571398921396
Simulation_000001,Graphite,3.1488392077208824,0.47308169434998437,0.2537574615646255,302.3409503342932
Simulation_000001,Graphite,3.1488392077208824,0.4824496486935484,0.2537574615646255,302.3278729965105
Simulation_000001,Graphite,3.1488392077208824,0.49181760303711247,0.2537574615646255,302.3173305959463
Simulation_000001,Graphite,3.1488392077208824,0.5011855573806765,0.2537574615646255,302.3088607912418
Simulation_000001,Graphite,3.1488392077208824,0.5105535117242406,0.2537574615646255,302.3020868032144
Simulation_000001,Graphite,3.1488392077208824,0.5199214660678046,0.2537574615646255,302.2966979874578
Simulation_000001,Graphite,3.1488392077208824,0.5292894204113686,0.2537574615646255,302.29243647743334
Simulation_000001,Graphite,3.1488392077208824,0.5386573747549327,0.2537574615646255,302.28908758768296
Simulation_000001,Graphite,3.1488392077208824,0.5480253290984968,0.2537574615646255,302.28647258952793
Simulation_000001,Graphite,3.1488392077208824,0.5573932834420607,0.2537574615646255,302.2844430205659
Simulation_000001,Graphite,3.1488392077208824,0.5667612377856248,0.2537574615646255,302.2828760206782
Simulation_000001,Graphite,3.1488392077208824,0.5761291921291889,0.2537574615646255,302.2816703894124
Simulation_000001,Graphite,3.1488392077208824,0.585497146472753,0.2537574615646255,302.2807431831473
Simulation_000001,Graphite,3.1488392077208824,0.5948651008163169,0.2537574615646255,302.2800267451789
Simulation_000001,Graphite,3.1488392077208824,0.604233055159881,0.2537574615646255,302.2794661058982
Simulation_000001,Graphite,3.1488392077208824,0.6136010095034451,0.2537574615646255,302.2790167149171
Simulation_000001,Graphite,3.1488392077208824,0.6229689638470091,0.2537574615646255,302.27864247962793
Simulation_000001,Graphite,3.1488392077208824,0.6323369181905731,0.2537574615646255,302.2783140900644
Simulation_000001,Graphite,3.1488392077208824,0.6417048725341372,0.2537574615646255,302.2780076111754
Simulation_000001,Graphite,3.1488392077208824,0.6510728268777013,0.2537574615646255,302.2777033227976
Simulation_000001,Graphite,3.1488392077208824,0.6604407812212653,0.2537574615646255,302.27738478597234
Simulation_000001,Graphite,3.1488392077208824,0.6698087355648293,0.2537574615646255,302.2770381125741
Simulation_000001,Graphite,3.1488392077208824,0.6791766899083934,0.2537574615646255,302.27665141390503
Simulation_000001,Graphite,3.1488392077208824,0.6885446442519574,0.2537574615646255,302.2762144031532
Simulation_000001,Graphite,3.1488392077208824,0.6979125985955215,0.2537574615646255,302.2757181264733
Simulation_000001,Graphite,3.1488392077208824,0.7072805529390855,0.2537574615646255,302.27515479791685
Simulation_000001,Graphite,3.1488392077208824,0.7166485072826496,0.2537574615646255,302.27451771447124
Simulation_000001,Graphite,3.1488392077208824,0.7260164616262136,0.2537574615646255,302.27380122904106
Simulation_000001,Graphite,3.1488392077208824,0.7353844159697777,0.2537574615646255,302.27300076126284
Simulation_000001,Graphite,3.1488392077208824,0.7447523703133417,0.2537574615646255,302.2721128285649
Simulation_000001,Graphite,3.1488392077208824,0.7541203246569057,0.2537574615646255,302.2711350828229
Simulation_000001,Graphite,3.1488392077208824,0.004683977171782023,0.26018170109790717,302.27854965234195
Simulation_000001,Graphite,3.1488392077208824,0.01405193151534607,0.26018170109790717,302.2785506657222
Simulation_000001,Graphite,3.1488392077208824,0.023419885858910118,0.26018170109790717,302.27855288071856
Simulation_000001,Graphite,3.1488392077208824,0.03278784020247416,0.26018170109790717,302.2785567000865
Simulation_000001,Graphite,3.1488392077208824,0.04215579454603821,0.26018170109790717,302.2785627959659
Simulation_000001,Graphite,3.1488392077208824,0.05152374888960226,0.26018170109790717,302.27857219795834
Simulation_000001,Graphite,3.1488392077208824,0.060891703233166304,0.26018170109790717,302.27858642146515
Simulation_000001,Graphite,3.1488392077208824,0.07025965757673035,0.26018170109790717,302.27860764582675
Simulation_000001,Graphite,3.1488392077208824,0.0796276119202944,0.26018170109790717,302.27863895437116
Simulation_000001,Graphite,3.1488392077208824,0.08899556626385845,0.26018170109790717,302.2786846510484
Simulation_000001,Graphite,3.1488392077208824,0.0983635206074225,0.26018170109790717,302.27875067082397
Simulation_000001,Graphite,3.1488392077208824,0.10773147495098653,0.26018170109790717,302.27884510327686
Simulation_000001,Graphite,3.1488392077208824,0.11709942929455058,0.26018170109790717,302.2789788507599
Simulation_000001,Graphite,3.1488392077208824,0.12646738363811463,0.26018170109790717,302.27916644385925
Simulation_000001,Graphite,3.1488392077208824,0.13583533798167866,0.26018170109790717,302.2794270376145
Simulation_000001,Graphite,3.1488392077208824,0.1452032923252427,0.26018170109790717,302.279785611987
Simulation_000001,Graphite,3.1488392077208824,0.15457124666880676,0.26018170109790717,302.2802743995012
Simulation_000001,Graphite,3.1488392077208824,0.1639392010123708,0.26018170109790717,302.28093456219204
Simulation_000001,Graphite,3.1488392077208824,0.17330715535593486,0.26018170109790717,302.28181813972157
Simulation_000001,Graphite,3.1488392077208824,0.1826751096994989,0.26018170109790717,302.28299029205124
Simulation_000001,Graphite,3.1488392077208824,0.19204306404306296,0.26018170109790717,302.28453186545624
Simulation_000001,Graphite,3.1488392077208824,0.20141101838662698,0.26018170109790717,302.2865423231174
Simulation_000001,Graphite,3.1488392077208824,0.21077897273019103,0.26018170109790717,302.2891431058677
Simulation_000001,Graphite,3.1488392077208824,0.22014692707375508,0.26018170109790717,302.29248153226814
Simulation_000001,Graphite,3.1488392077208824,0.22951488141731913,0.26018170109790717,302.29673542143155
Simulation_000001,Graphite,3.1488392077208824,0.23888283576088318,0.26018170109790717,302.3021187450694
Simulation_000001,Graphite,3.1488392077208824,0.24825079010444723,0.26018170109790717,302.3088888169338
Simulation_000001,Graphite,3.1488392077208824,0.2576187444480113,0.26018170109790717,302.31735585883234
Simulation_000001,Graphite,3.1488392077208824,0.2669866987915753,0.26018170109790717,302.3278963310086
Simulation_000001,Graphite,3.1488392077208824,0.2763546531351394,0.26018170109790717,302.34097233716966
Simulation_000001,Graphite,3.1488392077208824,0.2857226074787034,0.26018170109790717,302.35716098530776
Simulation_000001,Graphite,3.1488392077208824,0.2950905618222675,0.26018170109790717,302.3772002604588
Simulation_000001,Graphite,3.1488392077208824,0.3044585161658315,0.26018170109790717,302.4020623611353
Simulation_000001,Graphite,3.1488392077208824,0.31382647050939555,0.26018170109790717,302.4330717363743
Simulation_000001,Graphite,3.1488392077208824,0.3231944248529596,0.26018170109790717,302.4720896774173
Simulation_000001,Graphite,3.1488392077208824,0.33256237919652365,0.26018170109790717,302.5217700318702
Simulation_000001,Graphite,3.1488392077208824,0.3419303335400877,0.26018170109790717,302.58577702935605
Simulation_000001,Graphite,3.1488392077208824,0.35129828788365175,0.26018170109790717,302.62991136935125
Simulation_000001,Graphite,3.1488392077208824,0.3606662422272158,0.26018170109790717,302.65758694280765
Simulation_000001,Graphite,3.1488392077208824,0.37003419657077985,0.26018170109790717,302.6709290076139
Simulation_000001,Graphite,3.1488392077208824,0.3794021509143439,0.26018170109790717,302.6709289965307
Simulation_000001,Graphite,3.1488392077208824,0.38877010525790795,0.26018170109790717,302.65758690691854
Simulation_000001,Graphite,3.1488392077208824,0.39813805960147197,0.26018170109790717,302.6299113002339
Simulation_000001,Graphite,3.1488392077208824,0.40750601394503605,0.26018170109790717,302.58577691122224
Simulation_000001,Graphite,3.1488392077208824,0.41687396828860007,0.26018170109790717,302.5217698386888
Simulation_000001,Graphite,3.1488392077208824,0.42624192263216415,0.26018170109790717,302.47208936836597
Simulation_000001,Graphite,3.1488392077208824,0.43560987697572817,0.26018170109790717,302.4330712490531
Simulation_000001,Graphite,3.1488392077208824,0.44497783131929225,0.26018170109790717,302.40206160175495
Simulation_000001,Graphite,3.1488392077208824,0.45434578566285627,0.26018170109790717,302.37719908994694
Simulation_000001,Graphite,3.1488392077208824,0.4637137400064203,0.26018170109790717,302.3571591999618
Simulation_000001,Graphite,3.1488392077208824,0.47308169434998437,0.26018170109790717,302.34096964211955
Simulation_000001,Graphite,3.1488392077208824,0.4824496486935484,0.26018170109790717,302.3278923043409
Simulation_000001,Graphite,3.1488392077208824,0.49181760303711247,0.26018170109790717,302.3173499037803
Simulation_000001,Graphite,3.1488392077208824,0.5011855573806765,0.26018170109790717,302.3088800990791
Simulation_000001,Graphite,3.1488392077208824,0.5105535117242406,0.26018170109790717,302.3021061110544
Simulation_000001,Graphite,3.1488392077208824,0.5199214660678046,0.26018170109790717,302.2967172952998
Simulation_000001,Graphite,3.1488392077208824,0.5292894204113686,0.26018170109790717,302.2924557852768
Simulation_000001,Graphite,3.1488392077208824,0.5386573747549327,0.26018170109790717,302.28910689552697
Simulation_000001,Graphite,3.1488392077208824,0.5480253290984968,0.26018170109790717,302.2864918973717
Simulation_000001,Graphite,3.1488392077208824,0.5573932834420607,0.26018170109790717,302.28446232840844
Simulation_000001,Graphite,3.1488392077208824,0.5667612377856248,0.26018170109790717,302.2828953285184
Simulation_000001,Graphite,3.1488392077208824,0.5761291921291889,0.26018170109790717,302.281689697249
Simulation_000001,Graphite,3.1488392077208824,0.585497146472753,0.26018170109790717,302.28076249097904
Simulation_000001,Graphite,3.1488392077208824,0.5948651008163169,0.26018170109790717,302.28004605300424
Simulation_000001,Graphite,3.1488392077208824,0.604233055159881,0.26018170109790717,302.27948541371575
Simulation_000001,Graphite,3.1488392077208824,0.6136010095034451,0.26018170109790717,302.279036022725
Simulation_000001,Graphite,3.1488392077208824,0.6229689638470091,0.26018170109790717,302.27866178742465
Simulation_000001,Graphite,3.1488392077208824,0.6323369181905731,0.26018170109790717,302.27833339784814
Simulation_000001,Graphite,3.1488392077208824,0.6417048725341372,0.26018170109790717,302.27802691894465
Simulation_000001,Graphite,3.1488392077208824,0.6510728268777013,0.26018170109790717,302.2777226305508
Simulation_000001,Graphite,3.1488392077208824,0.6604407812212653,0.26018170109790717,302.2774040937081
Simulation_000001,Graphite,3.1488392077208824,0.6698087355648293,0.26018170109790717,302.27705742029156
Simulation_000001,Graphite,3.1488392077208824,0.6791766899083934,0.26018170109790717,302.2766707216037
Simulation_000001,Graphite,3.1488392077208824,0.6885446442519574,0.26018170109790717,302.27623371083286
Simulation_000001,Graphite,3.1488392077208824,0.6979125985955215,0.26018170109790717,302.27573743413467
Simulation_000001,Graphite,3.1488392077208824,0.7072805529390855,0.26018170109790717,302.2751741055609
Simulation_000001,Graphite,3.1488392077208824,0.7166485072826496,0.26018170109790717,302.27453702209965
Simulation_000001,Graphite,3.1488392077208824,0.7260164616262136,0.26018170109790717,302.27382053665616
Simulation_000001,Graphite,3.1488392077208824,0.7353844159697777,0.26018170109790717,302.27302006886754
Simulation_000001,Graphite,3.1488392077208824,0.7447523703133417,0.26018170109790717,302.27213213616227
Simulation_000001,Graphite,3.1488392077208824,0.7541203246569057,0.26018170109790717,302.2711543904166
Simulation_000001,Graphite,3.1488392077208824,0.004683977171782023,0.2666059406311888,302.27856309349755
Simulation_000001,Graphite,3.1488392077208824,0.01405193151534607,0.2666059406311888,302.27856410065914
Simulation_000001,Graphite,3.1488392077208824,0.023419885858910118,0.2666059406311888,302.2785663020303
Simulation_000001,Graphite,3.1488392077208824,0.03278784020247416,0.2666059406311888,302.2785700978157
Simulation_000001,Graphite,3.1488392077208824,0.04215579454603821,0.2666059406311888,302.2785761558717
Simulation_000001,Graphite,3.1488392077208824,0.05152374888960226,0.2666059406311888,302.27858549918557
Simulation_000001,Graphite,3.1488392077208824,0.060891703233166304,0.2666059406311888,302.27859963332656
Simulation_000001,Graphite,3.1488392077208824,0.07025965757673035,0.2666059406311888,302.27862072333136
Simulation_000001,Graphite,3.1488392077208824,0.0796276119202944,0.2666059406311888,302.27865183202
Simulation_000001,Graphite,3.1488392077208824,0.08899556626385845,0.2666059406311888,302.27869723428194
Simulation_000001,Graphite,3.1488392077208824,0.0983635206074225,0.2666059406311888,302.27876282432004
Simulation_000001,Graphite,3.1488392077208824,0.10773147495098653,0.2666059406311888,302.27885663507
Simulation_000001,Graphite,3.1488392077208824,0.11709942929455058,0.2666059406311888,302.2789894908603
Simulation_000001,Graphite,3.1488392077208824,0.12646738363811463,0.2666059406311888,302.27917581567607
Simulation_000001,Graphite,3.1488392077208824,0.13583533798167866,0.2666059406311888,302.2794346200091
Simulation_000001,Graphite,3.1488392077208824,0.1452032923252427,0.2666059406311888,302.2797906891543
Simulation_000001,Graphite,3.1488392077208824,0.15457124666880676,0.2666059406311888,302.2802759950375
Simulation_000001,Graphite,3.1488392077208824,0.1639392010123708,0.2666059406311888,302.2809313525638
Simulation_000001,Graphite,3.1488392077208824,0.17330715535593486,0.2666059406311888,302.2818083407356
Simulation_000001,Graphite,3.1488392077208824,0.1826751096994989,0.2666059406311888,302.28297150960947
Simulation_000001,Graphite,3.1488392077208824,0.19204306404306296,0.2666059406311888,302.2845008984393
Simulation_000001,Graphite,3.1488392077208824,0.20141101838662698,0.2666059406311888,302.28649490104294
Simulation_000001,Graphite,3.1488392077208824,0.21077897273019103,0.2666059406311888,302.2890735359063
Simulation_000001,Graphite,3.1488392077208824,0.22014692707375508,0.2666059406311888,302.2923822174362
Simulation_000001,Graphite,3.1488392077208824,0.22951488141731913,0.2666059406311888,302.29659619114534
Simulation_000001,Graphite,3.1488392077208824,0.23888283576088318,0.2666059406311888,302.3019259051589
Simulation_000001,Graphite,3.1488392077208824,0.24825079010444723,0.2666059406311888,302.30862376875257
Simulation_000001,Graphite,3.1488392077208824,0.2576187444480113,0.2666059406311888,302.3169930383162
Simulation_000001,Graphite,3.1488392077208824,0.2669866987915753,0.2666059406311888,302.3274000461954
Simulation_000001,Graphite,3.1488392077208824,0.2763546531351394,0.2666059406311888,302.3402917808334
Simulation_000001,Graphite,3.1488392077208824,0.2857226074787034,0.2666059406311888,302.35622218241065
Simulation_000001,Graphite,3.1488392077208824,0.2950905618222675,0.2666059406311888,302.3758929021653
Simulation_000001,Graphite,3.1488392077208824,0.3044585161658315,0.2666059406311888,302.400218588342
Simulation_000001,Graphite,3.1488392077208824,0.31382647050939555,0.2666059406311888,302.4304347185281
Simulation_000001,Graphite,3.1488392077208824,0.3231944248529596,0.2666059406311888,302.46828012979915
Simulation_000001,Graphite,3.1488392077208824,0.33256237919652365,0.2666059406311888,302.5163040941787
Simulation_000001,Graphite,3.1488392077208824,0.3419303335400877,0.2666059406311888,302.57831015718943
Simulation_000001,Graphite,3.1488392077208824,0.35129828788365175,0.2666059406311888,302.6208827595776
Simulation_000001,Graphite,3.1488392077208824,0.3606662422272158,0.2666059406311888,302.6475888355066
Simulation_000001,Graphite,3.1488392077208824,0.37003419657077985,0.2666059406311888,302.66047987968847
Simulation_000001,Graphite,3.1488392077208824,0.3794021509143439,0.2666059406311888,302.66047986860525
Simulation_000001,Graphite,3.1488392077208824,0.38877010525790795,0.2666059406311888,302.6475887996176
Simulation_000001,Graphite,3.1488392077208824,0.39813805960147197,0.2666059406311888,302.6208826904603
Simulation_000001,Graphite,3.1488392077208824,0.40750601394503605,0.2666059406311888,302.57831003905557
Simulation_000001,Graphite,3.1488392077208824,0.41687396828860007,0.2666059406311888,302.51630390099734
Simulation_000001,Graphite,3.1488392077208824,0.42624192263216415,0.2666059406311888,302.4682798207478
Simulation_000001,Graphite,3.1488392077208824,0.43560987697572817,0.2666059406311888,302.43043423120685
Simulation_000001,Graphite,3.1488392077208824,0.44497783131929225,0.2666059406311888,302.4002178289616
Simulation_000001,Graphite,3.1488392077208824,0.45434578566285627,0.2666059406311888,302.3758917316533
Simulation_000001,Graphite,3.1488392077208824,0.4637137400064203,0.2666059406311888,302.35622039706465
Simulation_000001,Graphite,3.1488392077208824,0.47308169434998437,0.2666059406311888,302.34028908578324
Simulation_000001,Graphite,3.1488392077208824,0.4824496486935484,0.2666059406311888,302.3273960195275
Simulation_000001,Graphite,3.1488392077208824,0.49181760303711247,0.2666059406311888,302.316987083264
Simulation_000001,Graphite,3.1488392077208824,0.5011855573806765,0.2666059406311888,302.30861505089763
Simulation_000001,Graphite,3.1488392077208824,0.5105535117242406,0.2666059406311888,302.3019132711437
Simulation_000001,Graphite,3.1488392077208824,0.5199214660678046,0.2666059406311888,302.2965780650132
Simulation_000001,Graphite,3.1488392077208824,0.5292894204113686,0.2666059406311888,302.29235647044425
Simulation_000001,Graphite,3.1488392077208824,0.5386573747549327,0.2666059406311888,302.2890373255648
Simulation_000001,Graphite,3.1488392077208824,0.5480253290984968,0.2666059406311888,302.2864444752962
Simulation_000001,Graphite,3.1488392077208824,0.5573932834420607,0.2666059406311888,302.28443136139003
Simulation_000001,Graphite,3.1488392077208824,0.5667612377856248,0.2666059406311888,302.28287654607476
Simulation_000001,Graphite,3.1488392077208824,0.5761291921291889,0.2666059406311888,302.2816798982608
Simulation_000001,Graphite,3.1488392077208824,0.585497146472753,0.2666059406311888,302.2807592813479
Simulation_000001,Graphite,3.1488392077208824,0.5948651008163169,0.2666059406311888,302.2800476485373
Simulation_000001,Graphite,3.1488392077208824,0.604233055159881,0.2666059406311888,302.27949049087937
Simulation_000001,Graphite,3.1488392077208824,0.6136010095034451,0.2666059406311888,302.27904360511604
Simulation_000001,Graphite,3.1488392077208824,0.6229689638470091,0.2666059406311888,302.27867115923885
Simulation_000001,Graphite,3.1488392077208824,0.6323369181905731,0.2666059406311888,302.27834403794884
Simulation_000001,Graphite,3.1488392077208824,0.6417048725341372,0.2666059406311888,302.2780384507441
Simulation_000001,Graphite,3.1488392077208824,0.6510728268777013,0.2666059406311888,302.2777347840651
Simulation_000001,Graphite,3.1488392077208824,0.6604407812212653,0.2666059406311888,302.27741667698234
Simulation_000001,Graphite,3.1488392077208824,0.6698087355648293,0.2666059406311888,302.2770702980216
Simulation_000001,Graphite,3.1488392077208824,0.6791766899083934,0.2666059406311888,302.2766837992608
Simulation_000001,Graphite,3.1488392077208824,0.6885446442519574,0.2666059406311888,302.27624692297036
Simulation_000001,Graphite,3.1488392077208824,0.6979125985955215,0.2666059406311888,302.27575073584796
Simulation_000001,Graphite,3.1488392077208824,0.7072805529390855,0.2666059406311888,302.2751874663057
Simulation_000001,Graphite,3.1488392077208824,0.7166485072826496,0.2666059406311888,302.274550421253
Simulation_000001,Graphite,3.1488392077208824,0.7260164616262136,0.2666059406311888,302.27383396035174
Simulation_000001,Graphite,3.1488392077208824,0.7353844159697777,0.2666059406311888,302.27303350774395
Simulation_000001,Graphite,3.1488392077208824,0.7447523703133417,0.2666059406311888,302.2721455837527
Simulation_000001,Graphite,3.1488392077208824,0.7541203246569057,0.2666059406311888,302.271167841967
Simulation_000001,Graphite,3.1488392077208824,0.004683977171782023,0.27303018016447045,302.27857142551017
Simulation_000001,Graphite,3.1488392077208824,0.01405193151534607,0.27303018016447045,302.27857242035014
Simulation_000001,Graphite,3.1488392077208824,0.023419885858910118,0.27303018016447045,302.2785745947254
Simulation_000001,Graphite,3.1488392077208824,0.03278784020247416,0.27303018016447045,302.2785783437878
Simulation_000001,Graphite,3.1488392077208824,0.04215579454603821,0.27303018016447045,302.27858432691073
Simulation_000001,Graphite,3.1488392077208824,0.05152374888960226,0.27303018016447045,302.27859355398317
Simulation_000001,Graphite,3.1488392077208824,0.060891703233166304,0.27303018016447045,302.2786075111067
Simulation_000001,Graphite,3.1488392077208824,0.07025965757673035,0.27303018016447045,302.2786283349995
Simulation_000001,Graphite,3.1488392077208824,0.0796276119202944,0.27303018016447045,302.2786590478891
Simulation_000001,Graphite,3.1488392077208824,0.08899556626385845,0.27303018016447045,302.2787038671544
Simulation_000001,Graphite,3.1488392077208824,0.0983635206074225,0.27303018016447045,302.2787686063483
Simulation_000001,Graphite,3.1488392077208824,0.10773147495098653,0.27303018016447045,302.2788611863679
Simulation_000001,Graphite,3.1488392077208824,0.11709942929455058,0.27303018016447045,302.2789922772608
Simulation_000001,Graphite,3.1488392077208824,0.12646738363811463,0.27303018016447045,302.27917609230394
Simulation_000001,Graphite,3.1488392077208824,0.13583533798167866,0.27303018016447045,302.27943135640123
Simulation_000001,Graphite,3.1488392077208824,0.1452032923252427,0.27303018016447045,302.27978247043717
Simulation_000001,Graphite,3.1488392077208824,0.15457124666880676,0.27303018016447045,302.28026089204775
Simulation_000001,Graphite,3.1488392077208824,0.1639392010123708,0.27303018016447045,302.28090675158063
Simulation_000001,Graphite,3.1488392077208824,0.17330715535593486,0.27303018016447045,302.281770720396
Simulation_000001,Graphite,3.1488392077208824,0.1826751096994989,0.27303018016447045,302.2829161481212
Simulation_000001,Graphite,3.1488392077208824,0.19204306404306296,0.27303018016447045,302.28442148765123
Simulation_000001,Graphite,3.1488392077208824,0.20141101838662698,0.27303018016447045,302.2863830340351
Simulation_000001,Graphite,3.1488392077208824,0.21077897273019103,0.27303018016447045,302.2889180195029
Simulation_000001,Graphite,3.1488392077208824,0.22014692707375508,0.27303018016447045,302.2921681370034
Simulation_000001,Graphite,3.1488392077208824,0.22951488141731913,0.27303018016447045,302.2963036163645
Simulation_000001,Graphite,3.1488392077208824,0.23888283576088318,0.27303018016447045,302.30152806196395
Simulation_000001,Graphite,3.1488392077208824,0.24825079010444723,0.27303018016447045,302.3080843960988
Simulation_000001,Graphite,3.1488392077208824,0.2576187444480113,0.27303018016447045,302.31626246604196
Simulation_000001,Graphite,3.1488392077208824,0.2669866987915753,0.27303018016447045,302.3264092118372
Simulation_000001,Graphite,3.1488392077208824,0.2763546531351394,0.27303018016447045,302.33894283977685
Simulation_000001,Graphite,3.1488392077208824,0.2857226074787034,0.27303018016447045,302.3543733675464
Simulation_000001,Graphite,3.1488392077208824,0.2950905618222675,0.27303018016447045,302.37333357445124
Simulation_000001,Graphite,3.1488392077208824,0.3044585161658315,0.27303018016447045,302.39662781796466
Simulation_000001,Graphite,3.1488392077208824,0.31382647050939555,0.27303018016447045,302.4253146136207
Simulation_000001,Graphite,3.1488392077208824,0.3231944248529596,0.27303018016447045,302.46086374765025
Simulation_000001,Graphite,3.1488392077208824,0.33256237919652365,0.27303018016447045,302.50550906341266
Simulation_000001,Graphite,3.1488392077208824,0.3419303335400877,0.27303018016447045,302.5631443866452
Simulation_000001,Graphite,3.1488392077208824,0.35129828788365175,0.27303018016447045,302.602521311126
Simulation_000001,Graphite,3.1488392077208824,0.3606662422272158,0.27303018016447045,302.6273229236148
Simulation_000001,Graphite,3.1488392077208824,0.37003419657077985,0.27303018016447045,302.6393435696409
Simulation_000001,Graphite,3.1488392077208824,0.3794021509143439,0.27303018016447045,302.63934355855764
Simulation_000001,Graphite,3.1488392077208824,0.38877010525790795,0.27303018016447045,302.62732288772577
Simulation_000001,Graphite,3.1488392077208824,0.39813805960147197,0.27303018016447045,302.60252124200866
Simulation_000001,Graphite,3.1488392077208824,0.40750601394503605,0.27303018016447045,302.56314426851134
Simulation_000001,Graphite,3.1488392077208824,0.41687396828860007,0.27303018016447045,302.5055088702314
Simulation_000001,Graphite,3.1488392077208824,0.42624192263216415,0.27303018016447045,302.460863438599
Simulation_000001,Graphite,3.1488392077208824,0.43560987697572817,0.27303018016447045,302.42531412629955
Simulation_000001,Graphite,3.1488392077208824,0.44497783131929225,0.27303018016447045,302.39662705858433
Simulation_000001,Graphite,3.1488392077208824,0.45434578566285627,0.27303018016447045,302.37333240393957
Simulation_000001,Graphite,3.1488392077208824,0.4637137400064203,0.27303018016447045,302.3543715822006
Simulation_000001,Graphite,3.1488392077208824,0.47308169434998437,0.27303018016447045,302.3389401447271
Simulation_000001,Graphite,3.1488392077208824,0.4824496486935484,0.27303018016447045,302.32640518516985
Simulation_000001,Graphite,3.1488392077208824,0.49181760303711247,0.27303018016447045,302.3162565109907
Simulation_000001,Graphite,3.1488392077208824,0.5011855573806765,0.27303018016447045,302.3080756782451
Simulation_000001,Graphite,3.1488392077208824,0.5105535117242406,0.27303018016447045,302.30151542795045
Simulation_000001,Graphite,3.1488392077208824,0.5199214660678046,0.27303018016447045,302.2962854902349
Simulation_000001,Graphite,3.1488392077208824,0.5292894204113686,0.27303018016447045,302.2921423900149
Simulation_000001,Graphite,3.1488392077208824,0.5386573747549327,0.27303018016447045,302.28888180916607
Simulation_000001,Graphite,3.1488392077208824,0.5480253290984968,0.27303018016447045,302.28633260829474
Simulation_000001,Graphite,3.1488392077208824,0.5573932834420607,0.27303018016447045,302.28435195061064
Simulation_000001,Graphite,3.1488392077208824,0.5667612377856248,0.27303018016447045,302.2828211845981
Simulation_000001,Graphite,3.1488392077208824,0.5761291921291889,0.27303018016447045,302.28164227793644
Simulation_000001,Graphite,3.1488392077208824,0.585497146472753,0.27303018016447045,302.2807346803848
Simulation_000001,Graphite,3.1488392077208824,0.5948651008163169,0.27303018016447045,302.2800325455734
Simulation_000001,Graphite,3.1488392077208824,0.604233055159881,0.27303018016447045,302.27948227219605
Simulation_000001,Graphite,3.1488392077208824,0.6136010095034451,0.27303018016447045,302.27904034155205
Simulation_000001,Graphite,3.1488392077208824,0.6229689638470091,0.27303018016447045,302.27867143592397
Simulation_000001,Graphite,3.1488392077208824,0.6323369181905731,0.27303018016447045,302.27834682442506
Simulation_000001,Graphite,3.1488392077208824,0.6417048725341372,0.27303018016447045,302.2780430021444
Simulation_000001,Graphite,3.1488392077208824,0.6510728268777013,0.27303018016447045,302.2777405662354
Simulation_000001,Graphite,3.1488392077208824,0.6604407812212653,0.27303018016447045,302.27742331005845
Simulation_000001,Graphite,3.1488392077208824,0.6698087355648293,0.27303018016447045,302.27707751419285
Simulation_000001,Graphite,3.1488392077208824,0.6791766899083934,0.27303018016447045,302.2766914113912
Simulation_000001,Graphite,3.1488392077208824,0.6885446442519574,0.27303018016447045,302.27625480147606
Simulation_000001,Graphite,3.1488392077208824,0.6979125985955215,0.27303018016447045,302.2757587918058
Simulation_000001,Graphite,3.1488392077208824,0.7072805529390855,0.27303018016447045,302.27519563922124
Simulation_000001,Graphite,3.1488392077208824,0.7166485072826496,0.27303018016447045,302.2745586702769
Simulation_000001,Graphite,3.1488392077208824,0.7260164616262136,0.27303018016447045,302.27384225801336
Simulation_000001,Graphite,3.1488392077208824,0.7353844159697777,0.27303018016447045,302.273041835495
Simulation_000001,Graphite,3.1488392077208824,0.7447523703133417,0.27303018016447045,302.27215392877736
Simulation_000001,Graphite,3.1488392077208824,0.7541203246569057,0.27303018016447045,302.27117619484187
Simulation_000001,Graphite,3.1488392077208824,0.004683977171782023,0.27945441969775214,302.27857517714085
Simulation_000001,Graphite,3.1488392077208824,0.01405193151534607,0.27945441969775214,302.27857615378394
Simulation_000001,Graphite,3.1488392077208824,0.023419885858910118,0.27945441969775214,302.2785782882929
Simulation_000001,Graphite,3.1488392077208824,0.03278784020247416,0.27945441969775214,302.27858196836246
Simulation_000001,Graphite,3.1488392077208824,0.04215579454603821,0.27945441969775214,302.2785878408476
Simulation_000001,Graphite,3.1488392077208824,0.05152374888960226,0.27945441969775214,302.278596896311
Simulation_000001,Graphite,3.1488392077208824,0.060891703233166304,0.27945441969775214,302.27861059213683
Simulation_000001,Graphite,3.1488392077208824,0.07025965757673035,0.27945441969775214,302.2786310232802
Simulation_000001,Graphite,3.1488392077208824,0.0796276119202944,0.27945441969775214,302.27866115212123
Simulation_000001,Graphite,3.1488392077208824,0.08899556626385845,0.27945441969775214,302.27870511127696
Simulation_000001,Graphite,3.1488392077208824,0.0983635206074225,0.27945441969775214,302.27876859548223
Simulation_000001,Graphite,3.1488392077208824,0.10773147495098653,0.27945441969775214,302.2788593606463
Simulation_000001,Graphite,3.1488392077208824,0.11709942929455058,0.27945441969775214,302.27898784974343
Simulation_000001,Graphite,3.1488392077208824,0.12646738363811463,0.27945441969775214,302.27916796611936
Simulation_000001,Graphite,3.1488392077208824,0.13583533798167866,0.27945441969775214,302.2794180149101
Simulation_000001,Graphite,3.1488392077208824,0.1452032923252427,0.27945441969775214,302.27976183246403
Simulation_000001,Graphite,3.1488392077208824,0.15457124666880676,0.27945441969775214,302.2802301219109
Simulation_000001,Graphite,3.1488392077208824,0.1639392010123708,0.27945441969775214,302.28086201051406
Simulation_000001,Graphite,3.1488392077208824,0.17330715535593486,0.27945441969775214,302.2817068415947
Simulation_000001,Graphite,3.1488392077208824,0.1826751096994989,0.27945441969775214,302.2828262114177
Simulation_000001,Graphite,3.1488392077208824,0.19204306404306296,0.27945441969775214,302.2842962607269
Simulation_000001,Graphite,3.1488392077208824,0.20141101838662698,0.27945441969775214,302.286210233432
Simulation_000001,Graphite,3.1488392077208824,0.21077897273019103,0.27945441969775214,302.2886813238414
Simulation_000001,Graphite,3.1488392077208824,0.22014692707375508,0.27945441969775214,302.2918458522173
Simulation_000001,Graphite,3.1488392077208824,0.22951488141731913,0.27945441969775214,302.29586684084603
Simulation_000001,Graphite,3.1488392077208824,0.23888283576088318,0.27945441969775214,302.3009381150959
Simulation_000001,Graphite,3.1488392077208824,0.24825079010444723,0.27945441969775214,302.3072891335182
Simulation_000001,Graphite,3.1488392077208824,0.2576187444480113,0.27945441969775214,302.3151908671515
Simulation_000001,Graphite,3.1488392077208824,0.2669866987915753,0.27945441969775214,302.32496321191024
Simulation_000001,Graphite,3.1488392077208824,0.2763546531351394,0.27945441969775214,302.33698464305206
Simulation_000001,Graphite,3.1488392077208824,0.2857226074787034,0.27945441969775214,302.3517051307342
Simulation_000001,Graphite,3.1488392077208824,0.2950905618222675,0.27945441969775214,302.3696638086359
Simulation_000001,Graphite,3.1488392077208824,0.3044585161658315,0.27945441969775214,302.3915138998735
Simulation_000001,Graphite,3.1488392077208824,0.31382647050939555,0.27945441969775214,302.4180609431319
Simulation_000001,Graphite,3.1488392077208824,0.3231944248529596,0.27945441969775214,302.45033760317887
Simulation_000001,Graphite,3.1488392077208824,0.33256237919652365,0.27945441969775214,302.4898388578125
Simulation_000001,Graphite,3.1488392077208824,0.3419303335400877,0.27945441969775214,302.539713887585
Simulation_000001,Graphite,3.1488392077208824,0.35129828788365175,0.27945441969775214,302.5742061136295
Simulation_000001,Graphite,3.1488392077208824,0.3606662422272158,0.27945441969775214,302.59628891558344
Simulation_000001,Graphite,3.1488392077208824,0.37003419657077985,0.27945441969775214,302.60709659598564
Simulation_000001,Graphite,3.1488392077208824,0.3794021509143439,0.27945441969775214,302.6070965849025
Simulation_000001,Graphite,3.1488392077208824,0.38877010525790795,0.27945441969775214,302.5962888796944
Simulation_000001,Graphite,3.1488392077208824,0.39813805960147197,0.27945441969775214,302.5742060445122
Simulation_000001,Graphite,3.1488392077208824,0.40750601394503605,0.27945441969775214,302.53971376945117
Simulation_000001,Graphite,3.1488392077208824,0.41687396828860007,0.27945441969775214,302.4898386646312
Simulation_000001,Graphite,3.1488392077208824,0.42624192263216415,0.27945441969775214,302.4503372941277
Simulation_000001,Graphite,3.1488392077208824,0.43560987697572817,0.27945441969775214,302.4180604558108
Simulation_000001,Graphite,3.1488392077208824,0.44497783131929225,0.27945441969775214,302.39151314049343
Simulation_000001,Graphite,3.1488392077208824,0.45434578566285627,0.27945441969775214,302.36966263812457
Simulation_000001,Graphite,3.1488392077208824,0.4637137400064203,0.27945441969775214,302.3517033453891
Simulation_000001,Graphite,3.1488392077208824,0.47308169434998437,0.27945441969775214,302.33698194800314
Simulation_000001,Graphite,3.1488392077208824,0.4824496486935484,0.27945441969775214,302.3249591852444
Simulation_000001,Graphite,3.1488392077208824,0.49181760303711247,0.27945441969775214,302.3151849121021
Simulation_000001,Graphite,3.1488392077208824,0.5011855573806765,0.27945441969775214,302.3072804156673
Simulation_000001,Graphite,3.1488392077208824,0.5105535117242406,0.27945441969775214,302.3009254810864
Simulation_000001,Graphite,3.1488392077208824,0.5199214660678046,0.27945441969775214,302.29584871472196
Simulation_000001,Graphite,3.1488392077208824,0.5292894204113686,0.27945441969775214,302.29182010523647
Simulation_000001,Graphite,3.1488392077208824,0.5386573747549327,0.27945441969775214,302.2886451135152
Simulation_000001,Graphite,3.1488392077208824,0.5480253290984968,0.27945441969775214,302.286159807706
Simulation_000001,Graphite,3.1488392077208824,0.5573932834420607,0.27945441969775214,302.28422672370556
Simulation_000001,Graphite,3.1488392077208824,0.5667612377856248,0.27945441969775214,302.2827312479203
Simulation_000001,Graphite,3.1488392077208824,0.5761291921291889,0.27945441969775214,302.2815783991687
Simulation_000001,Graphite,3.1488392077208824,0.585497146472753,0.27945441969775214,302.28068993936205
Simulation_000001,Graphite,3.1488392077208824,0.5948651008163169,0.27945441969775214,302.28000177549325
Simulation_000001,Graphite,3.1488392077208824,0.604233055159881,0.27945441969775214,302.2794616342955
Simulation_000001,Graphite,3.1488392077208824,0.6136010095034451,0.27945441969775214,302.279027000154
Simulation_000001,Graphite,3.1488392077208824,0.6229689638470091,0.27945441969775214,302.27866330985864
Simulation_000001,Graphite,3.1488392077208824,0.6323369181905731,0.27945441969775214,302.27834239706164
Simulation_000001,Graphite,3.1488392077208824,0.6417048725341372,0.27945441969775214,302.2780411766242
Simulation_000001,Graphite,3.1488392077208824,0.6510728268777013,0.27945441969775214,302.2777405556386
Simulation_000001,Graphite,3.1488392077208824,0.6604407812212653,0.27945441969775214,302.2774245545511
Simulation_000001,Graphite,3.1488392077208824,0.6698087355648293,0.27945441969775214,302.2770796189506
Simulation_000001,Graphite,3.1488392077208824,0.6791766899083934,0.27945441969775214,302.2766941004448
Simulation_000001,Graphite,3.1488392077208824,0.6885446442519574,0.27945441969775214,302.27625788367874
Simulation_000001,Graphite,3.1488392077208824,0.6979125985955215,0.27945441969775214,302.27576213595853
Simulation_000001,Graphite,3.1488392077208824,0.7072805529390855,0.27945441969775214,302.2751991560512
Simulation_000001,Graphite,3.1488392077208824,0.7166485072826496,0.27945441969775214,302.27456229948973
Simulation_000001,Graphite,3.1488392077208824,0.7260164616262136,0.27945441969775214,302.27384595905505
Simulation_000001,Graphite,3.1488392077208824,0.7353844159697777,0.27945441969775214,302.2730455809784
Simulation_000001,Graphite,3.1488392077208824,0.7447523703133417,0.27945441969775214,302.2721576997761
Simulation_000001,Graphite,3.1488392077208824,0.7541203246569057,0.27945441969775214,302.27117997743727
Simulation_000001,Graphite,3.1488392077208824,0.004683977171782023,0.2858786592310338,302.2785746695261
Simulation_000001,Graphite,3.1488392077208824,0.01405193151534607,0.2858786592310338,302.2785756224299
Simulation_000001,Graphite,3.1488392077208824,0.023419885858910118,0.2858786592310338,302.2785777049336
Simulation_000001,Graphite,3.1488392077208824,0.03278784020247416,0.2858786592310338,302.2785812950116
Simulation_000001,Graphite,3.1488392077208824,0.04215579454603821,0.2858786592310338,302.27858702320515
Simulation_000001,Graphite,3.1488392077208824,0.05152374888960226,0.2858786592310338,302.2785958548966
Simulation_000001,Graphite,3.1488392077208824,0.060891703233166304,0.2858786592310338,302.2786092100649
Simulation_000001,Graphite,3.1488392077208824,0.07025965757673035,0.2858786592310338,302.2786291292865
Simulation_000001,Graphite,3.1488392077208824,0.0796276119202944,0.2858786592310338,302.27865849704796
Simulation_000001,Graphite,3.1488392077208824,0.08899556626385845,0.2858786592310338,302.2787013356972
Simulation_000001,Graphite,3.1488392077208824,0.0983635206074225,0.2858786592310338,302.2787631854789
Simulation_000001,Graphite,3.1488392077208824,0.10773147495098653,0.2858786592310338,302.2788515879169
Simulation_000001,Graphite,3.1488392077208824,0.11709942929455058,0.2858786592310338,302.278976691143
Simulation_000001,Graphite,3.1488392077208824,0.12646738363811463,0.2858786592310338,302.2791519964178
Simulation_000001,Graphite,3.1488392077208824,0.13583533798167866,0.2858786592310338,302.2793952648457
Simulation_000001,Graphite,3.1488392077208824,0.1452032923252427,0.2858786592310338,302.2797296019872
Simulation_000001,Graphite,3.1488392077208824,0.15457124666880676,0.2858786592310338,302.28018473564276
Simulation_000001,Graphite,3.1488392077208824,0.1639392010123708,0.2858786592310338,302.28079849859
Simulation_000001,Graphite,3.1488392077208824,0.17330715535593486,0.2858786592310338,302.28161852374825
Simulation_000001,Graphite,3.1488392077208824,0.1826751096994989,0.2858786592310338,302.28270415465533
Simulation_000001,Graphite,3.1488392077208824,0.19204306404306296,0.2858786592310338,302.2841285700671
Simulation_000001,Graphite,3.1488392077208824,0.20141101838662698,0.2858786592310338,302.28598111907235
Simulation_000001,Graphite,3.1488392077208824,0.21077897273019103,0.2858786592310338,302.2883698637418
Simulation_000001,Graphite,3.1488392077208824,0.22014692707375508,0.2858786592310338,302.2914243315102
Simulation_000001,Graphite,3.1488392077208824,0.22951488141731913,0.2858786592310338,302.29529849045565
Simulation_000001,Graphite,3.1488392077208824,0.23888283576088318,0.2858786592310338,302.3001739775092
Simulation_000001,Graphite,3.1488392077208824,0.24825079010444723,0.2858786592310338,302.306263629583
Simulation_000001,Graphite,3.1488392077208824,0.2576187444480113,0.2858786592310338,302.31381538100345
Simulation_000001,Graphite,3.1488392077208824,0.2669866987915753,0.2858786592310338,302.3231165724618
Simulation_000001,Graphite,3.1488392077208824,0.2763546531351394,0.2858786592310338,302.33449860755917
Simulation_000001,Graphite,3.1488392077208824,0.2857226074787034,0.2858786592310338,302.3483415545916
Simulation_000001,Graphite,3.1488392077208824,0.2950905618222675,0.2858786592310338,302.3650773916418
Simulation_000001,Graphite,3.1488392077208824,0.3044585161658315,0.2858786592310338,302.38518825393965
Simulation_000001,Graphite,3.1488392077208824,0.31382647050939555,0.2858786592310338,302.40918942669083
Simulation_000001,Graphite,3.1488392077208824,0.3231944248529596,0.2858786592310338,302.4375637208227
Simulation_000001,Graphite,3.1488392077208824,0.33256237919652365,0.2858786592310338,302.47050465927066
Simulation_000001,Graphite,3.1488392077208824,0.3419303335400877,0.2858786592310338,302.5066462936205
Simulation_000001,Graphite,3.1488392077208824,0.35129828788365175,0.2858786592310338,302.53489788425054
Simulation_000001,Graphite,3.1488392077208824,0.3606662422272158,0.2858786592310338,302.5537574689996
Simulation_000001,Graphite,3.1488392077208824,0.37003419657077985,0.2858786592310338,302.5631471155895
Simulation_000001,Graphite,3.1488392077208824,0.3794021509143439,0.2858786592310338,302.5631471045063
Simulation_000001,Graphite,3.1488392077208824,0.38877010525790795,0.2858786592310338,302.55375743311066
Simulation_000001,Graphite,3.1488392077208824,0.39813805960147197,0.2858786592310338,302.5348978151332
Simulation_000001,Graphite,3.1488392077208824,0.40750601394503605,0.2858786592310338,302.50664617548676
Simulation_000001,Graphite,3.1488392077208824,0.41687396828860007,0.2858786592310338,302.47050446608955
Simulation_000001,Graphite,3.1488392077208824,0.42624192263216415,0.2858786592310338,302.43756341177163
Simulation_000001,Graphite,3.1488392077208824,0.43560987697572817,0.2858786592310338,302.40918893937
Simulation_000001,Graphite,3.1488392077208824,0.44497783131929225,0.2858786592310338,302.38518749456006
Simulation_000001,Graphite,3.1488392077208824,0.45434578566285627,0.2858786592310338,302.3650762211312
Simulation_000001,Graphite,3.1488392077208824,0.4637137400064203,0.2858786592310338,302.3483397692475
Simulation_000001,Graphite,3.1488392077208824,0.47308169434998437,0.2858786592310338,302.3344959125118
Simulation_000001,Graphite,3.1488392077208824,0.4824496486935484,0.2858786592310338,302.32311254579804
Simulation_000001,Graphite,3.1488392077208824,0.49181760303711247,0.2858786592310338,302.3138094259571
Simulation_000001,Graphite,3.1488392077208824,0.5011855573806765,0.2858786592310338,302.3062549117365
Simulation_000001,Graphite,3.1488392077208824,0.5105535117242406,0.2858786592310338,302.300161343506
Simulation_000001,Graphite,3.1488392077208824,0.5199214660678046,0.2858786592310338,302.2952803643405
Simulation_000001,Graphite,3.1488392077208824,0.5292894204113686,0.2858786592310338,302.2913985845418
Simulation_000001,Graphite,3.1488392077208824,0.5386573747549327,0.2858786592310338,302.2883336534326
Simulation_000001,Graphite,3.1488392077208824,0.5480253290984968,0.2858786592310338,302.2859306933694
Simulation_000001,Graphite,3.1488392077208824,0.5573932834420607,0.2858786592310338,302.2840590330767
Simulation_000001,Graphite,3.1488392077208824,0.5667612377856248,0.2858786592310338,302.28260919119884
Simulation_000001,Graphite,3.1488392077208824,0.5761291921291889,0.2858786592310338,302.2814900813762
Simulation_000001,Graphite,3.1488392077208824,0.585497146472753,0.2858786592310338,302.28062642750797
Simulation_000001,Graphite,3.1488392077208824,0.5948651008163169,0.2858786592310338,302.2799563893153
Simulation_000001,Graphite,3.1488392077208824,0.604233055159881,0.2858786592310338,302.27942940393405
Simulation_000001,Graphite,3.1488392077208824,0.6136010095034451,0.2858786592310338,302.2790042502366
Simulation_000001,Graphite,3.1488392077208824,0.6229689638470091,0.2858786592310338,302.2786473403442
Simulation_000001,Graphite,3.1488392077208824,0.6323369181905731,0.2858786592310338,302.27833123870016
Simulation_000001,Graphite,3.1488392077208824,0.6417048725341372,0.2858786592310338,302.27803340420326
Simulation_000001,Graphite,3.1488392077208824,0.6510728268777013,0.2858786592310338,302.27773514604036
Simulation_000001,Graphite,3.1488392077208824,0.6604407812212653,0.2858786592310338,302.277420779517
Simulation_000001,Graphite,3.1488392077208824,0.6698087355648293,0.2858786592310338,302.2770769646357
Simulation_000001,Graphite,3.1488392077208824,0.6791766899083934,0.2858786592310338,302.2766922075418
Simulation_000001,Graphite,3.1488392077208824,0.6885446442519574,0.2858786592310338,302.2762565032289
Simulation_000001,Graphite,3.1488392077208824,0.6979125985955215,0.2858786592310338,302.27576109702767
Simulation_000001,Graphite,3.1488392077208824,0.7072805529390855,0.2858786592310338,302.27519834229554
Simulation_000001,Graphite,3.1488392077208824,0.7166485072826496,0.2858786592310338,302.2745616323117
Simulation_000001,Graphite,3.1488392077208824,0.7260164616262136,0.2858786592310338,302.27384538557703
Simulation_000001,Graphite,3.1488392077208824,0.7353844159697777,0.2858786592310338,302.2730450654825
Simulation_000001,Graphite,3.1488392077208824,0.7447523703133417,0.2858786592310338,302.2721572175731
Simulation_000001,Graphite,3.1488392077208824,0.7541203246569057,0.2858786592310338,302.271179510367
Simulation_000001,Graphite,3.1488392077208824,0.004683977171782023,0.2923028987643154,302.27857003266644
Simulation_000001,Graphite,3.1488392077208824,0.01405193151534607,0.2923028987643154,302.2785709567159
Simulation_000001,Graphite,3.1488392077208824,0.023419885858910118,0.2923028987643154,302.27857297601423
Simulation_000001,Graphite,3.1488392077208824,0.03278784020247416,0.2923028987643154,302.27857645673464
Simulation_000001,Graphite,3.1488392077208824,0.04215579454603821,0.2923028987643154,302.2785820096156
Simulation_000001,Graphite,3.1488392077208824,0.05152374888960226,0.2923028987643154,302.27859056948427
Simulation_000001,Graphite,3.1488392077208824,0.060891703233166304,0.2923028987643154,302.27860351094614
Simulation_000001,Graphite,3.1488392077208824,0.07025965757673035,0.2923028987643154,302.2786228086448
Simulation_000001,Graphite,3.1488392077208824,0.0796276119202944,0.2923028987643154,302.2786512526707
Simulation_000001,Graphite,3.1488392077208824,0.08899556626385845,0.2923028987643154,302.2786927318213
Simulation_000001,Graphite,3.1488392077208824,0.0983635206074225,0.2923028987643154,302.27875259936314
Simulation_000001,Graphite,3.1488392077208824,0.10773147495098653,0.2923028987643154,302.2788381375585
Simulation_000001,Graphite,3.1488392077208824,0.11709942929455058,0.2923028987643154,302.2789591383111
Simulation_000001,Graphite,3.1488392077208824,0.12646738363811463,0.2923028987643154,302.27912861761155
Simulation_000001,Graphite,3.1488392077208824,0.13583533798167866,0.2923028987643154,302.27936368081805
Simulation_000001,Graphite,3.1488392077208824,0.1452032923252427,0.2923028987643154,302.27968655396177
Simulation_000001,Graphite,3.1488392077208824,0.15457124666880676,0.2923028987643154,302.28012579308887
Simulation_000001,Graphite,3.1488392077208824,0.1639392010123708,0.2923028987643154,302.2807176790832
Simulation_000001,Graphite,3.1488392077208824,0.17330715535593486,0.2923028987643154,302.2815077995472
Simulation_000001,Graphite,3.1488392077208824,0.1826751096994989,0.2923028987643154,302.2825528123926
Simulation_000001,Graphite,3.1488392077208824,0.19204306404306296,0.2923028987643154,302.2839223781893
Simulation_000001,Graphite,3.1488392077208824,0.20141101838662698,0.2923028987643154,302.2857012404903
Simulation_000001,Graphite,3.1488392077208824,0.21077897273019103,0.2923028987643154,302.287991425578
Simulation_000001,Graphite,3.1488392077208824,0.22014692707375508,0.2923028987643154,302.2909145250965
Simulation_000001,Graphite,3.1488392077208824,0.22951488141731913,0.2923028987643154,302.2946140151282
Simulation_000001,Graphite,3.1488392077208824,0.23888283576088318,0.2923028987643154,302.2992575486091
Simulation_000001,Graphite,3.1488392077208824,0.24825079010444723,0.2923028987643154,302.3050391232617
Simulation_000001,Graphite,3.1488392077208824,0.2576187444480113,0.2923028987643154,302.31218094987946
Simulation_000001,Graphite,3.1488392077208824,0.2669866987915753,0.2923028987643154,302.32093467359067
Simulation_000001,Graphite,3.1488392077208824,0.2763546531351394,0.2923028987643154,302.3315812219949
Simulation_000001,Graphite,3.1488392077208824,0.2857226074787034,0.2923028987643154,302.34442772253027
Simulation_000001,Graphite,3.1488392077208824,0.2950905618222675,0.2923028987643154,302.35979807134527
Simulation_000001,Graphite,3.1488392077208824,0.3044585161658315,0.2923028987643154,302.37800937843895
Simulation_000001,Graphite,3.1488392077208824,0.31382647050939555,0.2923028987643154,302.3993154858399
Simulation_000001,Graphite,3.1488392077208824,0.3231944248529596,0.2923028987643154,302.42376803930716
Simulation_000001,Graphite,3.1488392077208824,0.33256237919652365,0.2923028987643154,302.45085441755793
Simulation_000001,Graphite,3.1488392077208824,0.3419303335400877,0.2923028987643154,302.4785316310786
Simulation_000001,Graphite,3.1488392077208824,0.35129828788365175,0.2923028987643154,302.5012904162413
Simulation_000001,Graphite,3.1488392077208824,0.3606662422272158,0.2923028987643154,302.51699185777187
Simulation_000001,Graphite,3.1488392077208824,0.37003419657077985,0.2923028987643154,302.52494016213905
Simulation_000001,Graphite,3.1488392077208824,0.3794021509143439,0.2923028987643154,302.52494015105594
Simulation_000001,Graphite,3.1488392077208824,0.38877010525790795,0.2923028987643154,302.5169918218829
Simulation_000001,Graphite,3.1488392077208824,0.39813805960147197,0.2923028987643154,302.50129034712415
Simulation_000001,Graphite,3.1488392077208824,0.40750601394503605,0.2923028987643154,302.478531512945
Simulation_000001,Graphite,3.1488392077208824,0.41687396828860007,0.2923028987643154,302.45085422437694
Simulation_000001,Graphite,3.1488392077208824,0.42624192263216415,0.2923028987643154,302.42376773025643
Simulation_000001,Graphite,3.1488392077208824,0.43560987697572817,0.2923028987643154,302.39931499851957
Simulation_000001,Graphite,3.1488392077208824,0.44497783131929225,0.2923028987643154,302.37800861906
Simulation_000001,Graphite,3.1488392077208824,0.45434578566285627,0.2923028987643154,302.3597969008355
Simulation_000001,Graphite,3.1488392077208824,0.4637137400064203,0.2923028987643154,302.34442593718757
Simulation_000001,Graphite,3.1488392077208824,0.47308169434998437,0.2923028987643154,302.33157852694956
Simulation_000001,Graphite,3.1488392077208824,0.4824496486935484,0.2923028987643154,302.3209306469299
Simulation_000001,Graphite,3.1488392077208824,0.49181760303711247,0.2923028987643154,302.3121749948376
Simulation_000001,Graphite,3.1488392077208824,0.5011855573806765,0.2923028987643154,302.3050304054216
Simulation_000001,Graphite,3.1488392077208824,0.5105535117242406,0.2923028987643154,302.2992449146149
Simulation_000001,Graphite,3.1488392077208824,0.5199214660678046,0.2923028987643154,302.2945958890257
Simulation_000001,Graphite,3.1488392077208824,0.5292894204113686,0.2923028987643154,302.29088877814576
Simulation_000001,Graphite,3.1488392077208824,0.5386573747549327,0.2923028987643154,302.2879552152931
Simulation_000001,Graphite,3.1488392077208824,0.5480253290984968,0.2923028987643154,302.2856508148203
Simulation_000001,Graphite,3.1488392077208824,0.5573932834420607,0.2923028987643154,302.28385284124306
Simulation_000001,Graphite,3.1488392077208824,0.5667612377856248,0.2923028987643154,302.28245784899474
Simulation_000001,Graphite,3.1488392077208824,0.5761291921291889,0.2923028987643154,302.28137935725204
Simulation_000001,Graphite,3.1488392077208824,0.585497146472753,0.2923028987643154,302.28054560810097
Simulation_000001,Graphite,3.1488392077208824,0.5948651008163169,0.2923028987643154,302.2798974468899
Simulation_000001,Graphite,3.1488392077208824,0.604233055159881,0.2923028987643154,302.2793863560728
Simulation_000001,Graphite,3.1488392077208824,0.6136010095034451,0.2923028987643154,302.27897266641736
Simulation_000001,Graphite,3.1488392077208824,0.6229689638470091,0.2923028987643154,302.27862396180205
Simulation_000001,Graphite,3.1488392077208824,0.6323369181905731,0.2923028987643154,302.27831368620343
Simulation_000001,Graphite,3.1488392077208824,0.6417048725341372,0.2923028987643154,302.2780199542733
Simulation_000001,Graphite,3.1488392077208824,0.6510728268777013,0.2923028987643154,302.27772456048046
Simulation_000001,Graphite,3.1488392077208824,0.6604407812212653,0.2923028987643154,302.27741217637856
Simulation_000001,Graphite,3.1488392077208824,0.6698087355648293,0.2923028987643154,302.27706972126583
Simulation_000001,Graphite,3.1488392077208824,0.6791766899083934,0.2923028987643154,302.27668588832347
Simulation_000001,Graphite,3.1488392077208824,0.6885446442519574,0.2923028987643154,302.27625080619185
Simulation_000001,Graphite,3.1488392077208824,0.6979125985955215,0.2923028987643154,302.2757558147561
Simulation_000001,Graphite,3.1488392077208824,0.7072805529390855,0.2923028987643154,302.2751933335647
Simulation_000001,Graphite,3.1488392077208824,0.7166485072826496,0.2923028987643154,302.27455680168356
Simulation_000001,Graphite,3.1488392077208824,0.7260164616262136,0.2923028987643154,302.2738406688251
Simulation_000001,Graphite,3.1488392077208824,0.7353844159697777,0.2923028987643154,302.27304041921025
Simulation_000001,Graphite,3.1488392077208824,0.7447523703133417,0.2923028987643154,302.2721526117757
Simulation_000001,Graphite,3.1488392077208824,0.7541203246569057,0.2923028987643154,302.2711749229683
Simulation_000001,Graphite,3.1488392077208824,0.004683977171782023,0.2987271382975971,302.2785612175494
Simulation_000001,Graphite,3.1488392077208824,0.01405193151534607,0.2987271382975971,302.27856210813866
Simulation_000001,Graphite,3.1488392077208824,0.023419885858910118,0.2987271382975971,302.2785640541501
Simulation_000001,Graphite,3.1488392077208824,0.03278784020247416,0.2987271382975971,302.27856740809034
Simulation_000001,Graphite,3.1488392077208824,0.04215579454603821,0.2987271382975971,302.2785727577716
Simulation_000001,Graphite,3.1488392077208824,0.05152374888960226,0.2987271382975971,302.2785810026582
Simulation_000001,Graphite,3.1488392077208824,0.060891703233166304,0.2987271382975971,302.27859346486815
Simulation_000001,Graphite,3.1488392077208824,0.07025965757673035,0.2987271382975971,302.2786120428144
Simulation_000001,Graphite,3.1488392077208824,0.0796276119202944,0.2987271382975971,302.27863941751616
Simulation_000001,Graphite,3.1488392077208824,0.08899556626385845,0.2987271382975971,302.27867932356986
Simulation_000001,Graphite,3.1488392077208824,0.0983635206074225,0.2987271382975971,302.27873689853106
Simulation_000001,Graphite,3.1488392077208824,0.10773147495098653,0.2987271382975971,302.2788191258494
Simulation_000001,Graphite,3.1488392077208824,0.11709942929455058,0.2987271382975971,302.2789353873164
Simulation_000001,Graphite,3.1488392077208824,0.12646738363811463,0.2987271382975971,302.27909814097904
Simulation_000001,Graphite,3.1488392077208824,0.13583533798167866,0.2987271382975971,302.2793237393992
Simulation_000001,Graphite,3.1488392077208824,0.1452032923252427,0.2987271382975971,302.27963340072785
Simulation_000001,Graphite,3.1488392077208824,0.15457124666880676,0.2987271382975971,302.28005434112237
Simulation_000001,Graphite,3.1488392077208824,0.1639392010123708,0.2987271382975971,302.28062107139027
Simulation_000001,Graphite,3.1488392077208824,0.17330715535593486,0.2987271382975971,302.2813768533297
Simulation_000001,Graphite,3.1488392077208824,0.1826751096994989,0.2987271382975971,302.28237530203876
Simulation_000001,Graphite,3.1488392077208824,0.19204306404306296,0.2987271382975971,302.2836821094819
Simulation_000001,Graphite,3.1488392077208824,0.20141101838662698,0.2987271382975971,302.28537685168175
Simulation_000001,Graphite,3.1488392077208824,0.21077897273019103,0.2987271382975971,302.2875548264267
Simulation_000001,Graphite,3.1488392077208824,0.22014692707375508,0.2987271382975971,302.2903288486574
Simulation_000001,Graphite,3.1488392077208824,0.22951488141731913,0.2987271382975971,302.2938309027986
Simulation_000001,Graphite,3.1488392077208824,0.23888283576088318,0.2987271382975971,302.29821350696346
Simulation_000001,Graphite,3.1488392077208824,0.24825079010444723,0.2987271382975971,302.3036505665414
Simulation_000001,Graphite,3.1488392077208824,0.2576187444480113,0.2987271382975971,302.3103373513504
Simulation_000001,Graphite,3.1488392077208824,0.2669866987915753,0.2987271382975971,302.31848895673465
Simulation_000001,Graphite,3.1488392077208824,0.2763546531351394,0.2987271382975971,302.3283360761
Simulation_000001,Graphite,3.1488392077208824,0.2857226074787034,0.2987271382975971,302.34011585777387
Simulation_000001,Graphite,3.1488392077208824,0.2950905618222675,0.2987271382975971,302.3540534882709
Simulation_000001,Graphite,3.1488392077208824,0.3044585161658315,0.2987271382975971,302.37032572936715
Simulation_000001,Graphite,3.1488392077208824,0.31382647050939555,0.2987271382975971,302.38898831674123
Simulation_000001,Graphite,3.1488392077208824,0.3231944248529596,0.2987271382975971,302.40982997380183
Simulation_000001,Graphite,3.1488392077208824,0.33256237919652365,0.2987271382975971,302.43208429542346
Simulation_000001,Graphite,3.1488392077208824,0.3419303335400877,0.2987271382975971,302.45393983620795
Simulation_000001,Graphite,3.1488392077208824,0.35129828788365175,0.2987271382975971,302.47225211089886
Simulation_000001,Graphite,3.1488392077208824,0.3606662422272158,0.2987271382975971,302.4851503097984
Simulation_000001,Graphite,3.1488392077208824,0.37003419657077985,0.2987271382975971,302.4917631297124
Simulation_000001,Graphite,3.1488392077208824,0.3794021509143439,0.2987271382975971,302.49176311862925
Simulation_000001,Graphite,3.1488392077208824,0.38877010525790795,0.2987271382975971,302.48515027390954
Simulation_000001,Graphite,3.1488392077208824,0.39813805960147197,0.2987271382975971,302.4722520417817
Simulation_000001,Graphite,3.1488392077208824,0.40750601394503605,0.2987271382975971,302.4539397180744
Simulation_000001,Graphite,3.1488392077208824,0.41687396828860007,0.2987271382975971,302.43208410224264
Simulation_000001,Graphite,3.1488392077208824,0.42624192263216415,0.2987271382975971,302.4098296647513
Simulation_000001,Graphite,3.1488392077208824,0.43560987697572817,0.2987271382975971,302.3889878294214
Simulation_000001,Graphite,3.1488392077208824,0.44497783131929225,0.2987271382975971,302.370324969989
Simulation_000001,Graphite,3.1488392077208824,0.45434578566285627,0.2987271382975971,302.35405231776235
Simulation_000001,Graphite,3.1488392077208824,0.4637137400064203,0.2987271382975971,302.34011407243304
Simulation_000001,Graphite,3.1488392077208824,0.47308169434998437,0.2987271382975971,302.3283333810575
Simulation_000001,Graphite,3.1488392077208824,0.4824496486935484,0.2987271382975971,302.318484930078
Simulation_000001,Graphite,3.1488392077208824,0.49181760303711247,0.2987271382975971,302.3103313963145
Simulation_000001,Graphite,3.1488392077208824,0.5011855573806765,0.2987271382975971,302.30364184870996
Simulation_000001,Graphite,3.1488392077208824,0.5105535117242406,0.2987271382975971,302.29820087298157
Simulation_000001,Graphite,3.1488392077208824,0.5199214660678046,0.2987271382975971,302.2938127767133
Simulation_000001,Graphite,3.1488392077208824,0.5292894204113686,0.2987271382975971,302.29030310173056
Simulation_000001,Graphite,3.1488392077208824,0.5386573747549327,0.2987271382975971,302.2875186161745
Simulation_000001,Graphite,3.1488392077208824,0.5480253290984968,0.2987271382975971,302.2853264260563
Simulation_000001,Graphite,3.1488392077208824,0.5573932834420607,0.2987271382975971,302.2836125725954
Simulation_000001,Graphite,3.1488392077208824,0.5667612377856248,0.2987271382975971,302.2822803387201
Simulation_000001,Graphite,3.1488392077208824,0.5761291921291889,0.2987271382975971,302.2812484111385
Simulation_000001,Graphite,3.1488392077208824,0.585497146472753,0.2987271382975971,302.2804490005432
Simulation_000001,Graphite,3.1488392077208824,0.5948651008163169,0.2987271382975971,302.2798259950972
Simulation_000001,Graphite,3.1488392077208824,0.604233055159881,0.2987271382975971,302.27933320306045
Simulation_000001,Graphite,3.1488392077208824,0.6136010095034451,0.2987271382975971,302.2789327252792
Simulation_000001,Graphite,3.1488392077208824,0.6229689638470091,0.2987271382975971,302.27859348552374
Simulation_000001,Graphite,3.1488392077208824,0.6323369181905731,0.2987271382975971,302.2782899356556
Simulation_000001,Graphite,3.1488392077208824,0.6417048725341372,0.2987271382975971,302.27800094313125
Simulation_000001,Graphite,3.1488392077208824,0.6510728268777013,0.2987271382975971,302.2777088603762
Simulation_000001,Graphite,3.1488392077208824,0.6604407812212653,0.2987271382975971,302.27739876907975
Simulation_000001,Graphite,3.1488392077208824,0.6698087355648293,0.2987271382975971,302.2770578873921
Simulation_000001,Graphite,3.1488392077208824,0.6791766899083934,0.2987271382975971,302.27667512427234
Simulation_000001,Graphite,3.1488392077208824,0.6885446442519574,0.2987271382975971,302.2762407626729
Simulation_000001,Graphite,3.1488392077208824,0.6979125985955215,0.2987271382975971,302.27574625173395
Simulation_000001,Graphite,3.1488392077208824,0.7072805529390855,0.2987271382975971,302.2751840875327
Simulation_000001,Graphite,3.1488392077208824,0.7166485072826496,0.2987271382975971,302.27454776210266
Simulation_000001,Graphite,3.1488392077208824,0.7260164616262136,0.2987271382975971,302.2738317612791
Simulation_000001,Graphite,3.1488392077208824,0.7353844159697777,0.2987271382975971,302.2730315934004
Simulation_000001,Graphite,3.1488392077208824,0.7447523703133417,0.2987271382975971,302.2721438329128
Simulation_000001,Graphite,3.1488392077208824,0.7541203246569057,0.2987271382975971,302.2711661654486
Simulation_000001,Graphite,3.1488392077208824,0.004683977171782023,0.30515137783087876,302.27854800428616
Simulation_000001,Graphite,3.1488392077208824,0.01405193151534607,0.30515137783087876,302.27854885738526
Simulation_000001,Graphite,3.1488392077208824,0.023419885858910118,0.30515137783087876,302.2785507212926
Simulation_000001,Graphite,3.1488392077208824,0.03278784020247416,0.30515137783087876,302.27855393322653
Simulation_000001,Graphite,3.1488392077208824,0.04215579454603821,0.30515137783087876,302.2785590553601
Simulation_000001,Graphite,3.1488392077208824,0.05152374888960226,0.30515137783087876,302.27856694762806
Simulation_000001,Graphite,3.1488392077208824,0.060891703233166304,0.30515137783087876,302.27857887350564
Simulation_000001,Graphite,3.1488392077208824,0.07025965757673035,0.30515137783087876,302.2785966462892
Simulation_000001,Graphite,3.1488392077208824,0.0796276119202944,0.30515137783087876,302.2786228253012
Simulation_000001,Graphite,3.1488392077208824,0.08899556626385845,0.30515137783087876,302.27866097323164
Simulation_000001,Graphite,3.1488392077208824,0.0983635206074225,0.30515137783087876,302.27871598739
Simulation_000001,Graphite,3.1488392077208824,0.10773147495098653,0.30515137783087876,302.2787945187989
Simulation_000001,Graphite,3.1488392077208824,0.11709942929455058,0.30515137783087876,302.278905493595
Simulation_000001,Graphite,3.1488392077208824,0.12646738363811463,0.30515137783087876,302.2790607508614
Simulation_000001,Graphite,3.1488392077208824,0.13583533798167866,0.30515137783087876,302.2792758095107
Simulation_000001,Graphite,3.1488392077208824,0.1452032923252427,0.30515137783087876,302.2795707738874
Simulation_000001,Graphite,3.1488392077208824,0.15457124666880676,0.30515137783087876,302.2799713830812
Simulation_000001,Graphite,3.1488392077208824,0.1639392010123708,0.30515137783087876,302.2805102023006
Simulation_000001,Graphite,3.1488392077208824,0.17330715535593486,0.30515137783087876,302.28122794582004
Simulation_000001,Graphite,3.1488392077208824,0.1826751096994989,0.30515137783087876,302.2821749097861
Simulation_000001,Graphite,3.1488392077208824,0.19204306404306296,0.30515137783087876,302.28341247921253
Simulation_000001,Graphite,3.1488392077208824,0.20141101838662698,0.30515137783087876,302.2850146562341
Simulation_000001,Graphite,3.1488392077208824,0.21077897273019103,0.30515137783087876,302.2870695348411
Simulation_000001,Graphite,3.1488392077208824,0.22014692707375508,0.30515137783087876,302.2896806182773
Simulation_000001,Graphite,3.1488392077208824,0.22951488141731913,0.30515137783087876,302.29296783387633
Simulation_000001,Graphite,3.1488392077208824,0.23888283576088318,0.30515137783087876,302.2970680364583
Simulation_000001,Graphite,3.1488392077208824,0.24825079010444723,0.30515137783087876,302.3021346871158
Simulation_000001,Graphite,3.1488392077208824,0.2576187444480113,0.30515137783087876,302.3083362154641
Simulation_000001,Graphite,3.1488392077208824,0.2669866987915753,0.30515137783087876,302.3158522584544
Simulation_000001,Graphite,3.1488392077208824,0.2763546531351394,0.30515137783087876,302.32486640492965
Simulation_000001,Graphite,3.1488392077208824,0.2857226074787034,0.30515137783087876,302.3355530575161
Simulation_000001,Graphite,3.1488392077208824,0.2950905618222675,0.30515137783087876,302.34805418886776
Simulation_000001,Graphite,3.1488392077208824,0.3044585161658315,0.30515137783087876,302.3624385288649
Simulation_000001,Graphite,3.1488392077208824,0.31382647050939555,0.30515137783087876,302.3786304249617
Simulation_000001,Graphite,3.1488392077208824,0.3231944248529596,0.30515137783087876,302.39628920504816
Simulation_000001,Graphite,3.1488392077208824,0.33256237919652365,0.30515137783087876,302.41462316086404
Simulation_000001,Graphite,3.1488392077208824,0.3419303335400877,0.30515137783087876,302.4321860603471
Simulation_000001,Graphite,3.1488392077208824,0.35129828788365175,0.30515137783087876,302.4469707771962
Simulation_000001,Graphite,3.1488392077208824,0.3606662422272158,0.30515137783087876,302.45750231020304
Simulation_000001,Graphite,3.1488392077208824,0.37003419657077985,0.30515137783087876,302.4629472706493
Simulation_000001,Graphite,3.1488392077208824,0.3794021509143439,0.30515137783087876,302.46294725956614
Simulation_000001,Graphite,3.1488392077208824,0.38877010525790795,0.30515137783087876,302.45750227431415
Simulation_000001,Graphite,3.1488392077208824,0.39813805960147197,0.30515137783087876,302.44697070807916
Simulation_000001,Graphite,3.1488392077208824,0.40750601394503605,0.30515137783087876,302.4321859422137
Simulation_000001,Graphite,3.1488392077208824,0.41687396828860007,0.30515137783087876,302.41462296768356
Simulation_000001,Graphite,3.1488392077208824,0.42624192263216415,0.30515137783087876,302.39628889599817
Simulation_000001,Graphite,3.1488392077208824,0.43560987697572817,0.30515137783087876,302.37862993764253
Simulation_000001,Graphite,3.1488392077208824,0.44497783131929225,0.30515137783087876,302.36243776948777
Simulation_000001,Graphite,3.1488392077208824,0.45434578566285627,0.30515137783087876,302.34805301836093
Simulation_000001,Graphite,3.1488392077208824,0.4637137400064203,0.30515137783087876,302.33555127217767
Simulation_000001,Graphite,3.1488392077208824,0.47308169434998437,0.30515137783087876,302.3248637098908
Simulation_000001,Graphite,3.1488392077208824,0.4824496486935484,0.30515137783087876,302.31584823180316
Simulation_000001,Graphite,3.1488392077208824,0.49181760303711247,0.30515137783087876,302.30833026043604
Simulation_000001,Graphite,3.1488392077208824,0.5011855573806765,0.30515137783087876,302.3021259692956
Simulation_000001,Graphite,3.1488392077208824,0.5105535117242406,0.30515137783087876,302.29705540249245
Simulation_000001,Graphite,3.1488392077208824,0.5199214660678046,0.30515137783087876,302.29294970781353
Simulation_000001,Graphite,3.1488392077208824,0.5292894204113686,0.30515137783087876,302.2896548713818
Simulation_000001,Graphite,3.1488392077208824,0.5386573747549327,0.30515137783087876,302.28703332463203
Simulation_000001,Graphite,3.1488392077208824,0.5480253290984968,0.30515137783087876,302.28496423066713
Simulation_000001,Graphite,3.1488392077208824,0.5573932834420607,0.30515137783087876,302.28334294240454
Simulation_000001,Graphite,3.1488392077208824,0.5667612377856248,0.30515137783087876,302.28207994657157
Simulation_000001,Graphite,3.1488392077208824,0.5761291921291889,0.30515137783087876,302.2810995037654
Simulation_000001,Graphite,3.1488392077208824,0.585497146472753,0.30515137783087876,302.2803381316308
Simulation_000001,Graphite,3.1488392077208824,0.5948651008163169,0.30515137783087876,302.27974303728394
Simulation_000001,Graphite,3.1488392077208824,0.604233055159881,0.30515137783087876,302.2792705765102
Simulation_000001,Graphite,3.1488392077208824,0.6136010095034451,0.30515137783087876,302.2788847957578
Simulation_000001,Graphite,3.1488392077208824,0.6229689638470091,0.30515137783087876,302.2785560958678
Simulation_000001,Graphite,3.1488392077208824,0.6323369181905731,0.30515137783087876,302.27826004251415
Simulation_000001,Graphite,3.1488392077208824,0.6417048725341372,0.30515137783087876,302.27797633681104
Simulation_000001,Graphite,3.1488392077208824,0.6510728268777013,0.30515137783087876,302.27768795016374
Simulation_000001,Graphite,3.1488392077208824,0.6604407812212653,0.30515137783087876,302.2773804199415
Simulation_000001,Graphite,3.1488392077208824,0.6698087355648293,0.30515137783087876,302.2770412967659
Simulation_000001,Graphite,3.1488392077208824,0.6791766899083934,0.30515137783087876,302.27665972991605
Simulation_000001,Graphite,3.1488392077208824,0.6885446442519574,0.30515137783087876,302.27622617437567
Simulation_000001,Graphite,3.1488392077208824,0.6979125985955215,0.30515137783087876,302.2757322011864
Simulation_000001,Graphite,3.1488392077208824,0.7072805529390855,0.30515137783087876,302.27517039187643
Simulation_000001,Graphite,3.1488392077208824,0.7166485072826496,0.30515137783087876,302.2745342976585
Simulation_000001,Graphite,3.1488392077208824,0.7260164616262136,0.30515137783087876,302.27381844474917
Simulation_000001,Graphite,3.1488392077208824,0.7353844159697777,0.30515137783087876,302.2730183684597
Simulation_000001,Graphite,3.1488392077208824,0.7447523703133417,0.30515137783087876,302.27213066058897
Simulation_000001,Graphite,3.1488392077208824,0.7541203246569057,0.30515137783087876,302.2711530170486
Simulation_000001,Graphite,3.1488392077208824,0.004683977171782023,0.3115756173641604,302.27853000667926
Simulation_000001,Graphite,3.1488392077208824,0.01405193151534607,0.3115756173641604,302.27853081888355
Simulation_000001,Graphite,3.1488392077208824,0.023419885858910118,0.3115756173641604,302.2785325932435
Simulation_000001,Graphite,3.1488392077208824,0.03278784020247416,0.3115756173641604,302.27853565033035
Simulation_000001,Graphite,3.1488392077208824,0.04215579454603821,0.3115756173641604,302.2785405244104
Simulation_000001,Graphite,3.1488392077208824,0.05152374888960226,0.3115756173641604,302.2785480324126
Simulation_000001,Graphite,3.1488392077208824,0.060891703233166304,0.3115756173641604,302.27855937405104
Simulation_000001,Graphite,3.1488392077208824,0.07025965757673035,0.3115756173641604,302.278576270142
Simulation_000001,Graphite,3.1488392077208824,0.0796276119202944,0.3115756173641604,302.278601147891
Simulation_000001,Graphite,3.1488392077208824,0.08899556626385845,0.3115756173641604,302.2786373835398
Simulation_000001,Graphite,3.1488392077208824,0.0983635206074225,0.3115756173641604,302.27868961411485
Simulation_000001,Graphite,3.1488392077208824,0.10773147495098653,0.3115756173641604,302.27876413094225
Simulation_000001,Graphite,3.1488392077208824,0.11709942929455058,0.3115756173641604,302.2788693678492
Simulation_000001,Graphite,3.1488392077208824,0.12646738363811463,0.3115756173641604,302.27901649630286
Simulation_000001,Graphite,3.1488392077208824,0.13583533798167866,0.3115756173641604,302.27922013783314
Simulation_000001,Graphite,3.1488392077208824,0.1452032923252427,0.3115756173641604,302.2794992006302
Simulation_000001,Graphite,3.1488392077208824,0.15457124666880676,0.3115756173641604,302.2798778418909
Simulation_000001,Graphite,3.1488392077208824,0.1639392010123708,0.3115756173641604,302.2803865499661
Simulation_000001,Graphite,3.1488392077208824,0.17330715535593486,0.3115756173641604,302.28106333034594
Simulation_000001,Graphite,3.1488392077208824,0.1826751096994989,0.3115756173641604,302.2819549666136
Simulation_000001,Graphite,3.1488392077208824,0.19204306404306296,0.3115756173641604,302.283118311202
Simulation_000001,Graphite,3.1488392077208824,0.20141101838662698,0.3115756173641604,302.2846215402104
Simulation_000001,Graphite,3.1488392077208824,0.21077897273019103,0.3115756173641604,302.2865452800744
Simulation_000001,Graphite,3.1488392077208824,0.22014692707375508,0.3115756173641604,302.2889834785316
Simulation_000001,Graphite,3.1488392077208824,0.22951488141731913,0.3115756173641604,302.29204384262533
Simulation_000001,Graphite,3.1488392077208824,0.23888283576088318,0.3115756173641604,302.2958475926816
Simulation_000001,Graphite,3.1488392077208824,0.24825079010444723,0.3115756173641604,302.300528166306
Simulation_000001,Graphite,3.1488392077208824,0.2576187444480113,0.3115756173641604,302.3062283215137
Simulation_000001,Graphite,3.1488392077208824,0.2669866987915753,0.3115756173641604,302.3130947848755
Simulation_000001,Graphite,3.1488392077208824,0.2763546531351394,0.3115756173641604,302.3212690915521
Simulation_000001,Graphite,3.1488392077208824,0.2857226074787034,0.3115756173641604,302.33087245370604
Simulation_000001,Graphite,3.1488392077208824,0.2950905618222675,0.3115756173641604,302.3419812314222
Simulation_000001,Graphite,3.1488392077208824,0.3044585161658315,0.3115756173641604,302.35458781774895
Simulation_000001,Graphite,3.1488392077208824,0.31382647050939555,0.3115756173641604,302.3685400390361
Simulation_000001,Graphite,3.1488392077208824,0.3231944248529596,0.3115756173641604,302.3834534105176
Simulation_000001,Graphite,3.1488392077208824,0.33256237919652365,0.3115756173641604,302.3986047719875
Simulation_000001,Graphite,3.1488392077208824,0.3419303335400877,0.3115756173641604,302.4128673664524
Simulation_000001,Graphite,3.1488392077208824,0.35129828788365175,0.3115756173641604,302.4248559195782
Simulation_000001,Graphite,3.1488392077208824,0.3606662422272158,0.3115756173641604,302.4334385612103
Simulation_000001,Graphite,3.1488392077208824,0.37003419657077985,0.3115756173641604,302.43789734688755
Simulation_000001,Graphite,3.1488392077208824,0.3794021509143439,0.3115756173641604,302.4378973358044
Simulation_000001,Graphite,3.1488392077208824,0.38877010525790795,0.3115756173641604,302.4334385253215
Simulation_000001,Graphite,3.1488392077208824,0.39813805960147197,0.3115756173641604,302.4248558504613
Simulation_000001,Graphite,3.1488392077208824,0.40750601394503605,0.3115756173641604,302.4128672483193
Simulation_000001,Graphite,3.1488392077208824,0.41687396828860007,0.3115756173641604,302.39860457880735
Simulation_000001,Graphite,3.1488392077208824,0.42624192263216415,0.3115756173641604,302.3834531014681
Simulation_000001,Graphite,3.1488392077208824,0.43560987697572817,0.3115756173641604,302.36853955171784
Simulation_000001,Graphite,3.1488392077208824,0.44497783131929225,0.3115756173641604,302.35458705837317
Simulation_000001,Graphite,3.1488392077208824,0.45434578566285627,0.3115756173641604,302.34198006091736
Simulation_000001,Graphite,3.1488392077208824,0.4637137400064203,0.3115756173641604,302.33087066837084
Simulation_000001,Graphite,3.1488392077208824,0.47308169434998437,0.3115756173641604,302.3212663965179
Simulation_000001,Graphite,3.1488392077208824,0.4824496486935484,0.3115756173641604,302.31309075823117
Simulation_000001,Graphite,3.1488392077208824,0.49181760303711247,0.3115756173641604,302.3062223664957
Simulation_000001,Graphite,3.1488392077208824,0.5011855573806765,0.3115756173641604,302.30051944850027
Simulation_000001,Graphite,3.1488392077208824,0.5105535117242406,0.3115756173641604,302.2958349587363
Simulation_000001,Graphite,3.1488392077208824,0.5199214660678046,0.3115756173641604,302.2920257165916
Simulation_000001,Graphite,3.1488392077208824,0.5292894204113686,0.3115756173641604,302.28895773167625
Simulation_000001,Graphite,3.1488392077208824,0.5386573747549327,0.3115756173641604,302.28650906992067
Simulation_000001,Graphite,3.1488392077208824,0.5480253290984968,0.3115756173641604,302.2845711147187
Simulation_000001,Graphite,3.1488392077208824,0.5573932834420607,0.3115756173641604,302.28304877449494
Simulation_000001,Graphite,3.1488392077208824,0.5667612377856248,0.3115756173641604,302.2818600035331
Simulation_000001,Graphite,3.1488392077208824,0.5761291921291889,0.3115756173641604,302.28093488846724
Simulation_000001,Graphite,3.1488392077208824,0.585497146472753,0.3115756173641604,302.2802144795248
Simulation_000001,Graphite,3.1488392077208824,0.5948651008163169,0.3115756173641604,302.27964949638704
Simulation_000001,Graphite,3.1488392077208824,0.604233055159881,0.3115756173641604,302.27919900362673
Simulation_000001,Graphite,3.1488392077208824,0.6136010095034451,0.3115756173641604,302.2788291245518
Simulation_000001,Graphite,3.1488392077208824,0.6229689638470091,0.3115756173641604,302.278511841901
Simulation_000001,Graphite,3.1488392077208824,0.6323369181905731,0.3115756173641604,302.27822391750817
Simulation_000001,Graphite,3.1488392077208824,0.6417048725341372,0.3115756173641604,302.2779459498806
Simulation_000001,Graphite,3.1488392077208824,0.6510728268777013,0.3115756173641604,302.27766157805524
Simulation_000001,Graphite,3.1488392077208824,0.6604407812212653,0.3115756173641604,302.27735683173904
Simulation_000001,Graphite,3.1488392077208824,0.6698087355648293,0.3115756173641604,302.2770196212977
Simulation_000001,Graphite,3.1488392077208824,0.6791766899083934,0.3115756173641604,302.276639356374
Simulation_000001,Graphite,3.1488392077208824,0.6885446442519574,0.3115756173641604,302.27620667853483
Simulation_000001,Graphite,3.1488392077208824,0.6979125985955215,0.3115756173641604,302.2757132911619
Simulation_000001,Graphite,3.1488392077208824,0.7072805529390855,0.3115756173641604,302.2751518686271
Simulation_000001,Graphite,3.1488392077208824,0.7166485072826496,0.3115756173641604,302.27451602648927
Simulation_000001,Graphite,3.1488392077208824,0.7260164616262136,0.3115756173641604,302.2738003348988
Simulation_000001,Graphite,3.1488392077208824,0.7353844159697777,0.3115756173641604,302.27300035852795
Simulation_000001,Graphite,3.1488392077208824,0.7447523703133417,0.3115756173641604,302.27211270807237
Simulation_000001,Graphite,3.1488392077208824,0.7541203246569057,0.3115756173641604,302.27113509064156
Simulation_000001,Graphite,3.1488392077208824,0.004683977171782023,0.3179998568974421,302.27850667367505
Simulation_000001,Graphite,3.1488392077208824,0.01405193151534607,0.3179998568974421,302.2785074422386
Simulation_000001,Graphite,3.1488392077208824,0.023419885858910118,0.3179998568974421,302.2785091210521
Simulation_000001,Graphite,3.1488392077208824,0.03278784020247416,0.3179998568974421,302.27851201295834
Simulation_000001,Graphite,3.1488392077208824,0.04215579454603821,0.3179998568974421,302.2785166225142
Simulation_000001,Graphite,3.1488392077208824,0.05152374888960226,0.3179998568974421,302.2785237208898
Simulation_000001,Graphite,3.1488392077208824,0.060891703233166304,0.3179998568974421,302.27853444000175
Simulation_000001,Graphite,3.1488392077208824,0.07025965757673035,0.3179998568974421,302.2785504024083
Simulation_000001,Graphite,3.1488392077208824,0.0796276119202944,0.3179998568974421,302.2785738950727
Simulation_000001,Graphite,3.1488392077208824,0.08899556626385845,0.3179998568974421,302.2786080965296
Simulation_000001,Graphite,3.1488392077208824,0.0983635206074225,0.3179998568974421,302.2786573681405
Simulation_000001,Graphite,3.1488392077208824,0.10773147495098653,0.3179998568974421,302.2787276208113
Simulation_000001,Graphite,3.1488392077208824,0.11709942929455058,0.3179998568974421,302.27882676854017
Simulation_000001,Graphite,3.1488392077208824,0.12646738363811463,0.3179998568974421,302.2789652791872
Simulation_000001,Graphite,3.1488392077208824,0.13583533798167866,0.3179998568974421,302.2791568305977
Simulation_000001,Graphite,3.1488392077208824,0.1452032923252427,0.3179998568974421,302.27941907633067
Simulation_000001,Graphite,3.1488392077208824,0.15457124666880676,0.3179998568974421,302.2797745193848
Simulation_000001,Graphite,3.1488392077208824,0.1639392010123708,0.3179998568974421,302.2802514841194
Simulation_000001,Graphite,3.1488392077208824,0.17330715535593486,0.3179998568974421,302.28088516564117
Simulation_000001,Graphite,3.1488392077208824,0.1826751096994989,0.3179998568974421,302.28171872182037
Simulation_000001,Graphite,3.1488392077208824,0.19204306404306296,0.3179998568974421,302.2828043551824
Simulation_000001,Graphite,3.1488392077208824,0.20141101838662698,0.3179998568974421,302.2842043092119
Simulation_000001,Graphite,3.1488392077208824,0.21077897273019103,0.3179998568974421,302.2859916744275
Simulation_000001,Graphite,3.1488392077208824,0.22014692707375508,0.3179998568974421,302.2882508610518
Simulation_000001,Graphite,3.1488392077208824,0.22951488141731913,0.3179998568974421,302.2910775422271
Simulation_000001,Graphite,3.1488392077208824,0.23888283576088318,0.3179998568974421,302.2945777962538
Simulation_000001,Graphite,3.1488392077208824,0.24825079010444723,0.3179998568974421,302.29886606482734
Simulation_000001,Graphite,3.1488392077208824,0.2576187444480113,0.3179998568974421,302.3040613759929
Simulation_000001,Graphite,3.1488392077208824,0.2669866987915753,0.3179998568974421,302.3102810254525
Simulation_000001,Graphite,3.1488392077208824,0.2763546531351394,0.3179998568974421,302.3176305297485
Simulation_000001,Graphite,3.1488392077208824,0.2857226074787034,0.3179998568974421,302.3261881271712
Simulation_000001,Graphite,3.1488392077208824,0.2950905618222675,0.3179998568974421,302.33598143384563
Simulation_000001,Graphite,3.1488392077208824,0.3044585161658315,0.3179998568974421,302.3469533170088
Simulation_000001,Graphite,3.1488392077208824,0.31382647050939555,0.3179998568974421,302.3589145573078
Simulation_000001,Graphite,3.1488392077208824,0.3231944248529596,0.3179998568974421,302.37148505975
Simulation_000001,Graphite,3.1488392077208824,0.33256237919652365,0.3179998568974421,302.3840389748295
Simulation_000001,Graphite,3.1488392077208824,0.3419303335400877,0.3179998568974421,302.3956991569655
Simulation_000001,Graphite,3.1488392077208824,0.35129828788365175,0.3179998568974421,302.40546001502605
Simulation_000001,Graphite,3.1488392077208824,0.3606662422272158,0.3179998568974421,302.41245618122514
Simulation_000001,Graphite,3.1488392077208824,0.37003419657077985,0.3179998568974421,302.4160989023345
Simulation_000001,Graphite,3.1488392077208824,0.3794021509143439,0.3179998568974421,302.41609889125147
Simulation_000001,Graphite,3.1488392077208824,0.38877010525790795,0.3179998568974421,302.4124561453364
Simulation_000001,Graphite,3.1488392077208824,0.39813805960147197,0.3179998568974421,302.4054599459093
Simulation_000001,Graphite,3.1488392077208824,0.40750601394503605,0.3179998568974421,302.3956990388327
Simulation_000001,Graphite,3.1488392077208824,0.41687396828860007,0.3179998568974421,302.3840387816498
Simulation_000001,Graphite,3.1488392077208824,0.42624192263216415,0.3179998568974421,302.37148475070126
Simulation_000001,Graphite,3.1488392077208824,0.43560987697572817,0.3179998568974421,302.3589140699907
Simulation_000001,Graphite,3.1488392077208824,0.44497783131929225,0.3179998568974421,302.34695255763484
Simulation_000001,Graphite,3.1488392077208824,0.45434578566285627,0.3179998568974421,302.3359802633434
Simulation_000001,Graphite,3.1488392077208824,0.4637137400064203,0.3179998568974421,302.3261863418399
Simulation_000001,Graphite,3.1488392077208824,0.47308169434998437,0.3179998568974421,302.31762783472027
Simulation_000001,Graphite,3.1488392077208824,0.4824496486935484,0.3179998568974421,302.31027699881696
Simulation_000001,Graphite,3.1488392077208824,0.49181760303711247,0.3179998568974421,302.3040554209877
Simulation_000001,Graphite,3.1488392077208824,0.5011855573806765,0.3179998568974421,302.2988573470399
Simulation_000001,Graphite,3.1488392077208824,0.5105535117242406,0.3179998568974421,302.2945651623347
Simulation_000001,Graphite,3.1488392077208824,0.5199214660678046,0.3179998568974421,302.29105941623004
Simulation_000001,Graphite,3.1488392077208824,0.5292894204113686,0.3179998568974421,302.2882251142477
Simulation_000001,Graphite,3.1488392077208824,0.5386573747549327,0.3179998568974421,302.28595546434417
Simulation_000001,Graphite,3.1488392077208824,0.5480253290984968,0.3179998568974421,302.28415388381563
Simulation_000001,Graphite,3.1488392077208824,0.5573932834420607,0.3179998568974421,302.28273481860384
Simulation_000001,Graphite,3.1488392077208824,0.5667612377856248,0.3179998568974421,302.2816237589103
Simulation_000001,Graphite,3.1488392077208824,0.5761291921291889,0.3179998568974421,302.2807567239863
Simulation_000001,Graphite,3.1488392077208824,0.585497146472753,0.3179998568974421,302.28007941396874
Simulation_000001,Graphite,3.1488392077208824,0.5948651008163169,0.3179998568974421,302.27954617425445
Simulation_000001,Graphite,3.1488392077208824,0.604233055159881,0.3179998568974421,302.2791188798022
Simulation_000001,Graphite,3.1488392077208824,0.6136010095034451,0.3179998568974421,302.27876581791526
Simulation_000001,Graphite,3.1488392077208824,0.6229689638470091,0.3179998568974421,302.27846062553493
Simulation_000001,Graphite,3.1488392077208824,0.6323369181905731,0.3179998568974421,302.2781813191333
Simulation_000001,Graphite,3.1488392077208824,0.6417048725341372,0.3179998568974421,302.277909440912
Simulation_000001,Graphite,3.1488392077208824,0.6510728268777013,0.3179998568974421,302.2776293335331
Simulation_000001,Graphite,3.1488392077208824,0.6604407812212653,0.3179998568974421,302.2773275465619
Simulation_000001,Graphite,3.1488392077208824,0.6698087355648293,0.3179998568974421,302.2769923708343
Simulation_000001,Graphite,3.1488392077208824,0.6791766899083934,0.3179998568974421,302.2766134917437
Simulation_000001,Graphite,3.1488392077208824,0.6885446442519574,0.3179998568974421,302.2761817487072
Simulation_000001,Graphite,3.1488392077208824,0.6979125985955215,0.3179998568974421,302.27568898558576
Simulation_000001,Graphite,3.1488392077208824,0.7072805529390855,0.3179998568974421,302.27512797539686
Simulation_000001,Graphite,3.1488392077208824,0.7166485072826496,0.3179998568974421,302.2744924021196
Simulation_000001,Graphite,3.1488392077208824,0.7260164616262136,0.3179998568974421,302.27377688265267
Simulation_000001,Graphite,3.1488392077208824,0.7353844159697777,0.3179998568974421,302.27297701292804
Simulation_000001,Graphite,3.1488392077208824,0.7447523703133417,0.3179998568974421,302.2720894237696
Simulation_000001,Graphite,3.1488392077208824,0.7541203246569057,0.3179998568974421,302.27111183421835
Simulation_000001,Graphite,3.1488392077208824,0.004683977171782023,0.32442409643072373,302.27847728818597
Simulation_000001,Graphite,3.1488392077208824,0.01405193151534607,0.32442409643072373,302.2784780110355
Simulation_000001,Graphite,3.1488392077208824,0.023419885858910118,0.32442409643072373,302.2784795897807
Simulation_000001,Graphite,3.1488392077208824,0.03278784020247416,0.32442409643072373,302.2784823087341
Simulation_000001,Graphite,3.1488392077208824,0.04215579454603821,0.32442409643072373,302.27848664141425
Simulation_000001,Graphite,3.1488392077208824,0.05152374888960226,0.32442409643072373,302.27849331121405
Simulation_000001,Graphite,3.1488392077208824,0.060891703233166304,0.32442409643072373,302.2785033793123
Simulation_000001,Graphite,3.1488392077208824,0.07025965757673035,0.32442409643072373,302.27851836583665
Simulation_000001,Graphite,3.1488392077208824,0.0796276119202944,0.32442409643072373,302.278540411698
Simulation_000001,Graphite,3.1488392077208824,0.08899556626385845,0.32442409643072373,302.27857248977045
Simulation_000001,Graphite,3.1488392077208824,0.0983635206074225,0.32442409643072373,302.2786186750405
Simulation_000001,Graphite,3.1488392077208824,0.10773147495098653,0.32442409643072373,302.2786844838165
Simulation_000001,Graphite,3.1488392077208824,0.11709942929455058,0.32442409643072373,302.27877729184536
Simulation_000001,Graphite,3.1488392077208824,0.12646738363811463,0.32442409643072373,302.27890683993337
Simulation_000001,Graphite,3.1488392077208824,0.13583533798167866,0.32442409643072373,302.27908583311677
Simulation_000001,Graphite,3.1488392077208824,0.1452032923252427,0.32442409643072373,302.2793306352025
Simulation_000001,Graphite,3.1488392077208824,0.15457124666880676,0.32442409643072373,302.2796620542527
Simulation_000001,Graphite,3.1488392077208824,0.1639392010123708,0.32442409643072373,302.28010620591493
Simulation_000001,Graphite,3.1488392077208824,0.17330715535593486,0.32442409643072373,302.2806954300015
Simulation_000001,Graphite,3.1488392077208824,0.1826751096994989,0.32442409643072373,302.2814692209029
Simulation_000001,Graphite,3.1488392077208824,0.19204306404306296,0.32442409643072373,302.2824751136548
Simulation_000001,Graphite,3.1488392077208824,0.20141101838662698,0.32442409643072373,302.2837694438171
Simulation_000001,Graphite,3.1488392077208824,0.21077897273019103,0.32442409643072373,302.28541786927894
Simulation_000001,Graphite,3.1488392077208824,0.22014692707375508,0.32442409643072373,302.287495503227
Simulation_000001,Graphite,3.1488392077208824,0.22951488141731913,0.32442409643072373,302.2900864559068
Simulation_000001,Graphite,3.1488392077208824,0.23888283576088318,0.32442409643072373,302.29328251241566
Simulation_000001,Graphite,3.1488392077208824,0.24825079010444723,0.32442409643072373,302.2971805757683
Simulation_000001,Graphite,3.1488392077208824,0.2576187444480113,0.32442409643072373,302.3018783672119
Simulation_000001,Graphite,3.1488392077208824,0.2669866987915753,0.32442409643072373,302.3074676867119
Simulation_000001,Graphite,3.1488392077208824,0.2763546531351394,0.32442409643072373,302.3140242903131
Simulation_000001,Graphite,3.1488392077208824,0.2857226074787034,0.32442409643072373,302.32159316287283
Simulation_000001,Graphite,3.1488392077208824,0.2950905618222675,0.32442409643072373,302.3301677700731
Simulation_000001,Graphite,3.1488392077208824,0.3044585161658315,0.32442409643072373,302.3396621057433
Simulation_000001,Graphite,3.1488392077208824,0.31382647050939555,0.32442409643072373,302.34987584599946
Simulation_000001,Graphite,3.1488392077208824,0.3231944248529596,0.32442409643072373,302.3604573597607
Simulation_000001,Graphite,3.1488392077208824,0.33256237919652365,0.32442409643072373,302.3708790277075
Simulation_000001,Graphite,3.1488392077208824,0.3419303335400877,0.32442409643072373,302.38045398142737
Simulation_000001,Graphite,3.1488392077208824,0.35129828788365175,0.32442409643072373,302.38842860620457
Simulation_000001,Graphite,3.1488392077208824,0.3606662422272158,0.32442409643072373,302.3941388085151
Simulation_000001,Graphite,3.1488392077208824,0.37003419657077985,0.32442409643072373,302.397113521573
Simulation_000001,Graphite,3.1488392077208824,0.3794021509143439,0.32442409643072373,302.3971135104899
Simulation_000001,Graphite,3.1488392077208824,0.38877010525790795,0.32442409643072373,302.39413877262643
Simulation_000001,Graphite,3.1488392077208824,0.39813805960147197,0.32442409643072373,302.38842853708803
Simulation_000001,Graphite,3.1488392077208824,0.40750601394503605,0.32442409643072373,302.38045386329486
Simulation_000001,Graphite,3.1488392077208824,0.41687396828860007,0.32442409643072373,302.37087883452836
Simulation_000001,Graphite,3.1488392077208824,0.42624192263216415,0.32442409643072373,302.36045705071285
Simulation_000001,Graphite,3.1488392077208824,0.43560987697572817,0.32442409643072373,302.3498753586838
Simulation_000001,Graphite,3.1488392077208824,0.44497783131929225,0.32442409643072373,302.3396613463715
Simulation_000001,Graphite,3.1488392077208824,0.45434578566285627,0.32442409643072373,302.3301665995742
Simulation_000001,Graphite,3.1488392077208824,0.4637137400064203,0.32442409643072373,302.3215913775465
Simulation_000001,Graphite,3.1488392077208824,0.47308169434998437,0.32442409643072373,302.31402159529233
Simulation_000001,Graphite,3.1488392077208824,0.4824496486935484,0.32442409643072373,302.30746366008725
Simulation_000001,Graphite,3.1488392077208824,0.49181760303711247,0.32442409643072373,302.3018724122227
Simulation_000001,Graphite,3.1488392077208824,0.5011855573806765,0.32442409643072373,302.29717185800394
Simulation_000001,Graphite,3.1488392077208824,0.5105535117242406,0.32442409643072373,302.2932698785294
Simulation_000001,Graphite,3.1488392077208824,0.5199214660678046,0.32442409643072373,302.2900683299561
Simulation_000001,Graphite,3.1488392077208824,0.5292894204113686,0.32442409643072373,302.2874697564872
Simulation_000001,Graphite,3.1488392077208824,0.5386573747549327,0.32442409643072373,302.2853816592841
Simulation_000001,Graphite,3.1488392077208824,0.5480253290984968,0.32442409643072373,302.2837190185412
Simulation_000001,Graphite,3.1488392077208824,0.5573932834420607,0.32442409643072373,302.2824055772379
Simulation_000001,Graphite,3.1488392077208824,0.5667612377856248,0.32442409643072373,302.28137425820785
Simulation_000001,Graphite,3.1488392077208824,0.5761291921291889,0.32442409643072373,302.2805669886289
Simulation_000001,Graphite,3.1488392077208824,0.585497146472753,0.32442409643072373,302.2799341361308
Simulation_000001,Graphite,3.1488392077208824,0.5948651008163169,0.32442409643072373,302.2794337095932
Simulation_000001,Graphite,3.1488392077208824,0.604233055159881,0.32442409643072373,302.27903043927273
Simulation_000001,Graphite,3.1488392077208824,0.6136010095034451,0.32442409643072373,302.27869482118854
Simulation_000001,Graphite,3.1488392077208824,0.6229689638470091,0.32442409643072373,302.27840218722355
Simulation_000001,Graphite,3.1488392077208824,0.6323369181905731,0.32442409643072373,302.2781318436089
Simulation_000001,Graphite,3.1488392077208824,0.6417048725341372,0.32442409643072373,302.27786630536673
Simulation_000001,Graphite,3.1488392077208824,0.6510728268777013,0.32442409643072373,302.2775906422305
Simulation_000001,Graphite,3.1488392077208824,0.6604407812212653,0.32442409643072373,302.27729194204744
Simulation_000001,Graphite,3.1488392077208824,0.6698087355648293,0.32442409643072373,302.2769588903031
Simulation_000001,Graphite,3.1488392077208824,0.6791766899083934,0.32442409643072373,302.2765814588542
Simulation_000001,Graphite,3.1488392077208824,0.6885446442519574,0.32442409643072373,302.27615069292744
Simulation_000001,Graphite,3.1488392077208824,0.6979125985955215,0.32442409643072373,302.2756585826833
Simulation_000001,Graphite,3.1488392077208824,0.7072805529390855,0.32442409643072373,302.2750980039736
Simulation_000001,Graphite,3.1488392077208824,0.7166485072826496,0.32442409643072373,302.2744627121666
Simulation_000001,Graphite,3.1488392077208824,0.7260164616262136,0.32442409643072373,302.2737473729732
Simulation_000001,Graphite,3.1488392077208824,0.7353844159697777,0.32442409643072373,302.2729476149861
Simulation_000001,Graphite,3.1488392077208824,0.7447523703133417,0.32442409643072373,302.27206009007017
Simulation_000001,Graphite,3.1488392077208824,0.7541203246569057,0.32442409643072373,302.2710825297441
Simulation_000001,Graphite,3.1488392077208824,0.004683977171782023,0.3308483359640054,302.27844096379044
Simulation_000001,Graphite,3.1488392077208824,0.01405193151534607,0.3308483359640054,302.2784416395238
Simulation_000001,Graphite,3.1488392077208824,0.023419885858910118,0.3308483359640054,302.2784431151499
Simulation_000001,Graphite,3.1488392077208824,0.03278784020247416,0.3308483359640054,302.2784456559284
Simulation_000001,Graphite,3.1488392077208824,0.04215579454603821,0.3308483359640054,302.2784497034794
Simulation_000001,Graphite,3.1488392077208824,0.05152374888960226,0.3308483359640054,302.27845593212504
Simulation_000001,Graphite,3.1488392077208824,0.060891703233166304,0.3308483359640054,302.2784653304491
Simulation_000001,Graphite,3.1488392077208824,0.07025965757673035,0.3308483359640054,302.27847931355564
Simulation_000001,Graphite,3.1488392077208824,0.0796276119202944,0.3308483359640054,302.27849987276795
Simulation_000001,Graphite,3.1488392077208824,0.08899556626385845,0.3308483359640054,302.27852977058205
Simulation_000001,Graphite,3.1488392077208824,0.0983635206074225,0.3308483359640054,302.2785727894569
Simulation_000001,Graphite,3.1488392077208824,0.10773147495098653,0.3308483359640054,302.27863404328735
Simulation_000001,Graphite,3.1488392077208824,0.11709942929455058,0.3308483359640054,302.2787203599434
Simulation_000001,Graphite,3.1488392077208824,0.12646738363811463,0.3308483359640054,302.27884074179593
Simulation_000001,Graphite,3.1488392077208824,0.13583533798167866,0.3308483359640054,302.2790069083548
Simulation_000001,Graphite,3.1488392077208824,0.1452032923252427,0.3308483359640054,302.279233920695
Simulation_000001,Graphite,3.1488392077208824,0.15457124666880676,0.3308483359640054,302.27954088084715
Simulation_000001,Graphite,3.1488392077208824,0.1639392010123708,0.3308483359640054,302.27995169041696
Simulation_000001,Graphite,3.1488392077208824,0.17330715535593486,0.3308483359640054,302.2804958409528
Simulation_000001,Graphite,3.1488392077208824,0.1826751096994989,0.3308483359640054,302.2812091935464
Simulation_000001,Graphite,3.1488392077208824,0.19204306404306296,0.3308483359640054,302.2821346862688
Simulation_000001,Graphite,3.1488392077208824,0.20141101838662698,0.3308483359640054,302.283322884518
Simulation_000001,Graphite,3.1488392077208824,0.21077897273019103,0.3308483359640054,302.28483226003175
Simulation_000001,Graphite,3.1488392077208824,0.22014692707375508,0.3308483359640054,302.28672904744803
Simulation_000001,Graphite,3.1488392077208824,0.22951488141731913,0.3308483359640054,302.2890864802797
Simulation_000001,Graphite,3.1488392077208824,0.23888283576088318,0.3308483359640054,302.29198314746293
Simulation_000001,Graphite,3.1488392077208824,0.24825079010444723,0.3308483359640054,302.29550013296097
Simulation_000001,Graphite,3.1488392077208824,0.2576187444480113,0.3308483359640054,302.29971650067426
Simulation_000001,Graphite,3.1488392077208824,0.2669866987915753,0.3308483359640054,302.3047025663614
Simulation_000001,Graphite,3.1488392077208824,0.2763546531351394,0.3308483359640054,302.3105102738016
Simulation_000001,Graphite,3.1488392077208824,0.2857226074787034,0.3308483359640054,302.3171599187373
Simulation_000001,Graphite,3.1488392077208824,0.2950905618222675,0.3308483359640054,302.3246225811995
Simulation_000001,Graphite,3.1488392077208824,0.3044585161658315,0.3308483359640054,302.3327982420212
Simulation_000001,Graphite,3.1488392077208824,0.31382647050939555,0.3308483359640054,302.3414912496589
Simulation_000001,Graphite,3.1488392077208824,0.3231944248529596,0.3308483359640054,302.3503883986693
Simulation_000001,Graphite,3.1488392077208824,0.33256237919652365,0.3308483359640054,302.35905082776344
Simulation_000001,Graphite,3.1488392077208824,0.3419303335400877,0.3308483359640054,302.3669369632719
Simulation_000001,Graphite,3.1488392077208824,0.35129828788365175,0.3308483359640054,302.3734703895015
Simulation_000001,Graphite,3.1488392077208824,0.3606662422272158,0.3308483359640054,302.37813858011253
Simulation_000001,Graphite,3.1488392077208824,0.37003419657077985,0.3308483359640054,302.38056918619236
Simulation_000001,Graphite,3.1488392077208824,0.3794021509143439,0.3308483359640054,302.3805691751094
Simulation_000001,Graphite,3.1488392077208824,0.38877010525790795,0.3308483359640054,302.37813854422404
Simulation_000001,Graphite,3.1488392077208824,0.39813805960147197,0.3308483359640054,302.3734703203852
Simulation_000001,Graphite,3.1488392077208824,0.40750601394503605,0.3308483359640054,302.3669368451399
Simulation_000001,Graphite,3.1488392077208824,0.41687396828860007,0.3308483359640054,302.35905063458506
Simulation_000001,Graphite,3.1488392077208824,0.42624192263216415,0.3308483359640054,302.35038808962264
Simulation_000001,Graphite,3.1488392077208824,0.43560987697572817,0.3308483359640054,302.34149076234496
Simulation_000001,Graphite,3.1488392077208824,0.44497783131929225,0.3308483359640054,302.33279748265215
Simulation_000001,Graphite,3.1488392077208824,0.45434578566285627,0.3308483359640054,302.3246214107048
Simulation_000001,Graphite,3.1488392077208824,0.4637137400064203,0.3308483359640054,302.3171581334172
Simulation_000001,Graphite,3.1488392077208824,0.47308169434998437,0.3308483359640054,302.31050757879007
Simulation_000001,Graphite,3.1488392077208824,0.4824496486935484,0.3308483359640054,302.3046985397505
Simulation_000001,Graphite,3.1488392077208824,0.49181760303711247,0.3308483359640054,302.29971054570495
Simulation_000001,Graphite,3.1488392077208824,0.5011855573806765,0.3308483359640054,302.2954914152254
Simulation_000001,Graphite,3.1488392077208824,0.5105535117242406,0.3308483359640054,302.29197051361757
Simulation_000001,Graphite,3.1488392077208824,0.5199214660678046,0.3308483359640054,302.2890683543866
Simulation_000001,Graphite,3.1488392077208824,0.5292894204113686,0.3308483359640054,302.2867033007886
Simulation_000001,Graphite,3.1488392077208824,0.5386573747549327,0.3308483359640054,302.2847960501474
Simulation_000001,Graphite,3.1488392077208824,0.5480253290984968,0.3308483359640054,302.28327245939244
Simulation_000001,Graphite,3.1488392077208824,0.5573932834420607,0.3308483359640054,302.28206515005405
Simulation_000001,Graphite,3.1488392077208824,0.5667612377856248,0.3308483359640054,302.28111423111994
Simulation_000001,Graphite,3.1488392077208824,0.5761291921291889,0.3308483359640054,302.2803673999333
Simulation_000001,Graphite,3.1488392077208824,0.585497146472753,0.3308483359640054,302.27977962109173
Simulation_000001,Graphite,3.1488392077208824,0.5948651008163169,0.3308483359640054,302.27931253677724
Simulation_000001,Graphite,3.1488392077208824,0.604233055159881,0.3308483359640054,302.27893372551483
Simulation_000001,Graphite,3.1488392077208824,0.6136010095034451,0.3308483359640054,302.2786158973701
Simulation_000001,Graphite,3.1488392077208824,0.6229689638470091,0.3308483359640054,302.2783360902632
Simulation_000001,Graphite,3.1488392077208824,0.6323369181905731,0.3308483359640054,302.2780749131653
Simulation_000001,Graphite,3.1488392077208824,0.6417048725341372,0.3308483359640054,302.2778158666359
Simulation_000001,Graphite,3.1488392077208824,0.6510728268777013,0.3308483359640054,302.2775447588626
Simulation_000001,Graphite,3.1488392077208824,0.6604407812212653,0.3308483359640054,302.27724922560003
Simulation_000001,Graphite,3.1488392077208824,0.6698087355648293,0.3308483359640054,302.2769183548002
Simulation_000001,Graphite,3.1488392077208824,0.6791766899083934,0.3308483359640054,302.27654241093734
Simulation_000001,Graphite,3.1488392077208824,0.6885446442519574,0.3308483359640054,302.276112649768
Simulation_000001,Graphite,3.1488392077208824,0.6979125985955215,0.3308483359640054,302.2756212112932
Simulation_000001,Graphite,3.1488392077208824,0.7072805529390855,0.3308483359640054,302.2750610768026
Simulation_000001,Graphite,3.1488392077208824,0.7166485072826496,0.3308483359640054,302.274426074929
Simulation_000001,Graphite,3.1488392077208824,0.7260164616262136,0.3308483359640054,302.2737109215182
Simulation_000001,Graphite,3.1488392077208824,0.7353844159697777,0.3308483359640054,302.27291127873144
Simulation_000001,Graphite,3.1488392077208824,0.7447523703133417,0.3308483359640054,302.2720238200712
Simulation_000001,Graphite,3.1488392077208824,0.7541203246569057,0.3308483359640054,302.2710462898925
Simulation_000001,Graphite,3.1488392077208824,0.004683977171782023,0.33727257549728706,302.2783966398448
Simulation_000001,Graphite,3.1488392077208824,0.01405193151534607,0.33727257549728706,302.2783972677123
Simulation_000001,Graphite,3.1488392077208824,0.023419885858910118,0.33727257549728706,302.2783986385992
Simulation_000001,Graphite,3.1488392077208824,0.03278784020247416,0.33727257549728706,302.2784009984585
Simulation_000001,Graphite,3.1488392077208824,0.04215579454603821,0.33727257549728706,302.2784047566044
Simulation_000001,Graphite,3.1488392077208824,0.05152374888960226,0.33727257549728706,302.27841053769475
Simulation_000001,Graphite,3.1488392077208824,0.060891703233166304,0.33727257549728706,302.27841925690126
Simulation_000001,Graphite,3.1488392077208824,0.07025965757673035,0.33727257549728706,302.27843222322844
Simulation_000001,Graphite,3.1488392077208824,0.0796276119202944,0.33727257549728706,302.27845127705154
Simulation_000001,Graphite,3.1488392077208824,0.08899556626385845,0.33727257549728706,302.27847896885584
Simulation_000001,Graphite,3.1488392077208824,0.0983635206074225,0.33727257549728706,302.2785187867492
Simulation_000001,Graphite,3.1488392077208824,0.10773147495098653,0.33727257549728706,302.2785754404075
Simulation_000001,Graphite,3.1488392077208824,0.11709942929455058,0.33727257549728706,302.27865520846905
Simulation_000001,Graphite,3.1488392077208824,0.12646738363811463,0.33727257549728706,302.27876635475485
Simulation_000001,Graphite,3.1488392077208824,0.13583533798167866,0.33727257549728706,302.2789196157426
Simulation_000001,Graphite,3.1488392077208824,0.1452032923252427,0.33727257549728706,302.27912875713673
Simulation_000001,Graphite,3.1488392077208824,0.15457124666880676,0.33727257549728706,302.2794111907873
Simulation_000001,Graphite,3.1488392077208824,0.1639392010123708,0.33727257549728706,302.2797886342751
Simulation_000001,Graphite,3.1488392077208824,0.17330715535593486,0.33727257549728706,302.28028778379746
Simulation_000001,Graphite,3.1488392077208824,0.1826751096994989,0.33727257549728706,302.2809409561995
Simulation_000001,Graphite,3.1488392077208824,0.19204306404306296,0.33727257549728706,302.2817866376276
Simulation_000001,Graphite,3.1488392077208824,0.20141101838662698,0.33727257549728706,302.28286985379447
Simulation_000001,Graphite,3.1488392077208824,0.21077897273019103,0.33727257549728706,302.2842422495053
Simulation_000001,Graphite,3.1488392077208824,0.22014692707375508,0.33727257549728706,302.2859617319002
Simulation_000001,Graphite,3.1488392077208824,0.22951488141731913,0.33727257549728706,302.28809149159355
Simulation_000001,Graphite,3.1488392077208824,0.23888283576088318,0.33727257549728706,302.290698167292
Simulation_000001,Graphite,3.1488392077208824,0.24825079010444723,0.33727257549728706,302.29384886211415
Simulation_000001,Graphite,3.1488392077208824,0.2576187444480113,0.33727257549728706,302.29760665621126
Simulation_000001,Graphite,3.1488392077208824,0.2669866987915753,0.33727257549728706,302.30202420048596
Simulation_000001,Graphite,3.1488392077208824,0.2763546531351394,0.33727257549728706,302.307134947455
Simulation_000001,Graphite,3.1488392077208824,0.2857226074787034,0.33727257549728706,302.3129416397606
Simulation_000001,Graphite,3.1488392077208824,0.2950905618222675,0.33727257549728706,302.3194019602147
Simulation_000001,Graphite,3.1488392077208824,0.3044585161658315,0.33727257549728706,302.3264119732599
Simulation_000001,Graphite,3.1488392077208824,0.31382647050939555,0.33727257549728706,302.333789481568
Simulation_000001,Graphite,3.1488392077208824,0.3231944248529596,0.33727257549728706,302.34126196287264
Simulation_000001,Graphite,3.1488392077208824,0.33256237919652365,0.33727257549728706,302.3484670140172
Simulation_000001,Graphite,3.1488392077208824,0.3419303335400877,0.33727257549728706,302.35497504097424
Simulation_000001,Graphite,3.1488392077208824,0.35129828788365175,0.33727257549728706,302.360339180031
Simulation_000001,Graphite,3.1488392077208824,0.3606662422272158,0.33727257549728706,302.3641616226475
Simulation_000001,Graphite,3.1488392077208824,0.37003419657077985,0.33727257549728706,302.3661496527106
Simulation_000001,Graphite,3.1488392077208824,0.3794021509143439,0.33727257549728706,302.3661496416276
Simulation_000001,Graphite,3.1488392077208824,0.38877010525790795,0.33727257549728706,302.3641615867592
Simulation_000001,Graphite,3.1488392077208824,0.39813805960147197,0.33727257549728706,302.3603391109151
Simulation_000001,Graphite,3.1488392077208824,0.40750601394503605,0.33727257549728706,302.3549749228427
Simulation_000001,Graphite,3.1488392077208824,0.41687396828860007,0.33727257549728706,302.34846682083975
Simulation_000001,Graphite,3.1488392077208824,0.42624192263216415,0.33727257549728706,302.34126165382736
Simulation_000001,Graphite,3.1488392077208824,0.43560987697572817,0.33727257549728706,302.3337889942563
Simulation_000001,Graphite,3.1488392077208824,0.44497783131929225,0.33727257549728706,302.3264112138942
Simulation_000001,Graphite,3.1488392077208824,0.45434578566285627,0.33727257549728706,302.319400789725
Simulation_000001,Graphite,3.1488392077208824,0.4637137400064203,0.33727257549728706,302.3129398544482
Simulation_000001,Graphite,3.1488392077208824,0.47308169434998437,0.33727257549728706,302.30713225245495
Simulation_000001,Graphite,3.1488392077208824,0.4824496486935484,0.33727257549728706,302.30202017389195
Simulation_000001,Graphite,3.1488392077208824,0.49181760303711247,0.33727257549728706,302.29760070126656
Simulation_000001,Graphite,3.1488392077208824,0.5011855573806765,0.33727257549728706,302.2938401444141
Simulation_000001,Graphite,3.1488392077208824,0.5105535117242406,0.33727257549728706,302.29068553349737
Simulation_000001,Graphite,3.1488392077208824,0.5199214660678046,0.33727257549728706,302.2880733657718
Simulation_000001,Graphite,3.1488392077208824,0.5292894204113686,0.33727257549728706,302.28593598534025
Simulation_000001,Graphite,3.1488392077208824,0.5386573747549327,0.33727257549728706,302.28420603975803
Simulation_000001,Graphite,3.1488392077208824,0.5480253290984968,0.33727257549728706,302.28281942885536
Simulation_000001,Graphite,3.1488392077208824,0.5573932834420607,0.33727257549728706,302.28171710166384
Simulation_000001,Graphite,3.1488392077208824,0.5667612377856248,0.33727257549728706,302.28084599410704
Simulation_000001,Graphite,3.1488392077208824,0.5761291921291889,0.33727257549728706,302.28015934321706
Simulation_000001,Graphite,3.1488392077208824,0.585497146472753,0.33727257549728706,302.27961656552066
Simulation_000001,Graphite,3.1488392077208824,0.5948651008163169,0.33727257549728706,302.2791828474511
Simulation_000001,Graphite,3.1488392077208824,0.604233055159881,0.33727257549728706,302.2788285628894
Simulation_000001,Graphite,3.1488392077208824,0.6136010095034451,0.33727257549728706,302.2785286059317
Simulation_000001,Graphite,3.1488392077208824,0.6229689638470091,0.33727257549728706,302.2782617046851
Simulation_000001,Graphite,3.1488392077208824,0.6323369181905731,0.33727257549728706,302.27800976349965
Simulation_000001,Graphite,3.1488392077208824,0.6417048725341372,0.33727257549728706,302.2777572659788
Simulation_000001,Graphite,3.1488392077208824,0.6510728268777013,0.33727257549728706,302.27749075887823
Simulation_000001,Graphite,3.1488392077208824,0.6604407812212653,0.33727257549728706,302.27719842721496
Simulation_000001,Graphite,3.1488392077208824,0.6698087355648293,0.33727257549728706,302.2768697632126
Simulation_000001,Graphite,3.1488392077208824,0.6791766899083934,0.33727257549728706,302.27649532578596
Simulation_000001,Graphite,3.1488392077208824,0.6885446442519574,0.33727257549728706,302.2760665828546
Simulation_000001,Graphite,3.1488392077208824,0.6979125985955215,0.33727257549728706,302.2755758256218
Simulation_000001,Graphite,3.1488392077208824,0.7072805529390855,0.33727257549728706,302.2750161418954
Simulation_000001,Graphite,3.1488392077208824,0.7166485072826496,0.33727257549728706,302.2743814343967
Simulation_000001,Graphite,3.1488392077208824,0.7260164616262136,0.33727257549728706,302.27366646971427
Simulation_000001,Graphite,3.1488392077208824,0.7353844159697777,0.33727257549728706,302.2728669440092
Simulation_000001,Graphite,3.1488392077208824,0.7447523703133417,0.33727257549728706,302.27197955271197
Simulation_000001,Graphite,3.1488392077208824,0.7541203246569057,0.33727257549728706,302.2710020531925
Simulation_000001,Graphite,3.1488392077208824,0.004683977171782023,0.3436968150305687,302.27834307555855
Simulation_000001,Graphite,3.1488392077208824,0.01405193151534607,0.3436968150305687,302.2783436554308
Simulation_000001,Graphite,3.1488392077208824,0.023419885858910118,0.3436968150305687,302.27834492131643
Simulation_000001,Graphite,3.1488392077208824,0.03278784020247416,0.3436968150305687,302.2783470998635
Simulation_000001,Graphite,3.1488392077208824,0.04215579454603821,0.3436968150305687,302.2783505680978
Simulation_000001,Graphite,3.1488392077208824,0.05152374888960226,0.3436968150305687,302.2783559010775
Simulation_000001,Graphite,3.1488392077208824,0.060891703233166304,0.3436968150305687,302.2783639407218
Simulation_000001,Graphite,3.1488392077208824,0.07025965757673035,0.3436968150305687,302.27837589027683
Simulation_000001,Graphite,3.1488392077208824,0.0796276119202944,0.3436968150305687,302.2783934398377
Simulation_000001,Graphite,3.1488392077208824,0.08899556626385845,0.3436968150305687,302.27841892911044
Simulation_000001,Graphite,3.1488392077208824,0.0983635206074225,0.3436968150305687,302.2784555540277
Simulation_000001,Graphite,3.1488392077208824,0.10773147495098653,0.3436968150305687,302.27850762376767
Simulation_000001,Graphite,3.1488392077208824,0.11709942929455058,0.3436968150305687,302.27858087393645
Simulation_000001,Graphite,3.1488392077208824,0.12646738363811463,0.3436968150305687,302.2786828399107
Simulation_000001,Graphite,3.1488392077208824,0.13583533798167866,0.3436968150305687,302.2788232913062
Simulation_000001,Graphite,3.1488392077208824,0.1452032923252427,0.3436968150305687,302.27901472391864
Simulation_000001,Graphite,3.1488392077208824,0.15457124666880676,0.3436968150305687,302.27927289895064
Simulation_000001,Graphite,3.1488392077208824,0.1639392010123708,0.3436968150305687,302.2796174105704
Simulation_000001,Graphite,3.1488392077208824,0.17330715535593486,0.3436968150305687,302.2800722515197
Simulation_000001,Graphite,3.1488392077208824,0.1826751096994989,0.3436968150305687,302.2806663323095
Simulation_000001,Graphite,3.1488392077208824,0.19204306404306296,0.3436968150305687,302.2814338922129
Simulation_000001,Graphite,3.1488392077208824,0.20141101838662698,0.3436968150305687,302.2824147195003
Simulation_000001,Graphite,3.1488392077208824,0.21077897273019103,0.3436968150305687,302.28365407386013
Simulation_000001,Graphite,3.1488392077208824,0.22014692707375508,0.3436968150305687,302.2852021754619
Simulation_000001,Graphite,3.1488392077208824,0.22951488141731913,0.3436968150305687,302.2871130926071
Simulation_000001,Graphite,3.1488392077208824,0.23888283576088318,0.3436968150305687,302.2894428240104
Simulation_000001,Graphite,3.1488392077208824,0.24825079010444723,0.3436968150305687,302.29224633484773
Simulation_000001,Graphite,3.1488392077208824,0.2576187444480113,0.3436968150305687,302.2955732740882
Simulation_000001,Graphite,3.1488392077208824,0.2669866987915753,0.3436968150305687,302.29946208870444
Simulation_000001,Graphite,3.1488392077208824,0.2763546531351394,0.3436968150305687,302.3039322878348
Simulation_000001,Graphite,3.1488392077208824,0.2857226074787034,0.3436968150305687,302.3089747529401
Simulation_000001,Graphite,3.1488392077208824,0.2950905618222675,0.3436968150305687,302.31454033377537
Simulation_000001,Graphite,3.1488392077208824,0.3044585161658315,0.3436968150305687,302.3205276529421
Simulation_000001,Graphite,3.1488392077208824,0.31382647050939555,0.3436968150305687,302.3267722066155
Simulation_000001,Graphite,3.1488392077208824,0.3231944248529596,0.3436968150305687,302.33304048933576
Simulation_000001,Graphite,3.1488392077208824,0.33256237919652365,0.3436968150305687,302.3390344678076
Simulation_000001,Graphite,3.1488392077208824,0.3419303335400877,0.3436968150305687,302.3444117391267
Simulation_000001,Graphite,3.1488392077208824,0.35129828788365175,0.3436968150305687,302.3488226589514
Simulation_000001,Graphite,3.1488392077208824,0.3606662422272158,0.3436968150305687,302.35195687015437
Simulation_000001,Graphite,3.1488392077208824,0.37003419657077985,0.3436968150305687,302.3535846648583
Simulation_000001,Graphite,3.1488392077208824,0.3794021509143439,0.3436968150305687,302.3535846537755
Simulation_000001,Graphite,3.1488392077208824,0.38877010525790795,0.3436968150305687,302.3519568342662
Simulation_000001,Graphite,3.1488392077208824,0.39813805960147197,0.3436968150305687,302.3488225898359
Simulation_000001,Graphite,3.1488392077208824,0.40750601394503605,0.3436968150305687,302.34441162099586
Simulation_000001,Graphite,3.1488392077208824,0.41687396828860007,0.3436968150305687,302.33903427463116
Simulation_000001,Graphite,3.1488392077208824,0.42624192263216415,0.3436968150305687,302.33304018029213
Simulation_000001,Graphite,3.1488392077208824,0.43560987697572817,0.3436968150305687,302.3267717193064
Simulation_000001,Graphite,3.1488392077208824,0.44497783131929225,0.3436968150305687,302.3205268935804
Simulation_000001,Graphite,3.1488392077208824,0.45434578566285627,0.3436968150305687,302.31453916329195
Simulation_000001,Graphite,3.1488392077208824,0.4637137400064203,0.3436968150305687,302.3089729676372
Simulation_000001,Graphite,3.1488392077208824,0.47308169434998437,0.3436968150305687,302.3039295928488
Simulation_000001,Graphite,3.1488392077208824,0.4824496486935484,0.3436968150305687,302.2994580621311
Simulation_000001,Graphite,3.1488392077208824,0.49181760303711247,0.3436968150305687,302.29556731917387
Simulation_000001,Graphite,3.1488392077208824,0.5011855573806765,0.3436968150305687,302.29223761719135
Simulation_000001,Graphite,3.1488392077208824,0.5105535117242406,0.3436968150305687,302.28943019027804
Simulation_000001,Graphite,3.1488392077208824,0.5199214660678046,0.3436968150305687,302.2870949668733
Simulation_000001,Graphite,3.1488392077208824,0.5292894204113686,0.3436968150305687,302.28517642902455
Simulation_000001,Graphite,3.1488392077208824,0.5386573747549327,0.3436968150305687,302.2836178642817
Simulation_000001,Graphite,3.1488392077208824,0.5480253290984968,0.3436968150305687,302.28236429479136
Simulation_000001,Graphite,3.1488392077208824,0.5573932834420607,0.3436968150305687,302.28136435655904
Simulation_000001,Graphite,3.1488392077208824,0.5667612377856248,0.3436968150305687,302.2805713706295
Simulation_000001,Graphite,3.1488392077208824,0.5761291921291889,0.3436968150305687,302.27994381148204
Simulation_000001,Graphite,3.1488392077208824,0.585497146472753,0.3436968150305687,302.27944534252185
Simulation_000001,Graphite,3.1488392077208824,0.5948651008163169,0.3436968150305687,302.2790445565224
Simulation_000001,Graphite,3.1488392077208824,0.604233055159881,0.3436968150305687,302.278714530826
Simulation_000001,Graphite,3.1488392077208824,0.6136010095034451,0.3436968150305687,302.2784322829481
Simulation_000001,Graphite,3.1488392077208824,0.6229689638470091,0.3436968150305687,302.27817819165057
Simulation_000001,Graphite,3.1488392077208824,0.6323369181905731,0.3436968150305687,302.2779354312009
Simulation_000001,Graphite,3.1488392077208824,0.6417048725341372,0.3436968150305687,302.2776894520766
Simulation_000001,Graphite,3.1488392077208824,0.6510728268777013,0.3436968150305687,302.2774275294955
Simulation_000001,Graphite,3.1488392077208824,0.6604407812212653,0.3436968150305687,302.27713839153733
Simulation_000001,Graphite,3.1488392077208824,0.6698087355648293,0.3436968150305687,302.2768119309738
Simulation_000001,Graphite,3.1488392077208824,0.6791766899083934,0.3436968150305687,302.27643899898294
Simulation_000001,Graphite,3.1488392077208824,0.6885446442519574,0.3436968150305687,302.2760112744132
Simulation_000001,Graphite,3.1488392077208824,0.6979125985955215,0.3436968150305687,302.27552119899985
Simulation_000001,Graphite,3.1488392077208824,0.7072805529390855,0.3436968150305687,302.2749619667246
Simulation_000001,Graphite,3.1488392077208824,0.7166485072826496,0.3436968150305687,302.27432755423604
Simulation_000001,Graphite,3.1488392077208824,0.7260164616262136,0.3436968150305687,302.2736127788001
Simulation_000001,Graphite,3.1488392077208824,0.7353844159697777,0.3436968150305687,302.2728133705592
Simulation_000001,Graphite,3.1488392077208824,0.7447523703133417,0.3436968150305687,302.27192604687417
Simulation_000001,Graphite,3.1488392077208824,0.7541203246569057,0.3436968150305687,302.27094857813574
Simulation_000001,Graphite,3.1488392077208824,0.004683977171782023,0.3501210545638504,302.2782788436042
Simulation_000001,Graphite,3.1488392077208824,0.01405193151534607,0.3501210545638504,302.2782793759267
Simulation_000001,Graphite,3.1488392077208824,0.023419885858910118,0.3501210545638504,302.2782805378086
Simulation_000001,Graphite,3.1488392077208824,0.03278784020247416,0.3501210545638504,302.2782825368268
Simulation_000001,Graphite,3.1488392077208824,0.04215579454603821,0.3501210545638504,302.2782857181295
Simulation_000001,Graphite,3.1488392077208824,0.05152374888960226,0.3501210545638504,302.27829060784137
Simulation_000001,Graphite,3.1488392077208824,0.060891703233166304,0.3501210545638504,302.2782979756813
Simulation_000001,Graphite,3.1488392077208824,0.07025965757673035,0.3501210545638504,302.27830892076963
Simulation_000001,Graphite,3.1488392077208824,0.0796276119202944,0.3501210545638504,302.27832498542915
Simulation_000001,Graphite,3.1488392077208824,0.08899556626385845,0.3501210545638504,302.2783483024048
Simulation_000001,Graphite,3.1488392077208824,0.0983635206074225,0.3501210545638504,302.2783817812242
Simulation_000001,Graphite,3.1488392077208824,0.10773147495098653,0.3501210545638504,302.2784293392247
Simulation_000001,Graphite,3.1488392077208824,0.11709942929455058,0.3501210545638504,302.27849618187787
Simulation_000001,Graphite,3.1488392077208824,0.12646738363811463,0.3501210545638504,302.2785891352056
Simulation_000001,Graphite,3.1488392077208824,0.13583533798167866,0.3501210545638504,302.27871703003336
Simulation_000001,Graphite,3.1488392077208824,0.1452032923252427,0.3501210545638504,302.2788911332717
Simulation_000001,Graphite,3.1488392077208824,0.15457124666880676,0.3501210545638504,302.27912561506685
Simulation_000001,Graphite,3.1488392077208824,0.1639392010123708,0.3501210545638504,302.27943803223343
Simulation_000001,Graphite,3.1488392077208824,0.17330715535593486,0.3501210545638504,302.27984979763585
Simulation_000001,Graphite,3.1488392077208824,0.1826751096994989,0.3501210545638504,302.2803865919145
Simulation_000001,Graphite,3.1488392077208824,0.19204306404306296,0.3501210545638504,302.2810786580416
Simulation_000001,Graphite,3.1488392077208824,0.20141101838662698,0.3501210545638504,302.2819609005963
Simulation_000001,Graphite,3.1488392077208824,0.21077897273019103,0.3501210545638504,302.2830726904841
Simulation_000001,Graphite,3.1488392077208824,0.22014692707375508,0.3501210545638504,302.2844572524746
Simulation_000001,Graphite,3.1488392077208824,0.22951488141731913,0.3501210545638504,302.2861604882865
Simulation_000001,Graphite,3.1488392077208824,0.23888283576088318,0.3501210545638504,302.288229064005
Simulation_000001,Graphite,3.1488392077208824,0.24825079010444723,0.3501210545638504,302.2907075714599
Simulation_000001,Graphite,3.1488392077208824,0.2576187444480113,0.3501210545638504,302.2936345669518
Simulation_000001,Graphite,3.1488392077208824,0.2669866987915753,0.3501210545638504,302.29703731264493
Simulation_000001,Graphite,3.1488392077208824,0.2763546531351394,0.3501210545638504,302.30092512302605
Simulation_000001,Graphite,3.1488392077208824,0.2857226074787034,0.3501210545638504,302.30528139500257
Simulation_000001,Graphite,3.1488392077208824,0.2950905618222675,0.3501210545638504,302.3100547386468
Simulation_000001,Graphite,3.1488392077208824,0.3044585161658315,0.3501210545638504,302.31515019753215
Simulation_000001,Graphite,3.1488392077208824,0.31382647050939555,0.3501210545638504,302.3204223854921
Simulation_000001,Graphite,3.1488392077208824,0.3231944248529596,0.3501210545638504,302.32567334885334
Simulation_000001,Graphite,3.1488392077208824,0.33256237919652365,0.3501210545638504,302.33065862033015
Simulation_000001,Graphite,3.1488392077208824,0.3419303335400877,0.3501210545638504,302.3351043026236
Simulation_000001,Graphite,3.1488392077208824,0.35129828788365175,0.3501210545638504,302.3387350233215
Simulation_000001,Graphite,3.1488392077208824,0.3606662422272158,0.3501210545638504,302.3413075721074
Simulation_000001,Graphite,3.1488392077208824,0.37003419657077985,0.3501210545638504,302.3426416417561
Simulation_000001,Graphite,3.1488392077208824,0.3794021509143439,0.3501210545638504,302.3426416306732
Simulation_000001,Graphite,3.1488392077208824,0.38877010525790795,0.3501210545638504,302.3413075362196
Simulation_000001,Graphite,3.1488392077208824,0.39813805960147197,0.3501210545638504,302.3387349542064
Simulation_000001,Graphite,3.1488392077208824,0.40750601394503605,0.3501210545638504,302.33510418449356
Simulation_000001,Graphite,3.1488392077208824,0.41687396828860007,0.3501210545638504,302.330658427155
Simulation_000001,Graphite,3.1488392077208824,0.42624192263216415,0.3501210545638504,302.3256730398118
Simulation_000001,Graphite,3.1488392077208824,0.43560987697572817,0.3501210545638504,302.3204218981863
Simulation_000001,Graphite,3.1488392077208824,0.44497783131929225,0.3501210545638504,302.31514943817535
Simulation_000001,Graphite,3.1488392077208824,0.45434578566285627,0.3501210545638504,302.31005356817104
Simulation_000001,Graphite,3.1488392077208824,0.4637137400064203,0.3501210545638504,302.3052796097111
Simulation_000001,Graphite,3.1488392077208824,0.47308169434998437,0.3501210545638504,302.3009224280572
Simulation_000001,Graphite,3.1488392077208824,0.4824496486935484,0.3501210545638504,302.29703328609696
Simulation_000001,Graphite,3.1488392077208824,0.49181760303711247,0.3501210545638504,302.2936286120745
Simulation_000001,Graphite,3.1488392077208824,0.5011855573806765,0.3501210545638504,302.290698853857
Simulation_000001,Graphite,3.1488392077208824,0.5105535117242406,0.3501210545638504,302.28821643034894
Simulation_000001,Graphite,3.1488392077208824,0.5199214660678046,0.3501210545638504,302.28614236266037
Simulation_000001,Graphite,3.1488392077208824,0.5292894204113686,0.3501210545638504,302.2844315061874
Simulation_000001,Graphite,3.1488392077208824,0.5386573747549327,0.3501210545638504,302.28303648111273
Simulation_000001,Graphite,3.1488392077208824,0.5480253290984968,0.3501210545638504,302.2819104761696
Simulation_000001,Graphite,3.1488392077208824,0.5573932834420607,0.3501210545638504,302.28100912276824
Simulation_000001,Graphite,3.1488392077208824,0.5667612377856248,0.3501210545638504,302.2802916307413
Simulation_000001,Graphite,3.1488392077208824,0.5761291921291889,0.3501210545638504,302.27972135826553
Simulation_000001,Graphite,3.1488392077208824,0.585497146472753,0.3501210545638504,302.27926596505364
Simulation_000001,Graphite,3.1488392077208824,0.5948651008163169,0.3501210545638504,302.27889727375646
Simulation_000001,Graphite,3.1488392077208824,0.604233055159881,0.3501210545638504,302.27859094160135
Simulation_000001,Graphite,3.1488392077208824,0.6136010095034451,0.3501210545638504,302.2783260234649
Simulation_000001,Graphite,3.1488392077208824,0.6229689638470091,0.3501210545638504,302.278084489174
Simulation_000001,Graphite,3.1488392077208824,0.6323369181905731,0.3501210545638504,302.2778507418904
Simulation_000001,Graphite,3.1488392077208824,0.6417048725341372,0.3501210545638504,302.27761117089426
Simulation_000001,Graphite,3.1488392077208824,0.6510728268777013,0.3501210545638504,302.27735376077607
Simulation_000001,Graphite,3.1488392077208824,0.6604407812212653,0.3501210545638504,302.2770677697782
Simulation_000001,Graphite,3.1488392077208824,0.6698087355648293,0.3501210545638504,302.27674348256204
Simulation_000001,Graphite,3.1488392077208824,0.6791766899083934,0.3501210545638504,302.27637203679467
Simulation_000001,Graphite,3.1488392077208824,0.6885446442519574,0.3501210545638504,302.27594531843033
Simulation_000001,Graphite,3.1488392077208824,0.6979125985955215,0.3501210545638504,302.2754559172215
Simulation_000001,Graphite,3.1488392077208824,0.7072805529390855,0.3501210545638504,302.2748971316823
Simulation_000001,Graphite,3.1488392077208824,0.7166485072826496,0.3501210545638504,302.27426301132476
Simulation_000001,Graphite,3.1488392077208824,0.7260164616262136,0.3501210545638504,302.27354842341015
Simulation_000001,Graphite,3.1488392077208824,0.7353844159697777,0.3501210545638504,302.27274913163114
Simulation_000001,Graphite,3.1488392077208824,0.7447523703133417,0.3501210545638504,302.27186187501354
Simulation_000001,Graphite,3.1488392077208824,0.7541203246569057,0.3501210545638504,302.27088443681833
Simulation_000001,Graphite,3.1488392077208824,0.004683977171782023,0.35654529409713204,302.27820232384164
Simulation_000001,Graphite,3.1488392077208824,0.01405193151534607,0.35654529409713204,302.27820280958
Simulation_000001,Graphite,3.1488392077208824,0.023419885858910118,0.35654529409713204,302.2782038695936
Simulation_000001,Graphite,3.1488392077208824,0.03278784020247416,0.35654529409713204,302.27820569283176
Simulation_000001,Graphite,3.1488392077208824,0.04215579454603821,0.35654529409713204,302.27820859332513
Simulation_000001,Graphite,3.1488392077208824,0.05152374888960226,0.35654529409713204,302.2782130494695
Simulation_000001,Graphite,3.1488392077208824,0.060891703233166304,0.35654529409713204,302.2782197606282
Simulation_000001,Graphite,3.1488392077208824,0.07025965757673035,0.35654529409713204,302.2782297245723
Simulation_000001,Graphite,3.1488392077208824,0.0796276119202944,0.35654529409713204,302.2782443399819
Simulation_000001,Graphite,3.1488392077208824,0.08899556626385845,0.35654529409713204,302.2782655387279
Simulation_000001,Graphite,3.1488392077208824,0.0983635206074225,0.35654529409713204,302.2782959528352
Simulation_000001,Graphite,3.1488392077208824,0.10773147495098653,0.35654529409713204,302.27833912072714
Simulation_000001,Graphite,3.1488392077208824,0.11709942929455058,0.35654529409713204,302.27839973638515
Simulation_000001,Graphite,3.1488392077208824,0.12646738363811463,0.35654529409713204,302.27848394319494
Simulation_000001,Graphite,3.1488392077208824,0.13583533798167866,0.35654529409713204,302.278599671247
Simulation_000001,Graphite,3.1488392077208824,0.1452032923252427,0.35654529409713204,302.2787570124511
Simulation_000001,Graphite,3.1488392077208824,0.15457124666880676,0.35654529409713204,302.2789686217638
Simulation_000001,Graphite,3.1488392077208824,0.1639392010123708,0.35654529409713204,302.27925012487935
Simulation_000001,Graphite,3.1488392077208824,0.17330715535593486,0.35654529409713204,302.2796205027383
Simulation_000001,Graphite,3.1488392077208824,0.1826751096994989,0.35654529409713204,302.280102411062
Simulation_000001,Graphite,3.1488392077208824,0.19204306404306296,0.35654529409713204,302.28072237885965
Simulation_000001,Graphite,3.1488392077208824,0.20141101838662698,0.35654529409713204,302.28151081366923
Simulation_000001,Graphite,3.1488392077208824,0.21077897273019103,0.35654529409713204,302.28250172363835
Simulation_000001,Graphite,3.1488392077208824,0.22014692707375508,0.35654529409713204,302.2837320482838
Simulation_000001,Graphite,3.1488392077208824,0.22951488141731913,0.35654529409713204,302.28524047245367
Simulation_000001,Graphite,3.1488392077208824,0.23888283576088318,0.35654529409713204,302.2870655844298
Simulation_000001,Graphite,3.1488392077208824,0.24825079010444723,0.35654529409713204,302.28924323415043
Simulation_000001,Graphite,3.1488392077208824,0.2576187444480113,0.35654529409713204,302.29180295961083
Simulation_000001,Graphite,3.1488392077208824,0.2669866987915753,0.35654529409713204,302.29476339256206
Simulation_000001,Graphite,3.1488392077208824,0.2763546531351394,0.35654529409713204,302.2981266504023
Simulation_000001,Graphite,3.1488392077208824,0.2857226074787034,0.35654529409713204,302.3018719003846
Simulation_000001,Graphite,3.1488392077208824,0.2950905618222675,0.35654529409713204,302.3059485812298
Simulation_000001,Graphite,3.1488392077208824,0.3044585161658315,0.35654529409713204,302.31027021211105
Simulation_000001,Graphite,3.1488392077208824,0.31382647050939555,0.35654529409713204,302.3147102862614
Simulation_000001,Graphite,3.1488392077208824,0.3231944248529596,0.35654529409713204,302.31910229044587
Simulation_000001,Graphite,3.1488392077208824,0.33256237919652365,0.35654529409713204,302.32324605953676
Simulation_000001,Graphite,3.1488392077208824,0.3419303335400877,0.35654529409713204,302.3269219173191
Simulation_000001,Graphite,3.1488392077208824,0.35129828788365175,0.35654529409713204,302.3299119541273
Simulation_000001,Graphite,3.1488392077208824,0.3606662422272158,0.35654529409713204,302.3320248572483
Simulation_000001,Graphite,3.1488392077208824,0.37003419657077985,0.35654529409713204,302.3331189138028
Simulation_000001,Graphite,3.1488392077208824,0.3794021509143439,0.35654529409713204,302.33311890272006
Simulation_000001,Graphite,3.1488392077208824,0.38877010525790795,0.35654529409713204,302.3320248213607
Simulation_000001,Graphite,3.1488392077208824,0.39813805960147197,0.35654529409713204,302.32991188501285
Simulation_000001,Graphite,3.1488392077208824,0.40750601394503605,0.35654529409713204,302.32692179918996
Simulation_000001,Graphite,3.1488392077208824,0.41687396828860007,0.35654529409713204,302.32324586636315
Simulation_000001,Graphite,3.1488392077208824,0.42624192263216415,0.35654529409713204,302.31910198140685
Simulation_000001,Graphite,3.1488392077208824,0.43560987697572817,0.35654529409713204,302.3147097989594
Simulation_000001,Graphite,3.1488392077208824,0.44497783131929225,0.35654529409713204,302.31026945276034
Simulation_000001,Graphite,3.1488392077208824,0.45434578566285627,0.35654529409713204,302.3059474107633
Simulation_000001,Graphite,3.1488392077208824,0.4637137400064203,0.35654529409713204,302.301870115107
Simulation_000001,Graphite,3.1488392077208824,0.47308169434998437,0.35654529409713204,302.29812395545434
Simulation_000001,Graphite,3.1488392077208824,0.4824496486935484,0.35654529409713204,302.29475936604484
Simulation_000001,Graphite,3.1488392077208824,0.49181760303711247,0.35654529409713204,302.29179700477846
Simulation_000001,Graphite,3.1488392077208824,0.5011855573806765,0.35654529409713204,302.2892345166125
Simulation_000001,Graphite,3.1488392077208824,0.5105535117242406,0.35654529409713204,302.2870529508665
Simulation_000001,Graphite,3.1488392077208824,0.5199214660678046,0.35654529409713204,302.2852223469585
Simulation_000001,Graphite,3.1488392077208824,0.5292894204113686,0.35654529409713204,302.2837063021794
Simulation_000001,Graphite,3.1488392077208824,0.5386573747549327,0.35654529409713204,302.28246551451934
Simulation_000001,Graphite,3.1488392077208824,0.5480253290984968,0.35654529409713204,302.28146038958704
Simulation_000001,Graphite,3.1488392077208824,0.5573932834420607,0.35654529409713204,302.2806528440508
Simulation_000001,Graphite,3.1488392077208824,0.5667612377856248,0.35654529409713204,302.2800074505081
Simulation_000001,Graphite,3.1488392077208824,0.5761291921291889,0.35654529409713204,302.2794920641843
Simulation_000001,Graphite,3.1488392077208824,0.585497146472753,0.35654529409713204,302.2790780587629
Simulation_000001,Graphite,3.1488392077208824,0.5948651008163169,0.35654529409713204,302.27874028182265
Simulation_000001,Graphite,3.1488392077208824,0.604233055159881,0.35654529409713204,302.27845682252376
Simulation_000001,Graphite,3.1488392077208824,0.6136010095034451,0.35654529409713204,302.2782086668727
Simulation_000001,Graphite,3.1488392077208824,0.6229689638470091,0.35654529409713204,302.2779792998955
Simulation_000001,Graphite,3.1488392077208824,0.6323369181905731,0.35654529409713204,302.27775429976504
Simulation_000001,Graphite,3.1488392077208824,0.6417048725341372,0.35654529409713204,302.27752095650874
Simulation_000001,Graphite,3.1488392077208824,0.6510728268777013,0.35654529409713204,302.27726793737037
Simulation_000001,Graphite,3.1488392077208824,0.6604407812212653,0.35654529409713204,302.2769850121088
Simulation_000001,Graphite,3.1488392077208824,0.6698087355648293,0.35654529409713204,302.27666284434486
Simulation_000001,Graphite,3.1488392077208824,0.6791766899083934,0.35654529409713204,302.2762928493269
Simulation_000001,Graphite,3.1488392077208824,0.6885446442519574,0.35654529409713204,302.2758671140203
Simulation_000001,Graphite,3.1488392077208824,0.6979125985955215,0.35654529409713204,302.27537837205404
Simulation_000001,Graphite,3.1488392077208824,0.7072805529390855,0.35654529409713204,302.27482002368333
Simulation_000001,Graphite,3.1488392077208824,0.7166485072826496,0.35654529409713204,302.27418618941834
Simulation_000001,Graphite,3.1488392077208824,0.7260164616262136,0.35654529409713204,302.273471785282
Simulation_000001,Graphite,3.1488392077208824,0.7353844159697777,0.35654529409713204,302.2726726077161
Simulation_000001,Graphite,3.1488392077208824,0.7447523703133417,0.35654529409713204,302.2717854169075
Simulation_000001,Graphite,3.1488392077208824,0.7541203246569057,0.35654529409713204,302.27080800869356
Simulation_000001,Graphite,3.1488392077208824,0.004683977171782023,0.3629695336304137,302.27811169774606
Simulation_000001,Graphite,3.1488392077208824,0.01405193151534607,0.3629695336304137,302.27811213832365
Simulation_000001,Graphite,3.1488392077208824,0.023419885858910118,0.3629695336304137,302.27811309960447
Simulation_000001,Graphite,3.1488392077208824,0.03278784020247416,0.3629695336304137,302.27811475253674
Simulation_000001,Graphite,3.1488392077208824,0.04215579454603821,0.3629695336304137,302.2781173810972
Simulation_000001,Graphite,3.1488392077208824,0.05152374888960226,0.3629695336304137,302.2781214176222
Simulation_000001,Graphite,3.1488392077208824,0.060891703233166304,0.3629695336304137,302.2781274936481
Simulation_000001,Graphite,3.1488392077208824,0.07025965757673035,0.3629695336304137,302.27813650935474
Simulation_000001,Graphite,3.1488392077208824,0.0796276119202944,0.3629695336304137,302.2781497252929
Simulation_000001,Graphite,3.1488392077208824,0.08899556626385845,0.3629695336304137,302.2781688804704
Simulation_000001,Graphite,3.1488392077208824,0.0983635206074225,0.3629695336304137,302.2781963409478
Simulation_000001,Graphite,3.1488392077208824,0.10773147495098653,0.3629695336304137,302.27823528272353
Simulation_000001,Graphite,3.1488392077208824,0.11709942929455058,0.3629695336304137,302.27828991167684
Simulation_000001,Graphite,3.1488392077208824,0.12646738363811463,0.3629695336304137,302.27836572149397
Simulation_000001,Graphite,3.1488392077208824,0.13583533798167866,0.3629695336304137,302.2784697875984
Simulation_000001,Graphite,3.1488392077208824,0.1452032923252427,0.3629695336304137,302.2786110909095
Simulation_000001,Graphite,3.1488392077208824,0.15457124666880676,0.3629695336304137,302.2788008595685
Simulation_000001,Graphite,3.1488392077208824,0.1639392010123708,0.3629695336304137,302.27905290940083
Simulation_000001,Graphite,3.1488392077208824,0.17330715535593486,0.3629695336304137,302.27938395475803
Simulation_000001,Graphite,3.1488392077208824,0.1826751096994989,0.3629695336304137,302.279813850482
Simulation_000001,Graphite,3.1488392077208824,0.19204306404306296,0.3629695336304137,302.28036571323616
Simulation_000001,Graphite,3.1488392077208824,0.20141101838662698,0.3629695336304137,302.28106585673277
Simulation_000001,Graphite,3.1488392077208824,0.21077897273019103,0.3629695336304137,302.28194346114975
Simulation_000001,Graphite,3.1488392077208824,0.22014692707375508,0.3629695336304137,302.2830298834739
Simulation_000001,Graphite,3.1488392077208824,0.22951488141731913,0.3629695336304137,302.2843575045577
Simulation_000001,Graphite,3.1488392077208824,0.23888283576088318,0.3629695336304137,302.2859580034728
Simulation_000001,Graphite,3.1488392077208824,0.24825079010444723,0.3629695336304137,302.2878599552561
Simulation_000001,Graphite,3.1488392077208824,0.2576187444480113,0.3629695336304137,302.2900856721093
Simulation_000001,Graphite,3.1488392077208824,0.2669866987915753,0.3629695336304137,302.29264726203655
Simulation_000001,Graphite,3.1488392077208824,0.2763546531351394,0.3629695336304137,302.2955419787036
Simulation_000001,Graphite,3.1488392077208824,0.2857226074787034,0.3629695336304137,302.2987471011166
Simulation_000001,Graphite,3.1488392077208824,0.2950905618222675,0.3629695336304137,302.30221482831547
Simulation_000001,Graphite,3.1488392077208824,0.3044585161658315,0.3629695336304137,302.3058680024338
Simulation_000001,Graphite,3.1488392077208824,0.31382647050939555,0.3629695336304137,302.3095978378725
Simulation_000001,Graphite,3.1488392077208824,0.3231944248529596,0.3629695336304137,302.3132651051417
Simulation_000001,Graphite,3.1488392077208824,0.33256237919652365,0.3629695336304137,302.3167061547456
Simulation_000001,Graphite,3.1488392077208824,0.3419303335400877,0.3629695336304137,302.3197444735902
Simulation_000001,Graphite,3.1488392077208824,0.35129828788365175,0.3629695336304137,302.3222070223808
Simulation_000001,Graphite,3.1488392077208824,0.3606662422272158,0.3629695336304137,302.3239428359868
Simulation_000001,Graphite,3.1488392077208824,0.37003419657077985,0.3629695336304137,302.32484034085417
Simulation_000001,Graphite,3.1488392077208824,0.3794021509143439,0.3629695336304137,302.32484032977146
Simulation_000001,Graphite,3.1488392077208824,0.38877010525790795,0.3629695336304137,302.3239428000996
Simulation_000001,Graphite,3.1488392077208824,0.39813805960147197,0.3629695336304137,302.3222069532669
Simulation_000001,Graphite,3.1488392077208824,0.40750601394503605,0.3629695336304137,302.3197443554624
Simulation_000001,Graphite,3.1488392077208824,0.41687396828860007,0.3629695336304137,302.31670596157386
Simulation_000001,Graphite,3.1488392077208824,0.42624192263216415,0.3629695336304137,302.31326479610567
Simulation_000001,Graphite,3.1488392077208824,0.43560987697572817,0.3629695336304137,302.3095973505752
Simulation_000001,Graphite,3.1488392077208824,0.44497783131929225,0.3629695336304137,302.3058672430903
Simulation_000001,Graphite,3.1488392077208824,0.45434578566285627,0.3629695336304137,302.30221365786
Simulation_000001,Graphite,3.1488392077208824,0.4637137400064203,0.3629695336304137,302.2987453158559
Simulation_000001,Graphite,3.1488392077208824,0.47308169434998437,0.3629695336304137,302.29553928378084
Simulation_000001,Graphite,3.1488392077208824,0.4824496486935484,0.3629695336304137,302.2926432355565
Simulation_000001,Graphite,3.1488392077208824,0.49181760303711247,0.3629695336304137,302.29007971733125
Simulation_000001,Graphite,3.1488392077208824,0.5011855573806765,0.3629695336304137,302.28785123779664
Simulation_000001,Graphite,3.1488392077208824,0.5105535117242406,0.3629695336304137,302.28594537002164
Simulation_000001,Graphite,3.1488392077208824,0.5199214660678046,0.3629695336304137,302.28433937922114
Simulation_000001,Graphite,3.1488392077208824,0.5292894204113686,0.3629695336304137,302.2830041375911
Simulation_000001,Graphite,3.1488392077208824,0.5386573747549327,0.3629695336304137,302.28190725233685
Simulation_000001,Graphite,3.1488392077208824,0.5480253290984968,0.3629695336304137,302.2810154330685
Simulation_000001,Graphite,3.1488392077208824,0.5573932834420607,0.3629695336304137,302.2802961789915
Simulation_000001,Graphite,3.1488392077208824,0.5667612377856248,0.3629695336304137,302.279718890681
Simulation_000001,Graphite,3.1488392077208824,0.5761291921291889,0.3629695336304137,302.27925551719716
Simulation_000001,Graphite,3.1488392077208824,0.585497146472753,0.3629695336304137,302.27888084457925
Simulation_000001,Graphite,3.1488392077208824,0.5948651008163169,0.3629695336304137,302.2785725212963
Simulation_000001,Graphite,3.1488392077208824,0.604233055159881,0.3629695336304137,302.2783109031083
Simulation_000001,Graphite,3.1488392077208824,0.6136010095034451,0.3629695336304137,302.27807878590187
Simulation_000001,Graphite,3.1488392077208824,0.6229689638470091,0.3629695336304137,302.2778610815298
Simulation_000001,Graphite,3.1488392077208824,0.6323369181905731,0.3629695336304137,302.27764447916655
Simulation_000001,Graphite,3.1488392077208824,0.6417048725341372,0.3629695336304137,302.27741712351934
Simulation_000001,Graphite,3.1488392077208824,0.6510728268777013,0.3629695336304137,302.27716833154716
Simulation_000001,Graphite,3.1488392077208824,0.6604407812212653,0.3629695336304137,302.27688836113566
Simulation_000001,Graphite,3.1488392077208824,0.6698087355648293,0.3629695336304137,302.2765682383712
Simulation_000001,Graphite,3.1488392077208824,0.6791766899083934,0.3629695336304137,302.27619964453834
Simulation_000001,Graphite,3.1488392077208824,0.6885446442519574,0.3629695336304137,302.27577485959176
Simulation_000001,Graphite,3.1488392077208824,0.6979125985955215,0.3629695336304137,302.2752867555091
Simulation_000001,Graphite,3.1488392077208824,0.7072805529390855,0.3629695336304137,302.274728830508
Simulation_000001,Graphite,3.1488392077208824,0.7166485072826496,0.3629695336304137,302.27409527353876
Simulation_000001,Graphite,3.1488392077208824,0.7260164616262136,0.3629695336304137,302.2733810476757
Simulation_000001,Graphite,3.1488392077208824,0.7353844159697777,0.3629695336304137,302.2725819809858
Simulation_000001,Graphite,3.1488392077208824,0.7447523703133417,0.3629695336304137,302.27169485410434
Simulation_000001,Graphite,3.1488392077208824,0.7541203246569057,0.3629695336304137,302.27071747502714
Simulation_000001,Graphite,3.1488392077208824,0.004683977171782023,0.36939377316369537,302.27800494412554
Simulation_000001,Graphite,3.1488392077208824,0.01405193151534607,0.36939377316369537,302.2780053413557
Simulation_000001,Graphite,3.1488392077208824,0.023419885858910118,0.36939377316369537,302.2780062078915
Simulation_000001,Graphite,3.1488392077208824,0.03278784020247416,0.36939377316369537,302.27800769745863
Simulation_000001,Graphite,3.1488392077208824,0.04215579454603821,0.36939377316369537,302.2780100652989
Simulation_000001,Graphite,3.1488392077208824,0.05152374888960226,0.36939377316369537,302.278013699747
Simulation_000001,Graphite,3.1488392077208824,0.060891703233166304,0.36939377316369537,302.27801916760967
Simulation_000001,Graphite,3.1488392077208824,0.07025965757673035,0.36939377316369537,302.2780272760437
Simulation_000001,Graphite,3.1488392077208824,0.0796276119202944,0.36939377316369537,302.2780391541208
Simulation_000001,Graphite,3.1488392077208824,0.08899556626385845,0.36939377316369537,302.27805635756243
Simulation_000001,Graphite,3.1488392077208824,0.0983635206074225,0.36939377316369537,302.2780810001302
Simulation_000001,Graphite,3.1488392077208824,0.10773147495098653,0.36939377316369537,302.2781159147269
Simulation_000001,Graphite,3.1488392077208824,0.11709942929455058,0.36939377316369537,302.2781648462482
Simulation_000001,Graphite,3.1488392077208824,0.12646738363811463,0.36939377316369537,302.278232676427
Simulation_000001,Graphite,3.1488392077208824,0.13583533798167866,0.36939377316369537,302.2783256781556
Simulation_000001,Graphite,3.1488392077208824,0.1452032923252427,0.36939377316369537,302.2784517928388
Simulation_000001,Graphite,3.1488392077208824,0.15457124666880676,0.36939377316369537,302.2786209190743
Simulation_000001,Graphite,3.1488392077208824,0.1639392010123708,0.36939377316369537,302.27884519424293
Simulation_000001,Graphite,3.1488392077208824,0.17330715535593486,0.36939377316369537,302.27913924238646
Simulation_000001,Graphite,3.1488392077208824,0.1826751096994989,0.36939377316369537,302.2795203521563
Simulation_000001,Graphite,3.1488392077208824,0.19204306404306296,0.36939377316369537,302.28000853788615
Simulation_000001,Graphite,3.1488392077208824,0.20141101838662698,0.36939377316369537,302.280626425512
Simulation_000001,Graphite,3.1488392077208824,0.21077897273019103,0.36939377316369537,302.2813988939853
Simulation_000001,Graphite,3.1488392077208824,0.22014692707375508,0.36939377316369537,302.2823523933874
Simulation_000001,Graphite,3.1488392077208824,0.22951488141731913,0.36939377316369537,302.2835138552267
Simulation_000001,Graphite,3.1488392077208824,0.23888283576088318,0.36939377316369537,302.2849091115253
Simulation_000001,Graphite,3.1488392077208824,0.24825079010444723,0.36939377316369537,302.28656075186836
Simulation_000001,Graphite,3.1488392077208824,0.2576187444480113,0.36939377316369537,302.2884853781323
Simulation_000001,Graphite,3.1488392077208824,0.2669866987915753,0.36939377316369537,302.2906902738835
Simulation_000001,Graphite,3.1488392077208824,0.2763546531351394,0.36939377316369537,302.2931696000449
Simulation_000001,Graphite,3.1488392077208824,0.2857226074787034,0.36939377316369537,302.2959003705752
Simulation_000001,Graphite,3.1488392077208824,0.2950905618222675,0.36939377316369537,302.29883865571134
Simulation_000001,Graphite,3.1488392077208824,0.3044585161658315,0.36939377316369537,302.30191669238866
Simulation_000001,Graphite,3.1488392077208824,0.31382647050939555,0.36939377316369537,302.30504180330246
Simulation_000001,Graphite,3.1488392077208824,0.3231944248529596,0.36939377316369537,302.3080981359713
Simulation_000001,Graphite,3.1488392077208824,0.33256237919652365,0.36939377316369537,302.31095207721876
Simulation_000001,Graphite,3.1488392077208824,0.3419303335400877,0.36939377316369537,302.3134616273349
Simulation_000001,Graphite,3.1488392077208824,0.35129828788365175,0.36939377316369537,302.31548902877313
Simulation_000001,Graphite,3.1488392077208824,0.3606662422272158,0.36939377316369537,302.31691484683535
Simulation_000001,Graphite,3.1488392077208824,0.37003419657077985,0.36939377316369537,302.31765107570016
Simulation_000001,Graphite,3.1488392077208824,0.3794021509143439,0.36939377316369537,302.3176510646176
Simulation_000001,Graphite,3.1488392077208824,0.38877010525790795,0.36939377316369537,302.31691481094856
Simulation_000001,Graphite,3.1488392077208824,0.39813805960147197,0.36939377316369537,302.31548895966006
Simulation_000001,Graphite,3.1488392077208824,0.40750601394503605,0.36939377316369537,302.31346150920837
Simulation_000001,Graphite,3.1488392077208824,0.41687396828860007,0.36939377316369537,302.3109518840493
Simulation_000001,Graphite,3.1488392077208824,0.42624192263216415,0.36939377316369537,302.3080978269389
Simulation_000001,Graphite,3.1488392077208824,0.43560987697572817,0.36939377316369537,302.30504131601083
Simulation_000001,Graphite,3.1488392077208824,0.44497783131929225,0.36939377316369537,302.30191593305403
Simulation_000001,Graphite,3.1488392077208824,0.45434578566285627,0.36939377316369537,302.2988374852692
Simulation_000001,Graphite,3.1488392077208824,0.4637137400064203,0.36939377316369537,302.2958985853347
Simulation_000001,Graphite,3.1488392077208824,0.47308169434998437,0.36939377316369537,302.2931669051522
Simulation_000001,Graphite,3.1488392077208824,0.4824496486935484,0.36939377316369537,302.29068624744815
Simulation_000001,Graphite,3.1488392077208824,0.49181760303711247,0.36939377316369537,302.2884794234196
Simulation_000001,Graphite,3.1488392077208824,0.5011855573806765,0.36939377316369537,302.2865520345033
Simulation_000001,Graphite,3.1488392077208824,0.5105535117242406,0.36939377316369537,302.28489647820925
Simulation_000001,Graphite,3.1488392077208824,0.5199214660678046,0.36939377316369537,302.2834957300812
Simulation_000001,Graphite,3.1488392077208824,0.5292894204113686,0.36939377316369537,302.2823266477716
Simulation_000001,Graphite,3.1488392077208824,0.5386573747549327,0.36939377316369537,302.2813626855416
Simulation_000001,Graphite,3.1488392077208824,0.5480253290984968,0.36939377316369537,302.28057600235235
Simulation_000001,Graphite,3.1488392077208824,0.5573932834420607,0.36939377316369537,302.2799390043233
Simulation_000001,Graphite,3.1488392077208824,0.5667612377856248,0.36939377316369537,302.27942539326597
Simulation_000001,Graphite,3.1488392077208824,0.5761291921291889,0.36939377316369537,302.27901080602794
Simulation_000001,Graphite,3.1488392077208824,0.585497146472753,0.36939377316369537,302.2786731309904
Simulation_000001,Graphite,3.1488392077208824,0.5948651008163169,0.36939377316369537,302.2783925828261
Simulation_000001,Graphite,3.1488392077208824,0.604233055159881,0.36939377316369537,302.27815160761844
Simulation_000001,Graphite,3.1488392077208824,0.6136010095034451,0.36939377316369537,302.27793467971213
Simulation_000001,Graphite,3.1488392077208824,0.6229689638470091,0.36939377316369537,302.27772804051637
Simulation_000001,Graphite,3.1488392077208824,0.6323369181905731,0.36939377316369537,302.2775194187336
Simulation_000001,Graphite,3.1488392077208824,0.6417048725341372,0.36939377316369537,302.27729776161493
Simulation_000001,Graphite,3.1488392077208824,0.6510728268777013,0.36939377316369537,302.2770529980881
Simulation_000001,Graphite,3.1488392077208824,0.6604407812212653,0.36939377316369537,302.27677584704367
Simulation_000001,Graphite,3.1488392077208824,0.6698087355648293,0.36939377316369537,302.2764576776986
Simulation_000001,Graphite,3.1488392077208824,0.6791766899083934,0.36939377316369537,302.2760904237
Simulation_000001,Graphite,3.1488392077208824,0.6885446442519574,0.36939377316369537,302.27566654840246
Simulation_000001,Graphite,3.1488392077208824,0.6979125985955215,0.36939377316369537,302.2751790554631
Simulation_000001,Graphite,3.1488392077208824,0.7072805529390855,0.36939377316369537,302.27462153646735
Simulation_000001,Graphite,3.1488392077208824,0.7166485072826496,0.36939377316369537,302.2739882456715
Simulation_000001,Graphite,3.1488392077208824,0.7260164616262136,0.36939377316369537,302.27327419109054
Simulation_000001,Graphite,3.1488392077208824,0.7353844159697777,0.36939377316369537,302.27247523102284
Simulation_000001,Graphite,3.1488392077208824,0.7447523703133417,0.36939377316369537,302.2715881656625
Simulation_000001,Graphite,3.1488392077208824,0.7541203246569057,0.36939377316369537,302.27061081464
Simulation_000001,Graphite,3.1488392077208824,0.004683977171782023,0.375818012696977,302.2778798367037
Simulation_000001,Graphite,3.1488392077208824,0.01405193151534607,0.375818012696977,302.2778801927197
Simulation_000001,Graphite,3.1488392077208824,0.023419885858910118,0.375818012696977,302.27788096919585
Simulation_000001,Graphite,3.1488392077208824,0.03278784020247416,0.375818012696977,302.27788230353804
Simulation_000001,Graphite,3.1488392077208824,0.04215579454603821,0.375818012696977,302.277884423776
Simulation_000001,Graphite,3.1488392077208824,0.05152374888960226,0.375818012696977,302.2778876766112
Simulation_000001,Graphite,3.1488392077208824,0.060891703233166304,0.375818012696977,302.2778925676687
Simulation_000001,Graphite,3.1488392077208824,0.07025965757673035,0.375818012696977,302.27789981629024
Simulation_000001,Graphite,3.1488392077208824,0.0796276119202944,0.375818012696977,302.2779104276056
Simulation_000001,Graphite,3.1488392077208824,0.08899556626385845,0.375818012696977,302.27792578483684
Simulation_000001,Graphite,3.1488392077208824,0.0983635206074225,0.375818012696977,302.27794776473206
Simulation_000001,Graphite,3.1488392077208824,0.10773147495098653,0.375818012696977,302.2779788785597
Simulation_000001,Graphite,3.1488392077208824,0.11709942929455058,0.375818012696977,302.2780224400949
Simulation_000001,Graphite,3.1488392077208824,0.12646738363811463,0.375818012696977,302.27808276031453
Simulation_000001,Graphite,3.1488392077208824,0.13583533798167866,0.375818012696977,302.2781653659319
Simulation_000001,Graphite,3.1488392077208824,0.1452032923252427,0.375818012696977,302.2782772352772
Simulation_000001,Graphite,3.1488392077208824,0.15457124666880676,0.375818012696977,302.2784270402405
Simulation_000001,Graphite,3.1488392077208824,0.1639392010123708,0.375818012696977,302.2786253769569
Simulation_000001,Graphite,3.1488392077208824,0.17330715535593486,0.375818012696977,302.2788849606683
Simulation_000001,Graphite,3.1488392077208824,0.1826751096994989,0.375818012696977,302.27922075187905
Simulation_000001,Graphite,3.1488392077208824,0.19204306404306296,0.375818012696977,302.2796499718988
Simulation_000001,Graphite,3.1488392077208824,0.20141101838662698,0.375818012696977,302.28019195673215
Simulation_000001,Graphite,3.1488392077208824,0.21077897273019103,0.375818012696977,302.2808677899882
Simulation_000001,Graphite,3.1488392077208824,0.22014692707375508,0.375818012696977,302.28169964947426
Simulation_000001,Graphite,3.1488392077208824,0.22951488141731913,0.375818012696977,302.28270980046125
Simulation_000001,Graphite,3.1488392077208824,0.23888283576088318,0.375818012696977,302.28391917416616
Simulation_000001,Graphite,3.1488392077208824,0.24825079010444723,0.375818012696977,302.28534548675134
Simulation_000001,Graphite,3.1488392077208824,0.2576187444480113,0.375818012696977,302.2870008872311
Simulation_000001,Graphite,3.1488392077208824,0.2669866987915753,0.375818012696977,302.2888891782965
Simulation_000001,Graphite,3.1488392077208824,0.2763546531351394,0.375818012696977,302.2910027384878
Simulation_000001,Graphite,3.1488392077208824,0.2857226074787034,0.375818012696977,302.29331939135403
Simulation_000001,Graphite,3.1488392077208824,0.2950905618222675,0.375818012696977,302.29579961405113
Simulation_000001,Graphite,3.1488392077208824,0.3044585161658315,0.375818012696977,302.2983846360159
Simulation_000001,Graphite,3.1488392077208824,0.31382647050939555,0.375818012696977,302.3009961047848
Simulation_000001,Graphite,3.1488392077208824,0.3231944248529596,0.375818012696977,302.30353801674084
Simulation_000001,Graphite,3.1488392077208824,0.33256237919652365,0.375818012696977,302.30590143143536
Simulation_000001,Graphite,3.1488392077208824,0.3419303335400877,0.375818012696977,302.3079720396803
Simulation_000001,Graphite,3.1488392077208824,0.35129828788365175,0.375818012696977,302.30963997456297
Simulation_000001,Graphite,3.1488392077208824,0.3606662422272158,0.375818012696977,302.3108105527881
Simulation_000001,Graphite,3.1488392077208824,0.37003419657077985,0.375818012696977,302.31141423854274
Simulation_000001,Graphite,3.1488392077208824,0.3794021509143439,0.375818012696977,302.3114142274604
Simulation_000001,Graphite,3.1488392077208824,0.38877010525790795,0.375818012696977,302.31081051690177
Simulation_000001,Graphite,3.1488392077208824,0.39813805960147197,0.375818012696977,302.30963990545087
Simulation_000001,Graphite,3.1488392077208824,0.40750601394503605,0.375818012696977,302.30797192155535
Simulation_000001,Graphite,3.1488392077208824,0.41687396828860007,0.375818012696977,302.30590123826863
Simulation_000001,Graphite,3.1488392077208824,0.42624192263216415,0.375818012696977,302.30353770771274
Simulation_000001,Graphite,3.1488392077208824,0.43560987697572817,0.375818012696977,302.30099561749995
Simulation_000001,Graphite,3.1488392077208824,0.44497783131929225,0.375818012696977,302.2983838766916
Simulation_000001,Graphite,3.1488392077208824,0.45434578566285627,0.375818012696977,302.295798443625
Simulation_000001,Graphite,3.1488392077208824,0.4637137400064203,0.375818012696977,302.2933176061376
Simulation_000001,Graphite,3.1488392077208824,0.47308169434998437,0.375818012696977,302.2910000436312
Simulation_000001,Graphite,3.1488392077208824,0.4824496486935484,0.375818012696977,302.2888851519145
Simulation_000001,Graphite,3.1488392077208824,0.49181760303711247,0.375818012696977,302.2869949325965
Simulation_000001,Graphite,3.1488392077208824,0.5011855573806765,0.375818012696977,302.28533676949934
Simulation_000001,Graphite,3.1488392077208824,0.5105535117242406,0.375818012696977,302.2839065410119
Simulation_000001,Graphite,3.1488392077208824,0.5199214660678046,0.375818012696977,302.2826916755446
Simulation_000001,Graphite,3.1488392077208824,0.5292894204113686,0.375818012696977,302.2816739041788
Simulation_000001,Graphite,3.1488392077208824,0.5386573747549327,0.375818012696977,302.2808315819875
Simulation_000001,Graphite,3.1488392077208824,0.5480253290984968,0.375818012696977,302.28014153417854
Simulation_000001,Graphite,3.1488392077208824,0.5573932834420607,0.375818012696977,302.2795804391555
Simulation_000001,Graphite,3.1488392077208824,0.5667612377856248,0.375818012696977,302.27912579408445
Simulation_000001,Graphite,3.1488392077208824,0.5761291921291889,0.375818012696977,302.27875652575784
Simulation_000001,Graphite,3.1488392077208824,0.585497146472753,0.375818012696977,302.27845331559615
Simulation_000001,Graphite,3.1488392077208824,0.5948651008163169,0.375818012696977,302.2781987064351
Simulation_000001,Graphite,3.1488392077208824,0.604233055159881,0.375818012696977,302.27797705317454
Simulation_000001,Graphite,3.1488392077208824,0.6136010095034451,0.375818012696977,302.2777743714214
Simulation_000001,Graphite,3.1488392077208824,0.6229689638470091,0.375818012696977,302.27757812930867
Simulation_000001,Graphite,3.1488392077208824,0.6323369181905731,0.375818012696977,302.2773770186276
Simulation_000001,Graphite,3.1488392077208824,0.6417048725341372,0.375818012696977,302.2771607328224
Simulation_000001,Graphite,3.1488392077208824,0.6510728268777013,0.375818012696977,302.276919771591
Simulation_000001,Graphite,3.1488392077208824,0.6604407812212653,0.375818012696977,302.2766452849626
Simulation_000001,Graphite,3.1488392077208824,0.6698087355648293,0.375818012696977,302.276328963818
Simulation_000001,Graphite,3.1488392077208824,0.6791766899083934,0.375818012696977,302.2759629788704
Simulation_000001,Graphite,3.1488392077208824,0.6885446442519574,0.375818012696977,302.2755399660718
Simulation_000001,Graphite,3.1488392077208824,0.6979125985955215,0.375818012696977,302.2750530531997
Simulation_000001,Graphite,3.1488392077208824,0.7072805529390855,0.375818012696977,302.2744959199676
Simulation_000001,Graphite,3.1488392077208824,0.7166485072826496,0.375818012696977,302.27386288234516
Simulation_000001,Graphite,3.1488392077208824,0.7260164616262136,0.375818012696977,302.27314899085707
Simulation_000001,Graphite,3.1488392077208824,0.7353844159697777,0.375818012696977,302.2723501324197
Simulation_000001,Graphite,3.1488392077208824,0.7447523703133417,0.375818012696977,302.27146312575326
Simulation_000001,Graphite,3.1488392077208824,0.7541203246569057,0.375818012696977,302.2704858015132
Simulation_000001,Graphite,3.1488392077208824,0.004683977171782023,0.38224225223025865,302.2777339441186
Simulation_000001,Graphite,3.1488392077208824,0.01405193151534607,0.38224225223025865,302.2777342613037
Simulation_000001,Graphite,3.1488392077208824,0.023419885858910118,0.38224225223025865,302.2777349529494
Simulation_000001,Graphite,3.1488392077208824,0.03278784020247416,0.38224225223025865,302.27773614113806
Simulation_000001,Graphite,3.1488392077208824,0.04215579454603821,0.38224225223025865,302.277738028366
Simulation_000001,Graphite,3.1488392077208824,0.05152374888960226,0.38224225223025865,302.2777409223028
Simulation_000001,Graphite,3.1488392077208824,0.060891703233166304,0.38224225223025865,302.27774527127633
Simulation_000001,Graphite,3.1488392077208824,0.07025965757673035,0.38224225223025865,302.27775171249226
Simulation_000001,Graphite,3.1488392077208824,0.0796276119202944,0.38224225223025865,302.27776113532036
Simulation_000001,Graphite,3.1488392077208824,0.08899556626385845,0.38224225223025865,302.2777747621362
Simulation_000001,Graphite,3.1488392077208824,0.0983635206074225,0.38224225223025865,302.27779424909613
Simulation_000001,Graphite,3.1488392077208824,0.10773147495098653,0.38224225223025865,302.2778218087515
Simulation_000001,Graphite,3.1488392077208824,0.11709942929455058,0.38224225223025865,302.2778603554352
Simulation_000001,Graphite,3.1488392077208824,0.12646738363811463,0.38224225223025865,302.27791367274887
Simulation_000001,Graphite,3.1488392077208824,0.13583533798167866,0.38224225223025865,302.2779866000874
Simulation_000001,Graphite,3.1488392077208824,0.1452032923252427,0.38224225223025865,302.2780852318414
Simulation_000001,Graphite,3.1488392077208824,0.15457124666880676,0.38224225223025865,302.2782171186078
Simulation_000001,Graphite,3.1488392077208824,0.1639392010123708,0.38224225223025865,302.2783914543956
Simulation_000001,Graphite,3.1488392077208824,0.17330715535593486,0.38224225223025865,302.2786192274945
Simulation_000001,Graphite,3.1488392077208824,0.1826751096994989,0.38224225223025865,302.2789133055902
Simulation_000001,Graphite,3.1488392077208824,0.19204306404306296,0.38224225223025865,302.2792884182525
Simulation_000001,Graphite,3.1488392077208824,0.20141101838662698,0.38224225223025865,302.2797609927489
Simulation_000001,Graphite,3.1488392077208824,0.21077897273019103,0.38224225223025865,302.2803487932106
Simulation_000001,Graphite,3.1488392077208824,0.22014692707375508,0.38224225223025865,302.2810703099018
Simulation_000001,Graphite,3.1488392077208824,0.22951488141731913,0.38224225223025865,302.28194384662
Simulation_000001,Graphite,3.1488392077208824,0.23888283576088318,0.38224225223025865,302.2829862626328
Simulation_000001,Graphite,3.1488392077208824,0.24825079010444723,0.38224225223025865,302.2842113442495
Simulation_000001,Graphite,3.1488392077208824,0.2576187444480113,0.38224225223025865,302.2856278139582
Simulation_000001,Graphite,3.1488392077208824,0.2669866987915753,0.38224225223025865,302.2872370360298
Simulation_000001,Graphite,3.1488392077208824,0.2763546531351394,0.38224225223025865,302.2890305496948
Simulation_000001,Graphite,3.1488392077208824,0.2857226074787034,0.38224225223025865,302.29098765444036
Simulation_000001,Graphite,3.1488392077208824,0.2950905618222675,0.38224225223025865,302.2930733799378
Simulation_000001,Graphite,3.1488392077208824,0.3044585161658315,0.38224225223025865,302.29523727713274
Simulation_000001,Graphite,3.1488392077208824,0.31382647050939555,0.38224225223025865,302.29741353222806
Simulation_000001,Graphite,3.1488392077208824,0.3231944248529596,0.38224225223025865,302.2995228804402
Simulation_000001,Graphite,3.1488392077208824,0.33256237919652365,0.38224225223025865,302.3014766262062
Simulation_000001,Graphite,3.1488392077208824,0.3419303335400877,0.38224225223025865,302.3031827330106
Simulation_000001,Graphite,3.1488392077208824,0.35129828788365175,0.38224225223025865,302.3045534734207
Simulation_000001,Graphite,3.1488392077208824,0.3606662422272158,0.38224225223025865,302.30551366983315
Simulation_000001,Graphite,3.1488392077208824,0.37003419657077985,0.38224225223025865,302.30600829903847
Simulation_000001,Graphite,3.1488392077208824,0.3794021509143439,0.38224225223025865,302.3060082879564
Simulation_000001,Graphite,3.1488392077208824,0.38877010525790795,0.38224225223025865,302.30551363394744
Simulation_000001,Graphite,3.1488392077208824,0.39813805960147197,0.38224225223025865,302.3045534043098
Simulation_000001,Graphite,3.1488392077208824,0.40750601394503605,0.38224225223025865,302.30318261488765
Simulation_000001,Graphite,3.1488392077208824,0.41687396828860007,0.38224225223025865,302.30147643304264
Simulation_000001,Graphite,3.1488392077208824,0.42624192263216415,0.38224225223025865,302.2995225714172
Simulation_000001,Graphite,3.1488392077208824,0.43560987697572817,0.38224225223025865,302.29741304495116
Simulation_000001,Graphite,3.1488392077208824,0.44497783131929225,0.38224225223025865,302.29523651782085
Simulation_000001,Graphite,3.1488392077208824,0.45434578566285627,0.38224225223025865,302.2930722095306
Simulation_000001,Graphite,3.1488392077208824,0.4637137400064203,0.38224225223025865,302.29098586925255
Simulation_000001,Graphite,3.1488392077208824,0.47308169434998437,0.38224225223025865,302.2890278548811
Simulation_000001,Graphite,3.1488392077208824,0.4824496486935484,0.38224225223025865,302.2872330097113
Simulation_000001,Graphite,3.1488392077208824,0.49181760303711247,0.38224225223025865,302.2856218594165
Simulation_000001,Graphite,3.1488392077208824,0.5011855573806765,0.38224225223025865,302.2842026271322
Simulation_000001,Graphite,3.1488392077208824,0.5105535117242406,0.38224225223025865,302.2829736296712
Simulation_000001,Graphite,3.1488392077208824,0.5199214660678046,0.38224225223025865,302.2819257219761
Simulation_000001,Graphite,3.1488392077208824,0.5292894204113686,0.38224225223025865,302.28104456498835
Simulation_000001,Graphite,3.1488392077208824,0.5386573747549327,0.38224225223025865,302.2803125857389
Simulation_000001,Graphite,3.1488392077208824,0.5480253290984968,0.38224225223025865,302.2797105709193
Simulation_000001,Graphite,3.1488392077208824,0.5573932834420607,0.38224225223025865,302.27921888648945
Simulation_000001,Graphite,3.1488392077208824,0.5667612377856248,0.38224225223025865,302.27881834910744
Simulation_000001,Graphite,3.1488392077208824,0.5761291921291889,0.38224225223025865,302.2784907943194
Simulation_000001,Graphite,3.1488392077208824,0.585497146472753,0.38224225223025865,302.27821939530423
Simulation_000001,Graphite,3.1488392077208824,0.5948651008163169,0.38224225223025865,302.27798878773586
Simulation_000001,Graphite,3.1488392077208824,0.604233055159881,0.38224225223025865,302.2777850534867
Simulation_000001,Graphite,3.1488392077208824,0.6136010095034451,0.38224225223025865,302.27759561030996
Simulation_000001,Graphite,3.1488392077208824,0.6229689638470091,0.38224225223025865,302.27740904765056
Simulation_000001,Graphite,3.1488392077208824,0.6323369181905731,0.38224225223025865,302.27721494125694
Simulation_000001,Graphite,3.1488392077208824,0.6417048725341372,0.38224225223025865,302.27700367190624
Simulation_000001,Graphite,3.1488392077208824,0.6510728268777013,0.38224225223025865,302.27676626668546
Simulation_000001,Graphite,3.1488392077208824,0.6604407812212653,0.38224225223025865,302.27649427508055
Simulation_000001,Graphite,3.1488392077208824,0.6698087355648293,0.38224225223025865,302.27617968671177
Simulation_000001,Graphite,3.1488392077208824,0.6791766899083934,0.38224225223025865,302.275814892925
Simulation_000001,Graphite,3.1488392077208824,0.6885446442519574,0.38224225223025865,302.27539269059884
Simulation_000001,Graphite,3.1488392077208824,0.6979125985955215,0.38224225223025865,302.27490632342295
Simulation_000001,Graphite,3.1488392077208824,0.7072805529390855,0.38224225223025865,302.27434955352317
Simulation_000001,Graphite,3.1488392077208824,0.7166485072826496,0.38224225223025865,302.27371675464656
Simulation_000001,Graphite,3.1488392077208824,0.7260164616262136,0.38224225223025865,302.27300301715337
Simulation_000001,Graphite,3.1488392077208824,0.7353844159697777,0.38224225223025865,302.2722042547975
Simulation_000001,Graphite,3.1488392077208824,0.7447523703133417,0.38224225223025865,302.27131730368166
Simulation_000001,Graphite,3.1488392077208824,0.7541203246569057,0.38224225223025865,302.27034000480927
Simulation_000001,Graphite,3.1488392077208824,0.004683977171782023,0.38866649176354034,302.2775646328553
Simulation_000001,Graphite,3.1488392077208824,0.01405193151534607,0.38866649176354034,302.27756491377374
Simulation_000001,Graphite,3.1488392077208824,0.023419885858910118,0.38866649176354034,302.27756552621173
Simulation_000001,Graphite,3.1488392077208824,0.03278784020247416,0.38866649176354034,302.2775665779901
Simulation_000001,Graphite,3.1488392077208824,0.04215579454603821,0.38866649176354034,302.27756824785695
Simulation_000001,Graphite,3.1488392077208824,0.05152374888960226,0.38866649176354034,302.2775708072115
Simulation_000001,Graphite,3.1488392077208824,0.060891703233166304,0.38866649176354034,302.27757465119606
Simulation_000001,Graphite,3.1488392077208824,0.07025965757673035,0.38866649176354034,302.2775803408703
Simulation_000001,Graphite,3.1488392077208824,0.0796276119202944,0.38866649176354034,302.2775886584437
Simulation_000001,Graphite,3.1488392077208824,0.08899556626385845,0.38866649176354034,302.27760067764
Simulation_000001,Graphite,3.1488392077208824,0.0983635206074225,0.38866649176354034,302.27761785113154
Simulation_000001,Graphite,3.1488392077208824,0.10773147495098653,0.38866649176354034,302.27764211650253
Simulation_000001,Graphite,3.1488392077208824,0.11709942929455058,0.38866649176354034,302.27767602128625
Simulation_000001,Graphite,3.1488392077208824,0.12646738363811463,0.38866649176354034,302.2777228661269
Simulation_000001,Graphite,3.1488392077208824,0.13583533798167866,0.38866649176354034,302.27778686294613
Simulation_000001,Graphite,3.1488392077208824,0.1452032923252427,0.38866649176354034,302.27787330202324
Simulation_000001,Graphite,3.1488392077208824,0.15457124666880676,0.38866649176354034,302.2779887180782
Simulation_000001,Graphite,3.1488392077208824,0.1639392010123708,0.38866649176354034,302.2781410407686
Simulation_000001,Graphite,3.1488392077208824,0.17330715535593486,0.38866649176354034,302.278339709582
Simulation_000001,Graphite,3.1488392077208824,0.1826751096994989,0.38866649176354034,302.2785957271516
Simulation_000001,Graphite,3.1488392077208824,0.19204306404306296,0.38866649176354034,302.27892161898194
Simulation_000001,Graphite,3.1488392077208824,0.20141101838662698,0.38866649176354034,302.27933126207205
Simulation_000001,Graphite,3.1488392077208824,0.21077897273019103,0.38866649176354034,302.27983954093577
Simulation_000001,Graphite,3.1488392077208824,0.22014692707375508,0.38866649176354034,302.2804617883162
Simulation_000001,Graphite,3.1488392077208824,0.22951488141731913,0.38866649176354034,302.28121297117525
Simulation_000001,Graphite,3.1488392077208824,0.23888283576088318,0.38866649176354034,302.28210659243916
Simulation_000001,Graphite,3.1488392077208824,0.24825079010444723,0.38866649176354034,302.28315329797965
Simulation_000001,Graphite,3.1488392077208824,0.2576187444480113,0.38866649176354034,302.28435920908856
Simulation_000001,Graphite,3.1488392077208824,0.2669866987915753,0.38866649176354034,302.2857240455432
Simulation_000001,Graphite,3.1488392077208824,0.2763546531351394,0.38866649176354034,302.28723916418664
Simulation_000001,Graphite,3.1488392077208824,0.2857226074787034,0.38866649176354034,302.2888857105122
Simulation_000001,Graphite,3.1488392077208824,0.2950905618222675,0.38866649176354034,302.29063315812544
Simulation_000001,Graphite,3.1488392077208824,0.3044585161658315,0.38866649176354034,302.292438576716
Simulation_000001,Graphite,3.1488392077208824,0.31382647050939555,0.38866649176354034,302.29424699667885
Simulation_000001,Graphite,3.1488392077208824,0.3231944248529596,0.38866649176354034,302.2959931935413
Simulation_000001,Graphite,3.1488392077208824,0.33256237919652365,0.38866649176354034,302.2976050667144
Simulation_000001,Graphite,3.1488392077208824,0.3419303335400877,0.38866649176354034,302.2990085273076
Simulation_000001,Graphite,3.1488392077208824,0.35129828788365175,0.38866649176354034,302.3001334787876
Simulation_000001,Graphite,3.1488392077208824,0.3606662422272158,0.38866649176354034,302.3009201663385
Simulation_000001,Graphite,3.1488392077208824,0.37003419657077985,0.38866649176354034,302.30132500009273
Simulation_000001,Graphite,3.1488392077208824,0.3794021509143439,0.38866649176354034,302.3013249890107
Simulation_000001,Graphite,3.1488392077208824,0.38877010525790795,0.38866649176354034,302.30092013045356
Simulation_000001,Graphite,3.1488392077208824,0.39813805960147197,0.38866649176354034,302.300133409678
Simulation_000001,Graphite,3.1488392077208824,0.40750601394503605,0.38866649176354034,302.29900840918697
Simulation_000001,Graphite,3.1488392077208824,0.41687396828860007,0.38866649176354034,302.2976048735547
Simulation_000001,Graphite,3.1488392077208824,0.42624192263216415,0.38866649176354034,302.29599288452425
Simulation_000001,Graphite,3.1488392077208824,0.43560987697572817,0.38866649176354034,302.29424650941127
Simulation_000001,Graphite,3.1488392077208824,0.44497783131929225,0.38866649176354034,302.2924378174187
Simulation_000001,Graphite,3.1488392077208824,0.45434578566285627,0.38866649176354034,302.29063198774054
Simulation_000001,Graphite,3.1488392077208824,0.4637137400064203,0.38866649176354034,302.28888392535816
Simulation_000001,Graphite,3.1488392077208824,0.47308169434998437,0.38866649176354034,302.28723646942353
Simulation_000001,Graphite,3.1488392077208824,0.4824496486935484,0.38866649176354034,302.28572001929973
Simulation_000001,Graphite,3.1488392077208824,0.49181760303711247,0.38866649176354034,302.2843532546568
Simulation_000001,Graphite,3.1488392077208824,0.5011855573806765,0.38866649176354034,302.28314458102153
Simulation_000001,Graphite,3.1488392077208824,0.5105535117242406,0.38866649176354034,302.28209395970583
Simulation_000001,Graphite,3.1488392077208824,0.5199214660678046,0.38866649176354034,302.28119484685493
Simulation_000001,Graphite,3.1488392077208824,0.5292894204113686,0.38866649176354034,302.280436043856
Simulation_000001,Graphite,3.1488392077208824,0.5386573747549327,0.38866649176354034,302.27980333409226
Simulation_000001,Graphite,3.1488392077208824,0.5480253290984968,0.38866649176354034,302.27928084110334
Simulation_000001,Graphite,3.1488392077208824,0.5573932834420607,0.38866649176354034,302.27885208838507
Simulation_000001,Graphite,3.1488392077208824,0.5667612377856248,0.38866649176354034,302.278500772231
Simulation_000001,Graphite,3.1488392077208824,0.5761291921291889,0.38866649176354034,302.2782112784758
Simulation_000001,Graphite,3.1488392077208824,0.585497146472753,0.38866649176354034,302.27796898438595
Simulation_000001,Graphite,3.1488392077208824,0.5948651008163169,0.38866649176354034,302.2777603907116
Simulation_000001,Graphite,3.1488392077208824,0.604233055159881,0.38866649176354034,302.2775731281524
Simulation_000001,Graphite,3.1488392077208824,0.6136010095034451,0.38866649176354034,302.27739587883735
Simulation_000001,Graphite,3.1488392077208824,0.6229689638470091,0.38866649176354034,302.27721824811164
Simulation_000001,Graphite,3.1488392077208824,0.6323369181905731,0.38866649176354034,302.2770306158551
Simulation_000001,Graphite,3.1488392077208824,0.6417048725341372,0.38866649176354034,302.2768239903354
Simulation_000001,Graphite,3.1488392077208824,0.6510728268777013,0.38866649176354034,302.2765898816096
Simulation_000001,Graphite,3.1488392077208824,0.6604407812212653,0.38866649176354034,302.2763202059748
Simulation_000001,Graphite,3.1488392077208824,0.6698087355648293,0.38866649176354034,302.2760072280325
Simulation_000001,Graphite,3.1488392077208824,0.6791766899083934,0.38866649176354034,302.2756435426406
Simulation_000001,Graphite,3.1488392077208824,0.6885446442519574,0.38866649176354034,302.275222095389
Simulation_000001,Graphite,3.1488392077208824,0.6979125985955215,0.38866649176354034,302.27473623725
Simulation_000001,Graphite,3.1488392077208824,0.7072805529390855,0.38866649176354034,302.27417980672976
Simulation_000001,Graphite,3.1488392077208824,0.7166485072826496,0.38866649176354034,302.27354723118253
Simulation_000001,Graphite,3.1488392077208824,0.7260164616262136,0.38866649176354034,302.27283363796187
Simulation_000001,Graphite,3.1488392077208824,0.7353844159697777,0.38866649176354034,302.27203496576004
Simulation_000001,Graphite,3.1488392077208824,0.7447523703133417,0.38866649176354034,302.2711480668393
Simulation_000001,Graphite,3.1488392077208824,0.7541203246569057,0.38866649176354034,302.2701707918255
Simulation_000001,Graphite,3.1488392077208824,0.004683977171782023,0.395090731296822,302.27736907357274
Simulation_000001,Graphite,3.1488392077208824,0.01405193151534607,0.395090731296822,302.2773693209054
Simulation_000001,Graphite,3.1488392077208824,0.023419885858910118,0.395090731296822,302.27736986001
Simulation_000001,Graphite,3.1488392077208824,0.03278784020247416,0.395090731296822,302.2773707855473
Simulation_000001,Graphite,3.1488392077208824,0.04215579454603821,0.395090731296822,302.2773722543653
Simulation_000001,Graphite,3.1488392077208824,0.05152374888960226,0.395090731296822,302.2773745044456
Simulation_000001,Graphite,3.1488392077208824,0.060891703233166304,0.395090731296822,302.27737788198186
Simulation_000001,Graphite,3.1488392077208824,0.07025965757673035,0.395090731296822,302.2773828780433
Simulation_000001,Graphite,3.1488392077208824,0.0796276119202944,0.395090731296822,302.2773901764858
Simulation_000001,Graphite,3.1488392077208824,0.08899556626385845,0.395090731296822,302.2774007148258
Simulation_000001,Graphite,3.1488392077208824,0.0983635206074225,0.395090731296822,302.27741575963574
Simulation_000001,Graphite,3.1488392077208824,0.10773147495098653,0.395090731296822,302.2774369975583
Simulation_000001,Graphite,3.1488392077208824,0.11709942929455058,0.395090731296822,302.277466642179
Simulation_000001,Graphite,3.1488392077208824,0.12646738363811463,0.395090731296822,302.2775075556347
Simulation_000001,Graphite,3.1488392077208824,0.13583533798167866,0.395090731296822,302.27756338188266
Simulation_000001,Graphite,3.1488392077208824,0.1452032923252427,0.395090731296822,302.2776386859107
Simulation_000001,Graphite,3.1488392077208824,0.15457124666880676,0.395090731296822,302.27773908982516
Simulation_000001,Graphite,3.1488392077208824,0.1639392010123708,0.395090731296822,302.27787139270237
Simulation_000001,Graphite,3.1488392077208824,0.17330715535593486,0.395090731296822,302.2780436564855
Simulation_000001,Graphite,3.1488392077208824,0.1826751096994989,0.395090731296822,302.2782652352779
Simulation_000001,Graphite,3.1488392077208824,0.19204306404306296,0.395090731296822,302.27854672056577
Simulation_000001,Graphite,3.1488392077208824,0.20141101838662698,0.395090731296822,302.2788997708205
Simulation_000001,Graphite,3.1488392077208824,0.21077897273019103,0.395090731296822,302.2793367914559
Simulation_000001,Graphite,3.1488392077208824,0.22014692707375508,0.395090731296822,302.2798704314191
Simulation_000001,Graphite,3.1488392077208824,0.22951488141731913,0.395090731296822,302.28051286720626
Simulation_000001,Graphite,3.1488392077208824,0.23888283576088318,0.395090731296822,302.28127485553284
Simulation_000001,Graphite,3.1488392077208824,0.24825079010444723,0.395090731296822,302.28216455410325
Simulation_000001,Graphite,3.1488392077208824,0.2576187444480113,0.395090731296822,302.2831861376223
Simulation_000001,Graphite,3.1488392077208824,0.2669866987915753,0.395090731296822,302.2843382744638
Simulation_000001,Graphite,3.1488392077208824,0.2763546531351394,0.395090731296822,302.28561257777005
Simulation_000001,Graphite,3.1488392077208824,0.2857226074787034,0.395090731296822,302.2869921999161
Simulation_000001,Graphite,3.1488392077208824,0.2950905618222675,0.395090731296822,302.2884507934514
Simulation_000001,Graphite,3.1488392077208824,0.3044585161658315,0.395090731296822,302.2899521011991
Simulation_000001,Graphite,3.1488392077208824,0.31382647050939555,0.395090731296822,302.29145044360706
Simulation_000001,Graphite,3.1488392077208824,0.3231944248529596,0.395090731296822,302.2928923204718
Simulation_000001,Graphite,3.1488392077208824,0.33256237919652365,0.395090731296822,302.29421922014217
Simulation_000001,Graphite,3.1488392077208824,0.3419303335400877,0.395090731296822,302.2953715340862
Simulation_000001,Graphite,3.1488392077208824,0.35129828788365175,0.395090731296822,302.29629324083817
Simulation_000001,Graphite,3.1488392077208824,0.3606662422272158,0.395090731296822,302.296936813804
Simulation_000001,Graphite,3.1488392077208824,0.37003419657077985,0.395090731296822,302.29726769296786
Simulation_000001,Graphite,3.1488392077208824,0.3794021509143439,0.395090731296822,302.2972676818862
Simulation_000001,Graphite,3.1488392077208824,0.38877010525790795,0.395090731296822,302.2969367779198
Simulation_000001,Graphite,3.1488392077208824,0.39813805960147197,0.395090731296822,302.2962931717302
Simulation_000001,Graphite,3.1488392077208824,0.40750601394503605,0.395090731296822,302.2953714159683
Simulation_000001,Graphite,3.1488392077208824,0.41687396828860007,0.395090731296822,302.29421902698675
Simulation_000001,Graphite,3.1488392077208824,0.42624192263216415,0.395090731296822,302.29289201146184
Simulation_000001,Graphite,3.1488392077208824,0.43560987697572817,0.395090731296822,302.2914499563505
Simulation_000001,Graphite,3.1488392077208824,0.44497783131929225,0.395090731296822,302.28995134191894
Simulation_000001,Graphite,3.1488392077208824,0.45434578566285627,0.395090731296822,302.2884496230927
Simulation_000001,Graphite,3.1488392077208824,0.4637137400064203,0.395090731296822,302.28699041480183
Simulation_000001,Graphite,3.1488392077208824,0.47308169434998437,0.395090731296822,302.2856098830665
Simulation_000001,Graphite,3.1488392077208824,0.4824496486935484,0.395090731296822,302.2843342483086
Simulation_000001,Graphite,3.1488392077208824,0.49181760303711247,0.395090731296822,302.2831801833199
Simulation_000001,Graphite,3.1488392077208824,0.5011855573806765,0.395090731296822,302.2821558373328
Simulation_000001,Graphite,3.1488392077208824,0.5105535117242406,0.395090731296822,302.28126222306867
Simulation_000001,Graphite,3.1488392077208824,0.5199214660678046,0.395090731296822,302.2804947432674
Simulation_000001,Graphite,3.1488392077208824,0.5292894204113686,0.395090731296822,302.2798446874941
Simulation_000001,Graphite,3.1488392077208824,0.5386573747549327,0.395090731296822,302.2793005853545
Simulation_000001,Graphite,3.1488392077208824,0.5480253290984968,0.395090731296822,302.2788493508697
Simulation_000001,Graphite,3.1488392077208824,0.5573932834420607,0.395090731296822,302.27847719134945
Simulation_000001,Graphite,3.1488392077208824,0.5667612377856248,0.395090731296822,302.27817028220846
Simulation_000001,Graphite,3.1488392077208824,0.5761291921291889,0.395090731296822,302.2779152278336
Simulation_000001,Graphite,3.1488392077208824,0.585497146472753,0.395090731296822,302.2776993395364
Simulation_000001,Graphite,3.1488392077208824,0.5948651008163169,0.395090731296822,302.27751076662645
Simulation_000001,Graphite,3.1488392077208824,0.604233055159881,0.395090731296822,302.2773385173777
Simulation_000001,Graphite,3.1488392077208824,0.6136010095034451,0.395090731296822,302.2771724045305
Simulation_000001,Graphite,3.1488392077208824,0.6229689638470091,0.395090731296822,302.27700294607206
Simulation_000001,Graphite,3.1488392077208824,0.6323369181905731,0.395090731296822,302.2768212471982
Simulation_000001,Graphite,3.1488392077208824,0.6417048725341372,0.395090731296822,302.2766188841603
Simulation_000001,Graphite,3.1488392077208824,0.6510728268777013,0.395090731296822,302.276387805536
Simulation_000001,Graphite,3.1488392077208824,0.6604407812212653,0.395090731296822,302.276120261578
Simulation_000001,Graphite,3.1488392077208824,0.6698087355648293,0.395090731296822,302.2758087678354
Simulation_000001,Graphite,3.1488392077208824,0.6791766899083934,0.395090731296822,302.2754461052789
Simulation_000001,Graphite,3.1488392077208824,0.6885446442519574,0.395090731296822,302.2750253557427
Simulation_000001,Graphite,3.1488392077208824,0.6979125985955215,0.395090731296822,302.27453996864136
Simulation_000001,Graphite,3.1488392077208824,0.7072805529390855,0.395090731296822,302.27398385265803
Simulation_000001,Graphite,3.1488392077208824,0.7166485072826496,0.395090731296822,302.2733514844527
Simulation_000001,Graphite,3.1488392077208824,0.7260164616262136,0.395090731296822,302.27263802542944
Simulation_000001,Graphite,3.1488392077208824,0.7353844159697777,0.395090731296822,302.27183943724754
Simulation_000001,Graphite,3.1488392077208824,0.7447523703133417,0.395090731296822,302.2709525870551
Simulation_000001,Graphite,3.1488392077208824,0.7541203246569057,0.395090731296822,302.26997533434263
Simulation_000001,Graphite,3.1488392077208824,0.004683977171782023,0.4015149708301036,302.27714425122383
Simulation_000001,Graphite,3.1488392077208824,0.01405193151534607,0.4015149708301036,302.27714446770824
Simulation_000001,Graphite,3.1488392077208824,0.023419885858910118,0.4015149708301036,302.2771449394752
Simulation_000001,Graphite,3.1488392077208824,0.03278784020247416,0.4015149708301036,302.2771457491409
Simulation_000001,Graphite,3.1488392077208824,0.04215579454603821,0.4015149708301036,302.2771470335245
Simulation_000001,Graphite,3.1488392077208824,0.05152374888960226,0.4015149708301036,302.2771490000725
Simulation_000001,Graphite,3.1488392077208824,0.060891703233166304,0.4015149708301036,302.2771519503004
Simulation_000001,Graphite,3.1488392077208824,0.07025965757673035,0.4015149708301036,302.2771563114762
Simulation_000001,Graphite,3.1488392077208824,0.0796276119202944,0.4015149708301036,302.27716267793124
Simulation_000001,Graphite,3.1488392077208824,0.08899556626385845,0.4015149708301036,302.2771718634073
Simulation_000001,Graphite,3.1488392077208824,0.0983635206074225,0.4015149708301036,302.2771849656816
Simulation_000001,Graphite,3.1488392077208824,0.10773147495098653,0.4015149708301036,302.27720344427024
Simulation_000001,Graphite,3.1488392077208824,0.11709942929455058,0.4015149708301036,302.2772292112238
Simulation_000001,Graphite,3.1488392077208824,0.12646738363811463,0.4015149708301036,302.27726473380073
Simulation_000001,Graphite,3.1488392077208824,0.13583533798167866,0.4015149708301036,302.27731314606297
Simulation_000001,Graphite,3.1488392077208824,0.1452032923252427,0.4015149708301036,302.2773783641216
Simulation_000001,Graphite,3.1488392077208824,0.15457124666880676,0.4015149708301036,302.277465196851
Simulation_000001,Graphite,3.1488392077208824,0.1639392010123708,0.4015149708301036,302.2775794404351
Simulation_000001,Graphite,3.1488392077208824,0.17330715535593486,0.4015149708301036,302.277727941242
Simulation_000001,Graphite,3.1488392077208824,0.1826751096994989,0.4015149708301036,302.27791860749676
Simulation_000001,Graphite,3.1488392077208824,0.19204306404306296,0.4015149708301036,302.2781603464503
Simulation_000001,Graphite,3.1488392077208824,0.20141101838662698,0.4015149708301036,302.2784629008002
Simulation_000001,Graphite,3.1488392077208824,0.21077897273019103,0.4015149708301036,302.27883655680836
Simulation_000001,Graphite,3.1488392077208824,0.22014692707375508,0.4015149708301036,302.2792916978749
Simulation_000001,Graphite,3.1488392077208824,0.22951488141731913,0.4015149708301036,302.27983818246645
Simulation_000001,Graphite,3.1488392077208824,0.23888283576088318,0.4015149708301036,302.2804845355896
Simulation_000001,Graphite,3.1488392077208824,0.24825079010444723,0.4015149708301036,302.2812369597403
Simulation_000001,Graphite,3.1488392077208824,0.2576187444480113,0.4015149708301036,302.2820981954598
Simulation_000001,Graphite,3.1488392077208824,0.2669866987915753,0.4015149708301036,302.283066293514
Simulation_000001,Graphite,3.1488392077208824,0.2763546531351394,0.4015149708301036,302.2841333990465
Simulation_000001,Graphite,3.1488392077208824,0.2857226074787034,0.4015149708301036,302.28528468923366
Simulation_000001,Graphite,3.1488392077208824,0.2950905618222675,0.4015149708301036,302.2864976430327
Simulation_000001,Graphite,3.1488392077208824,0.3044585161658315,0.4015149708301036,302.287741843775
Simulation_000001,Graphite,3.1488392077208824,0.31382647050939555,0.4015149708301036,302.28897950868026
Simulation_000001,Graphite,3.1488392077208824,0.3231944248529596,0.4015149708301036,302.29016688979146
Simulation_000001,Graphite,3.1488392077208824,0.33256237919652365,0.4015149708301036,302.2912565901339
Simulation_000001,Graphite,3.1488392077208824,0.3419303335400877,0.4015149708301036,302.29220069262107
Simulation_000001,Graphite,3.1488392077208824,0.35129828788365175,0.4015149708301036,302.2929544325925
Simulation_000001,Graphite,3.1488392077208824,0.3606662422272158,0.4015149708301036,302.2934800004154
Simulation_000001,Graphite,3.1488392077208824,0.37003419657077985,0.4015149708301036,302.2937499833562
Simulation_000001,Graphite,3.1488392077208824,0.3794021509143439,0.4015149708301036,302.2937499722747
Simulation_000001,Graphite,3.1488392077208824,0.38877010525790795,0.4015149708301036,302.2934799645322
Simulation_000001,Graphite,3.1488392077208824,0.39813805960147197,0.4015149708301036,302.29295436348644
Simulation_000001,Graphite,3.1488392077208824,0.40750601394503605,0.4015149708301036,302.2922005745063
Simulation_000001,Graphite,3.1488392077208824,0.41687396828860007,0.4015149708301036,302.2912563969838
Simulation_000001,Graphite,3.1488392077208824,0.42624192263216415,0.4015149708301036,302.2901665807897
Simulation_000001,Graphite,3.1488392077208824,0.43560987697572817,0.4015149708301036,302.2889790214367
Simulation_000001,Graphite,3.1488392077208824,0.44497783131929225,0.4015149708301036,302.28774108451483
Simulation_000001,Graphite,3.1488392077208824,0.45434578566285627,0.4015149708301036,302.2864964727047
Simulation_000001,Graphite,3.1488392077208824,0.4637137400064203,0.4015149708301036,302.2852829041659
Simulation_000001,Graphite,3.1488392077208824,0.47308169434998437,0.4015149708301036,302.28413070441263
Simulation_000001,Graphite,3.1488392077208824,0.4824496486935484,0.4015149708301036,302.28306226746224
Simulation_000001,Graphite,3.1488392077208824,0.49181760303711247,0.4015149708301036,302.28209224130904
Simulation_000001,Graphite,3.1488392077208824,0.5011855573806765,0.4015149708301036,302.2812282431897
Simulation_000001,Graphite,3.1488392077208824,0.5105535117242406,0.4015149708301036,302.2804719034409
Simulation_000001,Graphite,3.1488392077208824,0.5199214660678046,0.4015149708301036,302.2798200589755
Simulation_000001,Graphite,3.1488392077208824,0.5292894204113686,0.4015149708301036,302.2792659545784
Simulation_000001,Graphite,3.1488392077208824,0.5386573747549327,0.4015149708301036,302.2788003515794
Simulation_000001,Graphite,3.1488392077208824,0.5480253290984968,0.4015149708301036,302.278412482047
Simulation_000001,Graphite,3.1488392077208824,0.5573932834420607,0.4015149708301036,302.27809081885965
Simulation_000001,Graphite,3.1488392077208824,0.5667612377856248,0.4015149708301036,302.2778236566096
Simulation_000001,Graphite,3.1488392077208824,0.5761291921291889,0.4015149708301036,302.2775995154865
Simulation_000001,Graphite,3.1488392077208824,0.585497146472753,0.4015149708301036,302.27740739107
Simulation_000001,Graphite,3.1488392077208824,0.5948651008163169,0.4015149708301036,302.27723687858304
Simulation_000001,Graphite,3.1488392077208824,0.604233055159881,0.4015149708301036,302.27707820191165
Simulation_000001,Graphite,3.1488392077208824,0.6136010095034451,0.4015149708301036,302.2769221767253
Simulation_000001,Graphite,3.1488392077208824,0.6229689638470091,0.4015149708301036,302.2767601342775
Simulation_000001,Graphite,3.1488392077208824,0.6323369181905731,0.4015149708301036,302.2765838286711
Simulation_000001,Graphite,3.1488392077208824,0.6417048725341372,0.4015149708301036,302.2763853460756
Simulation_000001,Graphite,3.1488392077208824,0.6510728268777013,0.4015149708301036,302.2761570299614
Simulation_000001,Graphite,3.1488392077208824,0.6604407812212653,0.4015149708301036,302.2758914321208
Simulation_000001,Graphite,3.1488392077208824,0.6698087355648293,0.4015149708301036,302.2755812952268
Simulation_000001,Graphite,3.1488392077208824,0.6791766899083934,0.4015149708301036,302.2752195690427
Simulation_000001,Graphite,3.1488392077208824,0.6885446442519574,0.4015149708301036,302.2747994591883
Simulation_000001,Graphite,3.1488392077208824,0.6979125985955215,0.4015149708301036,302.27431450465406
Simulation_000001,Graphite,3.1488392077208824,0.7072805529390855,0.4015149708301036,302.27375867805875
Simulation_000001,Graphite,3.1488392077208824,0.7166485072826496,0.4015149708301036,302.2731265010244
Simulation_000001,Graphite,3.1488392077208824,0.7260164616262136,0.4015149708301036,302.27241316602596
Simulation_000001,Graphite,3.1488392077208824,0.7353844159697777,0.4015149708301036,302.2716146556854
Simulation_000001,Graphite,3.1488392077208824,0.7447523703133417,0.4015149708301036,302.2707278507388
Simulation_000001,Graphite,3.1488392077208824,0.7541203246569057,0.4015149708301036,302.2697506187671
Simulation_000001,Graphite,3.1488392077208824,0.004683977171782023,0.4079392103633853,302.2768869792778
Simulation_000001,Graphite,3.1488392077208824,0.01405193151534607,0.4079392103633853,302.27688716765505
Simulation_000001,Graphite,3.1488392077208824,0.023419885858910118,0.4079392103633853,302.276887578084
Simulation_000001,Graphite,3.1488392077208824,0.03278784020247416,0.4079392103633853,302.2768882822465
Simulation_000001,Graphite,3.1488392077208824,0.04215579454603821,0.4079392103633853,302.27688939879073
Simulation_000001,Graphite,3.1488392077208824,0.05152374888960226,0.4079392103633853,302.2768911074856
Simulation_000001,Graphite,3.1488392077208824,0.060891703233166304,0.4079392103633853,302.27689366939416
Simulation_000001,Graphite,3.1488392077208824,0.07025965757673035,0.4079392103633853,302.27689745409157
Simulation_000001,Graphite,3.1488392077208824,0.0796276119202944,0.4079392103633853,302.2769029750743
Simulation_000001,Graphite,3.1488392077208824,0.08899556626385845,0.4079392103633853,302.276910934509
Simulation_000001,Graphite,3.1488392077208824,0.0983635206074225,0.4079392103633853,302.2769222782986
Simulation_000001,Graphite,3.1488392077208824,0.10773147495098653,0.4079392103633853,302.2769382620297
Simulation_000001,Graphite,3.1488392077208824,0.11709942929455058,0.4079392103633853,302.2769605276538
Simulation_000001,Graphite,3.1488392077208824,0.12646738363811463,0.4079392103633853,302.2769911896593
Simulation_000001,Graphite,3.1488392077208824,0.13583533798167866,0.4079392103633853,302.2770329279575
Simulation_000001,Graphite,3.1488392077208824,0.1452032923252427,0.4079392103633853,302.2770890826919
Simulation_000001,Graphite,3.1488392077208824,0.15457124666880676,0.4079392103633853,302.27716374368407
Simulation_000001,Graphite,3.1488392077208824,0.1639392010123708,0.4079392103633853,302.2772618243037
Simulation_000001,Graphite,3.1488392077208824,0.17330715535593486,0.4079392103633853,302.27738910634486
Simulation_000001,Graphite,3.1488392077208824,0.1826751096994989,0.4079392103633853,302.27755223924197
Simulation_000001,Graphite,3.1488392077208824,0.19204306404306296,0.4079392103633853,302.2777586740561
Simulation_000001,Graphite,3.1488392077208824,0.20141101838662698,0.4079392103633853,302.27801651063095
Simulation_000001,Graphite,3.1488392077208824,0.21077897273019103,0.4079392103633853,302.2783342358469
Simulation_000001,Graphite,3.1488392077208824,0.22014692707375508,0.4079392103633853,302.2787203328521
Simulation_000001,Graphite,3.1488392077208824,0.22951488141731913,0.4079392103633853,302.2791827464623
Simulation_000001,Graphite,3.1488392077208824,0.23888283576088318,0.4079392103633853,302.2797281996081
Simulation_000001,Graphite,3.1488392077208824,0.24825079010444723,0.4079392103633853,302.2803613706342
Simulation_000001,Graphite,3.1488392077208824,0.2576187444480113,0.4079392103633853,302.2810839618938
Simulation_000001,Graphite,3.1488392077208824,0.2669866987915753,0.4079392103633853,302.2818937161496
Simulation_000001,Graphite,3.1488392077208824,0.2763546531351394,0.4079392103633853,302.2827834671974
Simulation_000001,Graphite,3.1488392077208824,0.2857226074787034,0.4079392103633853,302.2837403413778
Simulation_000001,Graphite,3.1488392077208824,0.2950905618222675,0.4079392103633853,302.2847452513849
Simulation_000001,Graphite,3.1488392077208824,0.3044585161658315,0.4079392103633853,302.2857728347257
Simulation_000001,Graphite,3.1488392077208824,0.31382647050939555,0.4079392103633853,302.2867919766282
Simulation_000001,Graphite,3.1488392077208824,0.3231944248529596,0.4079392103633853,302.28776701247193
Simulation_000001,Graphite,3.1488392077208824,0.33256237919652365,0.4079392103633853,302.28865962447196
Simulation_000001,Graphite,3.1488392077208824,0.3419303335400877,0.4079392103633853,302.2894313378258
Simulation_000001,Graphite,3.1488392077208824,0.35129828788365175,0.4079392103633853,302.29004640196064
Simulation_000001,Graphite,3.1488392077208824,0.3606662422272158,0.4079392103633853,302.29047474188576
Simulation_000001,Graphite,3.1488392077208824,0.37003419657077985,0.4079392103633853,302.29069461238936
Simulation_000001,Graphite,3.1488392077208824,0.3794021509143439,0.4079392103633853,302.2906946013083
Simulation_000001,Graphite,3.1488392077208824,0.38877010525790795,0.4079392103633853,302.2904747060037
Simulation_000001,Graphite,3.1488392077208824,0.39813805960147197,0.4079392103633853,302.29004633285666
Simulation_000001,Graphite,3.1488392077208824,0.40750601394503605,0.4079392103633853,302.28943121971486
Simulation_000001,Graphite,3.1488392077208824,0.41687396828860007,0.4079392103633853,302.2886594313278
Simulation_000001,Graphite,3.1488392077208824,0.42624192263216415,0.4079392103633853,302.2877667034797
Simulation_000001,Graphite,3.1488392077208824,0.43560987697572817,0.4079392103633853,302.2867914893996
Simulation_000001,Graphite,3.1488392077208824,0.44497783131929225,0.4079392103633853,302.2857720754888
Simulation_000001,Graphite,3.1488392077208824,0.45434578566285627,0.4079392103633853,302.2847440810925
Simulation_000001,Graphite,3.1488392077208824,0.4637137400064203,0.4079392103633853,302.2837385563642
Simulation_000001,Graphite,3.1488392077208824,0.47308169434998437,0.4079392103633853,302.28278077264474
Simulation_000001,Graphite,3.1488392077208824,0.4824496486935484,0.4079392103633853,302.2818896902182
Simulation_000001,Graphite,3.1488392077208824,0.49181760303711247,0.4079392103633853,302.28107800791963
Simulation_000001,Graphite,3.1488392077208824,0.5011855573806765,0.4079392103633853,302.28035265434
Simulation_000001,Graphite,3.1488392077208824,0.5105535117242406,0.4079392103633853,302.27971556782745
Simulation_000001,Graphite,3.1488392077208824,0.5199214660678046,0.4079392103633853,302.27916462349407
Simulation_000001,Graphite,3.1488392077208824,0.5292894204113686,0.4079392103633853,302.2786945902899
Simulation_000001,Graphite,3.1488392077208824,0.5386573747549327,0.4079392103633853,302.2782980316381
Simulation_000001,Graphite,3.1488392077208824,0.5480253290984968,0.4079392103633853,302.2779660932795
Simulation_000001,Graphite,3.1488392077208824,0.5573932834420607,0.4079392103633853,302.27768914837014
Simulation_000001,Graphite,3.1488392077208824,0.5667612377856248,0.4079392103633853,302.2774572909142
Simulation_000001,Graphite,3.1488392077208824,0.5761291921291889,0.4079392103633853,302.27726068399033
Simulation_000001,Graphite,3.1488392077208824,0.585497146472753,0.4079392103633853,302.27708977940694
Simulation_000001,Graphite,3.1488392077208824,0.5948651008163169,0.4079392103633853,302.27693543122024
Simulation_000001,Graphite,3.1488392077208824,0.604233055159881,0.4079392103633853,302.2767889279349
Simulation_000001,Graphite,3.1488392077208824,0.6136010095034451,0.4079392103633853,302.27664196807956
Simulation_000001,Graphite,3.1488392077208824,0.6229689638470091,0.4079392103633853,302.276486602003
Simulation_000001,Graphite,3.1488392077208824,0.6323369181905731,0.4079392103633853,302.2763151598124
Simulation_000001,Graphite,3.1488392077208824,0.6417048725341372,0.4079392103633853,302.2761201818562
Simulation_000001,Graphite,3.1488392077208824,0.6510728268777013,0.4079392103633853,302.2758943643911
Simulation_000001,Graphite,3.1488392077208824,0.6604407812212653,0.4079392103633853,302.2756305293103
Simulation_000001,Graphite,3.1488392077208824,0.6698087355648293,0.4079392103633853,302.27532162320574
Simulation_000001,Graphite,3.1488392077208824,0.6791766899083934,0.4079392103633853,302.2749607476948
Simulation_000001,Graphite,3.1488392077208824,0.6885446442519574,0.4079392103633853,302.2745412199557
Simulation_000001,Graphite,3.1488392077208824,0.6979125985955215,0.4079392103633853,302.27405665982354
Simulation_000001,Graphite,3.1488392077208824,0.7072805529390855,0.4079392103633853,302.2735010976857
Simulation_000001,Graphite,3.1488392077208824,0.7166485072826496,0.4079392103633853,302.272869095821
Simulation_000001,Graphite,3.1488392077208824,0.7260164616262136,0.4079392103633853,302.2721558748107
Simulation_000001,Graphite,3.1488392077208824,0.7353844159697777,0.4079392103633853,302.2713574362399
Simulation_000001,Graphite,3.1488392077208824,0.7447523703133417,0.4079392103633853,302.2704706731314
Simulation_000001,Graphite,3.1488392077208824,0.7541203246569057,0.4079392103633853,302.26949346037844
Simulation_000001,Graphite,3.1488392077208824,0.004683977171782023,0.41436344989666696,302.2765939182571
Simulation_000001,Graphite,3.1488392077208824,0.01405193151534607,0.41436344989666696,302.27659408122514
Simulation_000001,Graphite,3.1488392077208824,0.023419885858910118,0.41436344989666696,302.27659443621843
Simulation_000001,Graphite,3.1488392077208824,0.03278784020247416,0.41436344989666696,302.2765950450701
Simulation_000001,Graphite,3.1488392077208824,0.04215579454603821,0.41436344989666696,302.27659601007224
Simulation_000001,Graphite,3.1488392077208824,0.05152374888960226,0.41436344989666696,302.2765974861027
Simulation_000001,Graphite,3.1488392077208824,0.060891703233166304,0.41436344989666696,302.27659969788493
Simulation_000001,Graphite,3.1488392077208824,0.07025965757673035,0.41436344989666696,302.27660296323313
Simulation_000001,Graphite,3.1488392077208824,0.0796276119202944,0.41436344989666696,302.27660772322554
Simulation_000001,Graphite,3.1488392077208824,0.08899556626385845,0.41436344989666696,302.27661458023636
Simulation_000001,Graphite,3.1488392077208824,0.0983635206074225,0.41436344989666696,302.27662434458284
Simulation_000001,Graphite,3.1488392077208824,0.10773147495098653,0.41436344989666696,302.2766380901719
Simulation_000001,Graphite,3.1488392077208824,0.11709942929455058,0.41436344989666696,302.276657218886
Simulation_000001,Graphite,3.1488392077208824,0.12646738363811463,0.41436344989666696,302.2766835324866
Simulation_000001,Graphite,3.1488392077208824,0.13583533798167866,0.41436344989666696,302.27671930947423
Simulation_000001,Graphite,3.1488392077208824,0.1452032923252427,0.41436344989666696,302.2767673826132
Simulation_000001,Graphite,3.1488392077208824,0.15457124666880676,0.41436344989666696,302.2768312107018
Simulation_000001,Graphite,3.1488392077208824,0.1639392010123708,0.41436344989666696,302.27691493572485
Simulation_000001,Graphite,3.1488392077208824,0.17330715535593486,0.41436344989666696,302.2770234138882
Simulation_000001,Graphite,3.1488392077208824,0.1826751096994989,0.41436344989666696,302.27716220645084
Simulation_000001,Graphite,3.1488392077208824,0.19204306404306296,0.41436344989666696,302.2773375140754
Simulation_000001,Graphite,3.1488392077208824,0.20141101838662698,0.41436344989666696,302.27755603708533
Simulation_000001,Graphite,3.1488392077208824,0.21077897273019103,0.41436344989666696,302.277824744142
Simulation_000001,Graphite,3.1488392077208824,0.22014692707375508,0.41436344989666696,302.2781505341276
Simulation_000001,Graphite,3.1488392077208824,0.22951488141731913,0.41436344989666696,302.27853978120885
Simulation_000001,Graphite,3.1488392077208824,0.23888283576088318,0.41436344989666696,302.27899776186536
Simulation_000001,Graphite,3.1488392077208824,0.24825079010444723,0.41436344989666696,302.27952797565354
Simulation_000001,Graphite,3.1488392077208824,0.2576187444480113,0.41436344989666696,302.280131388749
Simulation_000001,Graphite,3.1488392077208824,0.2669866987915753,0.41436344989666696,302.28080565029614
Simulation_000001,Graphite,3.1488392077208824,0.2763546531351394,0.41436344989666696,302.28154435459936
Simulation_000001,Graphite,3.1488392077208824,0.2857226074787034,0.41436344989666696,302.2823364441076
Simulation_000001,Graphite,3.1488392077208824,0.2950905618222675,0.41436344989666696,302.2831658641889
Simulation_000001,Graphite,3.1488392077208824,0.3044585161658315,0.41436344989666696,302.28401158468023
Simulation_000001,Graphite,3.1488392077208824,0.31382647050939555,0.41436344989666696,302.2848480884716
Simulation_000001,Graphite,3.1488392077208824,0.3231944248529596,0.41436344989666696,302.28564638878663
Simulation_000001,Graphite,3.1488392077208824,0.33256237919652365,0.41436344989666696,302.28637557344894
Simulation_000001,Graphite,3.1488392077208824,0.3419303335400877,0.41436344989666696,302.2870047924325
Simulation_000001,Graphite,3.1488392077208824,0.35129828788365175,0.41436344989666696,302.28750551865716
Simulation_000001,Graphite,3.1488392077208824,0.3606662422272158,0.41436344989666696,302.2878538413275
Simulation_000001,Graphite,3.1488392077208824,0.37003419657077985,0.41436344989666696,302.2880325156913
Simulation_000001,Graphite,3.1488392077208824,0.3794021509143439,0.41436344989666696,302.28803250461067
Simulation_000001,Graphite,3.1488392077208824,0.38877010525790795,0.41436344989666696,302.28785380544673
Simulation_000001,Graphite,3.1488392077208824,0.39813805960147197,0.41436344989666696,302.28750544955574
Simulation_000001,Graphite,3.1488392077208824,0.40750601394503605,0.41436344989666696,302.2870046743257
Simulation_000001,Graphite,3.1488392077208824,0.41687396828860007,0.41436344989666696,302.28637538031165
Simulation_000001,Graphite,3.1488392077208824,0.42624192263216415,0.41436344989666696,302.2856460798055
Simulation_000001,Graphite,3.1488392077208824,0.43560987697572817,0.41436344989666696,302.2848476012604
Simulation_000001,Graphite,3.1488392077208824,0.44497783131929225,0.41436344989666696,302.28401082547026
Simulation_000001,Graphite,3.1488392077208824,0.45434578566285627,0.41436344989666696,302.28316469393786
Simulation_000001,Graphite,3.1488392077208824,0.4637137400064203,0.41436344989666696,302.28233465915656
Simulation_000001,Graphite,3.1488392077208824,0.47308169434998437,0.41436344989666696,302.28154166014065
Simulation_000001,Graphite,3.1488392077208824,0.4824496486935484,0.41436344989666696,302.28080162450414
Simulation_000001,Graphite,3.1488392077208824,0.49181760303711247,0.41436344989666696,302.28012543497954
Simulation_000001,Graphite,3.1488392077208824,0.5011855573806765,0.41436344989666696,302.27951925965664
Simulation_000001,Graphite,3.1488392077208824,0.5105535117242406,0.41436344989666696,302.278985130512
Simulation_000001,Graphite,3.1488392077208824,0.5199214660678046,0.41436344989666696,302.2785216588477
Simulation_000001,Graphite,3.1488392077208824,0.5292894204113686,0.41436344989666696,302.27812479241885
Simulation_000001,Graphite,3.1488392077208824,0.5386573747549327,0.41436344989666696,302.2777885411199
Simulation_000001,Graphite,3.1488392077208824,0.5480253290984968,0.41436344989666696,302.277505621366
Simulation_000001,Graphite,3.1488392077208824,0.5573932834420607,0.41436344989666696,302.27726799060946
Simulation_000001,Graphite,3.1488392077208824,0.5667612377856248,0.41436344989666696,302.2770672611096
Simulation_000001,Graphite,3.1488392077208824,0.5761291921291889,0.41436344989666696,302.2768949955066
Simulation_000001,Graphite,3.1488392077208824,0.585497146472753,0.41436344989666696,302.2767428960543
Simulation_000001,Graphite,3.1488392077208824,0.5948651008163169,0.41436344989666696,302.2766029050355
Simulation_000001,Graphite,3.1488392077208824,0.604233055159881,0.41436344989666696,302.27646723659694
Simulation_000001,Graphite,3.1488392077208824,0.6136010095034451,0.41436344989666696,302.27632836070694
Simulation_000001,Graphite,3.1488392077208824,0.6229689638470091,0.41436344989666696,302.2761789587894
Simulation_000001,Graphite,3.1488392077208824,0.6323369181905731,0.41436344989666696,302.27601186837654
Simulation_000001,Graphite,3.1488392077208824,0.6417048725341372,0.41436344989666696,302.27582003126236
Simulation_000001,Graphite,3.1488392077208824,0.6510728268777013,0.41436344989666696,302.2755964564504
Simulation_000001,Graphite,3.1488392077208824,0.6604407812212653,0.41436344989666696,302.2753342059041
Simulation_000001,Graphite,3.1488392077208824,0.6698087355648293,0.41436344989666696,302.27502640787526
Simulation_000001,Graphite,3.1488392077208824,0.6791766899083934,0.41436344989666696,302.27466629952926
Simulation_000001,Graphite,3.1488392077208824,0.6885446442519574,0.41436344989666696,302.2742472977901
Simulation_000001,Graphite,3.1488392077208824,0.6979125985955215,0.41436344989666696,302.27376309487494
Simulation_000001,Graphite,3.1488392077208824,0.7072805529390855,0.41436344989666696,302.2732077729431
Simulation_000001,Graphite,3.1488392077208824,0.7166485072826496,0.41436344989666696,302.27257593072966
Simulation_000001,Graphite,3.1488392077208824,0.7260164616262136,0.41436344989666696,302.2718628140188
Simulation_000001,Graphite,3.1488392077208824,0.7353844159697777,0.41436344989666696,302.2710644413913
Simulation_000001,Graphite,3.1488392077208824,0.7447523703133417,0.41436344989666696,302.2701777168721
Simulation_000001,Graphite,3.1488392077208824,0.7541203246569057,0.41436344989666696,302.26920052189445
Simulation_000001,Graphite,3.1488392077208824,0.004683977171782023,0.4207876894299486,302.27626159868487
Simulation_000001,Graphite,3.1488392077208824,0.01405193151534607,0.4207876894299486,302.2762617388592
Simulation_000001,Graphite,3.1488392077208824,0.023419885858910118,0.4207876894299486,302.27626204413673
Simulation_000001,Graphite,3.1488392077208824,0.03278784020247416,0.4207876894299486,302.2762625675475
Simulation_000001,Graphite,3.1488392077208824,0.04215579454603821,0.4207876894299486,302.27626339677425
Simulation_000001,Graphite,3.1488392077208824,0.05152374888960226,0.4207876894299486,302.27626466448197
Simulation_000001,Graphite,3.1488392077208824,0.060891703233166304,0.4207876894299486,302.27626656299987
Simulation_000001,Graphite,3.1488392077208824,0.07025965757673035,0.4207876894299486,302.2762693640585
Simulation_000001,Graphite,3.1488392077208824,0.0796276119202944,0.4207876894299486,302.27627344435547
Simulation_000001,Graphite,3.1488392077208824,0.08899556626385845,0.4207876894299486,302.27627931769126
Simulation_000001,Graphite,3.1488392077208824,0.0983635206074225,0.4207876894299486,302.276287674261
Simulation_000001,Graphite,3.1488392077208824,0.10773147495098653,0.4207876894299486,302.2762994273411
Simulation_000001,Graphite,3.1488392077208824,0.11709942929455058,0.4207876894299486,302.2763157670451
Simulation_000001,Graphite,3.1488392077208824,0.12646738363811463,0.4207876894299486,302.27633821998234
Simulation_000001,Graphite,3.1488392077208824,0.13583533798167866,0.4207876894299486,302.27636871249484
Simulation_000001,Graphite,3.1488392077208824,0.1452032923252427,0.4207876894299486,302.2764096336732
Simulation_000001,Graphite,3.1488392077208824,0.15457124666880676,0.4207876894299486,302.2764638925622
Simulation_000001,Graphite,3.1488392077208824,0.1639392010123708,0.4207876894299486,302.27653496193267
Simulation_000001,Graphite,3.1488392077208824,0.17330715535593486,0.4207876894299486,302.2766268988603
Simulation_000001,Graphite,3.1488392077208824,0.1826751096994989,0.4207876894299486,302.27674433031194
Simulation_000001,Graphite,3.1488392077208824,0.19204306404306296,0.4207876894299486,302.2768923903174
Simulation_000001,Graphite,3.1488392077208824,0.20141101838662698,0.4207876894299486,302.2770765944964
Simulation_000001,Graphite,3.1488392077208824,0.21077897273019103,0.4207876894299486,302.27730263822036
Simulation_000001,Graphite,3.1488392077208824,0.22014692707375508,0.4207876894299486,302.2775761070796
Simulation_000001,Graphite,3.1488392077208824,0.22951488141731913,0.4207876894299486,302.27790209317334
Simulation_000001,Graphite,3.1488392077208824,0.23888283576088318,0.4207876894299486,302.27828471855787
Simulation_000001,Graphite,3.1488392077208824,0.24825079010444723,0.4207876894299486,302.278726578257
Simulation_000001,Graphite,3.1488392077208824,0.2576187444480113,0.4207876894299486,302.27922812947935
Simulation_000001,Graphite,3.1488392077208824,0.2669866987915753,0.4207876894299486,302.2797870703532
Simulation_000001,Graphite,3.1488392077208824,0.2763546531351394,0.4207876894299486,302.28039776899476
Simulation_000001,Graphite,3.1488392077208824,0.2857226074787034,0.4207876894299486,302.2810508193841
Simulation_000001,Graphite,3.1488392077208824,0.2950905618222675,0.4207876894299486,302.28173281056587
Simulation_000001,Graphite,3.1488392077208824,0.3044585161658315,0.4207876894299486,302.28242639556237
Simulation_000001,Graphite,3.1488392077208824,0.31382647050939555,0.4207876894299486,302.2831107316159
Simulation_000001,Graphite,3.1488392077208824,0.3231944248529596,0.4207876894299486,302.28376233099516
Simulation_000001,Graphite,3.1488392077208824,0.33256237919652365,0.4207876894299486,302.28435631202916
Simulation_000001,Graphite,3.1488392077208824,0.3419303335400877,0.4207876894299486,302.284867978609
Simulation_000001,Graphite,3.1488392077208824,0.35129828788365175,0.4207876894299486,302.2852745937499
Simulation_000001,Graphite,3.1488392077208824,0.3606662422272158,0.4207876894299486,302.2855571628584
Simulation_000001,Graphite,3.1488392077208824,0.37003419657077985,0.4207876894299486,302.2857020183676
Simulation_000001,Graphite,3.1488392077208824,0.3794021509143439,0.4207876894299486,302.2857020072874
Simulation_000001,Graphite,3.1488392077208824,0.38877010525790795,0.4207876894299486,302.28555712697914
Simulation_000001,Graphite,3.1488392077208824,0.39813805960147197,0.4207876894299486,302.2852745246513
Simulation_000001,Graphite,3.1488392077208824,0.40750601394503605,0.4207876894299486,302.2848678605071
Simulation_000001,Graphite,3.1488392077208824,0.41687396828860007,0.4207876894299486,302.28435611889984
Simulation_000001,Graphite,3.1488392077208824,0.42624192263216415,0.4207876894299486,302.28376202202674
Simulation_000001,Graphite,3.1488392077208824,0.43560987697572817,0.4207876894299486,302.2831102444247
Simulation_000001,Graphite,3.1488392077208824,0.44497783131929225,0.4207876894299486,302.2824256363833
Simulation_000001,Graphite,3.1488392077208824,0.45434578566285627,0.4207876894299486,302.2817316403623
Simulation_000001,Graphite,3.1488392077208824,0.4637137400064203,0.4207876894299486,302.2810490345052
Simulation_000001,Graphite,3.1488392077208824,0.47308169434998437,0.4207876894299486,302.2803950746442
Simulation_000001,Graphite,3.1488392077208824,0.4824496486935484,0.4207876894299486,302.2797830447219
Simulation_000001,Graphite,3.1488392077208824,0.49181760303711247,0.4207876894299486,302.279222175946
Simulation_000001,Graphite,3.1488392077208824,0.5011855573806765,0.4207876894299486,302.2787178626033
Simulation_000001,Graphite,3.1488392077208824,0.5105535117242406,0.4207876894299486,302.2782720876977
Simulation_000001,Graphite,3.1488392077208824,0.5199214660678046,0.4207876894299486,302.27788397151375
Simulation_000001,Graphite,3.1488392077208824,0.5292894204113686,0.4207876894299486,302.2775503663578
Simulation_000001,Graphite,3.1488392077208824,0.5386573747549327,0.4207876894299486,302.2772664365719
Simulation_000001,Graphite,3.1488392077208824,0.5480253290984968,0.4207876894299486,302.2770261806678
Simulation_000001,Graphite,3.1488392077208824,0.5573932834420607,0.4207876894299486,302.27682286942587
Simulation_000001,Graphite,3.1488392077208824,0.5667612377856248,0.4207876894299486,302.27664938843753
Simulation_000001,Graphite,3.1488392077208824,0.5761291921291889,0.4207876894299486,302.276498485096
Simulation_000001,Graphite,3.1488392077208824,0.585497146472753,0.4207876894299486,302.27636292834376
Simulation_000001,Graphite,3.1488392077208824,0.5948651008163169,0.4207876894299486,302.2762355948166
Simulation_000001,Graphite,3.1488392077208824,0.604233055159881,0.4207876894299486,302.2761094978567
Simulation_000001,Graphite,3.1488392077208824,0.6136010095034451,0.4207876894299486,302.27597777671235
Simulation_000001,Graphite,3.1488392077208824,0.6229689638470091,0.4207876894299486,302.27583366262496
Simulation_000001,Graphite,3.1488392077208824,0.6323369181905731,0.4207876894299486,302.275670436857
Simulation_000001,Graphite,3.1488392077208824,0.6417048725341372,0.4207876894299486,302.27548139340513
Simulation_000001,Graphite,3.1488392077208824,0.6510728268777013,0.4207876894299486,302.27525981645067
Simulation_000001,Graphite,3.1488392077208824,0.6604407812212653,0.4207876894299486,302.274998979727
Simulation_000001,Graphite,3.1488392077208824,0.6698087355648293,0.4207876894299486,302.27469217208966
Simulation_000001,Graphite,3.1488392077208824,0.6791766899083934,0.4207876894299486,302.2743327507703
Simulation_000001,Graphite,3.1488392077208824,0.6885446442519574,0.4207876894299486,302.27391422118734
Simulation_000001,Graphite,3.1488392077208824,0.6979125985955215,0.4207876894299486,302.2734303398531
Simulation_000001,Graphite,3.1488392077208824,0.7072805529390855,0.4207876894299486,302.2728752349496
Simulation_000001,Graphite,3.1488392077208824,0.7166485072826496,0.4207876894299486,302.2722435376252
Simulation_000001,Graphite,3.1488392077208824,0.7260164616262136,0.4207876894299486,302.2715305160609
Simulation_000001,Graphite,3.1488392077208824,0.7353844159697777,0.4207876894299486,302.2707322039223
Simulation_000001,Graphite,3.1488392077208824,0.7447523703133417,0.4207876894299486,302.2698455149809
Simulation_000001,Graphite,3.1488392077208824,0.7541203246569057,0.4207876894299486,302.26886833645125
Simulation_000001,Graphite,3.1488392077208824,0.004683977171782023,0.4272119289632303,302.2758864484109
Simulation_000001,Graphite,3.1488392077208824,0.01405193151534607,0.4272119289632303,302.2758865682934
Simulation_000001,Graphite,3.1488392077208824,0.023419885858910118,0.4272119289632303,302.2758868293235
Simulation_000001,Graphite,3.1488392077208824,0.03278784020247416,0.4272119289632303,302.27588727672287
Simulation_000001,Graphite,3.1488392077208824,0.04215579454603821,0.4272119289632303,302.27588798522413
Simulation_000001,Graphite,3.1488392077208824,0.05152374888960226,0.4272119289632303,302.27588906781926
Simulation_000001,Graphite,3.1488392077208824,0.060891703233166304,0.4272119289632303,302.27589068817815
Simulation_000001,Graphite,3.1488392077208824,0.07025965757673035,0.4272119289632303,302.2758930773129
Simulation_000001,Graphite,3.1488392077208824,0.0796276119202944,0.4272119289632303,302.27589655511537
Simulation_000001,Graphite,3.1488392077208824,0.08899556626385845,0.4272119289632303,302.2759015573608
Simulation_000001,Graphite,3.1488392077208824,0.0983635206074225,0.4272119289632303,302.27590866861675
Simulation_000001,Graphite,3.1488392077208824,0.10773147495098653,0.4272119289632303,302.2759186611955
Simulation_000001,Graphite,3.1488392077208824,0.11709942929455058,0.4272119289632303,302.27593253978677
Simulation_000001,Graphite,3.1488392077208824,0.12646738363811463,0.4272119289632303,302.27595159068306
Simulation_000001,Graphite,3.1488392077208824,0.13583533798167866,0.4272119289632303,302.2759774335201
Simulation_000001,Graphite,3.1488392077208824,0.1452032923252427,0.4272119289632303,302.2760120722066
Simulation_000001,Graphite,3.1488392077208824,0.15457124666880676,0.4272119289632303,302.27605794022134
Simulation_000001,Graphite,3.1488392077208824,0.1639392010123708,0.4272119289632303,302.27611793378713
Simulation_000001,Graphite,3.1488392077208824,0.17330715535593486,0.4272119289632303,302.27619542470603
Simulation_000001,Graphite,3.1488392077208824,0.1826751096994989,0.4272119289632303,302.2762942430556
Simulation_000001,Graphite,3.1488392077208824,0.19204306404306296,0.4272119289632303,302.2764186187701
Simulation_000001,Graphite,3.1488392077208824,0.20141101838662698,0.4272119289632303,302.2765730707036
Simulation_000001,Graphite,3.1488392077208824,0.21077897273019103,0.4272119289632303,302.27676223251365
Simulation_000001,Graphite,3.1488392077208824,0.22014692707375508,0.4272119289632303,302.2769906070544
Simulation_000001,Graphite,3.1488392077208824,0.22951488141731913,0.4272119289632303,302.27726224536866
Simulation_000001,Graphite,3.1488392077208824,0.23888283576088318,0.4272119289632303,302.2775803531487
Simulation_000001,Graphite,3.1488392077208824,0.24825079010444723,0.4272119289632303,302.2779468368329
Simulation_000001,Graphite,3.1488392077208824,0.2576187444480113,0.4272119289632303,302.27836181308044
Simulation_000001,Graphite,3.1488392077208824,0.2669866987915753,0.4272119289632303,302.2788231184659
Simulation_000001,Graphite,3.1488392077208824,0.2763546531351394,0.4272119289632303,302.27932586941745
Simulation_000001,Graphite,3.1488392077208824,0.2857226074787034,0.4272119289632303,302.27986213346406
Simulation_000001,Graphite,3.1488392077208824,0.2950905618222675,0.4272119289632303,302.2804207788345
Simulation_000001,Graphite,3.1488392077208824,0.3044585161658315,0.4272119289632303,302.28098756707107
Simulation_000001,Graphite,3.1488392077208824,0.31382647050939555,0.4272119289632303,302.2815455396067
Simulation_000001,Graphite,3.1488392077208824,0.3231944248529596,0.4272119289632303,302.28207572263494
Simulation_000001,Graphite,3.1488392077208824,0.33256237919652365,0.4272119289632303,302.28255813603744
Simulation_000001,Graphite,3.1488392077208824,0.3419303335400877,0.4272119289632303,302.2829730461035
Simulation_000001,Graphite,3.1488392077208824,0.35129828788365175,0.4272119289632303,302.28330235611253
Simulation_000001,Graphite,3.1488392077208824,0.3606662422272158,0.4272119289632303,302.2835309933764
Simulation_000001,Graphite,3.1488392077208824,0.37003419657077985,0.4272119289632303,302.2836481351222
Simulation_000001,Graphite,3.1488392077208824,0.3794021509143439,0.4272119289632303,302.2836481240425
Simulation_000001,Graphite,3.1488392077208824,0.38877010525790795,0.4272119289632303,302.2835309574989
Simulation_000001,Graphite,3.1488392077208824,0.39813805960147197,0.4272119289632303,302.2833022870172
Simulation_000001,Graphite,3.1488392077208824,0.40750601394503605,0.4272119289632303,302.2829729280072
Simulation_000001,Graphite,3.1488392077208824,0.41687396828860007,0.4272119289632303,302.28255794291715
Simulation_000001,Graphite,3.1488392077208824,0.42624192263216415,0.4272119289632303,302.28207541368096
Simulation_000001,Graphite,3.1488392077208824,0.43560987697572817,0.4272119289632303,302.2815450524383
Simulation_000001,Graphite,3.1488392077208824,0.44497783131929225,0.4272119289632303,302.28098680792743
Simulation_000001,Graphite,3.1488392077208824,0.45434578566285627,0.4272119289632303,302.28041960868546
Simulation_000001,Graphite,3.1488392077208824,0.4637137400064203,0.4272119289632303,302.2798603486676
Simulation_000001,Graphite,3.1488392077208824,0.47308169434998437,0.4272119289632303,302.27932317519094
Simulation_000001,Graphite,3.1488392077208824,0.4824496486935484,0.4272119289632303,302.27881909301885
Simulation_000001,Graphite,3.1488392077208824,0.49181760303711247,0.4272119289632303,302.2783558598179
Simulation_000001,Graphite,3.1488392077208824,0.5011855573806765,0.4272119289632303,302.27793812157296
Simulation_000001,Graphite,3.1488392077208824,0.5105535117242406,0.4272119289632303,302.2775677228551
Simulation_000001,Graphite,3.1488392077208824,0.5199214660678046,0.4272119289632303,302.2772441245155
Simulation_000001,Graphite,3.1488392077208824,0.5292894204113686,0.4272119289632303,302.2769648674681
Simulation_000001,Graphite,3.1488392077208824,0.5386573747549327,0.4272119289632303,302.2767260324467
Simulation_000001,Graphite,3.1488392077208824,0.5480253290984968,0.4272119289632303,302.276522659054
Simulation_000001,Graphite,3.1488392077208824,0.5573932834420607,0.4272119289632303,302.2763491008485
Simulation_000001,Graphite,3.1488392077208824,0.5667612377856248,0.4272119289632303,302.2761993051851
Simulation_000001,Graphite,3.1488392077208824,0.5761291921291889,0.4272119289632303,302.27606701628065
Simulation_000001,Graphite,3.1488392077208824,0.585497146472753,0.4272119289632303,302.2759459072389
Simulation_000001,Graphite,3.1488392077208824,0.5948651008163169,0.4272119289632303,302.27582965165806
Simulation_000001,Graphite,3.1488392077208824,0.604233055159881,0.4272119289632303,302.2757119482318
Simulation_000001,Graphite,3.1488392077208824,0.6136010095034451,0.4272119289632303,302.2755865128365
Simulation_000001,Graphite,3.1488392077208824,0.6229689638470091,0.4272119289632303,302.2754470523573
Simulation_000001,Graphite,3.1488392077208824,0.6323369181905731,0.4272119289632303,302.27528723330926
Simulation_000001,Graphite,3.1488392077208824,0.6417048725341372,0.4272119289632303,302.275100656451
Simulation_000001,Graphite,3.1488392077208824,0.6510728268777013,0.4272119289632303,302.27488084631466
Simulation_000001,Graphite,3.1488392077208824,0.6604407812212653,0.4272119289632303,302.2746212620616
Simulation_000001,Graphite,3.1488392077208824,0.6698087355648293,0.4272119289632303,302.2743153334785
Simulation_000001,Graphite,3.1488392077208824,0.6791766899083934,0.4272119289632303,302.27395652335076
Simulation_000001,Graphite,3.1488392077208824,0.6885446442519574,0.4272119289632303,302.27353841500957
Simulation_000001,Graphite,3.1488392077208824,0.6979125985955215,0.4272119289632303,302.27305482163285
Simulation_000001,Graphite,3.1488392077208824,0.7072805529390855,0.4272119289632303,302.27249991198136
Simulation_000001,Graphite,3.1488392077208824,0.7166485072826496,0.4272119289632303,302.2718683457736
Simulation_000001,Graphite,3.1488392077208824,0.7260164616262136,0.4272119289632303,302.2711554109057
Simulation_000001,Graphite,3.1488392077208824,0.7353844159697777,0.4272119289632303,302.2703571542894
Simulation_000001,Graphite,3.1488392077208824,0.7447523703133417,0.4272119289632303,302.26947049822564
Simulation_000001,Graphite,3.1488392077208824,0.7541203246569057,0.4272119289632303,302.26849333496955
Simulation_000001,Graphite,3.1488392077208824,0.004683977171782023,0.43363616849651193,302.2754648241496
Simulation_000001,Graphite,3.1488392077208824,0.01405193151534607,0.43363616849651193,302.2754649261039
Simulation_000001,Graphite,3.1488392077208824,0.023419885858910118,0.43363616849651193,302.27546514805096
Simulation_000001,Graphite,3.1488392077208824,0.03278784020247416,0.43363616849651193,302.27546552833843
Simulation_000001,Graphite,3.1488392077208824,0.04215579454603821,0.43363616849651193,302.2754661303055
Simulation_000001,Graphite,3.1488392077208824,0.05152374888960226,0.43363616849651193,302.27546704965187
Simulation_000001,Graphite,3.1488392077208824,0.060891703233166304,0.43363616849651193,302.27546842488243
Simulation_000001,Graphite,3.1488392077208824,0.07025965757673035,0.43363616849651193,302.2754704512994
Simulation_000001,Graphite,3.1488392077208824,0.0796276119202944,0.43363616849651193,302.275473399047
Simulation_000001,Graphite,3.1488392077208824,0.08899556626385845,0.43363616849651193,302.2754776356764
Simulation_000001,Graphite,3.1488392077208824,0.0983635206074225,0.43363616849651193,302.2754836535596
Simulation_000001,Graphite,3.1488392077208824,0.10773147495098653,0.43363616849651193,302.2754921022114
Simulation_000001,Graphite,3.1488392077208824,0.11709942929455058,0.43363616849651193,302.2755038251482
Simulation_000001,Graphite,3.1488392077208824,0.12646738363811463,0.43363616849651193,302.27551990028735
Simulation_000001,Graphite,3.1488392077208824,0.13583533798167866,0.43363616849651193,302.27554168205324
Simulation_000001,Graphite,3.1488392077208824,0.1452032923252427,0.43363616849651193,302.2755708423099
Simulation_000001,Graphite,3.1488392077208824,0.15457124666880676,0.43363616849651193,302.2756094060003
Simulation_000001,Graphite,3.1488392077208824,0.1639392010123708,0.43363616849651193,302.27565977600915
Simulation_000001,Graphite,3.1488392077208824,0.17330715535593486,0.43363616849651193,302.2757247403939
Simulation_000001,Graphite,3.1488392077208824,0.1826751096994989,0.43363616849651193,302.2758074539057
Simulation_000001,Graphite,3.1488392077208824,0.19204306404306296,0.43363616849651193,302.2759113848923
Simulation_000001,Graphite,3.1488392077208824,0.20141101838662698,0.43363616849651193,302.2760402185182
Simulation_000001,Graphite,3.1488392077208824,0.21077897273019103,0.43363616849651193,302.2761977080904
Simulation_000001,Graphite,3.1488392077208824,0.22014692707375508,0.43363616849651193,302.2763874684969
Simulation_000001,Graphite,3.1488392077208824,0.22951488141731913,0.43363616849651193,302.2766127096548
Simulation_000001,Graphite,3.1488392077208824,0.23888283576088318,0.43363616849651193,302.27687591365566
Simulation_000001,Graphite,3.1488392077208824,0.24825079010444723,0.43363616849651193,302.27717846699016
Simulation_000001,Graphite,3.1488392077208824,0.2576187444480113,0.43363616849651193,302.277520268543
Simulation_000001,Graphite,3.1488392077208824,0.2669866987915753,0.43363616849651193,302.2778993442505
Simulation_000001,Graphite,3.1488392077208824,0.2763546531351394,0.43363616849651193,302.27831150914653
Simulation_000001,Graphite,3.1488392077208824,0.2857226074787034,0.43363616849651193,302.2787501252072
Simulation_000001,Graphite,3.1488392077208824,0.2950905618222675,0.43363616849651193,302.2792060066926
Simulation_000001,Graphite,3.1488392077208824,0.3044585161658315,0.43363616849651193,302.2796675212309
Simulation_000001,Graphite,3.1488392077208824,0.31382647050939555,0.43363616849651193,302.28012092274764
Simulation_000001,Graphite,3.1488392077208824,0.3231944248529596,0.43363616849651193,302.2805509307633
Simulation_000001,Graphite,3.1488392077208824,0.33256237919652365,0.43363616849651193,302.2809415407268
Simulation_000001,Graphite,3.1488392077208824,0.3419303335400877,0.43363616849651193,302.28127701552086
Simulation_000001,Graphite,3.1488392077208824,0.35129828788365175,0.43363616849651193,302.2815429748886
Simulation_000001,Graphite,3.1488392077208824,0.3606662422272158,0.43363616849651193,302.2817274742239
Simulation_000001,Graphite,3.1488392077208824,0.37003419657077985,0.43363616849651193,302.2818219532377
Simulation_000001,Graphite,3.1488392077208824,0.3794021509143439,0.43363616849651193,302.2818219421586
Simulation_000001,Graphite,3.1488392077208824,0.38877010525790795,0.43363616849651193,302.2817274383483
Simulation_000001,Graphite,3.1488392077208824,0.39813805960147197,0.43363616849651193,302.28154290579704
Simulation_000001,Graphite,3.1488392077208824,0.40750601394503605,0.43363616849651193,302.28127689743087
Simulation_000001,Graphite,3.1488392077208824,0.41687396828860007,0.43363616849651193,302.28094134761693
Simulation_000001,Graphite,3.1488392077208824,0.42624192263216415,0.43363616849651193,302.28055062182585
Simulation_000001,Graphite,3.1488392077208824,0.43560987697572817,0.43363616849651193,302.2801204356051
Simulation_000001,Graphite,3.1488392077208824,0.44497783131929225,0.43363616849651193,302.27966676212765
Simulation_000001,Graphite,3.1488392077208824,0.45434578566285627,0.43363616849651193,302.27920483660546
Simulation_000001,Graphite,3.1488392077208824,0.4637137400064203,0.43363616849651193,302.2787483405049
Simulation_000001,Graphite,3.1488392077208824,0.47308169434998437,0.43363616849651193,302.2783088150614
Simulation_000001,Graphite,3.1488392077208824,0.4824496486935484,0.43363616849651193,302.2778953190136
Simulation_000001,Graphite,3.1488392077208824,0.49181760303711247,0.43363616849651193,302.27751431558966
Simulation_000001,Graphite,3.1488392077208824,0.5011855573806765,0.43363616849651193,302.27716975218016
Simulation_000001,Graphite,3.1488392077208824,0.5105535117242406,0.43363616849651193,302.2768632840098
Simulation_000001,Graphite,3.1488392077208824,0.5199214660678046,0.43363616849651193,302.27659458972397
Simulation_000001,Graphite,3.1488392077208824,0.5292894204113686,0.43363616849651193,302.2763617302102
Simulation_000001,Graphite,3.1488392077208824,0.5386573747549327,0.43363616849651193,302.2761615098351
Simulation_000001,Graphite,3.1488392077208824,0.5480253290984968,0.43363616849651193,302.27598980936716
Simulation_000001,Graphite,3.1488392077208824,0.5573932834420607,0.43363616849651193,302.2758418703794
Simulation_000001,Graphite,3.1488392077208824,0.5667612377856248,0.43363616849651193,302.2757125206355
Simulation_000001,Graphite,3.1488392077208824,0.5761291921291889,0.43363616849651193,302.2755963381099
Simulation_000001,Graphite,3.1488392077208824,0.585497146472753,0.43363616849651193,302.2754877575703
Simulation_000001,Graphite,3.1488392077208824,0.5948651008163169,0.43363616849651193,302.2753811280278
Simulation_000001,Graphite,3.1488392077208824,0.604233055159881,0.43363616849651193,302.27527073201344
Simulation_000001,Graphite,3.1488392077208824,0.6136010095034451,0.43363616849651193,302.27515077883805
Simulation_000001,Graphite,3.1488392077208824,0.6229689638470091,0.43363616849651193,302.2750153840179
Simulation_000001,Graphite,3.1488392077208824,0.6323369181905731,0.43363616849651193,302.2748585461993
Simulation_000001,Graphite,3.1488392077208824,0.6417048725341372,0.43363616849651193,302.2746741314239
Simulation_000001,Graphite,3.1488392077208824,0.6510728268777013,0.43363616849651193,302.2744558726446
Simulation_000001,Graphite,3.1488392077208824,0.6604407812212653,0.43363616849651193,302.27419739020604
Simulation_000001,Graphite,3.1488392077208824,0.6698087355648293,0.43363616849651193,302.273892236656
Simulation_000001,Graphite,3.1488392077208824,0.6791766899083934,0.43363616849651193,302.2735339668853
Simulation_000001,Graphite,3.1488392077208824,0.6885446442519574,0.43363616849651193,302.2731162323019
Simulation_000001,Graphite,3.1488392077208824,0.6979125985955215,0.43363616849651193,302.2726328956335
Simulation_000001,Graphite,3.1488392077208824,0.7072805529390855,0.43363616849651193,302.27207816112434
Simulation_000001,Graphite,3.1488392077208824,0.7166485072826496,0.43363616849651193,302.2714467134476
Simulation_000001,Graphite,3.1488392077208824,0.7260164616262136,0.43363616849651193,302.2707338576757
Simulation_000001,Graphite,3.1488392077208824,0.7353844159697777,0.43363616849651193,302.26993565221045
Simulation_000001,Graphite,3.1488392077208824,0.7447523703133417,0.43363616849651193,302.2690490267078
Simulation_000001,Graphite,3.1488392077208824,0.7541203246569057,0.43363616849651193,302.26807187773966
Simulation_000001,Graphite,3.1488392077208824,0.004683977171782023,0.44006040802979357,302.2749930469188
Simulation_000001,Graphite,3.1488392077208824,0.01405193151534607,0.44006040802979357,302.27499313315326
Simulation_000001,Graphite,3.1488392077208824,0.023419885858910118,0.44006040802979357,302.2749933208406
Simulation_000001,Graphite,3.1488392077208824,0.03278784020247416,0.44006040802979357,302.2749936423223
Simulation_000001,Graphite,3.1488392077208824,0.04215579454603821,0.44006040802979357,302.2749941509894
Simulation_000001,Graphite,3.1488392077208824,0.05152374888960226,0.44006040802979357,302.2749949274558
Simulation_000001,Graphite,3.1488392077208824,0.060891703233166304,0.44006040802979357,302.2749960882951
Simulation_000001,Graphite,3.1488392077208824,0.07025965757673035,0.44006040802979357,302.2749977977265
Simulation_000001,Graphite,3.1488392077208824,0.0796276119202944,0.44006040802979357,302.27500028265075
Simulation_000001,Graphite,3.1488392077208824,0.08899556626385845,0.44006040802979357,302.27500385140763
Simulation_000001,Graphite,3.1488392077208824,0.0983635206074225,0.44006040802979357,302.27500891648884
Simulation_000001,Graphite,3.1488392077208824,0.10773147495098653,0.44006040802979357,302.27501602121964
Simulation_000001,Graphite,3.1488392077208824,0.11709942929455058,0.44006040802979357,302.275025870038
Simulation_000001,Graphite,3.1488392077208824,0.12646738363811463,0.44006040802979357,302.27503936147895
Simulation_000001,Graphite,3.1488392077208824,0.13583533798167866,0.44006040802979357,302.27505762226315
Simulation_000001,Graphite,3.1488392077208824,0.1452032923252427,0.44006040802979357,302.27508204001856
Simulation_000001,Graphite,3.1488392077208824,0.15457124666880676,0.44006040802979357,302.2751142911441
Simulation_000001,Graphite,3.1488392077208824,0.1639392010123708,0.44006040802979357,302.2751563592243
Simulation_000001,Graphite,3.1488392077208824,0.17330715535593486,0.44006040802979357,302.27521053831293
Simulation_000001,Graphite,3.1488392077208824,0.1826751096994989,0.44006040802979357,302.2752794144789
Simulation_000001,Graphite,3.1488392077208824,0.19204306404306296,0.44006040802979357,302.275365818435
Simulation_000001,Graphite,3.1488392077208824,0.20141101838662698,0.44006040802979357,302.2754727420946
Simulation_000001,Graphite,3.1488392077208824,0.21077897273019103,0.44006040802979357,302.2756032127913
Simulation_000001,Graphite,3.1488392077208824,0.22014692707375508,0.44006040802979357,302.27576012091276
Simulation_000001,Graphite,3.1488392077208824,0.22951488141731913,0.44006040802979357,302.27594600008644
Simulation_000001,Graphite,3.1488392077208824,0.23888283576088318,0.44006040802979357,302.27616276391575
Simulation_000001,Graphite,3.1488392077208824,0.24825079010444723,0.44006040802979357,302.27641140956814
Simulation_000001,Graphite,3.1488392077208824,0.2576187444480113,0.44006040802979357,302.2766917059302
Simulation_000001,Graphite,3.1488392077208824,0.2669866987915753,0.44006040802979357,302.2770018919194
Simulation_000001,Graphite,3.1488392077208824,0.2763546531351394,0.44006040802979357,302.2773384178288
Simulation_000001,Graphite,3.1488392077208824,0.2857226074787034,0.44006040802979357,302.2776957678409
Simulation_000001,Graphite,3.1488392077208824,0.2950905618222675,0.44006040802979357,302.27806640341385
Simulation_000001,Graphite,3.1488392077208824,0.3044585161658315,0.44006040802979357,302.27844086343333
Simulation_000001,Graphite,3.1488392077208824,0.31382647050939555,0.44006040802979357,302.27880804660737
Simulation_000001,Graphite,3.1488392077208824,0.3231944248529596,0.44006040802979357,302.2791556842738
Simulation_000001,Graphite,3.1488392077208824,0.33256237919652365,0.44006040802979357,302.27947098875586
Simulation_000001,Graphite,3.1488392077208824,0.3419303335400877,0.44006040802979357,302.27974143648777
Simulation_000001,Graphite,3.1488392077208824,0.35129828788365175,0.44006040802979357,302.27995562064183
Simulation_000001,Graphite,3.1488392077208824,0.3606662422272158,0.44006040802979357,302.28010408988496
Simulation_000001,Graphite,3.1488392077208824,0.37003419657077985,0.44006040802979357,302.28018008254827
Simulation_000001,Graphite,3.1488392077208824,0.3794021509143439,0.44006040802979357,302.28018007146983
Simulation_000001,Graphite,3.1488392077208824,0.38877010525790795,0.44006040802979357,302.2801040540115
Simulation_000001,Graphite,3.1488392077208824,0.39813805960147197,0.44006040802979357,302.2799555515544
Simulation_000001,Graphite,3.1488392077208824,0.40750601394503605,0.44006040802979357,302.27974131840494
Simulation_000001,Graphite,3.1488392077208824,0.41687396828860007,0.44006040802979357,302.27947079565774
Simulation_000001,Graphite,3.1488392077208824,0.42624192263216415,0.44006040802979357,302.2791553753551
Simulation_000001,Graphite,3.1488392077208824,0.43560987697572817,0.44006040802979357,302.2788075594944
Simulation_000001,Graphite,3.1488392077208824,0.44497783131929225,0.44006040802979357,302.2784401043758
Simulation_000001,Graphite,3.1488392077208824,0.45434578566285627,0.44006040802979357,302.2780652333969
Simulation_000001,Graphite,3.1488392077208824,0.4637137400064203,0.44006040802979357,302.27769398324534
Simulation_000001,Graphite,3.1488392077208824,0.47308169434998437,0.44006040802979357,302.2773357239041
Simulation_000001,Graphite,3.1488392077208824,0.4824496486935484,0.44006040802979357,302.276997866921
Simulation_000001,Graphite,3.1488392077208824,0.49181760303711247,0.44006040802979357,302.2766857533279
Simulation_000001,Graphite,3.1488392077208824,0.5011855573806765,0.44006040802979357,302.2764026952694
Simulation_000001,Graphite,3.1488392077208824,0.5105535117242406,0.44006040802979357,302.2761501350063
Simulation_000001,Graphite,3.1488392077208824,0.5199214660678046,0.44006040802979357,302.27592788120523
Simulation_000001,Graphite,3.1488392077208824,0.5292894204113686,0.44006040802979357,302.2757343841061
Simulation_000001,Graphite,3.1488392077208824,0.5386573747549327,0.44006040802979357,302.2755670166009
Simulation_000001,Graphite,3.1488392077208824,0.5480253290984968,0.44006040802979357,302.27542233579373
Simulation_000001,Graphite,3.1488392077208824,0.5573932834420607,0.44006040802979357,302.2752963078143
Simulation_000001,Graphite,3.1488392077208824,0.5667612377856248,0.44006040802979357,302.2751844864673
Simulation_000001,Graphite,3.1488392077208824,0.5761291921291889,0.44006040802979357,302.2750821430572
Simulation_000001,Graphite,3.1488392077208824,0.585497146472753,0.44006040802979357,302.27498435007783
Simulation_000001,Graphite,3.1488392077208824,0.5948651008163169,0.44006040802979357,302.27488602532395
Simulation_000001,Graphite,3.1488392077208824,0.604233055159881,0.44006040802979357,302.27478194544074
Simulation_000001,Graphite,3.1488392077208824,0.6136010095034451,0.44006040802979357,302.2746667391548
Simulation_000001,Graphite,3.1488392077208824,0.6229689638470091,0.44006040802979357,302.27453487064133
Simulation_000001,Graphite,3.1488392077208824,0.6323369181905731,0.44006040802979357,302.27438062289093
Simulation_000001,Graphite,3.1488392077208824,0.6417048725341372,0.44006040802979357,302.274198089739
Simulation_000001,Graphite,3.1488392077208824,0.6510728268777013,0.44006040802979357,302.27398118358275
Simulation_000001,Graphite,3.1488392077208824,0.6604407812212653,0.44006040802979357,302.2737236638651
Simulation_000001,Graphite,3.1488392077208824,0.6698087355648293,0.44006040802979357,302.27341918928795
Simulation_000001,Graphite,3.1488392077208824,0.6791766899083934,0.44006040802979357,302.2730613945175
Simulation_000001,Graphite,3.1488392077208824,0.6885446442519574,0.44006040802979357,302.27264398999256
Simulation_000001,Graphite,3.1488392077208824,0.6979125985955215,0.44006040802979357,302.27216088142507
Simulation_000001,Graphite,3.1488392077208824,0.7072805529390855,0.44006040802979357,302.2716063038214
Simulation_000001,Graphite,3.1488392077208824,0.7166485072826496,0.44006040802979357,302.2709749634408
Simulation_000001,Graphite,3.1488392077208824,0.7260164616262136,0.44006040802979357,302.2702621801462
Simulation_000001,Graphite,3.1488392077208824,0.7353844159697777,0.44006040802979357,302.2694640221597
Simulation_000001,Graphite,3.1488392077208824,0.7447523703133417,0.44006040802979357,302.26857742535776
Simulation_000001,Graphite,3.1488392077208824,0.7541203246569057,0.44006040802979357,302.2676002899192
Simulation_000001,Graphite,3.1488392077208824,0.004683977171782023,0.44648464756307527,302.27446744092816
Simulation_000001,Graphite,3.1488392077208824,0.01405193151534607,0.44648464756307527,302.2744675134855
Simulation_000001,Graphite,3.1488392077208824,0.023419885858910118,0.44648464756307527,302.2744676713721
Simulation_000001,Graphite,3.1488392077208824,0.03278784020247416,0.44648464756307527,302.27446794172215
Simulation_000001,Graphite,3.1488392077208824,0.04215579454603821,0.44648464756307527,302.2744683693067
Simulation_000001,Graphite,3.1488392077208824,0.05152374888960226,0.44648464756307527,302.27446902167867
Simulation_000001,Graphite,3.1488392077208824,0.060891703233166304,0.44648464756307527,302.2744699964439
Simulation_000001,Graphite,3.1488392077208824,0.07025965757673035,0.44648464756307527,302.2744714309692
Simulation_000001,Graphite,3.1488392077208824,0.0796276119202944,0.44648464756307527,302.27447351484966
Simulation_000001,Graphite,3.1488392077208824,0.08899556626385845,0.44648464756307527,302.2744765054181
Simulation_000001,Graphite,3.1488392077208824,0.0983635206074225,0.44648464756307527,302.27448074647174
Simulation_000001,Graphite,3.1488392077208824,0.10773147495098653,0.44648464756307527,302.2744866901841
Simulation_000001,Graphite,3.1488392077208824,0.11709942929455058,0.44648464756307527,302.2744949218571
Simulation_000001,Graphite,3.1488392077208824,0.12646738363811463,0.44648464756307527,302.2745061867183
Simulation_000001,Graphite,3.1488392077208824,0.13583533798167866,0.44648464756307527,302.27452141738206
Simulation_000001,Graphite,3.1488392077208824,0.1452032923252427,0.44648464756307527,302.2745417598726
Simulation_000001,Graphite,3.1488392077208824,0.15457124666880676,0.44648464756307527,302.27456859527626
Simulation_000001,Graphite,3.1488392077208824,0.1639392010123708,0.44648464756307527,302.2746035532032
Simulation_000001,Graphite,3.1488392077208824,0.17330715535593486,0.44648464756307527,302.2746485123868
Simulation_000001,Graphite,3.1488392077208824,0.1826751096994989,0.44648464756307527,302.27470558305015
Simulation_000001,Graphite,3.1488392077208824,0.19204306404306296,0.44648464756307527,302.2747770652933
Simulation_000001,Graphite,3.1488392077208824,0.20141101838662698,0.44648464756307527,302.2748653778932
Simulation_000001,Graphite,3.1488392077208824,0.21077897273019103,0.44648464756307527,302.2749729527737
Simulation_000001,Graphite,3.1488392077208824,0.22014692707375508,0.44648464756307527,302.2751020922015
Simulation_000001,Graphite,3.1488392077208824,0.22951488141731913,0.44648464756307527,302.2752547886525
Simulation_000001,Graphite,3.1488392077208824,0.23888283576088318,0.44648464756307527,302.27543251133284
Simulation_000001,Graphite,3.1488392077208824,0.24825079010444723,0.44648464756307527,302.2756359684469
Simulation_000001,Graphite,3.1488392077208824,0.2576187444480113,0.44648464756307527,302.2758648601577
Simulation_000001,Graphite,3.1488392077208824,0.2669866987915753,0.44648464756307527,302.2761176432287
Simulation_000001,Graphite,3.1488392077208824,0.2763546531351394,0.44648464756307527,302.2763913336845
Simulation_000001,Graphite,3.1488392077208824,0.2857226074787034,0.44648464756307527,302.2766813773801
Simulation_000001,Graphite,3.1488392077208824,0.2950905618222675,0.44648464756307527,302.27698161885627
Simulation_000001,Graphite,3.1488392077208824,0.3044585161658315,0.44648464756307527,302.27728439512236
Simulation_000001,Graphite,3.1488392077208824,0.31382647050939555,0.44648464756307527,302.2775807722624
Simulation_000001,Graphite,3.1488392077208824,0.3231944248529596,0.44648464756307527,302.2778609289995
Simulation_000001,Graphite,3.1488392077208824,0.33256237919652365,0.44648464756307527,302.2781146736304
Simulation_000001,Graphite,3.1488392077208824,0.3419303335400877,0.44648464756307527,302.27833206128696
Simulation_000001,Graphite,3.1488392077208824,0.35129828788365175,0.44648464756307527,302.2785040604735
Simulation_000001,Graphite,3.1488392077208824,0.3606662422272158,0.44648464756307527,302.2786232048432
Simulation_000001,Graphite,3.1488392077208824,0.37003419657077985,0.44648464756307527,302.27868416126665
Simulation_000001,Graphite,3.1488392077208824,0.3794021509143439,0.44648464756307527,302.278684150189
Simulation_000001,Graphite,3.1488392077208824,0.38877010525790795,0.44648464756307527,302.27862316897216
Simulation_000001,Graphite,3.1488392077208824,0.39813805960147197,0.44648464756307527,302.27850399139083
Simulation_000001,Graphite,3.1488392077208824,0.40750601394503605,0.44648464756307527,302.2783319432122
Simulation_000001,Graphite,3.1488392077208824,0.41687396828860007,0.44648464756307527,302.27811448054547
Simulation_000001,Graphite,3.1488392077208824,0.42624192263216415,0.44648464756307527,302.2778606201018
Simulation_000001,Graphite,3.1488392077208824,0.43560987697572817,0.44648464756307527,302.2775802851826
Simulation_000001,Graphite,3.1488392077208824,0.44497783131929225,0.44648464756307527,302.27728363611635
Simulation_000001,Graphite,3.1488392077208824,0.45434578566285627,0.44648464756307527,302.27698044891844
Simulation_000001,Graphite,3.1488392077208824,0.4637137400064203,0.44648464756307527,302.276679592905
Simulation_000001,Graphite,3.1488392077208824,0.47308169434998437,0.44648464756307527,302.2763886399409
Simulation_000001,Graphite,3.1488392077208824,0.4824496486935484,0.44648464756307527,302.2761136184999
Simulation_000001,Graphite,3.1488392077208824,0.49181760303711247,0.44648464756307527,302.2758589079523
Simulation_000001,Graphite,3.1488392077208824,0.5011855573806765,0.44648464756307527,302.2756272547262
Simulation_000001,Graphite,3.1488392077208824,0.5105535117242406,0.44648464756307527,302.2754198832565
Simulation_000001,Graphite,3.1488392077208824,0.5199214660678046,0.44648464756307527,302.2752366709595
Simulation_000001,Graphite,3.1488392077208824,0.5292894204113686,0.44648464756307527,302.2750763570717
Simulation_000001,Graphite,3.1488392077208824,0.5386573747549327,0.44648464756307527,302.27493675892464
Simulation_000001,Graphite,3.1488392077208824,0.5480253290984968,0.44648464756307527,302.27481497482705
Simulation_000001,Graphite,3.1488392077208824,0.5573932834420607,0.44648464756307527,302.2747075590943
Simulation_000001,Graphite,3.1488392077208824,0.5667612377856248,0.44648464756307527,302.27461066101864
Simulation_000001,Graphite,3.1488392077208824,0.5761291921291889,0.44648464756307527,302.27452012513294
Simulation_000001,Graphite,3.1488392077208824,0.585497146472753,0.44648464756307527,302.27443155464965
Simulation_000001,Graphite,3.1488392077208824,0.5948651008163169,0.44648464756307527,302.2743403433284
Simulation_000001,Graphite,3.1488392077208824,0.604233055159881,0.44648464756307527,302.27424168326525
Simulation_000001,Graphite,3.1488392077208824,0.6136010095034451,0.44648464756307527,302.27413055729863
Simulation_000001,Graphite,3.1488392077208824,0.6229689638470091,0.44648464756307527,302.2740017250557
Simulation_000001,Graphite,3.1488392077208824,0.6323369181905731,0.44648464756307527,302.2738497112627
Simulation_000001,Graphite,3.1488392077208824,0.6417048725341372,0.44648464756307527,302.2736688039762
Simulation_000001,Graphite,3.1488392077208824,0.6510728268777013,0.44648464756307527,302.27345306898394
Simulation_000001,Graphite,3.1488392077208824,0.6604407812212653,0.44648464756307527,302.2731963849006
Simulation_000001,Graphite,3.1488392077208824,0.6698087355648293,0.44648464756307527,302.27289250154945
Simulation_000001,Graphite,3.1488392077208824,0.6791766899083934,0.44648464756307527,302.2725351221778
Simulation_000001,Graphite,3.1488392077208824,0.6885446442519574,0.44648464756307527,302.27211800801774
Simulation_000001,Graphite,3.1488392077208824,0.6979125985955215,0.44648464756307527,302.27163510176626
Simulation_000001,Graphite,3.1488392077208824,0.7072805529390855,0.44648464756307527,302.2710806648587
Simulation_000001,Graphite,3.1488392077208824,0.7166485072826496,0.44648464756307527,302.27044942202673
Simulation_000001,Graphite,3.1488392077208824,0.7260164616262136,0.44648464756307527,302.2697367056942
Simulation_000001,Graphite,3.1488392077208824,0.7353844159697777,0.44648464756307527,302.26893859231745
Simulation_000001,Graphite,3.1488392077208824,0.7447523703133417,0.44648464756307527,302.26805202289086
Simulation_000001,Graphite,3.1488392077208824,0.7541203246569057,0.44648464756307527,302.2670749004937
Simulation_000001,Graphite,3.1488392077208824,0.004683977171782023,0.4529088870963569,302.2738843753267
Simulation_000001,Graphite,3.1488392077208824,0.01405193151534607,0.4529088870963569,302.27388443607873
Simulation_000001,Graphite,3.1488392077208824,0.023419885858910118,0.4529088870963569,302.27388456824957
Simulation_000001,Graphite,3.1488392077208824,0.03278784020247416,0.4529088870963569,302.27388479449377
Simulation_000001,Graphite,3.1488392077208824,0.04215579454603821,0.4529088870963569,302.2738851521721
Simulation_000001,Graphite,3.1488392077208824,0.05152374888960226,0.4529088870963569,302.27388569761825
Simulation_000001,Graphite,3.1488392077208824,0.060891703233166304,0.4529088870963569,302.27388651216086
Simulation_000001,Graphite,3.1488392077208824,0.07025965757673035,0.4529088870963569,302.2738877101507
Simulation_000001,Graphite,3.1488392077208824,0.0796276119202944,0.4529088870963569,302.27388944924695
Simulation_000001,Graphite,3.1488392077208824,0.08899556626385845,0.4529088870963569,302.2738919431823
Simulation_000001,Graphite,3.1488392077208824,0.0983635206074225,0.4529088870963569,302.27389547712824
Simulation_000001,Graphite,3.1488392077208824,0.10773147495098653,0.4529088870963569,302.27390042560734
Simulation_000001,Graphite,3.1488392077208824,0.11709942929455058,0.4529088870963569,302.27390727263275
Simulation_000001,Graphite,3.1488392077208824,0.12646738363811463,0.4529088870963569,302.27391663337863
Simulation_000001,Graphite,3.1488392077208824,0.13583533798167866,0.4529088870963569,302.27392927620076
Simulation_000001,Graphite,3.1488392077208824,0.1452032923252427,0.4529088870963569,302.27394614323293
Simulation_000001,Graphite,3.1488392077208824,0.15457124666880676,0.4529088870963569,302.2739683671115
Simulation_000001,Graphite,3.1488392077208824,0.1639392010123708,0.4529088870963569,302.2739972806758
Simulation_000001,Graphite,3.1488392077208824,0.17330715535593486,0.4529088870963569,302.27403441582317
Simulation_000001,Graphite,3.1488392077208824,0.1826751096994989,0.4529088870963569,302.27408148718325
Simulation_000001,Graphite,3.1488392077208824,0.19204306404306296,0.4529088870963569,302.2741403560383
Simulation_000001,Graphite,3.1488392077208824,0.20141101838662698,0.4529088870963569,302.27421297012114
Simulation_000001,Graphite,3.1488392077208824,0.21077897273019103,0.4529088870963569,302.2743012757327
Simulation_000001,Graphite,3.1488392077208824,0.22014692707375508,0.4529088870963569,302.2744071001886
Simulation_000001,Graphite,3.1488392077208824,0.22951488141731913,0.4529088870963569,302.27453200503993
Simulation_000001,Graphite,3.1488392077208824,0.23888283576088318,0.4529088870963569,302.2746771138338
Simulation_000001,Graphite,3.1488392077208824,0.24825079010444723,0.4529088870963569,302.27484292228206
Simulation_000001,Graphite,3.1488392077208824,0.2576187444480113,0.4529088870963569,302.2750291032999
Simulation_000001,Graphite,3.1488392077208824,0.2669866987915753,0.4529088870963569,302.27523432397925
Simulation_000001,Graphite,3.1488392077208824,0.2763546531351394,0.4529088870963569,302.27545609546576
Simulation_000001,Graphite,3.1488392077208824,0.2857226074787034,0.4529088870963569,302.27569067905984
Simulation_000001,Graphite,3.1488392077208824,0.2950905618222675,0.4529088870963569,302.275933071712
Simulation_000001,Graphite,3.1488392077208824,0.3044585161658315,0.4529088870963569,302.2761770906466
Simulation_000001,Graphite,3.1488392077208824,0.31382647050939555,0.4529088870963569,302.2764155696189
Simulation_000001,Graphite,3.1488392077208824,0.3231944248529596,0.4529088870963569,302.27664066844886
Simulation_000001,Graphite,3.1488392077208824,0.33256237919652365,0.4529088870963569,302.27684428386533
Simulation_000001,Graphite,3.1488392077208824,0.3419303335400877,0.4529088870963569,302.27701853507904
Simulation_000001,Graphite,3.1488392077208824,0.35129828788365175,0.4529088870963569,302.2771562842435
Simulation_000001,Graphite,3.1488392077208824,0.3606662422272158,0.4529088870963569,302.27725164261557
Simulation_000001,Graphite,3.1488392077208824,0.37003419657077985,0.4529088870963569,302.27730040997386
Simulation_000001,Graphite,3.1488392077208824,0.3794021509143439,0.4529088870963569,302.27730039889707
Simulation_000001,Graphite,3.1488392077208824,0.38877010525790795,0.4529088870963569,302.2772516067473
Simulation_000001,Graphite,3.1488392077208824,0.39813805960147197,0.4529088870963569,302.2771562151662
Simulation_000001,Graphite,3.1488392077208824,0.40750601394503605,0.4529088870963569,302.27701841701344
Simulation_000001,Graphite,3.1488392077208824,0.41687396828860007,0.4529088870963569,302.2768440907952
Simulation_000001,Graphite,3.1488392077208824,0.42624192263216415,0.4529088870963569,302.2766403595748
Simulation_000001,Graphite,3.1488392077208824,0.43560987697572817,0.4529088870963569,302.27641508257625
Simulation_000001,Graphite,3.1488392077208824,0.44497783131929225,0.4529088870963569,302.2761763316984
Simulation_000001,Graphite,3.1488392077208824,0.45434578566285627,0.4529088870963569,302.27593190186315
Simulation_000001,Graphite,3.1488392077208824,0.4637137400064203,0.4529088870963569,302.27568889471996
Simulation_000001,Graphite,3.1488392077208824,0.47308169434998437,0.4529088870963569,302.2754534019257
Simulation_000001,Graphite,3.1488392077208824,0.4824496486935484,0.4529088870963569,302.27523029955336
Simulation_000001,Graphite,3.1488392077208824,0.49181760303711247,0.4529088870963569,302.2750231515408
Simulation_000001,Graphite,3.1488392077208824,0.5011855573806765,0.4529088870963569,302.27483420921163
Simulation_000001,Graphite,3.1488392077208824,0.5105535117242406,0.4529088870963569,302.2746644866955
Simulation_000001,Graphite,3.1488392077208824,0.5199214660678046,0.4529088870963569,302.27451388868565
Simulation_000001,Graphite,3.1488392077208824,0.5292894204113686,0.4529088870963569,302.27438136694917
Simulation_000001,Graphite,3.1488392077208824,0.5386573747549327,0.4529088870963569,302.27426508452515
Simulation_000001,Graphite,3.1488392077208824,0.5480253290984968,0.4529088870963569,302.2741625707075
Simulation_000001,Graphite,3.1488392077208824,0.5573932834420607,0.4529088870963569,302.27407085483674
Simulation_000001,Graphite,3.1488392077208824,0.5667612377856248,0.4529088870963569,302.2739865719176
Simulation_000001,Graphite,3.1488392077208824,0.5761291921291889,0.4529088870963569,302.27390603763297
Simulation_000001,Graphite,3.1488392077208824,0.585497146472753,0.4529088870963569,302.2738252941356
Simulation_000001,Graphite,3.1488392077208824,0.5948651008163169,0.4529088870963569,302.27374013091776
Simulation_000001,Graphite,3.1488392077208824,0.604233055159881,0.4529088870963569,302.2736460870643
Simulation_000001,Graphite,3.1488392077208824,0.6136010095034451,0.4529088870963569,302.27353844234784
Simulation_000001,Graphite,3.1488392077208824,0.6229689638470091,0.4529088870963569,302.2734122050122
Simulation_000001,Graphite,3.1488392077208824,0.6323369181905731,0.4529088870963569,302.27326210383626
Simulation_000001,Graphite,3.1488392077208824,0.6417048725341372,0.4529088870963569,302.27308259127926
Simulation_000001,Graphite,3.1488392077208824,0.6510728268777013,0.4529088870963569,302.27286786329296
Simulation_000001,Graphite,3.1488392077208824,0.6604407812212653,0.4529088870963569,302.27261189983903
Simulation_000001,Graphite,3.1488392077208824,0.6698087355648293,0.4529088870963569,302.2723085283744
Simulation_000001,Graphite,3.1488392077208824,0.6791766899083934,0.4529088870963569,302.27195151065564
Simulation_000001,Graphite,3.1488392077208824,0.6885446442519574,0.4529088870963569,302.2715346512744
Simulation_000001,Graphite,3.1488392077208824,0.6979125985955215,0.4529088870963569,302.2710519244816
Simulation_000001,Graphite,3.1488392077208824,0.7072805529390855,0.4529088870963569,302.27049761419755
Simulation_000001,Graphite,3.1488392077208824,0.7166485072826496,0.4529088870963569,302.26986646076966
Simulation_000001,Graphite,3.1488392077208824,0.7260164616262136,0.4529088870963569,302.2691538071063
Simulation_000001,Graphite,3.1488392077208824,0.7353844159697777,0.4529088870963569,302.26835573638573
Simulation_000001,Graphite,3.1488392077208824,0.7447523703133417,0.4529088870963569,302.2674691936356
Simulation_000001,Graphite,3.1488392077208824,0.7541203246569057,0.4529088870963569,302.2664920841138
Simulation_000001,Graphite,3.1488392077208824,0.004683977171782023,0.45933312662963854,302.27324030809086
Simulation_000001,Graphite,3.1488392077208824,0.01405193151534607,0.45933312662963854,302.27324035873914
Simulation_000001,Graphite,3.1488392077208824,0.023419885858910118,0.45933312662963854,302.2732404689061
Simulation_000001,Graphite,3.1488392077208824,0.03278784020247416,0.45933312662963854,302.27324065742494
Simulation_000001,Graphite,3.1488392077208824,0.04215579454603821,0.45933312662963854,302.2732409553388
Simulation_000001,Graphite,3.1488392077208824,0.05152374888960226,0.45933312662963854,302.273241409424
Simulation_000001,Graphite,3.1488392077208824,0.060891703233166304,0.45933312662963854,302.27324208715623
Simulation_000001,Graphite,3.1488392077208824,0.07025965757673035,0.45933312662963854,302.27324308331976
Simulation_000001,Graphite,3.1488392077208824,0.0796276119202944,0.45933312662963854,302.2732445284583
Simulation_000001,Graphite,3.1488392077208824,0.08899556626385845,0.45933312662963854,302.27324659933697
Simulation_000001,Graphite,3.1488392077208824,0.0983635206074225,0.45933312662963854,302.2732495314969
Simulation_000001,Graphite,3.1488392077208824,0.10773147495098653,0.45933312662963854,302.2732536338373
Simulation_000001,Graphite,3.1488392077208824,0.11709942929455058,0.45933312662963854,302.2732593049345
Simulation_000001,Graphite,3.1488392077208824,0.12646738363811463,0.45933312662963854,302.27326705049484
Simulation_000001,Graphite,3.1488392077208824,0.13583533798167866,0.45933312662963854,302.27327750093974
Simulation_000001,Graphite,3.1488392077208824,0.1452032923252427,0.45933312662963854,302.27329142763557
Simulation_000001,Graphite,3.1488392077208824,0.15457124666880676,0.45933312662963854,302.2733097557398
Simulation_000001,Graphite,3.1488392077208824,0.1639392010123708,0.45933312662963854,302.2733335710749
Simulation_000001,Graphite,3.1488392077208824,0.17330715535593486,0.45933312662963854,302.2733641179249
Simulation_000001,Graphite,3.1488392077208824,0.1826751096994989,0.45933312662963854,302.273402784272
Simulation_000001,Graphite,3.1488392077208824,0.19204306404306296,0.45933312662963854,302.2734510708536
Simulation_000001,Graphite,3.1488392077208824,0.20141101838662698,0.45933312662963854,302.2735105406579
Simulation_000001,Graphite,3.1488392077208824,0.21077897273019103,0.45933312662963854,302.2735827462082
Simulation_000001,Graphite,3.1488392077208824,0.22014692707375508,0.45933312662963854,302.2736691333357
Simulation_000001,Graphite,3.1488392077208824,0.22951488141731913,0.45933312662963854,302.2737709221681
Simulation_000001,Graphite,3.1488392077208824,0.23888283576088318,0.45933312662963854,302.2738889687688
Simulation_000001,Graphite,3.1488392077208824,0.24825079010444723,0.45933312662963854,302.27402361413107
Simulation_000001,Graphite,3.1488392077208824,0.2576187444480113,0.45933312662963854,302.274174530816
Simulation_000001,Graphite,3.1488392077208824,0.2669866987915753,0.45933312662963854,302.27434058101056
Simulation_000001,Graphite,3.1488392077208824,0.2763546531351394,0.45933312662963854,302.2745197026135
Simulation_000001,Graphite,3.1488392077208824,0.2857226074787034,0.45933312662963854,302.27470884147345
Simulation_000001,Graphite,3.1488392077208824,0.2950905618222675,0.45933312662963854,302.2749039474137
Simulation_000001,Graphite,3.1488392077208824,0.3044585161658315,0.45933312662963854,302.27510004862785
Simulation_000001,Graphite,3.1488392077208824,0.31382647050939555,0.45933312662963854,302.2752914131434
Simulation_000001,Graphite,3.1488392077208824,0.3231944248529596,0.45933312662963854,302.2754717975089
Simulation_000001,Graphite,3.1488392077208824,0.33256237919652365,0.45933312662963854,302.2756347724351
Simulation_000001,Graphite,3.1488392077208824,0.3419303335400877,0.45933312662963854,302.27577410413284
Simulation_000001,Graphite,3.1488392077208824,0.35129828788365175,0.45933312662963854,302.275884160306
Simulation_000001,Graphite,3.1488392077208824,0.3606662422272158,0.45933312662963854,302.27596030302357
Simulation_000001,Graphite,3.1488392077208824,0.37003419657077985,0.45933312662963854,302.2759992285459
Simulation_000001,Graphite,3.1488392077208824,0.3794021509143439,0.45933312662963854,302.2759992174701
Simulation_000001,Graphite,3.1488392077208824,0.38877010525790795,0.45933312662963854,302.27596026715844
Simulation_000001,Graphite,3.1488392077208824,0.39813805960147197,0.45933312662963854,302.2758840912346
Simulation_000001,Graphite,3.1488392077208824,0.40750601394503605,0.45933312662963854,302.27577398607735
Simulation_000001,Graphite,3.1488392077208824,0.41687396828860007,0.45933312662963854,302.2756345793816
Simulation_000001,Graphite,3.1488392077208824,0.42624192263216415,0.45933312662963854,302.2754714886613
Simulation_000001,Graphite,3.1488392077208824,0.43560987697572817,0.45933312662963854,302.2752909261422
Simulation_000001,Graphite,3.1488392077208824,0.44497783131929225,0.45933312662963854,302.2750992897443
Simulation_000001,Graphite,3.1488392077208824,0.45434578566285627,0.45933312662963854,302.2749027776641
Simulation_000001,Graphite,3.1488392077208824,0.4637137400064203,0.45933312662963854,302.2747070572846
Simulation_000001,Graphite,3.1488392077208824,0.47308169434998437,0.45933312662963854,302.2745170093008
Simulation_000001,Graphite,3.1488392077208824,0.4824496486935484,0.45933312662963854,302.2743365569235
Simulation_000001,Graphite,3.1488392077208824,0.49181760303711247,0.45933312662963854,302.2741685795561
Simulation_000001,Graphite,3.1488392077208824,0.5011855573806765,0.45933312662963854,302.27401490178875
Simulation_000001,Graphite,3.1488392077208824,0.5105535117242406,0.45933312662963854,302.27387634268115
Simulation_000001,Graphite,3.1488392077208824,0.5199214660678046,0.45933312662963854,302.2737528073142
Simulation_000001,Graphite,3.1488392077208824,0.5292894204113686,0.45933312662963854,302.2736434022165
Simulation_000001,Graphite,3.1488392077208824,0.5386573747549327,0.45933312662963854,302.2735465579658
Simulation_000001,Graphite,3.1488392077208824,0.5480253290984968,0.45933312662963854,302.27346014534766
Simulation_000001,Graphite,3.1488392077208824,0.5573932834420607,0.45933312662963854,302.2733815752716
Simulation_000001,Graphite,3.1488392077208824,0.5667612377856248,0.45933312662963854,302.27330787662214
Simulation_000001,Graphite,3.1488392077208824,0.5761291921291889,0.45933312662963854,302.2732357499483
Simulation_000001,Graphite,3.1488392077208824,0.585497146472753,0.45933312662963854,302.27316159808885
Simulation_000001,Graphite,3.1488392077208824,0.5948651008163169,0.45933312662963854,302.2730815373445
Simulation_000001,Graphite,3.1488392077208824,0.604233055159881,0.45933312662963854,302.2729913945922
Simulation_000001,Graphite,3.1488392077208824,0.6136010095034451,0.45933312662963854,302.2728866968136
Simulation_000001,Graphite,3.1488392077208824,0.6229689638470091,0.45933312662963854,302.2727626599308
Simulation_000001,Graphite,3.1488392077208824,0.6323369181905731,0.45933312662963854,302.27261418368647
Simulation_000001,Graphite,3.1488392077208824,0.6417048725341372,0.45933312662963854,302.27243585865455
Simulation_000001,Graphite,3.1488392077208824,0.6510728268777013,0.45933312662963854,302.27222199040045
Simulation_000001,Graphite,3.1488392077208824,0.6604407812212653,0.45933312662963854,302.27196664441186
Simulation_000001,Graphite,3.1488392077208824,0.6698087355648293,0.45933312662963854,302.27166371377393
Simulation_000001,Graphite,3.1488392077208824,0.6791766899083934,0.45933312662963854,302.27130700976346
Simulation_000001,Graphite,3.1488392077208824,0.6885446442519574,0.45933312662963854,302.2708903736813
Simulation_000001,Graphite,3.1488392077208824,0.6979125985955215,0.45933312662963854,302.270407806455
Simulation_000001,Graphite,3.1488392077208824,0.7072805529390855,0.45933312662963854,302.269853610931
Simulation_000001,Graphite,3.1488392077208824,0.7166485072826496,0.45933312662963854,302.2692225404664
Simulation_000001,Graphite,3.1488392077208824,0.7260164616262136,0.45933312662963854,302.26850994652455
Simulation_000001,Graphite,3.1488392077208824,0.7353844159697777,0.45933312662963854,302.2677119175528
Simulation_000001,Graphite,3.1488392077208824,0.7447523703133417,0.45933312662963854,302.26682540152
Simulation_000001,Graphite,3.1488392077208824,0.7541203246569057,0.45933312662963854,302.2658483050977
Simulation_000001,Graphite,3.1488392077208824,0.004683977171782023,0.46575736616292024,302.27253183122315
Simulation_000001,Graphite,3.1488392077208824,0.01405193151534607,0.46575736616292024,302.2725318733039
Simulation_000001,Graphite,3.1488392077208824,0.023419885858910118,0.46575736616292024,302.2725319648168
Simulation_000001,Graphite,3.1488392077208824,0.03278784020247416,0.46575736616292024,302.272532121365
Simulation_000001,Graphite,3.1488392077208824,0.04215579454603821,0.46575736616292024,302.27253236865454
Simulation_000001,Graphite,3.1488392077208824,0.05152374888960226,0.46575736616292024,302.2725327453935
Simulation_000001,Graphite,3.1488392077208824,0.060891703233166304,0.46575736616292024,302.27253330737443
Simulation_000001,Graphite,3.1488392077208824,0.07025965757673035,0.46575736616292024,302.2725341328963
Simulation_000001,Graphite,3.1488392077208824,0.0796276119202944,0.46575736616292024,302.2725353296852
Simulation_000001,Graphite,3.1488392077208824,0.08899556626385845,0.46575736616292024,302.2725370434391
Simulation_000001,Graphite,3.1488392077208824,0.0983635206074225,0.46575736616292024,302.2725394680524
Simulation_000001,Graphite,3.1488392077208824,0.10773147495098653,0.46575736616292024,302.27254285744704
Simulation_000001,Graphite,3.1488392077208824,0.11709942929455058,0.46575736616292024,302.2725475387521
Simulation_000001,Graphite,3.1488392077208824,0.12646738363811463,0.46575736616292024,302.2725539263146
Simulation_000001,Graphite,3.1488392077208824,0.13583533798167866,0.46575736616292024,302.2725625356943
Simulation_000001,Graphite,3.1488392077208824,0.1452032923252427,0.46575736616292024,302.2725739964072
Simulation_000001,Graphite,3.1488392077208824,0.15457124666880676,0.46575736616292024,302.2725890617408
Simulation_000001,Graphite,3.1488392077208824,0.1639392010123708,0.46575736616292024,302.27260861353017
Simulation_000001,Graphite,3.1488392077208824,0.17330715535593486,0.46575736616292024,302.2726336593793
Simulation_000001,Graphite,3.1488392077208824,0.1826751096994989,0.46575736616292024,302.27266531954695
Simulation_000001,Graphite,3.1488392077208824,0.19204306404306296,0.46575736616292024,302.2727048006417
Simulation_000001,Graphite,3.1488392077208824,0.20141101838662698,0.46575736616292024,302.27275335352147
Simulation_000001,Graphite,3.1488392077208824,0.21077897273019103,0.46575736616292024,302.2728122134415
Simulation_000001,Graphite,3.1488392077208824,0.22014692707375508,0.46575736616292024,302.2728825216384
Simulation_000001,Graphite,3.1488392077208824,0.22951488141731913,0.46575736616292024,302.2729652292138
Simulation_000001,Graphite,3.1488392077208824,0.23888283576088318,0.46575736616292024,302.2730609863694
Simulation_000001,Graphite,3.1488392077208824,0.24825079010444723,0.46575736616292024,302.27317002264147
Simulation_000001,Graphite,3.1488392077208824,0.2576187444480113,0.46575736616292024,302.2732920265607
Simulation_000001,Graphite,3.1488392077208824,0.2669866987915753,0.46575736616292024,302.273426035797
Simulation_000001,Graphite,3.1488392077208824,0.2763546531351394,0.46575736616292024,302.2735703508907
Simulation_000001,Graphite,3.1488392077208824,0.2857226074787034,0.46575736616292024,302.27372248661584
Simulation_000001,Graphite,3.1488392077208824,0.2950905618222675,0.46575736616292024,302.2738791743736
Simulation_000001,Graphite,3.1488392077208824,0.3044585161658315,0.46575736616292024,302.2740364263809
Simulation_000001,Graphite,3.1488392077208824,0.31382647050939555,0.46575736616292024,302.274189667665
Simulation_000001,Graphite,3.1488392077208824,0.3231944248529596,0.46575736616292024,302.2743339351877
Simulation_000001,Graphite,3.1488392077208824,0.33256237919652365,0.46575736616292024,302.27446413544067
Simulation_000001,Graphite,3.1488392077208824,0.3419303335400877,0.46575736616292024,302.2745753435891
Simulation_000001,Graphite,3.1488392077208824,0.35129828788365175,0.46575736616292024,302.27466312000547
Simulation_000001,Graphite,3.1488392077208824,0.3606662422272158,0.46575736616292024,302.27472381517055
Simulation_000001,Graphite,3.1488392077208824,0.37003419657077985,0.46575736616292024,302.27475483251646
Simulation_000001,Graphite,3.1488392077208824,0.3794021509143439,0.46575736616292024,302.27475482144166
Simulation_000001,Graphite,3.1488392077208824,0.38877010525790795,0.46575736616292024,302.2747237793088
Simulation_000001,Graphite,3.1488392077208824,0.39813805960147197,0.46575736616292024,302.27466305094066
Simulation_000001,Graphite,3.1488392077208824,0.40750601394503605,0.46575736616292024,302.27457522554477
Simulation_000001,Graphite,3.1488392077208824,0.41687396828860007,0.46575736616292024,302.2744639424054
Simulation_000001,Graphite,3.1488392077208824,0.42624192263216415,0.46575736616292024,302.27433362636935
Simulation_000001,Graphite,3.1488392077208824,0.43560987697572817,0.46575736616292024,302.27418918071004
Simulation_000001,Graphite,3.1488392077208824,0.44497783131929225,0.46575736616292024,302.2740356675692
Simulation_000001,Graphite,3.1488392077208824,0.45434578566285627,0.46575736616292024,302.2738780047345
Simulation_000001,Graphite,3.1488392077208824,0.4637137400064203,0.46575736616292024,302.2737207025951
Simulation_000001,Graphite,3.1488392077208824,0.47308169434998437,0.46575736616292024,302.273567657831
Simulation_000001,Graphite,3.1488392077208824,0.4824496486935484,0.46575736616292024,302.27342201208694
Simulation_000001,Graphite,3.1488392077208824,0.49181760303711247,0.46575736616292024,302.2732860758566
Simulation_000001,Graphite,3.1488392077208824,0.5011855573806765,0.46575736616292024,302.2731613111102
Simulation_000001,Graphite,3.1488392077208824,0.5105535117242406,0.46575736616292024,302.2730483614528
Simulation_000001,Graphite,3.1488392077208824,0.5199214660678046,0.46575736616292024,302.27294711603327
Simulation_000001,Graphite,3.1488392077208824,0.5292894204113686,0.46575736616292024,302.27285679288565
Simulation_000001,Graphite,3.1488392077208824,0.5386573747549327,0.46575736616292024,302.27277602851075
Simulation_000001,Graphite,3.1488392077208824,0.5480253290984968,0.46575736616292024,302.27270296279795
Simulation_000001,Graphite,3.1488392077208824,0.5573932834420607,0.46575736616292024,302.27263531134685
Simulation_000001,Graphite,3.1488392077208824,0.5667612377856248,0.46575736616292024,302.27257042042606
Simulation_000001,Graphite,3.1488392077208824,0.5761291921291889,0.46575736616292024,302.27250530285306
Simulation_000001,Graphite,3.1488392077208824,0.585497146472753,0.46575736616292024,302.2724366557579
Simulation_000001,Graphite,3.1488392077208824,0.5948651008163169,0.46575736616292024,302.2723608633498
Simulation_000001,Graphite,3.1488392077208824,0.604233055159881,0.46575736616292024,302.2722739893928
Simulation_000001,Graphite,3.1488392077208824,0.6136010095034451,0.46575736616292024,302.2721717650814
Simulation_000001,Graphite,3.1488392077208824,0.6229689638470091,0.46575736616292024,302.27204957844395
Simulation_000001,Graphite,3.1488392077208824,0.6323369181905731,0.46575736616292024,302.27190247131074
Simulation_000001,Graphite,3.1488392077208824,0.6417048725341372,0.46575736616292024,302.2717251493404
Simulation_000001,Graphite,3.1488392077208824,0.6510728268777013,0.46575736616292024,302.2715120096474
Simulation_000001,Graphite,3.1488392077208824,0.6604407812212653,0.46575736616292024,302.2712571892968
Simulation_000001,Graphite,3.1488392077208824,0.6698087355648293,0.46575736616292024,302.27095463639034
Simulation_000001,Graphite,3.1488392077208824,0.6791766899083934,0.46575736616292024,302.27059820376115
Simulation_000001,Graphite,3.1488392077208824,0.6885446442519574,0.46575736616292024,302.27018176351305
Simulation_000001,Graphite,3.1488392077208824,0.6979125985955215,0.46575736616292024,302.2696993389077
Simulation_000001,Graphite,3.1488392077208824,0.7072805529390855,0.46575736616292024,302.26914524852964
Simulation_000001,Graphite,3.1488392077208824,0.7166485072826496,0.46575736616292024,302.26851425638483
Simulation_000001,Graphite,3.1488392077208824,0.7260164616262136,0.46575736616292024,302.267801720698
Simulation_000001,Graphite,3.1488392077208824,0.7353844159697777,0.46575736616292024,302.267003733774
Simulation_000001,Graphite,3.1488392077208824,0.7447523703133417,0.46575736616292024,302.26611724539043
Simulation_000001,Graphite,3.1488392077208824,0.7541203246569057,0.46575736616292024,302.26514016277554
Simulation_000001,Graphite,3.1488392077208824,0.004683977171782023,0.4721816056962019,302.2717557163393
Simulation_000001,Graphite,3.1488392077208824,0.01405193151534607,0.4721816056962019,302.27175575123204
Simulation_000001,Graphite,3.1488392077208824,0.023419885858910118,0.4721816056962019,302.27175582709776
Simulation_000001,Graphite,3.1488392077208824,0.03278784020247416,0.4721816056962019,302.2717559568379
Simulation_000001,Graphite,3.1488392077208824,0.04215579454603821,0.4721816056962019,302.2717561616963
Simulation_000001,Graphite,3.1488392077208824,0.05152374888960226,0.4721816056962019,302.27175647364095
Simulation_000001,Graphite,3.1488392077208824,0.060891703233166304,0.4721816056962019,302.27175693871186
Simulation_000001,Graphite,3.1488392077208824,0.07025965757673035,0.4721816056962019,302.2717576214615
Simulation_000001,Graphite,3.1488392077208824,0.0796276119202944,0.4721816056962019,302.2717586106099
Simulation_000001,Graphite,3.1488392077208824,0.08899556626385845,0.4721816056962019,302.2717600260104
Simulation_000001,Graphite,3.1488392077208824,0.0983635206074225,0.4721816056962019,302.2717620269596
Simulation_000001,Graphite,3.1488392077208824,0.10773147495098653,0.4721816056962019,302.27176482177765
Simulation_000001,Graphite,3.1488392077208824,0.11709942929455058,0.4721816056962019,302.27176867843167
Simulation_000001,Graphite,3.1488392077208824,0.12646738363811463,0.4721816056962019,302.27177393576017
Simulation_000001,Graphite,3.1488392077208824,0.13583533798167866,0.4721816056962019,302.2717810145884
Simulation_000001,Graphite,3.1488392077208824,0.1452032923252427,0.4721816056962019,302.2717904277081
Simulation_000001,Graphite,3.1488392077208824,0.15457124666880676,0.4721816056962019,302.27180278734625
Simulation_000001,Graphite,3.1488392077208824,0.1639392010123708,0.4721816056962019,302.2718188084009
Simulation_000001,Graphite,3.1488392077208824,0.17330715535593486,0.4721816056962019,302.27183930541923
Simulation_000001,Graphite,3.1488392077208824,0.1826751096994989,0.4721816056962019,302.27186518109716
Simulation_000001,Graphite,3.1488392077208824,0.19204306404306296,0.4721816056962019,302.2718974040614
Simulation_000001,Graphite,3.1488392077208824,0.20141101838662698,0.4721816056962019,302.27193697393164
Simulation_000001,Graphite,3.1488392077208824,0.21077897273019103,0.4721816056962019,302.2719848722317
Simulation_000001,Graphite,3.1488392077208824,0.22014692707375508,0.4721816056962019,302.27204199867606
Simulation_000001,Graphite,3.1488392077208824,0.22951488141731913,0.4721816056962019,302.2721090937364
Simulation_000001,Graphite,3.1488392077208824,0.23888283576088318,0.4721816056962019,302.2721866501509
Simulation_000001,Graphite,3.1488392077208824,0.24825079010444723,0.4721816056962019,302.27227481809234
Simulation_000001,Graphite,3.1488392077208824,0.2576187444480113,0.4721816056962019,302.2723733108576
Simulation_000001,Graphite,3.1488392077208824,0.2669866987915753,0.4721816056962019,302.27248131992314
Simulation_000001,Graphite,3.1488392077208824,0.2763546531351394,0.4721816056962019,302.2725974496767
Simulation_000001,Graphite,3.1488392077208824,0.2857226074787034,0.4721816056962019,302.2727196826936
Simulation_000001,Graphite,3.1488392077208824,0.2950905618222675,0.4721816056962019,302.2728453857303
Simulation_000001,Graphite,3.1488392077208824,0.3044585161658315,0.4721816056962019,302.2729713643791
Simulation_000001,Graphite,3.1488392077208824,0.31382647050939555,0.4721816056962019,302.273093970508
Simulation_000001,Graphite,3.1488392077208824,0.3231944248529596,0.4721816056962019,302.27320926139134
Simulation_000001,Graphite,3.1488392077208824,0.33256237919652365,0.4721816056962019,302.27331320331814
Simulation_000001,Graphite,3.1488392077208824,0.3419303335400877,0.4721816056962019,302.2734019062435
Simulation_000001,Graphite,3.1488392077208824,0.35129828788365175,0.4721816056962019,302.27347187068335
Simulation_000001,Graphite,3.1488392077208824,0.3606662422272158,0.4721816056962019,302.27352022452664
Simulation_000001,Graphite,3.1488392077208824,0.37003419657077985,0.4721816056962019,302.27354492653996
Simulation_000001,Graphite,3.1488392077208824,0.3794021509143439,0.4721816056962019,302.2735449154664
Simulation_000001,Graphite,3.1488392077208824,0.38877010525790795,0.4721816056962019,302.27352018866867
Simulation_000001,Graphite,3.1488392077208824,0.39813805960147197,0.4721816056962019,302.2734718016258
Simulation_000001,Graphite,3.1488392077208824,0.40750601394503605,0.4721816056962019,302.2734017882117
Simulation_000001,Graphite,3.1488392077208824,0.41687396828860007,0.4721816056962019,302.2733130103031
Simulation_000001,Graphite,3.1488392077208824,0.42624192263216415,0.4721816056962019,302.2732089526055
Simulation_000001,Graphite,3.1488392077208824,0.43560987697572817,0.4721816056962019,302.27309348360404
Simulation_000001,Graphite,3.1488392077208824,0.44497783131929225,0.4721816056962019,302.27297060564666
Simulation_000001,Graphite,3.1488392077208824,0.45434578566285627,0.4721816056962019,302.2728442162134
Simulation_000001,Graphite,3.1488392077208824,0.4637137400064203,0.4721816056962019,302.2727178988588
Simulation_000001,Graphite,3.1488392077208824,0.47308169434998437,0.4721816056962019,302.2725947568972
Simulation_000001,Graphite,3.1488392077208824,0.4824496486935484,0.4721816056962019,302.27247729663065
Simulation_000001,Graphite,3.1488392077208824,0.49181760303711247,0.4721816056962019,302.27236736076946
Simulation_000001,Graphite,3.1488392077208824,0.5011855573806765,0.4721816056962019,302.27226610746027
Simulation_000001,Graphite,3.1488392077208824,0.5105535117242406,0.4721816056962019,302.27217402653326
Simulation_000001,Graphite,3.1488392077208824,0.5199214660678046,0.4721816056962019,302.27209098241303
Simulation_000001,Graphite,3.1488392077208824,0.5292894204113686,0.4721816056962019,302.2720162725513
Simulation_000001,Graphite,3.1488392077208824,0.5386573747549327,0.4721816056962019,302.2719486909814
Simulation_000001,Graphite,3.1488392077208824,0.5480253290984968,0.4721816056962019,302.27188658830954
Simulation_000001,Graphite,3.1488392077208824,0.5573932834420607,0.4721816056962019,302.2718279217651
Simulation_000001,Graphite,3.1488392077208824,0.5667612377856248,0.4721816056962019,302.27177029147924
Simulation_000001,Graphite,3.1488392077208824,0.5761291921291889,0.4721816056962019,302.27171096166455
Simulation_000001,Graphite,3.1488392077208824,0.585497146472753,0.4721816056962019,302.2716468676173
Simulation_000001,Graphite,3.1488392077208824,0.5948651008163169,0.4721816056962019,302.27157461132174
Simulation_000001,Graphite,3.1488392077208824,0.604233055159881,0.4721816056962019,302.2714904498381
Simulation_000001,Graphite,3.1488392077208824,0.6136010095034451,0.4721816056962019,302.27139028155926
Simulation_000001,Graphite,3.1488392077208824,0.6229689638470091,0.4721816056962019,302.27126963585266
Simulation_000001,Graphite,3.1488392077208824,0.6323369181905731,0.4721816056962019,302.2711236715566
Simulation_000001,Graphite,3.1488392077208824,0.6417048725341372,0.4721816056962019,302.2709471893384
Simulation_000001,Graphite,3.1488392077208824,0.6510728268777013,0.4721816056962019,302.27073466206394
Simulation_000001,Graphite,3.1488392077208824,0.6604407812212653,0.4721816056962019,302.2704802861439
Simulation_000001,Graphite,3.1488392077208824,0.6698087355648293,0.4721816056962019,302.27017805536906
Simulation_000001,Graphite,3.1488392077208824,0.6791766899083934,0.4721816056962019,302.269821857117
Simulation_000001,Graphite,3.1488392077208824,0.6885446442519574,0.4721816056962019,302.26940558908626
Simulation_000001,Graphite,3.1488392077208824,0.6979125985955215,0.4721816056962019,302.26892329303365
Simulation_000001,Graphite,3.1488392077208824,0.7072805529390855,0.4721816056962019,302.26836930045175
Simulation_000001,Graphite,3.1488392077208824,0.7166485072826496,0.4721816056962019,302.2677383838705
Simulation_000001,Graphite,3.1488392077208824,0.7260164616262136,0.4721816056962019,302.26702590661245
Simulation_000001,Graphite,3.1488392077208824,0.7353844159697777,0.4721816056962019,302.2662279634492
Simulation_000001,Graphite,3.1488392077208824,0.7447523703133417,0.4721816056962019,302.26534150474623
Simulation_000001,Graphite,3.1488392077208824,0.7541203246569057,0.4721816056962019,302.2643644372697
Simulation_000001,Graphite,3.1488392077208824,0.004683977171782023,0.4786058452294835,302.27090895965614
Simulation_000001,Graphite,3.1488392077208824,0.01405193151534607,0.4786058452294835,302.2709089885952
Simulation_000001,Graphite,3.1488392077208824,0.023419885858910118,0.4786058452294835,302.2709090515035
Simulation_000001,Graphite,3.1488392077208824,0.03278784020247416,0.4786058452294835,302.2709091590508
Simulation_000001,Graphite,3.1488392077208824,0.04215579454603821,0.4786058452294835,302.2709093287974
Simulation_000001,Graphite,3.1488392077208824,0.05152374888960226,0.4786058452294835,302.27090958715047
Simulation_000001,Graphite,3.1488392077208824,0.060891703233166304,0.4786058452294835,302.2709099721109
Simulation_000001,Graphite,3.1488392077208824,0.07025965757673035,0.4786058452294835,302.27091053690987
Simulation_000001,Graphite,3.1488392077208824,0.0796276119202944,0.4786058452294835,302.270911354631
Simulation_000001,Graphite,3.1488392077208824,0.08899556626385845,0.4786058452294835,302.27091252389
Simulation_000001,Graphite,3.1488392077208824,0.0983635206074225,0.4786058452294835,302.27091417558944
Simulation_000001,Graphite,3.1488392077208824,0.10773147495098653,0.4786058452294835,302.2709164806781
Simulation_000001,Graphite,3.1488392077208824,0.11709942929455058,0.4786058452294835,302.2709196587156
Simulation_000001,Graphite,3.1488392077208824,0.12646738363811463,0.4786058452294835,302.2709239868654
Simulation_000001,Graphite,3.1488392077208824,0.13583533798167866,0.4786058452294835,302.2709298087227
Simulation_000001,Graphite,3.1488392077208824,0.1452032923252427,0.4786058452294835,302.27093754212655
Simulation_000001,Graphite,3.1488392077208824,0.15457124666880676,0.4786058452294835,302.2709476848269
Simulation_000001,Graphite,3.1488392077208824,0.1639392010123708,0.4786058452294835,302.2709608166071
Simulation_000001,Graphite,3.1488392077208824,0.17330715535593486,0.4786058452294835,302.2709775962289
Simulation_000001,Graphite,3.1488392077208824,0.1826751096994989,0.4786058452294835,302.27099875143284
Simulation_000001,Graphite,3.1488392077208824,0.19204306404306296,0.4786058452294835,302.27102506023624
Simulation_000001,Graphite,3.1488392077208824,0.20141101838662698,0.4786058452294835,302.2710573219946
Simulation_000001,Graphite,3.1488392077208824,0.21077897273019103,0.4786058452294835,302.27109631718486
Simulation_000001,Graphite,3.1488392077208824,0.22014692707375508,0.4786058452294835,302.2711427556705
Simulation_000001,Graphite,3.1488392077208824,0.22951488141731913,0.4786058452294835,302.27119721433274
Simulation_000001,Graphite,3.1488392077208824,0.23888283576088318,0.4786058452294835,302.2712600663668
Simulation_000001,Graphite,3.1488392077208824,0.24825079010444723,0.4786058452294835,302.2713314061579
Simulation_000001,Graphite,3.1488392077208824,0.2576187444480113,0.4786058452294835,302.27141097531313
Simulation_000001,Graphite,3.1488392077208824,0.2669866987915753,0.4786058452294835,302.27149809691304
Simulation_000001,Graphite,3.1488392077208824,0.2763546531351394,0.4786058452294835,302.27159162609365
Simulation_000001,Graphite,3.1488392077208824,0.2857226074787034,0.4786058452294835,302.2716899253757
Simulation_000001,Graphite,3.1488392077208824,0.2950905618222675,0.4786058452294835,302.2717908724726
Simulation_000001,Graphite,3.1488392077208824,0.3044585161658315,0.4786058452294835,302.27189190644674
Simulation_000001,Graphite,3.1488392077208824,0.31382647050939555,0.4786058452294835,302.27199011502313
Simulation_000001,Graphite,3.1488392077208824,0.3231944248529596,0.4786058452294835,302.2720823617938
Simulation_000001,Graphite,3.1488392077208824,0.33256237919652365,0.4786058452294835,302.27216544735177
Simulation_000001,Graphite,3.1488392077208824,0.3419303335400877,0.4786058452294835,302.27223629369047
Simulation_000001,Graphite,3.1488392077208824,0.35129828788365175,0.4786058452294835,302.27229213721046
Simulation_000001,Graphite,3.1488392077208824,0.3606662422272158,0.4786058452294835,302.27233071311326
Simulation_000001,Graphite,3.1488392077208824,0.37003419657077985,0.4786058452294835,302.27235041338986
Simulation_000001,Graphite,3.1488392077208824,0.3794021509143439,0.4786058452294835,302.27235040231756
Simulation_000001,Graphite,3.1488392077208824,0.38877010525790795,0.4786058452294835,302.27233067725945
Simulation_000001,Graphite,3.1488392077208824,0.39813805960147197,0.4786058452294835,302.27229206816094
Simulation_000001,Graphite,3.1488392077208824,0.40750601394503605,0.4786058452294835,302.2722361756722
Simulation_000001,Graphite,3.1488392077208824,0.41687396828860007,0.4786058452294835,302.27216525435915
Simulation_000001,Graphite,3.1488392077208824,0.42624192263216415,0.4786058452294835,302.27208205304356
Simulation_000001,Graphite,3.1488392077208824,0.43560987697572817,0.4786058452294835,302.27198962817533
Simulation_000001,Graphite,3.1488392077208824,0.44497783131929225,0.4786058452294835,302.27189114780174
Simulation_000001,Graphite,3.1488392077208824,0.45434578566285627,0.4786058452294835,302.27178970309023
Simulation_000001,Graphite,3.1488392077208824,0.4637137400064203,0.4786058452294835,302.27168814174576
Simulation_000001,Graphite,3.1488392077208824,0.47308169434998437,0.4786058452294835,302.27158893362287
Simulation_000001,Graphite,3.1488392077208824,0.4824496486935484,0.4786058452294835,302.2714940740809
Simulation_000001,Graphite,3.1488392077208824,0.49181760303711247,0.4786058452294835,302.2714050259043
Simulation_000001,Graphite,3.1488392077208824,0.5011855573806765,0.4786058452294835,302.27132269651787
Simulation_000001,Graphite,3.1488392077208824,0.5105535117242406,0.4786058452294835,302.2712474441831
Simulation_000001,Graphite,3.1488392077208824,0.5199214660678046,0.4786058452294835,302.2711791050606
Simulation_000001,Graphite,3.1488392077208824,0.5292894204113686,0.4786058452294835,302.27111703245
Simulation_000001,Graphite,3.1488392077208824,0.5386573747549327,0.4786058452294835,302.27106014000464
Simulation_000001,Graphite,3.1488392077208824,0.5480253290984968,0.4786058452294835,302.2710069420181
Simulation_000001,Graphite,3.1488392077208824,0.5573932834420607,0.4786058452294835,302.2709555856915
Simulation_000001,Graphite,3.1488392077208824,0.5667612377856248,0.4786058452294835,302.2709038723498
Simulation_000001,Graphite,3.1488392077208824,0.5761291921291889,0.4786058452294835,302.27084926664696
Simulation_000001,Graphite,3.1488392077208824,0.585497146472753,0.4786058452294835,302.270788894697
Simulation_000001,Graphite,3.1488392077208824,0.5948651008163169,0.4786058452294835,302.2707195336813
Simulation_000001,Graphite,3.1488392077208824,0.604233055159881,0.4786058452294835,302.27063759671887
Simulation_000001,Graphite,3.1488392077208824,0.6136010095034451,0.4786058452294835,302.2705391176204
Simulation_000001,Graphite,3.1488392077208824,0.6229689638470091,0.4786058452294835,302.2704197405552
Simulation_000001,Graphite,3.1488392077208824,0.6323369181905731,0.4786058452294835,302.2702747196515
Simulation_000001,Graphite,3.1488392077208824,0.6417048725341372,0.4786058452294835,302.2700989331397
Simulation_000001,Graphite,3.1488392077208824,0.6510728268777013,0.4786058452294835,302.2698869158677
Simulation_000001,Graphite,3.1488392077208824,0.6604407812212653,0.4786058452294835,302.26963291290366
Simulation_000001,Graphite,3.1488392077208824,0.6698087355648293,0.4786058452294835,302.2693309555635
Simulation_000001,Graphite,3.1488392077208824,0.6791766899083934,0.4786058452294835,302.268974959623
Simulation_000001,Graphite,3.1488392077208824,0.6885446442519574,0.4786058452294835,302.268558843808
Simulation_000001,Graphite,3.1488392077208824,0.6979125985955215,0.4786058452294835,302.26807666500434
Simulation_000001,Graphite,3.1488392077208824,0.7072805529390855,0.4786058452294835,302.2675227651225
Simulation_000001,Graphite,3.1488392077208824,0.7166485072826496,0.4786058452294835,302.2668919233266
Simulation_000001,Graphite,3.1488392077208824,0.7260164616262136,0.4786058452294835,302.26617950650154
Simulation_000001,Graphite,3.1488392077208824,0.7353844159697777,0.4786058452294835,302.26538161050064
Simulation_000001,Graphite,3.1488392077208824,0.7447523703133417,0.4786058452294835,302.264495184913
Simulation_000001,Graphite,3.1488392077208824,0.7541203246569057,0.4786058452294835,302.2635181347423
Simulation_000001,Graphite,3.1488392077208824,0.004683977171782023,0.4850300847627652,302.2699888253559
Simulation_000001,Graphite,3.1488392077208824,0.01405193151534607,0.4850300847627652,302.26998884944476
Simulation_000001,Graphite,3.1488392077208824,0.023419885858910118,0.4850300847627652,302.2699889017992
Simulation_000001,Graphite,3.1488392077208824,0.03278784020247416,0.4850300847627652,302.2699889912754
Simulation_000001,Graphite,3.1488392077208824,0.04215579454603821,0.4850300847627652,302.26998913244205
Simulation_000001,Graphite,3.1488392077208824,0.05152374888960226,0.4850300847627652,302.2699893471927
Simulation_000001,Graphite,3.1488392077208824,0.060891703233166304,0.4850300847627652,302.2699896670073
Simulation_000001,Graphite,3.1488392077208824,0.07025965757673035,0.4850300847627652,302.26999013594184
Simulation_000001,Graphite,3.1488392077208824,0.0796276119202944,0.4850300847627652,302.26999081442005
Simulation_000001,Graphite,3.1488392077208824,0.08899556626385845,0.4850300847627652,302.2699917838806
Simulation_000001,Graphite,3.1488392077208824,0.0983635206074225,0.4850300847627652,302.2699931522882
Simulation_000001,Graphite,3.1488392077208824,0.10773147495098653,0.4850300847627652,302.2699950604408
Simulation_000001,Graphite,3.1488392077208824,0.11709942929455058,0.4850300847627652,302.269997688899
Simulation_000001,Graphite,3.1488392077208824,0.12646738363811463,0.4850300847627652,302.2700012652171
Simulation_000001,Graphite,3.1488392077208824,0.13583533798167866,0.4850300847627652,302.2700060709782
Simulation_000001,Graphite,3.1488392077208824,0.1452032923252427,0.4850300847627652,302.27001244792615
Simulation_000001,Graphite,3.1488392077208824,0.15457124666880676,0.4850300847627652,302.2700208022675
Simulation_000001,Graphite,3.1488392077208824,0.1639392010123708,0.4850300847627652,302.2700316059991
Simulation_000001,Graphite,3.1488392077208824,0.17330715535593486,0.4850300847627652,302.2700453939461
Simulation_000001,Graphite,3.1488392077208824,0.1826751096994989,0.4850300847627652,302.27006275509467
Simulation_000001,Graphite,3.1488392077208824,0.19204306404306296,0.4850300847627652,302.2700843168416
Simulation_000001,Graphite,3.1488392077208824,0.20141101838662698,0.4850300847627652,302.27011072097855
Simulation_000001,Graphite,3.1488392077208824,0.21077897273019103,0.4850300847627652,302.2701425906618
Simulation_000001,Graphite,3.1488392077208824,0.22014692707375508,0.4850300847627652,302.270180488278
Simulation_000001,Graphite,3.1488392077208824,0.22951488141731913,0.4850300847627652,302.2702248650443
Simulation_000001,Graphite,3.1488392077208824,0.23888283576088318,0.4850300847627652,302.270276004312
Simulation_000001,Graphite,3.1488392077208824,0.24825079010444723,0.4850300847627652,302.27033396182406
Simulation_000001,Graphite,3.1488392077208824,0.2576187444480113,0.4850300847627652,302.2703985074615
Simulation_000001,Graphite,3.1488392077208824,0.2669866987915753,0.4850300847627652,302.2704690741355
Simulation_000001,Graphite,3.1488392077208824,0.2763546531351394,0.4850300847627652,302.2705447202257
Simulation_000001,Graphite,3.1488392077208824,0.2857226074787034,0.4850300847627652,302.27062411210903
Simulation_000001,Graphite,3.1488392077208824,0.2950905618222675,0.4850300847627652,302.27070553268334
Simulation_000001,Graphite,3.1488392077208824,0.3044585161658315,0.4850300847627652,302.270786920237
Simulation_000001,Graphite,3.1488392077208824,0.31382647050939555,0.4850300847627652,302.27086593956625
Simulation_000001,Graphite,3.1488392077208824,0.3231944248529596,0.4850300847627652,302.27094008404305
Simulation_000001,Graphite,3.1488392077208824,0.33256237919652365,0.4850300847627652,302.2710068037178
Simulation_000001,Graphite,3.1488392077208824,0.3419303335400877,0.4850300847627652,302.27106365096193
Simulation_000001,Graphite,3.1488392077208824,0.35129828788365175,0.4850300847627652,302.27110843216485
Simulation_000001,Graphite,3.1488392077208824,0.3606662422272158,0.4850300847627652,302.2711393521224
Simulation_000001,Graphite,3.1488392077208824,0.37003419657077985,0.4850300847627652,302.2711551374013
Simulation_000001,Graphite,3.1488392077208824,0.3794021509143439,0.4850300847627652,302.27115512633037
Simulation_000001,Graphite,3.1488392077208824,0.38877010525790795,0.4850300847627652,302.2711393162731
Simulation_000001,Graphite,3.1488392077208824,0.39813805960147197,0.4850300847627652,302.2711083631241
Simulation_000001,Graphite,3.1488392077208824,0.40750601394503605,0.4850300847627652,302.2710635329587
Simulation_000001,Graphite,3.1488392077208824,0.41687396828860007,0.4850300847627652,302.2710066107496
Simulation_000001,Graphite,3.1488392077208824,0.42624192263216415,0.4850300847627652,302.27093977533195
Simulation_000001,Graphite,3.1488392077208824,0.43560987697572817,0.4850300847627652,302.27086545277996
Simulation_000001,Graphite,3.1488392077208824,0.44497783131929225,0.4850300847627652,302.2707861616878
Simulation_000001,Graphite,3.1488392077208824,0.45434578566285627,0.4850300847627652,302.2707043634484
Simulation_000001,Graphite,3.1488392077208824,0.4637137400064203,0.4850300847627652,302.2706223287037
Simulation_000001,Graphite,3.1488392077208824,0.47308169434998437,0.4850300847627652,302.2705420280935
Simulation_000001,Graphite,3.1488392077208824,0.4824496486935484,0.4850300847627652,302.2704650518084
Simulation_000001,Graphite,3.1488392077208824,0.49181760303711247,0.4850300847627652,302.2703925587982
Simulation_000001,Graphite,3.1488392077208824,0.5011855573806765,0.4850300847627652,302.2703252532733
Simulation_000001,Graphite,3.1488392077208824,0.5105535117242406,0.4850300847627652,302.2702633837035
Simulation_000001,Graphite,3.1488392077208824,0.5199214660678046,0.4850300847627652,302.2702067580268
Simulation_000001,Graphite,3.1488392077208824,0.5292894204113686,0.4850300847627652,302.27015476825164
Simulation_000001,Graphite,3.1488392077208824,0.5386573747549327,0.4850300847627652,302.27010641796056
Simulation_000001,Graphite,3.1488392077208824,0.5480253290984968,0.4850300847627652,302.2700603472195
Simulation_000001,Graphite,3.1488392077208824,0.5573932834420607,0.4850300847627652,302.2700148508399
Simulation_000001,Graphite,3.1488392077208824,0.5667612377856248,0.4850300847627652,302.2699678876324
Simulation_000001,Graphite,3.1488392077208824,0.5761291921291889,0.4850300847627652,302.2699170800123
Simulation_000001,Graphite,3.1488392077208824,0.585497146472753,0.4850300847627652,302.2698597049494
Simulation_000001,Graphite,3.1488392077208824,0.5948651008163169,0.4850300847627652,302.2697926786522
Simulation_000001,Graphite,3.1488392077208824,0.604233055159881,0.4850300847627652,302.269712538488
Simulation_000001,Graphite,3.1488392077208824,0.6136010095034451,0.4850300847627652,302.26961542640095
Simulation_000001,Graphite,3.1488392077208824,0.6229689638470091,0.4850300847627652,302.269497078481
Simulation_000001,Graphite,3.1488392077208824,0.6323369181905731,0.4850300847627652,302.2693528253481
Simulation_000001,Graphite,3.1488392077208824,0.6417048725341372,0.4850300847627652,302.26917760764564
Simulation_000001,Graphite,3.1488392077208824,0.6510728268777013,0.4850300847627652,302.2689660102126
Simulation_000001,Graphite,3.1488392077208824,0.6604407812212653,0.4850300847627652,302.2687123174476
Simulation_000001,Graphite,3.1488392077208824,0.6698087355648293,0.4850300847627652,302.2684105910559
Simulation_000001,Graphite,3.1488392077208824,0.6791766899083934,0.4850300847627652,302.2680547698399
Simulation_000001,Graphite,3.1488392077208824,0.6885446442519574,0.4850300847627652,302.26763878956524
Simulation_000001,Graphite,3.1488392077208824,0.6979125985955215,0.4850300847627652,302.26715671931447
Simulation_000001,Graphite,3.1488392077208824,0.7072805529390855,0.4850300847627652,302.26660290925423
Simulation_000001,Graphite,3.1488392077208824,0.7166485072826496,0.4850300847627652,302.26597214353035
Simulation_000001,Graphite,3.1488392077208824,0.7260164616262136,0.4850300847627652,302.26525979119975
Simulation_000001,Graphite,3.1488392077208824,0.7353844159697777,0.4850300847627652,302.2644619478206
Simulation_000001,Graphite,3.1488392077208824,0.7447523703133417,0.4850300847627652,302.26357556063556
Simulation_000001,Graphite,3.1488392077208824,0.7541203246569057,0.4850300847627652,302.26259853112356
Simulation_000001,Graphite,3.1488392077208824,0.004683977171782023,0.49145432429604685,302.26899288629903
Simulation_000001,Graphite,3.1488392077208824,0.01405193151534607,0.49145432429604685,302.26899290652625
Simulation_000001,Graphite,3.1488392077208824,0.023419885858910118,0.49145432429604685,302.2689929504792
Simulation_000001,Graphite,3.1488392077208824,0.03278784020247416,0.49145432429604685,302.2689930255736
Simulation_000001,Graphite,3.1488392077208824,0.04215579454603821,0.49145432429604685,302.26899314400237
Simulation_000001,Graphite,3.1488392077208824,0.05152374888960226,0.49145432429604685,302.2689933240769
Simulation_000001,Graphite,3.1488392077208824,0.060891703233166304,0.49145432429604685,302.2689935921057
Simulation_000001,Graphite,3.1488392077208824,0.07025965757673035,0.49145432429604685,302.26899398487336
Simulation_000001,Graphite,3.1488392077208824,0.0796276119202944,0.49145432429604685,302.2689945527787
Simulation_000001,Graphite,3.1488392077208824,0.08899556626385845,0.49145432429604685,302.2689953636719
Simulation_000001,Graphite,3.1488392077208824,0.0983635206074225,0.49145432429604685,302.2689965073906
Simulation_000001,Graphite,3.1488392077208824,0.10773147495098653,0.49145432429604685,302.2689981009334
Simulation_000001,Graphite,3.1488392077208824,0.11709942929455058,0.49145432429604685,302.2690002941156
Simulation_000001,Graphite,3.1488392077208824,0.12646738363811463,0.49145432429604685,302.26900327543706
Simulation_000001,Graphite,3.1488392077208824,0.13583533798167866,0.49145432429604685,302.26900727773733
Simulation_000001,Graphite,3.1488392077208824,0.1452032923252427,0.49145432429604685,302.26901258305
Simulation_000001,Graphite,3.1488392077208824,0.15457124666880676,0.49145432429604685,302.2690195258859
Simulation_000001,Graphite,3.1488392077208824,0.1639392010123708,0.49145432429604685,302.26902849400517
Simulation_000001,Graphite,3.1488392077208824,0.17330715535593486,0.49145432429604685,302.2690399256074
Simulation_000001,Graphite,3.1488392077208824,0.1826751096994989,0.49145432429604685,302.26905430179914
Simulation_000001,Graphite,3.1488392077208824,0.19204306404306296,0.49145432429604685,302.2690721332458
Simulation_000001,Graphite,3.1488392077208824,0.20141101838662698,0.49145432429604685,302.26909394009687
Simulation_000001,Graphite,3.1488392077208824,0.21077897273019103,0.49145432429604685,302.2691202246384
Simulation_000001,Graphite,3.1488392077208824,0.22014692707375508,0.49145432429604685,302.2691514366903
Simulation_000001,Graphite,3.1488392077208824,0.22951488141731913,0.49145432429604685,302.26918793251906
Simulation_000001,Graphite,3.1488392077208824,0.23888283576088318,0.49145432429604685,302.269229928961
Simulation_000001,Graphite,3.1488392077208824,0.24825079010444723,0.49145432429604685,302.2692774554663
Simulation_000001,Graphite,3.1488392077208824,0.2576187444480113,0.49145432429604685,302.26933030777906
Simulation_000001,Graphite,3.1488392077208824,0.2669866987915753,0.49145432429604685,302.2693880078213
Simulation_000001,Graphite,3.1488392077208824,0.2763546531351394,0.49145432429604685,302.2694497748761
Simulation_000001,Graphite,3.1488392077208824,0.2857226074787034,0.49145432429604685,302.2695145132093
Simulation_000001,Graphite,3.1488392077208824,0.2950905618222675,0.49145432429604685,302.2695808206794
Simulation_000001,Graphite,3.1488392077208824,0.3044585161658315,0.49145432429604685,302.2696470215964
Simulation_000001,Graphite,3.1488392077208824,0.31382647050939555,0.49145432429604685,302.26971122510577
Simulation_000001,Graphite,3.1488392077208824,0.3231944248529596,0.49145432429604685,302.26977140784663
Simulation_000001,Graphite,3.1488392077208824,0.33256237919652365,0.49145432429604685,302.26982551680925
Simulation_000001,Graphite,3.1488392077208824,0.3419303335400877,0.49145432429604685,302.26987158556545
Simulation_000001,Graphite,3.1488392077208824,0.35129828788365175,0.49145432429604685,302.269907854777
Simulation_000001,Graphite,3.1488392077208824,0.3606662422272158,0.49145432429604685,302.2699328864958
Simulation_000001,Graphite,3.1488392077208824,0.37003419657077985,0.49145432429604685,302.2699456615595
Simulation_000001,Graphite,3.1488392077208824,0.3794021509143439,0.49145432429604685,302.2699456504901
Simulation_000001,Graphite,3.1488392077208824,0.38877010525790795,0.49145432429604685,302.26993285065146
Simulation_000001,Graphite,3.1488392077208824,0.39813805960147197,0.49145432429604685,302.2699077857458
Simulation_000001,Graphite,3.1488392077208824,0.40750601394503605,0.49145432429604685,302.2698714675786
Simulation_000001,Graphite,3.1488392077208824,0.41687396828860007,0.49145432429604685,302.26982532386774
Simulation_000001,Graphite,3.1488392077208824,0.42624192263216415,0.49145432429604685,302.2697710991781
Simulation_000001,Graphite,3.1488392077208824,0.43560987697572817,0.49145432429604685,302.26971073838666
Simulation_000001,Graphite,3.1488392077208824,0.44497783131929225,0.49145432429604685,302.2696462631517
Simulation_000001,Graphite,3.1488392077208824,0.45434578566285627,0.49145432429604685,302.26957965160534
Simulation_000001,Graphite,3.1488392077208824,0.4637137400064203,0.49145432429604685,302.26951273004914
Simulation_000001,Graphite,3.1488392077208824,0.47308169434998437,0.49145432429604685,302.26944708311356
Simulation_000001,Graphite,3.1488392077208824,0.4824496486935484,0.49145432429604685,302.26938398604574
Simulation_000001,Graphite,3.1488392077208824,0.49181760303711247,0.49145432429604685,302.2693243599303
Simulation_000001,Graphite,3.1488392077208824,0.5011855573806765,0.49145432429604685,302.269268748106
Simulation_000001,Graphite,3.1488392077208824,0.5105535117242406,0.49145432429604685,302.2692173100748
Simulation_000001,Graphite,3.1488392077208824,0.5199214660678046,0.49145432429604685,302.26916982796786
Simulation_000001,Graphite,3.1488392077208824,0.5292894204113686,0.49145432429604685,302.2691257201598
Simulation_000001,Graphite,3.1488392077208824,0.5386573747549327,0.49145432429604685,302.26908405684253
Simulation_000001,Graphite,3.1488392077208824,0.5480253290984968,0.49145432429604685,302.26904357315124
Simulation_000001,Graphite,3.1488392077208824,0.5573932834420607,0.49145432429604685,302.26900267661335
Simulation_000001,Graphite,3.1488392077208824,0.5667612377856248,0.49145432429604685,302.2689594470915
Simulation_000001,Graphite,3.1488392077208824,0.5761291921291889,0.49145432429604685,302.2689116288643
Simulation_000001,Graphite,3.1488392077208824,0.585497146472753,0.49145432429604685,302.268856615895
Simulation_000001,Graphite,3.1488392077208824,0.5948651008163169,0.49145432429604685,302.26879143257884
Simulation_000001,Graphite,3.1488392077208824,0.604233055159881,0.49145432429604685,302.2687127132604
Simulation_000001,Graphite,3.1488392077208824,0.6136010095034451,0.49145432429604685,302.2686166845158
Simulation_000001,Graphite,3.1488392077208824,0.6229689638470091,0.49145432429604685,302.26849915456455
Simulation_000001,Graphite,3.1488392077208824,0.6323369181905731,0.49145432429604685,302.2683555141996
Simulation_000001,Graphite,3.1488392077208824,0.6417048725341372,0.49145432429604685,302.2681807532846
Simulation_000001,Graphite,3.1488392077208824,0.6510728268777013,0.49145432429604685,302.26796949618114
Simulation_000001,Graphite,3.1488392077208824,0.6604407812212653,0.49145432429604685,302.2677160584613
Simulation_000001,Graphite,3.1488392077208824,0.6698087355648293,0.49145432429604685,302.26741452597525
Simulation_000001,Graphite,3.1488392077208824,0.6791766899083934,0.49145432429604685,302.26705885585375
Simulation_000001,Graphite,3.1488392077208824,0.6885446442519574,0.49145432429604685,302.26664299742765
Simulation_000001,Graphite,3.1488392077208824,0.6979125985955215,0.49145432429604685,302.26616102944115
Simulation_000001,Graphite,3.1488392077208824,0.7072805529390855,0.49145432429604685,302.2656073084693
Simulation_000001,Graphite,3.1488392077208824,0.7166485072826496,0.49145432429604685,302.2649766222423
Simulation_000001,Graphite,3.1488392077208824,0.7260164616262136,0.49145432429604685,302.26426434078445
Simulation_000001,Graphite,3.1488392077208824,0.7353844159697777,0.49145432429604685,302.2634665580332
Simulation_000001,Graphite,3.1488392077208824,0.7447523703133417,0.49145432429604685,302.2625802170721
Simulation_000001,Graphite,3.1488392077208824,0.7541203246569057,0.49145432429604685,302.26160321335635
Simulation_000001,Graphite,3.1488392077208824,0.004683977171782023,0.4978785638293285,302.26791906108724
Simulation_000001,Graphite,3.1488392077208824,0.01405193151534607,0.4978785638293285,302.26791907834394
Simulation_000001,Graphite,3.1488392077208824,0.023419885858910118,0.4978785638293285,302.2679191158348
Simulation_000001,Graphite,3.1488392077208824,0.03278784020247416,0.4978785638293285,302.2679191798698
Simulation_000001,Graphite,3.1488392077208824,0.04215579454603821,0.4978785638293285,302.2679192808186
Simulation_000001,Graphite,3.1488392077208824,0.05152374888960226,0.4978785638293285,302.26791943424445
Simulation_000001,Graphite,3.1488392077208824,0.060891703233166304,0.4978785638293285,302.2679196624908
Simulation_000001,Graphite,3.1488392077208824,0.07025965757673035,0.4978785638293285,302.2679199967706
Simulation_000001,Graphite,3.1488392077208824,0.0796276119202944,0.4978785638293285,302.2679204798074
Simulation_000001,Graphite,3.1488392077208824,0.08899556626385845,0.4978785638293285,302.26792116905546
Simulation_000001,Graphite,3.1488392077208824,0.0983635206074225,0.4978785638293285,302.2679221404969
Simulation_000001,Graphite,3.1488392077208824,0.10773147495098653,0.4978785638293285,302.2679234929564
Simulation_000001,Graphite,3.1488392077208824,0.11709942929455058,0.4978785638293285,302.267925352798
Simulation_000001,Graphite,3.1488392077208824,0.12646738363811463,0.4978785638293285,302.26792787876684
Simulation_000001,Graphite,3.1488392077208824,0.13583533798167866,0.4978785638293285,302.26793126661545
Simulation_000001,Graphite,3.1488392077208824,0.1452032923252427,0.4978785638293285,302.26793575301224
Simulation_000001,Graphite,3.1488392077208824,0.15457124666880676,0.4978785638293285,302.2679416180853
Simulation_000001,Graphite,3.1488392077208824,0.1639392010123708,0.4978785638293285,302.2679491858159
Simulation_000001,Graphite,3.1488392077208824,0.17330715535593486,0.4978785638293285,302.26795882139425
Simulation_000001,Graphite,3.1488392077208824,0.1826751096994989,0.4978785638293285,302.2679709246048
Simulation_000001,Graphite,3.1488392077208824,0.19204306404306296,0.4978785638293285,302.26798591835933
Simulation_000001,Graphite,3.1488392077208824,0.20141101838662698,0.4978785638293285,302.2680042316606
Simulation_000001,Graphite,3.1488392077208824,0.21077897273019103,0.4978785638293285,302.2680262766015
Simulation_000001,Graphite,3.1488392077208824,0.22014692707375508,0.4978785638293285,302.2680524194768
Simulation_000001,Graphite,3.1488392077208824,0.22951488141731913,0.4978785638293285,302.26808294671986
Simulation_000001,Graphite,3.1488392077208824,0.23888283576088318,0.4978785638293285,302.2681180271329
Simulation_000001,Graphite,3.1488392077208824,0.24825079010444723,0.4978785638293285,302.2681576727048
Simulation_000001,Graphite,3.1488392077208824,0.2576187444480113,0.4978785638293285,302.26820170110665
Simulation_000001,Graphite,3.1488392077208824,0.2669866987915753,0.4978785638293285,302.2682497036157
Simulation_000001,Graphite,3.1488392077208824,0.2763546531351394,0.4978785638293285,302.26830102259675
Simulation_000001,Graphite,3.1488392077208824,0.2857226074787034,0.4978785638293285,302.26835474264925
Simulation_000001,Graphite,3.1488392077208824,0.2950905618222675,0.4978785638293285,302.2684096989985
Simulation_000001,Graphite,3.1488392077208824,0.3044585161658315,0.4978785638293285,302.26846450561305
Simulation_000001,Graphite,3.1488392077208824,0.31382647050939555,0.4978785638293285,302.26851760391185
Simulation_000001,Graphite,3.1488392077208824,0.3231944248529596,0.4978785638293285,302.26856733087885
Simulation_000001,Graphite,3.1488392077208824,0.33256237919652365,0.4978785638293285,302.26861200316444
Simulation_000001,Graphite,3.1488392077208824,0.3419303335400877,0.4978785638293285,302.26865001158967
Simulation_000001,Graphite,3.1488392077208824,0.35129828788365175,0.4978785638293285,302.2686799187147
Simulation_000001,Graphite,3.1488392077208824,0.3606662422272158,0.4978785638293285,302.26870055107895
Simulation_000001,Graphite,3.1488392077208824,0.37003419657077985,0.4978785638293285,302.2687110776009
Simulation_000001,Graphite,3.1488392077208824,0.3794021509143439,0.4978785638293285,302.26871106653317
Simulation_000001,Graphite,3.1488392077208824,0.38877010525790795,0.4978785638293285,302.26870051524
Simulation_000001,Graphite,3.1488392077208824,0.39813805960147197,0.4978785638293285,302.26867984969385
Simulation_000001,Graphite,3.1488392077208824,0.40750601394503605,0.4978785638293285,302.2686498936204
Simulation_000001,Graphite,3.1488392077208824,0.41687396828860007,0.4978785638293285,302.2686118102518
Simulation_000001,Graphite,3.1488392077208824,0.42624192263216415,0.4978785638293285,302.2685670222566
Simulation_000001,Graphite,3.1488392077208824,0.43560987697572817,0.4978785638293285,302.26851711726556
Simulation_000001,Graphite,3.1488392077208824,0.44497783131929225,0.4978785638293285,302.2684637472818
Simulation_000001,Graphite,3.1488392077208824,0.45434578566285627,0.4978785638293285,302.2684085300992
Simulation_000001,Graphite,3.1488392077208824,0.4637137400064203,0.4978785638293285,302.2683529597554
Simulation_000001,Graphite,3.1488392077208824,0.47308169434998437,0.4978785638293285,302.26829833123577
Simulation_000001,Graphite,3.1488392077208824,0.4824496486935484,0.4978785638293285,302.2682456824397
Simulation_000001,Graphite,3.1488392077208824,0.49181760303711247,0.4978785638293285,302.26819575414356
Simulation_000001,Graphite,3.1488392077208824,0.5011855573806765,0.4978785638293285,302.2681489666396
Simulation_000001,Graphite,3.1488392077208824,0.5105535117242406,0.4978785638293285,302.2681054101211
Simulation_000001,Graphite,3.1488392077208824,0.5199214660678046,0.4978785638293285,302.268064844854
Simulation_000001,Graphite,3.1488392077208824,0.5292894204113686,0.4978785638293285,302.2680267067547
Simulation_000001,Graphite,3.1488392077208824,0.5386573747549327,0.4978785638293285,302.2679901141522
Simulation_000001,Graphite,3.1488392077208824,0.5480253290984968,0.4978785638293285,302.2679538721461
Simulation_000001,Graphite,3.1488392077208824,0.5573932834420607,0.4978785638293285,302.2679164719522
Simulation_000001,Graphite,3.1488392077208824,0.5667612377856248,0.4978785638293285,302.2678760838279
Simulation_000001,Graphite,3.1488392077208824,0.5761291921291889,0.4978785638293285,302.2678305434426
Simulation_000001,Graphite,3.1488392077208824,0.585497146472753,0.4978785638293285,302.2677773328049
Simulation_000001,Graphite,3.1488392077208824,0.5948651008163169,0.4978785638293285,302.26771355797445
Simulation_000001,Graphite,3.1488392077208824,0.604233055159881,0.4978785638293285,302.26763592670017
Simulation_000001,Graphite,3.1488392077208824,0.6136010095034451,0.4978785638293285,302.2675407297838
Simulation_000001,Graphite,3.1488392077208824,0.6229689638470091,0.4978785638293285,302.26742383032234
Simulation_000001,Graphite,3.1488392077208824,0.6323369181905731,0.4978785638293285,302.2672806650085
Simulation_000001,Graphite,3.1488392077208824,0.6417048725341372,0.4978785638293285,302.26710626135355
Simulation_000001,Graphite,3.1488392077208824,0.6510728268777013,0.4978785638293285,302.2668952740392
Simulation_000001,Graphite,3.1488392077208824,0.6604407812212653,0.4978785638293285,302.26664204262977
Simulation_000001,Graphite,3.1488392077208824,0.6698087355648293,0.4978785638293285,302.26634067162166
Simulation_000001,Graphite,3.1488392077208824,0.6791766899083934,0.4978785638293285,302.26598513234796
Simulation_000001,Graphite,3.1488392077208824,0.6885446442519574,0.4978785638293285,302.2655693846714
Simulation_000001,Graphite,3.1488392077208824,0.6979125985955215,0.4978785638293285,302.2650875148168
Simulation_000001,Graphite,3.1488392077208824,0.7072805529390855,0.4978785638293285,302.2645338842238
Simulation_000001,Graphite,3.1488392077208824,0.7166485072826496,0.4978785638293285,302.2639032830906
Simulation_000001,Graphite,3.1488392077208824,0.7260164616262136,0.4978785638293285,302.2631910814679
Simulation_000001,Graphite,3.1488392077208824,0.7353844159697777,0.4978785638293285,302.2623933705223
Simulation_000001,Graphite,3.1488392077208824,0.7447523703133417,0.4978785638293285,302.2615070871817
Simulation_000001,Graphite,3.1488392077208824,0.7541203246569057,0.4978785638293285,302.26053011727583
Simulation_000001,Graphite,3.1488392077208824,0.004683977171782023,0.5043028033626101,302.26676564654315
Simulation_000001,Graphite,3.1488392077208824,0.01405193151534607,0.5043028033626101,302.26676566164116
Simulation_000001,Graphite,3.1488392077208824,0.023419885858910118,0.5043028033626101,302.26676569443697
Simulation_000001,Graphite,3.1488392077208824,0.03278784020247416,0.5043028033626101,302.266765750438
Simulation_000001,Graphite,3.1488392077208824,0.04215579454603821,0.5043028033626101,302.2667658386915
Simulation_000001,Graphite,3.1488392077208824,0.05152374888960226,0.5043028033626101,302.2667659727685
Simulation_000001,Graphite,3.1488392077208824,0.060891703233166304,0.5043028033626101,302.2667661721387
Simulation_000001,Graphite,3.1488392077208824,0.07025965757673035,0.5043028033626101,302.2667664639798
Simulation_000001,Graphite,3.1488392077208824,0.0796276119202944,0.5043028033626101,302.26676688545876
Simulation_000001,Graphite,3.1488392077208824,0.08899556626385845,0.5043028033626101,302.26676748650937
Simulation_000001,Graphite,3.1488392077208824,0.0983635206074225,0.5043028033626101,302.2667683330975
Simulation_000001,Graphite,3.1488392077208824,0.10773147495098653,0.5043028033626101,302.2667695109206
Simulation_000001,Graphite,3.1488392077208824,0.11709942929455058,0.5043028033626101,302.2667711294176
Simulation_000001,Graphite,3.1488392077208824,0.12646738363811463,0.5043028033626101,302.2667733258808
Simulation_000001,Graphite,3.1488392077208824,0.13583533798167866,0.5043028033626101,302.2667762693513
Simulation_000001,Graphite,3.1488392077208824,0.1452032923252427,0.5043028033626101,302.2667801638627
Simulation_000001,Graphite,3.1488392077208824,0.15457124666880676,0.5043028033626101,302.26678525047225
Simulation_000001,Graphite,3.1488392077208824,0.1639392010123708,0.5043028033626101,302.26679180740695
Simulation_000001,Graphite,3.1488392077208824,0.17330715535593486,0.5043028033626101,302.2668001475674
Simulation_000001,Graphite,3.1488392077208824,0.1826751096994989,0.5043028033626101,302.266810612605
Simulation_000001,Graphite,3.1488392077208824,0.19204306404306296,0.5043028033626101,302.26682356283857
Simulation_000001,Graphite,3.1488392077208824,0.20141101838662698,0.5043028033626101,302.26683936243086
Simulation_000001,Graphite,3.1488392077208824,0.21077897273019103,0.5043028033626101,302.2668583595274
Simulation_000001,Graphite,3.1488392077208824,0.22014692707375508,0.5043028033626101,302.2668808614754
Simulation_000001,Graphite,3.1488392077208824,0.22951488141731913,0.5043028033626101,302.2669071057809
Simulation_000001,Graphite,3.1488392077208824,0.23888283576088318,0.5043028033626101,302.2669372281068
Simulation_000001,Graphite,3.1488392077208824,0.24825079010444723,0.5043028033626101,302.2669712292971
Simulation_000001,Graphite,3.1488392077208824,0.2576187444480113,0.5043028033626101,302.2670089440716
Simulation_000001,Graphite,3.1488392077208824,0.2669866987915753,0.5043028033626101,302.26705001455804
Simulation_000001,Graphite,3.1488392077208824,0.2763546531351394,0.5043028033626101,302.2670938721094
Simulation_000001,Graphite,3.1488392077208824,0.2857226074787034,0.5043028033626101,302.2671397307988
Simulation_000001,Graphite,3.1488392077208824,0.2950905618222675,0.5043028033626101,302.26718659549385
Simulation_000001,Graphite,3.1488392077208824,0.3044585161658315,0.5043028033626101,302.26723328647284
Simulation_000001,Graphite,3.1488392077208824,0.31382647050939555,0.5043028033626101,302.26727848117156
Simulation_000001,Graphite,3.1488392077208824,0.3231944248529596,0.5043028033626101,302.2673207719546
Simulation_000001,Graphite,3.1488392077208824,0.33256237919652365,0.5043028033626101,302.2673587369636
Simulation_000001,Graphite,3.1488392077208824,0.3419303335400877,0.5043028033626101,302.2673910193399
Simulation_000001,Graphite,3.1488392077208824,0.35129828788365175,0.5043028033626101,302.26741640871103
Simulation_000001,Graphite,3.1488392077208824,0.3606662422272158,0.5043028033626101,302.2674339180055
Simulation_000001,Graphite,3.1488392077208824,0.37003419657077985,0.5043028033626101,302.26744284859507
Simulation_000001,Graphite,3.1488392077208824,0.3794021509143439,0.5043028033626101,302.26744283752913
Simulation_000001,Graphite,3.1488392077208824,0.38877010525790795,0.5043028033626101,302.26743388217244
Simulation_000001,Graphite,3.1488392077208824,0.39813805960147197,0.5043028033626101,302.26741633970136
Simulation_000001,Graphite,3.1488392077208824,0.40750601394503605,0.5043028033626101,302.2673909013898
Simulation_000001,Graphite,3.1488392077208824,0.41687396828860007,0.5043028033626101,302.2673585440822
Simulation_000001,Graphite,3.1488392077208824,0.42624192263216415,0.5043028033626101,302.2673204633823
Simulation_000001,Graphite,3.1488392077208824,0.43560987697572817,0.5043028033626101,302.2672779946041
Simulation_000001,Graphite,3.1488392077208824,0.44497783131929225,0.5043028033626101,302.26723252826434
Simulation_000001,Graphite,3.1488392077208824,0.45434578566285627,0.5043028033626101,302.26718542678356
Simulation_000001,Graphite,3.1488392077208824,0.4637137400064203,0.5043028033626101,302.26713794819307
Simulation_000001,Graphite,3.1488392077208824,0.47308169434998437,0.5043028033626101,302.26709118118305
Simulation_000001,Graphite,3.1488392077208824,0.4824496486935484,0.5043028033626101,302.2670459940308
Simulation_000001,Graphite,3.1488392077208824,0.49181760303711247,0.5043028033626101,302.2670029980675
Simulation_000001,Graphite,3.1488392077208824,0.5011855573806765,0.5043028033626101,302.26696252463444
Simulation_000001,Graphite,3.1488392077208824,0.5105535117242406,0.5043028033626101,302.26692461312575
Simulation_000001,Graphite,3.1488392077208824,0.5199214660678046,0.5043028033626101,302.2668890068256
Simulation_000001,Graphite,3.1488392077208824,0.5292894204113686,0.5043028033626101,302.2668551528826
Simulation_000001,Graphite,3.1488392077208824,0.5386573747549327,0.5043028033626101,302.2668222028785
Simulation_000001,Graphite,3.1488392077208824,0.5480253290984968,0.5043028033626101,302.26678901098256
Simulation_000001,Graphite,3.1488392077208824,0.5573932834420607,0.5043028033626101,302.2667541275377
Simulation_000001,Graphite,3.1488392077208824,0.5667612377856248,0.5043028033626101,302.2667157869694
Simulation_000001,Graphite,3.1488392077208824,0.5761291921291889,0.5043028033626101,302.2666718900562
Simulation_000001,Graphite,3.1488392077208824,0.585497146472753,0.5043028033626101,302.26661998172136
Simulation_000001,Graphite,3.1488392077208824,0.5948651008163169,0.5043028033626101,302.2665572265372
Simulation_000001,Graphite,3.1488392077208824,0.604233055159881,0.5043028033626101,302.2664803849821
Simulation_000001,Graphite,3.1488392077208824,0.6136010095034451,0.5043028033626101,302.2663857941134
Simulation_000001,Graphite,3.1488392077208824,0.6229689638470091,0.5043028033626101,302.26626935665837
Simulation_000001,Graphite,3.1488392077208824,0.6323369181905731,0.5043028033626101,302.2661265425563
Simulation_000001,Graphite,3.1488392077208824,0.6417048725341372,0.5043028033626101,302.2659524066811
Simulation_000001,Graphite,3.1488392077208824,0.6510728268777013,0.5043028033626101,302.26574162584046
Simulation_000001,Graphite,3.1488392077208824,0.6604407812212653,0.5043028033626101,302.26548855719005
Simulation_000001,Graphite,3.1488392077208824,0.6698087355648293,0.5043028033626101,302.2651873189757
Simulation_000001,Graphite,3.1488392077208824,0.6791766899083934,0.5043028033626101,302.2648318930684
Simulation_000001,Graphite,3.1488392077208824,0.6885446442519574,0.5043028033626101,302.26441624719587
Simulation_000001,Graphite,3.1488392077208824,0.6979125985955215,0.5043028033626101,302.26393447318856
Simulation_000001,Graphite,3.1488392077208824,0.7072805529390855,0.5043028033626101,302.26338093609377
Simulation_000001,Graphite,3.1488392077208824,0.7166485072826496,0.5043028033626101,302.2627504277743
Simulation_000001,Graphite,3.1488392077208824,0.7260164616262136,0.5043028033626101,302.262038317748
Simulation_000001,Graphite,3.1488392077208824,0.7353844159697777,0.5043028033626101,302.26124069368643
Simulation_000001,Graphite,3.1488392077208824,0.7447523703133417,0.5043028033626101,302.26035448450835
Simulation_000001,Graphite,3.1488392077208824,0.7541203246569057,0.5043028033626101,302.2593775614231
Simulation_000001,Graphite,3.1488392077208824,0.004683977171782023,0.5107270428958919,302.2655313447687
Simulation_000001,Graphite,3.1488392077208824,0.01405193151534607,0.5107270428958919,302.26553135846035
Simulation_000001,Graphite,3.1488392077208824,0.023419885858910118,0.5107270428958919,302.26553138819736
Simulation_000001,Graphite,3.1488392077208824,0.03278784020247416,0.5107270428958919,302.26553143896507
Simulation_000001,Graphite,3.1488392077208824,0.04215579454603821,0.5107270428958919,302.26553151895035
Simulation_000001,Graphite,3.1488392077208824,0.05152374888960226,0.5107270428958919,302.2655316404282
Simulation_000001,Graphite,3.1488392077208824,0.060891703233166304,0.5107270428958919,302.26553182099985
Simulation_000001,Graphite,3.1488392077208824,0.07025965757673035,0.5107270428958919,302.2655320852199
Simulation_000001,Graphite,3.1488392077208824,0.0796276119202944,0.5107270428958919,302.2655324666454
Simulation_000001,Graphite,3.1488392077208824,0.08899556626385845,0.5107270428958919,302.26553301032624
Simulation_000001,Graphite,3.1488392077208824,0.0983635206074225,0.5107270428958919,302.26553377572736
Simulation_000001,Graphite,3.1488392077208824,0.10773147495098653,0.5107270428958919,302.2655348400307
Simulation_000001,Graphite,3.1488392077208824,0.11709942929455058,0.5107270428958919,302.26553630170395
Simulation_000001,Graphite,3.1488392077208824,0.12646738363811463,0.5107270428958919,302.2655382841423
Simulation_000001,Graphite,3.1488392077208824,0.13583533798167866,0.5107270428958919,302.26554093909715
Simulation_000001,Graphite,3.1488392077208824,0.1452032923252427,0.5107270428958919,302.26554444949676
Simulation_000001,Graphite,3.1488392077208824,0.15457124666880676,0.5107270428958919,302.26554903115533
Simulation_000001,Graphite,3.1488392077208824,0.1639392010123708,0.5107270428958919,302.26555493277027
Simulation_000001,Graphite,3.1488392077208824,0.17330715535593486,0.5107270428958919,302.2655624335362
Simulation_000001,Graphite,3.1488392077208824,0.1826751096994989,0.5107270428958919,302.26557183768415
Simulation_000001,Graphite,3.1488392077208824,0.19204306404306296,0.5107270428958919,302.26558346530715
Simulation_000001,Graphite,3.1488392077208824,0.20141101838662698,0.5107270428958919,302.2655976389796
Simulation_000001,Graphite,3.1488392077208824,0.21077897273019103,0.5107270428958919,302.2656146659334
Simulation_000001,Graphite,3.1488392077208824,0.22014692707375508,0.5107270428958919,302.2656348159293
Simulation_000001,Graphite,3.1488392077208824,0.22951488141731913,0.5107270428958919,302.2656582954471
Simulation_000001,Graphite,3.1488392077208824,0.23888283576088318,0.5107270428958919,302.26568521938015
Simulation_000001,Graphite,3.1488392077208824,0.24825079010444723,0.5107270428958919,302.26571558202573
Simulation_000001,Graphite,3.1488392077208824,0.2576187444480113,0.5107270428958919,302.2657492297212
Simulation_000001,Graphite,3.1488392077208824,0.2669866987915753,0.5107270428958919,302.2657858379202
Simulation_000001,Graphite,3.1488392077208824,0.2763546531351394,0.5107270428958919,302.2658248957251
Simulation_000001,Graphite,3.1488392077208824,0.2857226074787034,0.5107270428958919,302.2658657008111
Simulation_000001,Graphite,3.1488392077208824,0.2950905618222675,0.5107270428958919,302.2659073672251
Simulation_000001,Graphite,3.1488392077208824,0.3044585161658315,0.5107270428958919,302.2659488476955
Simulation_000001,Graphite,3.1488392077208824,0.31382647050939555,0.5107270428958919,302.2659889708807
Simulation_000001,Graphite,3.1488392077208824,0.3231944248529596,0.5107270428958919,302.2660264925081
Simulation_000001,Graphite,3.1488392077208824,0.33256237919652365,0.5107270428958919,302.2660601577633
Simulation_000001,Graphite,3.1488392077208824,0.3419303335400877,0.5107270428958919,302.2660887707911
Simulation_000001,Graphite,3.1488392077208824,0.35129828788365175,0.5107270428958919,302.2661112659773
Simulation_000001,Graphite,3.1488392077208824,0.3606662422272158,0.5107270428958919,302.2661267749923
Simulation_000001,Graphite,3.1488392077208824,0.37003419657077985,0.5107270428958919,302.2661346835464
Simulation_000001,Graphite,3.1488392077208824,0.3794021509143439,0.5107270428958919,302.2661346724824
Simulation_000001,Graphite,3.1488392077208824,0.38877010525790795,0.5107270428958919,302.2661267391654
Simulation_000001,Graphite,3.1488392077208824,0.39813805960147197,0.5107270428958919,302.2661111969797
Simulation_000001,Graphite,3.1488392077208824,0.40750601394503605,0.5107270428958919,302.26608865286147
Simulation_000001,Graphite,3.1488392077208824,0.41687396828860007,0.5107270428958919,302.2660599649155
Simulation_000001,Graphite,3.1488392077208824,0.42624192263216415,0.5107270428958919,302.2660261839896
Simulation_000001,Graphite,3.1488392077208824,0.43560987697572817,0.5107270428958919,302.265988484398
Simulation_000001,Graphite,3.1488392077208824,0.44497783131929225,0.5107270428958919,302.265948089619
Simulation_000001,Graphite,3.1488392077208824,0.45434578566285627,0.5107270428958919,302.2659061987183
Simulation_000001,Graphite,3.1488392077208824,0.4637137400064203,0.5107270428958919,302.26586391851555
Simulation_000001,Graphite,3.1488392077208824,0.47308169434998437,0.5107270428958919,302.2658222052668
Simulation_000001,Graphite,3.1488392077208824,0.4824496486935484,0.5107270428958919,302.2657818180922
Simulation_000001,Graphite,3.1488392077208824,0.49181760303711247,0.5107270428958919,302.26574328475056
Simulation_000001,Graphite,3.1488392077208824,0.5011855573806765,0.5107270428958919,302.2657068788753
Simulation_000001,Graphite,3.1488392077208824,0.5105535117242406,0.5107270428958919,302.2656726065892
Simulation_000001,Graphite,3.1488392077208824,0.5199214660678046,0.5107270428958919,302.26564019963183
Simulation_000001,Graphite,3.1488392077208824,0.5292894204113686,0.5107270428958919,302.26560911179376
Simulation_000001,Graphite,3.1488392077208824,0.5386573747549327,0.5107270428958919,302.265578515548
Simulation_000001,Graphite,3.1488392077208824,0.5480253290984968,0.5107270428958919,302.2655472962463
Simulation_000001,Graphite,3.1488392077208824,0.5573932834420607,0.5107270428958919,302.2655140420126
Simulation_000001,Graphite,3.1488392077208824,0.5667612377856248,0.5107270428958919,302.2654770284275
Simulation_000001,Graphite,3.1488392077208824,0.5761291921291889,0.5107270428958919,302.2654341981517
Simulation_000001,Graphite,3.1488392077208824,0.585497146472753,0.5107270428958919,302.2653831366877
Simulation_000001,Graphite,3.1488392077208824,0.5948651008163169,0.5107270428958919,302.26532104644605
Simulation_000001,Graphite,3.1488392077208824,0.604233055159881,0.5107270428958919,302.2652447220981
Simulation_000001,Graphite,3.1488392077208824,0.6136010095034451,0.5107270428958919,302.2651505307881
Simulation_000001,Graphite,3.1488392077208824,0.6229689638470091,0.5107270428958919,302.2650344011141
Simulation_000001,Graphite,3.1488392077208824,0.6323369181905731,0.5107270428958919,302.26489182481345
Simulation_000001,Graphite,3.1488392077208824,0.6417048725341372,0.5107270428958919,302.264717874798
Simulation_000001,Graphite,3.1488392077208824,0.6510728268777013,0.5107270428958919,302.2645072425602
Simulation_000001,Graphite,3.1488392077208824,0.6604407812212653,0.5107270428958919,302.2642542970324
Simulation_000001,Graphite,3.1488392077208824,0.6698087355648293,0.5107270428958919,302.2639531657638
Simulation_000001,Graphite,3.1488392077208824,0.6791766899083934,0.5107270428958919,302.26359783785244
Simulation_000001,Graphite,3.1488392077208824,0.6885446442519574,0.5107270428958919,302.2631822865064
Simulation_000001,Graphite,3.1488392077208824,0.6979125985955215,0.5107270428958919,302.26270060753563
Simulation_000001,Graphite,3.1488392077208824,0.7072805529390855,0.5107270428958919,302.26214716859494
Simulation_000001,Graphite,3.1488392077208824,0.7166485072826496,0.5107270428958919,302.261516762739
Simulation_000001,Graphite,3.1488392077208824,0.7260164616262136,0.5107270428958919,302.26080475890495
Simulation_000001,Graphite,3.1488392077208824,0.7353844159697777,0.5107270428958919,302.2600072413843
Simulation_000001,Graphite,3.1488392077208824,0.7447523703133417,0.5107270428958919,302.2591211302912
Simulation_000001,Graphite,3.1488392077208824,0.7541203246569057,0.5107270428958919,302.25814427643934
Simulation_000001,Graphite,3.1488392077208824,0.004683977171782023,0.5171512824291735,302.2642152840747
Simulation_000001,Graphite,3.1488392077208824,0.01405193151534607,0.5171512824291735,302.264215297072
Simulation_000001,Graphite,3.1488392077208824,0.023419885858910118,0.5171512824291735,302.26421532529884
Simulation_000001,Graphite,3.1488392077208824,0.03278784020247416,0.5171512824291735,302.26421537348307
Simulation_000001,Graphite,3.1488392077208824,0.04215579454603821,0.5171512824291735,302.264215449387
Simulation_000001,Graphite,3.1488392077208824,0.05152374888960226,0.5171512824291735,302.2642155646465
Simulation_000001,Graphite,3.1488392077208824,0.060891703233166304,0.5171512824291735,302.26421573594155
Simulation_000001,Graphite,3.1488392077208824,0.07025965757673035,0.5171512824291735,302.2642159865335
Simulation_000001,Graphite,3.1488392077208824,0.0796276119202944,0.5171512824291735,302.26421634820014
Simulation_000001,Graphite,3.1488392077208824,0.08899556626385845,0.5171512824291735,302.26421686358526
Simulation_000001,Graphite,3.1488392077208824,0.0983635206074225,0.5171512824291735,302.2642175889517
Simulation_000001,Graphite,3.1488392077208824,0.10773147495098653,0.5171512824291735,302.264218597289
Simulation_000001,Graphite,3.1488392077208824,0.11709942929455058,0.5171512824291735,302.2642199816651
Simulation_000001,Graphite,3.1488392077208824,0.12646738363811463,0.5171512824291735,302.2642218586391
Simulation_000001,Graphite,3.1488392077208824,0.13583533798167866,0.5171512824291735,302.2642243714614
Simulation_000001,Graphite,3.1488392077208824,0.1452032923252427,0.5171512824291735,302.26422769268873
Simulation_000001,Graphite,3.1488392077208824,0.15457124666880676,0.5171512824291735,302.2642320257381
Simulation_000001,Graphite,3.1488392077208824,0.1639392010123708,0.5171512824291735,302.2642376048147
Simulation_000001,Graphite,3.1488392077208824,0.17330715535593486,0.5171512824291735,302.26424469258365
Simulation_000001,Graphite,3.1488392077208824,0.1826751096994989,0.5171512824291735,302.264253574941
Simulation_000001,Graphite,3.1488392077208824,0.19204306404306296,0.5171512824291735,302.2642645522905
Simulation_000001,Graphite,3.1488392077208824,0.20141101838662698,0.5171512824291735,302.2642779268756
Simulation_000001,Graphite,3.1488392077208824,0.21077897273019103,0.5171512824291735,302.2642939859579
Simulation_000001,Graphite,3.1488392077208824,0.22014692707375508,0.5171512824291735,302.2643129809922
Simulation_000001,Graphite,3.1488392077208824,0.22951488141731913,0.5171512824291735,302.2643351033987
Simulation_000001,Graphite,3.1488392077208824,0.23888283576088318,0.5171512824291735,302.2643604580664
Simulation_000001,Graphite,3.1488392077208824,0.24825079010444723,0.5171512824291735,302.26438903627565
Simulation_000001,Graphite,3.1488392077208824,0.2576187444480113,0.5171512824291735,302.2644206902515
Simulation_000001,Graphite,3.1488392077208824,0.2669866987915753,0.5171512824291735,302.2644551119563
Simulation_000001,Graphite,3.1488392077208824,0.2763546531351394,0.5171512824291735,302.26449181892895
Simulation_000001,Graphite,3.1488392077208824,0.2857226074787034,0.5171512824291735,302.26453014988584
Simulation_000001,Graphite,3.1488392077208824,0.2950905618222675,0.5171512824291735,302.26456927236165
Simulation_000001,Graphite,3.1488392077208824,0.3044585161658315,0.5171512824291735,302.2646082038744
Simulation_000001,Graphite,3.1488392077208824,0.31382647050939555,0.5171512824291735,302.26464584696527
Simulation_000001,Graphite,3.1488392077208824,0.3231944248529596,0.5171512824291735,302.26468103709493
Simulation_000001,Graphite,3.1488392077208824,0.33256237919652365,0.5171512824291735,302.2647126009101
Simulation_000001,Graphite,3.1488392077208824,0.3419303335400877,0.5171512824291735,302.2647394210169
Simulation_000001,Graphite,3.1488392077208824,0.35129828788365175,0.5171512824291735,302.26476050230576
Simulation_000001,Graphite,3.1488392077208824,0.3606662422272158,0.5171512824291735,302.2647750342553
Simulation_000001,Graphite,3.1488392077208824,0.37003419657077985,0.5171512824291735,302.26478244362283
Simulation_000001,Graphite,3.1488392077208824,0.3794021509143439,0.5171512824291735,302.2647824325609
Simulation_000001,Graphite,3.1488392077208824,0.38877010525790795,0.5171512824291735,302.26477499843514
Simulation_000001,Graphite,3.1488392077208824,0.39813805960147197,0.5171512824291735,302.26476043332104
Simulation_000001,Graphite,3.1488392077208824,0.40750601394503605,0.5171512824291735,302.2647393031093
Simulation_000001,Graphite,3.1488392077208824,0.41687396828860007,0.5171512824291735,302.2647124080983
Simulation_000001,Graphite,3.1488392077208824,0.42624192263216415,0.5171512824291735,302.264680728634
Simulation_000001,Graphite,3.1488392077208824,0.43560987697572817,0.5171512824291735,302.2646453605734
Simulation_000001,Graphite,3.1488392077208824,0.44497783131929225,0.5171512824291735,302.2646074459394
Simulation_000001,Graphite,3.1488392077208824,0.45434578566285627,0.5171512824291735,302.26456810407296
Simulation_000001,Graphite,3.1488392077208824,0.4637137400064203,0.5171512824291735,302.264528367923
Simulation_000001,Graphite,3.1488392077208824,0.47308169434998437,0.5171512824291735,302.26448912897285
Simulation_000001,Graphite,3.1488392077208824,0.4824496486935484,0.5171512824291735,302.2644510928783
Simulation_000001,Graphite,3.1488392077208824,0.49181760303711247,0.5171512824291735,302.2644147463898
Simulation_000001,Graphite,3.1488392077208824,0.5011855573806765,0.5171512824291735,302.2643803347483
Simulation_000001,Graphite,3.1488392077208824,0.5105535117242406,0.5171512824291735,302.264347847627
Simulation_000001,Graphite,3.1488392077208824,0.5199214660678046,0.5171512824291735,302.26431701095635
Simulation_000001,Graphite,3.1488392077208824,0.5292894204113686,0.5171512824291735,302.264287281646
Simulation_000001,Graphite,3.1488392077208824,0.5386573747549327,0.5171512824291735,302.2642578423058
Simulation_000001,Graphite,3.1488392077208824,0.5480253290984968,0.5171512824291735,302.26422759351505
Simulation_000001,Graphite,3.1488392077208824,0.5573932834420607,0.5171512824291735,302.26419514191514
Simulation_000001,Graphite,3.1488392077208824,0.5667612377856248,0.5171512824291735,302.26415878331863
Simulation_000001,Graphite,3.1488392077208824,0.5761291921291889,0.5171512824291735,302.2641164810372
Simulation_000001,Graphite,3.1488392077208824,0.585497146472753,0.5171512824291735,302.2640658406476
Simulation_000001,Graphite,3.1488392077208824,0.5948651008163169,0.5171512824291735,302.2640040833527
Simulation_000001,Graphite,3.1488392077208824,0.604233055159881,0.5171512824291735,302.263928020888
Simulation_000001,Graphite,3.1488392077208824,0.6136010095034451,0.5171512824291735,302.2638340355058
Simulation_000001,Graphite,3.1488392077208824,0.6229689638470091,0.5171512824291735,302.2637180688989
Simulation_000001,Graphite,3.1488392077208824,0.6323369181905731,0.5171512824291735,302.2635756239527
Simulation_000001,Graphite,3.1488392077208824,0.6417048725341372,0.5171512824291735,302.2634017829291
Simulation_000001,Graphite,3.1488392077208824,0.6510728268777013,0.5171512824291735,302.26319124506625
Simulation_000001,Graphite,3.1488392077208824,0.6604407812212653,0.5171512824291735,302.2629383856473
Simulation_000001,Graphite,3.1488392077208824,0.6698087355648293,0.5171512824291735,302.2626373373826
Simulation_000001,Graphite,3.1488392077208824,0.6791766899083934,0.5171512824291735,302.26228209352234
Simulation_000001,Graphite,3.1488392077208824,0.6885446442519574,0.5171512824291735,302.2618666305658
Simulation_000001,Graphite,3.1488392077208824,0.6979125985955215,0.5171512824291735,302.261385046854
Simulation_000001,Graphite,3.1488392077208824,0.7072805529390855,0.5171512824291735,302.26083171185013
Simulation_000001,Graphite,3.1488392077208824,0.7166485072826496,0.5171512824291735,302.2602014196285
Simulation_000001,Graphite,3.1488392077208824,0.7260164616262136,0.5171512824291735,302.259489539078
Simulation_000001,Graphite,3.1488392077208824,0.7353844159697777,0.5171512824291735,302.2586921525246
Simulation_000001,Graphite,3.1488392077208824,0.7447523703133417,0.5171512824291735,302.25780617342787
Simulation_000001,Graphite,3.1488392077208824,0.7541203246569057,0.5171512824291735,302.2568294304055
