simulation_id,material,time,x,y,temperature
Simulation_000001,Aluminium 6061,38.79347079957477,0.0,0.0,394.9941615334931
Simulation_000001,Aluminium 6061,38.79347079957477,0.015490559167780275,0.0,380.1310609325576
Simulation_000001,Aluminium 6061,38.79347079957477,0.03098111833556055,0.0,366.14125334784154
Simulation_000001,Aluminium 6061,38.79347079957477,0.04647167750334082,0.0,353.3566185105539
Simulation_000001,Aluminium 6061,38.79347079957477,0.0619622366711211,0.0,342.16490413355706
Simulation_000001,Aluminium 6061,38.79347079957477,0.07745279583890137,0.0,332.7852357520881
Simulation_000001,Aluminium 6061,38.79347079957477,0.09294335500668165,0.0,325.26230237888666
Simulation_000001,Aluminium 6061,38.79347079957477,0.10843391417446192,0.0,319.49008206065326
Simulation_000001,Aluminium 6061,38.79347079957477,0.1239244733422422,0.0,315.25462864037223
Simulation_000001,Aluminium 6061,38.79347079957477,0.13941503251002246,0.0,312.28370597073297
Simulation_000001,Aluminium 6061,38.79347079957477,0.15490559167780274,0.0,310.29242611033237
Simulation_000001,Aluminium 6061,38.79347079957477,0.17039615084558302,0.0,309.0177020736416
Simulation_000001,Aluminium 6061,38.79347079957477,0.1858867100133633,0.0,308.23874791507075
Simulation_000001,Aluminium 6061,38.79347079957477,0.20137726918114357,0.0,307.78463748208594
Simulation_000001,Aluminium 6061,38.79347079957477,0.21686782834892385,0.0,307.5322443241596
Simulation_000001,Aluminium 6061,38.79347079957477,0.23235838751670412,0.0,307.3986029357479
Simulation_000001,Aluminium 6061,38.79347079957477,0.2478489466844844,0.0,307.3312435988001
Simulation_000001,Aluminium 6061,38.79347079957477,0.2633395058522647,0.0,307.29895446686055
Simulation_000001,Aluminium 6061,38.79347079957477,0.2788300650200449,0.0,307.28424883759277
Simulation_000001,Aluminium 6061,38.79347079957477,0.29432062418782523,0.0,307.27789258782764
Simulation_000001,Aluminium 6061,38.79347079957477,0.3098111833556055,0.0,307.2752883568901
Simulation_000001,Aluminium 6061,38.79347079957477,0.3253017425233858,0.0,307.27427832660345
Simulation_000001,Aluminium 6061,38.79347079957477,0.34079230169116603,0.0,307.27390805680875
Simulation_000001,Aluminium 6061,38.79347079957477,0.35628286085894634,0.0,307.273779967692
Simulation_000001,Aluminium 6061,38.79347079957477,0.3717734200267266,0.0,307.27373823292544
Simulation_000001,Aluminium 6061,38.79347079957477,0.3872639791945069,0.0,307.27372545909964
Simulation_000001,Aluminium 6061,38.79347079957477,0.40275453836228714,0.0,307.2737218203921
Simulation_000001,Aluminium 6061,38.79347079957477,0.41824509753006744,0.0,307.27372093398316
Simulation_000001,Aluminium 6061,38.79347079957477,0.4337356566978477,0.0,307.27372096424784
Simulation_000001,Aluminium 6061,38.79347079957477,0.449226215865628,0.0,307.2737216289433
Simulation_000001,Aluminium 6061,38.79347079957477,0.46471677503340825,0.0,307.2737234000656
Simulation_000001,Aluminium 6061,38.79347079957477,0.48020733420118855,0.0,307.2737275943895
Simulation_000001,Aluminium 6061,38.79347079957477,0.4956978933689688,0.0,307.27373702818124
Simulation_000001,Aluminium 6061,38.79347079957477,0.511188452536749,0.0,307.2737573263012
Simulation_000001,Aluminium 6061,38.79347079957477,0.5266790117045294,0.0,307.2737991941618
Simulation_000001,Aluminium 6061,38.79347079957477,0.5421695708723097,0.0,307.27388211709285
Simulation_000001,Aluminium 6061,38.79347079957477,0.5576601300400899,0.0,307.2740400811815
Simulation_000001,Aluminium 6061,38.79347079957477,0.5731506892078702,0.0,307.274330016931
Simulation_000001,Aluminium 6061,38.79347079957477,0.5886412483756505,0.0,307.2748437716495
Simulation_000001,Aluminium 6061,38.79347079957477,0.6041318075434308,0.0,307.27572460853554
Simulation_000001,Aluminium 6061,38.79347079957477,0.619622366711211,0.0,307.27718976688726
Simulation_000001,Aluminium 6061,38.79347079957477,0.6351129258789913,0.0,307.27956212265667
Simulation_000001,Aluminium 6061,38.79347079957477,0.6506034850467716,0.0,307.28331796256646
Simulation_000001,Aluminium 6061,38.79347079957477,0.6660940442145519,0.0,307.2891681553258
Simulation_000001,Aluminium 6061,38.79347079957477,0.6815846033823321,0.0,307.2982171934988
Simulation_000001,Aluminium 6061,38.79347079957477,0.6970751625501124,0.0,307.3123205646905
Simulation_000001,Aluminium 6061,38.79347079957477,0.7125657217178927,0.0,307.3349876069557
Simulation_000001,Aluminium 6061,38.79347079957477,0.0,0.01820449790499638,394.9941615334931
Simulation_000001,Aluminium 6061,38.79347079957477,0.015490559167780275,0.01820449790499638,380.2867949459577
Simulation_000001,Aluminium 6061,38.79347079957477,0.03098111833556055,0.01820449790499638,366.2713776426774
Simulation_000001,Aluminium 6061,38.79347079957477,0.04647167750334082,0.01820449790499638,353.4633392740584
Simulation_000001,Aluminium 6061,38.79347079957477,0.0619622366711211,0.01820449790499638,342.2511373632831
Simulation_000001,Aluminium 6061,38.79347079957477,0.07745279583890137,0.01820449790499638,332.85429857643004
Simulation_000001,Aluminium 6061,38.79347079957477,0.09294335500668165,0.01820449790499638,325.31759373387143
Simulation_000001,Aluminium 6061,38.79347079957477,0.10843391417446192,0.01820449790499638,319.53480679869597
Simulation_000001,Aluminium 6061,38.79347079957477,0.1239244733422422,0.01820449790499638,315.2915999644078
Simulation_000001,Aluminium 6061,38.79347079957477,0.13941503251002246,0.01820449790499638,312.31523872865637
Simulation_000001,Aluminium 6061,38.79347079957477,0.15490559167780274,0.01820449790499638,310.32031363464563
Simulation_000001,Aluminium 6061,38.79347079957477,0.17039615084558302,0.01820449790499638,309.04325609024727
Simulation_000001,Aluminium 6061,38.79347079957477,0.1858867100133633,0.01820449790499638,308.2628759794855
Simulation_000001,Aluminium 6061,38.79347079957477,0.20137726918114357,0.01820449790499638,307.8079342526952
Simulation_000001,Aluminium 6061,38.79347079957477,0.21686782834892385,0.01820449790499638,307.5550790642725
Simulation_000001,Aluminium 6061,38.79347079957477,0.23235838751670412,0.01820449790499638,307.4211930321568
Simulation_000001,Aluminium 6061,38.79347079957477,0.2478489466844844,0.01820449790499638,307.3537103873185
Simulation_000001,Aluminium 6061,38.79347079957477,0.2633395058522647,0.01820449790499638,307.32136214694754
Simulation_000001,Aluminium 6061,38.79347079957477,0.2788300650200449,0.01820449790499638,307.3066295975792
Simulation_000001,Aluminium 6061,38.79347079957477,0.29432062418782523,0.01820449790499638,307.3002617120738
Simulation_000001,Aluminium 6061,38.79347079957477,0.3098111833556055,0.01820449790499638,307.2976527138354
Simulation_000001,Aluminium 6061,38.79347079957477,0.3253017425233858,0.01820449790499638,307.296640834589
Simulation_000001,Aluminium 6061,38.79347079957477,0.34079230169116603,0.01820449790499638,307.2962698869791
Simulation_000001,Aluminium 6061,38.79347079957477,0.35628286085894634,0.01820449790499638,307.2961415633826
Simulation_000001,Aluminium 6061,38.79347079957477,0.3717734200267266,0.01820449790499638,307.29609975221643
Simulation_000001,Aluminium 6061,38.79347079957477,0.3872639791945069,0.01820449790499638,307.2960869550069
Simulation_000001,Aluminium 6061,38.79347079957477,0.40275453836228714,0.01820449790499638,307.29608330963833
Simulation_000001,Aluminium 6061,38.79347079957477,0.41824509753006744,0.01820449790499638,307.29608242160674
Simulation_000001,Aluminium 6061,38.79347079957477,0.4337356566978477,0.01820449790499638,307.2960824519268
Simulation_000001,Aluminium 6061,38.79347079957477,0.449226215865628,0.01820449790499638,307.29608311783903
Simulation_000001,Aluminium 6061,38.79347079957477,0.46471677503340825,0.01820449790499638,307.29608489220357
Simulation_000001,Aluminium 6061,38.79347079957477,0.48020733420118855,0.01820449790499638,307.2960890942056
Simulation_000001,Aluminium 6061,38.79347079957477,0.4956978933689688,0.01820449790499638,307.29609854526683
Simulation_000001,Aluminium 6061,38.79347079957477,0.511188452536749,0.01820449790499638,307.2961188805445
Simulation_000001,Aluminium 6061,38.79347079957477,0.5266790117045294,0.01820449790499638,307.29616082504833
Simulation_000001,Aluminium 6061,38.79347079957477,0.5421695708723097,0.01820449790499638,307.29624389977795
Simulation_000001,Aluminium 6061,38.79347079957477,0.5576601300400899,0.01820449790499638,307.2964021530354
Simulation_000001,Aluminium 6061,38.79347079957477,0.5731506892078702,0.01820449790499638,307.2966926195408
Simulation_000001,Aluminium 6061,38.79347079957477,0.5886412483756505,0.01820449790499638,307.2972073147378
Simulation_000001,Aluminium 6061,38.79347079957477,0.6041318075434308,0.01820449790499638,307.2980897640824
Simulation_000001,Aluminium 6061,38.79347079957477,0.619622366711211,0.01820449790499638,307.2995576045506
Simulation_000001,Aluminium 6061,38.79347079957477,0.6351129258789913,0.01820449790499638,307.3019343031505
Simulation_000001,Aluminium 6061,38.79347079957477,0.6506034850467716,0.01820449790499638,307.30569701849464
Simulation_000001,Aluminium 6061,38.79347079957477,0.6660940442145519,0.01820449790499638,307.31155792060713
Simulation_000001,Aluminium 6061,38.79347079957477,0.6815846033823321,0.01820449790499638,307.3206235239344
Simulation_000001,Aluminium 6061,38.79347079957477,0.6970751625501124,0.01820449790499638,307.33475271273403
Simulation_000001,Aluminium 6061,38.79347079957477,0.7125657217178927,0.01820449790499638,307.3574612492492
Simulation_000001,Aluminium 6061,38.79347079957477,0.0,0.03640899580999276,394.9941615334931
Simulation_000001,Aluminium 6061,38.79347079957477,0.015490559167780275,0.03640899580999276,380.34553005592545
Simulation_000001,Aluminium 6061,38.79347079957477,0.03098111833556055,0.03640899580999276,366.3432658866146
Simulation_000001,Aluminium 6061,38.79347079957477,0.04647167750334082,0.03640899580999276,353.5320507303061
Simulation_000001,Aluminium 6061,38.79347079957477,0.0619622366711211,0.03640899580999276,342.31122223939445
Simulation_000001,Aluminium 6061,38.79347079957477,0.07745279583890137,0.03640899580999276,332.90473736759503
Simulation_000001,Aluminium 6061,38.79347079957477,0.09294335500668165,0.03640899580999276,325.35923946671886
Simulation_000001,Aluminium 6061,38.79347079957477,0.10843391417446192,0.03640899580999276,319.56922615719697
Simulation_000001,Aluminium 6061,38.79347079957477,0.1239244733422422,0.03640899580999276,315.32049483328024
Simulation_000001,Aluminium 6061,38.79347079957477,0.13941503251002246,0.03640899580999276,312.34015534201654
Simulation_000001,Aluminium 6061,38.79347079957477,0.15490559167780274,0.03640899580999276,310.34251636711195
Simulation_000001,Aluminium 6061,38.79347079957477,0.17039615084558302,0.03640899580999276,309.063700202309
Simulation_000001,Aluminium 6061,38.79347079957477,0.1858867100133633,0.03640899580999276,308.2822361810969
Simulation_000001,Aluminium 6061,38.79347079957477,0.20137726918114357,0.03640899580999276,307.82665872922666
Simulation_000001,Aluminium 6061,38.79347079957477,0.21686782834892385,0.03640899580999276,307.5734487201037
Simulation_000001,Aluminium 6061,38.79347079957477,0.23235838751670412,0.03640899580999276,307.43937428627197
Simulation_000001,Aluminium 6061,38.79347079957477,0.2478489466844844,0.03640899580999276,307.3717965223006
Simulation_000001,Aluminium 6061,38.79347079957477,0.2633395058522647,0.03640899580999276,307.3394026527438
Simulation_000001,Aluminium 6061,38.79347079957477,0.2788300650200449,0.03640899580999276,307.3246493252912
Simulation_000001,Aluminium 6061,38.79347079957477,0.29432062418782523,0.03640899580999276,307.3182724686647
Simulation_000001,Aluminium 6061,38.79347079957477,0.3098111833556055,0.03640899580999276,307.31565980346693
Simulation_000001,Aluminium 6061,38.79347079957477,0.3253017425233858,0.03640899580999276,307.31464650785523
Simulation_000001,Aluminium 6061,38.79347079957477,0.34079230169116603,0.03640899580999276,307.31427504412414
Simulation_000001,Aluminium 6061,38.79347079957477,0.35628286085894634,0.03640899580999276,307.31414654244367
Simulation_000001,Aluminium 6061,38.79347079957477,0.3717734200267266,0.03640899580999276,307.3141046712692
Simulation_000001,Aluminium 6061,38.79347079957477,0.3872639791945069,0.03640899580999276,307.31409185122624
Simulation_000001,Aluminium 6061,38.79347079957477,0.40275453836228714,0.03640899580999276,307.3140881919148
Simulation_000001,Aluminium 6061,38.79347079957477,0.41824509753006744,0.03640899580999276,307.31408728735573
Simulation_000001,Aluminium 6061,38.79347079957477,0.4337356566978477,0.03640899580999276,307.3140872880933
Simulation_000001,Aluminium 6061,38.79347079957477,0.449226215865628,0.03640899580999276,307.3140878901204
Simulation_000001,Aluminium 6061,38.79347079957477,0.46471677503340825,0.03640899580999276,307.3140895177836
Simulation_000001,Aluminium 6061,38.79347079957477,0.48020733420118855,0.03640899580999276,307.3140933831325
Simulation_000001,Aluminium 6061,38.79347079957477,0.4956978933689688,0.03640899580999276,307.3141020817957
Simulation_000001,Aluminium 6061,38.79347079957477,0.511188452536749,0.03640899580999276,307.31412079226965
Simulation_000001,Aluminium 6061,38.79347079957477,0.5266790117045294,0.03640899580999276,307.3141593501151
Simulation_000001,Aluminium 6061,38.79347079957477,0.5421695708723097,0.03640899580999276,307.3142356012491
Simulation_000001,Aluminium 6061,38.79347079957477,0.5576601300400899,0.03640899580999276,307.3143805293125
Simulation_000001,Aluminium 6061,38.79347079957477,0.5731506892078702,0.03640899580999276,307.3146456882245
Simulation_000001,Aluminium 6061,38.79347079957477,0.5886412483756505,0.03640899580999276,307.3151134321449
Simulation_000001,Aluminium 6061,38.79347079957477,0.6041318075434308,0.03640899580999276,307.31591031197
Simulation_000001,Aluminium 6061,38.79347079957477,0.619622366711211,0.03640899580999276,307.31722379645055
Simulation_000001,Aluminium 6061,38.79347079957477,0.6351129258789913,0.03640899580999276,307.3193220940907
Simulation_000001,Aluminium 6061,38.79347079957477,0.6506034850467716,0.03640899580999276,307.32257575402616
Simulation_000001,Aluminium 6061,38.79347079957477,0.6660940442145519,0.03640899580999276,307.3274755030355
Simulation_000001,Aluminium 6061,38.79347079957477,0.6815846033823321,0.03640899580999276,307.33462401049286
Simulation_000001,Aluminium 6061,38.79347079957477,0.6970751625501124,0.03640899580999276,307.34461440732474
Simulation_000001,Aluminium 6061,38.79347079957477,0.7125657217178927,0.03640899580999276,307.3574612492492
Simulation_000001,Aluminium 6061,38.79347079957477,0.0,0.054613493714989136,394.9941615334931
Simulation_000001,Aluminium 6061,38.79347079957477,0.015490559167780275,0.054613493714989136,380.37152974090117
Simulation_000001,Aluminium 6061,38.79347079957477,0.03098111833556055,0.054613493714989136,366.38193049117444
Simulation_000001,Aluminium 6061,38.79347079957477,0.04647167750334082,0.054613493714989136,353.5735972491874
Simulation_000001,Aluminium 6061,38.79347079957477,0.0619622366711211,0.054613493714989136,342.3503808886259
Simulation_000001,Aluminium 6061,38.79347079957477,0.07745279583890137,0.054613493714989136,332.93931613748543
Simulation_000001,Aluminium 6061,38.79347079957477,0.09294335500668165,0.054613493714989136,325.388828983205
Simulation_000001,Aluminium 6061,38.79347079957477,0.10843391417446192,0.054613493714989136,319.5943262878055
Simulation_000001,Aluminium 6061,38.79347079957477,0.1239244733422422,0.054613493714989136,315.34197335375273
Simulation_000001,Aluminium 6061,38.79347079957477,0.13941503251002246,0.054613493714989136,312.3589343074515
Simulation_000001,Aluminium 6061,38.79347079957477,0.15490559167780274,0.054613493714989136,310.35941041955954
Simulation_000001,Aluminium 6061,38.79347079957477,0.17039615084558302,0.054613493714989136,309.07935293988925
Simulation_000001,Aluminium 6061,38.79347079957477,0.1858867100133633,0.054613493714989136,308.29711509915444
Simulation_000001,Aluminium 6061,38.79347079957477,0.20137726918114357,0.054613493714989136,307.8410801458932
Simulation_000001,Aluminium 6061,38.79347079957477,0.21686782834892385,0.054613493714989136,307.5876133724312
Simulation_000001,Aluminium 6061,38.79347079957477,0.23235838751670412,0.054613493714989136,307.45340210753767
Simulation_000001,Aluminium 6061,38.79347079957477,0.2478489466844844,0.054613493714989136,307.38575511860336
Simulation_000001,Aluminium 6061,38.79347079957477,0.2633395058522647,0.054613493714989136,307.35332802049146
Simulation_000001,Aluminium 6061,38.79347079957477,0.2788300650200449,0.054613493714989136,307.33855957610774
Simulation_000001,Aluminium 6061,38.79347079957477,0.29432062418782523,0.054613493714989136,307.3321762135595
Simulation_000001,Aluminium 6061,38.79347079957477,0.3098111833556055,0.054613493714989136,307.3295609078173
Simulation_000001,Aluminium 6061,38.79347079957477,0.3253017425233858,0.054613493714989136,307.32854660634166
Simulation_000001,Aluminium 6061,38.79347079957477,0.34079230169116603,0.054613493714989136,307.32817478375216
Simulation_000001,Aluminium 6061,38.79347079957477,0.35628286085894634,0.054613493714989136,307.3280461589324
Simulation_000001,Aluminium 6061,38.79347079957477,0.3717734200267266,0.054613493714989136,307.3280042395065
Simulation_000001,Aluminium 6061,38.79347079957477,0.3872639791945069,0.054613493714989136,307.3279913883293
Simulation_000001,Aluminium 6061,38.79347079957477,0.40275453836228714,0.054613493714989136,307.3279876956344
Simulation_000001,Aluminium 6061,38.79347079957477,0.41824509753006744,0.054613493714989136,307.3279867471255
Simulation_000001,Aluminium 6061,38.79347079957477,0.4337356566978477,0.054613493714989136,307.3279866796747
Simulation_000001,Aluminium 6061,38.79347079957477,0.449226215865628,0.054613493714989136,307.3279871541759
Simulation_000001,Aluminium 6061,38.79347079957477,0.46471677503340825,0.054613493714989136,307.3279885096969
Simulation_000001,Aluminium 6061,38.79347079957477,0.48020733420118855,0.054613493714989136,307.32799176830594
Simulation_000001,Aluminium 6061,38.79347079957477,0.4956978933689688,0.054613493714989136,307.32799912509773
Simulation_000001,Aluminium 6061,38.79347079957477,0.511188452536749,0.054613493714989136,307.32801495191694
Simulation_000001,Aluminium 6061,38.79347079957477,0.5266790117045294,0.054613493714989136,307.3280475227655
Simulation_000001,Aluminium 6061,38.79347079957477,0.5421695708723097,0.054613493714989136,307.32811176820854
Simulation_000001,Aluminium 6061,38.79347079957477,0.5576601300400899,0.054613493714989136,307.32823340343606
Simulation_000001,Aluminium 6061,38.79347079957477,0.5731506892078702,0.054613493714989136,307.328454726034
Simulation_000001,Aluminium 6061,38.79347079957477,0.5886412483756505,0.054613493714989136,307.32884219244863
Simulation_000001,Aluminium 6061,38.79347079957477,0.6041318075434308,0.054613493714989136,307.3294954834607
Simulation_000001,Aluminium 6061,38.79347079957477,0.619622366711211,0.054613493714989136,307.33055703494574
Simulation_000001,Aluminium 6061,38.79347079957477,0.6351129258789913,0.054613493714989136,307.3322196614314
Simulation_000001,Aluminium 6061,38.79347079957477,0.6506034850467716,0.054613493714989136,307.33472725048375
Simulation_000001,Aluminium 6061,38.79347079957477,0.6660940442145519,0.054613493714989136,307.33835794122865
Simulation_000001,Aluminium 6061,38.79347079957477,0.6815846033823321,0.054613493714989136,307.3433675892782
Simulation_000001,Aluminium 6061,38.79347079957477,0.6970751625501124,0.054613493714989136,307.34985064980464
Simulation_000001,Aluminium 6061,38.79347079957477,0.7125657217178927,0.054613493714989136,307.3574612492492
Simulation_000001,Aluminium 6061,38.79347079957477,0.0,0.07281799161998552,394.9941615334931
Simulation_000001,Aluminium 6061,38.79347079957477,0.015490559167780275,0.07281799161998552,380.38427216732606
Simulation_000001,Aluminium 6061,38.79347079957477,0.03098111833556055,0.07281799161998552,366.40287811761874
Simulation_000001,Aluminium 6061,38.79347079957477,0.04647167750334082,0.07281799161998552,353.59795662464444
Simulation_000001,Aluminium 6061,38.79347079957477,0.0619622366711211,0.07281799161998552,342.3747583791763
Simulation_000001,Aluminium 6061,38.79347079957477,0.07745279583890137,0.07281799161998552,332.9618442457275
Simulation_000001,Aluminium 6061,38.79347079957477,0.09294335500668165,0.07281799161998552,325.4087906110068
Simulation_000001,Aluminium 6061,38.79347079957477,0.10843391417446192,0.07281799161998552,319.6117206897671
Simulation_000001,Aluminium 6061,38.79347079957477,0.1239244733422422,0.07281799161998552,315.3571668227289
Simulation_000001,Aluminium 6061,38.79347079957477,0.13941503251002246,0.07281799161998552,312.37242181622526
Simulation_000001,Aluminium 6061,38.79347079957477,0.15490559167780274,0.07281799161998552,310.37167473670894
Simulation_000001,Aluminium 6061,38.79347079957477,0.17039615084558302,0.07281799161998552,309.09079662324393
Simulation_000001,Aluminium 6061,38.79347079957477,0.1858867100133633,0.07281799161998552,308.3080404400331
Simulation_000001,Aluminium 6061,38.79347079957477,0.20137726918114357,0.07281799161998552,307.8516961786304
Simulation_000001,Aluminium 6061,38.79347079957477,0.21686782834892385,0.07281799161998552,307.59805471033934
Simulation_000001,Aluminium 6061,38.79347079957477,0.23235838751670412,0.07281799161998552,307.4637499816182
Simulation_000001,Aluminium 6061,38.79347079957477,0.2478489466844844,0.07281799161998552,307.39605562546944
Simulation_000001,Aluminium 6061,38.79347079957477,0.2633395058522647,0.07281799161998552,307.3636058101315
Simulation_000001,Aluminium 6061,38.79347079957477,0.2788300650200449,0.07281799161998552,307.34882708319304
Simulation_000001,Aluminium 6061,38.79347079957477,0.29432062418782523,0.07281799161998552,307.3424393548541
Simulation_000001,Aluminium 6061,38.79347079957477,0.3098111833556055,0.07281799161998552,307.339822333231
Simulation_000001,Aluminium 6061,38.79347079957477,0.3253017425233858,0.07281799161998552,307.33880742210636
Simulation_000001,Aluminium 6061,38.79347079957477,0.34079230169116603,0.07281799161998552,307.3384354075856
Simulation_000001,Aluminium 6061,38.79347079957477,0.35628286085894634,0.07281799161998552,307.33830671776246
Simulation_000001,Aluminium 6061,38.79347079957477,0.3717734200267266,0.07281799161998552,307.33826474788094
Simulation_000001,Aluminium 6061,38.79347079957477,0.3872639791945069,0.07281799161998552,307.33825182403905
Simulation_000001,Aluminium 6061,38.79347079957477,0.40275453836228714,0.07281799161998552,307.33824803191914
Simulation_000001,Aluminium 6061,38.79347079957477,0.41824509753006744,0.07281799161998552,307.3382469599867
Simulation_000001,Aluminium 6061,38.79347079957477,0.4337356566978477,0.07281799161998552,307.3382467398966
Simulation_000001,Aluminium 6061,38.79347079957477,0.449226215865628,0.07281799161998552,307.3382469971688
Simulation_000001,Aluminium 6061,38.79347079957477,0.46471677503340825,0.07281799161998552,307.3382479716646
Simulation_000001,Aluminium 6061,38.79347079957477,0.48020733420118855,0.07281799161998552,307.3382504551908
Simulation_000001,Aluminium 6061,38.79347079957477,0.4956978933689688,0.07281799161998552,307.33825615629155
Simulation_000001,Aluminium 6061,38.79347079957477,0.511188452536749,0.07281799161998552,307.3382684717194
Simulation_000001,Aluminium 6061,38.79347079957477,0.5266790117045294,0.07281799161998552,307.33829380511594
Simulation_000001,Aluminium 6061,38.79347079957477,0.5421695708723097,0.07281799161998552,307.3383436370414
Simulation_000001,Aluminium 6061,38.79347079957477,0.5576601300400899,0.07281799161998552,307.33843754970553
Simulation_000001,Aluminium 6061,38.79347079957477,0.5731506892078702,0.07281799161998552,307.3386073084038
Simulation_000001,Aluminium 6061,38.79347079957477,0.5886412483756505,0.07281799161998552,307.33890185188415
Simulation_000001,Aluminium 6061,38.79347079957477,0.6041318075434308,0.07281799161998552,307.33939257390193
Simulation_000001,Aluminium 6061,38.79347079957477,0.619622366711211,0.07281799161998552,307.34017749989505
Simulation_000001,Aluminium 6061,38.79347079957477,0.6351129258789913,0.07281799161998552,307.34138175399545
Simulation_000001,Aluminium 6061,38.79347079957477,0.6506034850467716,0.07281799161998552,307.34314991276443
Simulation_000001,Aluminium 6061,38.79347079957477,0.6660940442145519,0.07281799161998552,307.34562340842376
Simulation_000001,Aluminium 6061,38.79347079957477,0.6815846033823321,0.07281799161998552,307.348893885697
Simulation_000001,Aluminium 6061,38.79347079957477,0.6970751625501124,0.07281799161998552,307.35292562451394
Simulation_000001,Aluminium 6061,38.79347079957477,0.7125657217178927,0.07281799161998552,307.3574612492492
Simulation_000001,Aluminium 6061,38.79347079957477,0.0,0.0910224895249819,394.9941615334931
Simulation_000001,Aluminium 6061,38.79347079957477,0.015490559167780275,0.0910224895249819,380.390855195355
Simulation_000001,Aluminium 6061,38.79347079957477,0.03098111833556055,0.0910224895249819,366.41429484552714
Simulation_000001,Aluminium 6061,38.79347079957477,0.04647167750334082,0.0910224895249819,353.6119414398711
Simulation_000001,Aluminium 6061,38.79347079957477,0.0619622366711211,0.0910224895249819,342.38940136348606
Simulation_000001,Aluminium 6061,38.79347079957477,0.07745279583890137,0.0910224895249819,332.97589899955136
Simulation_000001,Aluminium 6061,38.79347079957477,0.09294335500668165,0.0910224895249819,325.4216394994615
Simulation_000001,Aluminium 6061,38.79347079957477,0.10843391417446192,0.0910224895249819,319.62320534395536
Simulation_000001,Aluminium 6061,38.79347079957477,0.1239244733422422,0.0910224895249819,315.36740280032916
Simulation_000001,Aluminium 6061,38.79347079957477,0.13941503251002246,0.0910224895249819,312.381649221487
Simulation_000001,Aluminium 6061,38.79347079957477,0.15490559167780274,0.0910224895249819,310.380158490607
Simulation_000001,Aluminium 6061,38.79347079957477,0.17039615084558302,0.0910224895249819,309.09877158576637
Simulation_000001,Aluminium 6061,38.79347079957477,0.1858867100133633,0.0910224895249819,308.315689536944
Simulation_000001,Aluminium 6061,38.79347079957477,0.20137726918114357,0.0910224895249819,307.8591489335001
Simulation_000001,Aluminium 6061,38.79347079957477,0.21686782834892385,0.0910224895249819,307.6053958747909
Simulation_000001,Aluminium 6061,38.79347079957477,0.23235838751670412,0.0910224895249819,307.4710312634407
Simulation_000001,Aluminium 6061,38.79347079957477,0.2478489466844844,0.0910224895249819,307.4033065955166
Simulation_000001,Aluminium 6061,38.79347079957477,0.2633395058522647,0.0910224895249819,307.37084237361717
Simulation_000001,Aluminium 6061,38.79347079957477,0.2788300650200449,0.0910224895249819,307.3560572997994
Simulation_000001,Aluminium 6061,38.79347079957477,0.29432062418782523,0.0910224895249819,307.3496670683816
Simulation_000001,Aluminium 6061,38.79347079957477,0.3098111833556055,0.0910224895249819,307.34704924765924
Simulation_000001,Aluminium 6061,38.79347079957477,0.3253017425233858,0.0910224895249819,307.3460342067699
Simulation_000001,Aluminium 6061,38.79347079957477,0.34079230169116603,0.0910224895249819,307.3456622462799
Simulation_000001,Aluminium 6061,38.79347079957477,0.35628286085894634,0.0910224895249819,307.34553357855475
Simulation_000001,Aluminium 6061,38.79347079957477,0.3717734200267266,0.0910224895249819,307.3454915140485
Simulation_000001,Aluminium 6061,38.79347079957477,0.3872639791945069,0.0910224895249819,307.34547836841244
Simulation_000001,Aluminium 6061,38.79347079957477,0.40275453836228714,0.0910224895249819,307.34547425314395
Simulation_000001,Aluminium 6061,38.79347079957477,0.41824509753006744,0.0910224895249819,307.345472798885
Simulation_000001,Aluminium 6061,38.79347079957477,0.4337356566978477,0.0910224895249819,307.3454721671366
Simulation_000001,Aluminium 6061,38.79347079957477,0.449226215865628,0.0910224895249819,307.34547197731627
Simulation_000001,Aluminium 6061,38.79347079957477,0.46471677503340825,0.0910224895249819,307.34547238546384
Simulation_000001,Aluminium 6061,38.79347079957477,0.48020733420118855,0.0910224895249819,307.34547395934175
Simulation_000001,Aluminium 6061,38.79347079957477,0.4956978933689688,0.0910224895249819,307.3454779203658
Simulation_000001,Aluminium 6061,38.79347079957477,0.511188452536749,0.0910224895249819,307.3454866959368
Simulation_000001,Aluminium 6061,38.79347079957477,0.5266790117045294,0.0910224895249819,307.3455048526148
Simulation_000001,Aluminium 6061,38.79347079957477,0.5421695708723097,0.0910224895249819,307.34554053432936
Simulation_000001,Aluminium 6061,38.79347079957477,0.5576601300400899,0.0910224895249819,307.3456075025116
Simulation_000001,Aluminium 6061,38.79347079957477,0.5731506892078702,0.0910224895249819,307.34572777017155
Simulation_000001,Aluminium 6061,38.79347079957477,0.5886412483756505,0.0910224895249819,307.34593458745337
Simulation_000001,Aluminium 6061,38.79347079957477,0.6041318075434308,0.0910224895249819,307.3462751448362
Simulation_000001,Aluminium 6061,38.79347079957477,0.619622366711211,0.0910224895249819,307.346811788245
Simulation_000001,Aluminium 6061,38.79347079957477,0.6351129258789913,0.0910224895249819,307.3476198179126
Simulation_000001,Aluminium 6061,38.79347079957477,0.6506034850467716,0.0910224895249819,307.3487792142001
Simulation_000001,Aluminium 6061,38.79347079957477,0.6660940442145519,0.0910224895249819,307.3503573268194
Simulation_000001,Aluminium 6061,38.79347079957477,0.6815846033823321,0.0910224895249819,307.352380777604
Simulation_000001,Aluminium 6061,38.79347079957477,0.6970751625501124,0.0910224895249819,307.35479988865023
Simulation_000001,Aluminium 6061,38.79347079957477,0.7125657217178927,0.0910224895249819,307.3574612492492
Simulation_000001,Aluminium 6061,38.79347079957477,0.0,0.10922698742997827,394.9941615334931
Simulation_000001,Aluminium 6061,38.79347079957477,0.015490559167780275,0.10922698742997827,380.39432255471587
Simulation_000001,Aluminium 6061,38.79347079957477,0.03098111833556055,0.10922698742997827,366.4204942384792
Simulation_000001,Aluminium 6061,38.79347079957477,0.04647167750334082,0.10922698742997827,353.61980330176993
Simulation_000001,Aluminium 6061,38.79347079957477,0.0619622366711211,0.10922698742997827,342.39791502030107
Simulation_000001,Aluminium 6061,38.79347079957477,0.07745279583890137,0.10922698742997827,332.9843243553415
Simulation_000001,Aluminium 6061,38.79347079957477,0.09294335500668165,0.10922698742997827,325.4295512810491
Simulation_000001,Aluminium 6061,38.79347079957477,0.10843391417446192,0.10922698742997827,319.63044045892025
Simulation_000001,Aluminium 6061,38.79347079957477,0.1239244733422422,0.10922698742997827,315.3739734150041
Simulation_000001,Aluminium 6061,38.79347079957477,0.13941503251002246,0.10922698742997827,312.3876599203713
Simulation_000001,Aluminium 6061,38.79347079957477,0.15490559167780274,0.10922698742997827,310.3857445347315
Simulation_000001,Aluminium 6061,38.79347079957477,0.17039615084558302,0.10922698742997827,309.1040613347747
Simulation_000001,Aluminium 6061,38.79347079957477,0.1858867100133633,0.10922698742997827,308.3207869105007
Simulation_000001,Aluminium 6061,38.79347079957477,0.20137726918114357,0.10922698742997827,307.8641293589917
Simulation_000001,Aluminium 6061,38.79347079957477,0.21686782834892385,0.10922698742997827,307.6103095575374
Simulation_000001,Aluminium 6061,38.79347079957477,0.23235838751670412,0.10922698742997827,307.475909230871
Simulation_000001,Aluminium 6061,38.79347079957477,0.2478489466844844,0.10922698742997827,307.40816679821603
Simulation_000001,Aluminium 6061,38.79347079957477,0.2633395058522647,0.10922698742997827,307.3756945908218
Simulation_000001,Aluminium 6061,38.79347079957477,0.2788300650200449,0.10922698742997827,307.36090656543394
Simulation_000001,Aluminium 6061,38.79347079957477,0.29432062418782523,0.10922698742997827,307.35451580450325
Simulation_000001,Aluminium 6061,38.79347079957477,0.3098111833556055,0.10922698742997827,307.35189848069035
Simulation_000001,Aluminium 6061,38.79347079957477,0.3253017425233858,0.10922698742997827,307.35088420221825
Simulation_000001,Aluminium 6061,38.79347079957477,0.34079230169116603,0.10922698742997827,307.35051284714694
Simulation_000001,Aluminium 6061,38.79347079957477,0.35628286085894634,0.10922698742997827,307.35038439498203
Simulation_000001,Aluminium 6061,38.79347079957477,0.3717734200267266,0.10922698742997827,307.3503420725636
Simulation_000001,Aluminium 6061,38.79347079957477,0.3872639791945069,0.10922698742997827,307.3503282223792
Simulation_000001,Aluminium 6061,38.79347079957477,0.40275453836228714,0.10922698742997827,307.3503230745335
Simulation_000001,Aluminium 6061,38.79347079957477,0.41824509753006744,0.10922698742997827,307.350320413541
Simulation_000001,Aluminium 6061,38.79347079957477,0.4337356566978477,0.10922698742997827,307.35031855007435
Simulation_000001,Aluminium 6061,38.79347079957477,0.449226215865628,0.10922698742997827,307.3503171890128
Simulation_000001,Aluminium 6061,38.79347079957477,0.46471677503340825,0.10922698742997827,307.3503164706989
Simulation_000001,Aluminium 6061,38.79347079957477,0.48020733420118855,0.10922698742997827,307.3503167836199
Simulation_000001,Aluminium 6061,38.79347079957477,0.4956978933689688,0.10922698742997827,307.3503189188468
Simulation_000001,Aluminium 6061,38.79347079957477,0.511188452536749,0.10922698742997827,307.3503244458999
Simulation_000001,Aluminium 6061,38.79347079957477,0.5266790117045294,0.10922698742997827,307.3503363432657
Simulation_000001,Aluminium 6061,38.79347079957477,0.5421695708723097,0.10922698742997827,307.35035993381376
Simulation_000001,Aluminium 6061,38.79347079957477,0.5576601300400899,0.10922698742997827,307.35040416898954
Simulation_000001,Aluminium 6061,38.79347079957477,0.5731506892078702,0.10922698742997827,307.35048320708665
Simulation_000001,Aluminium 6061,38.79347079957477,0.5886412483756505,0.10922698742997827,307.350618062564
Simulation_000001,Aluminium 6061,38.79347079957477,0.6041318075434308,0.10922698742997827,307.35083783036396
Simulation_000001,Aluminium 6061,38.79347079957477,0.619622366711211,0.10922698742997827,307.3511796501428
Simulation_000001,Aluminium 6061,38.79347079957477,0.6351129258789913,0.10922698742997827,307.3516862444232
Simulation_000001,Aluminium 6061,38.79347079957477,0.6506034850467716,0.10922698742997827,307.3523997308122
Simulation_000001,Aluminium 6061,38.79347079957477,0.6660940442145519,0.10922698742997827,307.35335081741255
Simulation_000001,Aluminium 6061,38.79347079957477,0.6815846033823321,0.10922698742997827,307.35454398516265
Simulation_000001,Aluminium 6061,38.79347079957477,0.6970751625501124,0.10922698742997827,307.3559424362432
Simulation_000001,Aluminium 6061,38.79347079957477,0.7125657217178927,0.10922698742997827,307.3574612492492
Simulation_000001,Aluminium 6061,38.79347079957477,0.0,0.12743148533497467,394.9941615334931
Simulation_000001,Aluminium 6061,38.79347079957477,0.015490559167780275,0.12743148533497467,380.3961450864418
Simulation_000001,Aluminium 6061,38.79347079957477,0.03098111833556055,0.12743148533497467,366.4238144031412
Simulation_000001,Aluminium 6061,38.79347079957477,0.04647167750334082,0.12743148533497467,353.62411539290656
Simulation_000001,Aluminium 6061,38.79347079957477,0.0619622366711211,0.12743148533497467,342.40270362168366
Simulation_000001,Aluminium 6061,38.79347079957477,0.07745279583890137,0.12743148533497467,332.9891803355688
Simulation_000001,Aluminium 6061,38.79347079957477,0.09294335500668165,0.12743148533497467,325.4342150179743
Simulation_000001,Aluminium 6061,38.79347079957477,0.10843391417446192,0.12743148533497467,319.6347911141723
Simulation_000001,Aluminium 6061,38.79347079957477,0.1239244733422422,0.12743148533497467,315.37799161095114
Simulation_000001,Aluminium 6061,38.79347079957477,0.13941503251002246,0.12743148533497467,312.39138554034344
Simulation_000001,Aluminium 6061,38.79347079957477,0.15490559167780274,0.12743148533497467,310.3892419796583
Simulation_000001,Aluminium 6061,38.79347079957477,0.17039615084558302,0.12743148533497467,309.10739657011766
Simulation_000001,Aluminium 6061,38.79347079957477,0.1858867100133633,0.12743148533497467,308.32401557530426
Simulation_000001,Aluminium 6061,38.79347079957477,0.20137726918114357,0.12743148533497467,307.8672929388136
Simulation_000001,Aluminium 6061,38.79347079957477,0.21686782834892385,0.12743148533497467,307.6134362621654
Simulation_000001,Aluminium 6061,38.79347079957477,0.23235838751670412,0.12743148533497467,307.47901689237636
Simulation_000001,Aluminium 6061,38.79347079957477,0.2478489466844844,0.12743148533497467,307.4112660587507
Simulation_000001,Aluminium 6061,38.79347079957477,0.2633395058522647,0.12743148533497467,307.37879153753397
Simulation_000001,Aluminium 6061,38.79347079957477,0.2788300650200449,0.12743148533497467,307.3640045389553
Simulation_000001,Aluminium 6061,38.79347079957477,0.29432062418782523,0.12743148533497467,307.35761648297773
Simulation_000001,Aluminium 6061,38.79347079957477,0.3098111833556055,0.12743148533497467,307.3550024277144
Simulation_000001,Aluminium 6061,38.79347079957477,0.3253017425233858,0.12743148533497467,307.3539911535301
Simulation_000001,Aluminium 6061,38.79347079957477,0.34079230169116603,0.12743148533497467,307.353621885295
Simulation_000001,Aluminium 6061,38.79347079957477,0.35628286085894634,0.12743148533497467,307.35349417725985
Simulation_000001,Aluminium 6061,38.79347079957477,0.3717734200267266,0.12743148533497467,307.3534510877834
Simulation_000001,Aluminium 6061,38.79347079957477,0.3872639791945069,0.12743148533497467,307.35343509630195
Simulation_000001,Aluminium 6061,38.79347079957477,0.40275453836228714,0.12743148533497467,307.3534267939938
Simulation_000001,Aluminium 6061,38.79347079957477,0.41824509753006744,0.12743148533497467,307.35342046625334
Simulation_000001,Aluminium 6061,38.79347079957477,0.4337356566978477,0.12743148533497467,307.3534149025402
Simulation_000001,Aluminium 6061,38.79347079957477,0.449226215865628,0.12743148533497467,307.3534101714015
Simulation_000001,Aluminium 6061,38.79347079957477,0.46471677503340825,0.12743148533497467,307.353406566473
Simulation_000001,Aluminium 6061,38.79347079957477,0.48020733420118855,0.12743148533497467,307.35340439439926
Simulation_000001,Aluminium 6061,38.79347079957477,0.4956978933689688,0.12743148533497467,307.35340407538934
Simulation_000001,Aluminium 6061,38.79347079957477,0.511188452536749,0.12743148533497467,307.35340644003253
Simulation_000001,Aluminium 6061,38.79347079957477,0.5266790117045294,0.12743148533497467,307.35341316333427
Simulation_000001,Aluminium 6061,38.79347079957477,0.5421695708723097,0.12743148533497467,307.3534273689973
Simulation_000001,Aluminium 6061,38.79347079957477,0.5576601300400899,0.12743148533497467,307.3534543965692
Simulation_000001,Aluminium 6061,38.79347079957477,0.5731506892078702,0.12743148533497467,307.3535026923832
Simulation_000001,Aluminium 6061,38.79347079957477,0.5886412483756505,0.12743148533497467,307.35358465644345
Simulation_000001,Aluminium 6061,38.79347079957477,0.6041318075434308,0.12743148533497467,307.3537171248802
Simulation_000001,Aluminium 6061,38.79347079957477,0.619622366711211,0.12743148533497467,307.35392098355504
Simulation_000001,Aluminium 6061,38.79347079957477,0.6351129258789913,0.12743148533497467,307.35421929435915
Simulation_000001,Aluminium 6061,38.79347079957477,0.6506034850467716,0.12743148533497467,307.3546333890949
Simulation_000001,Aluminium 6061,38.79347079957477,0.6660940442145519,0.12743148533497467,307.355176831749
Simulation_000001,Aluminium 6061,38.79347079957477,0.6815846033823321,0.12743148533497467,307.35584813579374
Simulation_000001,Aluminium 6061,38.79347079957477,0.6970751625501124,0.12743148533497467,307.3566246251095
Simulation_000001,Aluminium 6061,38.79347079957477,0.7125657217178927,0.12743148533497467,307.3574612492492
Simulation_000001,Aluminium 6061,38.79347079957477,0.0,0.14563598323997104,394.9941615334931
Simulation_000001,Aluminium 6061,38.79347079957477,0.015490559167780275,0.14563598323997104,380.3970877535328
Simulation_000001,Aluminium 6061,38.79347079957477,0.03098111833556055,0.14563598323997104,366.4255530486712
Simulation_000001,Aluminium 6061,38.79347079957477,0.04647167750334082,0.14563598323997104,353.626412121211
Simulation_000001,Aluminium 6061,38.79347079957477,0.0619622366711211,0.14563598323997104,342.405303281653
Simulation_000001,Aluminium 6061,38.79347079957477,0.07745279583890137,0.14563598323997104,332.991868380799
Simulation_000001,Aluminium 6061,38.79347079957477,0.09294335500668165,0.14563598323997104,325.43684533456553
Simulation_000001,Aluminium 6061,38.79347079957477,0.10843391417446192,0.14563598323997104,319.6372870895074
Simulation_000001,Aluminium 6061,38.79347079957477,0.1239244733422422,0.14563598323997104,315.38033121128774
Simulation_000001,Aluminium 6061,38.79347079957477,0.13941503251002246,0.14563598323997104,312.39358114125315
Simulation_000001,Aluminium 6061,38.79347079957477,0.15490559167780274,0.14563598323997104,310.3913222184408
Simulation_000001,Aluminium 6061,38.79347079957477,0.17039615084558302,0.14563598323997104,309.10939352142987
Simulation_000001,Aluminium 6061,38.79347079957477,0.1858867100133633,0.14563598323997104,308.32595760993905
Simulation_000001,Aluminium 6061,38.79347079957477,0.20137726918114357,0.14563598323997104,307.8692020273229
Simulation_000001,Aluminium 6061,38.79347079957477,0.21686782834892385,0.14563598323997104,307.61532803479514
Simulation_000001,Aluminium 6061,38.79347079957477,0.23235838751670412,0.14563598323997104,307.48090194452874
Simulation_000001,Aluminium 6061,38.79347079957477,0.2478489466844844,0.14563598323997104,307.4131514922071
Simulation_000001,Aluminium 6061,38.79347079957477,0.2633395058522647,0.14563598323997104,307.3806821507499
Simulation_000001,Aluminium 6061,38.79347079957477,0.2788300650200449,0.14563598323997104,307.3659035140311
Simulation_000001,Aluminium 6061,38.79347079957477,0.29432062418782523,0.14563598323997104,307.35952556946677
Simulation_000001,Aluminium 6061,38.79347079957477,0.3098111833556055,0.14563598323997104,307.3569218850894
Simulation_000001,Aluminium 6061,38.79347079957477,0.3253017425233858,0.14563598323997104,307.355919622031
Simulation_000001,Aluminium 6061,38.79347079957477,0.34079230169116603,0.14563598323997104,307.3555565073747
Simulation_000001,Aluminium 6061,38.79347079957477,0.35628286085894634,0.14563598323997104,307.3554309774504
Simulation_000001,Aluminium 6061,38.79347079957477,0.3717734200267266,0.14563598323997104,307.35538569838474
Simulation_000001,Aluminium 6061,38.79347079957477,0.3872639791945069,0.14563598323997104,307.35536352556676
Simulation_000001,Aluminium 6061,38.79347079957477,0.40275453836228714,0.14563598323997104,307.3553461344833
Simulation_000001,Aluminium 6061,38.79347079957477,0.41824509753006744,0.14563598323997104,307.3553292276269
Simulation_000001,Aluminium 6061,38.79347079957477,0.4337356566978477,0.14563598323997104,307.35531302718385
Simulation_000001,Aluminium 6061,38.79347079957477,0.449226215865628,0.14563598323997104,307.35529868816855
Simulation_000001,Aluminium 6061,38.79347079957477,0.46471677503340825,0.14563598323997104,307.3552871223259
Simulation_000001,Aluminium 6061,38.79347079957477,0.48020733420118855,0.14563598323997104,307.35527872409136
Simulation_000001,Aluminium 6061,38.79347079957477,0.4956978933689688,0.14563598323997104,307.35527355795824
Simulation_000001,Aluminium 6061,38.79347079957477,0.511188452536749,0.14563598323997104,307.35527168800377
Simulation_000001,Aluminium 6061,38.79347079957477,0.5266790117045294,0.14563598323997104,307.3552736053046
Simulation_000001,Aluminium 6061,38.79347079957477,0.5421695708723097,0.14563598323997104,307.3552806699546
Simulation_000001,Aluminium 6061,38.79347079957477,0.5576601300400899,0.14563598323997104,307.3552955930547
Simulation_000001,Aluminium 6061,38.79347079957477,0.5731506892078702,0.14563598323997104,307.35532291269874
Simulation_000001,Aluminium 6061,38.79347079957477,0.5886412483756505,0.14563598323997104,307.3553693939359
Simulation_000001,Aluminium 6061,38.79347079957477,0.6041318075434308,0.14563598323997104,307.35544416706193
Simulation_000001,Aluminium 6061,38.79347079957477,0.619622366711211,0.14563598323997104,307.3555583436746
Simulation_000001,Aluminium 6061,38.79347079957477,0.6351129258789913,0.14563598323997104,307.355723809835
Simulation_000001,Aluminium 6061,38.79347079957477,0.6506034850467716,0.14563598323997104,307.35595099947324
Simulation_000001,Aluminium 6061,38.79347079957477,0.6660940442145519,0.14563598323997104,307.3562457519355
Simulation_000001,Aluminium 6061,38.79347079957477,0.6815846033823321,0.14563598323997104,307.3566058839179
Simulation_000001,Aluminium 6061,38.79347079957477,0.6970751625501124,0.14563598323997104,307.3570187296526
Simulation_000001,Aluminium 6061,38.79347079957477,0.7125657217178927,0.14563598323997104,307.3574612492492
Simulation_000001,Aluminium 6061,38.79347079957477,0.0,0.1638404811449674,394.9941615334931
Simulation_000001,Aluminium 6061,38.79347079957477,0.015490559167780275,0.1638404811449674,380.39756291361346
Simulation_000001,Aluminium 6061,38.79347079957477,0.03098111833556055,0.1638404811449674,366.42643704282136
Simulation_000001,Aluminium 6061,38.79347079957477,0.04647167750334082,0.1638404811449674,353.62759454393256
Simulation_000001,Aluminium 6061,38.79347079957477,0.0619622366711211,0.1638404811449674,342.40666148392154
Simulation_000001,Aluminium 6061,38.79347079957477,0.07745279583890137,0.1638404811449674,332.99329482972183
Simulation_000001,Aluminium 6061,38.79347079957477,0.09294335500668165,0.1638404811449674,325.4382628925987
Simulation_000001,Aluminium 6061,38.79347079957477,0.10843391417446192,0.1638404811449674,319.6386518879854
Simulation_000001,Aluminium 6061,38.79347079957477,0.1239244733422422,0.1638404811449674,315.3816270667393
Simulation_000001,Aluminium 6061,38.79347079957477,0.13941503251002246,0.1638404811449674,312.39481042811485
Simulation_000001,Aluminium 6061,38.79347079957477,0.15490559167780274,0.1638404811449674,310.3924969982769
Simulation_000001,Aluminium 6061,38.79347079957477,0.17039615084558302,0.1638404811449674,309.1105289638821
Simulation_000001,Aluminium 6061,38.79347079957477,0.1858867100133633,0.1638404811449674,308.3270681846715
Simulation_000001,Aluminium 6061,38.79347079957477,0.20137726918114357,0.1638404811449674,307.8703000181314
Simulation_000001,Aluminium 6061,38.79347079957477,0.21686782834892385,0.1638404811449674,307.6164235142616
Simulation_000001,Aluminium 6061,38.79347079957477,0.23235838751670412,0.1638404811449674,307.4820033980407
Simulation_000001,Aluminium 6061,38.79347079957477,0.2478489466844844,0.1638404811449674,307.4142663945271
Simulation_000001,Aluminium 6061,38.79347079957477,0.2633395058522647,0.1638404811449674,307.38181714896643
Simulation_000001,Aluminium 6061,38.79347079957477,0.2788300650200449,0.1638404811449674,307.3670639800782
Simulation_000001,Aluminium 6061,38.79347079957477,0.29432062418782523,0.1638404811449674,307.3607147330789
Simulation_000001,Aluminium 6061,38.79347079957477,0.3098111833556055,0.1638404811449674,307.3581397317662
Simulation_000001,Aluminium 6061,38.79347079957477,0.3253017425233858,0.1638404811449674,307.35716220036926
Simulation_000001,Aluminium 6061,38.79347079957477,0.34079230169116603,0.1638404811449674,307.35681589009073
Simulation_000001,Aluminium 6061,38.79347079957477,0.35628286085894634,0.1638404811449674,307.3566963348784
Simulation_000001,Aluminium 6061,38.79347079957477,0.3717734200267266,0.1638404811449674,307.356645075801
Simulation_000001,Aluminium 6061,38.79347079957477,0.3872639791945069,0.1638404811449674,307.3566060855078
Simulation_000001,Aluminium 6061,38.79347079957477,0.40275453836228714,0.1638404811449674,307.35656392548697
Simulation_000001,Aluminium 6061,38.79347079957477,0.41824509753006744,0.1638404811449674,307.35651823421676
Simulation_000001,Aluminium 6061,38.79347079957477,0.4337356566978477,0.1638404811449674,307.3564730775941
Simulation_000001,Aluminium 6061,38.79347079957477,0.449226215865628,0.1638404811449674,307.35643265151936
Simulation_000001,Aluminium 6061,38.79347079957477,0.46471677503340825,0.1638404811449674,307.3563995972403
Simulation_000001,Aluminium 6061,38.79347079957477,0.48020733420118855,0.1638404811449674,307.3563748070397
Simulation_000001,Aluminium 6061,38.79347079957477,0.4956978933689688,0.1638404811449674,307.3563578199581
Simulation_000001,Aluminium 6061,38.79347079957477,0.511188452536749,0.1638404811449674,307.356347547865
Simulation_000001,Aluminium 6061,38.79347079957477,0.5266790117045294,0.1638404811449674,307.35634293284875
Simulation_000001,Aluminium 6061,38.79347079957477,0.5421695708723097,0.1638404811449674,307.35634351157205
Simulation_000001,Aluminium 6061,38.79347079957477,0.5576601300400899,0.1638404811449674,307.3563497976435
Simulation_000001,Aluminium 6061,38.79347079957477,0.5731506892078702,0.1638404811449674,307.356363553576
Simulation_000001,Aluminium 6061,38.79347079957477,0.5886412483756505,0.1638404811449674,307.35638792513356
Simulation_000001,Aluminium 6061,38.79347079957477,0.6041318075434308,0.1638404811449674,307.35642740708954
Simulation_000001,Aluminium 6061,38.79347079957477,0.619622366711211,0.1638404811449674,307.3564875202875
Simulation_000001,Aluminium 6061,38.79347079957477,0.6351129258789913,0.1638404811449674,307.356574082669
Simulation_000001,Aluminium 6061,38.79347079957477,0.6506034850467716,0.1638404811449674,307.35669200980965
Simulation_000001,Aluminium 6061,38.79347079957477,0.6660940442145519,0.1638404811449674,307.35684375281136
Simulation_000001,Aluminium 6061,38.79347079957477,0.6815846033823321,0.1638404811449674,307.35702772920604
Simulation_000001,Aluminium 6061,38.79347079957477,0.6970751625501124,0.1638404811449674,307.3572373440377
Simulation_000001,Aluminium 6061,38.79347079957477,0.7125657217178927,0.1638404811449674,307.3574612492492
Simulation_000001,Aluminium 6061,38.79347079957477,0.0,0.1820449790499638,394.9941615334931
Simulation_000001,Aluminium 6061,38.79347079957477,0.015490559167780275,0.1820449790499638,380.3977946808282
Simulation_000001,Aluminium 6061,38.79347079957477,0.03098111833556055,0.1820449790499638,366.42687096441733
Simulation_000001,Aluminium 6061,38.79347079957477,0.04647167750334082,0.1820449790499638,353.62818046758247
Simulation_000001,Aluminium 6061,38.79347079957477,0.0619622366711211,0.1820449790499638,342.40734230070944
Simulation_000001,Aluminium 6061,38.79347079957477,0.07745279583890137,0.1820449790499638,332.99401890934934
Simulation_000001,Aluminium 6061,38.79347079957477,0.09294335500668165,0.1820449790499638,325.4389917458071
Simulation_000001,Aluminium 6061,38.79347079957477,0.10843391417446192,0.1820449790499638,319.63936234739214
Simulation_000001,Aluminium 6061,38.79347079957477,0.1239244733422422,0.1820449790499638,315.382309376607
Simulation_000001,Aluminium 6061,38.79347079957477,0.13941503251002246,0.1820449790499638,312.39546437687335
Simulation_000001,Aluminium 6061,38.79347079957477,0.15490559167780274,0.1820449790499638,310.39312795851225
Simulation_000001,Aluminium 6061,38.79347079957477,0.17039615084558302,0.1820449790499638,309.1111449430441
Simulation_000001,Aluminium 6061,38.79347079957477,0.1858867100133633,0.1820449790499638,308.3276782597447
Simulation_000001,Aluminium 6061,38.79347079957477,0.20137726918114357,0.1820449790499638,307.8709139436612
Simulation_000001,Aluminium 6061,38.79347079957477,0.21686782834892385,0.1820449790499638,307.6170520585755
Simulation_000001,Aluminium 6061,38.79347079957477,0.23235838751670412,0.1820449790499638,307.48265875001596
Simulation_000001,Aluminium 6061,38.79347079957477,0.2478489466844844,0.1820449790499638,307.414962144163
Simulation_000001,Aluminium 6061,38.79347079957477,0.2633395058522647,0.1820449790499638,307.38256726100593
Simulation_000001,Aluminium 6061,38.79347079957477,0.2788300650200449,0.1820449790499638,307.3678807465708
Simulation_000001,Aluminium 6061,38.79347079957477,0.29432062418782523,0.1820449790499638,307.36160571569525
Simulation_000001,Aluminium 6061,38.79347079957477,0.3098111833556055,0.1820449790499638,307.3591047122035
Simulation_000001,Aluminium 6061,38.79347079957477,0.3253017425233858,0.1820449790499638,307.3581908970582
Simulation_000001,Aluminium 6061,38.79347079957477,0.34079230169116603,0.1820449790499638,307.3578879639092
Simulation_000001,Aluminium 6061,38.79347079957477,0.35628286085894634,0.1820449790499638,307.3577837858247
Simulation_000001,Aluminium 6061,38.79347079957477,0.3717734200267266,0.1820449790499638,307.3577171473687
Simulation_000001,Aluminium 6061,38.79347079957477,0.3872639791945069,0.1820449790499638,307.3576347742384
Simulation_000001,Aluminium 6061,38.79347079957477,0.40275453836228714,0.1820449790499638,307.35752888138336
Simulation_000001,Aluminium 6061,38.79347079957477,0.41824509753006744,0.1820449790499638,307.357409146457
Simulation_000001,Aluminium 6061,38.79347079957477,0.4337356566978477,0.1820449790499638,307.35728965511345
Simulation_000001,Aluminium 6061,38.79347079957477,0.449226215865628,0.1820449790499638,307.35718228730383
Simulation_000001,Aluminium 6061,38.79347079957477,0.46471677503340825,0.1820449790499638,307.35709421837413
Simulation_000001,Aluminium 6061,38.79347079957477,0.48020733420118855,0.1820449790499638,307.3570276415699
Simulation_000001,Aluminium 6061,38.79347079957477,0.4956978933689688,0.1820449790499638,307.35698107203723
Simulation_000001,Aluminium 6061,38.79347079957477,0.511188452536749,0.1820449790499638,307.3569509829721
Simulation_000001,Aluminium 6061,38.79347079957477,0.5266790117045294,0.1820449790499638,307.35693339674225
Simulation_000001,Aluminium 6061,38.79347079957477,0.5421695708723097,0.1820449790499638,307.3569249252599
Simulation_000001,Aluminium 6061,38.79347079957477,0.5576601300400899,0.1820449790499638,307.3569233677431
Simulation_000001,Aluminium 6061,38.79347079957477,0.5731506892078702,0.1820449790499638,307.3569278835494
Simulation_000001,Aluminium 6061,38.79347079957477,0.5886412483756505,0.1820449790499638,307.35693894663376
Simulation_000001,Aluminium 6061,38.79347079957477,0.6041318075434308,0.1820449790499638,307.3569581302622
Simulation_000001,Aluminium 6061,38.79347079957477,0.619622366711211,0.1820449790499638,307.3569877670816
Simulation_000001,Aluminium 6061,38.79347079957477,0.6351129258789913,0.1820449790499638,307.3570304459065
Simulation_000001,Aluminium 6061,38.79347079957477,0.6506034850467716,0.1820449790499638,307.35708834191837
Simulation_000001,Aluminium 6061,38.79347079957477,0.6660940442145519,0.1820449790499638,307.3571624366454
Simulation_000001,Aluminium 6061,38.79347079957477,0.6815846033823321,0.1820449790499638,307.3572518000247
Simulation_000001,Aluminium 6061,38.79347079957477,0.6970751625501124,0.1820449790499638,307.3573531938438
Simulation_000001,Aluminium 6061,38.79347079957477,0.7125657217178927,0.1820449790499638,307.3574612492492
Simulation_000001,Aluminium 6061,38.79347079957477,0.0,0.20024947695496018,394.9941615334931
Simulation_000001,Aluminium 6061,38.79347079957477,0.015490559167780275,0.20024947695496018,380.3979034867399
Simulation_000001,Aluminium 6061,38.79347079957477,0.03098111833556055,0.20024947695496018,366.4270756523083
Simulation_000001,Aluminium 6061,38.79347079957477,0.04647167750334082,0.20024947695496018,353.6284588894454
Simulation_000001,Aluminium 6061,38.79347079957477,0.0619622366711211,0.20024947695496018,342.40766878947124
Simulation_000001,Aluminium 6061,38.79347079957477,0.07745279583890137,0.20024947695496018,332.994369742573
Simulation_000001,Aluminium 6061,38.79347079957477,0.09294335500668165,0.20024947695496018,325.4393487642656
Simulation_000001,Aluminium 6061,38.79347079957477,0.10843391417446192,0.20024947695496018,319.6397142759712
Simulation_000001,Aluminium 6061,38.79347079957477,0.1239244733422422,0.20024947695496018,315.3826513385629
Simulation_000001,Aluminium 6061,38.79347079957477,0.13941503251002246,0.20024947695496018,312.39579654126214
Simulation_000001,Aluminium 6061,38.79347079957477,0.15490559167780274,0.20024947695496018,310.3934542120441
Simulation_000001,Aluminium 6061,38.79347079957477,0.17039615084558302,0.20024947695496018,309.11147220498765
Simulation_000001,Aluminium 6061,38.79347079957477,0.1858867100133633,0.20024947695496018,308.32801663000987
Simulation_000001,Aluminium 6061,38.79347079957477,0.20137726918114357,0.20024947695496018,307.8712775906324
Simulation_000001,Aluminium 6061,38.79347079957477,0.21686782834892385,0.20024947695496018,307.6174603117424
Simulation_000001,Aluminium 6061,38.79347079957477,0.23235838751670412,0.20024947695496018,307.48313678872546
Simulation_000001,Aluminium 6061,38.79347079957477,0.2478489466844844,0.20024947695496018,307.41554022493557
Simulation_000001,Aluminium 6061,38.79347079957477,0.2633395058522647,0.20024947695496018,307.3832779016485
Simulation_000001,Aluminium 6061,38.79347079957477,0.2788300650200449,0.20024947695496018,307.36875315480916
Simulation_000001,Aluminium 6061,38.79347079957477,0.29432062418782523,0.20024947695496018,307.3626583973013
Simulation_000001,Aluminium 6061,38.79347079957477,0.3098111833556055,0.20024947695496018,307.3603373863211
Simulation_000001,Aluminium 6061,38.79347079957477,0.3253017425233858,0.20024947695496018,307.35957905241776
Simulation_000001,Aluminium 6061,38.79347079957477,0.34079230169116603,0.20024947695496018,307.3593820686744
Simulation_000001,Aluminium 6061,38.79347079957477,0.35628286085894634,0.20024947695496018,307.3593155974928
Simulation_000001,Aluminium 6061,38.79347079957477,0.3717734200267266,0.20024947695496018,307.3592112512576
Simulation_000001,Aluminium 6061,38.79347079957477,0.3872639791945069,0.20024947695496018,307.35902292643027
Simulation_000001,Aluminium 6061,38.79347079957477,0.40275453836228714,0.20024947695496018,307.3587615455125
Simulation_000001,Aluminium 6061,38.79347079957477,0.41824509753006744,0.20024947695496018,307.35846179884686
Simulation_000001,Aluminium 6061,38.79347079957477,0.4337356566978477,0.20024947695496018,307.35816198355354
Simulation_000001,Aluminium 6061,38.79347079957477,0.449226215865628,0.20024947695496018,307.35789272387797
Simulation_000001,Aluminium 6061,38.79347079957477,0.46471677503340825,0.20024947695496018,307.35767180959965
Simulation_000001,Aluminium 6061,38.79347079957477,0.48020733420118855,0.20024947695496018,307.3575045769225
Simulation_000001,Aluminium 6061,38.79347079957477,0.4956978933689688,0.20024947695496018,307.3573869863056
Simulation_000001,Aluminium 6061,38.79347079957477,0.511188452536749,0.20024947695496018,307.3573099634567
Simulation_000001,Aluminium 6061,38.79347079957477,0.5266790117045294,0.20024947695496018,307.3572630018109
Simulation_000001,Aluminium 6061,38.79347079957477,0.5421695708723097,0.20024947695496018,307.35723669072485
Simulation_000001,Aluminium 6061,38.79347079957477,0.5576601300400899,0.20024947695496018,307.3572238548675
Simulation_000001,Aluminium 6061,38.79347079957477,0.5731506892078702,0.20024947695496018,307.3572198162893
Simulation_000001,Aluminium 6061,38.79347079957477,0.5886412483756505,0.20024947695496018,307.3572220639342
Simulation_000001,Aluminium 6061,38.79347079957477,0.6041318075434308,0.20024947695496018,307.357229735174
Simulation_000001,Aluminium 6061,38.79347079957477,0.619622366711211,0.20024947695496018,307.3572430399369
Simulation_000001,Aluminium 6061,38.79347079957477,0.6351129258789913,0.20024947695496018,307.3572627204149
Simulation_000001,Aluminium 6061,38.79347079957477,0.6506034850467716,0.20024947695496018,307.3572895368879
Simulation_000001,Aluminium 6061,38.79347079957477,0.6660940442145519,0.20024947695496018,307.3573238009885
Simulation_000001,Aluminium 6061,38.79347079957477,0.6815846033823321,0.20024947695496018,307.35736500403283
Simulation_000001,Aluminium 6061,38.79347079957477,0.6970751625501124,0.20024947695496018,307.35741163195905
Simulation_000001,Aluminium 6061,38.79347079957477,0.7125657217178927,0.20024947695496018,307.3574612492492
Simulation_000001,Aluminium 6061,38.79347079957477,0.0,0.21845397485995655,394.9941615334931
Simulation_000001,Aluminium 6061,38.79347079957477,0.015490559167780275,0.21845397485995655,380.39795244111997
Simulation_000001,Aluminium 6061,38.79347079957477,0.03098111833556055,0.21845397485995655,366.42716809047334
Simulation_000001,Aluminium 6061,38.79347079957477,0.04647167750334082,0.21845397485995655,353.62858536177896
Simulation_000001,Aluminium 6061,38.79347079957477,0.0619622366711211,0.21845397485995655,342.4078182194224
Simulation_000001,Aluminium 6061,38.79347079957477,0.07745279583890137,0.21845397485995655,332.99453176697193
Simulation_000001,Aluminium 6061,38.79347079957477,0.09294335500668165,0.21845397485995655,325.43951541013274
Simulation_000001,Aluminium 6061,38.79347079957477,0.10843391417446192,0.21845397485995655,319.6398807748015
Simulation_000001,Aluminium 6061,38.79347079957477,0.1239244733422422,0.21845397485995655,315.38281631847485
Simulation_000001,Aluminium 6061,38.79347079957477,0.13941503251002246,0.21845397485995655,312.39596206823273
Simulation_000001,Aluminium 6061,38.79347079957477,0.15490559167780274,0.21845397485995655,310.3936262203388
Simulation_000001,Aluminium 6061,38.79347079957477,0.17039615084558302,0.21845397485995655,309.11166168222684
Simulation_000001,Aluminium 6061,38.79347079957477,0.1858867100133633,0.21845397485995655,308.32824175915937
Simulation_000001,Aluminium 6061,38.79347079957477,0.20137726918114357,0.21845397485995655,307.8715665346273
Simulation_000001,Aluminium 6061,38.79347079957477,0.21686782834892385,0.21845397485995655,307.61785405729745
Simulation_000001,Aluminium 6061,38.79347079957477,0.23235838751670412,0.21845397485995655,307.4836905353448
Simulation_000001,Aluminium 6061,38.79347079957477,0.2478489466844844,0.21845397485995655,307.41632186492893
Simulation_000001,Aluminium 6061,38.79347079957477,0.2633395058522647,0.21845397485995655,307.38436134847524
Simulation_000001,Aluminium 6061,38.79347079957477,0.2788300650200449,0.21845397485995655,307.37020612769527
Simulation_000001,Aluminium 6061,38.79347079957477,0.29432062418782523,0.21845397485995655,307.3645247703197
Simulation_000001,Aluminium 6061,38.79347079957477,0.3098111833556055,0.21845397485995655,307.36261871668444
Simulation_000001,Aluminium 6061,38.79347079957477,0.3253017425233858,0.21845397485995655,307.3622202638767
Simulation_000001,Aluminium 6061,38.79347079957477,0.34079230169116603,0.21845397485995655,307.3622696225823
Simulation_000001,Aluminium 6061,38.79347079957477,0.35628286085894634,0.21845397485995655,307.36229081719415
Simulation_000001,Aluminium 6061,38.79347079957477,0.3717734200267266,0.21845397485995655,307.36209880485393
Simulation_000001,Aluminium 6061,38.79347079957477,0.3872639791945069,0.21845397485995655,307.3616641367327
Simulation_000001,Aluminium 6061,38.79347079957477,0.40275453836228714,0.21845397485995655,307.3610428721315
Simulation_000001,Aluminium 6061,38.79347079957477,0.41824509753006744,0.21845397485995655,307.3603281606558
Simulation_000001,Aluminium 6061,38.79347079957477,0.4337356566978477,0.21845397485995655,307.35961492519954
Simulation_000001,Aluminium 6061,38.79347079957477,0.449226215865628,0.21845397485995655,307.3589760894203
Simulation_000001,Aluminium 6061,38.79347079957477,0.46471677503340825,0.21845397485995655,307.35845325168816
Simulation_000001,Aluminium 6061,38.79347079957477,0.48020733420118855,0.21845397485995655,307.35805787189605
Simulation_000001,Aluminium 6061,38.79347079957477,0.4956978933689688,0.21845397485995655,307.35777976446343
Simulation_000001,Aluminium 6061,38.79347079957477,0.511188452536749,0.21845397485995655,307.35759696103963
Simulation_000001,Aluminium 6061,38.79347079957477,0.5266790117045294,0.21845397485995655,307.35748445083044
Simulation_000001,Aluminium 6061,38.79347079957477,0.5421695708723097,0.21845397485995655,307.3574196301423
Simulation_000001,Aluminium 6061,38.79347079957477,0.5576601300400899,0.21845397485995655,307.35738495770255
Simulation_000001,Aluminium 6061,38.79347079957477,0.5731506892078702,0.21845397485995655,307.3573682872634
Simulation_000001,Aluminium 6061,38.79347079957477,0.5886412483756505,0.21845397485995655,307.35736209106386
Simulation_000001,Aluminium 6061,38.79347079957477,0.6041318075434308,0.21845397485995655,307.3573622088225
Simulation_000001,Aluminium 6061,38.79347079957477,0.619622366711211,0.21845397485995655,307.35736667814206
Simulation_000001,Aluminium 6061,38.79347079957477,0.6351129258789913,0.21845397485995655,307.3573747788916
Simulation_000001,Aluminium 6061,38.79347079957477,0.6506034850467716,0.21845397485995655,307.3573863449131
Simulation_000001,Aluminium 6061,38.79347079957477,0.6660940442145519,0.21845397485995655,307.35740128370037
Simulation_000001,Aluminium 6061,38.79347079957477,0.6815846033823321,0.21845397485995655,307.35741927345936
Simulation_000001,Aluminium 6061,38.79347079957477,0.6970751625501124,0.21845397485995655,307.3574396168364
Simulation_000001,Aluminium 6061,38.79347079957477,0.7125657217178927,0.21845397485995655,307.3574612492492
Simulation_000001,Aluminium 6061,38.79347079957477,0.0,0.23665847276495294,394.9941615334931
Simulation_000001,Aluminium 6061,38.79347079957477,0.015490559167780275,0.23665847276495294,380.397973479199
Simulation_000001,Aluminium 6061,38.79347079957477,0.03098111833556055,0.23665847276495294,366.4272079382371
Simulation_000001,Aluminium 6061,38.79347079957477,0.04647167750334082,0.23665847276495294,353.62864015816194
Simulation_000001,Aluminium 6061,38.79347079957477,0.0619622366711211,0.23665847276495294,342.4078834350355
Simulation_000001,Aluminium 6061,38.79347079957477,0.07745279583890137,0.23665847276495294,332.994603226753
Simulation_000001,Aluminium 6061,38.79347079957477,0.09294335500668165,0.23665847276495294,325.4395901558331
Simulation_000001,Aluminium 6061,38.79347079957477,0.10843391417446192,0.23665847276495294,319.63995776956835
Simulation_000001,Aluminium 6061,38.79347079957477,0.1239244733422422,0.23665847276495294,315.3828972148809
Simulation_000001,Aluminium 6061,38.79347079957477,0.13941503251002246,0.23665847276495294,312.396052468426
Simulation_000001,Aluminium 6061,38.79347079957477,0.15490559167780274,0.23665847276495294,310.3937378892469
Simulation_000001,Aluminium 6061,38.79347079957477,0.17039615084558302,0.23665847276495294,309.11181620751177
Simulation_000001,Aluminium 6061,38.79347079957477,0.1858867100133633,0.23665847276495294,308.3284757311787
Simulation_000001,Aluminium 6061,38.79347079957477,0.20137726918114357,0.23665847276495294,307.8719380057475
Simulation_000001,Aluminium 6061,38.79347079957477,0.21686782834892385,0.23665847276495294,307.61844870224513
Simulation_000001,Aluminium 6061,38.79347079957477,0.23235838751670412,0.23665847276495294,307.48462535476347
Simulation_000001,Aluminium 6061,38.79347079957477,0.2478489466844844,0.23665847276495294,307.4177422279007
Simulation_000001,Aluminium 6061,38.79347079957477,0.2633395058522647,0.23665847276495294,307.3864281453758
Simulation_000001,Aluminium 6061,38.79347079957477,0.2788300650200449,0.23665847276495294,307.373069345206
Simulation_000001,Aluminium 6061,38.79347079957477,0.29432062418782523,0.23665847276495294,307.3682859857102
Simulation_000001,Aluminium 6061,38.79347079957477,0.3098111833556055,0.23665847276495294,307.3672879918917
Simulation_000001,Aluminium 6061,38.79347079957477,0.3253017425233858,0.23665847276495294,307.36768314902184
Simulation_000001,Aluminium 6061,38.79347079957477,0.34079230169116603,0.23665847276495294,307.3682784724882
Simulation_000001,Aluminium 6061,38.79347079957477,0.35628286085894634,0.23665847276495294,307.36849489857724
Simulation_000001,Aluminium 6061,38.79347079957477,0.3717734200267266,0.23665847276495294,307.3681076546591
Simulation_000001,Aluminium 6061,38.79347079957477,0.3872639791945069,0.23665847276495294,307.36712702149197
Simulation_000001,Aluminium 6061,38.79347079957477,0.40275453836228714,0.23665847276495294,307.36571214605027
Simulation_000001,Aluminium 6061,38.79347079957477,0.41824509753006744,0.23665847276495294,307.3640893720815
Simulation_000001,Aluminium 6061,38.79347079957477,0.4337356566978477,0.23665847276495294,307.3624781313967
Simulation_000001,Aluminium 6061,38.79347079957477,0.449226215865628,0.23665847276495294,307.3610428562769
Simulation_000001,Aluminium 6061,38.79347079957477,0.46471677503340825,0.23665847276495294,307.3598735402214
Simulation_000001,Aluminium 6061,38.79347079957477,0.48020733420118855,0.23665847276495294,307.35899251887673
Simulation_000001,Aluminium 6061,38.79347079957477,0.4956978933689688,0.23665847276495294,307.3583740353807
Simulation_000001,Aluminium 6061,38.79347079957477,0.511188452536749,0.23665847276495294,307.35796767167943
Simulation_000001,Aluminium 6061,38.79347079957477,0.5266790117045294,0.23665847276495294,307.35771697272907
Simulation_000001,Aluminium 6061,38.79347079957477,0.5421695708723097,0.23665847276495294,307.35757156199617
Simulation_000001,Aluminium 6061,38.79347079957477,0.5576601300400899,0.23665847276495294,307.35749227906115
Simulation_000001,Aluminium 6061,38.79347079957477,0.5731506892078702,0.23665847276495294,307.3574518647066
Simulation_000001,Aluminium 6061,38.79347079957477,0.5886412483756505,0.23665847276495294,307.35743298612573
Simulation_000001,Aluminium 6061,38.79347079957477,0.6041318075434308,0.23665847276495294,307.3574255562966
Simulation_000001,Aluminium 6061,38.79347079957477,0.619622366711211,0.23665847276495294,307.35742418030543
Simulation_000001,Aluminium 6061,38.79347079957477,0.6351129258789913,0.23665847276495294,307.3574262297498
Simulation_000001,Aluminium 6061,38.79347079957477,0.6506034850467716,0.23665847276495294,307.35743052547747
Simulation_000001,Aluminium 6061,38.79347079957477,0.6660940442145519,0.23665847276495294,307.35743653586167
Simulation_000001,Aluminium 6061,38.79347079957477,0.6815846033823321,0.23665847276495294,307.3574439216264
Simulation_000001,Aluminium 6061,38.79347079957477,0.6970751625501124,0.23665847276495294,307.35745231508736
Simulation_000001,Aluminium 6061,38.79347079957477,0.7125657217178927,0.23665847276495294,307.3574612492492
Simulation_000001,Aluminium 6061,38.79347079957477,0.0,0.25486297066994934,394.9941615334931
Simulation_000001,Aluminium 6061,38.79347079957477,0.015490559167780275,0.25486297066994934,380.3979820957568
Simulation_000001,Aluminium 6061,38.79347079957477,0.03098111833556055,0.25486297066994934,366.42722431226474
Simulation_000001,Aluminium 6061,38.79347079957477,0.04647167750334082,0.25486297066994934,353.6286628180973
Simulation_000001,Aluminium 6061,38.79347079957477,0.0619622366711211,0.25486297066994934,342.40791072568834
Simulation_000001,Aluminium 6061,38.79347079957477,0.07745279583890137,0.25486297066994934,332.9946338476148
Simulation_000001,Aluminium 6061,38.79347079957477,0.09294335500668165,0.25486297066994934,325.4396238226429
Simulation_000001,Aluminium 6061,38.79347079957477,0.10843391417446192,0.25486297066994934,319.63999615898257
Simulation_000001,Aluminium 6061,38.79347079957477,0.1239244733422422,0.25486297066994934,315.3829455822075
Simulation_000001,Aluminium 6061,38.79347079957477,0.13941503251002246,0.25486297066994934,312.39612249547866
Simulation_000001,Aluminium 6061,38.79347079957477,0.15490559167780274,0.25486297066994934,310.3938525606041
Simulation_000001,Aluminium 6061,38.79347079957477,0.17039615084558302,0.25486297066994934,309.11201734410855
Simulation_000001,Aluminium 6061,38.79347079957477,0.1858867100133633,0.25486297066994934,308.3288346942552
Simulation_000001,Aluminium 6061,38.79347079957477,0.20137726918114357,0.25486297066994934,307.872568690164
Simulation_000001,Aluminium 6061,38.79347079957477,0.21686782834892385,0.25486297066994934,307.61952089730954
Simulation_000001,Aluminium 6061,38.79347079957477,0.23235838751670412,0.25486297066994934,307.48637310690094
Simulation_000001,Aluminium 6061,38.79347079957477,0.2478489466844844,0.25486297066994934,307.4204608730648
Simulation_000001,Aluminium 6061,38.79347079957477,0.2633395058522647,0.25486297066994934,307.39045016940054
Simulation_000001,Aluminium 6061,38.79347079957477,0.2788300650200449,0.25486297066994934,307.37871397611286
Simulation_000001,Aluminium 6061,38.79347079957477,0.29432062418782523,0.25486297066994934,307.37578031545394
Simulation_000001,Aluminium 6061,38.79347079957477,0.3098111833556055,0.25486297066994934,307.376675041216
Simulation_000001,Aluminium 6061,38.79347079957477,0.3253017425233858,0.25486297066994934,307.3787417174613
Simulation_000001,Aluminium 6061,38.79347079957477,0.34079230169116603,0.25486297066994934,307.38049757699673
Simulation_000001,Aluminium 6061,38.79347079957477,0.35628286085894634,0.25486297066994934,307.38113055104714
Simulation_000001,Aluminium 6061,38.79347079957477,0.3717734200267266,0.25486297066994934,307.38032675913814
Simulation_000001,Aluminium 6061,38.79347079957477,0.3872639791945069,0.25486297066994934,307.3781855898144
Simulation_000001,Aluminium 6061,38.79347079957477,0.40275453836228714,0.25486297066994934,307.37509919496875
Simulation_000001,Aluminium 6061,38.79347079957477,0.41824509753006744,0.25486297066994934,307.37158370053646
Simulation_000001,Aluminium 6061,38.79347079957477,0.4337356566978477,0.25486297066994934,307.3681227585228
Simulation_000001,Aluminium 6061,38.79347079957477,0.449226215865628,0.25486297066994934,307.36506487002015
Simulation_000001,Aluminium 6061,38.79347079957477,0.46471677503340825,0.25486297066994934,307.362592159382
Simulation_000001,Aluminium 6061,38.79347079957477,0.48020733420118855,0.25486297066994934,307.3607402097072
Simulation_000001,Aluminium 6061,38.79347079957477,0.4956978933689688,0.25486297066994934,307.3594460954495
Simulation_000001,Aluminium 6061,38.79347079957477,0.511188452536749,0.25486297066994934,307.3585980781248
Simulation_000001,Aluminium 6061,38.79347079957477,0.5266790117045294,0.25486297066994934,307.35807540013366
Simulation_000001,Aluminium 6061,38.79347079957477,0.5421695708723097,0.25486297066994934,307.357771732335
Simulation_000001,Aluminium 6061,38.79347079957477,0.5576601300400899,0.25486297066994934,307.3576053195654
Simulation_000001,Aluminium 6061,38.79347079957477,0.5731506892078702,0.25486297066994934,307.35751931921305
Simulation_000001,Aluminium 6061,38.79347079957477,0.5886412483756505,0.25486297066994934,307.3574775685396
Simulation_000001,Aluminium 6061,38.79347079957477,0.6041318075434308,0.25486297066994934,307.3574587689041
Simulation_000001,Aluminium 6061,38.79347079957477,0.619622366711211,0.25486297066994934,307.35745129813716
Simulation_000001,Aluminium 6061,38.79347079957477,0.6351129258789913,0.25486297066994934,307.35744924901167
Simulation_000001,Aluminium 6061,38.79347079957477,0.6506034850467716,0.25486297066994934,307.3574498274287
Simulation_000001,Aluminium 6061,38.79347079957477,0.6660940442145519,0.25486297066994934,307.357451778649
Simulation_000001,Aluminium 6061,38.79347079957477,0.6815846033823321,0.25486297066994934,307.3574545319353
Simulation_000001,Aluminium 6061,38.79347079957477,0.6970751625501124,0.25486297066994934,307.35745777111714
Simulation_000001,Aluminium 6061,38.79347079957477,0.7125657217178927,0.25486297066994934,307.3574612492492
Simulation_000001,Aluminium 6061,38.79347079957477,0.0,0.2730674685749457,394.9941615334931
Simulation_000001,Aluminium 6061,38.79347079957477,0.015490559167780275,0.2730674685749457,380.39798546315797
Simulation_000001,Aluminium 6061,38.79347079957477,0.03098111833556055,0.2730674685749457,366.4272307546303
Simulation_000001,Aluminium 6061,38.79347079957477,0.04647167750334082,0.2730674685749457,353.6286718785089
Simulation_000001,Aluminium 6061,38.79347079957477,0.0619622366711211,0.2730674685749457,342.4079220467696
Simulation_000001,Aluminium 6061,38.79347079957477,0.07745279583890137,0.2730674685749457,332.99464763085257
Simulation_000001,Aluminium 6061,38.79347079957477,0.09294335500668165,0.2730674685749457,325.4396416471852
Simulation_000001,Aluminium 6061,38.79347079957477,0.10843391417446192,0.2730674685749457,319.64002254221407
Simulation_000001,Aluminium 6061,38.79347079957477,0.1239244733422422,0.2730674685749457,315.3829909099729
Simulation_000001,Aluminium 6061,38.79347079957477,0.13941503251002246,0.2730674685749457,312.39620836541167
Simulation_000001,Aluminium 6061,38.79347079957477,0.15490559167780274,0.2730674685749457,310.394020746483
Simulation_000001,Aluminium 6061,38.79347079957477,0.17039615084558302,0.2730674685749457,309.1123438948853
Simulation_000001,Aluminium 6061,38.79347079957477,0.1858867100133633,0.2730674685749457,308.32944974317275
Simulation_000001,Aluminium 6061,38.79347079957477,0.20137726918114357,0.2730674685749457,307.87368168865686
Simulation_000001,Aluminium 6061,38.79347079957477,0.21686782834892385,0.2730674685749457,307.62144693079233
Simulation_000001,Aluminium 6061,38.79347079957477,0.23235838751670412,0.2730674685749457,307.48955313214043
Simulation_000001,Aluminium 6061,38.79347079957477,0.2478489466844844,0.2730674685749457,307.4254610644107
Simulation_000001,Aluminium 6061,38.79347079957477,0.2633395058522647,0.2730674685749457,307.39792499029346
Simulation_000001,Aluminium 6061,38.79347079957477,0.2788300650200449,0.2730674685749457,307.3893137601167
Simulation_000001,Aluminium 6061,38.79347079957477,0.29432062418782523,0.2730674685749457,307.39000069830126
Simulation_000001,Aluminium 6061,38.79347079957477,0.3098111833556055,0.2730674685749457,307.3946616275725
Simulation_000001,Aluminium 6061,38.79347079957477,0.3253017425233858,0.2730674685749457,307.40010875798373
Simulation_000001,Aluminium 6061,38.79347079957477,0.34079230169116603,0.2730674685749457,307.4042418381812
Simulation_000001,Aluminium 6061,38.79347079957477,0.35628286085894634,0.2730674685749457,307.40573561415715
Simulation_000001,Aluminium 6061,38.79347079957477,0.3717734200267266,0.2730674685749457,307.40407102031503
Simulation_000001,Aluminium 6061,38.79347079957477,0.3872639791945069,0.2730674685749457,307.39955263030464
Simulation_000001,Aluminium 6061,38.79347079957477,0.40275453836228714,0.2730674685749457,307.393085781209
Simulation_000001,Aluminium 6061,38.79347079957477,0.41824509753006744,0.2730674685749457,307.3858040830001
Simulation_000001,Aluminium 6061,38.79347079957477,0.4337356566978477,0.2730674685749457,307.3787225413646
Simulation_000001,Aluminium 6061,38.79347079957477,0.449226215865628,0.2730674685749457,307.3725396876636
Simulation_000001,Aluminium 6061,38.79347079957477,0.46471677503340825,0.2730674685749457,307.3675923423107
Simulation_000001,Aluminium 6061,38.79347079957477,0.48020733420118855,0.2730674685749457,307.36392021468754
Simulation_000001,Aluminium 6061,38.79347079957477,0.4956978933689688,0.2730674685749457,307.3613720835278
Simulation_000001,Aluminium 6061,38.79347079957477,0.511188452536749,0.2730674685749457,307.35971098170256
Simulation_000001,Aluminium 6061,38.79347079957477,0.5266790117045294,0.2730674685749457,307.35869026380453
Simulation_000001,Aluminium 6061,38.79347079957477,0.5421695708723097,0.2730674685749457,307.35809794539716
Simulation_000001,Aluminium 6061,38.79347079957477,0.5576601300400899,0.2730674685749457,307.3577729305007
Simulation_000001,Aluminium 6061,38.79347079957477,0.5731506892078702,0.2730674685749457,307.35760427592635
Simulation_000001,Aluminium 6061,38.79347079957477,0.5886412483756505,0.2730674685749457,307.3575215455501
Simulation_000001,Aluminium 6061,38.79347079957477,0.6041318075434308,0.2730674685749457,307.3574832973708
Simulation_000001,Aluminium 6061,38.79347079957477,0.619622366711211,0.2730674685749457,307.35746676993654
Simulation_000001,Aluminium 6061,38.79347079957477,0.6351129258789913,0.2730674685749457,307.35746029669065
Simulation_000001,Aluminium 6061,38.79347079957477,0.6506034850467716,0.2730674685749457,307.3574582710365
Simulation_000001,Aluminium 6061,38.79347079957477,0.6660940442145519,0.2730674685749457,307.357458166488
Simulation_000001,Aluminium 6061,38.79347079957477,0.6815846033823321,0.2730674685749457,307.35745889742464
Simulation_000001,Aluminium 6061,38.79347079957477,0.6970751625501124,0.2730674685749457,307.357459999747
Simulation_000001,Aluminium 6061,38.79347079957477,0.7125657217178927,0.2730674685749457,307.3574612492492
Simulation_000001,Aluminium 6061,38.79347079957477,0.0,0.2912719664799421,394.9941615334931
Simulation_000001,Aluminium 6061,38.79347079957477,0.015490559167780275,0.2912719664799421,380.39798673819837
Simulation_000001,Aluminium 6061,38.79347079957477,0.03098111833556055,0.2912719664799421,366.427233253307
Simulation_000001,Aluminium 6061,38.79347079957477,0.04647167750334082,0.2912719664799421,353.62867560549483
Simulation_000001,Aluminium 6061,38.79347079957477,0.0619622366711211,0.2912719664799421,342.4079273363044
Simulation_000001,Aluminium 6061,38.79347079957477,0.07745279583890137,0.2912719664799421,332.99465573625565
Simulation_000001,Aluminium 6061,38.79347079957477,0.09294335500668165,0.2912719664799421,325.4396559911083
Simulation_000001,Aluminium 6061,38.79347079957477,0.10843391417446192,0.2912719664799421,319.6400512446335
Simulation_000001,Aluminium 6061,38.79347079957477,0.1239244733422422,0.2912719664799421,315.3830517209094
Simulation_000001,Aluminium 6061,38.79347079957477,0.13941503251002246,0.2912719664799421,312.39633758812556
Simulation_000001,Aluminium 6061,38.79347079957477,0.15490559167780274,0.2912719664799421,310.39428852071643
Simulation_000001,Aluminium 6061,38.79347079957477,0.17039615084558302,0.2912719664799421,309.1128781019211
Simulation_000001,Aluminium 6061,38.79347079957477,0.1858867100133633,0.2912719664799421,308.3304708508005
Simulation_000001,Aluminium 6061,38.79347079957477,0.20137726918114357,0.2912719664799421,307.8755476306269
Simulation_000001,Aluminium 6061,38.79347079957477,0.21686782834892385,0.2912719664799421,307.62470411915206
Simulation_000001,Aluminium 6061,38.79347079957477,0.23235838751670412,0.2912719664799421,307.49497963628477
Simulation_000001,Aluminium 6061,38.79347079957477,0.2478489466844844,0.2912719664799421,307.4340815221292
Simulation_000001,Aluminium 6061,38.79347079957477,0.2633395058522647,0.2912719664799421,307.4109615896445
Simulation_000001,Aluminium 6061,38.79347079957477,0.2788300650200449,0.2912719664799421,307.40804004660475
Simulation_000001,Aluminium 6061,38.79347079957477,0.29432062418782523,0.2912719664799421,307.4154665998742
Simulation_000001,Aluminium 6061,38.79347079957477,0.3098111833556055,0.2912719664799421,307.42730829108064
Simulation_000001,Aluminium 6061,38.79347079957477,0.3253017425233858,0.2912719664799421,307.43935262081345
Simulation_000001,Aluminium 6061,38.79347079957477,0.34079230169116603,0.2912719664799421,307.4482217005704
Simulation_000001,Aluminium 6061,38.79347079957477,0.35628286085894634,0.2912719664799421,307.45145161999704
Simulation_000001,Aluminium 6061,38.79347079957477,0.3717734200267266,0.2912719664799421,307.4480508827024
Simulation_000001,Aluminium 6061,38.79347079957477,0.3872639791945069,0.2912719664799421,307.43879649312646
Simulation_000001,Aluminium 6061,38.79347079957477,0.40275453836228714,0.2912719664799421,307.42573244468684
Simulation_000001,Aluminium 6061,38.79347079957477,0.41824509753006744,0.2912719664799421,307.411269984469
Simulation_000001,Aluminium 6061,38.79347079957477,0.4337356566978477,0.2912719664799421,307.3974488275253
Simulation_000001,Aluminium 6061,38.79347079957477,0.449226215865628,0.2912719664799421,307.38557628606924
Simulation_000001,Aluminium 6061,38.79347079957477,0.46471677503340825,0.2912719664799421,307.37621279751096
Simulation_000001,Aluminium 6061,38.79347079957477,0.48020733420118855,0.2912719664799421,307.369346712624
Simulation_000001,Aluminium 6061,38.79347079957477,0.4956978933689688,0.2912719664799421,307.36462925768353
Simulation_000001,Aluminium 6061,38.79347079957477,0.511188452536749,0.2912719664799421,307.3615768934511
Simulation_000001,Aluminium 6061,38.79347079957477,0.5266790117045294,0.2912719664799421,307.3597113115516
Simulation_000001,Aluminium 6061,38.79347079957477,0.5421695708723097,0.2912719664799421,307.35863204187297
Simulation_000001,Aluminium 6061,38.79347079957477,0.5576601300400899,0.2912719664799421,307.3580405145017
Simulation_000001,Aluminium 6061,38.79347079957477,0.5731506892078702,0.2912719664799421,307.35773319384816
Simulation_000001,Aluminium 6061,38.79347079957477,0.5886412483756505,0.2912719664799421,307.3575819025007
Simulation_000001,Aluminium 6061,38.79347079957477,0.6041318075434308,0.2912719664799421,307.35751137300116
Simulation_000001,Aluminium 6061,38.79347079957477,0.619622366711211,0.2912719664799421,307.35748031549247
Simulation_000001,Aluminium 6061,38.79347079957477,0.6351129258789913,0.2912719664799421,307.35746747105355
Simulation_000001,Aluminium 6061,38.79347079957477,0.6506034850467716,0.2912719664799421,307.3574625792162
Simulation_000001,Aluminium 6061,38.79347079957477,0.6660940442145519,0.2912719664799421,307.3574609808091
Simulation_000001,Aluminium 6061,38.79347079957477,0.6815846033823321,0.2912719664799421,307.35746068631494
Simulation_000001,Aluminium 6061,38.79347079957477,0.6970751625501124,0.2912719664799421,307.35746088545704
Simulation_000001,Aluminium 6061,38.79347079957477,0.7125657217178927,0.2912719664799421,307.3574612492492
Simulation_000001,Aluminium 6061,38.79347079957477,0.0,0.3094764643849385,394.9941615334931
Simulation_000001,Aluminium 6061,38.79347079957477,0.015490559167780275,0.3094764643849385,380.397987239454
Simulation_000001,Aluminium 6061,38.79347079957477,0.03098111833556055,0.3094764643849385,366.42723432230855
Simulation_000001,Aluminium 6061,38.79347079957477,0.04647167750334082,0.3094764643849385,353.6286775085655
Simulation_000001,Aluminium 6061,38.79347079957477,0.0619622366711211,0.3094764643849385,342.4079309031832
Simulation_000001,Aluminium 6061,38.79347079957477,0.07745279583890137,0.3094764643849385,332.9946632148919
Simulation_000001,Aluminium 6061,38.79347079957477,0.09294335500668165,0.3094764643849385,325.43967290491423
Simulation_000001,Aluminium 6061,38.79347079957477,0.10843391417446192,0.3094764643849385,319.64009026330507
Simulation_000001,Aluminium 6061,38.79347079957477,0.1239244733422422,0.3094764643849385,315.3831401600698
Simulation_000001,Aluminium 6061,38.79347079957477,0.13941503251002246,0.3094764643849385,312.3965312480352
Simulation_000001,Aluminium 6061,38.79347079957477,0.15490559167780274,0.3094764643849385,310.394695283928
Simulation_000001,Aluminium 6061,38.79347079957477,0.17039615084558302,0.3094764643849385,309.11369597143226
Simulation_000001,Aluminium 6061,38.79347079957477,0.1858867100133633,0.3094764643849385,308.3320438741372
Simulation_000001,Aluminium 6061,38.79347079957477,0.20137726918114357,0.3094764643849385,307.87844212337563
Simulation_000001,Aluminium 6061,38.79347079957477,0.21686782834892385,0.3094764643849385,307.6297990612935
Simulation_000001,Aluminium 6061,38.79347079957477,0.23235838751670412,0.3094764643849385,307.5035572453066
Simulation_000001,Aluminium 6061,38.79347079957477,0.2478489466844844,0.3094764643849385,307.4478815093169
Simulation_000001,Aluminium 6061,38.79347079957477,0.2633395058522647,0.3094764643849385,307.43214788595367
Simulation_000001,Aluminium 6061,38.79347079957477,0.2788300650200449,0.3094764643849385,307.43899864010973
Simulation_000001,Aluminium 6061,38.79347079957477,0.29432062418782523,0.3094764643849385,307.45836267729345
Simulation_000001,Aluminium 6061,38.79347079957477,0.3098111833556055,0.3094764643849385,307.4833580454414
Simulation_000001,Aluminium 6061,38.79347079957477,0.3253017425233858,0.3094764643849385,307.5079181617591
Simulation_000001,Aluminium 6061,38.79347079957477,0.34079230169116603,0.3094764643849385,307.5260630290261
Simulation_000001,Aluminium 6061,38.79347079957477,0.35628286085894634,0.3094764643849385,307.53277363681946
Simulation_000001,Aluminium 6061,38.79347079957477,0.3717734200267266,0.3094764643849385,307.5258922111577
Simulation_000001,Aluminium 6061,38.79347079957477,0.3872639791945069,0.3094764643849385,307.5073620340703
Simulation_000001,Aluminium 6061,38.79347079957477,0.40275453836228714,0.3094764643849385,307.48178219904065
Simulation_000001,Aluminium 6061,38.79347079957477,0.41824509753006744,0.3094764643849385,307.45416606186274
Simulation_000001,Aluminium 6061,38.79347079957477,0.4337356566978477,0.3094764643849385,307.4284074209462
Simulation_000001,Aluminium 6061,38.79347079957477,0.449226215865628,0.3094764643849385,307.40676258212613
Simulation_000001,Aluminium 6061,38.79347079957477,0.46471677503340825,0.3094764643849385,307.3900127840046
Simulation_000001,Aluminium 6061,38.79347079957477,0.48020733420118855,0.3094764643849385,307.3779243198863
Simulation_000001,Aluminium 6061,38.79347079957477,0.4956978933689688,0.3094764643849385,307.369724195702
Simulation_000001,Aluminium 6061,38.79347079957477,0.511188452536749,0.3094764643849385,307.36447137724457
Simulation_000001,Aluminium 6061,38.79347079957477,0.5266790117045294,0.3094764643849385,307.36128431682965
Simulation_000001,Aluminium 6061,38.79347079957477,0.5421695708723097,0.3094764643849385,307.35944987753646
Simulation_000001,Aluminium 6061,38.79347079957477,0.5576601300400899,0.3094764643849385,307.35844721873417
Simulation_000001,Aluminium 6061,38.79347079957477,0.5731506892078702,0.3094764643849385,307.3579267582564
Simulation_000001,Aluminium 6061,38.79347079957477,0.5886412483756505,0.3094764643849385,307.35767019817615
Simulation_000001,Aluminium 6061,38.79347079957477,0.6041318075434308,0.3094764643849385,307.3575501921793
Simulation_000001,Aluminium 6061,38.79347079957477,0.619622366711211,0.3094764643849385,307.3574969737949
Simulation_000001,Aluminium 6061,38.79347079957477,0.6351129258789913,0.3094764643849385,307.3574746504643
Simulation_000001,Aluminium 6061,38.79347079957477,0.6506034850467716,0.3094764643849385,307.3574658297196
Simulation_000001,Aluminium 6061,38.79347079957477,0.6660940442145519,0.3094764643849385,307.3574625890035
Simulation_000001,Aluminium 6061,38.79347079957477,0.6815846033823321,0.3094764643849385,307.35746152566514
Simulation_000001,Aluminium 6061,38.79347079957477,0.6970751625501124,0.3094764643849385,307.35746126064413
Simulation_000001,Aluminium 6061,38.79347079957477,0.7125657217178927,0.3094764643849385,307.3574612492492
Simulation_000001,Aluminium 6061,38.79347079957477,0.0,0.3276809622899348,394.9941615334931
Simulation_000001,Aluminium 6061,38.79347079957477,0.015490559167780275,0.3276809622899348,380.397987487026
Simulation_000001,Aluminium 6061,38.79347079957477,0.03098111833556055,0.3276809622899348,366.42723495791887
Simulation_000001,Aluminium 6061,38.79347079957477,0.04647167750334082,0.3276809622899348,353.6286789881092
Simulation_000001,Aluminium 6061,38.79347079957477,0.0619622366711211,0.3276809622899348,342.40793449270853
Simulation_000001,Aluminium 6061,38.79347079957477,0.07745279583890137,0.3276809622899348,332.9946721523736
Simulation_000001,Aluminium 6061,38.79347079957477,0.09294335500668165,0.3276809622899348,325.4396949821631
Simulation_000001,Aluminium 6061,38.79347079957477,0.10843391417446192,0.3276809622899348,319.64014315422975
Simulation_000001,Aluminium 6061,38.79347079957477,0.1239244733422422,0.3276809622899348,315.3832619349856
Simulation_000001,Aluminium 6061,38.79347079957477,0.13941503251002246,0.3276809622899348,312.3967996642465
Simulation_000001,Aluminium 6061,38.79347079957477,0.15490559167780274,0.3276809622899348,310.395261532444
Simulation_000001,Aluminium 6061,38.79347079957477,0.17039615084558302,0.3276809622899348,309.11483936240614
Simulation_000001,Aluminium 6061,38.79347079957477,0.1858867100133633,0.3276809622899348,308.3342557625735
Simulation_000001,Aluminium 6061,38.79347079957477,0.20137726918114357,0.3276809622899348,307.8825434761297
Simulation_000001,Aluminium 6061,38.79347079957477,0.21686782834892385,0.3276809622899348,307.6370927179893
Simulation_000001,Aluminium 6061,38.79347079957477,0.23235838751670412,0.3276809622899348,307.5159970462808
Simulation_000001,Aluminium 6061,38.79347079957477,0.2478489466844844,0.3276809622899348,307.46822216647405
Simulation_000001,Aluminium 6061,38.79347079957477,0.2633395058522647,0.3276809622899348,307.4639901692975
Simulation_000001,Aluminium 6061,38.79347079957477,0.2788300650200449,0.3276809622899348,307.4866040050836
Simulation_000001,Aluminium 6061,38.79347079957477,0.29432062418782523,0.3276809622899348,307.5260394791079
Simulation_000001,Aluminium 6061,38.79347079957477,0.3098111833556055,0.3276809622899348,307.57423469509456
Simulation_000001,Aluminium 6061,38.79347079957477,0.3253017425233858,0.3276809622899348,307.62204633594064
Simulation_000001,Aluminium 6061,38.79347079957477,0.34079230169116603,0.3276809622899348,307.6583442353256
Simulation_000001,Aluminium 6061,38.79347079957477,0.35628286085894634,0.3276809622899348,307.67216560783254
Simulation_000001,Aluminium 6061,38.79347079957477,0.3717734200267266,0.3276809622899348,307.6581734174572
Simulation_000001,Aluminium 6061,38.79347079957477,0.3872639791945069,0.3276809622899348,307.62149020825154
Simulation_000001,Aluminium 6061,38.79347079957477,0.40275453836228714,0.3276809622899348,307.5726588486924
Simulation_000001,Aluminium 6061,38.79347079957477,0.41824509753006744,0.3276809622899348,307.5218428636715
Simulation_000001,Aluminium 6061,38.79347079957477,0.4337356566978477,0.3276809622899348,307.47601278590054
Simulation_000001,Aluminium 6061,38.79347079957477,0.449226215865628,0.3276809622899348,307.4386048654086
Simulation_000001,Aluminium 6061,38.79347079957477,0.46471677503340825,0.3276809622899348,307.41035344098617
Simulation_000001,Aluminium 6061,38.79347079957477,0.48020733420118855,0.3276809622899348,307.390364120401
Simulation_000001,Aluminium 6061,38.79347079957477,0.4956978933689688,0.3276809622899348,307.3770178512903
Simulation_000001,Aluminium 6061,38.79347079957477,0.511188452536749,0.3276809622899348,307.3685727275352
Simulation_000001,Aluminium 6061,38.79347079957477,0.5266790117045294,0.3276809622899348,307.36349620019524
Simulation_000001,Aluminium 6061,38.79347079957477,0.5421695708723097,0.3276809622899348,307.3605932588392
Simulation_000001,Aluminium 6061,38.79347079957477,0.5576601300400899,0.3276809622899348,307.35901345014526
Simulation_000001,Aluminium 6061,38.79347079957477,0.5731506892078702,0.3276809622899348,307.3581951464229
Simulation_000001,Aluminium 6061,38.79347079957477,0.5886412483756505,0.3276809622899348,307.3577919305137
Simulation_000001,Aluminium 6061,38.79347079957477,0.6041318075434308,0.3276809622899348,307.3576030233983
Simulation_000001,Aluminium 6061,38.79347079957477,0.619622366711211,0.3276809622899348,307.3575189740447
Simulation_000001,Aluminium 6061,38.79347079957477,0.6351129258789913,0.3276809622899348,307.3574834972821
Simulation_000001,Aluminium 6061,38.79347079957477,0.6506034850467716,0.3276809622899348,307.3574693229863
Simulation_000001,Aluminium 6061,38.79347079957477,0.6660940442145519,0.3276809622899348,307.35746397856076
Simulation_000001,Aluminium 6061,38.79347079957477,0.6815846033823321,0.3276809622899348,307.35746209105025
Simulation_000001,Aluminium 6061,38.79347079957477,0.6970751625501124,0.3276809622899348,307.357461469621
Simulation_000001,Aluminium 6061,38.79347079957477,0.7125657217178927,0.3276809622899348,307.3574612492492
Simulation_000001,Aluminium 6061,38.79347079957477,0.0,0.3458854601949312,394.9941615334931
Simulation_000001,Aluminium 6061,38.79347079957477,0.015490559167780275,0.3458854601949312,380.39798766921535
Simulation_000001,Aluminium 6061,38.79347079957477,0.03098111833556055,0.3458854601949312,366.4272355130956
Simulation_000001,Aluminium 6061,38.79347079957477,0.04647167750334082,0.3458854601949312,353.6286805157104
Simulation_000001,Aluminium 6061,38.79347079957477,0.0619622366711211,0.3458854601949312,342.40793860735585
Simulation_000001,Aluminium 6061,38.79347079957477,0.07745279583890137,0.3458854601949312,332.9946829351214
Simulation_000001,Aluminium 6061,38.79347079957477,0.09294335500668165,0.3458854601949312,325.4397221611589
Simulation_000001,Aluminium 6061,38.79347079957477,0.10843391417446192,0.3458854601949312,319.6402087845615
Simulation_000001,Aluminium 6061,38.79347079957477,0.1239244733422422,0.3458854601949312,315.383413467235
Simulation_000001,Aluminium 6061,38.79347079957477,0.13941503251002246,0.3458854601949312,312.3971344685449
Simulation_000001,Aluminium 6061,38.79347079957477,0.15490559167780274,0.3458854601949312,310.3959698387784
Simulation_000001,Aluminium 6061,38.79347079957477,0.17039615084558302,0.3458854601949312,309.1162762916801
Simulation_000001,Aluminium 6061,38.79347079957477,0.1858867100133633,0.3458854601949312,308.3370538365571
Simulation_000001,Aluminium 6061,38.79347079957477,0.20137726918114357,0.3458854601949312,307.88778014756736
Simulation_000001,Aluminium 6061,38.79347079957477,0.21686782834892385,0.3458854601949312,307.646519726694
Simulation_000001,Aluminium 6061,38.79347079957477,0.23235838751670412,0.3458854601949312,307.5323326678462
Simulation_000001,Aluminium 6061,38.79347079957477,0.2478489466844844,0.3458854601949312,307.4954714673926
Simulation_000001,Aluminium 6061,38.79347079957477,0.2633395058522647,0.3458854601949312,307.5077165943276
Simulation_000001,Aluminium 6061,38.79347079957477,0.2788300650200449,0.3458854601949312,307.5539583982531
Simulation_000001,Aluminium 6061,38.79347079957477,0.29432062418782523,0.3458854601949312,307.62520783612854
Simulation_000001,Aluminium 6061,38.79347079957477,0.3098111833556055,0.3458854601949312,307.71271852015593
Simulation_000001,Aluminium 6061,38.79347079957477,0.3253017425233858,0.3458854601949312,307.8031208366936
Simulation_000001,Aluminium 6061,38.79347079957477,0.34079230169116603,0.3458854601949312,307.87562248156684
Simulation_000001,Aluminium 6061,38.79347079957477,0.35628286085894634,0.3458854601949312,307.9049202002713
Simulation_000001,Aluminium 6061,38.79347079957477,0.3717734200267266,0.3458854601949312,307.8754516636984
Simulation_000001,Aluminium 6061,38.79347079957477,0.3872639791945069,0.3458854601949312,307.8025647090045
Simulation_000001,Aluminium 6061,38.79347079957477,0.40275453836228714,0.3458854601949312,307.71114267375356
Simulation_000001,Aluminium 6061,38.79347079957477,0.41824509753006744,0.3458854601949312,307.62101122069106
Simulation_000001,Aluminium 6061,38.79347079957477,0.4337356566978477,0.3458854601949312,307.5433671790658
Simulation_000001,Aluminium 6061,38.79347079957477,0.449226215865628,0.3458854601949312,307.48233129042507
Simulation_000001,Aluminium 6061,38.79347079957477,0.46471677503340825,0.3458854601949312,307.4376027418642
Simulation_000001,Aluminium 6061,38.79347079957477,0.48020733420118855,0.3458854601949312,307.4066997418561
Simulation_000001,Aluminium 6061,38.79347079957477,0.4956978933689688,0.3458854601949312,307.3864448597207
Simulation_000001,Aluminium 6061,38.79347079957477,0.511188452536749,0.3458854601949312,307.37380939834554
Simulation_000001,Aluminium 6061,38.79347079957477,0.5266790117045294,0.3458854601949312,307.3662942728567
Simulation_000001,Aluminium 6061,38.79347079957477,0.5421695708723097,0.3458854601949312,307.3620301855395
Simulation_000001,Aluminium 6061,38.79347079957477,0.5576601300400899,0.3458854601949312,307.3597217518489
Simulation_000001,Aluminium 6061,38.79347079957477,0.5731506892078702,0.3458854601949312,307.3585299430165
Simulation_000001,Aluminium 6061,38.79347079957477,0.5886412483756505,0.3458854601949312,307.3579434509217
Simulation_000001,Aluminium 6061,38.79347079957477,0.6041318075434308,0.3458854601949312,307.3576686369548
Simulation_000001,Aluminium 6061,38.79347079957477,0.619622366711211,0.3458854601949312,307.35754613122646
Simulation_000001,Aluminium 6061,38.79347079957477,0.6351129258789913,0.3458854601949312,307.3574942541728
Simulation_000001,Aluminium 6061,38.79347079957477,0.6506034850467716,0.3458854601949312,307.35747341004014
Simulation_000001,Aluminium 6061,38.79347079957477,0.6660940442145519,0.3458854601949312,307.35746548026736
Simulation_000001,Aluminium 6061,38.79347079957477,0.6815846033823321,0.3458854601949312,307.3574626259664
Simulation_000001,Aluminium 6061,38.79347079957477,0.6970751625501124,0.3458854601949312,307.3574616406582
Simulation_000001,Aluminium 6061,38.79347079957477,0.7125657217178927,0.3458854601949312,307.3574612492492
Simulation_000001,Aluminium 6061,38.79347079957477,0.0,0.3640899580999276,394.9941615334931
Simulation_000001,Aluminium 6061,38.79347079957477,0.015490559167780275,0.3640899580999276,380.39798783780765
Simulation_000001,Aluminium 6061,38.79347079957477,0.03098111833556055,0.3640899580999276,366.42723606555927
Simulation_000001,Aluminium 6061,38.79347079957477,0.04647167750334082,0.3640899580999276,353.62868211782285
Simulation_000001,Aluminium 6061,38.79347079957477,0.0619622366711211,0.3640899580999276,342.4079430432941
Simulation_000001,Aluminium 6061,38.79347079957477,0.07745279583890137,0.3640899580999276,332.9946946757529
Simulation_000001,Aluminium 6061,38.79347079957477,0.09294335500668165,0.3640899580999276,325.4397518652821
Simulation_000001,Aluminium 6061,38.79347079957477,0.10843391417446192,0.3640899580999276,319.6402805574368
Simulation_000001,Aluminium 6061,38.79347079957477,0.1239244733422422,0.3640899580999276,315.3835793665165
Simulation_000001,Aluminium 6061,38.79347079957477,0.13941503251002246,0.3640899580999276,312.3975015970539
Simulation_000001,Aluminium 6061,38.79347079957477,0.15490559167780274,0.3640899580999276,310.39674918407724
Simulation_000001,Aluminium 6061,38.79347079957477,0.17039615084558302,0.3640899580999276,309.11786533389056
Simulation_000001,Aluminium 6061,38.79347079957477,0.1858867100133633,0.3640899580999276,308.3401716855979
Simulation_000001,Aluminium 6061,38.79347079957477,0.20137726918114357,0.3640899580999276,307.8936756309761
Simulation_000001,Aluminium 6061,38.79347079957477,0.21686782834892385,0.3640899580999276,307.6572816660341
Simulation_000001,Aluminium 6061,38.79347079957477,0.23235838751670412,0.3640899580999276,307.55132417783307
Simulation_000001,Aluminium 6061,38.79347079957477,0.2478489466844844,0.3640899580999276,307.52791052392797
Simulation_000001,Aluminium 6061,38.79347079957477,0.2633395058522647,0.3640899580999276,307.56137073306076
Simulation_000001,Aluminium 6061,38.79347079957477,0.2788300650200449,0.3640899580999276,307.639827888515
Simulation_000001,Aluminium 6061,38.79347079957477,0.29432062418782523,0.3640899580999276,307.7577516974846
Simulation_000001,Aluminium 6061,38.79347079957477,0.3098111833556055,0.3640899580999276,307.90854951062926
Simulation_000001,Aluminium 6061,38.79347079957477,0.3253017425233858,0.3640899580999276,308.0758531353207
Simulation_000001,Aluminium 6061,38.79347079957477,0.34079230169116603,0.3640899580999276,308.22349170753347
Simulation_000001,Aluminium 6061,38.79347079957477,0.35628286085894634,0.3640899580999276,308.2911167975497
Simulation_000001,Aluminium 6061,38.79347079957477,0.3717734200267266,0.3640899580999276,308.22332088966516
Simulation_000001,Aluminium 6061,38.79347079957477,0.3872639791945069,0.3640899580999276,308.07529700763155
Simulation_000001,Aluminium 6061,38.79347079957477,0.40275453836228714,0.3640899580999276,307.90697366422677
Simulation_000001,Aluminium 6061,38.79347079957477,0.41824509753006744,0.3640899580999276,307.7535550820469
Simulation_000001,Aluminium 6061,38.79347079957477,0.4337356566978477,0.3640899580999276,307.629236669327
Simulation_000001,Aluminium 6061,38.79347079957477,0.449226215865628,0.3640899580999276,307.5359854291555
Simulation_000001,Aluminium 6061,38.79347079957477,0.46471677503340825,0.3640899580999276,307.47004179839104
Simulation_000001,Aluminium 6061,38.79347079957477,0.48020733420118855,0.3640899580999276,307.42569125181876
Simulation_000001,Aluminium 6061,38.79347079957477,0.4956978933689688,0.3640899580999276,307.3972067989984
Simulation_000001,Aluminium 6061,38.79347079957477,0.511188452536749,0.3640899580999276,307.3797048816068
Simulation_000001,Aluminium 6061,38.79347079957477,0.5266790117045294,0.3640899580999276,307.36941212157814
Simulation_000001,Aluminium 6061,38.79347079957477,0.5421695708723097,0.3640899580999276,307.3636192271138
Simulation_000001,Aluminium 6061,38.79347079957477,0.5576601300400899,0.3640899580999276,307.3605010959799
Simulation_000001,Aluminium 6061,38.79347079957477,0.5731506892078702,0.3640899580999276,307.35889706954947
Simulation_000001,Aluminium 6061,38.79347079957477,0.5886412483756505,0.3640899580999276,307.3581093471225
Simulation_000001,Aluminium 6061,38.79347079957477,0.6041318075434308,0.3640899580999276,307.3577404054138
Simulation_000001,Aluminium 6061,38.79347079957477,0.619622366711211,0.3640899580999276,307.35757582955
Simulation_000001,Aluminium 6061,38.79347079957477,0.6351129258789913,0.3640899580999276,307.3575059878756
Simulation_000001,Aluminium 6061,38.79347079957477,0.6506034850467716,0.3640899580999276,307.3574778385383
Simulation_000001,Aluminium 6061,38.79347079957477,0.6660940442145519,0.3640899580999276,307.3574670753656
Simulation_000001,Aluminium 6061,38.79347079957477,0.6815846033823321,0.3640899580999276,307.3574631729242
Simulation_000001,Aluminium 6061,38.79347079957477,0.6970751625501124,0.3640899580999276,307.3574618062142
Simulation_000001,Aluminium 6061,38.79347079957477,0.7125657217178927,0.3640899580999276,307.3574612492492
Simulation_000001,Aluminium 6061,38.79347079957477,0.0,0.38229445600492395,394.9941615334931
Simulation_000001,Aluminium 6061,38.79347079957477,0.015490559167780275,0.38229445600492395,380.39798798843776
Simulation_000001,Aluminium 6061,38.79347079957477,0.03098111833556055,0.38229445600492395,366.427236567738
Simulation_000001,Aluminium 6061,38.79347079957477,0.04647167750334082,0.38229445600492395,353.62868359348823
Simulation_000001,Aluminium 6061,38.79347079957477,0.0619622366711211,0.38229445600492395,342.40794714470087
Simulation_000001,Aluminium 6061,38.79347079957477,0.07745279583890137,0.38229445600492395,332.9947055492696
Simulation_000001,Aluminium 6061,38.79347079957477,0.09294335500668165,0.38229445600492395,325.4397793556677
Simulation_000001,Aluminium 6061,38.79347079957477,0.10843391417446192,0.38229445600492395,319.6403470047308
Simulation_000001,Aluminium 6061,38.79347079957477,0.1239244733422422,0.38229445600492395,315.3837330229352
Simulation_000001,Aluminium 6061,38.79347079957477,0.13941503251002246,0.38229445600492395,312.3978423666083
Simulation_000001,Aluminium 6061,38.79347079957477,0.15490559167780274,0.38229445600492395,310.39747491915455
Simulation_000001,Aluminium 6061,38.79347079957477,0.17039615084558302,0.38229445600492395,309.1193530949223
Simulation_000001,Aluminium 6061,38.79347079957477,0.1858867100133633,0.38229445600492395,308.3431127532286
Simulation_000001,Aluminium 6061,38.79347079957477,0.20137726918114357,0.38229445600492395,307.89929632771083
Simulation_000001,Aluminium 6061,38.79347079957477,0.21686782834892385,0.38229445600492395,307.6676902874837
Simulation_000001,Aluminium 6061,38.79347079957477,0.23235838751670412,0.38229445600492395,307.57005471938726
Simulation_000001,Aluminium 6061,38.79347079957477,0.2478489466844844,0.38229445600492395,307.5607543576384
Simulation_000001,Aluminium 6061,38.79347079957477,0.2633395058522647,0.38229445600492395,307.61764814353563
Simulation_000001,Aluminium 6061,38.79347079957477,0.2788300650200449,0.38229445600492395,307.73424868386945
Simulation_000001,Aluminium 6061,38.79347079957477,0.29432062418782523,0.38229445600492395,307.9128922735407
Simulation_000001,Aluminium 6061,38.79347079957477,0.3098111833556055,0.38229445600492395,308.1570679356096
Simulation_000001,Aluminium 6061,38.79347079957477,0.3253017425233858,0.38229445600492395,308.45844446766637
Simulation_000001,Aluminium 6061,38.79347079957477,0.34079230169116603,0.38229445600492395,308.7695975548015
Simulation_000001,Aluminium 6061,38.79347079957477,0.35628286085894634,0.38229445600492395,308.9538077589893
Simulation_000001,Aluminium 6061,38.79347079957477,0.3717734200267266,0.38229445600492395,308.76942673693316
Simulation_000001,Aluminium 6061,38.79347079957477,0.3872639791945069,0.38229445600492395,308.4578883399773
Simulation_000001,Aluminium 6061,38.79347079957477,0.40275453836228714,0.38229445600492395,308.1554920892071
Simulation_000001,Aluminium 6061,38.79347079957477,0.41824509753006744,0.38229445600492395,307.908695658103
Simulation_000001,Aluminium 6061,38.79347079957477,0.4337356566978477,0.38229445600492395,307.72365746468137
Simulation_000001,Aluminium 6061,38.79347079957477,0.449226215865628,0.38229445600492395,307.59226283962994
Simulation_000001,Aluminium 6061,38.79347079957477,0.46471677503340825,0.38229445600492395,307.5028856320999
Simulation_000001,Aluminium 6061,38.79347079957477,0.48020733420118855,0.38229445600492395,307.4444217933681
Simulation_000001,Aluminium 6061,38.79347079957477,0.4956978933689688,0.38229445600492395,307.40761542043487
Simulation_000001,Aluminium 6061,38.79347079957477,0.511188452536749,0.38229445600492395,307.38532557830973
Simulation_000001,Aluminium 6061,38.79347079957477,0.5266790117045294,0.38229445600492395,307.3723531891376
Simulation_000001,Aluminium 6061,38.79347079957477,0.5421695708723097,0.38229445600492395,307.36510698799987
Simulation_000001,Aluminium 6061,38.79347079957477,0.5576601300400899,0.38229445600492395,307.3612268307837
Simulation_000001,Aluminium 6061,38.79347079957477,0.5731506892078702,0.38229445600492395,307.35923783863177
Simulation_000001,Aluminium 6061,38.79347079957477,0.5886412483756505,0.38229445600492395,307.358263002793
Simulation_000001,Aluminium 6061,38.79347079957477,0.6041318075434308,0.38229445600492395,307.3578068516204
Simulation_000001,Aluminium 6061,38.79347079957477,0.619622366711211,0.38229445600492395,307.3576033184915
Simulation_000001,Aluminium 6061,38.79347079957477,0.6351129258789913,0.38229445600492395,307.35751685965096
Simulation_000001,Aluminium 6061,38.79347079957477,0.6506034850467716,0.38229445600492395,307.35748193806165
Simulation_000001,Aluminium 6061,38.79347079957477,0.6660940442145519,0.38229445600492395,307.3574685492457
Simulation_000001,Aluminium 6061,38.79347079957477,0.6815846033823321,0.38229445600492395,307.3574636736963
Simulation_000001,Aluminium 6061,38.79347079957477,0.6970751625501124,0.38229445600492395,307.35746195606686
Simulation_000001,Aluminium 6061,38.79347079957477,0.7125657217178927,0.38229445600492395,307.3574612492492
Simulation_000001,Aluminium 6061,38.79347079957477,0.0,0.40049895390992035,394.9941615334931
Simulation_000001,Aluminium 6061,38.79347079957477,0.015490559167780275,0.40049895390992035,380.3979880954955
Simulation_000001,Aluminium 6061,38.79347079957477,0.03098111833556055,0.40049895390992035,366.42723692671177
Simulation_000001,Aluminium 6061,38.79347079957477,0.04647167750334082,0.40049895390992035,353.6286846481744
Simulation_000001,Aluminium 6061,38.79347079957477,0.0619622366711211,0.40049895390992035,342.4079500797669
Simulation_000001,Aluminium 6061,38.79347079957477,0.07745279583890137,0.40049895390992035,332.99471331767097
Simulation_000001,Aluminium 6061,38.79347079957477,0.09294335500668165,0.40049895390992035,325.4397990002057
Simulation_000001,Aluminium 6061,38.79347079957477,0.10843391417446192,0.40049895390992035,319.6403944601695
Simulation_000001,Aluminium 6061,38.79347079957477,0.1239244733422422,0.40049895390992035,315.3838428939426
Simulation_000001,Aluminium 6061,38.79347079957477,0.13941503251002246,0.40049895390992035,312.39808637481116
Simulation_000001,Aluminium 6061,38.79347079957477,0.15490559167780274,0.40049895390992035,310.39799625438815
Simulation_000001,Aluminium 6061,38.79347079957477,0.17039615084558302,0.40049895390992035,309.1204264418206
Simulation_000001,Aluminium 6061,38.79347079957477,0.1858867100133633,0.40049895390992035,308.3452487520181
Simulation_000001,Aluminium 6061,38.79347079957477,0.20137726918114357,0.40049895390992035,307.9034157385916
Simulation_000001,Aluminium 6061,38.79347079957477,0.21686782834892385,0.40049895390992035,307.675418888166
Simulation_000001,Aluminium 6061,38.79347079957477,0.23235838751670412,0.40049895390992035,307.5842184716922
Simulation_000001,Aluminium 6061,38.79347079957477,0.2478489466844844,0.40049895390992035,307.5862483558205
Simulation_000001,Aluminium 6061,38.79347079957477,0.2633395058522647,0.40049895390992035,307.6630062643511
Simulation_000001,Aluminium 6061,38.79347079957477,0.2788300650200449,0.40049895390992035,307.81463711549713
Simulation_000001,Aluminium 6061,38.79347079957477,0.29432062418782523,0.40049895390992035,308.05595294945465
Simulation_000001,Aluminium 6061,38.79347079957477,0.3098111833556055,0.40049895390992035,308.41420300441206
Simulation_000001,Aluminium 6061,38.79347079957477,0.3253017425233858,0.40049895390992035,308.9237317180096
Simulation_000001,Aluminium 6061,38.79347079957477,0.34079230169116603,0.40049895390992035,309.59316286768893
Simulation_000001,Aluminium 6061,38.79347079957477,0.35628286085894634,0.40049895390992035,310.22973284583225
Simulation_000001,Aluminium 6061,38.79347079957477,0.3717734200267266,0.40049895390992035,309.59299204982057
Simulation_000001,Aluminium 6061,38.79347079957477,0.3872639791945069,0.40049895390992035,308.92317559032045
Simulation_000001,Aluminium 6061,38.79347079957477,0.40275453836228714,0.40049895390992035,308.41262715800957
Simulation_000001,Aluminium 6061,38.79347079957477,0.41824509753006744,0.40049895390992035,308.05175633401694
Simulation_000001,Aluminium 6061,38.79347079957477,0.4337356566978477,0.40049895390992035,307.804045896309
Simulation_000001,Aluminium 6061,38.79347079957477,0.449226215865628,0.40049895390992035,307.63762096044536
Simulation_000001,Aluminium 6061,38.79347079957477,0.46471677503340825,0.40049895390992035,307.5283796302817
Simulation_000001,Aluminium 6061,38.79347079957477,0.48020733420118855,0.40049895390992035,307.4585855456722
Simulation_000001,Aluminium 6061,38.79347079957477,0.4956978933689688,0.40049895390992035,307.4153440211148
Simulation_000001,Aluminium 6061,38.79347079957477,0.511188452536749,0.40049895390992035,307.38944498918414
Simulation_000001,Aluminium 6061,38.79347079957477,0.5266790117045294,0.40049895390992035,307.3744891879126
Simulation_000001,Aluminium 6061,38.79347079957477,0.5421695708723097,0.40049895390992035,307.36618033486747
Simulation_000001,Aluminium 6061,38.79347079957477,0.5576601300400899,0.40049895390992035,307.361748165958
Simulation_000001,Aluminium 6061,38.79347079957477,0.5731506892078702,0.40049895390992035,307.3594818467301
Simulation_000001,Aluminium 6061,38.79347079957477,0.5886412483756505,0.40049895390992035,307.35837287363165
Simulation_000001,Aluminium 6061,38.79347079957477,0.6041318075434308,0.40049895390992035,307.3578543068099
Simulation_000001,Aluminium 6061,38.79347079957477,0.619622366711211,0.40049895390992035,307.35762296269417
Simulation_000001,Aluminium 6061,38.79347079957477,0.6351129258789913,0.40049895390992035,307.3575246276438
Simulation_000001,Aluminium 6061,38.79347079957477,0.6506034850467716,0.40049895390992035,307.3574848726821
Simulation_000001,Aluminium 6061,38.79347079957477,0.6660940442145519,0.40049895390992035,307.35746960350684
Simulation_000001,Aluminium 6061,38.79347079957477,0.6815846033823321,0.40049895390992035,307.3574640323337
Simulation_000001,Aluminium 6061,38.79347079957477,0.6970751625501124,0.40049895390992035,307.35746206293817
Simulation_000001,Aluminium 6061,38.79347079957477,0.7125657217178927,0.40049895390992035,307.3574612492492
Simulation_000001,Aluminium 6061,38.79347079957477,0.0,0.41870345181491675,394.9941615334931
Simulation_000001,Aluminium 6061,38.79347079957477,0.015490559167780275,0.41870345181491675,380.39798813464546
Simulation_000001,Aluminium 6061,38.79347079957477,0.03098111833556055,0.41870345181491675,366.4272370572795
Simulation_000001,Aluminium 6061,38.79347079957477,0.04647167750334082,0.41870345181491675,353.6286850332322
Simulation_000001,Aluminium 6061,38.79347079957477,0.0619622366711211,0.41870345181491675,342.4079511472791
Simulation_000001,Aluminium 6061,38.79347079957477,0.07745279583890137,0.41870345181491675,332.9947161483135
Simulation_000001,Aluminium 6061,38.79347079957477,0.09294335500668165,0.41870345181491675,325.4398061431521
Simulation_000001,Aluminium 6061,38.79347079957477,0.10843391417446192,0.41870345181491675,319.6404117400265
Simulation_000001,Aluminium 6061,38.79347079957477,0.1239244733422422,0.41870345181491675,315.38388287954444
Simulation_000001,Aluminium 6061,38.79347079957477,0.13941503251002246,0.41870345181491675,312.3981753419744
Simulation_000001,Aluminium 6061,38.79347079957477,0.15490559167780274,0.41870345181491675,310.39818655733205
Simulation_000001,Aluminium 6061,38.79347079957477,0.17039615084558302,0.41870345181491675,309.1208194781527
Simulation_000001,Aluminium 6061,38.79347079957477,0.1858867100133633,0.41870345181491675,308.34603372771437
Simulation_000001,Aluminium 6061,38.79347079957477,0.20137726918114357,0.41870345181491675,307.90493876816095
Simulation_000001,Aluminium 6061,38.79347079957477,0.21686782834892385,0.41870345181491675,307.6783002475697
Simulation_000001,Aluminium 6061,38.79347079957477,0.23235838751670412,0.41870345181491675,307.5895688224656
Simulation_000001,Aluminium 6061,38.79347079957477,0.2478489466844844,0.41870345181491675,307.5960778912893
Simulation_000001,Aluminium 6061,38.79347079957477,0.2633395058522647,0.41870345181491675,307.6811016332273
Simulation_000001,Aluminium 6061,38.79347079957477,0.2788300650200449,0.41870345181491675,307.848640574565
Simulation_000001,Aluminium 6061,38.79347079957477,0.29432062418782523,0.41870345181491675,308.1230188228332
Simulation_000001,Aluminium 6061,38.79347079957477,0.3098111833556055,0.41870345181491675,308.55823640171127
Simulation_000001,Aluminium 6061,38.79347079957477,0.3253017425233858,0.41870345181491675,309.27353044445846
Simulation_000001,Aluminium 6061,38.79347079957477,0.34079230169116603,0.41870345181491675,310.5740001367377
Simulation_000001,Aluminium 6061,38.79347079957477,0.35628286085894634,0.41870345181491675,313.378367082532
Simulation_000001,Aluminium 6061,38.79347079957477,0.3717734200267266,0.41870345181491675,310.5738293188693
Simulation_000001,Aluminium 6061,38.79347079957477,0.3872639791945069,0.41870345181491675,309.2729743167693
Simulation_000001,Aluminium 6061,38.79347079957477,0.40275453836228714,0.41870345181491675,308.5566605553088
Simulation_000001,Aluminium 6061,38.79347079957477,0.41824509753006744,0.41870345181491675,308.1188222073955
Simulation_000001,Aluminium 6061,38.79347079957477,0.4337356566978477,0.41870345181491675,307.8380493553768
Simulation_000001,Aluminium 6061,38.79347079957477,0.449226215865628,0.41870345181491675,307.6557163293216
Simulation_000001,Aluminium 6061,38.79347079957477,0.46471677503340825,0.41870345181491675,307.53820916575046
Simulation_000001,Aluminium 6061,38.79347079957477,0.48020733420118855,0.41870345181491675,307.46393589644543
Simulation_000001,Aluminium 6061,38.79347079957477,0.4956978933689688,0.41870345181491675,307.4182253805181
Simulation_000001,Aluminium 6061,38.79347079957477,0.511188452536749,0.41870345181491675,307.3909680187524
Simulation_000001,Aluminium 6061,38.79347079957477,0.5266790117045294,0.41870345181491675,307.37527416360626
Simulation_000001,Aluminium 6061,38.79347079957477,0.5421695708723097,0.41870345181491675,307.36657337119397
Simulation_000001,Aluminium 6061,38.79347079957477,0.5576601300400899,0.41870345181491675,307.3619384688907
Simulation_000001,Aluminium 6061,38.79347079957477,0.5731506892078702,0.41870345181491675,307.3595708138733
Simulation_000001,Aluminium 6061,38.79347079957477,0.5886412483756505,0.41870345181491675,307.35841285920026
Simulation_000001,Aluminium 6061,38.79347079957477,0.6041318075434308,0.41870345181491675,307.357871586617
Simulation_000001,Aluminium 6061,38.79347079957477,0.619622366711211,0.41870345181491675,307.3576301055726
Simulation_000001,Aluminium 6061,38.79347079957477,0.6351129258789913,0.41870345181491675,307.3575274582026
Simulation_000001,Aluminium 6061,38.79347079957477,0.6506034850467716,0.41870345181491675,307.3574859401021
Simulation_000001,Aluminium 6061,38.79347079957477,0.6660940442145519,0.41870345181491675,307.35746998847617
Simulation_000001,Aluminium 6061,38.79347079957477,0.6815846033823321,0.41870345181491675,307.3574641628311
Simulation_000001,Aluminium 6061,38.79347079957477,0.6970751625501124,0.41870345181491675,307.35746210204906
Simulation_000001,Aluminium 6061,38.79347079957477,0.7125657217178927,0.41870345181491675,307.3574612492492
Simulation_000001,Aluminium 6061,38.79347079957477,0.0,0.4369079497199131,394.9941615334931
Simulation_000001,Aluminium 6061,38.79347079957477,0.015490559167780275,0.4369079497199131,380.39798809566213
Simulation_000001,Aluminium 6061,38.79347079957477,0.03098111833556055,0.4369079497199131,366.4272369270294
Simulation_000001,Aluminium 6061,38.79347079957477,0.04647167750334082,0.4369079497199131,353.6286846486157
Simulation_000001,Aluminium 6061,38.79347079957477,0.0619622366711211,0.4369079497199131,342.4079500802992
Simulation_000001,Aluminium 6061,38.79347079957477,0.07745279583890137,0.4369079497199131,332.9947133182626
Simulation_000001,Aluminium 6061,38.79347079957477,0.09294335500668165,0.4369079497199131,325.43979900083076
Simulation_000001,Aluminium 6061,38.79347079957477,0.10843391417446192,0.4369079497199131,319.64039446080994
Simulation_000001,Aluminium 6061,38.79347079957477,0.1239244733422422,0.4369079497199131,315.3838428945878
Simulation_000001,Aluminium 6061,38.79347079957477,0.13941503251002246,0.4369079497199131,312.3980863754561
Simulation_000001,Aluminium 6061,38.79347079957477,0.15490559167780274,0.4369079497199131,310.3979962550312
Simulation_000001,Aluminium 6061,38.79347079957477,0.17039615084558302,0.4369079497199131,309.12042644246173
Simulation_000001,Aluminium 6061,38.79347079957477,0.1858867100133633,0.4369079497199131,308.345248752658
Simulation_000001,Aluminium 6061,38.79347079957477,0.20137726918114357,0.4369079497199131,307.9034157392307
Simulation_000001,Aluminium 6061,38.79347079957477,0.21686782834892385,0.4369079497199131,307.67541888880476
Simulation_000001,Aluminium 6061,38.79347079957477,0.23235838751670412,0.4369079497199131,307.5842184723308
Simulation_000001,Aluminium 6061,38.79347079957477,0.2478489466844844,0.4369079497199131,307.586248356459
Simulation_000001,Aluminium 6061,38.79347079957477,0.2633395058522647,0.4369079497199131,307.66300626498963
Simulation_000001,Aluminium 6061,38.79347079957477,0.2788300650200449,0.4369079497199131,307.81463711613566
Simulation_000001,Aluminium 6061,38.79347079957477,0.29432062418782523,0.4369079497199131,308.0559529500932
Simulation_000001,Aluminium 6061,38.79347079957477,0.3098111833556055,0.4369079497199131,308.41420300505064
Simulation_000001,Aluminium 6061,38.79347079957477,0.3253017425233858,0.4369079497199131,308.9237317186481
Simulation_000001,Aluminium 6061,38.79347079957477,0.34079230169116603,0.4369079497199131,309.5931628683275
Simulation_000001,Aluminium 6061,38.79347079957477,0.35628286085894634,0.4369079497199131,310.22973284647077
Simulation_000001,Aluminium 6061,38.79347079957477,0.3717734200267266,0.4369079497199131,309.5929920504591
Simulation_000001,Aluminium 6061,38.79347079957477,0.3872639791945069,0.4369079497199131,308.923175590959
Simulation_000001,Aluminium 6061,38.79347079957477,0.40275453836228714,0.4369079497199131,308.4126271586481
Simulation_000001,Aluminium 6061,38.79347079957477,0.41824509753006744,0.4369079497199131,308.05175633465547
Simulation_000001,Aluminium 6061,38.79347079957477,0.4337356566978477,0.4369079497199131,307.80404589694746
Simulation_000001,Aluminium 6061,38.79347079957477,0.449226215865628,0.4369079497199131,307.6376209610838
Simulation_000001,Aluminium 6061,38.79347079957477,0.46471677503340825,0.4369079497199131,307.52837963092014
Simulation_000001,Aluminium 6061,38.79347079957477,0.48020733420118855,0.4369079497199131,307.4585855463107
Simulation_000001,Aluminium 6061,38.79347079957477,0.4956978933689688,0.4369079497199131,307.41534402175324
Simulation_000001,Aluminium 6061,38.79347079957477,0.511188452536749,0.4369079497199131,307.3894449898224
Simulation_000001,Aluminium 6061,38.79347079957477,0.5266790117045294,0.4369079497199131,307.3744891885503
Simulation_000001,Aluminium 6061,38.79347079957477,0.5421695708723097,0.4369079497199131,307.36618033550394
Simulation_000001,Aluminium 6061,38.79347079957477,0.5576601300400899,0.4369079497199131,307.36174816659167
Simulation_000001,Aluminium 6061,38.79347079957477,0.5731506892078702,0.4369079497199131,307.3594818473581
Simulation_000001,Aluminium 6061,38.79347079957477,0.5886412483756505,0.4369079497199131,307.35837287424874
Simulation_000001,Aluminium 6061,38.79347079957477,0.6041318075434308,0.4369079497199131,307.357854307408
Simulation_000001,Aluminium 6061,38.79347079957477,0.619622366711211,0.4369079497199131,307.3576229632612
Simulation_000001,Aluminium 6061,38.79347079957477,0.6351129258789913,0.4369079497199131,307.3575246281637
Simulation_000001,Aluminium 6061,38.79347079957477,0.6506034850467716,0.4369079497199131,307.35748487313526
Simulation_000001,Aluminium 6061,38.79347079957477,0.6660940442145519,0.4369079497199131,307.35746960387206
Simulation_000001,Aluminium 6061,38.79347079957477,0.6815846033823321,0.4369079497199131,307.35746403259077
Simulation_000001,Aluminium 6061,38.79347079957477,0.6970751625501124,0.4369079497199131,307.3574620630711
Simulation_000001,Aluminium 6061,38.79347079957477,0.7125657217178927,0.4369079497199131,307.3574612492492
Simulation_000001,Aluminium 6061,38.79347079957477,0.0,0.4551124476249095,394.9941615334931
Simulation_000001,Aluminium 6061,38.79347079957477,0.015490559167780275,0.4551124476249095,380.39798798917894
Simulation_000001,Aluminium 6061,38.79347079957477,0.03098111833556055,0.4551124476249095,366.42723656915143
Simulation_000001,Aluminium 6061,38.79347079957477,0.04647167750334082,0.4551124476249095,353.628683595453
Simulation_000001,Aluminium 6061,38.79347079957477,0.0619622366711211,0.4551124476249095,342.40794714707187
Simulation_000001,Aluminium 6061,38.79347079957477,0.07745279583890137,0.4551124476249095,332.99470555190595
Simulation_000001,Aluminium 6061,38.79347079957477,0.09294335500668165,0.4551124476249095,325.43977935845373
Simulation_000001,Aluminium 6061,38.79347079957477,0.10843391417446192,0.4551124476249095,319.640347007585
Simulation_000001,Aluminium 6061,38.79347079957477,0.1239244733422422,0.4551124476249095,315.3837330258093
Simulation_000001,Aluminium 6061,38.79347079957477,0.13941503251002246,0.4551124476249095,312.3978423694791
Simulation_000001,Aluminium 6061,38.79347079957477,0.15490559167780274,0.4551124476249095,310.397474922015
Simulation_000001,Aluminium 6061,38.79347079957477,0.17039615084558302,0.4551124476249095,309.1193530977726
Simulation_000001,Aluminium 6061,38.79347079957477,0.1858867100133633,0.4551124476249095,308.34311275607183
Simulation_000001,Aluminium 6061,38.79347079957477,0.20137726918114357,0.4551124476249095,307.8992963305501
Simulation_000001,Aluminium 6061,38.79347079957477,0.21686782834892385,0.4551124476249095,307.6676902903208
Simulation_000001,Aluminium 6061,38.79347079957477,0.23235838751670412,0.4551124476249095,307.5700547222235
Simulation_000001,Aluminium 6061,38.79347079957477,0.2478489466844844,0.4551124476249095,307.56075436047433
Simulation_000001,Aluminium 6061,38.79347079957477,0.2633395058522647,0.4551124476249095,307.6176481463715
Simulation_000001,Aluminium 6061,38.79347079957477,0.2788300650200449,0.4551124476249095,307.73424868670526
Simulation_000001,Aluminium 6061,38.79347079957477,0.29432062418782523,0.4551124476249095,307.9128922763765
Simulation_000001,Aluminium 6061,38.79347079957477,0.3098111833556055,0.4551124476249095,308.1570679384454
Simulation_000001,Aluminium 6061,38.79347079957477,0.3253017425233858,0.4551124476249095,308.4584444705022
Simulation_000001,Aluminium 6061,38.79347079957477,0.34079230169116603,0.4551124476249095,308.7695975576373
Simulation_000001,Aluminium 6061,38.79347079957477,0.35628286085894634,0.4551124476249095,308.95380776182515
Simulation_000001,Aluminium 6061,38.79347079957477,0.3717734200267266,0.4551124476249095,308.7694267397689
Simulation_000001,Aluminium 6061,38.79347079957477,0.3872639791945069,0.4551124476249095,308.457888342813
Simulation_000001,Aluminium 6061,38.79347079957477,0.40275453836228714,0.4551124476249095,308.15549209204283
Simulation_000001,Aluminium 6061,38.79347079957477,0.41824509753006744,0.4551124476249095,307.9086956609388
Simulation_000001,Aluminium 6061,38.79347079957477,0.4337356566978477,0.4551124476249095,307.7236574675171
Simulation_000001,Aluminium 6061,38.79347079957477,0.449226215865628,0.4551124476249095,307.5922628424657
Simulation_000001,Aluminium 6061,38.79347079957477,0.46471677503340825,0.4551124476249095,307.5028856349356
Simulation_000001,Aluminium 6061,38.79347079957477,0.48020733420118855,0.4551124476249095,307.44442179620376
Simulation_000001,Aluminium 6061,38.79347079957477,0.4956978933689688,0.4551124476249095,307.40761542327016
Simulation_000001,Aluminium 6061,38.79347079957477,0.511188452536749,0.4551124476249095,307.3853255811439
Simulation_000001,Aluminium 6061,38.79347079957477,0.5266790117045294,0.4551124476249095,307.37235319196907
Simulation_000001,Aluminium 6061,38.79347079957477,0.5421695708723097,0.4551124476249095,307.36510699082504
Simulation_000001,Aluminium 6061,38.79347079957477,0.5576601300400899,0.4551124476249095,307.3612268335952
Simulation_000001,Aluminium 6061,38.79347079957477,0.5731506892078702,0.4551124476249095,307.3592378414159
Simulation_000001,Aluminium 6061,38.79347079957477,0.5886412483756505,0.4551124476249095,307.3582630055263
Simulation_000001,Aluminium 6061,38.79347079957477,0.6041318075434308,0.4551124476249095,307.3578068542657
Simulation_000001,Aluminium 6061,38.79347079957477,0.619622366711211,0.4551124476249095,307.3576033209952
Simulation_000001,Aluminium 6061,38.79347079957477,0.6351129258789913,0.4551124476249095,307.3575168619423
Simulation_000001,Aluminium 6061,38.79347079957477,0.6506034850467716,0.4551124476249095,307.3574819400554
Simulation_000001,Aluminium 6061,38.79347079957477,0.6660940442145519,0.4551124476249095,307.35746855084983
Simulation_000001,Aluminium 6061,38.79347079957477,0.6815846033823321,0.4551124476249095,307.357463674824
Simulation_000001,Aluminium 6061,38.79347079957477,0.6970751625501124,0.4551124476249095,307.35746195664956
Simulation_000001,Aluminium 6061,38.79347079957477,0.7125657217178927,0.4551124476249095,307.3574612492492
Simulation_000001,Aluminium 6061,38.79347079957477,0.0,0.4733169455299059,394.9941615334931
Simulation_000001,Aluminium 6061,38.79347079957477,0.015490559167780275,0.4733169455299059,380.39798784076794
Simulation_000001,Aluminium 6061,38.79347079957477,0.03098111833556055,0.4733169455299059,366.42723607120575
Simulation_000001,Aluminium 6061,38.79347079957477,0.04647167750334082,0.4733169455299059,353.6286821256744
Simulation_000001,Aluminium 6061,38.79347079957477,0.0619622366711211,0.4733169455299059,342.4079430527718
Simulation_000001,Aluminium 6061,38.79347079957477,0.07745279583890137,0.4733169455299059,332.99469468629263
Simulation_000001,Aluminium 6061,38.79347079957477,0.09294335500668165,0.4733169455299059,325.43975187641814
Simulation_000001,Aluminium 6061,38.79347079957477,0.10843391417446192,0.4733169455299059,319.64028056884
Simulation_000001,Aluminium 6061,38.79347079957477,0.1239244733422422,0.4733169455299059,315.3835793779903
Simulation_000001,Aluminium 6061,38.79347079957477,0.13941503251002246,0.4733169455299059,312.39750160850457
Simulation_000001,Aluminium 6061,38.79347079957477,0.15490559167780274,0.4733169455299059,310.3967491954759
Simulation_000001,Aluminium 6061,38.79347079957477,0.17039615084558302,0.4733169455299059,309.1178653452407
Simulation_000001,Aluminium 6061,38.79347079957477,0.1858867100133633,0.4733169455299059,308.3401716969138
Simulation_000001,Aluminium 6061,38.79347079957477,0.20137726918114357,0.4733169455299059,307.89367564227166
Simulation_000001,Aluminium 6061,38.79347079957477,0.21686782834892385,0.4733169455299059,307.65728167731925
Simulation_000001,Aluminium 6061,38.79347079957477,0.23235838751670412,0.4733169455299059,307.5513241891133
Simulation_000001,Aluminium 6061,38.79347079957477,0.2478489466844844,0.4733169455299059,307.52791053520633
Simulation_000001,Aluminium 6061,38.79347079957477,0.2633395058522647,0.4733169455299059,307.5613707443384
Simulation_000001,Aluminium 6061,38.79347079957477,0.2788300650200449,0.4733169455299059,307.63982789979235
Simulation_000001,Aluminium 6061,38.79347079957477,0.29432062418782523,0.4733169455299059,307.75775170876193
Simulation_000001,Aluminium 6061,38.79347079957477,0.3098111833556055,0.4733169455299059,307.90854952190654
Simulation_000001,Aluminium 6061,38.79347079957477,0.3253017425233858,0.4733169455299059,308.07585314659804
Simulation_000001,Aluminium 6061,38.79347079957477,0.34079230169116603,0.4733169455299059,308.2234917188108
Simulation_000001,Aluminium 6061,38.79347079957477,0.35628286085894634,0.4733169455299059,308.29111680882704
Simulation_000001,Aluminium 6061,38.79347079957477,0.3717734200267266,0.4733169455299059,308.22332090094244
Simulation_000001,Aluminium 6061,38.79347079957477,0.3872639791945069,0.4733169455299059,308.0752970189089
Simulation_000001,Aluminium 6061,38.79347079957477,0.40275453836228714,0.4733169455299059,307.9069736755041
Simulation_000001,Aluminium 6061,38.79347079957477,0.41824509753006744,0.4733169455299059,307.7535550933242
Simulation_000001,Aluminium 6061,38.79347079957477,0.4337356566978477,0.4733169455299059,307.6292366806043
Simulation_000001,Aluminium 6061,38.79347079957477,0.449226215865628,0.4733169455299059,307.5359854404328
Simulation_000001,Aluminium 6061,38.79347079957477,0.46471677503340825,0.4733169455299059,307.47004180966815
Simulation_000001,Aluminium 6061,38.79347079957477,0.48020733420118855,0.4733169455299059,307.4256912630952
Simulation_000001,Aluminium 6061,38.79347079957477,0.4956978933689688,0.4733169455299059,307.39720681027296
Simulation_000001,Aluminium 6061,38.79347079957477,0.511188452536749,0.4733169455299059,307.3797048928763
Simulation_000001,Aluminium 6061,38.79347079957477,0.5266790117045294,0.4733169455299059,307.3694121328351
Simulation_000001,Aluminium 6061,38.79347079957477,0.5421695708723097,0.4733169455299059,307.3636192383425
Simulation_000001,Aluminium 6061,38.79347079957477,0.5576601300400899,0.4733169455299059,307.3605011071487
Simulation_000001,Aluminium 6061,38.79347079957477,0.5731506892078702,0.4733169455299059,307.35889708060114
Simulation_000001,Aluminium 6061,38.79347079957477,0.5886412483756505,0.4733169455299059,307.3581093579605
Simulation_000001,Aluminium 6061,38.79347079957477,0.6041318075434308,0.4733169455299059,307.3577404158887
Simulation_000001,Aluminium 6061,38.79347079957477,0.619622366711211,0.4733169455299059,307.3575758394484
Simulation_000001,Aluminium 6061,38.79347079957477,0.6351129258789913,0.4733169455299059,307.3575059969183
Simulation_000001,Aluminium 6061,38.79347079957477,0.6506034850467716,0.4733169455299059,307.3574778463926
Simulation_000001,Aluminium 6061,38.79347079957477,0.6660940442145519,0.4733169455299059,307.35746708167534
Simulation_000001,Aluminium 6061,38.79347079957477,0.6815846033823321,0.4733169455299059,307.3574631773542
Simulation_000001,Aluminium 6061,38.79347079957477,0.6970751625501124,0.4733169455299059,307.3574618085015
Simulation_000001,Aluminium 6061,38.79347079957477,0.7125657217178927,0.4733169455299059,307.3574612492492
Simulation_000001,Aluminium 6061,38.79347079957477,0.0,0.4915214434349023,394.9941615334931
Simulation_000001,Aluminium 6061,38.79347079957477,0.015490559167780275,0.4915214434349023,380.3979876802903
Simulation_000001,Aluminium 6061,38.79347079957477,0.03098111833556055,0.4915214434349023,366.427235534221
Simulation_000001,Aluminium 6061,38.79347079957477,0.04647167750334082,0.4915214434349023,353.6286805450864
Simulation_000001,Aluminium 6061,38.79347079957477,0.0619622366711211,0.4915214434349023,342.4079386428124
Simulation_000001,Aluminium 6061,38.79347079957477,0.07745279583890137,0.4915214434349023,332.99468297453865
Simulation_000001,Aluminium 6061,38.79347079957477,0.09294335500668165,0.4915214434349023,325.43972220278164
Simulation_000001,Aluminium 6061,38.79347079957477,0.10843391417446192,0.4915214434349023,319.64020882714493
Simulation_000001,Aluminium 6061,38.79347079957477,0.1239244733422422,0.4915214434349023,315.38341351003515
Simulation_000001,Aluminium 6061,38.79347079957477,0.13941503251002246,0.4915214434349023,312.39713451120855
Simulation_000001,Aluminium 6061,38.79347079957477,0.15490559167780274,0.4915214434349023,310.39596988120195
Simulation_000001,Aluminium 6061,38.79347079957477,0.17039615084558302,0.4915214434349023,309.11627633388514
Simulation_000001,Aluminium 6061,38.79347079957477,0.1858867100133633,0.4915214434349023,308.3370538786073
Simulation_000001,Aluminium 6061,38.79347079957477,0.20137726918114357,0.4915214434349023,307.88778018952405
Simulation_000001,Aluminium 6061,38.79347079957477,0.21686782834892385,0.4915214434349023,307.6465197686011
Simulation_000001,Aluminium 6061,38.79347079957477,0.23235838751670412,0.4915214434349023,307.5323327097298
Simulation_000001,Aluminium 6061,38.79347079957477,0.2478489466844844,0.4915214434349023,307.49547150926634
Simulation_000001,Aluminium 6061,38.79347079957477,0.2633395058522647,0.4915214434349023,307.50771663619753
Simulation_000001,Aluminium 6061,38.79347079957477,0.2788300650200449,0.4915214434349023,307.5539584401218
Simulation_000001,Aluminium 6061,38.79347079957477,0.29432062418782523,0.4915214434349023,307.6252078779969
Simulation_000001,Aluminium 6061,38.79347079957477,0.3098111833556055,0.4915214434349023,307.7127185620243
Simulation_000001,Aluminium 6061,38.79347079957477,0.3253017425233858,0.4915214434349023,307.80312087856186
Simulation_000001,Aluminium 6061,38.79347079957477,0.34079230169116603,0.4915214434349023,307.8756225234351
Simulation_000001,Aluminium 6061,38.79347079957477,0.35628286085894634,0.4915214434349023,307.90492024213955
Simulation_000001,Aluminium 6061,38.79347079957477,0.3717734200267266,0.4915214434349023,307.87545170556666
Simulation_000001,Aluminium 6061,38.79347079957477,0.3872639791945069,0.4915214434349023,307.80256475087276
Simulation_000001,Aluminium 6061,38.79347079957477,0.40275453836228714,0.4915214434349023,307.7111427156217
Simulation_000001,Aluminium 6061,38.79347079957477,0.41824509753006744,0.4915214434349023,307.62101126255925
Simulation_000001,Aluminium 6061,38.79347079957477,0.4337356566978477,0.4915214434349023,307.543367220934
Simulation_000001,Aluminium 6061,38.79347079957477,0.449226215865628,0.4915214434349023,307.48233133229286
Simulation_000001,Aluminium 6061,38.79347079957477,0.46471677503340825,0.4915214434349023,307.43760278373105
Simulation_000001,Aluminium 6061,38.79347079957477,0.48020733420118855,0.4915214434349023,307.4066997837199
Simulation_000001,Aluminium 6061,38.79347079957477,0.4956978933689688,0.4915214434349023,307.3864449015759
Simulation_000001,Aluminium 6061,38.79347079957477,0.511188452536749,0.4915214434349023,307.3738094401786
Simulation_000001,Aluminium 6061,38.79347079957477,0.5266790117045294,0.4915214434349023,307.3662943146368
Simulation_000001,Aluminium 6061,38.79347079957477,0.5421695708723097,0.4915214434349023,307.36203022720247
Simulation_000001,Aluminium 6061,38.79347079957477,0.5576601300400899,0.4915214434349023,307.35972179327035
Simulation_000001,Aluminium 6061,38.79347079957477,0.5731506892078702,0.4915214434349023,307.35852998397445
Simulation_000001,Aluminium 6061,38.79347079957477,0.5886412483756505,0.4915214434349023,307.3579434910489
Simulation_000001,Aluminium 6061,38.79347079957477,0.6041318075434308,0.4915214434349023,307.3576686756895
Simulation_000001,Aluminium 6061,38.79347079957477,0.619622366711211,0.4915214434349023,307.3575461677763
Simulation_000001,Aluminium 6061,38.79347079957477,0.6351129258789913,0.4915214434349023,307.3574942875111
Simulation_000001,Aluminium 6061,38.79347079957477,0.6506034850467716,0.4915214434349023,307.35747343895326
Simulation_000001,Aluminium 6061,38.79347079957477,0.6660940442145519,0.4915214434349023,307.3574655034632
Simulation_000001,Aluminium 6061,38.79347079957477,0.6815846033823321,0.4915214434349023,307.3574626422343
Simulation_000001,Aluminium 6061,38.79347079957477,0.6970751625501124,0.4915214434349023,307.3574616490523
Simulation_000001,Aluminium 6061,38.79347079957477,0.7125657217178927,0.4915214434349023,307.3574612492492
Simulation_000001,Aluminium 6061,38.79347079957477,0.0,0.5097259413398987,394.9941615334931
Simulation_000001,Aluminium 6061,38.79347079957477,0.015490559167780275,0.5097259413398987,380.3979875259776
Simulation_000001,Aluminium 6061,38.79347079957477,0.03098111833556055,0.5097259413398987,366.42723503220725
Simulation_000001,Aluminium 6061,38.79347079957477,0.04647167750334082,0.5097259413398987,353.6286790913794
Simulation_000001,Aluminium 6061,38.79347079957477,0.0619622366711211,0.5097259413398987,342.4079346172899
Simulation_000001,Aluminium 6061,38.79347079957477,0.07745279583890137,0.5097259413398987,332.9946722907644
Simulation_000001,Aluminium 6061,38.79347079957477,0.09294335500668165,0.5097259413398987,325.4396951281414
Simulation_000001,Aluminium 6061,38.79347079957477,0.10843391417446192,0.5097259413398987,319.640143303381
Simulation_000001,Aluminium 6061,38.79347079957477,0.1239244733422422,0.5097259413398987,315.3832620846751
Simulation_000001,Aluminium 6061,38.79347079957477,0.13941503251002246,0.5097259413398987,312.39679981323917
Simulation_000001,Aluminium 6061,38.79347079957477,0.15490559167780274,0.5097259413398987,310.39526168040214
Simulation_000001,Aluminium 6061,38.79347079957477,0.17039615084558302,0.5097259413398987,309.11483950944614
Simulation_000001,Aluminium 6061,38.79347079957477,0.1858867100133633,0.5097259413398987,308.33425590896087
Simulation_000001,Aluminium 6061,38.79347079957477,0.20137726918114357,0.5097259413398987,307.88254362211774
Simulation_000001,Aluminium 6061,38.79347079957477,0.21686782834892385,0.5097259413398987,307.637092863761
Simulation_000001,Aluminium 6061,38.79347079957477,0.23235838751670412,0.5097259413398987,307.51599719194763
Simulation_000001,Aluminium 6061,38.79347079957477,0.2478489466844844,0.5097259413398987,307.4682223120949
Simulation_000001,Aluminium 6061,38.79347079957477,0.2633395058522647,0.5097259413398987,307.4639903149002
Simulation_000001,Aluminium 6061,38.79347079957477,0.2788300650200449,0.5097259413398987,307.4866041506799
Simulation_000001,Aluminium 6061,38.79347079957477,0.29432062418782523,0.5097259413398987,307.5260396247021
Simulation_000001,Aluminium 6061,38.79347079957477,0.3098111833556055,0.5097259413398987,307.57423484068823
Simulation_000001,Aluminium 6061,38.79347079957477,0.3253017425233858,0.5097259413398987,307.6220464815342
Simulation_000001,Aluminium 6061,38.79347079957477,0.34079230169116603,0.5097259413398987,307.65834438091906
Simulation_000001,Aluminium 6061,38.79347079957477,0.35628286085894634,0.5097259413398987,307.67216575342604
Simulation_000001,Aluminium 6061,38.79347079957477,0.3717734200267266,0.5097259413398987,307.6581735630506
Simulation_000001,Aluminium 6061,38.79347079957477,0.3872639791945069,0.5097259413398987,307.621490353845
Simulation_000001,Aluminium 6061,38.79347079957477,0.40275453836228714,0.5097259413398987,307.5726589942858
Simulation_000001,Aluminium 6061,38.79347079957477,0.41824509753006744,0.5097259413398987,307.5218430092648
Simulation_000001,Aluminium 6061,38.79347079957477,0.4337356566978477,0.5097259413398987,307.4760129314934
Simulation_000001,Aluminium 6061,38.79347079957477,0.449226215865628,0.5097259413398987,307.43860501100016
Simulation_000001,Aluminium 6061,38.79347079957477,0.46471677503340825,0.5097259413398987,307.41035358657325
Simulation_000001,Aluminium 6061,38.79347079957477,0.48020733420118855,0.5097259413398987,307.390364265975
Simulation_000001,Aluminium 6061,38.79347079957477,0.4956978933689688,0.5097259413398987,307.3770179968288
Simulation_000001,Aluminium 6061,38.79347079957477,0.511188452536749,0.5097259413398987,307.36857287298477
Simulation_000001,Aluminium 6061,38.79347079957477,0.5266790117045294,0.5097259413398987,307.36349634543814
Simulation_000001,Aluminium 6061,38.79347079957477,0.5421695708723097,0.5097259413398987,307.3605934036351
Simulation_000001,Aluminium 6061,38.79347079957477,0.5576601300400899,0.5097259413398987,307.35901359403914
Simulation_000001,Aluminium 6061,38.79347079957477,0.5731506892078702,0.5097259413398987,307.35819528861487
Simulation_000001,Aluminium 6061,38.79347079957477,0.5886412483756505,0.5097259413398987,307.3577920696999
Simulation_000001,Aluminium 6061,38.79347079957477,0.6041318075434308,0.5097259413398987,307.35760315760797
Simulation_000001,Aluminium 6061,38.79347079957477,0.619622366711211,0.5097259413398987,307.3575191005253
Simulation_000001,Aluminium 6061,38.79347079957477,0.6351129258789913,0.5097259413398987,307.35748361249557
Simulation_000001,Aluminium 6061,38.79347079957477,0.6506034850467716,0.5097259413398987,307.35746942277774
Simulation_000001,Aluminium 6061,38.79347079957477,0.6660940442145519,0.5097259413398987,307.3574640585277
Simulation_000001,Aluminium 6061,38.79347079957477,0.6815846033823321,0.5097259413398987,307.35746214708365
Simulation_000001,Aluminium 6061,38.79347079957477,0.6970751625501124,0.5097259413398987,307.3574614985174
Simulation_000001,Aluminium 6061,38.79347079957477,0.7125657217178927,0.5097259413398987,307.3574612492492
Simulation_000001,Aluminium 6061,38.79347079957477,0.0,0.527930439244895,394.9941615334931
Simulation_000001,Aluminium 6061,38.79347079957477,0.015490559167780275,0.527930439244895,380.3979873684906
Simulation_000001,Aluminium 6061,38.79347079957477,0.03098111833556055,0.527930439244895,366.4272345683125
Simulation_000001,Aluminium 6061,38.79347079957477,0.04647167750334082,0.527930439244895,353.6286778503162
Simulation_000001,Aluminium 6061,38.79347079957477,0.0619622366711211,0.527930439244895,342.40793131506365
Simulation_000001,Aluminium 6061,38.79347079957477,0.07745279583890137,0.527930439244895,332.9946636718437
Simulation_000001,Aluminium 6061,38.79347079957477,0.09294335500668165,0.527930439244895,325.4396733861629
Simulation_000001,Aluminium 6061,38.79347079957477,0.10843391417446192,0.527930439244895,319.6400907541305
Simulation_000001,Aluminium 6061,38.79347079957477,0.1239244733422422,0.527930439244895,315.38314065173734
Simulation_000001,Aluminium 6061,38.79347079957477,0.13941503251002246,0.527930439244895,312.3965317365263
Simulation_000001,Aluminium 6061,38.79347079957477,0.15490559167780274,0.527930439244895,310.3946957682603
Simulation_000001,Aluminium 6061,38.79347079957477,0.17039615084558302,0.527930439244895,309.1136964521558
Simulation_000001,Aluminium 6061,38.79347079957477,0.1858867100133633,0.527930439244895,308.3320443522959
Simulation_000001,Aluminium 6061,38.79347079957477,0.20137726918114357,0.527930439244895,307.8784425999486
Simulation_000001,Aluminium 6061,38.79347079957477,0.21686782834892385,0.527930439244895,307.6297995369927
Simulation_000001,Aluminium 6061,38.79347079957477,0.23235838751670412,0.527930439244895,307.50355772057145
Simulation_000001,Aluminium 6061,38.79347079957477,0.2478489466844844,0.527930439244895,307.4478819843863
Simulation_000001,Aluminium 6061,38.79347079957477,0.2633395058522647,0.527930439244895,307.43214836094313
Simulation_000001,Aluminium 6061,38.79347079957477,0.2788300650200449,0.527930439244895,307.4389991150696
Simulation_000001,Aluminium 6061,38.79347079957477,0.29432062418782523,0.527930439244895,307.45836315224346
Simulation_000001,Aluminium 6061,38.79347079957477,0.3098111833556055,0.527930439244895,307.4833585203883
Simulation_000001,Aluminium 6061,38.79347079957477,0.3253017425233858,0.527930439244895,307.5079186367053
Simulation_000001,Aluminium 6061,38.79347079957477,0.34079230169116603,0.527930439244895,307.5260635039721
Simulation_000001,Aluminium 6061,38.79347079957477,0.35628286085894634,0.527930439244895,307.5327741117654
Simulation_000001,Aluminium 6061,38.79347079957477,0.3717734200267266,0.527930439244895,307.5258926861037
Simulation_000001,Aluminium 6061,38.79347079957477,0.3872639791945069,0.527930439244895,307.5073625090162
Simulation_000001,Aluminium 6061,38.79347079957477,0.40275453836228714,0.527930439244895,307.48178267398646
Simulation_000001,Aluminium 6061,38.79347079957477,0.41824509753006744,0.527930439244895,307.4541665368081
Simulation_000001,Aluminium 6061,38.79347079957477,0.4337356566978477,0.527930439244895,307.4284078958898
Simulation_000001,Aluminium 6061,38.79347079957477,0.449226215865628,0.527930439244895,307.40676305706387
Simulation_000001,Aluminium 6061,38.79347079957477,0.46471677503340825,0.527930439244895,307.3900132589242
Simulation_000001,Aluminium 6061,38.79347079957477,0.48020733420118855,0.527930439244895,307.37792479475456
Simulation_000001,Aluminium 6061,38.79347079957477,0.4956978933689688,0.527930439244895,307.3697246704356
Simulation_000001,Aluminium 6061,38.79347079957477,0.511188452536749,0.527930439244895,307.3644718516501
Simulation_000001,Aluminium 6061,38.79347079957477,0.5266790117045294,0.527930439244895,307.36128479049086
Simulation_000001,Aluminium 6061,38.79347079957477,0.5421695708723097,0.527930439244895,307.35945034962066
Simulation_000001,Aluminium 6061,38.79347079957477,0.5576601300400899,0.527930439244895,307.35844768769135
Simulation_000001,Aluminium 6061,38.79347079957477,0.5731506892078702,0.527930439244895,307.35792722140195
Simulation_000001,Aluminium 6061,38.79347079957477,0.5886412483756505,0.527930439244895,307.35767065118523
Simulation_000001,Aluminium 6061,38.79347079957477,0.6041318075434308,0.527930439244895,307.3575506285826
Simulation_000001,Aluminium 6061,38.79347079957477,0.619622366711211,0.527930439244895,307.35749738463016
Simulation_000001,Aluminium 6061,38.79347079957477,0.6351129258789913,0.527930439244895,307.3574750242874
Simulation_000001,Aluminium 6061,38.79347079957477,0.6506034850467716,0.527930439244895,307.35746615315924
Simulation_000001,Aluminium 6061,38.79347079957477,0.6660940442145519,0.527930439244895,307.3574628479476
Simulation_000001,Aluminium 6061,38.79347079957477,0.6815846033823321,0.527930439244895,307.3574617069779
Simulation_000001,Aluminium 6061,38.79347079957477,0.6970751625501124,0.527930439244895,307.35746135410454
Simulation_000001,Aluminium 6061,38.79347079957477,0.7125657217178927,0.527930439244895,307.3574612492492
Simulation_000001,Aluminium 6061,38.79347079957477,0.0,0.5461349371498914,394.9941615334931
Simulation_000001,Aluminium 6061,38.79347079957477,0.015490559167780275,0.5461349371498914,380.3979871415525
Simulation_000001,Aluminium 6061,38.79347079957477,0.03098111833556055,0.5461349371498914,366.42723402180826
Simulation_000001,Aluminium 6061,38.79347079957477,0.04647167750334082,0.5461349371498914,353.62867667199896
Simulation_000001,Aluminium 6061,38.79347079957477,0.0619622366711211,0.5461349371498914,342.40792861981083
Simulation_000001,Aluminium 6061,38.79347079957477,0.07745279583890137,0.5461349371498914,332.99465715763046
Simulation_000001,Aluminium 6061,38.79347079957477,0.09294335500668165,0.5461349371498914,325.4396574848721
Simulation_000001,Aluminium 6061,38.79347079957477,0.10843391417446192,0.5461349371498914,319.6400527645819
Simulation_000001,Aluminium 6061,38.79347079957477,0.1239244733422422,0.5461349371498914,315.38305323987686
Simulation_000001,Aluminium 6061,38.79347079957477,0.13941503251002246,0.5461349371498914,312.39633909396264
Simulation_000001,Aluminium 6061,38.79347079957477,0.15490559167780274,0.5461349371498914,310.39429001092634
Simulation_000001,Aluminium 6061,38.79347079957477,0.17039615084558302,0.5461349371498914,309.1128795788557
Simulation_000001,Aluminium 6061,38.79347079957477,0.1858867100133633,0.5461349371498914,308.33047231831324
Simulation_000001,Aluminium 6061,38.79347079957477,0.20137726918114357,0.5461349371498914,307.875549092269
Simulation_000001,Aluminium 6061,38.79347079957477,0.21686782834892385,0.5461349371498914,307.62470557751243
Simulation_000001,Aluminium 6061,38.79347079957477,0.23235838751670412,0.5461349371498914,307.4949810929826
Simulation_000001,Aluminium 6061,38.79347079957477,0.2478489466844844,0.5461349371498914,307.43408297805956
Simulation_000001,Aluminium 6061,38.79347079957477,0.2633395058522647,0.5461349371498914,307.4109630452518
Simulation_000001,Aluminium 6061,38.79347079957477,0.2788300650200449,0.5461349371498914,307.408041502088
Simulation_000001,Aluminium 6061,38.79347079957477,0.29432062418782523,0.5461349371498914,307.4154680553141
Simulation_000001,Aluminium 6061,38.79347079957477,0.3098111833556055,0.5461349371498914,307.4273097465068
Simulation_000001,Aluminium 6061,38.79347079957477,0.3253017425233858,0.5461349371498914,307.43935407623576
Simulation_000001,Aluminium 6061,38.79347079957477,0.34079230169116603,0.5461349371498914,307.4482231559917
Simulation_000001,Aluminium 6061,38.79347079957477,0.35628286085894634,0.5461349371498914,307.4514530754181
Simulation_000001,Aluminium 6061,38.79347079957477,0.3717734200267266,0.5461349371498914,307.4480523381234
Simulation_000001,Aluminium 6061,38.79347079957477,0.3872639791945069,0.5461349371498914,307.4387979485474
Simulation_000001,Aluminium 6061,38.79347079957477,0.40275453836228714,0.5461349371498914,307.4257339001073
Simulation_000001,Aluminium 6061,38.79347079957477,0.41824509753006744,0.5461349371498914,307.4112714398874
Simulation_000001,Aluminium 6061,38.79347079957477,0.4337356566978477,0.5461349371498914,307.39745028293663
Simulation_000001,Aluminium 6061,38.79347079957477,0.449226215865628,0.5461349371498914,307.38557774145795
Simulation_000001,Aluminium 6061,38.79347079957477,0.46471677503340825,0.5461349371498914,307.37621425283265
Simulation_000001,Aluminium 6061,38.79347079957477,0.48020733420118855,0.5461349371498914,307.3693481677616
Simulation_000001,Aluminium 6061,38.79347079957477,0.4956978933689688,0.5461349371498914,307.3646307123519
Simulation_000001,Aluminium 6061,38.79347079957477,0.511188452536749,0.5461349371498914,307.361578347004
Simulation_000001,Aluminium 6061,38.79347079957477,0.5266790117045294,0.5461349371498914,307.35971276262546
Simulation_000001,Aluminium 6061,38.79347079957477,0.5421695708723097,0.5461349371498914,307.3586334877865
Simulation_000001,Aluminium 6061,38.79347079957477,0.5576601300400899,0.5461349371498914,307.35804195033677
Simulation_000001,Aluminium 6061,38.79347079957477,0.5731506892078702,0.5461349371498914,307.35773461119004
Simulation_000001,Aluminium 6061,38.79347079957477,0.5886412483756505,0.5461349371498914,307.35758328793156
Simulation_000001,Aluminium 6061,38.79347079957477,0.6041318075434308,0.5461349371498914,307.35751270661467
Simulation_000001,Aluminium 6061,38.79347079957477,0.619622366711211,0.5461349371498914,307.3574815698945
Simulation_000001,Aluminium 6061,38.79347079957477,0.6351129258789913,0.5461349371498914,307.35746861144105
Simulation_000001,Aluminium 6061,38.79347079957477,0.6506034850467716,0.5461349371498914,307.3574635650835
Simulation_000001,Aluminium 6061,38.79347079957477,0.6660940442145519,0.5461349371498914,307.35746176952443
Simulation_000001,Aluminium 6061,38.79347079957477,0.6815846033823321,0.5461349371498914,307.3574612382719
Simulation_000001,Aluminium 6061,38.79347079957477,0.6970751625501124,0.5461349371498914,307.3574611698744
Simulation_000001,Aluminium 6061,38.79347079957477,0.7125657217178927,0.5461349371498914,307.3574612492492
Simulation_000001,Aluminium 6061,38.79347079957477,0.0,0.5643394350548878,394.9941615334931
Simulation_000001,Aluminium 6061,38.79347079957477,0.015490559167780275,0.5643394350548878,380.39798665506333
Simulation_000001,Aluminium 6061,38.79347079957477,0.03098111833556055,0.5643394350548878,366.4272330235256
Simulation_000001,Aluminium 6061,38.79347079957477,0.04647167750334082,0.5643394350548878,353.6286750226458
Simulation_000001,Aluminium 6061,38.79347079957477,0.0619622366711211,0.5643394350548878,342.4079258232024
Simulation_000001,Aluminium 6061,38.79347079957477,0.07745279583890137,0.5643394350548878,332.99465180283414
Simulation_000001,Aluminium 6061,38.79347079957477,0.09294335500668165,0.5643394350548878,325.43964601960096
Simulation_000001,Aluminium 6061,38.79347079957477,0.10843391417446192,0.5643394350548878,319.6400269782893
Simulation_000001,Aluminium 6061,38.79347079957477,0.1239244733422422,0.5643394350548878,315.3829953304022
Simulation_000001,Aluminium 6061,38.79347079957477,0.13941503251002246,0.5643394350548878,312.3962127360721
Simulation_000001,Aluminium 6061,38.79347079957477,0.15490559167780274,0.5643394350548878,310.39402506219056
Simulation_000001,Aluminium 6061,38.79347079957477,0.17039615084558302,0.5643394350548878,309.1123481648111
Simulation_000001,Aluminium 6061,38.79347079957477,0.1858867100133633,0.5643394350548878,308.3294539806966
Simulation_000001,Aluminium 6061,38.79347079957477,0.20137726918114357,0.5643394350548878,307.87368590587295
Simulation_000001,Aluminium 6061,38.79347079957477,0.21686782834892385,0.5643394350548878,307.6214511365259
Simulation_000001,Aluminium 6061,38.79347079957477,0.23235838751670412,0.5643394350548878,307.48955733196067
Simulation_000001,Aluminium 6061,38.79347079957477,0.2478489466844844,0.5643394350548878,307.42546526144463
Simulation_000001,Aluminium 6061,38.79347079957477,0.2633395058522647,0.5643394350548878,307.3979291861239
Simulation_000001,Aluminium 6061,38.79347079957477,0.2788300650200449,0.5643394350548878,307.38931795547074
Simulation_000001,Aluminium 6061,38.79347079957477,0.29432062418782523,0.5643394350548878,307.3900048934828
Simulation_000001,Aluminium 6061,38.79347079957477,0.3098111833556055,0.5643394350548878,307.39466582269705
Simulation_000001,Aluminium 6061,38.79347079957477,0.3253017425233858,0.5643394350548878,307.40011295309125
Simulation_000001,Aluminium 6061,38.79347079957477,0.34079230169116603,0.5643394350548878,307.4042460332841
Simulation_000001,Aluminium 6061,38.79347079957477,0.35628286085894634,0.5643394350548878,307.405739809259
Simulation_000001,Aluminium 6061,38.79347079957477,0.3717734200267266,0.5643394350548878,307.40407521541647
Simulation_000001,Aluminium 6061,38.79347079957477,0.3872639791945069,0.5643394350548878,307.39955682540557
Simulation_000001,Aluminium 6061,38.79347079957477,0.40275453836228714,0.5643394350548878,307.3930899763078
Simulation_000001,Aluminium 6061,38.79347079957477,0.41824509753006744,0.5643394350548878,307.38580827809136
Simulation_000001,Aluminium 6061,38.79347079957477,0.4337356566978477,0.5643394350548878,307.3787267364303
Simulation_000001,Aluminium 6061,38.79347079957477,0.449226215865628,0.5643394350548878,307.3725438826503
Simulation_000001,Aluminium 6061,38.79347079957477,0.46471677503340825,0.5643394350548878,307.36759653707065
Simulation_000001,Aluminium 6061,38.79347079957477,0.48020733420118855,0.5643394350548878,307.36392440884265
Simulation_000001,Aluminium 6061,38.79347079957477,0.4956978933689688,0.5643394350548878,307.36137627617705
Simulation_000001,Aluminium 6061,38.79347079957477,0.511188452536749,0.5643394350548878,307.3597151708457
Simulation_000001,Aluminium 6061,38.79347079957477,0.5266790117045294,0.5643394350548878,307.35869444529413
Simulation_000001,Aluminium 6061,38.79347079957477,0.5421695708723097,0.5643394350548878,307.35810211119593
Simulation_000001,Aluminium 6061,38.79347079957477,0.5576601300400899,0.5643394350548878,307.3577770660459
Simulation_000001,Aluminium 6061,38.79347079957477,0.5731506892078702,0.5643394350548878,307.3576083565545
Simulation_000001,Aluminium 6061,38.79347079957477,0.5886412483756505,0.5643394350548878,307.35752553225575
Simulation_000001,Aluminium 6061,38.79347079957477,0.6041318075434308,0.5643394350548878,307.3574871326633
Simulation_000001,Aluminium 6061,38.79347079957477,0.619622366711211,0.5643394350548878,307.35747037509253
Simulation_000001,Aluminium 6061,38.79347079957477,0.6351129258789913,0.5643394350548878,307.35746357206176
Simulation_000001,Aluminium 6061,38.79347079957477,0.6506034850467716,0.5643394350548878,307.35746110093856
Simulation_000001,Aluminium 6061,38.79347079957477,0.6660940442145519,0.5643394350548878,307.3574604293646
Simulation_000001,Aluminium 6061,38.79347079957477,0.6815846033823321,0.5643394350548878,307.35746048045155
Simulation_000001,Aluminium 6061,38.79347079957477,0.6970751625501124,0.5643394350548878,307.35746081528305
Simulation_000001,Aluminium 6061,38.79347079957477,0.7125657217178927,0.5643394350548878,307.3574612492492
Simulation_000001,Aluminium 6061,38.79347079957477,0.0,0.5825439329598842,394.9941615334931
Simulation_000001,Aluminium 6061,38.79347079957477,0.015490559167780275,0.5825439329598842,380.3979854315753
Simulation_000001,Aluminium 6061,38.79347079957477,0.03098111833556055,0.5825439329598842,366.4272306547441
Simulation_000001,Aluminium 6061,38.79347079957477,0.04647167750334082,0.5825439329598842,353.62867159038075
Simulation_000001,Aluminium 6061,38.79347079957477,0.0619622366711211,0.5825439329598842,342.40792123510414
Simulation_000001,Aluminium 6061,38.79347079957477,0.07745279583890137,0.5825439329598842,332.99464542199706
Simulation_000001,Aluminium 6061,38.79347079957477,0.09294335500668165,0.5825439329598842,325.4396359113339
Simulation_000001,Aluminium 6061,38.79347079957477,0.10843391417446192,0.5825439329598842,319.64000837970565
Simulation_000001,Aluminium 6061,38.79347079957477,0.1239244733422422,0.5825439329598842,315.3829577174281
Simulation_000001,Aluminium 6061,38.79347079957477,0.13941503251002246,0.5825439329598842,312.39613445647194
Simulation_000001,Aluminium 6061,38.79347079957477,0.15490559167780274,0.5825439329598842,310.3938643404476
Simulation_000001,Aluminium 6061,38.79347079957477,0.17039615084558302,0.5825439329598842,309.1120289757584
Simulation_000001,Aluminium 6061,38.79347079957477,0.1858867100133633,0.5825439329598842,308.328846221404
Simulation_000001,Aluminium 6061,38.79347079957477,0.20137726918114357,0.5825439329598842,307.87258015156345
Simulation_000001,Aluminium 6061,38.79347079957477,0.21686782834892385,0.5825439329598842,307.61953232118816
Simulation_000001,Aluminium 6061,38.79347079957477,0.23235838751670412,0.5825439329598842,307.48638451119535
Simulation_000001,Aluminium 6061,38.79347079957477,0.2478489466844844,0.5825439329598842,307.420472267968
Simulation_000001,Aluminium 6061,38.79347079957477,0.2633395058522647,0.5825439329598842,307.39046156015894
Simulation_000001,Aluminium 6061,38.79347079957477,0.2788300650200449,0.5825439329598842,307.37872536518756
Simulation_000001,Aluminium 6061,38.79347079957477,0.29432062418782523,0.5825439329598842,307.37579170389984
Simulation_000001,Aluminium 6061,38.79347079957477,0.3098111833556055,0.5825439329598842,307.3766864294465
Simulation_000001,Aluminium 6061,38.79347079957477,0.3253017425233858,0.5825439329598842,307.37875310562447
Simulation_000001,Aluminium 6061,38.79347079957477,0.34079230169116603,0.5825439329598842,307.3805089651407
Simulation_000001,Aluminium 6061,38.79347079957477,0.35628286085894634,0.5825439329598842,307.38114193918614
Simulation_000001,Aluminium 6061,38.79347079957477,0.3717734200267266,0.5825439329598842,307.38033814727567
Simulation_000001,Aluminium 6061,38.79347079957477,0.3872639791945069,0.5825439329598842,307.37819697794964
Simulation_000001,Aluminium 6061,38.79347079957477,0.40275453836228714,0.5825439329598842,307.37511058309656
Simulation_000001,Aluminium 6061,38.79347079957477,0.41824509753006744,0.5825439329598842,307.3715950886383
Simulation_000001,Aluminium 6061,38.79347079957477,0.4337356566978477,0.5825439329598842,307.3681341465407
Simulation_000001,Aluminium 6061,38.79347079957477,0.449226215865628,0.5825439329598842,307.36507625778614
Simulation_000001,Aluminium 6061,38.79347079957477,0.46471677503340825,0.5825439329598842,307.36260354644537
Simulation_000001,Aluminium 6061,38.79347079957477,0.48020733420118855,0.5825439329598842,307.36075159494044
Simulation_000001,Aluminium 6061,38.79347079957477,0.4956978933689688,0.5825439329598842,307.35945747622105
Simulation_000001,Aluminium 6061,38.79347079957477,0.511188452536749,0.5825439329598842,307.35860944869114
Simulation_000001,Aluminium 6061,38.79347079957477,0.5266790117045294,0.5825439329598842,307.3580867487594
Simulation_000001,Aluminium 6061,38.79347079957477,0.5421695708723097,0.5825439329598842,307.35778303655525
Simulation_000001,Aluminium 6061,38.79347079957477,0.5576601300400899,0.5825439329598842,307.35761653908594
Simulation_000001,Aluminium 6061,38.79347079957477,0.5731506892078702,0.5825439329598842,307.35753038634306
Simulation_000001,Aluminium 6061,38.79347079957477,0.5886412483756505,0.5825439329598842,307.35748837690534
Simulation_000001,Aluminium 6061,38.79347079957477,0.6041318075434308,0.5825439329598842,307.3574691624607
Simulation_000001,Aluminium 6061,38.79347079957477,0.619622366711211,0.5825439329598842,307.35746106392116
Simulation_000001,Aluminium 6061,38.79347079957477,0.6351129258789913,0.5825439329598842,307.35745811801894
Simulation_000001,Aluminium 6061,38.79347079957477,0.6506034850467716,0.5825439329598842,307.3574574877168
Simulation_000001,Aluminium 6061,38.79347079957477,0.6660940442145519,0.5825439329598842,307.3574579025576
Simulation_000001,Aluminium 6061,38.79347079957477,0.6815846033823321,0.5825439329598842,307.357458815309
Simulation_000001,Aluminium 6061,38.79347079957477,0.6970751625501124,0.5825439329598842,307.3574599776073
Simulation_000001,Aluminium 6061,38.79347079957477,0.7125657217178927,0.5825439329598842,307.3574612492492
Simulation_000001,Aluminium 6061,38.79347079957477,0.0,0.6007484308648805,394.9941615334931
Simulation_000001,Aluminium 6061,38.79347079957477,0.015490559167780275,0.6007484308648805,380.3979823392524
Simulation_000001,Aluminium 6061,38.79347079957477,0.03098111833556055,0.6007484308648805,366.4272247582763
Simulation_000001,Aluminium 6061,38.79347079957477,0.04647167750334082,0.6007484308648805,353.6286633648344
Simulation_000001,Aluminium 6061,38.79347079957477,0.0619622366711211,0.6007484308648805,342.40791114711357
Simulation_000001,Aluminium 6061,38.79347079957477,0.07745279583890137,0.6007484308648805,332.9946336295627
Simulation_000001,Aluminium 6061,38.79347079957477,0.09294335500668165,0.6007484308648805,325.43962177527135
Simulation_000001,Aluminium 6061,38.79347079957477,0.10843391417446192,0.6007484308648805,319.63998959551907
Simulation_000001,Aluminium 6061,38.79347079957477,0.1239244733422422,0.6007484308648805,315.38292868674085
Simulation_000001,Aluminium 6061,38.79347079957477,0.13941503251002246,0.6007484308648805,312.3960833737169
Simulation_000001,Aluminium 6061,38.79347079957477,0.15490559167780274,0.6007484308648805,310.3937682339287
Simulation_000001,Aluminium 6061,38.79347079957477,0.17039615084558302,0.6007484308648805,309.11184610129226
Simulation_000001,Aluminium 6061,38.79347079957477,0.1858867100133633,0.6007484308648805,308.32850530845866
Simulation_000001,Aluminium 6061,38.79347079957477,0.20137726918114357,0.6007484308648805,307.87196738343266
Simulation_000001,Aluminium 6061,38.79347079957477,0.21686782834892385,0.6007484308648805,307.61847796522324
Simulation_000001,Aluminium 6061,38.79347079957477,0.23235838751670412,0.6007484308648805,307.4846545572035
Simulation_000001,Aluminium 6061,38.79347079957477,0.2478489466844844,0.6007484308648805,307.41777140088305
Simulation_000001,Aluminium 6061,38.79347079957477,0.2633395058522647,0.6007484308648805,307.38645730511706
Simulation_000001,Aluminium 6061,38.79347079957477,0.2788300650200449,0.6007484308648805,307.3730984994479
Simulation_000001,Aluminium 6061,38.79347079957477,0.29432062418782523,0.6007484308648805,307.3683151378436
Simulation_000001,Aluminium 6061,38.79347079957477,0.3098111833556055,0.6007484308648805,307.36731714328033
Simulation_000001,Aluminium 6061,38.79347079957477,0.3253017425233858,0.6007484308648805,307.3677123001687
Simulation_000001,Aluminium 6061,38.79347079957477,0.34079230169116603,0.6007484308648805,307.36830762356334
Simulation_000001,Aluminium 6061,38.79347079957477,0.35628286085894634,0.6007484308648805,307.36852404963264
Simulation_000001,Aluminium 6061,38.79347079957477,0.3717734200267266,0.6007484308648805,307.3681368057082
Simulation_000001,Aluminium 6061,38.79347079957477,0.3872639791945069,0.6007484308648805,307.36715617253356
Simulation_000001,Aluminium 6061,38.79347079957477,0.40275453836228714,0.6007484308648805,307.36574129706787
Simulation_000001,Aluminium 6061,38.79347079957477,0.41824509753006744,0.6007484308648805,307.3641185230186
Simulation_000001,Aluminium 6061,38.79347079957477,0.4337356566978477,0.6007484308648805,307.3625072820818
Simulation_000001,Aluminium 6061,38.79347079957477,0.449226215865628,0.6007484308648805,307.36107200622723
Simulation_000001,Aluminium 6061,38.79347079957477,0.46471677503340825,0.6007484308648805,307.35990268816994
Simulation_000001,Aluminium 6061,38.79347079957477,0.48020733420118855,0.6007484308648805,307.35902166171843
Simulation_000001,Aluminium 6061,38.79347079957477,0.4956978933689688,0.6007484308648805,307.3584031659913
Simulation_000001,Aluminium 6061,38.79347079957477,0.511188452536749,0.6007484308648805,307.35799677473545
Simulation_000001,Aluminium 6061,38.79347079957477,0.5266790117045294,0.6007484308648805,307.35774601729895
Simulation_000001,Aluminium 6061,38.79347079957477,0.5421695708723097,0.6007484308648805,307.35760048945934
Simulation_000001,Aluminium 6061,38.79347079957477,0.5576601300400899,0.6007484308648805,307.3575209851083
Simulation_000001,Aluminium 6061,38.79347079957477,0.5731506892078702,0.6007484308648805,307.3574801751859
Simulation_000001,Aluminium 6061,38.79347079957477,0.5886412483756505,0.6007484308648805,307.3574606285819
Simulation_000001,Aluminium 6061,38.79347079957477,0.6041318075434308,0.6007484308648805,307.35745213223225
Simulation_000001,Aluminium 6061,38.79347079957477,0.619622366711211,0.6007484308648805,307.3574491467303
Simulation_000001,Aluminium 6061,38.79347079957477,0.6351129258789913,0.6007484308648805,307.3574489011027
Simulation_000001,Aluminium 6061,38.79347079957477,0.6506034850467716,0.6007484308648805,307.35745010640295
Simulation_000001,Aluminium 6061,38.79347079957477,0.6660940442145519,0.6007484308648805,307.35745219004014
Simulation_000001,Aluminium 6061,38.79347079957477,0.6815846033823321,0.6007484308648805,307.3574548716668
Simulation_000001,Aluminium 6061,38.79347079957477,0.6970751625501124,0.6007484308648805,307.357457956114
Simulation_000001,Aluminium 6061,38.79347079957477,0.7125657217178927,0.6007484308648805,307.3574612492492
Simulation_000001,Aluminium 6061,38.79347079957477,0.0,0.618952928769877,394.9941615334931
Simulation_000001,Aluminium 6061,38.79347079957477,0.015490559167780275,0.618952928769877,380.3979748220605
Simulation_000001,Aluminium 6061,38.79347079957477,0.03098111833556055,0.618952928769877,366.4272104961469
Simulation_000001,Aluminium 6061,38.79347079957477,0.04647167750334082,0.618952928769877,353.62864368841656
Simulation_000001,Aluminium 6061,38.79347079957477,0.0619622366711211,0.618952928769877,342.40788758885526
Simulation_000001,Aluminium 6061,38.79347079957477,0.07745279583890137,0.618952928769877,332.99460751195915
Simulation_000001,Aluminium 6061,38.79347079957477,0.09294335500668165,0.618952928769877,325.43959378170695
Simulation_000001,Aluminium 6061,38.79347079957477,0.10843391417446192,0.618952928769877,319.6399592475624
Simulation_000001,Aluminium 6061,38.79347079957477,0.1239244733422422,0.618952928769877,315.3828935356996
Simulation_000001,Aluminium 6061,38.79347079957477,0.13941503251002246,0.618952928769877,312.3960375665327
Simulation_000001,Aluminium 6061,38.79347079957477,0.15490559167780274,0.618952928769877,310.3937000872225
Simulation_000001,Aluminium 6061,38.79347079957477,0.17039615084558302,0.618952928769877,309.11173425793595
Simulation_000001,Aluminium 6061,38.79347079957477,0.1858867100133633,0.618952928769877,308.3283134334073
Simulation_000001,Aluminium 6061,38.79347079957477,0.20137726918114357,0.618952928769877,307.8716376399444
Simulation_000001,Aluminium 6061,38.79347079957477,0.21686782834892385,0.618952928769877,307.6179248339428
Simulation_000001,Aluminium 6061,38.79347079957477,0.23235838751670412,0.618952928769877,307.4837611369974
Simulation_000001,Aluminium 6061,38.79347079957477,0.2478489466844844,0.618952928769877,307.41639238038886
Simulation_000001,Aluminium 6061,38.79347079957477,0.2633395058522647,0.618952928769877,307.38443182459196
Simulation_000001,Aluminium 6061,38.79347079957477,0.2788300650200449,0.618952928769877,307.3702765871618
Simulation_000001,Aluminium 6061,38.79347079957477,0.29432062418782523,0.618952928769877,307.36459522325777
Simulation_000001,Aluminium 6061,38.79347079957477,0.3098111833556055,0.618952928769877,307.3626891672546
Simulation_000001,Aluminium 6061,38.79347079957477,0.3253017425233858,0.618952928769877,307.3622907136543
Simulation_000001,Aluminium 6061,38.79347079957477,0.34079230169116603,0.618952928769877,307.3623400721158
Simulation_000001,Aluminium 6061,38.79347079957477,0.35628286085894634,0.618952928769877,307.36236126665773
Simulation_000001,Aluminium 6061,38.79347079957477,0.3717734200267266,0.618952928769877,307.3621692542948
Simulation_000001,Aluminium 6061,38.79347079957477,0.3872639791945069,0.618952928769877,307.3617345861499
Simulation_000001,Aluminium 6061,38.79347079957477,0.40275453836228714,0.618952928769877,307.3611133214787
Simulation_000001,Aluminium 6061,38.79347079957477,0.41824509753006744,0.618952928769877,307.36039860977604
Simulation_000001,Aluminium 6061,38.79347079957477,0.4337356566978477,0.618952928769877,307.3596853736286
Simulation_000001,Aluminium 6061,38.79347079957477,0.449226215865628,0.618952928769877,307.3590465358809
Simulation_000001,Aluminium 6061,38.79347079957477,0.46471677503340825,0.618952928769877,307.35852369289546
Simulation_000001,Aluminium 6061,38.79347079957477,0.48020733420118855,0.618952928769877,307.35812829993546
Simulation_000001,Aluminium 6061,38.79347079957477,0.4956978933689688,0.618952928769877,307.3578501614366
Simulation_000001,Aluminium 6061,38.79347079957477,0.511188452536749,0.618952928769877,307.35766728891014
Simulation_000001,Aluminium 6061,38.79347079957477,0.5266790117045294,0.618952928769877,307.3575546335771
Simulation_000001,Aluminium 6061,38.79347079957477,0.5421695708723097,0.618952928769877,307.3574895248171
Simulation_000001,Aluminium 6061,38.79347079957477,0.5576601300400899,0.618952928769877,307.35745431146336
Simulation_000001,Aluminium 6061,38.79347079957477,0.5731506892078702,0.618952928769877,307.35743667973867
Simulation_000001,Aluminium 6061,38.79347079957477,0.5886412483756505,0.618952928769877,307.3574288662896
Simulation_000001,Aluminium 6061,38.79347079957477,0.6041318075434308,0.618952928769877,307.35742640839396
Simulation_000001,Aluminium 6061,38.79347079957477,0.619622366711211,0.618952928769877,307.35742699581346
Simulation_000001,Aluminium 6061,38.79347079957477,0.6351129258789913,0.618952928769877,307.3574295631527
Simulation_000001,Aluminium 6061,38.79347079957477,0.6506034850467716,0.618952928769877,307.35743367548395
Simulation_000001,Aluminium 6061,38.79347079957477,0.6660940442145519,0.618952928769877,307.35743913582075
Simulation_000001,Aluminium 6061,38.79347079957477,0.6815846033823321,0.618952928769877,307.3574457596378
Simulation_000001,Aluminium 6061,38.79347079957477,0.6970751625501124,0.618952928769877,307.3574532647166
Simulation_000001,Aluminium 6061,38.79347079957477,0.7125657217178927,0.618952928769877,307.3574612492492
Simulation_000001,Aluminium 6061,38.79347079957477,0.0,0.6371574266748733,394.9941615334931
Simulation_000001,Aluminium 6061,38.79347079957477,0.015490559167780275,0.6371574266748733,380.39795738235216
Simulation_000001,Aluminium 6061,38.79347079957477,0.03098111833556055,0.6371574266748733,366.42717751977494
Simulation_000001,Aluminium 6061,38.79347079957477,0.04647167750334082,0.6371574266748733,353.62859846284135
Simulation_000001,Aluminium 6061,38.79347079957477,0.0619622366711211,0.6371574266748733,342.4078339623139
Simulation_000001,Aluminium 6061,38.79347079957477,0.07745279583890137,0.6371574266748733,332.9945490567117
Simulation_000001,Aluminium 6061,38.79347079957477,0.09294335500668165,0.6371574266748733,325.439533149906
Simulation_000001,Aluminium 6061,38.79347079957477,0.10843391417446192,0.6371574266748733,319.6398977559269
Simulation_000001,Aluminium 6061,38.79347079957477,0.1239244733422422,0.6371574266748733,315.3828308352661
Simulation_000001,Aluminium 6061,38.79347079957477,0.13941503251002246,0.6371574266748733,312.3959711545767
Simulation_000001,Aluminium 6061,38.79347079957477,0.15490559167780274,0.6371574266748733,310.393624354449
Simulation_000001,Aluminium 6061,38.79347079957477,0.17039615084558302,0.6371574266748733,309.1116388632877
Simulation_000001,Aluminium 6061,38.79347079957477,0.1858867100133633,0.6371574266748733,308.3281808708171
Simulation_000001,Aluminium 6061,38.79347079957477,0.20137726918114357,0.6371574266748733,307.8714403065899
Simulation_000001,Aluminium 6061,38.79347079957477,0.21686782834892385,0.6371574266748733,307.61762214374653
Simulation_000001,Aluminium 6061,38.79347079957477,0.23235838751670412,0.6371574266748733,307.4832981468666
Simulation_000001,Aluminium 6061,38.79347079957477,0.2478489466844844,0.6371574266748733,307.41570134736685
Simulation_000001,Aluminium 6061,38.79347079957477,0.2633395058522647,0.6371574266748733,307.3834389150984
Simulation_000001,Aluminium 6061,38.79347079957477,0.2788300650200449,0.6371574266748733,307.3689141214027
Simulation_000001,Aluminium 6061,38.79347079957477,0.29432062418782523,0.6371574266748733,307.3628193451692
Simulation_000001,Aluminium 6061,38.79347079957477,0.3098111833556055,0.6371574266748733,307.36049832724234
Simulation_000001,Aluminium 6061,38.79347079957477,0.3253017425233858,0.6371574266748733,307.35973999095165
Simulation_000001,Aluminium 6061,38.79347079957477,0.34079230169116603,0.6371574266748733,307.3595430064496
Simulation_000001,Aluminium 6061,38.79347079957477,0.35628286085894634,0.6371574266748733,307.3594765350431
Simulation_000001,Aluminium 6061,38.79347079957477,0.3717734200267266,0.6371574266748733,307.3593721887342
Simulation_000001,Aluminium 6061,38.79347079957477,0.3872639791945069,0.6371574266748733,307.359183863839
Simulation_000001,Aluminium 6061,38.79347079957477,0.40275453836228714,0.6371574266748733,307.35892248273507
Simulation_000001,Aluminium 6061,38.79347079957477,0.41824509753006744,0.6371574266748733,307.35862273548526
Simulation_000001,Aluminium 6061,38.79347079957477,0.4337356566978477,0.6371574266748733,307.35832291845406
Simulation_000001,Aluminium 6061,38.79347079957477,0.449226215865628,0.6371574266748733,307.358053653928
Simulation_000001,Aluminium 6061,38.79347079957477,0.46471677503340825,0.6371574266748733,307.3578327269286
Simulation_000001,Aluminium 6061,38.79347079957477,0.48020733420118855,0.6371574266748733,307.3576654628359
Simulation_000001,Aluminium 6061,38.79347079957477,0.4956978933689688,0.6371574266748733,307.3575477990286
Simulation_000001,Aluminium 6061,38.79347079957477,0.511188452536749,0.6371574266748733,307.35747061507686
Simulation_000001,Aluminium 6061,38.79347079957477,0.5266790117045294,0.6371574266748733,307.35742331797394
Simulation_000001,Aluminium 6061,38.79347079957477,0.5421695708723097,0.6371574266748733,307.3573963454846
Simulation_000001,Aluminium 6061,38.79347079957477,0.5576601300400899,0.6371574266748733,307.3573822739883
Simulation_000001,Aluminium 6061,38.79347079957477,0.5731506892078702,0.6371574266748733,307.3573760472106
Simulation_000001,Aluminium 6061,38.79347079957477,0.5886412483756505,0.6371574266748733,307.3573746211401
Simulation_000001,Aluminium 6061,38.79347079957477,0.6041318075434308,0.6371574266748733,307.3573764462588
Simulation_000001,Aluminium 6061,38.79347079957477,0.619622366711211,0.6371574266748733,307.3573809372519
Simulation_000001,Aluminium 6061,38.79347079957477,0.6351129258789913,0.6371574266748733,307.3573880389574
Simulation_000001,Aluminium 6061,38.79347079957477,0.6506034850467716,0.6371574266748733,307.35739787996454
Simulation_000001,Aluminium 6061,38.79347079957477,0.6660940442145519,0.6371574266748733,307.35741051042896
Simulation_000001,Aluminium 6061,38.79347079957477,0.6815846033823321,0.6371574266748733,307.35742571676167
Simulation_000001,Aluminium 6061,38.79347079957477,0.6970751625501124,0.6371574266748733,307.3574429305264
Simulation_000001,Aluminium 6061,38.79347079957477,0.7125657217178927,0.6371574266748733,307.3574612492492
Simulation_000001,Aluminium 6061,38.79347079957477,0.0,0.6553619245798696,394.9941615334931
Simulation_000001,Aluminium 6061,38.79347079957477,0.015490559167780275,0.6553619245798696,380.39791873449286
Simulation_000001,Aluminium 6061,38.79347079957477,0.03098111833556055,0.6553619245798696,366.4271047142312
Simulation_000001,Aluminium 6061,38.79347079957477,0.04647167750334082,0.6553619245798696,353.6284992025145
Simulation_000001,Aluminium 6061,38.79347079957477,0.0619622366711211,0.6553619245798696,342.40771718896957
Simulation_000001,Aluminium 6061,38.79347079957477,0.07745279583890137,0.6553619245798696,332.9944230495299
Simulation_000001,Aluminium 6061,38.79347079957477,0.09294335500668165,0.6553619245798696,325.4394042416785
Simulation_000001,Aluminium 6061,38.79347079957477,0.10843391417446192,0.6553619245798696,319.63976980866624
Simulation_000001,Aluminium 6061,38.79347079957477,0.1239244733422422,0.6553619245798696,315.3827052838461
Simulation_000001,Aluminium 6061,38.79347079957477,0.13941503251002246,0.6553619245798696,312.3958472539009
Simulation_000001,Aluminium 6061,38.79347079957477,0.15490559167780274,0.6553619245798696,310.3934992800644
Simulation_000001,Aluminium 6061,38.79347079957477,0.17039615084558302,0.6553619245798696,309.11150739518865
Simulation_000001,Aluminium 6061,38.79347079957477,0.1858867100133633,0.6553619245798696,308.3280346005811
Simulation_000001,Aluminium 6061,38.79347079957477,0.20137726918114357,0.6553619245798696,307.8712664370558
Simulation_000001,Aluminium 6061,38.79347079957477,0.21686782834892385,0.6553619245798696,307.61740231742175
Simulation_000001,Aluminium 6061,38.79347079957477,0.23235838751670412,0.6553619245798696,307.48300780500057
Simulation_000001,Aluminium 6061,38.79347079957477,0.2478489466844844,0.6553619245798696,307.41531059562124
Simulation_000001,Aluminium 6061,38.79347079957477,0.2633395058522647,0.6553619245798696,307.3829154304765
Simulation_000001,Aluminium 6061,38.79347079957477,0.2788300650200449,0.6553619245798696,307.3682287931842
Simulation_000001,Aluminium 6061,38.79347079957477,0.29432062418782523,0.6553619245798696,307.3619537124156
Simulation_000001,Aluminium 6061,38.79347079957477,0.3098111833556055,0.6553619245798696,307.3594526900571
Simulation_000001,Aluminium 6061,38.79347079957477,0.3253017425233858,0.6553619245798696,307.3585388682803
Simulation_000001,Aluminium 6061,38.79347079957477,0.34079230169116603,0.6553619245798696,307.3582359329679
Simulation_000001,Aluminium 6061,38.79347079957477,0.35628286085894634,0.6553619245798696,307.3581317542228
Simulation_000001,Aluminium 6061,38.79347079957477,0.3717734200267266,0.6553619245798696,307.3580651155494
Simulation_000001,Aluminium 6061,38.79347079957477,0.3872639791945069,0.6553619245798696,307.3579827422409
Simulation_000001,Aluminium 6061,38.79347079957477,0.40275453836228714,0.6553619245798696,307.357876848934
Simulation_000001,Aluminium 6061,38.79347079957477,0.41824509753006744,0.6553619245798696,307.35775711263096
Simulation_000001,Aluminium 6061,38.79347079957477,0.4337356566978477,0.6553619245798696,307.35763761727424
Simulation_000001,Aluminium 6061,38.79347079957477,0.449226215865628,0.6553619245798696,307.3575302384537
Simulation_000001,Aluminium 6061,38.79347079957477,0.46471677503340825,0.6553619245798696,307.35744214106677
Simulation_000001,Aluminium 6061,38.79347079957477,0.48020733420118855,0.6553619245798696,307.3573754948503
Simulation_000001,Aluminium 6061,38.79347079957477,0.4956978933689688,0.6553619245798696,307.3573287652679
Simulation_000001,Aluminium 6061,38.79347079957477,0.511188452536749,0.6553619245798696,307.3572983268571
Simulation_000001,Aluminium 6061,38.79347079957477,0.5266790117045294,0.6553619245798696,307.3572800179953
Simulation_000001,Aluminium 6061,38.79347079957477,0.5421695708723097,0.6553619245798696,307.3572701287092
Simulation_000001,Aluminium 6061,38.79347079957477,0.5576601300400899,0.6553619245798696,307.3572659311678
Simulation_000001,Aluminium 6061,38.79347079957477,0.5731506892078702,0.6553619245798696,307.35726578004034
Simulation_000001,Aluminium 6061,38.79347079957477,0.5886412483756505,0.6553619245798696,307.3572690107433
Simulation_000001,Aluminium 6061,38.79347079957477,0.6041318075434308,0.6553619245798696,307.35727571873383
Simulation_000001,Aluminium 6061,38.79347079957477,0.619622366711211,0.6553619245798696,307.35728650807914
Simulation_000001,Aluminium 6061,38.79347079957477,0.6351129258789913,0.6553619245798696,307.3573022082678
Simulation_000001,Aluminium 6061,38.79347079957477,0.6506034850467716,0.6553619245798696,307.3573235653121
Simulation_000001,Aluminium 6061,38.79347079957477,0.6660940442145519,0.6553619245798696,307.3573509176007
Simulation_000001,Aluminium 6061,38.79347079957477,0.6815846033823321,0.6553619245798696,307.3573839124318
Simulation_000001,Aluminium 6061,38.79347079957477,0.6970751625501124,0.6553619245798696,307.3574213508032
Simulation_000001,Aluminium 6061,38.79347079957477,0.7125657217178927,0.6553619245798696,307.3574612492492
Simulation_000001,Aluminium 6061,38.79347079957477,0.0,0.6735664224848661,394.9941615334931
Simulation_000001,Aluminium 6061,38.79347079957477,0.015490559167780275,0.6735664224848661,380.3978366671409
Simulation_000001,Aluminium 6061,38.79347079957477,0.03098111833556055,0.6735664224848661,366.426950846297
Simulation_000001,Aluminium 6061,38.79347079957477,0.04647167750334082,0.6735664224848661,353.6282909423804
Simulation_000001,Aluminium 6061,38.79347079957477,0.0619622366711211,0.6735664224848661,342.40747440263624
Simulation_000001,Aluminium 6061,38.79347079957477,0.07745279583890137,0.6735664224848661,332.9941637604204
Simulation_000001,Aluminium 6061,38.79347079957477,0.09294335500668165,0.6735664224848661,325.43914195958666
Simulation_000001,Aluminium 6061,38.79347079957477,0.10843391417446192,0.6735664224848661,319.6395127305178
Simulation_000001,Aluminium 6061,38.79347079957477,0.1239244733422422,0.6735664224848661,315.382456881612
Simulation_000001,Aluminium 6061,38.79347079957477,0.13941503251002246,0.6735664224848661,312.39560750410635
Simulation_000001,Aluminium 6061,38.79347079957477,0.15490559167780274,0.6735664224848661,310.39326587030325
Simulation_000001,Aluminium 6061,38.79347079957477,0.17039615084558302,0.6735664224848661,309.1112765123181
Simulation_000001,Aluminium 6061,38.79347079957477,0.1858867100133633,0.6735664224848661,308.3278011551969
Simulation_000001,Aluminium 6061,38.79347079957477,0.20137726918114357,0.6735664224848661,307.87102383963855
Simulation_000001,Aluminium 6061,38.79347079957477,0.21686782834892385,0.6735664224848661,307.6171420200694
Simulation_000001,Aluminium 6061,38.79347079957477,0.23235838751670412,0.6735664224848661,307.4827190304766
Simulation_000001,Aluminium 6061,38.79347079957477,0.2478489466844844,0.6735664224848661,307.4149805778852
Simulation_000001,Aluminium 6061,38.79347079957477,0.2633395058522647,0.6735664224848661,307.382530649523
Simulation_000001,Aluminium 6061,38.79347079957477,0.2788300650200449,0.6735664224848661,307.3677771798889
Simulation_000001,Aluminium 6061,38.79347079957477,0.29432062418782523,0.6735664224848661,307.3614278090987
Simulation_000001,Aluminium 6061,38.79347079957477,0.3098111833556055,0.6735664224848661,307.3588527602143
Simulation_000001,Aluminium 6061,38.79347079957477,0.3253017425233858,0.6735664224848661,307.35787521177383
Simulation_000001,Aluminium 6061,38.79347079957477,0.34079230169116603,0.6735664224848661,307.35752889581033
Simulation_000001,Aluminium 6061,38.79347079957477,0.35628286085894634,0.6735664224848661,307.3574093388192
Simulation_000001,Aluminium 6061,38.79347079957477,0.3717734200267266,0.6735664224848661,307.35735807915444
Simulation_000001,Aluminium 6061,38.79347079957477,0.3872639791945069,0.6735664224848661,307.357319088431
Simulation_000001,Aluminium 6061,38.79347079957477,0.40275453836228714,0.6735664224848661,307.357276927407
Simulation_000001,Aluminium 6061,38.79347079957477,0.41824509753006744,0.6735664224848661,307.3572312331618
Simulation_000001,Aluminium 6061,38.79347079957477,0.4337356566978477,0.6735664224848661,307.357186068016
Simulation_000001,Aluminium 6061,38.79347079957477,0.449226215865628,0.6735664224848661,307.35714561889165
Simulation_000001,Aluminium 6061,38.79347079957477,0.46471677503340825,0.6735664224848661,307.35711250576014
Simulation_000001,Aluminium 6061,38.79347079957477,0.48020733420118855,0.6735664224848661,307.35708757345765
Simulation_000001,Aluminium 6061,38.79347079957477,0.4956978933689688,0.6735664224848661,307.3570702614135
Simulation_000001,Aluminium 6061,38.79347079957477,0.511188452536749,0.6735664224848661,307.3570592846038
Simulation_000001,Aluminium 6061,38.79347079957477,0.5266790117045294,0.6735664224848661,307.357053218822
Simulation_000001,Aluminium 6061,38.79347079957477,0.5421695708723097,0.6735664224848661,307.3570509601189
Simulation_000001,Aluminium 6061,38.79347079957477,0.5576601300400899,0.6735664224848661,307.35705197106563
Simulation_000001,Aluminium 6061,38.79347079957477,0.5731506892078702,0.6735664224848661,307.3570564023186
Simulation_000001,Aluminium 6061,38.79347079957477,0.5886412483756505,0.6735664224848661,307.3570651024953
Simulation_000001,Aluminium 6061,38.79347079957477,0.6041318075434308,0.6735664224848661,307.35707955352035
Simulation_000001,Aluminium 6061,38.79347079957477,0.619622366711211,0.6735664224848661,307.35710170077175
Simulation_000001,Aluminium 6061,38.79347079957477,0.6351129258789913,0.6735664224848661,307.357133647807
Simulation_000001,Aluminium 6061,38.79347079957477,0.6506034850467716,0.6735664224848661,307.35717718975206
Simulation_000001,Aluminium 6061,38.79347079957477,0.6660940442145519,0.6735664224848661,307.357233223437
Simulation_000001,Aluminium 6061,38.79347079957477,0.6815846033823321,0.6735664224848661,307.35730116126814
Simulation_000001,Aluminium 6061,38.79347079957477,0.6970751625501124,0.6735664224848661,307.35737856679316
Simulation_000001,Aluminium 6061,38.79347079957477,0.7125657217178927,0.6735664224848661,307.3574612492492
Simulation_000001,Aluminium 6061,38.79347079957477,0.0,0.6917709203898624,394.9941615334931
Simulation_000001,Aluminium 6061,38.79347079957477,0.015490559167780275,0.6917709203898624,380.3976689764481
Simulation_000001,Aluminium 6061,38.79347079957477,0.03098111833556055,0.6917709203898624,366.4266384100219
Simulation_000001,Aluminium 6061,38.79347079957477,0.04647167750334082,0.6917709203898624,353.627871999917
Simulation_000001,Aluminium 6061,38.79347079957477,0.0619622366711211,0.6917709203898624,342.4069915278252
Simulation_000001,Aluminium 6061,38.79347079957477,0.07745279583890137,0.6917709203898624,332.993654421599
Simulation_000001,Aluminium 6061,38.79347079957477,0.09294335500668165,0.6917709203898624,325.4386332160409
Simulation_000001,Aluminium 6061,38.79347079957477,0.10843391417446192,0.6917709203898624,319.6390201850735
Simulation_000001,Aluminium 6061,38.79347079957477,0.1239244733422422,0.6917709203898624,315.38198653927867
Simulation_000001,Aluminium 6061,38.79347079957477,0.13941503251002246,0.6917709203898624,312.3951588476742
Simulation_000001,Aluminium 6061,38.79347079957477,0.15490559167780274,0.6917709203898624,310.3928348411325
Simulation_000001,Aluminium 6061,38.79347079957477,0.17039615084558302,0.6917709203898624,309.1108576834147
Simulation_000001,Aluminium 6061,38.79347079957477,0.1858867100133633,0.6917709203898624,308.32738892879104
Simulation_000001,Aluminium 6061,38.79347079957477,0.20137726918114357,0.6917709203898624,307.8706128227441
Simulation_000001,Aluminium 6061,38.79347079957477,0.21686782834892385,0.6917709203898624,307.616726917422
Simulation_000001,Aluminium 6061,38.79347079957477,0.23235838751670412,0.6917709203898624,307.4822943761759
Simulation_000001,Aluminium 6061,38.79347079957477,0.2478489466844844,0.6917709203898624,307.4145406566121
Simulation_000001,Aluminium 6061,38.79347079957477,0.2633395058522647,0.6917709203898624,307.38206976547855
Simulation_000001,Aluminium 6061,38.79347079957477,0.2788300650200449,0.6917709203898624,307.36729044012367
Simulation_000001,Aluminium 6061,38.79347079957477,0.29432062418782523,0.6917709203898624,307.3609122089374
Simulation_000001,Aluminium 6061,38.79347079957477,0.3098111833556055,0.6917709203898624,307.35830841291363
Simulation_000001,Aluminium 6061,38.79347079957477,0.3253017425233858,0.6917709203898624,307.3573061092084
Simulation_000001,Aluminium 6061,38.79347079957477,0.34079230169116603,0.6917709203898624,307.3569429807366
Simulation_000001,Aluminium 6061,38.79347079957477,0.35628286085894634,0.6917709203898624,307.35681744640084
Simulation_000001,Aluminium 6061,38.79347079957477,0.3717734200267266,0.6917709203898624,307.3567721658767
Simulation_000001,Aluminium 6061,38.79347079957477,0.3872639791945069,0.6917709203898624,307.35674999210005
Simulation_000001,Aluminium 6061,38.79347079957477,0.40275453836228714,0.6917709203898624,307.35673259897317
Simulation_000001,Aluminium 6061,38.79347079957477,0.41824509753006744,0.6917709203898624,307.3567156862148
Simulation_000001,Aluminium 6061,38.79347079957477,0.4337356566978477,0.6917709203898624,307.3566994691119
Simulation_000001,Aluminium 6061,38.79347079957477,0.449226215865628,0.6917709203898624,307.3566850855748
Simulation_000001,Aluminium 6061,38.79347079957477,0.46471677503340825,0.6917709203898624,307.35667340717697
Simulation_000001,Aluminium 6061,38.79347079957477,0.48020733420118855,0.6917709203898624,307.35666473936243
Simulation_000001,Aluminium 6061,38.79347079957477,0.4956978933689688,0.6917709203898624,307.35665896066763
Simulation_000001,Aluminium 6061,38.79347079957477,0.511188452536749,0.6917709203898624,307.3566557685577
Simulation_000001,Aluminium 6061,38.79347079957477,0.5266790117045294,0.6917709203898624,307.3566549724373
Simulation_000001,Aluminium 6061,38.79347079957477,0.5421695708723097,0.6917709203898624,307.3566567381192
Simulation_000001,Aluminium 6061,38.79347079957477,0.5576601300400899,0.6917709203898624,307.3566618090288
Simulation_000001,Aluminium 6061,38.79347079957477,0.5731506892078702,0.6917709203898624,307.3566716844767
Simulation_000001,Aluminium 6061,38.79347079957477,0.5886412483756505,0.6917709203898624,307.3566887544955
Simulation_000001,Aluminium 6061,38.79347079957477,0.6041318075434308,0.6917709203898624,307.3567163300042
Simulation_000001,Aluminium 6061,38.79347079957477,0.619622366711211,0.6917709203898624,307.35675848336956
Simulation_000001,Aluminium 6061,38.79347079957477,0.6351129258789913,0.6917709203898624,307.3568195892597
Simulation_000001,Aluminium 6061,38.79347079957477,0.6506034850467716,0.6917709203898624,307.35690349423726
Simulation_000001,Aluminium 6061,38.79347079957477,0.6660940442145519,0.6917709203898624,307.3570123516904
Simulation_000001,Aluminium 6061,38.79347079957477,0.6815846033823321,0.6917709203898624,307.3571453538231
Simulation_000001,Aluminium 6061,38.79347079957477,0.6970751625501124,0.6917709203898624,307.35729782253105
Simulation_000001,Aluminium 6061,38.79347079957477,0.7125657217178927,0.6917709203898624,307.3574612492492
Simulation_000001,Aluminium 6061,38.79347079957477,0.0,0.7099754182948588,394.9941615334931
Simulation_000001,Aluminium 6061,38.79347079957477,0.015490559167780275,0.7099754182948588,380.39733747234993
Simulation_000001,Aluminium 6061,38.79347079957477,0.03098111833556055,0.7099754182948588,366.4260260416703
Simulation_000001,Aluminium 6061,38.79347079957477,0.04647167750334082,0.7099754182948588,353.6270609897187
Simulation_000001,Aluminium 6061,38.79347079957477,0.0619622366711211,0.7099754182948588,342.4060702547316
Simulation_000001,Aluminium 6061,38.79347079957477,0.07745279583890137,0.7099754182948588,332.9926974848253
Simulation_000001,Aluminium 6061,38.79347079957477,0.09294335500668165,0.7099754182948588,325.43769178648046
Simulation_000001,Aluminium 6061,38.79347079957477,0.10843391417446192,0.7099754182948588,319.6381215414471
Simulation_000001,Aluminium 6061,38.79347079957477,0.1239244733422422,0.7099754182948588,315.38113910991945
Simulation_000001,Aluminium 6061,38.79347079957477,0.13941503251002246,0.7099754182948588,312.39435907762754
Simulation_000001,Aluminium 6061,38.79347079957477,0.15490559167780274,0.7099754182948588,310.3920733859488
Simulation_000001,Aluminium 6061,38.79347079957477,0.17039615084558302,0.7099754182948588,309.1101237879419
Simulation_000001,Aluminium 6061,38.79347079957477,0.1858867100133633,0.7099754182948588,308.3266728551003
Simulation_000001,Aluminium 6061,38.79347079957477,0.20137726918114357,0.7099754182948588,307.86990675081836
Simulation_000001,Aluminium 6061,38.79347079957477,0.21686782834892385,0.7099754182948588,307.61602489931926
Simulation_000001,Aluminium 6061,38.79347079957477,0.23235838751670412,0.7099754182948588,307.4815918909834
Simulation_000001,Aluminium 6061,38.79347079957477,0.2478489466844844,0.7099754182948588,307.4138341306644
Simulation_000001,Aluminium 6061,38.79347079957477,0.2633395058522647,0.7099754182948588,307.38135630782045
Simulation_000001,Aluminium 6061,38.79347079957477,0.2788300650200449,0.7099754182948588,307.36656783177233
Simulation_000001,Aluminium 6061,38.79347079957477,0.29432062418782523,0.7099754182948588,307.3601791552378
Simulation_000001,Aluminium 6061,38.79347079957477,0.3098111833556055,0.7099754182948588,307.35756485553196
Simulation_000001,Aluminium 6061,38.79347079957477,0.3253017425233858,0.7099754182948588,307.3565534911505
Simulation_000001,Aluminium 6061,38.79347079957477,0.34079230169116603,0.7099754182948588,307.356184191772
Simulation_000001,Aluminium 6061,38.79347079957477,0.35628286085894634,0.7099754182948588,307.3560564736225
Simulation_000001,Aluminium 6061,38.79347079957477,0.3717734200267266,0.7099754182948588,307.3560133808022
Simulation_000001,Aluminium 6061,38.79347079957477,0.3872639791945069,0.7099754182948588,307.3559973873399
Simulation_000001,Aluminium 6061,38.79347079957477,0.40275453836228714,0.7099754182948588,307.35598908120727
Simulation_000001,Aluminium 6061,38.79347079957477,0.41824509753006744,0.7099754182948588,307.3559827427087
Simulation_000001,Aluminium 6061,38.79347079957477,0.4337356566978477,0.7099754182948588,307.35597714901
Simulation_000001,Aluminium 6061,38.79347079957477,0.449226215865628,0.7099754182948588,307.35597233851166
Simulation_000001,Aluminium 6061,38.79347079957477,0.46471677503340825,0.7099754182948588,307.3559685345306
Simulation_000001,Aluminium 6061,38.79347079957477,0.48020733420118855,0.7099754182948588,307.3559658886837
Simulation_000001,Aluminium 6061,38.79347079957477,0.4956978933689688,0.7099754182948588,307.35596449815097
Simulation_000001,Aluminium 6061,38.79347079957477,0.511188452536749,0.7099754182948588,307.35596455723527
Simulation_000001,Aluminium 6061,38.79347079957477,0.5266790117045294,0.7099754182948588,307.35596655631116
Simulation_000001,Aluminium 6061,38.79347079957477,0.5421695708723097,0.7099754182948588,307.3559715360746
Simulation_000001,Aluminium 6061,38.79347079957477,0.5576601300400899,0.7099754182948588,307.3559813823421
Simulation_000001,Aluminium 6061,38.79347079957477,0.5731506892078702,0.7099754182948588,307.3559991571042
Simulation_000001,Aluminium 6061,38.79347079957477,0.5886412483756505,0.7099754182948588,307.3560294053652
Simulation_000001,Aluminium 6061,38.79347079957477,0.6041318075434308,0.7099754182948588,307.35607832651164
Simulation_000001,Aluminium 6061,38.79347079957477,0.619622366711211,0.7099754182948588,307.3561536250023
Simulation_000001,Aluminium 6061,38.79347079957477,0.6351129258789913,0.7099754182948588,307.35626381378165
Simulation_000001,Aluminium 6061,38.79347079957477,0.6506034850467716,0.7099754182948588,307.3564167686561
Simulation_000001,Aluminium 6061,38.79347079957477,0.6660940442145519,0.7099754182948588,307.3566174969741
Simulation_000001,Aluminium 6061,38.79347079957477,0.6815846033823321,0.7099754182948588,307.35686544766367
Simulation_000001,Aluminium 6061,38.79347079957477,0.6970751625501124,0.7099754182948588,307.35715224449405
Simulation_000001,Aluminium 6061,38.79347079957477,0.7125657217178927,0.7099754182948588,307.3574612492492
Simulation_000001,Aluminium 6061,38.79347079957477,0.0,0.7281799161998552,394.9941615334931
Simulation_000001,Aluminium 6061,38.79347079957477,0.015490559167780275,0.7281799161998552,380.39669892481726
Simulation_000001,Aluminium 6061,38.79347079957477,0.03098111833556055,0.7281799161998552,366.4248608899989
Simulation_000001,Aluminium 6061,38.79347079957477,0.04647167750334082,0.7281799161998552,353.6255436772392
Simulation_000001,Aluminium 6061,38.79347079957477,0.0619622366711211,0.7281799161998552,342.40437895855655
Simulation_000001,Aluminium 6061,38.79347079957477,0.07745279583890137,0.7281799161998552,332.9909741876913
Simulation_000001,Aluminium 6061,38.79347079957477,0.09294335500668165,0.7281799161998552,325.4360272784664
Simulation_000001,Aluminium 6061,38.79347079957477,0.10843391417446192,0.7281799161998552,319.6365589366397
Simulation_000001,Aluminium 6061,38.79347079957477,0.1239244733422422,0.7281799161998552,315.37968652549887
Simulation_000001,Aluminium 6061,38.79347079957477,0.13941503251002246,0.7281799161998552,312.3930040366925
Simulation_000001,Aluminium 6061,38.79347079957477,0.15490559167780274,0.7281799161998552,310.3907947100087
Simulation_000001,Aluminium 6061,38.79347079957477,0.17039615084558302,0.7281799161998552,309.10889947855503
Simulation_000001,Aluminium 6061,38.79347079957477,0.1858867100133633,0.7281799161998552,308.325484198941
Simulation_000001,Aluminium 6061,38.79347079957477,0.20137726918114357,0.7281799161998552,307.86873966221043
Simulation_000001,Aluminium 6061,38.79347079957477,0.21686782834892385,0.7281799161998552,307.61486964893055
Simulation_000001,Aluminium 6061,38.79347079957477,0.23235838751670412,0.7281799161998552,307.48044214060764
Simulation_000001,Aluminium 6061,38.79347079957477,0.2478489466844844,0.7281799161998552,307.4126858828418
Simulation_000001,Aluminium 6061,38.79347079957477,0.2633395058522647,0.7281799161998552,307.38020706269054
Simulation_000001,Aluminium 6061,38.79347079957477,0.2788300650200449,0.7281799161998552,307.36541606209505
Simulation_000001,Aluminium 6061,38.79347079957477,0.29432062418782523,0.7281799161998552,307.3590240424264
Simulation_000001,Aluminium 6061,38.79347079957477,0.3098111833556055,0.7281799161998552,307.356406218224
Simulation_000001,Aluminium 6061,38.79347079957477,0.3253017425233858,0.7281799161998552,307.3553917530511
Simulation_000001,Aluminium 6061,38.79347079957477,0.34079230169116603,0.7281799161998552,307.35502033266584
Simulation_000001,Aluminium 6061,38.79347079957477,0.35628286085894634,0.7281799161998552,307.35489185899087
Simulation_000001,Aluminium 6061,38.79347079957477,0.3717734200267266,0.7281799161998552,307.35484952946763
Simulation_000001,Aluminium 6061,38.79347079957477,0.3872639791945069,0.7281799161998552,307.3548356754727
Simulation_000001,Aluminium 6061,38.79347079957477,0.40275453836228714,0.7281799161998552,307.3548305210376
Simulation_000001,Aluminium 6061,38.79347079957477,0.41824509753006744,0.7281799161998552,307.3548278420205
Simulation_000001,Aluminium 6061,38.79347079957477,0.4337356566978477,0.7281799161998552,307.3548259288573
Simulation_000001,Aluminium 6061,38.79347079957477,0.449226215865628,0.7281799161998552,307.3548244372823
Simulation_000001,Aluminium 6061,38.79347079957477,0.46471677503340825,0.7281799161998552,307.35482339360306
Simulation_000001,Aluminium 6061,38.79347079957477,0.48020733420118855,0.7281799161998552,307.3548229356874
Simulation_000001,Aluminium 6061,38.79347079957477,0.4956978933689688,0.7281799161998552,307.35482333308624
Simulation_000001,Aluminium 6061,38.79347079957477,0.511188452536749,0.7281799161998552,307.35482512738344
Simulation_000001,Aluminium 6061,38.79347079957477,0.5266790117045294,0.7281799161998552,307.3548293779064
Simulation_000001,Aluminium 6061,38.79347079957477,0.5421695708723097,0.7281799161998552,307.35483801505126
Simulation_000001,Aluminium 6061,38.79347079957477,0.5576601300400899,0.7281799161998552,307.35485431916095
Simulation_000001,Aluminium 6061,38.79347079957477,0.5731506892078702,0.7281799161998552,307.3548835031984
Simulation_000001,Aluminium 6061,38.79347079957477,0.5886412483756505,0.7281799161998552,307.3549333202486
Simulation_000001,Aluminium 6061,38.79347079957477,0.6041318075434308,0.7281799161998552,307.3550145129894
Simulation_000001,Aluminium 6061,38.79347079957477,0.619622366711211,0.7281799161998552,307.35514079803073
Simulation_000001,Aluminium 6061,38.79347079957477,0.6351129258789913,0.7281799161998552,307.355327954405
Simulation_000001,Aluminium 6061,38.79347079957477,0.6506034850467716,0.7281799161998552,307.3555915364652
Simulation_000001,Aluminium 6061,38.79347079957477,0.6660940442145519,0.7281799161998552,307.3559428824125
Simulation_000001,Aluminium 6061,38.79347079957477,0.6815846033823321,0.7281799161998552,307.35638364203777
Simulation_000001,Aluminium 6061,38.79347079957477,0.6970751625501124,0.7281799161998552,307.35690021972704
Simulation_000001,Aluminium 6061,38.79347079957477,0.7125657217178927,0.7281799161998552,307.3574612492492
Simulation_000001,Aluminium 6061,38.79347079957477,0.0,0.7463844141048516,394.9941615334931
Simulation_000001,Aluminium 6061,38.79347079957477,0.015490559167780275,0.7463844141048516,380.39548873346945
Simulation_000001,Aluminium 6061,38.79347079957477,0.03098111833556055,0.7463844141048516,366.4226934213706
Simulation_000001,Aluminium 6061,38.79347079957477,0.04647167750334082,0.7463844141048516,353.6227872384376
Simulation_000001,Aluminium 6061,38.79347079957477,0.0619622366711211,0.7463844141048516,342.4013823298077
Simulation_000001,Aluminium 6061,38.79347079957477,0.07745279583890137,0.7463844141048516,332.9879937928349
Simulation_000001,Aluminium 6061,38.79347079957477,0.09294335500668165,0.7463844141048516,325.43321172268105
Simulation_000001,Aluminium 6061,38.79347079957477,0.10843391417446192,0.7463844141048516,319.6339667939359
Simulation_000001,Aluminium 6061,38.79347079957477,0.1239244733422422,0.7463844141048516,315.3773159542554
Simulation_000001,Aluminium 6061,38.79347079957477,0.13941503251002246,0.7463844141048516,312.3908210833106
Simulation_000001,Aluminium 6061,38.79347079957477,0.15490559167780274,0.7463844141048516,310.38875445607
Simulation_000001,Aluminium 6061,38.79347079957477,0.17039615084558302,0.7463844141048516,309.1069589586612
Simulation_000001,Aluminium 6061,38.79347079957477,0.1858867100133633,0.7463844141048516,308.3236084779034
Simulation_000001,Aluminium 6061,38.79347079957477,0.20137726918114357,0.7463844141048516,307.86690329757545
Simulation_000001,Aluminium 6061,38.79347079957477,0.21686782834892385,0.7463844141048516,307.61305563748743
Simulation_000001,Aluminium 6061,38.79347079957477,0.23235838751670412,0.7463844141048516,307.47863990446433
Simulation_000001,Aluminium 6061,38.79347079957477,0.2478489466844844,0.7463844141048516,307.41088922579127
Simulation_000001,Aluminium 6061,38.79347079957477,0.2633395058522647,0.7463844141048516,307.37841253452433
Simulation_000001,Aluminium 6061,38.79347079957477,0.2788300650200449,0.7463844141048516,307.36362182797114
Simulation_000001,Aluminium 6061,38.79347079957477,0.29432062418782523,0.7463844141048516,307.3572291998576
Simulation_000001,Aluminium 6061,38.79347079957477,0.3098111833556055,0.7463844141048516,307.35461041932035
Simulation_000001,Aluminium 6061,38.79347079957477,0.3253017425233858,0.7463844141048516,307.35359501704676
Simulation_000001,Aluminium 6061,38.79347079957477,0.34079230169116603,0.7463844141048516,307.35322292876424
Simulation_000001,Aluminium 6061,38.79347079957477,0.35628286085894634,0.7463844141048516,307.3530942184691
Simulation_000001,Aluminium 6061,38.79347079957477,0.3717734200267266,0.7463844141048516,307.35305213992376
Simulation_000001,Aluminium 6061,38.79347079957477,0.3872639791945069,0.7463844141048516,307.3530389874334
Simulation_000001,Aluminium 6061,38.79347079957477,0.40275453836228714,0.7463844141048516,307.3530348616928
Simulation_000001,Aluminium 6061,38.79347079957477,0.41824509753006744,0.7463844141048516,307.35303337967235
Simulation_000001,Aluminium 6061,38.79347079957477,0.4337356566978477,0.7463844141048516,307.35303267210304
Simulation_000001,Aluminium 6061,38.79347079957477,0.449226215865628,0.7463844141048516,307.35303228436
Simulation_000001,Aluminium 6061,38.79347079957477,0.46471677503340825,0.7463844141048516,307.35303220132863
Simulation_000001,Aluminium 6061,38.79347079957477,0.48020733420118855,0.7463844141048516,307.3530326153048
Simulation_000001,Aluminium 6061,38.79347079957477,0.4956978933689688,0.7463844141048516,307.3530339664335
Simulation_000001,Aluminium 6061,38.79347079957477,0.511188452536749,0.7463844141048516,307.3530371394271
Simulation_000001,Aluminium 6061,38.79347079957477,0.5266790117045294,0.7463844141048516,307.35304380918296
Simulation_000001,Aluminium 6061,38.79347079957477,0.5421695708723097,0.7463844141048516,307.353056974722
Simulation_000001,Aluminium 6061,38.79347079957477,0.5576601300400899,0.7463844141048516,307.35308171376266
Simulation_000001,Aluminium 6061,38.79347079957477,0.5731506892078702,0.7463844141048516,307.3531261559734
Simulation_000001,Aluminium 6061,38.79347079957477,0.5886412483756505,0.7463844141048516,307.3532025850501
Simulation_000001,Aluminium 6061,38.79347079957477,0.6041318075434308,0.7463844141048516,307.3533284360836
Simulation_000001,Aluminium 6061,38.79347079957477,0.619622366711211,0.7463844141048516,307.3535267426054
Simulation_000001,Aluminium 6061,38.79347079957477,0.6351129258789913,0.7463844141048516,307.3538253211845
Simulation_000001,Aluminium 6061,38.79347079957477,0.6506034850467716,0.7463844141048516,307.35425371247715
Simulation_000001,Aluminium 6061,38.79347079957477,0.6660940442145519,0.7463844141048516,307.3548367852022
Simulation_000001,Aluminium 6061,38.79347079957477,0.6815846033823321,0.7463844141048516,307.35558435873253
Simulation_000001,Aluminium 6061,38.79347079957477,0.6970751625501124,0.7463844141048516,307.3564780697542
Simulation_000001,Aluminium 6061,38.79347079957477,0.7125657217178927,0.7463844141048516,307.3574612492492
Simulation_000001,Aluminium 6061,38.79347079957477,0.0,0.7645889120098479,394.9941615334931
Simulation_000001,Aluminium 6061,38.79347079957477,0.015490559167780275,0.7645889120098479,380.3931999719587
Simulation_000001,Aluminium 6061,38.79347079957477,0.03098111833556055,0.7645889120098479,366.41871668509145
Simulation_000001,Aluminium 6061,38.79347079957477,0.04647167750334082,0.7645889120098479,353.6179015604003
Simulation_000001,Aluminium 6061,38.79347079957477,0.0619622366711211,0.7645889120098479,342.39624588391865
Simulation_000001,Aluminium 6061,38.79347079957477,0.07745279583890137,0.7645889120098479,332.9830379392702
Simulation_000001,Aluminium 6061,38.79347079957477,0.09294335500668165,0.7645889120098479,325.4286524402686
Simulation_000001,Aluminium 6061,38.79347079957477,0.10843391417446192,0.7645889120098479,319.62986238051155
Simulation_000001,Aluminium 6061,38.79347079957477,0.1239244733422422,0.7645889120098479,315.37363028918213
Simulation_000001,Aluminium 6061,38.79347079957477,0.13941503251002246,0.7645889120098479,312.38747470101447
Simulation_000001,Aluminium 6061,38.79347079957477,0.15490559167780274,0.7645889120098479,310.38565871503675
Simulation_000001,Aluminium 6061,38.79347079957477,0.17039615084558302,0.7645889120098479,309.10403491523203
Simulation_000001,Aluminium 6061,38.79347079957477,0.1858867100133633,0.7645889120098479,308.32079448932046
Simulation_000001,Aluminium 6061,38.79347079957477,0.20137726918114357,0.7645889120098479,307.8641556421931
Simulation_000001,Aluminium 6061,38.79347079957477,0.21686782834892385,0.7645889120098479,307.61034566483
Simulation_000001,Aluminium 6061,38.79347079957477,0.23235838751670412,0.7645889120098479,307.47595010384964
Simulation_000001,Aluminium 6061,38.79347079957477,0.2478489466844844,0.7645889120098479,307.40820955584115
Simulation_000001,Aluminium 6061,38.79347079957477,0.2633395058522647,0.7645889120098479,307.3757375688736
Simulation_000001,Aluminium 6061,38.79347079957477,0.2788300650200449,0.7645889120098479,307.3609487978499
Simulation_000001,Aluminium 6061,38.79347079957477,0.29432062418782523,0.7645889120098479,307.35455677712264
Simulation_000001,Aluminium 6061,38.79347079957477,0.3098111833556055,0.7645889120098479,307.35193802643636
Simulation_000001,Aluminium 6061,38.79347079957477,0.3253017425233858,0.7645889120098479,307.3509224595145
Simulation_000001,Aluminium 6061,38.79347079957477,0.34079230169116603,0.7645889120098479,307.3505502110515
Simulation_000001,Aluminium 6061,38.79347079957477,0.35628286085894634,0.7645889120098479,307.3504214425748
Simulation_000001,Aluminium 6061,38.79347079957477,0.3717734200267266,0.7645889120098479,307.3503794468031
Simulation_000001,Aluminium 6061,38.79347079957477,0.3872639791945069,0.7645889120098479,307.35036651137995
Simulation_000001,Aluminium 6061,38.79347079957477,0.40275453836228714,0.7645889120098479,307.3503627038707
Simulation_000001,Aluminium 6061,38.79347079957477,0.41824509753006744,0.7645889120098479,307.35036159263205
Simulation_000001,Aluminium 6061,38.79347079957477,0.4337356566978477,0.7645889120098479,307.35036126611425
Simulation_000001,Aluminium 6061,38.79347079957477,0.449226215865628,0.7645889120098479,307.3503612468366
Simulation_000001,Aluminium 6061,38.79347079957477,0.46471677503340825,0.7645889120098479,307.35036153723854
Simulation_000001,Aluminium 6061,38.79347079957477,0.48020733420118855,0.7645889120098479,307.3503624086987
Simulation_000001,Aluminium 6061,38.79347079957477,0.4956978933689688,0.7645889120098479,307.35036448601085
Simulation_000001,Aluminium 6061,38.79347079957477,0.511188452536749,0.7645889120098479,307.35036902051655
Simulation_000001,Aluminium 6061,38.79347079957477,0.5266790117045294,0.7645889120098479,307.3503783759161
Simulation_000001,Aluminium 6061,38.79347079957477,0.5421695708723097,0.7645889120098479,307.35039679340593
Simulation_000001,Aluminium 6061,38.79347079957477,0.5576601300400899,0.7645889120098479,307.350431509878
Simulation_000001,Aluminium 6061,38.79347079957477,0.5731506892078702,0.7645889120098479,307.35049426606855
Simulation_000001,Aluminium 6061,38.79347079957477,0.5886412483756505,0.7645889120098479,307.35060315007513
Simulation_000001,Aluminium 6061,38.79347079957477,0.6041318075434308,0.7645889120098479,307.3507845475027
Simulation_000001,Aluminium 6061,38.79347079957477,0.619622366711211,0.7645889120098479,307.3510746820093
Simulation_000001,Aluminium 6061,38.79347079957477,0.6351129258789913,0.7645889120098479,307.3515197834469
Simulation_000001,Aluminium 6061,38.79347079957477,0.6506034850467716,0.7645889120098479,307.35217325703667
Simulation_000001,Aluminium 6061,38.79347079957477,0.6660940442145519,0.7645889120098479,307.3530873297712
Simulation_000001,Aluminium 6061,38.79347079957477,0.6815846033823321,0.7645889120098479,307.35429581913695
Simulation_000001,Aluminium 6061,38.79347079957477,0.6970751625501124,0.7645889120098479,307.3557854885912
Simulation_000001,Aluminium 6061,38.79347079957477,0.7125657217178927,0.7645889120098479,307.3574612492492
Simulation_000001,Aluminium 6061,38.79347079957477,0.0,0.7827934099148444,394.9941615334931
Simulation_000001,Aluminium 6061,38.79347079957477,0.015490559167780275,0.7827934099148444,380.38878654660726
Simulation_000001,Aluminium 6061,38.79347079957477,0.03098111833556055,0.7827934099148444,366.41144627538256
Simulation_000001,Aluminium 6061,38.79347079957477,0.04647167750334082,0.7827934099148444,353.60942054560934
Simulation_000001,Aluminium 6061,38.79347079957477,0.0619622366711211,0.7827934099148444,342.3877225850812
Simulation_000001,Aluminium 6061,38.79347079957477,0.07745279583890137,0.7827934099148444,332.97511850896404
Simulation_000001,Aluminium 6061,38.79347079957477,0.09294335500668165,0.7827934099148444,325.4215888710536
Simulation_000001,Aluminium 6061,38.79347079957477,0.10843391417446192,0.7827934099148444,319.6236606944955
Simulation_000001,Aluminium 6061,38.79347079957477,0.1239244733422422,0.7827934099148444,315.3681699081598
Simulation_000001,Aluminium 6061,38.79347079957477,0.13941503251002246,0.7827934099148444,312.382589986019
Simulation_000001,Aluminium 6061,38.79347079957477,0.15490559167780274,0.7827934099148444,310.3811872522874
Simulation_000001,Aluminium 6061,38.79347079957477,0.17039615084558302,0.7827934099148444,309.09984092709607
Simulation_000001,Aluminium 6061,38.79347079957477,0.1858867100133633,0.7827934099148444,308.3167758639719
Simulation_000001,Aluminium 6061,38.79347079957477,0.20137726918114357,0.7827934099148444,307.8602416998371
Simulation_000001,Aluminium 6061,38.79347079957477,0.21686782834892385,0.7827934099148444,307.60649085598914
Simulation_000001,Aluminium 6061,38.79347079957477,0.23235838751670412,0.7827934099148444,307.472126924241
Simulation_000001,Aluminium 6061,38.79347079957477,0.2478489466844844,0.7827934099148444,307.40440238561746
Simulation_000001,Aluminium 6061,38.79347079957477,0.2633395058522647,0.7827934099148444,307.37193804652276
Simulation_000001,Aluminium 6061,38.79347079957477,0.2788300650200449,0.7827934099148444,307.3571526989376
Simulation_000001,Aluminium 6061,38.79347079957477,0.29432062418782523,0.7827934099148444,307.3507620891193
Simulation_000001,Aluminium 6061,38.79347079957477,0.3098111833556055,0.7827934099148444,307.3481438507286
Simulation_000001,Aluminium 6061,38.79347079957477,0.3253017425233858,0.7827934099148444,307.3471284304816
Simulation_000001,Aluminium 6061,38.79347079957477,0.34079230169116603,0.7827934099148444,307.3467562059848
Simulation_000001,Aluminium 6061,38.79347079957477,0.35628286085894634,0.7827934099148444,307.3466274450393
Simulation_000001,Aluminium 6061,38.79347079957477,0.3717734200267266,0.7827934099148444,307.34658548089465
Simulation_000001,Aluminium 6061,38.79347079957477,0.3872639791945069,0.7827934099148444,307.3465726112473
Simulation_000001,Aluminium 6061,38.79347079957477,0.40275453836228714,0.7827934099148444,307.34656889756553
Simulation_000001,Aluminium 6061,38.79347079957477,0.41824509753006744,0.7827934099148444,307.34656789790006
Simulation_000001,Aluminium 6061,38.79347079957477,0.4337356566978477,0.7827934099148444,307.34656769310106
Simulation_000001,Aluminium 6061,38.79347079957477,0.449226215865628,0.7827934099148444,307.34656781191774
Simulation_000001,Aluminium 6061,38.79347079957477,0.46471677503340825,0.7827934099148444,307.3465682894809
Simulation_000001,Aluminium 6061,38.79347079957477,0.48020733420118855,0.7827934099148444,307.3465694817504
Simulation_000001,Aluminium 6061,38.79347079957477,0.4956978933689688,0.7827934099148444,307.34657219502014
Simulation_000001,Aluminium 6061,38.79347079957477,0.511188452536749,0.7827934099148444,307.3465780443604
Simulation_000001,Aluminium 6061,38.79347079957477,0.5266790117045294,0.7827934099148444,307.3465900888583
Simulation_000001,Aluminium 6061,38.79347079957477,0.5421695708723097,0.7827934099148444,307.34661384975
Simulation_000001,Aluminium 6061,38.79347079957477,0.5576601300400899,0.7827934099148444,307.34665883663934
Simulation_000001,Aluminium 6061,38.79347079957477,0.5731506892078702,0.7827934099148444,307.3467406907032
Simulation_000001,Aluminium 6061,38.79347079957477,0.5886412483756505,0.7827934099148444,307.34688398451
Simulation_000001,Aluminium 6061,38.79347079957477,0.6041318075434308,0.7827934099148444,307.3471255705458
Simulation_000001,Aluminium 6061,38.79347079957477,0.619622366711211,0.7827934099148444,307.34751809879737
Simulation_000001,Aluminium 6061,38.79347079957477,0.6351129258789913,0.7827934099148444,307.3481328251617
Simulation_000001,Aluminium 6061,38.79347079957477,0.6506034850467716,0.7827934099148444,307.34905985403714
Simulation_000001,Aluminium 6061,38.79347079957477,0.6660940442145519,0.7827934099148444,307.3504019051267
Simulation_000001,Aluminium 6061,38.79347079957477,0.6815846033823321,0.7827934099148444,307.3522534123715
Simulation_000001,Aluminium 6061,38.79347079957477,0.6970751625501124,0.7827934099148444,307.35464914356527
Simulation_000001,Aluminium 6061,38.79347079957477,0.7125657217178927,0.7827934099148444,307.3574612492492
Simulation_000001,Aluminium 6061,38.79347079957477,0.0,0.8009979078198407,394.9941615334931
Simulation_000001,Aluminium 6061,38.79347079957477,0.015490559167780275,0.8009979078198407,380.379813511206
Simulation_000001,Aluminium 6061,38.79347079957477,0.03098111833556055,0.8009979078198407,366.3980707899778
Simulation_000001,Aluminium 6061,38.79347079957477,0.04647167750334082,0.8009979078198407,353.5950002858171
Simulation_000001,Aluminium 6061,38.79347079957477,0.0619622366711211,0.8009979078198407,342.3740712513181
Simulation_000001,Aluminium 6061,38.79347079957477,0.07745279583890137,0.8009979078198407,332.9629960978753
Simulation_000001,Aluminium 6061,38.79347079957477,0.09294335500668165,0.8009979078198407,325.4111443744382
Simulation_000001,Aluminium 6061,38.79347079957477,0.10843391417446192,0.8009979078198407,319.6147306978572
Simulation_000001,Aluminium 6061,38.79347079957477,0.1239244733422422,0.8009979078198407,315.36046371627754
Simulation_000001,Aluminium 6061,38.79347079957477,0.13941503251002246,0.8009979078198407,312.37579696143786
Simulation_000001,Aluminium 6061,38.79347079957477,0.15490559167780274,0.8009979078198407,310.37503226688744
Simulation_000001,Aluminium 6061,38.79347079957477,0.17039615084558302,0.8009979078198407,309.0941063260308
Simulation_000001,Aluminium 6061,38.79347079957477,0.1858867100133633,0.8009979078198407,308.31130341585396
Simulation_000001,Aluminium 6061,38.79347079957477,0.20137726918114357,0.8009979078198407,307.85492428193965
Simulation_000001,Aluminium 6061,38.79347079957477,0.21686782834892385,0.8009979078198407,307.60126046056246
Simulation_000001,Aluminium 6061,38.79347079957477,0.23235838751670412,0.8009979078198407,307.4669429063914
Simulation_000001,Aluminium 6061,38.79347079957477,0.2478489466844844,0.8009979078198407,307.39924182751537
Simulation_000001,Aluminium 6061,38.79347079957477,0.2633395058522647,0.8009979078198407,307.3667887419805
Simulation_000001,Aluminium 6061,38.79347079957477,0.2788300650200449,0.8009979078198407,307.3520085041859
Simulation_000001,Aluminium 6061,38.79347079957477,0.29432062418782523,0.8009979078198407,307.34562008218876
Simulation_000001,Aluminium 6061,38.79347079957477,0.3098111833556055,0.8009979078198407,307.3430027207034
Simulation_000001,Aluminium 6061,38.79347079957477,0.3253017425233858,0.8009979078198407,307.3419876253718
Simulation_000001,Aluminium 6061,38.79347079957477,0.34079230169116603,0.8009979078198407,307.34161551152533
Simulation_000001,Aluminium 6061,38.79347079957477,0.35628286085894634,0.8009979078198407,307.3414867883701
Simulation_000001,Aluminium 6061,38.79347079957477,0.3717734200267266,0.8009979078198407,307.34144484457875
Simulation_000001,Aluminium 6061,38.79347079957477,0.3872639791945069,0.8009979078198407,307.3414319965898
Simulation_000001,Aluminium 6061,38.79347079957477,0.40275453836228714,0.8009979078198407,307.34142831057903
Simulation_000001,Aluminium 6061,38.79347079957477,0.41824509753006744,0.8009979078198407,307.34142734480366
Simulation_000001,Aluminium 6061,38.79347079957477,0.4337356566978477,0.8009979078198407,307.3414271826964
Simulation_000001,Aluminium 6061,38.79347079957477,0.449226215865628,0.8009979078198407,307.34142736405846
Simulation_000001,Aluminium 6061,38.79347079957477,0.46471677503340825,0.8009979078198407,307.34142795472894
Simulation_000001,Aluminium 6061,38.79347079957477,0.48020733420118855,0.8009979078198407,307.34142938099586
Simulation_000001,Aluminium 6061,38.79347079957477,0.4956978933689688,0.8009979078198407,307.34143259832695
Simulation_000001,Aluminium 6061,38.79347079957477,0.511188452536749,0.8009979078198407,307.3414395219716
Simulation_000001,Aluminium 6061,38.79347079957477,0.5266790117045294,0.8009979078198407,307.3414537914745
Simulation_000001,Aluminium 6061,38.79347079957477,0.5421695708723097,0.8009979078198407,307.3414820107455
Simulation_000001,Aluminium 6061,38.79347079957477,0.5576601300400899,0.8009979078198407,307.34153564473917
Simulation_000001,Aluminium 6061,38.79347079957477,0.5731506892078702,0.8009979078198407,307.3416337682856
Simulation_000001,Aluminium 6061,38.79347079957477,0.5886412483756505,0.8009979078198407,307.3418068481856
Simulation_000001,Aluminium 6061,38.79347079957477,0.6041318075434308,0.8009979078198407,307.3421016934789
Simulation_000001,Aluminium 6061,38.79347079957477,0.619622366711211,0.8009979078198407,307.3425876297554
Simulation_000001,Aluminium 6061,38.79347079957477,0.6351129258789913,0.8009979078198407,307.3433638108205
Simulation_000001,Aluminium 6061,38.79347079957477,0.6506034850467716,0.8009979078198407,307.34456717379175
Simulation_000001,Aluminium 6061,38.79347079957477,0.6660940442145519,0.8009979078198407,307.34637898356334
Simulation_000001,Aluminium 6061,38.79347079957477,0.6815846033823321,0.8009979078198407,307.34902172391696
Simulation_000001,Aluminium 6061,38.79347079957477,0.6970751625501124,0.8009979078198407,307.3527141608377
Simulation_000001,Aluminium 6061,38.79347079957477,0.7125657217178927,0.8009979078198407,307.3574612492492
Simulation_000001,Aluminium 6061,38.79347079957477,0.0,0.819202405724837,394.9941615334931
Simulation_000001,Aluminium 6061,38.79347079957477,0.015490559167780275,0.819202405724837,380.3596055484381
Simulation_000001,Aluminium 6061,38.79347079957477,0.03098111833556055,0.819202405724837,366.37327063442353
Simulation_000001,Aluminium 6061,38.79347079957477,0.04647167750334082,0.819202405724837,353.5712122502624
Simulation_000001,Aluminium 6061,38.79347079957477,0.0619622366711211,0.819202405724837,342.35317478190075
Simulation_000001,Aluminium 6061,38.79347079957477,0.07745279583890137,0.819202405724837,332.94535295715735
Simulation_000001,Aluminium 6061,38.79347079957477,0.09294335500668165,0.819202405724837,325.3964738771498
Simulation_000001,Aluminium 6061,38.79347079957477,0.10843391417446192,0.819202405724837,319.6025062070261
Simulation_000001,Aluminium 6061,38.79347079957477,0.1239244733422422,0.819202405724837,315.35011056419614
Simulation_000001,Aluminium 6061,38.79347079957477,0.13941503251002246,0.819202405724837,312.3667920455009
Simulation_000001,Aluminium 6061,38.79347079957477,0.15490559167780274,0.819202405724837,310.36694740293143
Simulation_000001,Aluminium 6061,38.79347079957477,0.17039615084558302,0.819202405724837,309.0866178111367
Simulation_000001,Aluminium 6061,38.79347079957477,0.1858867100133633,0.819202405724837,308.30418252204635
Simulation_000001,Aluminium 6061,38.79347079957477,0.20137726918114357,0.819202405724837,307.84801903067256
Simulation_000001,Aluminium 6061,38.79347079957477,0.21686782834892385,0.819202405724837,307.5944755786309
Simulation_000001,Aluminium 6061,38.79347079957477,0.23235838751670412,0.819202405724837,307.4602219416906
Simulation_000001,Aluminium 6061,38.79347079957477,0.2478489466844844,0.819202405724837,307.39255313330335
Simulation_000001,Aluminium 6061,38.79347079957477,0.2633395058522647,0.819202405724837,307.3601155267519
Simulation_000001,Aluminium 6061,38.79347079957477,0.2788300650200449,0.819202405724837,307.34534233533697
Simulation_000001,Aluminium 6061,38.79347079957477,0.29432062418782523,0.819202405724837,307.3389569530129
Simulation_000001,Aluminium 6061,38.79347079957477,0.3098111833556055,0.819202405724837,307.33634083133666
Simulation_000001,Aluminium 6061,38.79347079957477,0.3253017425233858,0.819202405724837,307.33532621272104
Simulation_000001,Aluminium 6061,38.79347079957477,0.34079230169116603,0.819202405724837,307.3349542713234
Simulation_000001,Aluminium 6061,38.79347079957477,0.35628286085894634,0.819202405724837,307.33482560765265
Simulation_000001,Aluminium 6061,38.79347079957477,0.3717734200267266,0.819202405724837,307.3347836851749
Simulation_000001,Aluminium 6061,38.79347079957477,0.3872639791945069,0.819202405724837,307.33477084764263
Simulation_000001,Aluminium 6061,38.79347079957477,0.40275453836228714,0.819202405724837,307.33476717033744
Simulation_000001,Aluminium 6061,38.79347079957477,0.41824509753006744,0.819202405724837,307.33476621489723
Simulation_000001,Aluminium 6061,38.79347079957477,0.4337356566978477,0.819202405724837,307.3347660679434
Simulation_000001,Aluminium 6061,38.79347079957477,0.449226215865628,0.819202405724837,307.3347662767687
Simulation_000001,Aluminium 6061,38.79347079957477,0.46471677503340825,0.819202405724837,307.3347669251035
Simulation_000001,Aluminium 6061,38.79347079957477,0.48020733420118855,0.819202405724837,307.3347684792931
Simulation_000001,Aluminium 6061,38.79347079957477,0.4956978933689688,0.819202405724837,307.3347719793561
Simulation_000001,Aluminium 6061,38.79347079957477,0.511188452536749,0.819202405724837,307.3347795114838
Simulation_000001,Aluminium 6061,38.79347079957477,0.5266790117045294,0.819202405724837,307.3347950478762
Simulation_000001,Aluminium 6061,38.79347079957477,0.5421695708723097,0.819202405724837,307.33482581844953
Simulation_000001,Aluminium 6061,38.79347079957477,0.5576601300400899,0.819202405724837,307.3348844325655
Simulation_000001,Aluminium 6061,38.79347079957477,0.5731506892078702,0.819202405724837,307.3349920098701
Simulation_000001,Aluminium 6061,38.79347079957477,0.5886412483756505,0.819202405724837,307.33518261779903
Simulation_000001,Aluminium 6061,38.79347079957477,0.6041318075434308,0.819202405724837,307.3355093834786
Simulation_000001,Aluminium 6061,38.79347079957477,0.619622366711211,0.819202405724837,307.3360528447062
Simulation_000001,Aluminium 6061,38.79347079957477,0.6351129258789913,0.819202405724837,307.33693265898904
Simulation_000001,Aluminium 6061,38.79347079957477,0.6506034850467716,0.819202405724837,307.33832525556375
Simulation_000001,Aluminium 6061,38.79347079957477,0.6660940442145519,0.819202405724837,307.340493805946
Simulation_000001,Aluminium 6061,38.79347079957477,0.6815846033823321,0.819202405724837,307.34384692543847
Simulation_000001,Aluminium 6061,38.79347079957477,0.6970751625501124,0.819202405724837,307.349070567046
Simulation_000001,Aluminium 6061,38.79347079957477,0.7125657217178927,0.819202405724837,307.3574612492492
Simulation_000001,Aluminium 6061,38.79347079957477,0.0,0.8374069036298335,394.9941615334931
Simulation_000001,Aluminium 6061,38.79347079957477,0.015490559167780275,0.8374069036298335,380.3061492649349
Simulation_000001,Aluminium 6061,38.79347079957477,0.03098111833556055,0.8374069036298335,366.328467615073
Simulation_000001,Aluminium 6061,38.79347079957477,0.04647167750334082,0.8374069036298335,353.53432979005606
Simulation_000001,Aluminium 6061,38.79347079957477,0.0619622366711211,0.8374069036298335,342.3232328563009
Simulation_000001,Aluminium 6061,38.79347079957477,0.07745279583890137,0.8374069036298335,332.9212315962623
Simulation_000001,Aluminium 6061,38.79347079957477,0.09294335500668165,0.8374069036298335,325.37702296388363
Simulation_000001,Aluminium 6061,38.79347079957477,0.10843391417446192,0.8374069036298335,319.58663998789535
Simulation_000001,Aluminium 6061,38.79347079957477,0.1239244733422422,0.8374069036298335,315.33687527754375
Simulation_000001,Aluminium 6061,38.79347079957477,0.13941503251002246,0.8374069036298335,312.3554025206834
Simulation_000001,Aluminium 6061,38.79347079957477,0.15490559167780274,0.8374069036298335,310.35679517037545
Simulation_000001,Aluminium 6061,38.79347079957477,0.17039615084558302,0.8374069036298335,309.07725771106067
Simulation_000001,Aluminium 6061,38.79347079957477,0.1858867100133633,0.8374069036298335,308.2953065101378
Simulation_000001,Aluminium 6061,38.79347079957477,0.20137726918114357,0.8374069036298335,307.8394252444659
Simulation_000001,Aluminium 6061,38.79347079957477,0.21686782834892385,0.8374069036298335,307.58603865828496
Simulation_000001,Aluminium 6061,38.79347079957477,0.23235838751670412,0.8374069036298335,307.4518680832898
Simulation_000001,Aluminium 6061,38.79347079957477,0.2478489466844844,0.8374069036298335,307.3842411412012
Simulation_000001,Aluminium 6061,38.79347079957477,0.2633395058522647,0.8374069036298335,307.3518236036084
Simulation_000001,Aluminium 6061,38.79347079957477,0.2788300650200449,0.8374069036298335,307.33705955228123
Simulation_000001,Aluminium 6061,38.79347079957477,0.29432062418782523,0.8374069036298335,307.33067812055606
Simulation_000001,Aluminium 6061,38.79347079957477,0.3098111833556055,0.8374069036298335,307.3280636174591
Simulation_000001,Aluminium 6061,38.79347079957477,0.3253017425233858,0.8374069036298335,307.32704962658215
Simulation_000001,Aluminium 6061,38.79347079957477,0.34079230169116603,0.8374069036298335,307.3266779153025
Simulation_000001,Aluminium 6061,38.79347079957477,0.35628286085894634,0.8374069036298335,307.3265493312352
Simulation_000001,Aluminium 6061,38.79347079957477,0.3717734200267266,0.8374069036298335,307.32650743469463
Simulation_000001,Aluminium 6061,38.79347079957477,0.3872639791945069,0.8374069036298335,307.32649460510487
Simulation_000001,Aluminium 6061,38.79347079957477,0.40275453836228714,0.8374069036298335,307.32649093007484
Simulation_000001,Aluminium 6061,38.79347079957477,0.41824509753006744,0.8374069036298335,307.32648997522574
Simulation_000001,Aluminium 6061,38.79347079957477,0.4337356566978477,0.8374069036298335,307.32648982836287
Simulation_000001,Aluminium 6061,38.79347079957477,0.449226215865628,0.8374069036298335,307.32649003705893
Simulation_000001,Aluminium 6061,38.79347079957477,0.46471677503340825,0.8374069036298335,307.3264906849926
Simulation_000001,Aluminium 6061,38.79347079957477,0.48020733420118855,0.8374069036298335,307.3264922382206
Simulation_000001,Aluminium 6061,38.79347079957477,0.4956978933689688,0.8374069036298335,307.3264957361182
Simulation_000001,Aluminium 6061,38.79347079957477,0.511188452536749,0.8374069036298335,307.32650326358583
Simulation_000001,Aluminium 6061,38.79347079957477,0.5266790117045294,0.8374069036298335,307.3265187903659
Simulation_000001,Aluminium 6061,38.79347079957477,0.5421695708723097,0.8374069036298335,307.32654954190167
Simulation_000001,Aluminium 6061,38.79347079957477,0.5576601300400899,0.8374069036298335,307.3266081197534
Simulation_000001,Aluminium 6061,38.79347079957477,0.5731506892078702,0.8374069036298335,307.3267156305006
Simulation_000001,Aluminium 6061,38.79347079957477,0.5886412483756505,0.8374069036298335,307.3269061205015
Simulation_000001,Aluminium 6061,38.79347079957477,0.6041318075434308,0.8374069036298335,307.32723268401304
Simulation_000001,Aluminium 6061,38.79347079957477,0.619622366711211,0.8374069036298335,307.3277758090043
Simulation_000001,Aluminium 6061,38.79347079957477,0.6351129258789913,0.8374069036298335,307.3286550789512
Simulation_000001,Aluminium 6061,38.79347079957477,0.6506034850467716,0.8374069036298335,307.3300468139345
Simulation_000001,Aluminium 6061,38.79347079957477,0.6660940442145519,0.8374069036298335,307.3322140226472
Simulation_000001,Aluminium 6061,38.79347079957477,0.6815846033823321,0.8374069036298335,307.3355650675841
Simulation_000001,Aluminium 6061,38.79347079957477,0.6970751625501124,0.8374069036298335,307.3407854773549
Simulation_000001,Aluminium 6061,38.79347079957477,0.7125657217178927,0.8374069036298335,307.3491709682918
