x_m,y_m,z_m,time_s,temperature_K
0.0,0.0,0.0,0.0,300.0
0.0,0.0,0.1111111111111111,0.0,300.0000000000014
0.0,0.0,0.2222222222222222,0.0,300.0000000000586
0.0,0.0,0.3333333333333333,0.0,300.0000000006926
0.0,0.0,0.4444444444444444,0.0,300.0000000023804
0.0,0.0,0.5555555555555556,0.0,300.0000000023804
0.0,0.0,0.6666666666666666,0.0,300.0000000006926
0.0,0.0,0.7777777777777777,0.0,300.0000000000586
0.0,0.0,0.8888888888888888,0.0,300.0000000000014
0.0,0.0,1.0,0.0,300.0
0.0,0.1111111111111111,0.0,0.0,300.0000000000014
0.0,0.1111111111111111,0.1111111111111111,0.0,300.0000000002015
0.0,0.1111111111111111,0.2222222222222222,0.0,300.00000000818113
0.0,0.1111111111111111,0.3333333333333333,0.0,300.0000000966374
0.0,0.1111111111111111,0.4444444444444444,0.0,300.00000033213246
0.0,0.1111111111111111,0.5555555555555556,0.0,300.00000033213246
0.0,0.1111111111111111,0.6666666666666666,0.0,300.0000000966374
0.0,0.1111111111111111,0.7777777777777777,0.0,300.00000000818113
0.0,0.1111111111111111,0.8888888888888888,0.0,300.0000000002015
0.0,0.1111111111111111,1.0,0.0,300.0000000000014
0.0,0.2222222222222222,0.0,0.0,300.0000000000586
0.0,0.2222222222222222,0.1111111111111111,0.0,300.00000000818113
0.0,0.2222222222222222,0.2222222222222222,0.0,300.00000033213246
0.0,0.2222222222222222,0.3333333333333333,0.0,300.00000392322625
0.0,0.2222222222222222,0.4444444444444444,0.0,300.0000134837094
0.0,0.2222222222222222,0.5555555555555556,0.0,300.0000134837094
0.0,0.2222222222222222,0.6666666666666666,0.0,300.00000392322625
0.0,0.2222222222222222,0.7777777777777777,0.0,300.00000033213246
0.0,0.2222222222222222,0.8888888888888888,0.0,300.00000000818113
0.0,0.2222222222222222,1.0,0.0,300.0000000000586
0.0,0.3333333333333333,0.0,0.0,300.0000000006926
0.0,0.3333333333333333,0.1111111111111111,0.0,300.0000000966374
0.0,0.3333333333333333,0.2222222222222222,0.0,300.00000392322625
0.0,0.3333333333333333,0.3333333333333333,0.0,300.0000463420681
0.0,0.3333333333333333,0.4444444444444444,0.0,300.0001592727351
0.0,0.3333333333333333,0.5555555555555556,0.0,300.0001592727351
0.0,0.3333333333333333,0.6666666666666666,0.0,300.0000463420681
0.0,0.3333333333333333,0.7777777777777777,0.0,300.00000392322625
0.0,0.3333333333333333,0.8888888888888888,0.0,300.0000000966374
0.0,0.3333333333333333,1.0,0.0,300.0000000006926
0.0,0.4444444444444444,0.0,0.0,300.0000000023804
0.0,0.4444444444444444,0.1111111111111111,0.0,300.00000033213246
0.0,0.4444444444444444,0.2222222222222222,0.0,300.0000134837094
0.0,0.4444444444444444,0.3333333333333333,0.0,300.0001592727351
0.0,0.4444444444444444,0.4444444444444444,0.0,300.00054740336793
0.0,0.4444444444444444,0.5555555555555556,0.0,300.00054740336793
0.0,0.4444444444444444,0.6666666666666666,0.0,300.0001592727351
0.0,0.4444444444444444,0.7777777777777777,0.0,300.0000134837094
0.0,0.4444444444444444,0.8888888888888888,0.0,300.00000033213246
0.0,0.4444444444444444,1.0,0.0,300.0000000023804
0.0,0.5555555555555556,0.0,0.0,300.0000000023804
0.0,0.5555555555555556,0.1111111111111111,0.0,300.00000033213246
0.0,0.5555555555555556,0.2222222222222222,0.0,300.0000134837094
0.0,0.5555555555555556,0.3333333333333333,0.0,300.0001592727351
0.0,0.5555555555555556,0.4444444444444444,0.0,300.00054740336793
0.0,0.5555555555555556,0.5555555555555556,0.0,300.00054740336793
0.0,0.5555555555555556,0.6666666666666666,0.0,300.0001592727351
0.0,0.5555555555555556,0.7777777777777777,0.0,300.0000134837094
0.0,0.5555555555555556,0.8888888888888888,0.0,300.00000033213246
0.0,0.5555555555555556,1.0,0.0,300.0000000023804
0.0,0.6666666666666666,0.0,0.0,300.0000000006926
0.0,0.6666666666666666,0.1111111111111111,0.0,300.0000000966374
0.0,0.6666666666666666,0.2222222222222222,0.0,300.00000392322625
0.0,0.6666666666666666,0.3333333333333333,0.0,300.0000463420681
0.0,0.6666666666666666,0.4444444444444444,0.0,300.0001592727351
0.0,0.6666666666666666,0.5555555555555556,0.0,300.0001592727351
0.0,0.6666666666666666,0.6666666666666666,0.0,300.0000463420681
0.0,0.6666666666666666,0.7777777777777777,0.0,300.00000392322625
0.0,0.6666666666666666,0.8888888888888888,0.0,300.0000000966374
0.0,0.6666666666666666,1.0,0.0,300.0000000006926
0.0,0.7777777777777777,0.0,0.0,300.0000000000586
0.0,0.7777777777777777,0.1111111111111111,0.0,300.00000000818113
0.0,0.7777777777777777,0.2222222222222222,0.0,300.00000033213246
0.0,0.7777777777777777,0.3333333333333333,0.0,300.00000392322625
0.0,0.7777777777777777,0.4444444444444444,0.0,300.0000134837094
0.0,0.7777777777777777,0.5555555555555556,0.0,300.0000134837094
0.0,0.7777777777777777,0.6666666666666666,0.0,300.00000392322625
0.0,0.7777777777777777,0.7777777777777777,0.0,300.00000033213246
0.0,0.7777777777777777,0.8888888888888888,0.0,300.00000000818113
0.0,0.7777777777777777,1.0,0.0,300.0000000000586
0.0,0.8888888888888888,0.0,0.0,300.0000000000014
0.0,0.8888888888888888,0.1111111111111111,0.0,300.0000000002015
0.0,0.8888888888888888,0.2222222222222222,0.0,300.00000000818113
0.0,0.8888888888888888,0.3333333333333333,0.0,300.0000000966374
0.0,0.8888888888888888,0.4444444444444444,0.0,300.00000033213246
0.0,0.8888888888888888,0.5555555555555556,0.0,300.00000033213246
0.0,0.8888888888888888,0.6666666666666666,0.0,300.0000000966374
0.0,0.8888888888888888,0.7777777777777777,0.0,300.00000000818113
0.0,0.8888888888888888,0.8888888888888888,0.0,300.0000000002015
0.0,0.8888888888888888,1.0,0.0,300.0000000000014
0.0,1.0,0.0,0.0,300.0
0.0,1.0,0.1111111111111111,0.0,300.0000000000014
0.0,1.0,0.2222222222222222,0.0,300.0000000000586
0.0,1.0,0.3333333333333333,0.0,300.0000000006926
0.0,1.0,0.4444444444444444,0.0,300.0000000023804
0.0,1.0,0.5555555555555556,0.0,300.0000000023804
0.0,1.0,0.6666666666666666,0.0,300.0000000006926
0.0,1.0,0.7777777777777777,0.0,300.0000000000586
0.0,1.0,0.8888888888888888,0.0,300.0000000000014
0.0,1.0,1.0,0.0,300.0
0.1111111111111111,0.0,0.0,0.0,300.0000000000014
0.1111111111111111,0.0,0.1111111111111111,0.0,300.0000000002015
0.1111111111111111,0.0,0.2222222222222222,0.0,300.00000000818113
0.1111111111111111,0.0,0.3333333333333333,0.0,300.0000000966374
0.1111111111111111,0.0,0.4444444444444444,0.0,300.00000033213246
0.1111111111111111,0.0,0.5555555555555556,0.0,300.00000033213246
0.1111111111111111,0.0,0.6666666666666666,0.0,300.0000000966374
0.1111111111111111,0.0,0.7777777777777777,0.0,300.00000000818113
0.1111111111111111,0.0,0.8888888888888888,0.0,300.0000000002015
0.1111111111111111,0.0,1.0,0.0,300.0000000000014
0.1111111111111111,0.1111111111111111,0.0,0.0,300.0000000002015
0.1111111111111111,0.1111111111111111,0.1111111111111111,0.0,300.00000002811765
0.1111111111111111,0.1111111111111111,0.2222222222222222,0.0,300.00000114150373
0.1111111111111111,0.1111111111111111,0.3333333333333333,0.0,300.0000134837094
0.1111111111111111,0.1111111111111111,0.4444444444444444,0.0,300.0000463420681
0.1111111111111111,0.1111111111111111,0.5555555555555556,0.0,300.0000463420681
0.1111111111111111,0.1111111111111111,0.6666666666666666,0.0,300.0000134837094
0.1111111111111111,0.1111111111111111,0.7777777777777777,0.0,300.00000114150373
0.1111111111111111,0.1111111111111111,0.8888888888888888,0.0,300.00000002811765
0.1111111111111111,0.1111111111111111,1.0,0.0,300.0000000002015
0.1111111111111111,0.2222222222222222,0.0,0.0,300.00000000818113
0.1111111111111111,0.2222222222222222,0.1111111111111111,0.0,300.00000114150373
0.1111111111111111,0.2222222222222222,0.2222222222222222,0.0,300.0000463420681
0.1111111111111111,0.2222222222222222,0.3333333333333333,0.0,300.00054740336793
0.1111111111111111,0.2222222222222222,0.4444444444444444,0.0,300.0018813668705
0.1111111111111111,0.2222222222222222,0.5555555555555556,0.0,300.0018813668705
0.1111111111111111,0.2222222222222222,0.6666666666666666,0.0,300.00054740336793
0.1111111111111111,0.2222222222222222,0.7777777777777777,0.0,300.0000463420681
0.1111111111111111,0.2222222222222222,0.8888888888888888,0.0,300.00000114150373
0.1111111111111111,0.2222222222222222,1.0,0.0,300.00000000818113
0.1111111111111111,0.3333333333333333,0.0,0.0,300.0000000966374
0.1111111111111111,0.3333333333333333,0.1111111111111111,0.0,300.0000134837094
0.1111111111111111,0.3333333333333333,0.2222222222222222,0.0,300.00054740336793
0.1111111111111111,0.3333333333333333,0.3333333333333333,0.0,300.0064660568583
0.1111111111111111,0.3333333333333333,0.4444444444444444,0.0,300.02222314634616
0.1111111111111111,0.3333333333333333,0.5555555555555556,0.0,300.02222314634616
0.1111111111111111,0.3333333333333333,0.6666666666666666,0.0,300.0064660568583
0.1111111111111111,0.3333333333333333,0.7777777777777777,0.0,300.00054740336793
0.1111111111111111,0.3333333333333333,0.8888888888888888,0.0,300.0000134837094
0.1111111111111111,0.3333333333333333,1.0,0.0,300.0000000966374
0.1111111111111111,0.4444444444444444,0.0,0.0,300.00000033213246
0.1111111111111111,0.4444444444444444,0.1111111111111111,0.0,300.0000463420681
0.1111111111111111,0.4444444444444444,0.2222222222222222,0.0,300.0018813668705
0.1111111111111111,0.4444444444444444,0.3333333333333333,0.0,300.02222314634616
0.1111111111111111,0.4444444444444444,0.4444444444444444,0.0,300.0763785788382
0.1111111111111111,0.4444444444444444,0.5555555555555556,0.0,300.0763785788382
0.1111111111111111,0.4444444444444444,0.6666666666666666,0.0,300.02222314634616
0.1111111111111111,0.4444444444444444,0.7777777777777777,0.0,300.0018813668705
0.1111111111111111,0.4444444444444444,0.8888888888888888,0.0,300.0000463420681
0.1111111111111111,0.4444444444444444,1.0,0.0,300.00000033213246
0.1111111111111111,0.5555555555555556,0.0,0.0,300.00000033213246
0.1111111111111111,0.5555555555555556,0.1111111111111111,0.0,300.0000463420681
0.1111111111111111,0.5555555555555556,0.2222222222222222,0.0,300.0018813668705
0.1111111111111111,0.5555555555555556,0.3333333333333333,0.0,300.02222314634616
0.1111111111111111,0.5555555555555556,0.4444444444444444,0.0,300.0763785788382
0.1111111111111111,0.5555555555555556,0.5555555555555556,0.0,300.0763785788382
0.1111111111111111,0.5555555555555556,0.6666666666666666,0.0,300.02222314634616
0.1111111111111111,0.5555555555555556,0.7777777777777777,0.0,300.0018813668705
0.1111111111111111,0.5555555555555556,0.8888888888888888,0.0,300.0000463420681
0.1111111111111111,0.5555555555555556,1.0,0.0,300.00000033213246
0.1111111111111111,0.6666666666666666,0.0,0.0,300.0000000966374
0.1111111111111111,0.6666666666666666,0.1111111111111111,0.0,300.0000134837094
0.1111111111111111,0.6666666666666666,0.2222222222222222,0.0,300.00054740336793
0.1111111111111111,0.6666666666666666,0.3333333333333333,0.0,300.0064660568583
0.1111111111111111,0.6666666666666666,0.4444444444444444,0.0,300.02222314634616
0.1111111111111111,0.6666666666666666,0.5555555555555556,0.0,300.02222314634616
0.1111111111111111,0.6666666666666666,0.6666666666666666,0.0,300.0064660568583
0.1111111111111111,0.6666666666666666,0.7777777777777777,0.0,300.00054740336793
0.1111111111111111,0.6666666666666666,0.8888888888888888,0.0,300.0000134837094
0.1111111111111111,0.6666666666666666,1.0,0.0,300.0000000966374
0.1111111111111111,0.7777777777777777,0.0,0.0,300.00000000818113
0.1111111111111111,0.7777777777777777,0.1111111111111111,0.0,300.00000114150373
0.1111111111111111,0.7777777777777777,0.2222222222222222,0.0,300.0000463420681
0.1111111111111111,0.7777777777777777,0.3333333333333333,0.0,300.00054740336793
0.1111111111111111,0.7777777777777777,0.4444444444444444,0.0,300.0018813668705
0.1111111111111111,0.7777777777777777,0.5555555555555556,0.0,300.0018813668705
0.1111111111111111,0.7777777777777777,0.6666666666666666,0.0,300.00054740336793
0.1111111111111111,0.7777777777777777,0.7777777777777777,0.0,300.0000463420681
0.1111111111111111,0.7777777777777777,0.8888888888888888,0.0,300.00000114150373
0.1111111111111111,0.7777777777777777,1.0,0.0,300.00000000818113
0.1111111111111111,0.8888888888888888,0.0,0.0,300.0000000002015
0.1111111111111111,0.8888888888888888,0.1111111111111111,0.0,300.00000002811765
0.1111111111111111,0.8888888888888888,0.2222222222222222,0.0,300.00000114150373
0.1111111111111111,0.8888888888888888,0.3333333333333333,0.0,300.0000134837094
0.1111111111111111,0.8888888888888888,0.4444444444444444,0.0,300.0000463420681
0.1111111111111111,0.8888888888888888,0.5555555555555556,0.0,300.0000463420681
0.1111111111111111,0.8888888888888888,0.6666666666666666,0.0,300.0000134837094
0.1111111111111111,0.8888888888888888,0.7777777777777777,0.0,300.00000114150373
0.1111111111111111,0.8888888888888888,0.8888888888888888,0.0,300.00000002811765
0.1111111111111111,0.8888888888888888,1.0,0.0,300.0000000002015
0.1111111111111111,1.0,0.0,0.0,300.0000000000014
0.1111111111111111,1.0,0.1111111111111111,0.0,300.0000000002015
0.1111111111111111,1.0,0.2222222222222222,0.0,300.00000000818113
0.1111111111111111,1.0,0.3333333333333333,0.0,300.0000000966374
0.1111111111111111,1.0,0.4444444444444444,0.0,300.00000033213246
0.1111111111111111,1.0,0.5555555555555556,0.0,300.00000033213246
0.1111111111111111,1.0,0.6666666666666666,0.0,300.0000000966374
0.1111111111111111,1.0,0.7777777777777777,0.0,300.00000000818113
0.1111111111111111,1.0,0.8888888888888888,0.0,300.0000000002015
0.1111111111111111,1.0,1.0,0.0,300.0000000000014
0.2222222222222222,0.0,0.0,0.0,300.0000000000586
0.2222222222222222,0.0,0.1111111111111111,0.0,300.00000000818113
0.2222222222222222,0.0,0.2222222222222222,0.0,300.00000033213246
0.2222222222222222,0.0,0.3333333333333333,0.0,300.00000392322625
0.2222222222222222,0.0,0.4444444444444444,0.0,300.0000134837094
0.2222222222222222,0.0,0.5555555555555556,0.0,300.0000134837094
0.2222222222222222,0.0,0.6666666666666666,0.0,300.00000392322625
0.2222222222222222,0.0,0.7777777777777777,0.0,300.00000033213246
0.2222222222222222,0.0,0.8888888888888888,0.0,300.00000000818113
0.2222222222222222,0.0,1.0,0.0,300.0000000000586
0.2222222222222222,0.1111111111111111,0.0,0.0,300.00000000818113
0.2222222222222222,0.1111111111111111,0.1111111111111111,0.0,300.00000114150373
0.2222222222222222,0.1111111111111111,0.2222222222222222,0.0,300.0000463420681
0.2222222222222222,0.1111111111111111,0.3333333333333333,0.0,300.00054740336793
0.2222222222222222,0.1111111111111111,0.4444444444444444,0.0,300.0018813668705
0.2222222222222222,0.1111111111111111,0.5555555555555556,0.0,300.0018813668705
0.2222222222222222,0.1111111111111111,0.6666666666666666,0.0,300.00054740336793
0.2222222222222222,0.1111111111111111,0.7777777777777777,0.0,300.0000463420681
0.2222222222222222,0.1111111111111111,0.8888888888888888,0.0,300.00000114150373
0.2222222222222222,0.1111111111111111,1.0,0.0,300.00000000818113
0.2222222222222222,0.2222222222222222,0.0,0.0,300.00000033213246
0.2222222222222222,0.2222222222222222,0.1111111111111111,0.0,300.0000463420681
0.2222222222222222,0.2222222222222222,0.2222222222222222,0.0,300.0018813668705
0.2222222222222222,0.2222222222222222,0.3333333333333333,0.0,300.02222314634616
0.2222222222222222,0.2222222222222222,0.4444444444444444,0.0,300.0763785788382
0.2222222222222222,0.2222222222222222,0.5555555555555556,0.0,300.0763785788382
0.2222222222222222,0.2222222222222222,0.6666666666666666,0.0,300.02222314634616
0.2222222222222222,0.2222222222222222,0.7777777777777777,0.0,300.0018813668705
0.2222222222222222,0.2222222222222222,0.8888888888888888,0.0,300.0000463420681
0.2222222222222222,0.2222222222222222,1.0,0.0,300.00000033213246
0.2222222222222222,0.3333333333333333,0.0,0.0,300.00000392322625
0.2222222222222222,0.3333333333333333,0.1111111111111111,0.0,300.00054740336793
0.2222222222222222,0.3333333333333333,0.2222222222222222,0.0,300.02222314634616
0.2222222222222222,0.3333333333333333,0.3333333333333333,0.0,300.26250501231806
0.2222222222222222,0.3333333333333333,0.4444444444444444,0.0,300.90220167146657
0.2222222222222222,0.3333333333333333,0.5555555555555556,0.0,300.90220167146657
0.2222222222222222,0.3333333333333333,0.6666666666666666,0.0,300.26250501231806
0.2222222222222222,0.3333333333333333,0.7777777777777777,0.0,300.02222314634616
0.2222222222222222,0.3333333333333333,0.8888888888888888,0.0,300.00054740336793
0.2222222222222222,0.3333333333333333,1.0,0.0,300.00000392322625
0.2222222222222222,0.4444444444444444,0.0,0.0,300.0000134837094
0.2222222222222222,0.4444444444444444,0.1111111111111111,0.0,300.0018813668705
0.2222222222222222,0.4444444444444444,0.2222222222222222,0.0,300.0763785788382
0.2222222222222222,0.4444444444444444,0.3333333333333333,0.0,300.90220167146657
0.2222222222222222,0.4444444444444444,0.4444444444444444,0.0,303.10077071980186
0.2222222222222222,0.4444444444444444,0.5555555555555556,0.0,303.10077071980186
0.2222222222222222,0.4444444444444444,0.6666666666666666,0.0,300.90220167146657
0.2222222222222222,0.4444444444444444,0.7777777777777777,0.0,300.0763785788382
0.2222222222222222,0.4444444444444444,0.8888888888888888,0.0,300.0018813668705
0.2222222222222222,0.4444444444444444,1.0,0.0,300.0000134837094
0.2222222222222222,0.5555555555555556,0.0,0.0,300.0000134837094
0.2222222222222222,0.5555555555555556,0.1111111111111111,0.0,300.0018813668705
0.2222222222222222,0.5555555555555556,0.2222222222222222,0.0,300.0763785788382
0.2222222222222222,0.5555555555555556,0.3333333333333333,0.0,300.90220167146657
0.2222222222222222,0.5555555555555556,0.4444444444444444,0.0,303.10077071980186
0.2222222222222222,0.5555555555555556,0.5555555555555556,0.0,303.10077071980186
0.2222222222222222,0.5555555555555556,0.6666666666666666,0.0,300.90220167146657
0.2222222222222222,0.5555555555555556,0.7777777777777777,0.0,300.0763785788382
0.2222222222222222,0.5555555555555556,0.8888888888888888,0.0,300.0018813668705
0.2222222222222222,0.5555555555555556,1.0,0.0,300.0000134837094
0.2222222222222222,0.6666666666666666,0.0,0.0,300.00000392322625
0.2222222222222222,0.6666666666666666,0.1111111111111111,0.0,300.00054740336793
0.2222222222222222,0.6666666666666666,0.2222222222222222,0.0,300.02222314634616
0.2222222222222222,0.6666666666666666,0.3333333333333333,0.0,300.26250501231806
0.2222222222222222,0.6666666666666666,0.4444444444444444,0.0,300.90220167146657
0.2222222222222222,0.6666666666666666,0.5555555555555556,0.0,300.90220167146657
0.2222222222222222,0.6666666666666666,0.6666666666666666,0.0,300.26250501231806
0.2222222222222222,0.6666666666666666,0.7777777777777777,0.0,300.02222314634616
0.2222222222222222,0.6666666666666666,0.8888888888888888,0.0,300.00054740336793
0.2222222222222222,0.6666666666666666,1.0,0.0,300.00000392322625
0.2222222222222222,0.7777777777777777,0.0,0.0,300.00000033213246
0.2222222222222222,0.7777777777777777,0.1111111111111111,0.0,300.0000463420681
0.2222222222222222,0.7777777777777777,0.2222222222222222,0.0,300.0018813668705
0.2222222222222222,0.7777777777777777,0.3333333333333333,0.0,300.02222314634616
0.2222222222222222,0.7777777777777777,0.4444444444444444,0.0,300.0763785788382
0.2222222222222222,0.7777777777777777,0.5555555555555556,0.0,300.0763785788382
0.2222222222222222,0.7777777777777777,0.6666666666666666,0.0,300.02222314634616
0.2222222222222222,0.7777777777777777,0.7777777777777777,0.0,300.0018813668705
0.2222222222222222,0.7777777777777777,0.8888888888888888,0.0,300.0000463420681
0.2222222222222222,0.7777777777777777,1.0,0.0,300.00000033213246
0.2222222222222222,0.8888888888888888,0.0,0.0,300.00000000818113
0.2222222222222222,0.8888888888888888,0.1111111111111111,0.0,300.00000114150373
0.2222222222222222,0.8888888888888888,0.2222222222222222,0.0,300.0000463420681
0.2222222222222222,0.8888888888888888,0.3333333333333333,0.0,300.00054740336793
0.2222222222222222,0.8888888888888888,0.4444444444444444,0.0,300.0018813668705
0.2222222222222222,0.8888888888888888,0.5555555555555556,0.0,300.0018813668705
0.2222222222222222,0.8888888888888888,0.6666666666666666,0.0,300.00054740336793
0.2222222222222222,0.8888888888888888,0.7777777777777777,0.0,300.0000463420681
0.2222222222222222,0.8888888888888888,0.8888888888888888,0.0,300.00000114150373
0.2222222222222222,0.8888888888888888,1.0,0.0,300.00000000818113
0.2222222222222222,1.0,0.0,0.0,300.0000000000586
0.2222222222222222,1.0,0.1111111111111111,0.0,300.00000000818113
0.2222222222222222,1.0,0.2222222222222222,0.0,300.00000033213246
0.2222222222222222,1.0,0.3333333333333333,0.0,300.00000392322625
0.2222222222222222,1.0,0.4444444444444444,0.0,300.0000134837094
0.2222222222222222,1.0,0.5555555555555556,0.0,300.0000134837094
0.2222222222222222,1.0,0.6666666666666666,0.0,300.00000392322625
0.2222222222222222,1.0,0.7777777777777777,0.0,300.00000033213246
0.2222222222222222,1.0,0.8888888888888888,0.0,300.00000000818113
0.2222222222222222,1.0,1.0,0.0,300.0000000000586
0.3333333333333333,0.0,0.0,0.0,300.0000000006926
0.3333333333333333,0.0,0.1111111111111111,0.0,300.0000000966374
0.3333333333333333,0.0,0.2222222222222222,0.0,300.00000392322625
0.3333333333333333,0.0,0.3333333333333333,0.0,300.0000463420681
0.3333333333333333,0.0,0.4444444444444444,0.0,300.0001592727351
0.3333333333333333,0.0,0.5555555555555556,0.0,300.0001592727351
0.3333333333333333,0.0,0.6666666666666666,0.0,300.0000463420681
0.3333333333333333,0.0,0.7777777777777777,0.0,300.00000392322625
0.3333333333333333,0.0,0.8888888888888888,0.0,300.0000000966374
0.3333333333333333,0.0,1.0,0.0,300.0000000006926
0.3333333333333333,0.1111111111111111,0.0,0.0,300.0000000966374
0.3333333333333333,0.1111111111111111,0.1111111111111111,0.0,300.0000134837094
0.3333333333333333,0.1111111111111111,0.2222222222222222,0.0,300.00054740336793
0.3333333333333333,0.1111111111111111,0.3333333333333333,0.0,300.0064660568583
0.3333333333333333,0.1111111111111111,0.4444444444444444,0.0,300.02222314634616
0.3333333333333333,0.1111111111111111,0.5555555555555556,0.0,300.02222314634616
0.3333333333333333,0.1111111111111111,0.6666666666666666,0.0,300.0064660568583
0.3333333333333333,0.1111111111111111,0.7777777777777777,0.0,300.00054740336793
0.3333333333333333,0.1111111111111111,0.8888888888888888,0.0,300.0000134837094
0.3333333333333333,0.1111111111111111,1.0,0.0,300.0000000966374
0.3333333333333333,0.2222222222222222,0.0,0.0,300.00000392322625
0.3333333333333333,0.2222222222222222,0.1111111111111111,0.0,300.00054740336793
0.3333333333333333,0.2222222222222222,0.2222222222222222,0.0,300.02222314634616
0.3333333333333333,0.2222222222222222,0.3333333333333333,0.0,300.26250501231806
0.3333333333333333,0.2222222222222222,0.4444444444444444,0.0,300.90220167146657
0.3333333333333333,0.2222222222222222,0.5555555555555556,0.0,300.90220167146657
0.3333333333333333,0.2222222222222222,0.6666666666666666,0.0,300.26250501231806
0.3333333333333333,0.2222222222222222,0.7777777777777777,0.0,300.02222314634616
0.3333333333333333,0.2222222222222222,0.8888888888888888,0.0,300.00054740336793
0.3333333333333333,0.2222222222222222,1.0,0.0,300.00000392322625
0.3333333333333333,0.3333333333333333,0.0,0.0,300.0000463420681
0.3333333333333333,0.3333333333333333,0.1111111111111111,0.0,300.0064660568583
0.3333333333333333,0.3333333333333333,0.2222222222222222,0.0,300.26250501231806
0.3333333333333333,0.3333333333333333,0.3333333333333333,0.0,303.10077071980186
0.3333333333333333,0.3333333333333333,0.4444444444444444,0.0,310.6570175614409
0.3333333333333333,0.3333333333333333,0.5555555555555556,0.0,310.6570175614409
0.3333333333333333,0.3333333333333333,0.6666666666666666,0.0,303.10077071980186
0.3333333333333333,0.3333333333333333,0.7777777777777777,0.0,300.26250501231806
0.3333333333333333,0.3333333333333333,0.8888888888888888,0.0,300.0064660568583
0.3333333333333333,0.3333333333333333,1.0,0.0,300.0000463420681
0.3333333333333333,0.4444444444444444,0.0,0.0,300.0001592727351
0.3333333333333333,0.4444444444444444,0.1111111111111111,0.0,300.02222314634616
0.3333333333333333,0.4444444444444444,0.2222222222222222,0.0,300.90220167146657
0.3333333333333333,0.4444444444444444,0.3333333333333333,0.0,310.6570175614409
0.3333333333333333,0.4444444444444444,0.4444444444444444,0.0,336.62703036363723
0.3333333333333333,0.4444444444444444,0.5555555555555556,0.0,336.62703036363723
0.3333333333333333,0.4444444444444444,0.6666666666666666,0.0,310.6570175614409
0.3333333333333333,0.4444444444444444,0.7777777777777777,0.0,300.90220167146657
0.3333333333333333,0.4444444444444444,0.8888888888888888,0.0,300.02222314634616
0.3333333333333333,0.4444444444444444,1.0,0.0,300.0001592727351
0.3333333333333333,0.5555555555555556,0.0,0.0,300.0001592727351
0.3333333333333333,0.5555555555555556,0.1111111111111111,0.0,300.02222314634616
0.3333333333333333,0.5555555555555556,0.2222222222222222,0.0,300.90220167146657
0.3333333333333333,0.5555555555555556,0.3333333333333333,0.0,310.6570175614409
0.3333333333333333,0.5555555555555556,0.4444444444444444,0.0,336.62703036363723
0.3333333333333333,0.5555555555555556,0.5555555555555556,0.0,336.62703036363723
0.3333333333333333,0.5555555555555556,0.6666666666666666,0.0,310.6570175614409
0.3333333333333333,0.5555555555555556,0.7777777777777777,0.0,300.90220167146657
0.3333333333333333,0.5555555555555556,0.8888888888888888,0.0,300.02222314634616
0.3333333333333333,0.5555555555555556,1.0,0.0,300.0001592727351
0.3333333333333333,0.6666666666666666,0.0,0.0,300.0000463420681
0.3333333333333333,0.6666666666666666,0.1111111111111111,0.0,300.0064660568583
0.3333333333333333,0.6666666666666666,0.2222222222222222,0.0,300.26250501231806
0.3333333333333333,0.6666666666666666,0.3333333333333333,0.0,303.10077071980186
0.3333333333333333,0.6666666666666666,0.4444444444444444,0.0,310.6570175614409
0.3333333333333333,0.6666666666666666,0.5555555555555556,0.0,310.6570175614409
0.3333333333333333,0.6666666666666666,0.6666666666666666,0.0,303.10077071980186
0.3333333333333333,0.6666666666666666,0.7777777777777777,0.0,300.26250501231806
0.3333333333333333,0.6666666666666666,0.8888888888888888,0.0,300.0064660568583
0.3333333333333333,0.6666666666666666,1.0,0.0,300.0000463420681
0.3333333333333333,0.7777777777777777,0.0,0.0,300.00000392322625
0.3333333333333333,0.7777777777777777,0.1111111111111111,0.0,300.00054740336793
0.3333333333333333,0.7777777777777777,0.2222222222222222,0.0,300.02222314634616
0.3333333333333333,0.7777777777777777,0.3333333333333333,0.0,300.26250501231806
0.3333333333333333,0.7777777777777777,0.4444444444444444,0.0,300.90220167146657
0.3333333333333333,0.7777777777777777,0.5555555555555556,0.0,300.90220167146657
0.3333333333333333,0.7777777777777777,0.6666666666666666,0.0,300.26250501231806
0.3333333333333333,0.7777777777777777,0.7777777777777777,0.0,300.02222314634616
0.3333333333333333,0.7777777777777777,0.8888888888888888,0.0,300.00054740336793
0.3333333333333333,0.7777777777777777,1.0,0.0,300.00000392322625
0.3333333333333333,0.8888888888888888,0.0,0.0,300.0000000966374
0.3333333333333333,0.8888888888888888,0.1111111111111111,0.0,300.0000134837094
0.3333333333333333,0.8888888888888888,0.2222222222222222,0.0,300.00054740336793
0.3333333333333333,0.8888888888888888,0.3333333333333333,0.0,300.0064660568583
0.3333333333333333,0.8888888888888888,0.4444444444444444,0.0,300.02222314634616
0.3333333333333333,0.8888888888888888,0.5555555555555556,0.0,300.02222314634616
0.3333333333333333,0.8888888888888888,0.6666666666666666,0.0,300.0064660568583
0.3333333333333333,0.8888888888888888,0.7777777777777777,0.0,300.00054740336793
0.3333333333333333,0.8888888888888888,0.8888888888888888,0.0,300.0000134837094
0.3333333333333333,0.8888888888888888,1.0,0.0,300.0000000966374
0.3333333333333333,1.0,0.0,0.0,300.0000000006926
0.3333333333333333,1.0,0.1111111111111111,0.0,300.0000000966374
0.3333333333333333,1.0,0.2222222222222222,0.0,300.00000392322625
0.3333333333333333,1.0,0.3333333333333333,0.0,300.0000463420681
0.3333333333333333,1.0,0.4444444444444444,0.0,300.0001592727351
0.3333333333333333,1.0,0.5555555555555556,0.0,300.0001592727351
0.3333333333333333,1.0,0.6666666666666666,0.0,300.0000463420681
0.3333333333333333,1.0,0.7777777777777777,0.0,300.00000392322625
0.3333333333333333,1.0,0.8888888888888888,0.0,300.0000000966374
0.3333333333333333,1.0,1.0,0.0,300.0000000006926
0.4444444444444444,0.0,0.0,0.0,300.0000000023804
0.4444444444444444,0.0,0.1111111111111111,0.0,300.00000033213246
0.4444444444444444,0.0,0.2222222222222222,0.0,300.0000134837094
0.4444444444444444,0.0,0.3333333333333333,0.0,300.0001592727351
0.4444444444444444,0.0,0.4444444444444444,0.0,300.00054740336793
0.4444444444444444,0.0,0.5555555555555556,0.0,300.00054740336793
0.4444444444444444,0.0,0.6666666666666666,0.0,300.0001592727351
0.4444444444444444,0.0,0.7777777777777777,0.0,300.0000134837094
0.4444444444444444,0.0,0.8888888888888888,0.0,300.00000033213246
0.4444444444444444,0.0,1.0,0.0,300.0000000023804
0.4444444444444444,0.1111111111111111,0.0,0.0,300.00000033213246
0.4444444444444444,0.1111111111111111,0.1111111111111111,0.0,300.0000463420681
0.4444444444444444,0.1111111111111111,0.2222222222222222,0.0,300.0018813668705
0.4444444444444444,0.1111111111111111,0.3333333333333333,0.0,300.02222314634616
0.4444444444444444,0.1111111111111111,0.4444444444444444,0.0,300.0763785788382
0.4444444444444444,0.1111111111111111,0.5555555555555556,0.0,300.0763785788382
0.4444444444444444,0.1111111111111111,0.6666666666666666,0.0,300.02222314634616
0.4444444444444444,0.1111111111111111,0.7777777777777777,0.0,300.0018813668705
0.4444444444444444,0.1111111111111111,0.8888888888888888,0.0,300.0000463420681
0.4444444444444444,0.1111111111111111,1.0,0.0,300.00000033213246
0.4444444444444444,0.2222222222222222,0.0,0.0,300.0000134837094
0.4444444444444444,0.2222222222222222,0.1111111111111111,0.0,300.0018813668705
0.4444444444444444,0.2222222222222222,0.2222222222222222,0.0,300.0763785788382
0.4444444444444444,0.2222222222222222,0.3333333333333333,0.0,300.90220167146657
0.4444444444444444,0.2222222222222222,0.4444444444444444,0.0,303.10077071980186
0.4444444444444444,0.2222222222222222,0.5555555555555556,0.0,303.10077071980186
0.4444444444444444,0.2222222222222222,0.6666666666666666,0.0,300.90220167146657
0.4444444444444444,0.2222222222222222,0.7777777777777777,0.0,300.0763785788382
0.4444444444444444,0.2222222222222222,0.8888888888888888,0.0,300.0018813668705
0.4444444444444444,0.2222222222222222,1.0,0.0,300.0000134837094
0.4444444444444444,0.3333333333333333,0.0,0.0,300.0001592727351
0.4444444444444444,0.3333333333333333,0.1111111111111111,0.0,300.02222314634616
0.4444444444444444,0.3333333333333333,0.2222222222222222,0.0,300.90220167146657
0.4444444444444444,0.3333333333333333,0.3333333333333333,0.0,310.6570175614409
0.4444444444444444,0.3333333333333333,0.4444444444444444,0.0,336.62703036363723
0.4444444444444444,0.3333333333333333,0.5555555555555556,0.0,336.62703036363723
0.4444444444444444,0.3333333333333333,0.6666666666666666,0.0,310.6570175614409
0.4444444444444444,0.3333333333333333,0.7777777777777777,0.0,300.90220167146657
0.4444444444444444,0.3333333333333333,0.8888888888888888,0.0,300.02222314634616
0.4444444444444444,0.3333333333333333,1.0,0.0,300.0001592727351
0.4444444444444444,0.4444444444444444,0.0,0.0,300.00054740336793
0.4444444444444444,0.4444444444444444,0.1111111111111111,0.0,300.0763785788382
0.4444444444444444,0.4444444444444444,0.2222222222222222,0.0,303.10077071980186
0.4444444444444444,0.4444444444444444,0.3333333333333333,0.0,336.62703036363723
0.4444444444444444,0.4444444444444444,0.4444444444444444,0.0,425.8831887556182
0.4444444444444444,0.4444444444444444,0.5555555555555556,0.0,425.8831887556182
0.4444444444444444,0.4444444444444444,0.6666666666666666,0.0,336.6270303636373
0.4444444444444444,0.4444444444444444,0.7777777777777777,0.0,303.10077071980186
0.4444444444444444,0.4444444444444444,0.8888888888888888,0.0,300.0763785788382
0.4444444444444444,0.4444444444444444,1.0,0.0,300.00054740336793
0.4444444444444444,0.5555555555555556,0.0,0.0,300.00054740336793
0.4444444444444444,0.5555555555555556,0.1111111111111111,0.0,300.0763785788382
0.4444444444444444,0.5555555555555556,0.2222222222222222,0.0,303.10077071980186
0.4444444444444444,0.5555555555555556,0.3333333333333333,0.0,336.62703036363723
0.4444444444444444,0.5555555555555556,0.4444444444444444,0.0,425.8831887556182
0.4444444444444444,0.5555555555555556,0.5555555555555556,0.0,425.8831887556182
0.4444444444444444,0.5555555555555556,0.6666666666666666,0.0,336.6270303636373
0.4444444444444444,0.5555555555555556,0.7777777777777777,0.0,303.10077071980186
0.4444444444444444,0.5555555555555556,0.8888888888888888,0.0,300.0763785788382
0.4444444444444444,0.5555555555555556,1.0,0.0,300.00054740336793
0.4444444444444444,0.6666666666666666,0.0,0.0,300.0001592727351
0.4444444444444444,0.6666666666666666,0.1111111111111111,0.0,300.02222314634616
0.4444444444444444,0.6666666666666666,0.2222222222222222,0.0,300.90220167146657
0.4444444444444444,0.6666666666666666,0.3333333333333333,0.0,310.6570175614409
0.4444444444444444,0.6666666666666666,0.4444444444444444,0.0,336.6270303636373
0.4444444444444444,0.6666666666666666,0.5555555555555556,0.0,336.6270303636373
0.4444444444444444,0.6666666666666666,0.6666666666666666,0.0,310.65701756144097
0.4444444444444444,0.6666666666666666,0.7777777777777777,0.0,300.90220167146657
0.4444444444444444,0.6666666666666666,0.8888888888888888,0.0,300.02222314634616
0.4444444444444444,0.6666666666666666,1.0,0.0,300.0001592727351
0.4444444444444444,0.7777777777777777,0.0,0.0,300.0000134837094
0.4444444444444444,0.7777777777777777,0.1111111111111111,0.0,300.0018813668705
0.4444444444444444,0.7777777777777777,0.2222222222222222,0.0,300.0763785788382
0.4444444444444444,0.7777777777777777,0.3333333333333333,0.0,300.90220167146657
0.4444444444444444,0.7777777777777777,0.4444444444444444,0.0,303.10077071980186
0.4444444444444444,0.7777777777777777,0.5555555555555556,0.0,303.10077071980186
0.4444444444444444,0.7777777777777777,0.6666666666666666,0.0,300.90220167146657
0.4444444444444444,0.7777777777777777,0.7777777777777777,0.0,300.0763785788382
0.4444444444444444,0.7777777777777777,0.8888888888888888,0.0,300.0018813668705
0.4444444444444444,0.7777777777777777,1.0,0.0,300.0000134837094
0.4444444444444444,0.8888888888888888,0.0,0.0,300.00000033213246
0.4444444444444444,0.8888888888888888,0.1111111111111111,0.0,300.0000463420681
0.4444444444444444,0.8888888888888888,0.2222222222222222,0.0,300.0018813668705
0.4444444444444444,0.8888888888888888,0.3333333333333333,0.0,300.02222314634616
0.4444444444444444,0.8888888888888888,0.4444444444444444,0.0,300.0763785788382
0.4444444444444444,0.8888888888888888,0.5555555555555556,0.0,300.0763785788382
0.4444444444444444,0.8888888888888888,0.6666666666666666,0.0,300.02222314634616
0.4444444444444444,0.8888888888888888,0.7777777777777777,0.0,300.0018813668705
0.4444444444444444,0.8888888888888888,0.8888888888888888,0.0,300.0000463420681
0.4444444444444444,0.8888888888888888,1.0,0.0,300.00000033213246
0.4444444444444444,1.0,0.0,0.0,300.0000000023804
0.4444444444444444,1.0,0.1111111111111111,0.0,300.00000033213246
0.4444444444444444,1.0,0.2222222222222222,0.0,300.0000134837094
0.4444444444444444,1.0,0.3333333333333333,0.0,300.0001592727351
0.4444444444444444,1.0,0.4444444444444444,0.0,300.00054740336793
0.4444444444444444,1.0,0.5555555555555556,0.0,300.00054740336793
0.4444444444444444,1.0,0.6666666666666666,0.0,300.0001592727351
0.4444444444444444,1.0,0.7777777777777777,0.0,300.0000134837094
0.4444444444444444,1.0,0.8888888888888888,0.0,300.00000033213246
0.4444444444444444,1.0,1.0,0.0,300.0000000023804
0.5555555555555556,0.0,0.0,0.0,300.0000000023804
0.5555555555555556,0.0,0.1111111111111111,0.0,300.00000033213246
0.5555555555555556,0.0,0.2222222222222222,0.0,300.0000134837094
0.5555555555555556,0.0,0.3333333333333333,0.0,300.0001592727351
0.5555555555555556,0.0,0.4444444444444444,0.0,300.00054740336793
0.5555555555555556,0.0,0.5555555555555556,0.0,300.00054740336793
0.5555555555555556,0.0,0.6666666666666666,0.0,300.0001592727351
0.5555555555555556,0.0,0.7777777777777777,0.0,300.0000134837094
0.5555555555555556,0.0,0.8888888888888888,0.0,300.00000033213246
0.5555555555555556,0.0,1.0,0.0,300.0000000023804
0.5555555555555556,0.1111111111111111,0.0,0.0,300.00000033213246
0.5555555555555556,0.1111111111111111,0.1111111111111111,0.0,300.0000463420681
0.5555555555555556,0.1111111111111111,0.2222222222222222,0.0,300.0018813668705
0.5555555555555556,0.1111111111111111,0.3333333333333333,0.0,300.02222314634616
0.5555555555555556,0.1111111111111111,0.4444444444444444,0.0,300.0763785788382
0.5555555555555556,0.1111111111111111,0.5555555555555556,0.0,300.0763785788382
0.5555555555555556,0.1111111111111111,0.6666666666666666,0.0,300.02222314634616
0.5555555555555556,0.1111111111111111,0.7777777777777777,0.0,300.0018813668705
0.5555555555555556,0.1111111111111111,0.8888888888888888,0.0,300.0000463420681
0.5555555555555556,0.1111111111111111,1.0,0.0,300.00000033213246
0.5555555555555556,0.2222222222222222,0.0,0.0,300.0000134837094
0.5555555555555556,0.2222222222222222,0.1111111111111111,0.0,300.0018813668705
0.5555555555555556,0.2222222222222222,0.2222222222222222,0.0,300.0763785788382
0.5555555555555556,0.2222222222222222,0.3333333333333333,0.0,300.90220167146657
0.5555555555555556,0.2222222222222222,0.4444444444444444,0.0,303.10077071980186
0.5555555555555556,0.2222222222222222,0.5555555555555556,0.0,303.10077071980186
0.5555555555555556,0.2222222222222222,0.6666666666666666,0.0,300.90220167146657
0.5555555555555556,0.2222222222222222,0.7777777777777777,0.0,300.0763785788382
0.5555555555555556,0.2222222222222222,0.8888888888888888,0.0,300.0018813668705
0.5555555555555556,0.2222222222222222,1.0,0.0,300.0000134837094
0.5555555555555556,0.3333333333333333,0.0,0.0,300.0001592727351
0.5555555555555556,0.3333333333333333,0.1111111111111111,0.0,300.02222314634616
0.5555555555555556,0.3333333333333333,0.2222222222222222,0.0,300.90220167146657
0.5555555555555556,0.3333333333333333,0.3333333333333333,0.0,310.6570175614409
0.5555555555555556,0.3333333333333333,0.4444444444444444,0.0,336.62703036363723
0.5555555555555556,0.3333333333333333,0.5555555555555556,0.0,336.62703036363723
0.5555555555555556,0.3333333333333333,0.6666666666666666,0.0,310.6570175614409
0.5555555555555556,0.3333333333333333,0.7777777777777777,0.0,300.90220167146657
0.5555555555555556,0.3333333333333333,0.8888888888888888,0.0,300.02222314634616
0.5555555555555556,0.3333333333333333,1.0,0.0,300.0001592727351
0.5555555555555556,0.4444444444444444,0.0,0.0,300.00054740336793
0.5555555555555556,0.4444444444444444,0.1111111111111111,0.0,300.0763785788382
0.5555555555555556,0.4444444444444444,0.2222222222222222,0.0,303.10077071980186
0.5555555555555556,0.4444444444444444,0.3333333333333333,0.0,336.62703036363723
0.5555555555555556,0.4444444444444444,0.4444444444444444,0.0,425.8831887556182
0.5555555555555556,0.4444444444444444,0.5555555555555556,0.0,425.8831887556182
0.5555555555555556,0.4444444444444444,0.6666666666666666,0.0,336.6270303636373
0.5555555555555556,0.4444444444444444,0.7777777777777777,0.0,303.10077071980186
0.5555555555555556,0.4444444444444444,0.8888888888888888,0.0,300.0763785788382
0.5555555555555556,0.4444444444444444,1.0,0.0,300.00054740336793
0.5555555555555556,0.5555555555555556,0.0,0.0,300.00054740336793
0.5555555555555556,0.5555555555555556,0.1111111111111111,0.0,300.0763785788382
0.5555555555555556,0.5555555555555556,0.2222222222222222,0.0,303.10077071980186
0.5555555555555556,0.5555555555555556,0.3333333333333333,0.0,336.62703036363723
0.5555555555555556,0.5555555555555556,0.4444444444444444,0.0,425.8831887556182
0.5555555555555556,0.5555555555555556,0.5555555555555556,0.0,425.8831887556182
0.5555555555555556,0.5555555555555556,0.6666666666666666,0.0,336.6270303636373
0.5555555555555556,0.5555555555555556,0.7777777777777777,0.0,303.10077071980186
0.5555555555555556,0.5555555555555556,0.8888888888888888,0.0,300.0763785788382
0.5555555555555556,0.5555555555555556,1.0,0.0,300.00054740336793
0.5555555555555556,0.6666666666666666,0.0,0.0,300.0001592727351
0.5555555555555556,0.6666666666666666,0.1111111111111111,0.0,300.02222314634616
0.5555555555555556,0.6666666666666666,0.2222222222222222,0.0,300.90220167146657
0.5555555555555556,0.6666666666666666,0.3333333333333333,0.0,310.6570175614409
0.5555555555555556,0.6666666666666666,0.4444444444444444,0.0,336.6270303636373
0.5555555555555556,0.6666666666666666,0.5555555555555556,0.0,336.6270303636373
0.5555555555555556,0.6666666666666666,0.6666666666666666,0.0,310.65701756144097
0.5555555555555556,0.6666666666666666,0.7777777777777777,0.0,300.90220167146657
0.5555555555555556,0.6666666666666666,0.8888888888888888,0.0,300.02222314634616
0.5555555555555556,0.6666666666666666,1.0,0.0,300.0001592727351
0.5555555555555556,0.7777777777777777,0.0,0.0,300.0000134837094
0.5555555555555556,0.7777777777777777,0.1111111111111111,0.0,300.0018813668705
0.5555555555555556,0.7777777777777777,0.2222222222222222,0.0,300.0763785788382
0.5555555555555556,0.7777777777777777,0.3333333333333333,0.0,300.90220167146657
0.5555555555555556,0.7777777777777777,0.4444444444444444,0.0,303.10077071980186
0.5555555555555556,0.7777777777777777,0.5555555555555556,0.0,303.10077071980186
0.5555555555555556,0.7777777777777777,0.6666666666666666,0.0,300.90220167146657
0.5555555555555556,0.7777777777777777,0.7777777777777777,0.0,300.0763785788382
0.5555555555555556,0.7777777777777777,0.8888888888888888,0.0,300.0018813668705
0.5555555555555556,0.7777777777777777,1.0,0.0,300.0000134837094
0.5555555555555556,0.8888888888888888,0.0,0.0,300.00000033213246
0.5555555555555556,0.8888888888888888,0.1111111111111111,0.0,300.0000463420681
0.5555555555555556,0.8888888888888888,0.2222222222222222,0.0,300.0018813668705
0.5555555555555556,0.8888888888888888,0.3333333333333333,0.0,300.02222314634616
0.5555555555555556,0.8888888888888888,0.4444444444444444,0.0,300.0763785788382
0.5555555555555556,0.8888888888888888,0.5555555555555556,0.0,300.0763785788382
0.5555555555555556,0.8888888888888888,0.6666666666666666,0.0,300.02222314634616
0.5555555555555556,0.8888888888888888,0.7777777777777777,0.0,300.0018813668705
0.5555555555555556,0.8888888888888888,0.8888888888888888,0.0,300.0000463420681
0.5555555555555556,0.8888888888888888,1.0,0.0,300.00000033213246
0.5555555555555556,1.0,0.0,0.0,300.0000000023804
0.5555555555555556,1.0,0.1111111111111111,0.0,300.00000033213246
0.5555555555555556,1.0,0.2222222222222222,0.0,300.0000134837094
0.5555555555555556,1.0,0.3333333333333333,0.0,300.0001592727351
0.5555555555555556,1.0,0.4444444444444444,0.0,300.00054740336793
0.5555555555555556,1.0,0.5555555555555556,0.0,300.00054740336793
0.5555555555555556,1.0,0.6666666666666666,0.0,300.0001592727351
0.5555555555555556,1.0,0.7777777777777777,0.0,300.0000134837094
0.5555555555555556,1.0,0.8888888888888888,0.0,300.00000033213246
0.5555555555555556,1.0,1.0,0.0,300.0000000023804
0.6666666666666666,0.0,0.0,0.0,300.0000000006926
0.6666666666666666,0.0,0.1111111111111111,0.0,300.0000000966374
0.6666666666666666,0.0,0.2222222222222222,0.0,300.00000392322625
0.6666666666666666,0.0,0.3333333333333333,0.0,300.0000463420681
0.6666666666666666,0.0,0.4444444444444444,0.0,300.0001592727351
0.6666666666666666,0.0,0.5555555555555556,0.0,300.0001592727351
0.6666666666666666,0.0,0.6666666666666666,0.0,300.0000463420681
0.6666666666666666,0.0,0.7777777777777777,0.0,300.00000392322625
0.6666666666666666,0.0,0.8888888888888888,0.0,300.0000000966374
0.6666666666666666,0.0,1.0,0.0,300.0000000006926
0.6666666666666666,0.1111111111111111,0.0,0.0,300.0000000966374
0.6666666666666666,0.1111111111111111,0.1111111111111111,0.0,300.0000134837094
0.6666666666666666,0.1111111111111111,0.2222222222222222,0.0,300.00054740336793
0.6666666666666666,0.1111111111111111,0.3333333333333333,0.0,300.0064660568583
0.6666666666666666,0.1111111111111111,0.4444444444444444,0.0,300.02222314634616
0.6666666666666666,0.1111111111111111,0.5555555555555556,0.0,300.02222314634616
0.6666666666666666,0.1111111111111111,0.6666666666666666,0.0,300.0064660568583
0.6666666666666666,0.1111111111111111,0.7777777777777777,0.0,300.00054740336793
0.6666666666666666,0.1111111111111111,0.8888888888888888,0.0,300.0000134837094
0.6666666666666666,0.1111111111111111,1.0,0.0,300.0000000966374
0.6666666666666666,0.2222222222222222,0.0,0.0,300.00000392322625
0.6666666666666666,0.2222222222222222,0.1111111111111111,0.0,300.00054740336793
0.6666666666666666,0.2222222222222222,0.2222222222222222,0.0,300.02222314634616
0.6666666666666666,0.2222222222222222,0.3333333333333333,0.0,300.26250501231806
0.6666666666666666,0.2222222222222222,0.4444444444444444,0.0,300.90220167146657
0.6666666666666666,0.2222222222222222,0.5555555555555556,0.0,300.90220167146657
0.6666666666666666,0.2222222222222222,0.6666666666666666,0.0,300.26250501231806
0.6666666666666666,0.2222222222222222,0.7777777777777777,0.0,300.02222314634616
0.6666666666666666,0.2222222222222222,0.8888888888888888,0.0,300.00054740336793
0.6666666666666666,0.2222222222222222,1.0,0.0,300.00000392322625
0.6666666666666666,0.3333333333333333,0.0,0.0,300.0000463420681
0.6666666666666666,0.3333333333333333,0.1111111111111111,0.0,300.0064660568583
0.6666666666666666,0.3333333333333333,0.2222222222222222,0.0,300.26250501231806
0.6666666666666666,0.3333333333333333,0.3333333333333333,0.0,303.10077071980186
0.6666666666666666,0.3333333333333333,0.4444444444444444,0.0,310.6570175614409
0.6666666666666666,0.3333333333333333,0.5555555555555556,0.0,310.6570175614409
0.6666666666666666,0.3333333333333333,0.6666666666666666,0.0,303.10077071980186
0.6666666666666666,0.3333333333333333,0.7777777777777777,0.0,300.26250501231806
0.6666666666666666,0.3333333333333333,0.8888888888888888,0.0,300.0064660568583
0.6666666666666666,0.3333333333333333,1.0,0.0,300.0000463420681
0.6666666666666666,0.4444444444444444,0.0,0.0,300.0001592727351
0.6666666666666666,0.4444444444444444,0.1111111111111111,0.0,300.02222314634616
0.6666666666666666,0.4444444444444444,0.2222222222222222,0.0,300.90220167146657
0.6666666666666666,0.4444444444444444,0.3333333333333333,0.0,310.6570175614409
0.6666666666666666,0.4444444444444444,0.4444444444444444,0.0,336.6270303636373
0.6666666666666666,0.4444444444444444,0.5555555555555556,0.0,336.6270303636373
0.6666666666666666,0.4444444444444444,0.6666666666666666,0.0,310.65701756144097
0.6666666666666666,0.4444444444444444,0.7777777777777777,0.0,300.90220167146657
0.6666666666666666,0.4444444444444444,0.8888888888888888,0.0,300.02222314634616
0.6666666666666666,0.4444444444444444,1.0,0.0,300.0001592727351
0.6666666666666666,0.5555555555555556,0.0,0.0,300.0001592727351
0.6666666666666666,0.5555555555555556,0.1111111111111111,0.0,300.02222314634616
0.6666666666666666,0.5555555555555556,0.2222222222222222,0.0,300.90220167146657
0.6666666666666666,0.5555555555555556,0.3333333333333333,0.0,310.6570175614409
0.6666666666666666,0.5555555555555556,0.4444444444444444,0.0,336.6270303636373
0.6666666666666666,0.5555555555555556,0.5555555555555556,0.0,336.6270303636373
0.6666666666666666,0.5555555555555556,0.6666666666666666,0.0,310.65701756144097
0.6666666666666666,0.5555555555555556,0.7777777777777777,0.0,300.90220167146657
0.6666666666666666,0.5555555555555556,0.8888888888888888,0.0,300.02222314634616
0.6666666666666666,0.5555555555555556,1.0,0.0,300.0001592727351
0.6666666666666666,0.6666666666666666,0.0,0.0,300.0000463420681
0.6666666666666666,0.6666666666666666,0.1111111111111111,0.0,300.0064660568583
0.6666666666666666,0.6666666666666666,0.2222222222222222,0.0,300.26250501231806
0.6666666666666666,0.6666666666666666,0.3333333333333333,0.0,303.10077071980186
0.6666666666666666,0.6666666666666666,0.4444444444444444,0.0,310.65701756144097
0.6666666666666666,0.6666666666666666,0.5555555555555556,0.0,310.65701756144097
0.6666666666666666,0.6666666666666666,0.6666666666666666,0.0,303.10077071980186
0.6666666666666666,0.6666666666666666,0.7777777777777777,0.0,300.26250501231806
0.6666666666666666,0.6666666666666666,0.8888888888888888,0.0,300.0064660568583
0.6666666666666666,0.6666666666666666,1.0,0.0,300.0000463420681
0.6666666666666666,0.7777777777777777,0.0,0.0,300.00000392322625
0.6666666666666666,0.7777777777777777,0.1111111111111111,0.0,300.00054740336793
0.6666666666666666,0.7777777777777777,0.2222222222222222,0.0,300.02222314634616
0.6666666666666666,0.7777777777777777,0.3333333333333333,0.0,300.26250501231806
0.6666666666666666,0.7777777777777777,0.4444444444444444,0.0,300.90220167146657
0.6666666666666666,0.7777777777777777,0.5555555555555556,0.0,300.90220167146657
0.6666666666666666,0.7777777777777777,0.6666666666666666,0.0,300.26250501231806
0.6666666666666666,0.7777777777777777,0.7777777777777777,0.0,300.02222314634616
0.6666666666666666,0.7777777777777777,0.8888888888888888,0.0,300.00054740336793
0.6666666666666666,0.7777777777777777,1.0,0.0,300.00000392322625
0.6666666666666666,0.8888888888888888,0.0,0.0,300.0000000966374
0.6666666666666666,0.8888888888888888,0.1111111111111111,0.0,300.0000134837094
0.6666666666666666,0.8888888888888888,0.2222222222222222,0.0,300.00054740336793
0.6666666666666666,0.8888888888888888,0.3333333333333333,0.0,300.0064660568583
0.6666666666666666,0.8888888888888888,0.4444444444444444,0.0,300.02222314634616
0.6666666666666666,0.8888888888888888,0.5555555555555556,0.0,300.02222314634616
0.6666666666666666,0.8888888888888888,0.6666666666666666,0.0,300.0064660568583
0.6666666666666666,0.8888888888888888,0.7777777777777777,0.0,300.00054740336793
0.6666666666666666,0.8888888888888888,0.8888888888888888,0.0,300.0000134837094
0.6666666666666666,0.8888888888888888,1.0,0.0,300.0000000966374
0.6666666666666666,1.0,0.0,0.0,300.0000000006926
0.6666666666666666,1.0,0.1111111111111111,0.0,300.0000000966374
0.6666666666666666,1.0,0.2222222222222222,0.0,300.00000392322625
0.6666666666666666,1.0,0.3333333333333333,0.0,300.0000463420681
0.6666666666666666,1.0,0.4444444444444444,0.0,300.0001592727351
0.6666666666666666,1.0,0.5555555555555556,0.0,300.0001592727351
0.6666666666666666,1.0,0.6666666666666666,0.0,300.0000463420681
0.6666666666666666,1.0,0.7777777777777777,0.0,300.00000392322625
0.6666666666666666,1.0,0.8888888888888888,0.0,300.0000000966374
0.6666666666666666,1.0,1.0,0.0,300.0000000006926
0.7777777777777777,0.0,0.0,0.0,300.0000000000586
0.7777777777777777,0.0,0.1111111111111111,0.0,300.00000000818113
0.7777777777777777,0.0,0.2222222222222222,0.0,300.00000033213246
0.7777777777777777,0.0,0.3333333333333333,0.0,300.00000392322625
0.7777777777777777,0.0,0.4444444444444444,0.0,300.0000134837094
0.7777777777777777,0.0,0.5555555555555556,0.0,300.0000134837094
0.7777777777777777,0.0,0.6666666666666666,0.0,300.00000392322625
0.7777777777777777,0.0,0.7777777777777777,0.0,300.00000033213246
0.7777777777777777,0.0,0.8888888888888888,0.0,300.00000000818113
0.7777777777777777,0.0,1.0,0.0,300.0000000000586
0.7777777777777777,0.1111111111111111,0.0,0.0,300.00000000818113
0.7777777777777777,0.1111111111111111,0.1111111111111111,0.0,300.00000114150373
0.7777777777777777,0.1111111111111111,0.2222222222222222,0.0,300.0000463420681
0.7777777777777777,0.1111111111111111,0.3333333333333333,0.0,300.00054740336793
0.7777777777777777,0.1111111111111111,0.4444444444444444,0.0,300.0018813668705
0.7777777777777777,0.1111111111111111,0.5555555555555556,0.0,300.0018813668705
0.7777777777777777,0.1111111111111111,0.6666666666666666,0.0,300.00054740336793
0.7777777777777777,0.1111111111111111,0.7777777777777777,0.0,300.0000463420681
0.7777777777777777,0.1111111111111111,0.8888888888888888,0.0,300.00000114150373
0.7777777777777777,0.1111111111111111,1.0,0.0,300.00000000818113
0.7777777777777777,0.2222222222222222,0.0,0.0,300.00000033213246
0.7777777777777777,0.2222222222222222,0.1111111111111111,0.0,300.0000463420681
0.7777777777777777,0.2222222222222222,0.2222222222222222,0.0,300.0018813668705
0.7777777777777777,0.2222222222222222,0.3333333333333333,0.0,300.02222314634616
0.7777777777777777,0.2222222222222222,0.4444444444444444,0.0,300.0763785788382
0.7777777777777777,0.2222222222222222,0.5555555555555556,0.0,300.0763785788382
0.7777777777777777,0.2222222222222222,0.6666666666666666,0.0,300.02222314634616
0.7777777777777777,0.2222222222222222,0.7777777777777777,0.0,300.0018813668705
0.7777777777777777,0.2222222222222222,0.8888888888888888,0.0,300.0000463420681
0.7777777777777777,0.2222222222222222,1.0,0.0,300.00000033213246
0.7777777777777777,0.3333333333333333,0.0,0.0,300.00000392322625
0.7777777777777777,0.3333333333333333,0.1111111111111111,0.0,300.00054740336793
0.7777777777777777,0.3333333333333333,0.2222222222222222,0.0,300.02222314634616
0.7777777777777777,0.3333333333333333,0.3333333333333333,0.0,300.26250501231806
0.7777777777777777,0.3333333333333333,0.4444444444444444,0.0,300.90220167146657
0.7777777777777777,0.3333333333333333,0.5555555555555556,0.0,300.90220167146657
0.7777777777777777,0.3333333333333333,0.6666666666666666,0.0,300.26250501231806
0.7777777777777777,0.3333333333333333,0.7777777777777777,0.0,300.02222314634616
0.7777777777777777,0.3333333333333333,0.8888888888888888,0.0,300.00054740336793
0.7777777777777777,0.3333333333333333,1.0,0.0,300.00000392322625
0.7777777777777777,0.4444444444444444,0.0,0.0,300.0000134837094
0.7777777777777777,0.4444444444444444,0.1111111111111111,0.0,300.0018813668705
0.7777777777777777,0.4444444444444444,0.2222222222222222,0.0,300.0763785788382
0.7777777777777777,0.4444444444444444,0.3333333333333333,0.0,300.90220167146657
0.7777777777777777,0.4444444444444444,0.4444444444444444,0.0,303.10077071980186
0.7777777777777777,0.4444444444444444,0.5555555555555556,0.0,303.10077071980186
0.7777777777777777,0.4444444444444444,0.6666666666666666,0.0,300.90220167146657
0.7777777777777777,0.4444444444444444,0.7777777777777777,0.0,300.0763785788382
0.7777777777777777,0.4444444444444444,0.8888888888888888,0.0,300.0018813668705
0.7777777777777777,0.4444444444444444,1.0,0.0,300.0000134837094
0.7777777777777777,0.5555555555555556,0.0,0.0,300.0000134837094
0.7777777777777777,0.5555555555555556,0.1111111111111111,0.0,300.0018813668705
0.7777777777777777,0.5555555555555556,0.2222222222222222,0.0,300.0763785788382
0.7777777777777777,0.5555555555555556,0.3333333333333333,0.0,300.90220167146657
0.7777777777777777,0.5555555555555556,0.4444444444444444,0.0,303.10077071980186
0.7777777777777777,0.5555555555555556,0.5555555555555556,0.0,303.10077071980186
0.7777777777777777,0.5555555555555556,0.6666666666666666,0.0,300.90220167146657
0.7777777777777777,0.5555555555555556,0.7777777777777777,0.0,300.0763785788382
0.7777777777777777,0.5555555555555556,0.8888888888888888,0.0,300.0018813668705
0.7777777777777777,0.5555555555555556,1.0,0.0,300.0000134837094
0.7777777777777777,0.6666666666666666,0.0,0.0,300.00000392322625
0.7777777777777777,0.6666666666666666,0.1111111111111111,0.0,300.00054740336793
0.7777777777777777,0.6666666666666666,0.2222222222222222,0.0,300.02222314634616
0.7777777777777777,0.6666666666666666,0.3333333333333333,0.0,300.26250501231806
0.7777777777777777,0.6666666666666666,0.4444444444444444,0.0,300.90220167146657
0.7777777777777777,0.6666666666666666,0.5555555555555556,0.0,300.90220167146657
0.7777777777777777,0.6666666666666666,0.6666666666666666,0.0,300.26250501231806
0.7777777777777777,0.6666666666666666,0.7777777777777777,0.0,300.02222314634616
0.7777777777777777,0.6666666666666666,0.8888888888888888,0.0,300.00054740336793
0.7777777777777777,0.6666666666666666,1.0,0.0,300.00000392322625
0.7777777777777777,0.7777777777777777,0.0,0.0,300.00000033213246
0.7777777777777777,0.7777777777777777,0.1111111111111111,0.0,300.0000463420681
0.7777777777777777,0.7777777777777777,0.2222222222222222,0.0,300.0018813668705
0.7777777777777777,0.7777777777777777,0.3333333333333333,0.0,300.02222314634616
0.7777777777777777,0.7777777777777777,0.4444444444444444,0.0,300.0763785788382
0.7777777777777777,0.7777777777777777,0.5555555555555556,0.0,300.0763785788382
0.7777777777777777,0.7777777777777777,0.6666666666666666,0.0,300.02222314634616
0.7777777777777777,0.7777777777777777,0.7777777777777777,0.0,300.0018813668705
0.7777777777777777,0.7777777777777777,0.8888888888888888,0.0,300.0000463420681
0.7777777777777777,0.7777777777777777,1.0,0.0,300.00000033213246
0.7777777777777777,0.8888888888888888,0.0,0.0,300.00000000818113
0.7777777777777777,0.8888888888888888,0.1111111111111111,0.0,300.00000114150373
0.7777777777777777,0.8888888888888888,0.2222222222222222,0.0,300.0000463420681
0.7777777777777777,0.8888888888888888,0.3333333333333333,0.0,300.00054740336793
0.7777777777777777,0.8888888888888888,0.4444444444444444,0.0,300.0018813668705
0.7777777777777777,0.8888888888888888,0.5555555555555556,0.0,300.0018813668705
0.7777777777777777,0.8888888888888888,0.6666666666666666,0.0,300.00054740336793
0.7777777777777777,0.8888888888888888,0.7777777777777777,0.0,300.0000463420681
0.7777777777777777,0.8888888888888888,0.8888888888888888,0.0,300.00000114150373
0.7777777777777777,0.8888888888888888,1.0,0.0,300.00000000818113
0.7777777777777777,1.0,0.0,0.0,300.0000000000586
0.7777777777777777,1.0,0.1111111111111111,0.0,300.00000000818113
0.7777777777777777,1.0,0.2222222222222222,0.0,300.00000033213246
0.7777777777777777,1.0,0.3333333333333333,0.0,300.00000392322625
0.7777777777777777,1.0,0.4444444444444444,0.0,300.0000134837094
0.7777777777777777,1.0,0.5555555555555556,0.0,300.0000134837094
0.7777777777777777,1.0,0.6666666666666666,0.0,300.00000392322625
0.7777777777777777,1.0,0.7777777777777777,0.0,300.00000033213246
0.7777777777777777,1.0,0.8888888888888888,0.0,300.00000000818113
0.7777777777777777,1.0,1.0,0.0,300.0000000000586
0.8888888888888888,0.0,0.0,0.0,300.0000000000014
0.8888888888888888,0.0,0.1111111111111111,0.0,300.0000000002015
0.8888888888888888,0.0,0.2222222222222222,0.0,300.00000000818113
0.8888888888888888,0.0,0.3333333333333333,0.0,300.0000000966374
0.8888888888888888,0.0,0.4444444444444444,0.0,300.00000033213246
0.8888888888888888,0.0,0.5555555555555556,0.0,300.00000033213246
0.8888888888888888,0.0,0.6666666666666666,0.0,300.0000000966374
0.8888888888888888,0.0,0.7777777777777777,0.0,300.00000000818113
0.8888888888888888,0.0,0.8888888888888888,0.0,300.0000000002015
0.8888888888888888,0.0,1.0,0.0,300.0000000000014
0.8888888888888888,0.1111111111111111,0.0,0.0,300.0000000002015
0.8888888888888888,0.1111111111111111,0.1111111111111111,0.0,300.00000002811765
0.8888888888888888,0.1111111111111111,0.2222222222222222,0.0,300.00000114150373
0.8888888888888888,0.1111111111111111,0.3333333333333333,0.0,300.0000134837094
0.8888888888888888,0.1111111111111111,0.4444444444444444,0.0,300.0000463420681
0.8888888888888888,0.1111111111111111,0.5555555555555556,0.0,300.0000463420681
0.8888888888888888,0.1111111111111111,0.6666666666666666,0.0,300.0000134837094
0.8888888888888888,0.1111111111111111,0.7777777777777777,0.0,300.00000114150373
0.8888888888888888,0.1111111111111111,0.8888888888888888,0.0,300.00000002811765
0.8888888888888888,0.1111111111111111,1.0,0.0,300.0000000002015
0.8888888888888888,0.2222222222222222,0.0,0.0,300.00000000818113
0.8888888888888888,0.2222222222222222,0.1111111111111111,0.0,300.00000114150373
0.8888888888888888,0.2222222222222222,0.2222222222222222,0.0,300.0000463420681
0.8888888888888888,0.2222222222222222,0.3333333333333333,0.0,300.00054740336793
0.8888888888888888,0.2222222222222222,0.4444444444444444,0.0,300.0018813668705
0.8888888888888888,0.2222222222222222,0.5555555555555556,0.0,300.0018813668705
0.8888888888888888,0.2222222222222222,0.6666666666666666,0.0,300.00054740336793
0.8888888888888888,0.2222222222222222,0.7777777777777777,0.0,300.0000463420681
0.8888888888888888,0.2222222222222222,0.8888888888888888,0.0,300.00000114150373
0.8888888888888888,0.2222222222222222,1.0,0.0,300.00000000818113
0.8888888888888888,0.3333333333333333,0.0,0.0,300.0000000966374
0.8888888888888888,0.3333333333333333,0.1111111111111111,0.0,300.0000134837094
0.8888888888888888,0.3333333333333333,0.2222222222222222,0.0,300.00054740336793
0.8888888888888888,0.3333333333333333,0.3333333333333333,0.0,300.0064660568583
0.8888888888888888,0.3333333333333333,0.4444444444444444,0.0,300.02222314634616
0.8888888888888888,0.3333333333333333,0.5555555555555556,0.0,300.02222314634616
0.8888888888888888,0.3333333333333333,0.6666666666666666,0.0,300.0064660568583
0.8888888888888888,0.3333333333333333,0.7777777777777777,0.0,300.00054740336793
0.8888888888888888,0.3333333333333333,0.8888888888888888,0.0,300.0000134837094
0.8888888888888888,0.3333333333333333,1.0,0.0,300.0000000966374
0.8888888888888888,0.4444444444444444,0.0,0.0,300.00000033213246
0.8888888888888888,0.4444444444444444,0.1111111111111111,0.0,300.0000463420681
0.8888888888888888,0.4444444444444444,0.2222222222222222,0.0,300.0018813668705
0.8888888888888888,0.4444444444444444,0.3333333333333333,0.0,300.02222314634616
0.8888888888888888,0.4444444444444444,0.4444444444444444,0.0,300.0763785788382
0.8888888888888888,0.4444444444444444,0.5555555555555556,0.0,300.0763785788382
0.8888888888888888,0.4444444444444444,0.6666666666666666,0.0,300.02222314634616
0.8888888888888888,0.4444444444444444,0.7777777777777777,0.0,300.0018813668705
0.8888888888888888,0.4444444444444444,0.8888888888888888,0.0,300.0000463420681
0.8888888888888888,0.4444444444444444,1.0,0.0,300.00000033213246
0.8888888888888888,0.5555555555555556,0.0,0.0,300.00000033213246
0.8888888888888888,0.5555555555555556,0.1111111111111111,0.0,300.0000463420681
0.8888888888888888,0.5555555555555556,0.2222222222222222,0.0,300.0018813668705
0.8888888888888888,0.5555555555555556,0.3333333333333333,0.0,300.02222314634616
0.8888888888888888,0.5555555555555556,0.4444444444444444,0.0,300.0763785788382
0.8888888888888888,0.5555555555555556,0.5555555555555556,0.0,300.0763785788382
0.8888888888888888,0.5555555555555556,0.6666666666666666,0.0,300.02222314634616
0.8888888888888888,0.5555555555555556,0.7777777777777777,0.0,300.0018813668705
0.8888888888888888,0.5555555555555556,0.8888888888888888,0.0,300.0000463420681
0.8888888888888888,0.5555555555555556,1.0,0.0,300.00000033213246
0.8888888888888888,0.6666666666666666,0.0,0.0,300.0000000966374
0.8888888888888888,0.6666666666666666,0.1111111111111111,0.0,300.0000134837094
0.8888888888888888,0.6666666666666666,0.2222222222222222,0.0,300.00054740336793
0.8888888888888888,0.6666666666666666,0.3333333333333333,0.0,300.0064660568583
0.8888888888888888,0.6666666666666666,0.4444444444444444,0.0,300.02222314634616
0.8888888888888888,0.6666666666666666,0.5555555555555556,0.0,300.02222314634616
0.8888888888888888,0.6666666666666666,0.6666666666666666,0.0,300.0064660568583
0.8888888888888888,0.6666666666666666,0.7777777777777777,0.0,300.00054740336793
0.8888888888888888,0.6666666666666666,0.8888888888888888,0.0,300.0000134837094
0.8888888888888888,0.6666666666666666,1.0,0.0,300.0000000966374
0.8888888888888888,0.7777777777777777,0.0,0.0,300.00000000818113
0.8888888888888888,0.7777777777777777,0.1111111111111111,0.0,300.00000114150373
0.8888888888888888,0.7777777777777777,0.2222222222222222,0.0,300.0000463420681
0.8888888888888888,0.7777777777777777,0.3333333333333333,0.0,300.00054740336793
0.8888888888888888,0.7777777777777777,0.4444444444444444,0.0,300.0018813668705
0.8888888888888888,0.7777777777777777,0.5555555555555556,0.0,300.0018813668705
0.8888888888888888,0.7777777777777777,0.6666666666666666,0.0,300.00054740336793
0.8888888888888888,0.7777777777777777,0.7777777777777777,0.0,300.0000463420681
0.8888888888888888,0.7777777777777777,0.8888888888888888,0.0,300.00000114150373
0.8888888888888888,0.7777777777777777,1.0,0.0,300.00000000818113
0.8888888888888888,0.8888888888888888,0.0,0.0,300.0000000002015
0.8888888888888888,0.8888888888888888,0.1111111111111111,0.0,300.00000002811765
0.8888888888888888,0.8888888888888888,0.2222222222222222,0.0,300.00000114150373
0.8888888888888888,0.8888888888888888,0.3333333333333333,0.0,300.0000134837094
0.8888888888888888,0.8888888888888888,0.4444444444444444,0.0,300.0000463420681
0.8888888888888888,0.8888888888888888,0.5555555555555556,0.0,300.0000463420681
0.8888888888888888,0.8888888888888888,0.6666666666666666,0.0,300.0000134837094
0.8888888888888888,0.8888888888888888,0.7777777777777777,0.0,300.00000114150373
0.8888888888888888,0.8888888888888888,0.8888888888888888,0.0,300.00000002811765
0.8888888888888888,0.8888888888888888,1.0,0.0,300.0000000002015
0.8888888888888888,1.0,0.0,0.0,300.0000000000014
0.8888888888888888,1.0,0.1111111111111111,0.0,300.0000000002015
0.8888888888888888,1.0,0.2222222222222222,0.0,300.00000000818113
0.8888888888888888,1.0,0.3333333333333333,0.0,300.0000000966374
0.8888888888888888,1.0,0.4444444444444444,0.0,300.00000033213246
0.8888888888888888,1.0,0.5555555555555556,0.0,300.00000033213246
0.8888888888888888,1.0,0.6666666666666666,0.0,300.0000000966374
0.8888888888888888,1.0,0.7777777777777777,0.0,300.00000000818113
0.8888888888888888,1.0,0.8888888888888888,0.0,300.0000000002015
0.8888888888888888,1.0,1.0,0.0,300.0000000000014
1.0,0.0,0.0,0.0,300.0
1.0,0.0,0.1111111111111111,0.0,300.0000000000014
1.0,0.0,0.2222222222222222,0.0,300.0000000000586
1.0,0.0,0.3333333333333333,0.0,300.0000000006926
1.0,0.0,0.4444444444444444,0.0,300.0000000023804
1.0,0.0,0.5555555555555556,0.0,300.0000000023804
1.0,0.0,0.6666666666666666,0.0,300.0000000006926
1.0,0.0,0.7777777777777777,0.0,300.0000000000586
1.0,0.0,0.8888888888888888,0.0,300.0000000000014
1.0,0.0,1.0,0.0,300.0
1.0,0.1111111111111111,0.0,0.0,300.0000000000014
1.0,0.1111111111111111,0.1111111111111111,0.0,300.0000000002015
1.0,0.1111111111111111,0.2222222222222222,0.0,300.00000000818113
1.0,0.1111111111111111,0.3333333333333333,0.0,300.0000000966374
1.0,0.1111111111111111,0.4444444444444444,0.0,300.00000033213246
1.0,0.1111111111111111,0.5555555555555556,0.0,300.00000033213246
1.0,0.1111111111111111,0.6666666666666666,0.0,300.0000000966374
1.0,0.1111111111111111,0.7777777777777777,0.0,300.00000000818113
1.0,0.1111111111111111,0.8888888888888888,0.0,300.0000000002015
1.0,0.1111111111111111,1.0,0.0,300.0000000000014
1.0,0.2222222222222222,0.0,0.0,300.0000000000586
1.0,0.2222222222222222,0.1111111111111111,0.0,300.00000000818113
1.0,0.2222222222222222,0.2222222222222222,0.0,300.00000033213246
1.0,0.2222222222222222,0.3333333333333333,0.0,300.00000392322625
1.0,0.2222222222222222,0.4444444444444444,0.0,300.0000134837094
1.0,0.2222222222222222,0.5555555555555556,0.0,300.0000134837094
1.0,0.2222222222222222,0.6666666666666666,0.0,300.00000392322625
1.0,0.2222222222222222,0.7777777777777777,0.0,300.00000033213246
1.0,0.2222222222222222,0.8888888888888888,0.0,300.00000000818113
1.0,0.2222222222222222,1.0,0.0,300.0000000000586
1.0,0.3333333333333333,0.0,0.0,300.0000000006926
1.0,0.3333333333333333,0.1111111111111111,0.0,300.0000000966374
1.0,0.3333333333333333,0.2222222222222222,0.0,300.00000392322625
1.0,0.3333333333333333,0.3333333333333333,0.0,300.0000463420681
1.0,0.3333333333333333,0.4444444444444444,0.0,300.0001592727351
1.0,0.3333333333333333,0.5555555555555556,0.0,300.0001592727351
1.0,0.3333333333333333,0.6666666666666666,0.0,300.0000463420681
1.0,0.3333333333333333,0.7777777777777777,0.0,300.00000392322625
1.0,0.3333333333333333,0.8888888888888888,0.0,300.0000000966374
1.0,0.3333333333333333,1.0,0.0,300.0000000006926
1.0,0.4444444444444444,0.0,0.0,300.0000000023804
1.0,0.4444444444444444,0.1111111111111111,0.0,300.00000033213246
1.0,0.4444444444444444,0.2222222222222222,0.0,300.0000134837094
1.0,0.4444444444444444,0.3333333333333333,0.0,300.0001592727351
1.0,0.4444444444444444,0.4444444444444444,0.0,300.00054740336793
1.0,0.4444444444444444,0.5555555555555556,0.0,300.00054740336793
1.0,0.4444444444444444,0.6666666666666666,0.0,300.0001592727351
1.0,0.4444444444444444,0.7777777777777777,0.0,300.0000134837094
1.0,0.4444444444444444,0.8888888888888888,0.0,300.00000033213246
1.0,0.4444444444444444,1.0,0.0,300.0000000023804
1.0,0.5555555555555556,0.0,0.0,300.0000000023804
1.0,0.5555555555555556,0.1111111111111111,0.0,300.00000033213246
1.0,0.5555555555555556,0.2222222222222222,0.0,300.0000134837094
1.0,0.5555555555555556,0.3333333333333333,0.0,300.0001592727351
1.0,0.5555555555555556,0.4444444444444444,0.0,300.00054740336793
1.0,0.5555555555555556,0.5555555555555556,0.0,300.00054740336793
1.0,0.5555555555555556,0.6666666666666666,0.0,300.0001592727351
1.0,0.5555555555555556,0.7777777777777777,0.0,300.0000134837094
1.0,0.5555555555555556,0.8888888888888888,0.0,300.00000033213246
1.0,0.5555555555555556,1.0,0.0,300.0000000023804
1.0,0.6666666666666666,0.0,0.0,300.0000000006926
1.0,0.6666666666666666,0.1111111111111111,0.0,300.0000000966374
1.0,0.6666666666666666,0.2222222222222222,0.0,300.00000392322625
1.0,0.6666666666666666,0.3333333333333333,0.0,300.0000463420681
1.0,0.6666666666666666,0.4444444444444444,0.0,300.0001592727351
1.0,0.6666666666666666,0.5555555555555556,0.0,300.0001592727351
1.0,0.6666666666666666,0.6666666666666666,0.0,300.0000463420681
1.0,0.6666666666666666,0.7777777777777777,0.0,300.00000392322625
1.0,0.6666666666666666,0.8888888888888888,0.0,300.0000000966374
1.0,0.6666666666666666,1.0,0.0,300.0000000006926
1.0,0.7777777777777777,0.0,0.0,300.0000000000586
1.0,0.7777777777777777,0.1111111111111111,0.0,300.00000000818113
1.0,0.7777777777777777,0.2222222222222222,0.0,300.00000033213246
1.0,0.7777777777777777,0.3333333333333333,0.0,300.00000392322625
1.0,0.7777777777777777,0.4444444444444444,0.0,300.0000134837094
1.0,0.7777777777777777,0.5555555555555556,0.0,300.0000134837094
1.0,0.7777777777777777,0.6666666666666666,0.0,300.00000392322625
1.0,0.7777777777777777,0.7777777777777777,0.0,300.00000033213246
1.0,0.7777777777777777,0.8888888888888888,0.0,300.00000000818113
1.0,0.7777777777777777,1.0,0.0,300.0000000000586
1.0,0.8888888888888888,0.0,0.0,300.0000000000014
1.0,0.8888888888888888,0.1111111111111111,0.0,300.0000000002015
1.0,0.8888888888888888,0.2222222222222222,0.0,300.00000000818113
1.0,0.8888888888888888,0.3333333333333333,0.0,300.0000000966374
1.0,0.8888888888888888,0.4444444444444444,0.0,300.00000033213246
1.0,0.8888888888888888,0.5555555555555556,0.0,300.00000033213246
1.0,0.8888888888888888,0.6666666666666666,0.0,300.0000000966374
1.0,0.8888888888888888,0.7777777777777777,0.0,300.00000000818113
1.0,0.8888888888888888,0.8888888888888888,0.0,300.0000000002015
1.0,0.8888888888888888,1.0,0.0,300.0000000000014
1.0,1.0,0.0,0.0,300.0
1.0,1.0,0.1111111111111111,0.0,300.0000000000014
1.0,1.0,0.2222222222222222,0.0,300.0000000000586
1.0,1.0,0.3333333333333333,0.0,300.0000000006926
1.0,1.0,0.4444444444444444,0.0,300.0000000023804
1.0,1.0,0.5555555555555556,0.0,300.0000000023804
1.0,1.0,0.6666666666666666,0.0,300.0000000006926
1.0,1.0,0.7777777777777777,0.0,300.0000000000586
1.0,1.0,0.8888888888888888,0.0,300.0000000000014
1.0,1.0,1.0,0.0,300.0
0.0,0.0,0.0,11.11111111111111,300.00000000000125
0.0,0.0,0.1111111111111111,11.11111111111111,300.0000000000886
0.0,0.0,0.2222222222222222,11.11111111111111,300.00000000219814
0.0,0.0,0.3333333333333333,11.11111111111111,300.00000001869654
0.0,0.0,0.4444444444444444,11.11111111111111,300.0000000545278
0.0,0.0,0.5555555555555556,11.11111111111111,300.0000000545278
0.0,0.0,0.6666666666666666,11.11111111111111,300.00000001869654
0.0,0.0,0.7777777777777777,11.11111111111111,300.00000000219814
0.0,0.0,0.8888888888888888,11.11111111111111,300.0000000000886
0.0,0.0,1.0,11.11111111111111,300.00000000000125
0.0,0.1111111111111111,0.0,11.11111111111111,300.0000000000886
0.0,0.1111111111111111,0.1111111111111111,11.11111111111111,300.0000000064107
0.0,0.1111111111111111,0.2222222222222222,11.11111111111111,300.00000015902805
0.0,0.1111111111111111,0.3333333333333333,11.11111111111111,300.00000135265105
0.0,0.1111111111111111,0.4444444444444444,11.11111111111111,300.0000039449524
0.0,0.1111111111111111,0.5555555555555556,11.11111111111111,300.0000039449524
0.0,0.1111111111111111,0.6666666666666666,11.11111111111111,300.00000135265105
0.0,0.1111111111111111,0.7777777777777777,11.11111111111111,300.00000015902805
0.0,0.1111111111111111,0.8888888888888888,11.11111111111111,300.0000000064107
0.0,0.1111111111111111,1.0,11.11111111111111,300.0000000000886
0.0,0.2222222222222222,0.0,11.11111111111111,300.00000000219814
0.0,0.2222222222222222,0.1111111111111111,11.11111111111111,300.00000015902805
0.0,0.2222222222222222,0.2222222222222222,11.11111111111111,300.0000039449524
0.0,0.2222222222222222,0.3333333333333333,11.11111111111111,300.000033554731
0.0,0.2222222222222222,0.4444444444444444,11.11111111111111,300.00009786102447
0.0,0.2222222222222222,0.5555555555555556,11.11111111111111,300.00009786102447
0.0,0.2222222222222222,0.6666666666666666,11.11111111111111,300.000033554731
0.0,0.2222222222222222,0.7777777777777777,11.11111111111111,300.0000039449524
0.0,0.2222222222222222,0.8888888888888888,11.11111111111111,300.00000015902805
0.0,0.2222222222222222,1.0,11.11111111111111,300.00000000219814
0.0,0.3333333333333333,0.0,11.11111111111111,300.00000001869654
0.0,0.3333333333333333,0.1111111111111111,11.11111111111111,300.00000135265105
0.0,0.3333333333333333,0.2222222222222222,11.11111111111111,300.000033554731
0.0,0.3333333333333333,0.3333333333333333,11.11111111111111,300.0002854077453
0.0,0.3333333333333333,0.4444444444444444,11.11111111111111,300.0008323802199
0.0,0.3333333333333333,0.5555555555555556,11.11111111111111,300.0008323802199
0.0,0.3333333333333333,0.6666666666666666,11.11111111111111,300.0002854077453
0.0,0.3333333333333333,0.7777777777777777,11.11111111111111,300.000033554731
0.0,0.3333333333333333,0.8888888888888888,11.11111111111111,300.00000135265105
0.0,0.3333333333333333,1.0,11.11111111111111,300.00000001869654
0.0,0.4444444444444444,0.0,11.11111111111111,300.0000000545278
0.0,0.4444444444444444,0.1111111111111111,11.11111111111111,300.0000039449524
0.0,0.4444444444444444,0.2222222222222222,11.11111111111111,300.00009786102447
0.0,0.4444444444444444,0.3333333333333333,11.11111111111111,300.0008323802199
0.0,0.4444444444444444,0.4444444444444444,11.11111111111111,300.0024276034615
0.0,0.4444444444444444,0.5555555555555556,11.11111111111111,300.0024276034615
0.0,0.4444444444444444,0.6666666666666666,11.11111111111111,300.0008323802199
0.0,0.4444444444444444,0.7777777777777777,11.11111111111111,300.00009786102447
0.0,0.4444444444444444,0.8888888888888888,11.11111111111111,300.0000039449524
0.0,0.4444444444444444,1.0,11.11111111111111,300.0000000545278
0.0,0.5555555555555556,0.0,11.11111111111111,300.0000000545278
0.0,0.5555555555555556,0.1111111111111111,11.11111111111111,300.0000039449524
0.0,0.5555555555555556,0.2222222222222222,11.11111111111111,300.00009786102447
0.0,0.5555555555555556,0.3333333333333333,11.11111111111111,300.0008323802199
0.0,0.5555555555555556,0.4444444444444444,11.11111111111111,300.0024276034615
0.0,0.5555555555555556,0.5555555555555556,11.11111111111111,300.0024276034615
0.0,0.5555555555555556,0.6666666666666666,11.11111111111111,300.0008323802199
0.0,0.5555555555555556,0.7777777777777777,11.11111111111111,300.00009786102447
0.0,0.5555555555555556,0.8888888888888888,11.11111111111111,300.0000039449524
0.0,0.5555555555555556,1.0,11.11111111111111,300.0000000545278
0.0,0.6666666666666666,0.0,11.11111111111111,300.00000001869654
0.0,0.6666666666666666,0.1111111111111111,11.11111111111111,300.00000135265105
0.0,0.6666666666666666,0.2222222222222222,11.11111111111111,300.000033554731
0.0,0.6666666666666666,0.3333333333333333,11.11111111111111,300.0002854077453
0.0,0.6666666666666666,0.4444444444444444,11.11111111111111,300.0008323802199
0.0,0.6666666666666666,0.5555555555555556,11.11111111111111,300.0008323802199
0.0,0.6666666666666666,0.6666666666666666,11.11111111111111,300.0002854077453
0.0,0.6666666666666666,0.7777777777777777,11.11111111111111,300.000033554731
0.0,0.6666666666666666,0.8888888888888888,11.11111111111111,300.00000135265105
0.0,0.6666666666666666,1.0,11.11111111111111,300.00000001869654
0.0,0.7777777777777777,0.0,11.11111111111111,300.00000000219814
0.0,0.7777777777777777,0.1111111111111111,11.11111111111111,300.00000015902805
0.0,0.7777777777777777,0.2222222222222222,11.11111111111111,300.0000039449524
0.0,0.7777777777777777,0.3333333333333333,11.11111111111111,300.000033554731
0.0,0.7777777777777777,0.4444444444444444,11.11111111111111,300.00009786102447
0.0,0.7777777777777777,0.5555555555555556,11.11111111111111,300.00009786102447
0.0,0.7777777777777777,0.6666666666666666,11.11111111111111,300.000033554731
0.0,0.7777777777777777,0.7777777777777777,11.11111111111111,300.0000039449524
0.0,0.7777777777777777,0.8888888888888888,11.11111111111111,300.00000015902805
0.0,0.7777777777777777,1.0,11.11111111111111,300.00000000219814
0.0,0.8888888888888888,0.0,11.11111111111111,300.0000000000886
0.0,0.8888888888888888,0.1111111111111111,11.11111111111111,300.0000000064107
0.0,0.8888888888888888,0.2222222222222222,11.11111111111111,300.00000015902805
0.0,0.8888888888888888,0.3333333333333333,11.11111111111111,300.00000135265105
0.0,0.8888888888888888,0.4444444444444444,11.11111111111111,300.0000039449524
0.0,0.8888888888888888,0.5555555555555556,11.11111111111111,300.0000039449524
0.0,0.8888888888888888,0.6666666666666666,11.11111111111111,300.00000135265105
0.0,0.8888888888888888,0.7777777777777777,11.11111111111111,300.00000015902805
0.0,0.8888888888888888,0.8888888888888888,11.11111111111111,300.0000000064107
0.0,0.8888888888888888,1.0,11.11111111111111,300.0000000000886
0.0,1.0,0.0,11.11111111111111,300.00000000000125
0.0,1.0,0.1111111111111111,11.11111111111111,300.0000000000886
0.0,1.0,0.2222222222222222,11.11111111111111,300.00000000219814
0.0,1.0,0.3333333333333333,11.11111111111111,300.00000001869654
0.0,1.0,0.4444444444444444,11.11111111111111,300.0000000545278
0.0,1.0,0.5555555555555556,11.11111111111111,300.0000000545278
0.0,1.0,0.6666666666666666,11.11111111111111,300.00000001869654
0.0,1.0,0.7777777777777777,11.11111111111111,300.00000000219814
0.0,1.0,0.8888888888888888,11.11111111111111,300.0000000000886
0.0,1.0,1.0,11.11111111111111,300.00000000000125
0.1111111111111111,0.0,0.0,11.11111111111111,300.0000000000886
0.1111111111111111,0.0,0.1111111111111111,11.11111111111111,300.0000000064107
0.1111111111111111,0.0,0.2222222222222222,11.11111111111111,300.00000015902805
0.1111111111111111,0.0,0.3333333333333333,11.11111111111111,300.00000135265105
0.1111111111111111,0.0,0.4444444444444444,11.11111111111111,300.0000039449524
0.1111111111111111,0.0,0.5555555555555556,11.11111111111111,300.0000039449524
0.1111111111111111,0.0,0.6666666666666666,11.11111111111111,300.00000135265105
0.1111111111111111,0.0,0.7777777777777777,11.11111111111111,300.00000015902805
0.1111111111111111,0.0,0.8888888888888888,11.11111111111111,300.0000000064107
0.1111111111111111,0.0,1.0,11.11111111111111,300.0000000000886
0.1111111111111111,0.1111111111111111,0.0,11.11111111111111,300.0000000064107
0.1111111111111111,0.1111111111111111,0.1111111111111111,11.11111111111111,300.000000463799
0.1111111111111111,0.1111111111111111,0.2222222222222222,11.11111111111111,300.00001150529516
0.1111111111111111,0.1111111111111111,0.3333333333333333,11.11111111111111,300.00009786102447
0.1111111111111111,0.1111111111111111,0.4444444444444444,11.11111111111111,300.0002854077453
0.1111111111111111,0.1111111111111111,0.5555555555555556,11.11111111111111,300.0002854077453
0.1111111111111111,0.1111111111111111,0.6666666666666666,11.11111111111111,300.00009786102447
0.1111111111111111,0.1111111111111111,0.7777777777777777,11.11111111111111,300.00001150529516
0.1111111111111111,0.1111111111111111,0.8888888888888888,11.11111111111111,300.000000463799
0.1111111111111111,0.1111111111111111,1.0,11.11111111111111,300.0000000064107
0.1111111111111111,0.2222222222222222,0.0,11.11111111111111,300.00000015902805
0.1111111111111111,0.2222222222222222,0.1111111111111111,11.11111111111111,300.00001150529516
0.1111111111111111,0.2222222222222222,0.2222222222222222,11.11111111111111,300.0002854077453
0.1111111111111111,0.2222222222222222,0.3333333333333333,11.11111111111111,300.0024276034615
0.1111111111111111,0.2222222222222222,0.4444444444444444,11.11111111111111,300.0070800079404
0.1111111111111111,0.2222222222222222,0.5555555555555556,11.11111111111111,300.0070800079404
0.1111111111111111,0.2222222222222222,0.6666666666666666,11.11111111111111,300.0024276034615
0.1111111111111111,0.2222222222222222,0.7777777777777777,11.11111111111111,300.0002854077453
0.1111111111111111,0.2222222222222222,0.8888888888888888,11.11111111111111,300.00001150529516
0.1111111111111111,0.2222222222222222,1.0,11.11111111111111,300.00000015902805
0.1111111111111111,0.3333333333333333,0.0,11.11111111111111,300.00000135265105
0.1111111111111111,0.3333333333333333,0.1111111111111111,11.11111111111111,300.00009786102447
0.1111111111111111,0.3333333333333333,0.2222222222222222,11.11111111111111,300.0024276034615
0.1111111111111111,0.3333333333333333,0.3333333333333333,11.11111111111111,300.0206485586427
0.1111111111111111,0.3333333333333333,0.4444444444444444,11.11111111111111,300.0602206915035
0.1111111111111111,0.3333333333333333,0.5555555555555556,11.11111111111111,300.0602206915035
0.1111111111111111,0.3333333333333333,0.6666666666666666,11.11111111111111,300.0206485586427
0.1111111111111111,0.3333333333333333,0.7777777777777777,11.11111111111111,300.0024276034615
0.1111111111111111,0.3333333333333333,0.8888888888888888,11.11111111111111,300.00009786102447
0.1111111111111111,0.3333333333333333,1.0,11.11111111111111,300.00000135265105
0.1111111111111111,0.4444444444444444,0.0,11.11111111111111,300.0000039449524
0.1111111111111111,0.4444444444444444,0.1111111111111111,11.11111111111111,300.0002854077453
0.1111111111111111,0.4444444444444444,0.2222222222222222,11.11111111111111,300.0070800079404
0.1111111111111111,0.4444444444444444,0.3333333333333333,11.11111111111111,300.0602206915035
0.1111111111111111,0.4444444444444444,0.4444444444444444,11.11111111111111,300.17563122675614
0.1111111111111111,0.4444444444444444,0.5555555555555556,11.11111111111111,300.17563122675614
0.1111111111111111,0.4444444444444444,0.6666666666666666,11.11111111111111,300.0602206915035
0.1111111111111111,0.4444444444444444,0.7777777777777777,11.11111111111111,300.0070800079404
0.1111111111111111,0.4444444444444444,0.8888888888888888,11.11111111111111,300.0002854077453
0.1111111111111111,0.4444444444444444,1.0,11.11111111111111,300.0000039449524
0.1111111111111111,0.5555555555555556,0.0,11.11111111111111,300.0000039449524
0.1111111111111111,0.5555555555555556,0.1111111111111111,11.11111111111111,300.0002854077453
0.1111111111111111,0.5555555555555556,0.2222222222222222,11.11111111111111,300.0070800079404
0.1111111111111111,0.5555555555555556,0.3333333333333333,11.11111111111111,300.0602206915035
0.1111111111111111,0.5555555555555556,0.4444444444444444,11.11111111111111,300.17563122675614
0.1111111111111111,0.5555555555555556,0.5555555555555556,11.11111111111111,300.17563122675614
0.1111111111111111,0.5555555555555556,0.6666666666666666,11.11111111111111,300.0602206915035
0.1111111111111111,0.5555555555555556,0.7777777777777777,11.11111111111111,300.0070800079404
0.1111111111111111,0.5555555555555556,0.8888888888888888,11.11111111111111,300.0002854077453
0.1111111111111111,0.5555555555555556,1.0,11.11111111111111,300.0000039449524
0.1111111111111111,0.6666666666666666,0.0,11.11111111111111,300.00000135265105
0.1111111111111111,0.6666666666666666,0.1111111111111111,11.11111111111111,300.00009786102447
0.1111111111111111,0.6666666666666666,0.2222222222222222,11.11111111111111,300.0024276034615
0.1111111111111111,0.6666666666666666,0.3333333333333333,11.11111111111111,300.0206485586427
0.1111111111111111,0.6666666666666666,0.4444444444444444,11.11111111111111,300.0602206915035
0.1111111111111111,0.6666666666666666,0.5555555555555556,11.11111111111111,300.0602206915035
0.1111111111111111,0.6666666666666666,0.6666666666666666,11.11111111111111,300.0206485586427
0.1111111111111111,0.6666666666666666,0.7777777777777777,11.11111111111111,300.0024276034615
0.1111111111111111,0.6666666666666666,0.8888888888888888,11.11111111111111,300.00009786102447
0.1111111111111111,0.6666666666666666,1.0,11.11111111111111,300.00000135265105
0.1111111111111111,0.7777777777777777,0.0,11.11111111111111,300.00000015902805
0.1111111111111111,0.7777777777777777,0.1111111111111111,11.11111111111111,300.00001150529516
0.1111111111111111,0.7777777777777777,0.2222222222222222,11.11111111111111,300.0002854077453
0.1111111111111111,0.7777777777777777,0.3333333333333333,11.11111111111111,300.0024276034615
0.1111111111111111,0.7777777777777777,0.4444444444444444,11.11111111111111,300.0070800079404
0.1111111111111111,0.7777777777777777,0.5555555555555556,11.11111111111111,300.0070800079404
0.1111111111111111,0.7777777777777777,0.6666666666666666,11.11111111111111,300.0024276034615
0.1111111111111111,0.7777777777777777,0.7777777777777777,11.11111111111111,300.0002854077453
0.1111111111111111,0.7777777777777777,0.8888888888888888,11.11111111111111,300.00001150529516
0.1111111111111111,0.7777777777777777,1.0,11.11111111111111,300.00000015902805
0.1111111111111111,0.8888888888888888,0.0,11.11111111111111,300.0000000064107
0.1111111111111111,0.8888888888888888,0.1111111111111111,11.11111111111111,300.000000463799
0.1111111111111111,0.8888888888888888,0.2222222222222222,11.11111111111111,300.00001150529516
0.1111111111111111,0.8888888888888888,0.3333333333333333,11.11111111111111,300.00009786102447
0.1111111111111111,0.8888888888888888,0.4444444444444444,11.11111111111111,300.0002854077453
0.1111111111111111,0.8888888888888888,0.5555555555555556,11.11111111111111,300.0002854077453
0.1111111111111111,0.8888888888888888,0.6666666666666666,11.11111111111111,300.00009786102447
0.1111111111111111,0.8888888888888888,0.7777777777777777,11.11111111111111,300.00001150529516
0.1111111111111111,0.8888888888888888,0.8888888888888888,11.11111111111111,300.000000463799
0.1111111111111111,0.8888888888888888,1.0,11.11111111111111,300.0000000064107
0.1111111111111111,1.0,0.0,11.11111111111111,300.0000000000886
0.1111111111111111,1.0,0.1111111111111111,11.11111111111111,300.0000000064107
0.1111111111111111,1.0,0.2222222222222222,11.11111111111111,300.00000015902805
0.1111111111111111,1.0,0.3333333333333333,11.11111111111111,300.00000135265105
0.1111111111111111,1.0,0.4444444444444444,11.11111111111111,300.0000039449524
0.1111111111111111,1.0,0.5555555555555556,11.11111111111111,300.0000039449524
0.1111111111111111,1.0,0.6666666666666666,11.11111111111111,300.00000135265105
0.1111111111111111,1.0,0.7777777777777777,11.11111111111111,300.00000015902805
0.1111111111111111,1.0,0.8888888888888888,11.11111111111111,300.0000000064107
0.1111111111111111,1.0,1.0,11.11111111111111,300.0000000000886
0.2222222222222222,0.0,0.0,11.11111111111111,300.00000000219814
0.2222222222222222,0.0,0.1111111111111111,11.11111111111111,300.00000015902805
0.2222222222222222,0.0,0.2222222222222222,11.11111111111111,300.0000039449524
0.2222222222222222,0.0,0.3333333333333333,11.11111111111111,300.000033554731
0.2222222222222222,0.0,0.4444444444444444,11.11111111111111,300.00009786102447
0.2222222222222222,0.0,0.5555555555555556,11.11111111111111,300.00009786102447
0.2222222222222222,0.0,0.6666666666666666,11.11111111111111,300.000033554731
0.2222222222222222,0.0,0.7777777777777777,11.11111111111111,300.0000039449524
0.2222222222222222,0.0,0.8888888888888888,11.11111111111111,300.00000015902805
0.2222222222222222,0.0,1.0,11.11111111111111,300.00000000219814
0.2222222222222222,0.1111111111111111,0.0,11.11111111111111,300.00000015902805
0.2222222222222222,0.1111111111111111,0.1111111111111111,11.11111111111111,300.00001150529516
0.2222222222222222,0.1111111111111111,0.2222222222222222,11.11111111111111,300.0002854077453
0.2222222222222222,0.1111111111111111,0.3333333333333333,11.11111111111111,300.0024276034615
0.2222222222222222,0.1111111111111111,0.4444444444444444,11.11111111111111,300.0070800079404
0.2222222222222222,0.1111111111111111,0.5555555555555556,11.11111111111111,300.0070800079404
0.2222222222222222,0.1111111111111111,0.6666666666666666,11.11111111111111,300.0024276034615
0.2222222222222222,0.1111111111111111,0.7777777777777777,11.11111111111111,300.0002854077453
0.2222222222222222,0.1111111111111111,0.8888888888888888,11.11111111111111,300.00001150529516
0.2222222222222222,0.1111111111111111,1.0,11.11111111111111,300.00000015902805
0.2222222222222222,0.2222222222222222,0.0,11.11111111111111,300.0000039449524
0.2222222222222222,0.2222222222222222,0.1111111111111111,11.11111111111111,300.0002854077453
0.2222222222222222,0.2222222222222222,0.2222222222222222,11.11111111111111,300.0070800079404
0.2222222222222222,0.2222222222222222,0.3333333333333333,11.11111111111111,300.0602206915035
0.2222222222222222,0.2222222222222222,0.4444444444444444,11.11111111111111,300.17563122675614
0.2222222222222222,0.2222222222222222,0.5555555555555556,11.11111111111111,300.17563122675614
0.2222222222222222,0.2222222222222222,0.6666666666666666,11.11111111111111,300.0602206915035
0.2222222222222222,0.2222222222222222,0.7777777777777777,11.11111111111111,300.0070800079404
0.2222222222222222,0.2222222222222222,0.8888888888888888,11.11111111111111,300.0002854077453
0.2222222222222222,0.2222222222222222,1.0,11.11111111111111,300.0000039449524
0.2222222222222222,0.3333333333333333,0.0,11.11111111111111,300.000033554731
0.2222222222222222,0.3333333333333333,0.1111111111111111,11.11111111111111,300.0024276034615
0.2222222222222222,0.3333333333333333,0.2222222222222222,11.11111111111111,300.0602206915035
0.2222222222222222,0.3333333333333333,0.3333333333333333,11.11111111111111,300.51222141496106
0.2222222222222222,0.3333333333333333,0.4444444444444444,11.11111111111111,301.4938731727303
0.2222222222222222,0.3333333333333333,0.5555555555555556,11.11111111111111,301.4938731727303
0.2222222222222222,0.3333333333333333,0.6666666666666666,11.11111111111111,300.51222141496106
0.2222222222222222,0.3333333333333333,0.7777777777777777,11.11111111111111,300.0602206915035
0.2222222222222222,0.3333333333333333,0.8888888888888888,11.11111111111111,300.0024276034615
0.2222222222222222,0.3333333333333333,1.0,11.11111111111111,300.000033554731
0.2222222222222222,0.4444444444444444,0.0,11.11111111111111,300.00009786102447
0.2222222222222222,0.4444444444444444,0.1111111111111111,11.11111111111111,300.0070800079404
0.2222222222222222,0.4444444444444444,0.2222222222222222,11.11111111111111,300.17563122675614
0.2222222222222222,0.4444444444444444,0.3333333333333333,11.11111111111111,301.4938731727303
0.2222222222222222,0.4444444444444444,0.4444444444444444,11.11111111111111,304.35682107584836
0.2222222222222222,0.4444444444444444,0.5555555555555556,11.11111111111111,304.35682107584836
0.2222222222222222,0.4444444444444444,0.6666666666666666,11.11111111111111,301.4938731727303
0.2222222222222222,0.4444444444444444,0.7777777777777777,11.11111111111111,300.17563122675614
0.2222222222222222,0.4444444444444444,0.8888888888888888,11.11111111111111,300.0070800079404
0.2222222222222222,0.4444444444444444,1.0,11.11111111111111,300.00009786102447
0.2222222222222222,0.5555555555555556,0.0,11.11111111111111,300.00009786102447
0.2222222222222222,0.5555555555555556,0.1111111111111111,11.11111111111111,300.0070800079404
0.2222222222222222,0.5555555555555556,0.2222222222222222,11.11111111111111,300.17563122675614
0.2222222222222222,0.5555555555555556,0.3333333333333333,11.11111111111111,301.4938731727303
0.2222222222222222,0.5555555555555556,0.4444444444444444,11.11111111111111,304.35682107584836
0.2222222222222222,0.5555555555555556,0.5555555555555556,11.11111111111111,304.35682107584836
0.2222222222222222,0.5555555555555556,0.6666666666666666,11.11111111111111,301.4938731727303
0.2222222222222222,0.5555555555555556,0.7777777777777777,11.11111111111111,300.17563122675614
0.2222222222222222,0.5555555555555556,0.8888888888888888,11.11111111111111,300.0070800079404
0.2222222222222222,0.5555555555555556,1.0,11.11111111111111,300.00009786102447
0.2222222222222222,0.6666666666666666,0.0,11.11111111111111,300.000033554731
0.2222222222222222,0.6666666666666666,0.1111111111111111,11.11111111111111,300.0024276034615
0.2222222222222222,0.6666666666666666,0.2222222222222222,11.11111111111111,300.0602206915035
0.2222222222222222,0.6666666666666666,0.3333333333333333,11.11111111111111,300.51222141496106
0.2222222222222222,0.6666666666666666,0.4444444444444444,11.11111111111111,301.4938731727303
0.2222222222222222,0.6666666666666666,0.5555555555555556,11.11111111111111,301.4938731727303
0.2222222222222222,0.6666666666666666,0.6666666666666666,11.11111111111111,300.51222141496106
0.2222222222222222,0.6666666666666666,0.7777777777777777,11.11111111111111,300.0602206915035
0.2222222222222222,0.6666666666666666,0.8888888888888888,11.11111111111111,300.0024276034615
0.2222222222222222,0.6666666666666666,1.0,11.11111111111111,300.000033554731
0.2222222222222222,0.7777777777777777,0.0,11.11111111111111,300.0000039449524
0.2222222222222222,0.7777777777777777,0.1111111111111111,11.11111111111111,300.0002854077453
0.2222222222222222,0.7777777777777777,0.2222222222222222,11.11111111111111,300.0070800079404
0.2222222222222222,0.7777777777777777,0.3333333333333333,11.11111111111111,300.0602206915035
0.2222222222222222,0.7777777777777777,0.4444444444444444,11.11111111111111,300.17563122675614
0.2222222222222222,0.7777777777777777,0.5555555555555556,11.11111111111111,300.17563122675614
0.2222222222222222,0.7777777777777777,0.6666666666666666,11.11111111111111,300.0602206915035
0.2222222222222222,0.7777777777777777,0.7777777777777777,11.11111111111111,300.0070800079404
0.2222222222222222,0.7777777777777777,0.8888888888888888,11.11111111111111,300.0002854077453
0.2222222222222222,0.7777777777777777,1.0,11.11111111111111,300.0000039449524
0.2222222222222222,0.8888888888888888,0.0,11.11111111111111,300.00000015902805
0.2222222222222222,0.8888888888888888,0.1111111111111111,11.11111111111111,300.00001150529516
0.2222222222222222,0.8888888888888888,0.2222222222222222,11.11111111111111,300.0002854077453
0.2222222222222222,0.8888888888888888,0.3333333333333333,11.11111111111111,300.0024276034615
0.2222222222222222,0.8888888888888888,0.4444444444444444,11.11111111111111,300.0070800079404
0.2222222222222222,0.8888888888888888,0.5555555555555556,11.11111111111111,300.0070800079404
0.2222222222222222,0.8888888888888888,0.6666666666666666,11.11111111111111,300.0024276034615
0.2222222222222222,0.8888888888888888,0.7777777777777777,11.11111111111111,300.0002854077453
0.2222222222222222,0.8888888888888888,0.8888888888888888,11.11111111111111,300.00001150529516
0.2222222222222222,0.8888888888888888,1.0,11.11111111111111,300.00000015902805
0.2222222222222222,1.0,0.0,11.11111111111111,300.00000000219814
0.2222222222222222,1.0,0.1111111111111111,11.11111111111111,300.00000015902805
0.2222222222222222,1.0,0.2222222222222222,11.11111111111111,300.0000039449524
0.2222222222222222,1.0,0.3333333333333333,11.11111111111111,300.000033554731
0.2222222222222222,1.0,0.4444444444444444,11.11111111111111,300.00009786102447
0.2222222222222222,1.0,0.5555555555555556,11.11111111111111,300.00009786102447
0.2222222222222222,1.0,0.6666666666666666,11.11111111111111,300.000033554731
0.2222222222222222,1.0,0.7777777777777777,11.11111111111111,300.0000039449524
0.2222222222222222,1.0,0.8888888888888888,11.11111111111111,300.00000015902805
0.2222222222222222,1.0,1.0,11.11111111111111,300.00000000219814
0.3333333333333333,0.0,0.0,11.11111111111111,300.00000001869654
0.3333333333333333,0.0,0.1111111111111111,11.11111111111111,300.00000135265105
0.3333333333333333,0.0,0.2222222222222222,11.11111111111111,300.000033554731
0.3333333333333333,0.0,0.3333333333333333,11.11111111111111,300.0002854077453
0.3333333333333333,0.0,0.4444444444444444,11.11111111111111,300.0008323802199
0.3333333333333333,0.0,0.5555555555555556,11.11111111111111,300.0008323802199
0.3333333333333333,0.0,0.6666666666666666,11.11111111111111,300.0002854077453
0.3333333333333333,0.0,0.7777777777777777,11.11111111111111,300.000033554731
0.3333333333333333,0.0,0.8888888888888888,11.11111111111111,300.00000135265105
0.3333333333333333,0.0,1.0,11.11111111111111,300.00000001869654
0.3333333333333333,0.1111111111111111,0.0,11.11111111111111,300.00000135265105
0.3333333333333333,0.1111111111111111,0.1111111111111111,11.11111111111111,300.00009786102447
0.3333333333333333,0.1111111111111111,0.2222222222222222,11.11111111111111,300.0024276034615
0.3333333333333333,0.1111111111111111,0.3333333333333333,11.11111111111111,300.0206485586427
0.3333333333333333,0.1111111111111111,0.4444444444444444,11.11111111111111,300.0602206915035
0.3333333333333333,0.1111111111111111,0.5555555555555556,11.11111111111111,300.0602206915035
0.3333333333333333,0.1111111111111111,0.6666666666666666,11.11111111111111,300.0206485586427
0.3333333333333333,0.1111111111111111,0.7777777777777777,11.11111111111111,300.0024276034615
0.3333333333333333,0.1111111111111111,0.8888888888888888,11.11111111111111,300.00009786102447
0.3333333333333333,0.1111111111111111,1.0,11.11111111111111,300.00000135265105
0.3333333333333333,0.2222222222222222,0.0,11.11111111111111,300.000033554731
0.3333333333333333,0.2222222222222222,0.1111111111111111,11.11111111111111,300.0024276034615
0.3333333333333333,0.2222222222222222,0.2222222222222222,11.11111111111111,300.0602206915035
0.3333333333333333,0.2222222222222222,0.3333333333333333,11.11111111111111,300.51222141496106
0.3333333333333333,0.2222222222222222,0.4444444444444444,11.11111111111111,301.4938731727303
0.3333333333333333,0.2222222222222222,0.5555555555555556,11.11111111111111,301.4938731727303
0.3333333333333333,0.2222222222222222,0.6666666666666666,11.11111111111111,300.51222141496106
0.3333333333333333,0.2222222222222222,0.7777777777777777,11.11111111111111,300.0602206915035
0.3333333333333333,0.2222222222222222,0.8888888888888888,11.11111111111111,300.0024276034615
0.3333333333333333,0.2222222222222222,1.0,11.11111111111111,300.000033554731
0.3333333333333333,0.3333333333333333,0.0,11.11111111111111,300.0002854077453
0.3333333333333333,0.3333333333333333,0.1111111111111111,11.11111111111111,300.0206485586427
0.3333333333333333,0.3333333333333333,0.2222222222222222,11.11111111111111,300.51222141496106
0.3333333333333333,0.3333333333333333,0.3333333333333333,11.11111111111111,304.35682107584836
0.3333333333333333,0.3333333333333333,0.4444444444444444,11.11111111111111,312.7064935855726
0.3333333333333333,0.3333333333333333,0.5555555555555556,11.11111111111111,312.7064935855726
0.3333333333333333,0.3333333333333333,0.6666666666666666,11.11111111111111,304.35682107584836
0.3333333333333333,0.3333333333333333,0.7777777777777777,11.11111111111111,300.51222141496106
0.3333333333333333,0.3333333333333333,0.8888888888888888,11.11111111111111,300.0206485586427
0.3333333333333333,0.3333333333333333,1.0,11.11111111111111,300.0002854077453
0.3333333333333333,0.4444444444444444,0.0,11.11111111111111,300.0008323802199
0.3333333333333333,0.4444444444444444,0.1111111111111111,11.11111111111111,300.0602206915035
0.3333333333333333,0.4444444444444444,0.2222222222222222,11.11111111111111,301.4938731727303
0.3333333333333333,0.4444444444444444,0.3333333333333333,11.11111111111111,312.7064935855726
0.3333333333333333,0.4444444444444444,0.4444444444444444,11.11111111111111,337.0579779222995
0.3333333333333333,0.4444444444444444,0.5555555555555556,11.11111111111111,337.0579779222995
0.3333333333333333,0.4444444444444444,0.6666666666666666,11.11111111111111,312.7064935855726
0.3333333333333333,0.4444444444444444,0.7777777777777777,11.11111111111111,301.4938731727303
0.3333333333333333,0.4444444444444444,0.8888888888888888,11.11111111111111,300.0602206915035
0.3333333333333333,0.4444444444444444,1.0,11.11111111111111,300.0008323802199
0.3333333333333333,0.5555555555555556,0.0,11.11111111111111,300.0008323802199
0.3333333333333333,0.5555555555555556,0.1111111111111111,11.11111111111111,300.0602206915035
0.3333333333333333,0.5555555555555556,0.2222222222222222,11.11111111111111,301.4938731727303
0.3333333333333333,0.5555555555555556,0.3333333333333333,11.11111111111111,312.7064935855726
0.3333333333333333,0.5555555555555556,0.4444444444444444,11.11111111111111,337.0579779222995
0.3333333333333333,0.5555555555555556,0.5555555555555556,11.11111111111111,337.0579779222995
0.3333333333333333,0.5555555555555556,0.6666666666666666,11.11111111111111,312.7064935855726
0.3333333333333333,0.5555555555555556,0.7777777777777777,11.11111111111111,301.4938731727303
0.3333333333333333,0.5555555555555556,0.8888888888888888,11.11111111111111,300.0602206915035
0.3333333333333333,0.5555555555555556,1.0,11.11111111111111,300.0008323802199
0.3333333333333333,0.6666666666666666,0.0,11.11111111111111,300.0002854077453
0.3333333333333333,0.6666666666666666,0.1111111111111111,11.11111111111111,300.0206485586427
0.3333333333333333,0.6666666666666666,0.2222222222222222,11.11111111111111,300.51222141496106
0.3333333333333333,0.6666666666666666,0.3333333333333333,11.11111111111111,304.35682107584836
0.3333333333333333,0.6666666666666666,0.4444444444444444,11.11111111111111,312.7064935855726
0.3333333333333333,0.6666666666666666,0.5555555555555556,11.11111111111111,312.7064935855726
0.3333333333333333,0.6666666666666666,0.6666666666666666,11.11111111111111,304.35682107584836
0.3333333333333333,0.6666666666666666,0.7777777777777777,11.11111111111111,300.51222141496106
0.3333333333333333,0.6666666666666666,0.8888888888888888,11.11111111111111,300.0206485586427
0.3333333333333333,0.6666666666666666,1.0,11.11111111111111,300.0002854077453
0.3333333333333333,0.7777777777777777,0.0,11.11111111111111,300.000033554731
0.3333333333333333,0.7777777777777777,0.1111111111111111,11.11111111111111,300.0024276034615
0.3333333333333333,0.7777777777777777,0.2222222222222222,11.11111111111111,300.0602206915035
0.3333333333333333,0.7777777777777777,0.3333333333333333,11.11111111111111,300.51222141496106
0.3333333333333333,0.7777777777777777,0.4444444444444444,11.11111111111111,301.4938731727303
0.3333333333333333,0.7777777777777777,0.5555555555555556,11.11111111111111,301.4938731727303
0.3333333333333333,0.7777777777777777,0.6666666666666666,11.11111111111111,300.51222141496106
0.3333333333333333,0.7777777777777777,0.7777777777777777,11.11111111111111,300.0602206915035
0.3333333333333333,0.7777777777777777,0.8888888888888888,11.11111111111111,300.0024276034615
0.3333333333333333,0.7777777777777777,1.0,11.11111111111111,300.000033554731
0.3333333333333333,0.8888888888888888,0.0,11.11111111111111,300.00000135265105
0.3333333333333333,0.8888888888888888,0.1111111111111111,11.11111111111111,300.00009786102447
0.3333333333333333,0.8888888888888888,0.2222222222222222,11.11111111111111,300.0024276034615
0.3333333333333333,0.8888888888888888,0.3333333333333333,11.11111111111111,300.0206485586427
0.3333333333333333,0.8888888888888888,0.4444444444444444,11.11111111111111,300.0602206915035
0.3333333333333333,0.8888888888888888,0.5555555555555556,11.11111111111111,300.0602206915035
0.3333333333333333,0.8888888888888888,0.6666666666666666,11.11111111111111,300.0206485586427
0.3333333333333333,0.8888888888888888,0.7777777777777777,11.11111111111111,300.0024276034615
0.3333333333333333,0.8888888888888888,0.8888888888888888,11.11111111111111,300.00009786102447
0.3333333333333333,0.8888888888888888,1.0,11.11111111111111,300.00000135265105
0.3333333333333333,1.0,0.0,11.11111111111111,300.00000001869654
0.3333333333333333,1.0,0.1111111111111111,11.11111111111111,300.00000135265105
0.3333333333333333,1.0,0.2222222222222222,11.11111111111111,300.000033554731
0.3333333333333333,1.0,0.3333333333333333,11.11111111111111,300.0002854077453
0.3333333333333333,1.0,0.4444444444444444,11.11111111111111,300.0008323802199
0.3333333333333333,1.0,0.5555555555555556,11.11111111111111,300.0008323802199
0.3333333333333333,1.0,0.6666666666666666,11.11111111111111,300.0002854077453
0.3333333333333333,1.0,0.7777777777777777,11.11111111111111,300.000033554731
0.3333333333333333,1.0,0.8888888888888888,11.11111111111111,300.00000135265105
0.3333333333333333,1.0,1.0,11.11111111111111,300.00000001869654
0.4444444444444444,0.0,0.0,11.11111111111111,300.0000000545278
0.4444444444444444,0.0,0.1111111111111111,11.11111111111111,300.0000039449524
0.4444444444444444,0.0,0.2222222222222222,11.11111111111111,300.00009786102447
0.4444444444444444,0.0,0.3333333333333333,11.11111111111111,300.0008323802199
0.4444444444444444,0.0,0.4444444444444444,11.11111111111111,300.0024276034615
0.4444444444444444,0.0,0.5555555555555556,11.11111111111111,300.0024276034615
0.4444444444444444,0.0,0.6666666666666666,11.11111111111111,300.0008323802199
0.4444444444444444,0.0,0.7777777777777777,11.11111111111111,300.00009786102447
0.4444444444444444,0.0,0.8888888888888888,11.11111111111111,300.0000039449524
0.4444444444444444,0.0,1.0,11.11111111111111,300.0000000545278
0.4444444444444444,0.1111111111111111,0.0,11.11111111111111,300.0000039449524
0.4444444444444444,0.1111111111111111,0.1111111111111111,11.11111111111111,300.0002854077453
0.4444444444444444,0.1111111111111111,0.2222222222222222,11.11111111111111,300.0070800079404
0.4444444444444444,0.1111111111111111,0.3333333333333333,11.11111111111111,300.0602206915035
0.4444444444444444,0.1111111111111111,0.4444444444444444,11.11111111111111,300.17563122675614
0.4444444444444444,0.1111111111111111,0.5555555555555556,11.11111111111111,300.17563122675614
0.4444444444444444,0.1111111111111111,0.6666666666666666,11.11111111111111,300.0602206915035
0.4444444444444444,0.1111111111111111,0.7777777777777777,11.11111111111111,300.0070800079404
0.4444444444444444,0.1111111111111111,0.8888888888888888,11.11111111111111,300.0002854077453
0.4444444444444444,0.1111111111111111,1.0,11.11111111111111,300.0000039449524
0.4444444444444444,0.2222222222222222,0.0,11.11111111111111,300.00009786102447
0.4444444444444444,0.2222222222222222,0.1111111111111111,11.11111111111111,300.0070800079404
0.4444444444444444,0.2222222222222222,0.2222222222222222,11.11111111111111,300.17563122675614
0.4444444444444444,0.2222222222222222,0.3333333333333333,11.11111111111111,301.4938731727303
0.4444444444444444,0.2222222222222222,0.4444444444444444,11.11111111111111,304.35682107584836
0.4444444444444444,0.2222222222222222,0.5555555555555556,11.11111111111111,304.35682107584836
0.4444444444444444,0.2222222222222222,0.6666666666666666,11.11111111111111,301.4938731727303
0.4444444444444444,0.2222222222222222,0.7777777777777777,11.11111111111111,300.17563122675614
0.4444444444444444,0.2222222222222222,0.8888888888888888,11.11111111111111,300.0070800079404
0.4444444444444444,0.2222222222222222,1.0,11.11111111111111,300.00009786102447
0.4444444444444444,0.3333333333333333,0.0,11.11111111111111,300.0008323802199
0.4444444444444444,0.3333333333333333,0.1111111111111111,11.11111111111111,300.0602206915035
0.4444444444444444,0.3333333333333333,0.2222222222222222,11.11111111111111,301.4938731727303
0.4444444444444444,0.3333333333333333,0.3333333333333333,11.11111111111111,312.7064935855726
0.4444444444444444,0.3333333333333333,0.4444444444444444,11.11111111111111,337.0579779222995
0.4444444444444444,0.3333333333333333,0.5555555555555556,11.11111111111111,337.0579779222995
0.4444444444444444,0.3333333333333333,0.6666666666666666,11.11111111111111,312.7064935855726
0.4444444444444444,0.3333333333333333,0.7777777777777777,11.11111111111111,301.4938731727303
0.4444444444444444,0.3333333333333333,0.8888888888888888,11.11111111111111,300.0602206915035
0.4444444444444444,0.3333333333333333,1.0,11.11111111111111,300.0008323802199
0.4444444444444444,0.4444444444444444,0.0,11.11111111111111,300.0024276034615
0.4444444444444444,0.4444444444444444,0.1111111111111111,11.11111111111111,300.17563122675614
0.4444444444444444,0.4444444444444444,0.2222222222222222,11.11111111111111,304.35682107584836
0.4444444444444444,0.4444444444444444,0.3333333333333333,11.11111111111111,337.0579779222995
0.4444444444444444,0.4444444444444444,0.4444444444444444,11.11111111111111,408.07810340760904
0.4444444444444444,0.4444444444444444,0.5555555555555556,11.11111111111111,408.07810340760904
0.4444444444444444,0.4444444444444444,0.6666666666666666,11.11111111111111,337.05797792229953
0.4444444444444444,0.4444444444444444,0.7777777777777777,11.11111111111111,304.35682107584836
0.4444444444444444,0.4444444444444444,0.8888888888888888,11.11111111111111,300.17563122675614
0.4444444444444444,0.4444444444444444,1.0,11.11111111111111,300.0024276034615
0.4444444444444444,0.5555555555555556,0.0,11.11111111111111,300.0024276034615
0.4444444444444444,0.5555555555555556,0.1111111111111111,11.11111111111111,300.17563122675614
0.4444444444444444,0.5555555555555556,0.2222222222222222,11.11111111111111,304.35682107584836
0.4444444444444444,0.5555555555555556,0.3333333333333333,11.11111111111111,337.0579779222995
0.4444444444444444,0.5555555555555556,0.4444444444444444,11.11111111111111,408.07810340760904
0.4444444444444444,0.5555555555555556,0.5555555555555556,11.11111111111111,408.07810340760904
0.4444444444444444,0.5555555555555556,0.6666666666666666,11.11111111111111,337.05797792229953
0.4444444444444444,0.5555555555555556,0.7777777777777777,11.11111111111111,304.35682107584836
0.4444444444444444,0.5555555555555556,0.8888888888888888,11.11111111111111,300.17563122675614
0.4444444444444444,0.5555555555555556,1.0,11.11111111111111,300.0024276034615
0.4444444444444444,0.6666666666666666,0.0,11.11111111111111,300.0008323802199
0.4444444444444444,0.6666666666666666,0.1111111111111111,11.11111111111111,300.0602206915035
0.4444444444444444,0.6666666666666666,0.2222222222222222,11.11111111111111,301.4938731727303
0.4444444444444444,0.6666666666666666,0.3333333333333333,11.11111111111111,312.7064935855726
0.4444444444444444,0.6666666666666666,0.4444444444444444,11.11111111111111,337.05797792229953
0.4444444444444444,0.6666666666666666,0.5555555555555556,11.11111111111111,337.05797792229953
0.4444444444444444,0.6666666666666666,0.6666666666666666,11.11111111111111,312.7064935855726
0.4444444444444444,0.6666666666666666,0.7777777777777777,11.11111111111111,301.4938731727303
0.4444444444444444,0.6666666666666666,0.8888888888888888,11.11111111111111,300.0602206915035
0.4444444444444444,0.6666666666666666,1.0,11.11111111111111,300.0008323802199
0.4444444444444444,0.7777777777777777,0.0,11.11111111111111,300.00009786102447
0.4444444444444444,0.7777777777777777,0.1111111111111111,11.11111111111111,300.0070800079404
0.4444444444444444,0.7777777777777777,0.2222222222222222,11.11111111111111,300.17563122675614
0.4444444444444444,0.7777777777777777,0.3333333333333333,11.11111111111111,301.4938731727303
0.4444444444444444,0.7777777777777777,0.4444444444444444,11.11111111111111,304.35682107584836
0.4444444444444444,0.7777777777777777,0.5555555555555556,11.11111111111111,304.35682107584836
0.4444444444444444,0.7777777777777777,0.6666666666666666,11.11111111111111,301.4938731727303
0.4444444444444444,0.7777777777777777,0.7777777777777777,11.11111111111111,300.17563122675614
0.4444444444444444,0.7777777777777777,0.8888888888888888,11.11111111111111,300.0070800079404
0.4444444444444444,0.7777777777777777,1.0,11.11111111111111,300.00009786102447
0.4444444444444444,0.8888888888888888,0.0,11.11111111111111,300.0000039449524
0.4444444444444444,0.8888888888888888,0.1111111111111111,11.11111111111111,300.0002854077453
0.4444444444444444,0.8888888888888888,0.2222222222222222,11.11111111111111,300.0070800079404
0.4444444444444444,0.8888888888888888,0.3333333333333333,11.11111111111111,300.0602206915035
0.4444444444444444,0.8888888888888888,0.4444444444444444,11.11111111111111,300.17563122675614
0.4444444444444444,0.8888888888888888,0.5555555555555556,11.11111111111111,300.17563122675614
0.4444444444444444,0.8888888888888888,0.6666666666666666,11.11111111111111,300.0602206915035
0.4444444444444444,0.8888888888888888,0.7777777777777777,11.11111111111111,300.0070800079404
0.4444444444444444,0.8888888888888888,0.8888888888888888,11.11111111111111,300.0002854077453
0.4444444444444444,0.8888888888888888,1.0,11.11111111111111,300.0000039449524
0.4444444444444444,1.0,0.0,11.11111111111111,300.0000000545278
0.4444444444444444,1.0,0.1111111111111111,11.11111111111111,300.0000039449524
0.4444444444444444,1.0,0.2222222222222222,11.11111111111111,300.00009786102447
0.4444444444444444,1.0,0.3333333333333333,11.11111111111111,300.0008323802199
0.4444444444444444,1.0,0.4444444444444444,11.11111111111111,300.0024276034615
0.4444444444444444,1.0,0.5555555555555556,11.11111111111111,300.0024276034615
0.4444444444444444,1.0,0.6666666666666666,11.11111111111111,300.0008323802199
0.4444444444444444,1.0,0.7777777777777777,11.11111111111111,300.00009786102447
0.4444444444444444,1.0,0.8888888888888888,11.11111111111111,300.0000039449524
0.4444444444444444,1.0,1.0,11.11111111111111,300.0000000545278
0.5555555555555556,0.0,0.0,11.11111111111111,300.0000000545278
0.5555555555555556,0.0,0.1111111111111111,11.11111111111111,300.0000039449524
0.5555555555555556,0.0,0.2222222222222222,11.11111111111111,300.00009786102447
0.5555555555555556,0.0,0.3333333333333333,11.11111111111111,300.0008323802199
0.5555555555555556,0.0,0.4444444444444444,11.11111111111111,300.0024276034615
0.5555555555555556,0.0,0.5555555555555556,11.11111111111111,300.0024276034615
0.5555555555555556,0.0,0.6666666666666666,11.11111111111111,300.0008323802199
0.5555555555555556,0.0,0.7777777777777777,11.11111111111111,300.00009786102447
0.5555555555555556,0.0,0.8888888888888888,11.11111111111111,300.0000039449524
0.5555555555555556,0.0,1.0,11.11111111111111,300.0000000545278
0.5555555555555556,0.1111111111111111,0.0,11.11111111111111,300.0000039449524
0.5555555555555556,0.1111111111111111,0.1111111111111111,11.11111111111111,300.0002854077453
0.5555555555555556,0.1111111111111111,0.2222222222222222,11.11111111111111,300.0070800079404
0.5555555555555556,0.1111111111111111,0.3333333333333333,11.11111111111111,300.0602206915035
0.5555555555555556,0.1111111111111111,0.4444444444444444,11.11111111111111,300.17563122675614
0.5555555555555556,0.1111111111111111,0.5555555555555556,11.11111111111111,300.17563122675614
0.5555555555555556,0.1111111111111111,0.6666666666666666,11.11111111111111,300.0602206915035
0.5555555555555556,0.1111111111111111,0.7777777777777777,11.11111111111111,300.0070800079404
0.5555555555555556,0.1111111111111111,0.8888888888888888,11.11111111111111,300.0002854077453
0.5555555555555556,0.1111111111111111,1.0,11.11111111111111,300.0000039449524
0.5555555555555556,0.2222222222222222,0.0,11.11111111111111,300.00009786102447
0.5555555555555556,0.2222222222222222,0.1111111111111111,11.11111111111111,300.0070800079404
0.5555555555555556,0.2222222222222222,0.2222222222222222,11.11111111111111,300.17563122675614
0.5555555555555556,0.2222222222222222,0.3333333333333333,11.11111111111111,301.4938731727303
0.5555555555555556,0.2222222222222222,0.4444444444444444,11.11111111111111,304.35682107584836
0.5555555555555556,0.2222222222222222,0.5555555555555556,11.11111111111111,304.35682107584836
0.5555555555555556,0.2222222222222222,0.6666666666666666,11.11111111111111,301.4938731727303
0.5555555555555556,0.2222222222222222,0.7777777777777777,11.11111111111111,300.17563122675614
0.5555555555555556,0.2222222222222222,0.8888888888888888,11.11111111111111,300.0070800079404
0.5555555555555556,0.2222222222222222,1.0,11.11111111111111,300.00009786102447
0.5555555555555556,0.3333333333333333,0.0,11.11111111111111,300.0008323802199
0.5555555555555556,0.3333333333333333,0.1111111111111111,11.11111111111111,300.0602206915035
0.5555555555555556,0.3333333333333333,0.2222222222222222,11.11111111111111,301.4938731727303
0.5555555555555556,0.3333333333333333,0.3333333333333333,11.11111111111111,312.7064935855726
0.5555555555555556,0.3333333333333333,0.4444444444444444,11.11111111111111,337.0579779222995
0.5555555555555556,0.3333333333333333,0.5555555555555556,11.11111111111111,337.0579779222995
0.5555555555555556,0.3333333333333333,0.6666666666666666,11.11111111111111,312.7064935855726
0.5555555555555556,0.3333333333333333,0.7777777777777777,11.11111111111111,301.4938731727303
0.5555555555555556,0.3333333333333333,0.8888888888888888,11.11111111111111,300.0602206915035
0.5555555555555556,0.3333333333333333,1.0,11.11111111111111,300.0008323802199
0.5555555555555556,0.4444444444444444,0.0,11.11111111111111,300.0024276034615
0.5555555555555556,0.4444444444444444,0.1111111111111111,11.11111111111111,300.17563122675614
0.5555555555555556,0.4444444444444444,0.2222222222222222,11.11111111111111,304.35682107584836
0.5555555555555556,0.4444444444444444,0.3333333333333333,11.11111111111111,337.0579779222995
0.5555555555555556,0.4444444444444444,0.4444444444444444,11.11111111111111,408.07810340760904
0.5555555555555556,0.4444444444444444,0.5555555555555556,11.11111111111111,408.07810340760904
0.5555555555555556,0.4444444444444444,0.6666666666666666,11.11111111111111,337.05797792229953
0.5555555555555556,0.4444444444444444,0.7777777777777777,11.11111111111111,304.35682107584836
0.5555555555555556,0.4444444444444444,0.8888888888888888,11.11111111111111,300.17563122675614
0.5555555555555556,0.4444444444444444,1.0,11.11111111111111,300.0024276034615
0.5555555555555556,0.5555555555555556,0.0,11.11111111111111,300.0024276034615
0.5555555555555556,0.5555555555555556,0.1111111111111111,11.11111111111111,300.17563122675614
0.5555555555555556,0.5555555555555556,0.2222222222222222,11.11111111111111,304.35682107584836
0.5555555555555556,0.5555555555555556,0.3333333333333333,11.11111111111111,337.0579779222995
0.5555555555555556,0.5555555555555556,0.4444444444444444,11.11111111111111,408.07810340760904
0.5555555555555556,0.5555555555555556,0.5555555555555556,11.11111111111111,408.07810340760904
0.5555555555555556,0.5555555555555556,0.6666666666666666,11.11111111111111,337.05797792229953
0.5555555555555556,0.5555555555555556,0.7777777777777777,11.11111111111111,304.35682107584836
0.5555555555555556,0.5555555555555556,0.8888888888888888,11.11111111111111,300.17563122675614
0.5555555555555556,0.5555555555555556,1.0,11.11111111111111,300.0024276034615
0.5555555555555556,0.6666666666666666,0.0,11.11111111111111,300.0008323802199
0.5555555555555556,0.6666666666666666,0.1111111111111111,11.11111111111111,300.0602206915035
0.5555555555555556,0.6666666666666666,0.2222222222222222,11.11111111111111,301.4938731727303
0.5555555555555556,0.6666666666666666,0.3333333333333333,11.11111111111111,312.7064935855726
0.5555555555555556,0.6666666666666666,0.4444444444444444,11.11111111111111,337.05797792229953
0.5555555555555556,0.6666666666666666,0.5555555555555556,11.11111111111111,337.05797792229953
0.5555555555555556,0.6666666666666666,0.6666666666666666,11.11111111111111,312.7064935855726
0.5555555555555556,0.6666666666666666,0.7777777777777777,11.11111111111111,301.4938731727303
0.5555555555555556,0.6666666666666666,0.8888888888888888,11.11111111111111,300.0602206915035
0.5555555555555556,0.6666666666666666,1.0,11.11111111111111,300.0008323802199
0.5555555555555556,0.7777777777777777,0.0,11.11111111111111,300.00009786102447
0.5555555555555556,0.7777777777777777,0.1111111111111111,11.11111111111111,300.0070800079404
0.5555555555555556,0.7777777777777777,0.2222222222222222,11.11111111111111,300.17563122675614
0.5555555555555556,0.7777777777777777,0.3333333333333333,11.11111111111111,301.4938731727303
0.5555555555555556,0.7777777777777777,0.4444444444444444,11.11111111111111,304.35682107584836
0.5555555555555556,0.7777777777777777,0.5555555555555556,11.11111111111111,304.35682107584836
0.5555555555555556,0.7777777777777777,0.6666666666666666,11.11111111111111,301.4938731727303
0.5555555555555556,0.7777777777777777,0.7777777777777777,11.11111111111111,300.17563122675614
0.5555555555555556,0.7777777777777777,0.8888888888888888,11.11111111111111,300.0070800079404
0.5555555555555556,0.7777777777777777,1.0,11.11111111111111,300.00009786102447
0.5555555555555556,0.8888888888888888,0.0,11.11111111111111,300.0000039449524
0.5555555555555556,0.8888888888888888,0.1111111111111111,11.11111111111111,300.0002854077453
0.5555555555555556,0.8888888888888888,0.2222222222222222,11.11111111111111,300.0070800079404
0.5555555555555556,0.8888888888888888,0.3333333333333333,11.11111111111111,300.0602206915035
0.5555555555555556,0.8888888888888888,0.4444444444444444,11.11111111111111,300.17563122675614
0.5555555555555556,0.8888888888888888,0.5555555555555556,11.11111111111111,300.17563122675614
0.5555555555555556,0.8888888888888888,0.6666666666666666,11.11111111111111,300.0602206915035
0.5555555555555556,0.8888888888888888,0.7777777777777777,11.11111111111111,300.0070800079404
0.5555555555555556,0.8888888888888888,0.8888888888888888,11.11111111111111,300.0002854077453
0.5555555555555556,0.8888888888888888,1.0,11.11111111111111,300.0000039449524
0.5555555555555556,1.0,0.0,11.11111111111111,300.0000000545278
0.5555555555555556,1.0,0.1111111111111111,11.11111111111111,300.0000039449524
0.5555555555555556,1.0,0.2222222222222222,11.11111111111111,300.00009786102447
0.5555555555555556,1.0,0.3333333333333333,11.11111111111111,300.0008323802199
0.5555555555555556,1.0,0.4444444444444444,11.11111111111111,300.0024276034615
0.5555555555555556,1.0,0.5555555555555556,11.11111111111111,300.0024276034615
0.5555555555555556,1.0,0.6666666666666666,11.11111111111111,300.0008323802199
0.5555555555555556,1.0,0.7777777777777777,11.11111111111111,300.00009786102447
0.5555555555555556,1.0,0.8888888888888888,11.11111111111111,300.0000039449524
0.5555555555555556,1.0,1.0,11.11111111111111,300.0000000545278
0.6666666666666666,0.0,0.0,11.11111111111111,300.00000001869654
0.6666666666666666,0.0,0.1111111111111111,11.11111111111111,300.00000135265105
0.6666666666666666,0.0,0.2222222222222222,11.11111111111111,300.000033554731
0.6666666666666666,0.0,0.3333333333333333,11.11111111111111,300.0002854077453
0.6666666666666666,0.0,0.4444444444444444,11.11111111111111,300.0008323802199
0.6666666666666666,0.0,0.5555555555555556,11.11111111111111,300.0008323802199
0.6666666666666666,0.0,0.6666666666666666,11.11111111111111,300.0002854077453
0.6666666666666666,0.0,0.7777777777777777,11.11111111111111,300.000033554731
0.6666666666666666,0.0,0.8888888888888888,11.11111111111111,300.00000135265105
0.6666666666666666,0.0,1.0,11.11111111111111,300.00000001869654
0.6666666666666666,0.1111111111111111,0.0,11.11111111111111,300.00000135265105
0.6666666666666666,0.1111111111111111,0.1111111111111111,11.11111111111111,300.00009786102447
0.6666666666666666,0.1111111111111111,0.2222222222222222,11.11111111111111,300.0024276034615
0.6666666666666666,0.1111111111111111,0.3333333333333333,11.11111111111111,300.0206485586427
0.6666666666666666,0.1111111111111111,0.4444444444444444,11.11111111111111,300.0602206915035
0.6666666666666666,0.1111111111111111,0.5555555555555556,11.11111111111111,300.0602206915035
0.6666666666666666,0.1111111111111111,0.6666666666666666,11.11111111111111,300.0206485586427
0.6666666666666666,0.1111111111111111,0.7777777777777777,11.11111111111111,300.0024276034615
0.6666666666666666,0.1111111111111111,0.8888888888888888,11.11111111111111,300.00009786102447
0.6666666666666666,0.1111111111111111,1.0,11.11111111111111,300.00000135265105
0.6666666666666666,0.2222222222222222,0.0,11.11111111111111,300.000033554731
0.6666666666666666,0.2222222222222222,0.1111111111111111,11.11111111111111,300.0024276034615
0.6666666666666666,0.2222222222222222,0.2222222222222222,11.11111111111111,300.0602206915035
0.6666666666666666,0.2222222222222222,0.3333333333333333,11.11111111111111,300.51222141496106
0.6666666666666666,0.2222222222222222,0.4444444444444444,11.11111111111111,301.4938731727303
0.6666666666666666,0.2222222222222222,0.5555555555555556,11.11111111111111,301.4938731727303
0.6666666666666666,0.2222222222222222,0.6666666666666666,11.11111111111111,300.51222141496106
0.6666666666666666,0.2222222222222222,0.7777777777777777,11.11111111111111,300.0602206915035
0.6666666666666666,0.2222222222222222,0.8888888888888888,11.11111111111111,300.0024276034615
0.6666666666666666,0.2222222222222222,1.0,11.11111111111111,300.000033554731
0.6666666666666666,0.3333333333333333,0.0,11.11111111111111,300.0002854077453
0.6666666666666666,0.3333333333333333,0.1111111111111111,11.11111111111111,300.0206485586427
0.6666666666666666,0.3333333333333333,0.2222222222222222,11.11111111111111,300.51222141496106
0.6666666666666666,0.3333333333333333,0.3333333333333333,11.11111111111111,304.35682107584836
0.6666666666666666,0.3333333333333333,0.4444444444444444,11.11111111111111,312.7064935855726
0.6666666666666666,0.3333333333333333,0.5555555555555556,11.11111111111111,312.7064935855726
0.6666666666666666,0.3333333333333333,0.6666666666666666,11.11111111111111,304.35682107584836
0.6666666666666666,0.3333333333333333,0.7777777777777777,11.11111111111111,300.51222141496106
0.6666666666666666,0.3333333333333333,0.8888888888888888,11.11111111111111,300.0206485586427
0.6666666666666666,0.3333333333333333,1.0,11.11111111111111,300.0002854077453
0.6666666666666666,0.4444444444444444,0.0,11.11111111111111,300.0008323802199
0.6666666666666666,0.4444444444444444,0.1111111111111111,11.11111111111111,300.0602206915035
0.6666666666666666,0.4444444444444444,0.2222222222222222,11.11111111111111,301.4938731727303
0.6666666666666666,0.4444444444444444,0.3333333333333333,11.11111111111111,312.7064935855726
0.6666666666666666,0.4444444444444444,0.4444444444444444,11.11111111111111,337.05797792229953
0.6666666666666666,0.4444444444444444,0.5555555555555556,11.11111111111111,337.05797792229953
0.6666666666666666,0.4444444444444444,0.6666666666666666,11.11111111111111,312.7064935855726
0.6666666666666666,0.4444444444444444,0.7777777777777777,11.11111111111111,301.4938731727303
0.6666666666666666,0.4444444444444444,0.8888888888888888,11.11111111111111,300.0602206915035
0.6666666666666666,0.4444444444444444,1.0,11.11111111111111,300.0008323802199
0.6666666666666666,0.5555555555555556,0.0,11.11111111111111,300.0008323802199
0.6666666666666666,0.5555555555555556,0.1111111111111111,11.11111111111111,300.0602206915035
0.6666666666666666,0.5555555555555556,0.2222222222222222,11.11111111111111,301.4938731727303
0.6666666666666666,0.5555555555555556,0.3333333333333333,11.11111111111111,312.7064935855726
0.6666666666666666,0.5555555555555556,0.4444444444444444,11.11111111111111,337.05797792229953
0.6666666666666666,0.5555555555555556,0.5555555555555556,11.11111111111111,337.05797792229953
0.6666666666666666,0.5555555555555556,0.6666666666666666,11.11111111111111,312.7064935855726
0.6666666666666666,0.5555555555555556,0.7777777777777777,11.11111111111111,301.4938731727303
0.6666666666666666,0.5555555555555556,0.8888888888888888,11.11111111111111,300.0602206915035
0.6666666666666666,0.5555555555555556,1.0,11.11111111111111,300.0008323802199
0.6666666666666666,0.6666666666666666,0.0,11.11111111111111,300.0002854077453
0.6666666666666666,0.6666666666666666,0.1111111111111111,11.11111111111111,300.0206485586427
0.6666666666666666,0.6666666666666666,0.2222222222222222,11.11111111111111,300.51222141496106
0.6666666666666666,0.6666666666666666,0.3333333333333333,11.11111111111111,304.35682107584836
0.6666666666666666,0.6666666666666666,0.4444444444444444,11.11111111111111,312.7064935855726
0.6666666666666666,0.6666666666666666,0.5555555555555556,11.11111111111111,312.7064935855726
0.6666666666666666,0.6666666666666666,0.6666666666666666,11.11111111111111,304.35682107584836
0.6666666666666666,0.6666666666666666,0.7777777777777777,11.11111111111111,300.51222141496106
0.6666666666666666,0.6666666666666666,0.8888888888888888,11.11111111111111,300.0206485586427
0.6666666666666666,0.6666666666666666,1.0,11.11111111111111,300.0002854077453
0.6666666666666666,0.7777777777777777,0.0,11.11111111111111,300.000033554731
0.6666666666666666,0.7777777777777777,0.1111111111111111,11.11111111111111,300.0024276034615
0.6666666666666666,0.7777777777777777,0.2222222222222222,11.11111111111111,300.0602206915035
0.6666666666666666,0.7777777777777777,0.3333333333333333,11.11111111111111,300.51222141496106
0.6666666666666666,0.7777777777777777,0.4444444444444444,11.11111111111111,301.4938731727303
0.6666666666666666,0.7777777777777777,0.5555555555555556,11.11111111111111,301.4938731727303
0.6666666666666666,0.7777777777777777,0.6666666666666666,11.11111111111111,300.51222141496106
0.6666666666666666,0.7777777777777777,0.7777777777777777,11.11111111111111,300.0602206915035
0.6666666666666666,0.7777777777777777,0.8888888888888888,11.11111111111111,300.0024276034615
0.6666666666666666,0.7777777777777777,1.0,11.11111111111111,300.000033554731
0.6666666666666666,0.8888888888888888,0.0,11.11111111111111,300.00000135265105
0.6666666666666666,0.8888888888888888,0.1111111111111111,11.11111111111111,300.00009786102447
0.6666666666666666,0.8888888888888888,0.2222222222222222,11.11111111111111,300.0024276034615
0.6666666666666666,0.8888888888888888,0.3333333333333333,11.11111111111111,300.0206485586427
0.6666666666666666,0.8888888888888888,0.4444444444444444,11.11111111111111,300.0602206915035
0.6666666666666666,0.8888888888888888,0.5555555555555556,11.11111111111111,300.0602206915035
0.6666666666666666,0.8888888888888888,0.6666666666666666,11.11111111111111,300.0206485586427
0.6666666666666666,0.8888888888888888,0.7777777777777777,11.11111111111111,300.0024276034615
0.6666666666666666,0.8888888888888888,0.8888888888888888,11.11111111111111,300.00009786102447
0.6666666666666666,0.8888888888888888,1.0,11.11111111111111,300.00000135265105
0.6666666666666666,1.0,0.0,11.11111111111111,300.00000001869654
0.6666666666666666,1.0,0.1111111111111111,11.11111111111111,300.00000135265105
0.6666666666666666,1.0,0.2222222222222222,11.11111111111111,300.000033554731
0.6666666666666666,1.0,0.3333333333333333,11.11111111111111,300.0002854077453
0.6666666666666666,1.0,0.4444444444444444,11.11111111111111,300.0008323802199
0.6666666666666666,1.0,0.5555555555555556,11.11111111111111,300.0008323802199
0.6666666666666666,1.0,0.6666666666666666,11.11111111111111,300.0002854077453
0.6666666666666666,1.0,0.7777777777777777,11.11111111111111,300.000033554731
0.6666666666666666,1.0,0.8888888888888888,11.11111111111111,300.00000135265105
0.6666666666666666,1.0,1.0,11.11111111111111,300.00000001869654
0.7777777777777777,0.0,0.0,11.11111111111111,300.00000000219814
0.7777777777777777,0.0,0.1111111111111111,11.11111111111111,300.00000015902805
0.7777777777777777,0.0,0.2222222222222222,11.11111111111111,300.0000039449524
0.7777777777777777,0.0,0.3333333333333333,11.11111111111111,300.000033554731
0.7777777777777777,0.0,0.4444444444444444,11.11111111111111,300.00009786102447
0.7777777777777777,0.0,0.5555555555555556,11.11111111111111,300.00009786102447
0.7777777777777777,0.0,0.6666666666666666,11.11111111111111,300.000033554731
0.7777777777777777,0.0,0.7777777777777777,11.11111111111111,300.0000039449524
0.7777777777777777,0.0,0.8888888888888888,11.11111111111111,300.00000015902805
0.7777777777777777,0.0,1.0,11.11111111111111,300.00000000219814
0.7777777777777777,0.1111111111111111,0.0,11.11111111111111,300.00000015902805
0.7777777777777777,0.1111111111111111,0.1111111111111111,11.11111111111111,300.00001150529516
0.7777777777777777,0.1111111111111111,0.2222222222222222,11.11111111111111,300.0002854077453
0.7777777777777777,0.1111111111111111,0.3333333333333333,11.11111111111111,300.0024276034615
0.7777777777777777,0.1111111111111111,0.4444444444444444,11.11111111111111,300.0070800079404
0.7777777777777777,0.1111111111111111,0.5555555555555556,11.11111111111111,300.0070800079404
0.7777777777777777,0.1111111111111111,0.6666666666666666,11.11111111111111,300.0024276034615
0.7777777777777777,0.1111111111111111,0.7777777777777777,11.11111111111111,300.0002854077453
0.7777777777777777,0.1111111111111111,0.8888888888888888,11.11111111111111,300.00001150529516
0.7777777777777777,0.1111111111111111,1.0,11.11111111111111,300.00000015902805
0.7777777777777777,0.2222222222222222,0.0,11.11111111111111,300.0000039449524
0.7777777777777777,0.2222222222222222,0.1111111111111111,11.11111111111111,300.0002854077453
0.7777777777777777,0.2222222222222222,0.2222222222222222,11.11111111111111,300.0070800079404
0.7777777777777777,0.2222222222222222,0.3333333333333333,11.11111111111111,300.0602206915035
0.7777777777777777,0.2222222222222222,0.4444444444444444,11.11111111111111,300.17563122675614
0.7777777777777777,0.2222222222222222,0.5555555555555556,11.11111111111111,300.17563122675614
0.7777777777777777,0.2222222222222222,0.6666666666666666,11.11111111111111,300.0602206915035
0.7777777777777777,0.2222222222222222,0.7777777777777777,11.11111111111111,300.0070800079404
0.7777777777777777,0.2222222222222222,0.8888888888888888,11.11111111111111,300.0002854077453
0.7777777777777777,0.2222222222222222,1.0,11.11111111111111,300.0000039449524
0.7777777777777777,0.3333333333333333,0.0,11.11111111111111,300.000033554731
0.7777777777777777,0.3333333333333333,0.1111111111111111,11.11111111111111,300.0024276034615
0.7777777777777777,0.3333333333333333,0.2222222222222222,11.11111111111111,300.0602206915035
0.7777777777777777,0.3333333333333333,0.3333333333333333,11.11111111111111,300.51222141496106
0.7777777777777777,0.3333333333333333,0.4444444444444444,11.11111111111111,301.4938731727303
0.7777777777777777,0.3333333333333333,0.5555555555555556,11.11111111111111,301.4938731727303
0.7777777777777777,0.3333333333333333,0.6666666666666666,11.11111111111111,300.51222141496106
0.7777777777777777,0.3333333333333333,0.7777777777777777,11.11111111111111,300.0602206915035
0.7777777777777777,0.3333333333333333,0.8888888888888888,11.11111111111111,300.0024276034615
0.7777777777777777,0.3333333333333333,1.0,11.11111111111111,300.000033554731
0.7777777777777777,0.4444444444444444,0.0,11.11111111111111,300.00009786102447
0.7777777777777777,0.4444444444444444,0.1111111111111111,11.11111111111111,300.0070800079404
0.7777777777777777,0.4444444444444444,0.2222222222222222,11.11111111111111,300.17563122675614
0.7777777777777777,0.4444444444444444,0.3333333333333333,11.11111111111111,301.4938731727303
0.7777777777777777,0.4444444444444444,0.4444444444444444,11.11111111111111,304.35682107584836
0.7777777777777777,0.4444444444444444,0.5555555555555556,11.11111111111111,304.35682107584836
0.7777777777777777,0.4444444444444444,0.6666666666666666,11.11111111111111,301.4938731727303
0.7777777777777777,0.4444444444444444,0.7777777777777777,11.11111111111111,300.17563122675614
0.7777777777777777,0.4444444444444444,0.8888888888888888,11.11111111111111,300.0070800079404
0.7777777777777777,0.4444444444444444,1.0,11.11111111111111,300.00009786102447
0.7777777777777777,0.5555555555555556,0.0,11.11111111111111,300.00009786102447
0.7777777777777777,0.5555555555555556,0.1111111111111111,11.11111111111111,300.0070800079404
0.7777777777777777,0.5555555555555556,0.2222222222222222,11.11111111111111,300.17563122675614
0.7777777777777777,0.5555555555555556,0.3333333333333333,11.11111111111111,301.4938731727303
0.7777777777777777,0.5555555555555556,0.4444444444444444,11.11111111111111,304.35682107584836
0.7777777777777777,0.5555555555555556,0.5555555555555556,11.11111111111111,304.35682107584836
0.7777777777777777,0.5555555555555556,0.6666666666666666,11.11111111111111,301.4938731727303
0.7777777777777777,0.5555555555555556,0.7777777777777777,11.11111111111111,300.17563122675614
0.7777777777777777,0.5555555555555556,0.8888888888888888,11.11111111111111,300.0070800079404
0.7777777777777777,0.5555555555555556,1.0,11.11111111111111,300.00009786102447
0.7777777777777777,0.6666666666666666,0.0,11.11111111111111,300.000033554731
0.7777777777777777,0.6666666666666666,0.1111111111111111,11.11111111111111,300.0024276034615
0.7777777777777777,0.6666666666666666,0.2222222222222222,11.11111111111111,300.0602206915035
0.7777777777777777,0.6666666666666666,0.3333333333333333,11.11111111111111,300.51222141496106
0.7777777777777777,0.6666666666666666,0.4444444444444444,11.11111111111111,301.4938731727303
0.7777777777777777,0.6666666666666666,0.5555555555555556,11.11111111111111,301.4938731727303
0.7777777777777777,0.6666666666666666,0.6666666666666666,11.11111111111111,300.51222141496106
0.7777777777777777,0.6666666666666666,0.7777777777777777,11.11111111111111,300.0602206915035
0.7777777777777777,0.6666666666666666,0.8888888888888888,11.11111111111111,300.0024276034615
0.7777777777777777,0.6666666666666666,1.0,11.11111111111111,300.000033554731
0.7777777777777777,0.7777777777777777,0.0,11.11111111111111,300.0000039449524
0.7777777777777777,0.7777777777777777,0.1111111111111111,11.11111111111111,300.0002854077453
0.7777777777777777,0.7777777777777777,0.2222222222222222,11.11111111111111,300.0070800079404
0.7777777777777777,0.7777777777777777,0.3333333333333333,11.11111111111111,300.0602206915035
0.7777777777777777,0.7777777777777777,0.4444444444444444,11.11111111111111,300.17563122675614
0.7777777777777777,0.7777777777777777,0.5555555555555556,11.11111111111111,300.17563122675614
0.7777777777777777,0.7777777777777777,0.6666666666666666,11.11111111111111,300.0602206915035
0.7777777777777777,0.7777777777777777,0.7777777777777777,11.11111111111111,300.0070800079404
0.7777777777777777,0.7777777777777777,0.8888888888888888,11.11111111111111,300.0002854077453
0.7777777777777777,0.7777777777777777,1.0,11.11111111111111,300.0000039449524
0.7777777777777777,0.8888888888888888,0.0,11.11111111111111,300.00000015902805
0.7777777777777777,0.8888888888888888,0.1111111111111111,11.11111111111111,300.00001150529516
0.7777777777777777,0.8888888888888888,0.2222222222222222,11.11111111111111,300.0002854077453
0.7777777777777777,0.8888888888888888,0.3333333333333333,11.11111111111111,300.0024276034615
0.7777777777777777,0.8888888888888888,0.4444444444444444,11.11111111111111,300.0070800079404
0.7777777777777777,0.8888888888888888,0.5555555555555556,11.11111111111111,300.0070800079404
0.7777777777777777,0.8888888888888888,0.6666666666666666,11.11111111111111,300.0024276034615
0.7777777777777777,0.8888888888888888,0.7777777777777777,11.11111111111111,300.0002854077453
0.7777777777777777,0.8888888888888888,0.8888888888888888,11.11111111111111,300.00001150529516
0.7777777777777777,0.8888888888888888,1.0,11.11111111111111,300.00000015902805
0.7777777777777777,1.0,0.0,11.11111111111111,300.00000000219814
0.7777777777777777,1.0,0.1111111111111111,11.11111111111111,300.00000015902805
0.7777777777777777,1.0,0.2222222222222222,11.11111111111111,300.0000039449524
0.7777777777777777,1.0,0.3333333333333333,11.11111111111111,300.000033554731
0.7777777777777777,1.0,0.4444444444444444,11.11111111111111,300.00009786102447
0.7777777777777777,1.0,0.5555555555555556,11.11111111111111,300.00009786102447
0.7777777777777777,1.0,0.6666666666666666,11.11111111111111,300.000033554731
0.7777777777777777,1.0,0.7777777777777777,11.11111111111111,300.0000039449524
0.7777777777777777,1.0,0.8888888888888888,11.11111111111111,300.00000015902805
0.7777777777777777,1.0,1.0,11.11111111111111,300.00000000219814
0.8888888888888888,0.0,0.0,11.11111111111111,300.0000000000886
0.8888888888888888,0.0,0.1111111111111111,11.11111111111111,300.0000000064107
0.8888888888888888,0.0,0.2222222222222222,11.11111111111111,300.00000015902805
0.8888888888888888,0.0,0.3333333333333333,11.11111111111111,300.00000135265105
0.8888888888888888,0.0,0.4444444444444444,11.11111111111111,300.0000039449524
0.8888888888888888,0.0,0.5555555555555556,11.11111111111111,300.0000039449524
0.8888888888888888,0.0,0.6666666666666666,11.11111111111111,300.00000135265105
0.8888888888888888,0.0,0.7777777777777777,11.11111111111111,300.00000015902805
0.8888888888888888,0.0,0.8888888888888888,11.11111111111111,300.0000000064107
0.8888888888888888,0.0,1.0,11.11111111111111,300.0000000000886
0.8888888888888888,0.1111111111111111,0.0,11.11111111111111,300.0000000064107
0.8888888888888888,0.1111111111111111,0.1111111111111111,11.11111111111111,300.000000463799
0.8888888888888888,0.1111111111111111,0.2222222222222222,11.11111111111111,300.00001150529516
0.8888888888888888,0.1111111111111111,0.3333333333333333,11.11111111111111,300.00009786102447
0.8888888888888888,0.1111111111111111,0.4444444444444444,11.11111111111111,300.0002854077453
0.8888888888888888,0.1111111111111111,0.5555555555555556,11.11111111111111,300.0002854077453
0.8888888888888888,0.1111111111111111,0.6666666666666666,11.11111111111111,300.00009786102447
0.8888888888888888,0.1111111111111111,0.7777777777777777,11.11111111111111,300.00001150529516
0.8888888888888888,0.1111111111111111,0.8888888888888888,11.11111111111111,300.000000463799
0.8888888888888888,0.1111111111111111,1.0,11.11111111111111,300.0000000064107
0.8888888888888888,0.2222222222222222,0.0,11.11111111111111,300.00000015902805
0.8888888888888888,0.2222222222222222,0.1111111111111111,11.11111111111111,300.00001150529516
0.8888888888888888,0.2222222222222222,0.2222222222222222,11.11111111111111,300.0002854077453
0.8888888888888888,0.2222222222222222,0.3333333333333333,11.11111111111111,300.0024276034615
0.8888888888888888,0.2222222222222222,0.4444444444444444,11.11111111111111,300.0070800079404
0.8888888888888888,0.2222222222222222,0.5555555555555556,11.11111111111111,300.0070800079404
0.8888888888888888,0.2222222222222222,0.6666666666666666,11.11111111111111,300.0024276034615
0.8888888888888888,0.2222222222222222,0.7777777777777777,11.11111111111111,300.0002854077453
0.8888888888888888,0.2222222222222222,0.8888888888888888,11.11111111111111,300.00001150529516
0.8888888888888888,0.2222222222222222,1.0,11.11111111111111,300.00000015902805
0.8888888888888888,0.3333333333333333,0.0,11.11111111111111,300.00000135265105
0.8888888888888888,0.3333333333333333,0.1111111111111111,11.11111111111111,300.00009786102447
0.8888888888888888,0.3333333333333333,0.2222222222222222,11.11111111111111,300.0024276034615
0.8888888888888888,0.3333333333333333,0.3333333333333333,11.11111111111111,300.0206485586427
0.8888888888888888,0.3333333333333333,0.4444444444444444,11.11111111111111,300.0602206915035
0.8888888888888888,0.3333333333333333,0.5555555555555556,11.11111111111111,300.0602206915035
0.8888888888888888,0.3333333333333333,0.6666666666666666,11.11111111111111,300.0206485586427
0.8888888888888888,0.3333333333333333,0.7777777777777777,11.11111111111111,300.0024276034615
0.8888888888888888,0.3333333333333333,0.8888888888888888,11.11111111111111,300.00009786102447
0.8888888888888888,0.3333333333333333,1.0,11.11111111111111,300.00000135265105
0.8888888888888888,0.4444444444444444,0.0,11.11111111111111,300.0000039449524
0.8888888888888888,0.4444444444444444,0.1111111111111111,11.11111111111111,300.0002854077453
0.8888888888888888,0.4444444444444444,0.2222222222222222,11.11111111111111,300.0070800079404
0.8888888888888888,0.4444444444444444,0.3333333333333333,11.11111111111111,300.0602206915035
0.8888888888888888,0.4444444444444444,0.4444444444444444,11.11111111111111,300.17563122675614
0.8888888888888888,0.4444444444444444,0.5555555555555556,11.11111111111111,300.17563122675614
0.8888888888888888,0.4444444444444444,0.6666666666666666,11.11111111111111,300.0602206915035
0.8888888888888888,0.4444444444444444,0.7777777777777777,11.11111111111111,300.0070800079404
0.8888888888888888,0.4444444444444444,0.8888888888888888,11.11111111111111,300.0002854077453
0.8888888888888888,0.4444444444444444,1.0,11.11111111111111,300.0000039449524
0.8888888888888888,0.5555555555555556,0.0,11.11111111111111,300.0000039449524
0.8888888888888888,0.5555555555555556,0.1111111111111111,11.11111111111111,300.0002854077453
0.8888888888888888,0.5555555555555556,0.2222222222222222,11.11111111111111,300.0070800079404
0.8888888888888888,0.5555555555555556,0.3333333333333333,11.11111111111111,300.0602206915035
0.8888888888888888,0.5555555555555556,0.4444444444444444,11.11111111111111,300.17563122675614
0.8888888888888888,0.5555555555555556,0.5555555555555556,11.11111111111111,300.17563122675614
0.8888888888888888,0.5555555555555556,0.6666666666666666,11.11111111111111,300.0602206915035
0.8888888888888888,0.5555555555555556,0.7777777777777777,11.11111111111111,300.0070800079404
0.8888888888888888,0.5555555555555556,0.8888888888888888,11.11111111111111,300.0002854077453
0.8888888888888888,0.5555555555555556,1.0,11.11111111111111,300.0000039449524
0.8888888888888888,0.6666666666666666,0.0,11.11111111111111,300.00000135265105
0.8888888888888888,0.6666666666666666,0.1111111111111111,11.11111111111111,300.00009786102447
0.8888888888888888,0.6666666666666666,0.2222222222222222,11.11111111111111,300.0024276034615
0.8888888888888888,0.6666666666666666,0.3333333333333333,11.11111111111111,300.0206485586427
0.8888888888888888,0.6666666666666666,0.4444444444444444,11.11111111111111,300.0602206915035
0.8888888888888888,0.6666666666666666,0.5555555555555556,11.11111111111111,300.0602206915035
0.8888888888888888,0.6666666666666666,0.6666666666666666,11.11111111111111,300.0206485586427
0.8888888888888888,0.6666666666666666,0.7777777777777777,11.11111111111111,300.0024276034615
0.8888888888888888,0.6666666666666666,0.8888888888888888,11.11111111111111,300.00009786102447
0.8888888888888888,0.6666666666666666,1.0,11.11111111111111,300.00000135265105
0.8888888888888888,0.7777777777777777,0.0,11.11111111111111,300.00000015902805
0.8888888888888888,0.7777777777777777,0.1111111111111111,11.11111111111111,300.00001150529516
0.8888888888888888,0.7777777777777777,0.2222222222222222,11.11111111111111,300.0002854077453
0.8888888888888888,0.7777777777777777,0.3333333333333333,11.11111111111111,300.0024276034615
0.8888888888888888,0.7777777777777777,0.4444444444444444,11.11111111111111,300.0070800079404
0.8888888888888888,0.7777777777777777,0.5555555555555556,11.11111111111111,300.0070800079404
0.8888888888888888,0.7777777777777777,0.6666666666666666,11.11111111111111,300.0024276034615
0.8888888888888888,0.7777777777777777,0.7777777777777777,11.11111111111111,300.0002854077453
0.8888888888888888,0.7777777777777777,0.8888888888888888,11.11111111111111,300.00001150529516
0.8888888888888888,0.7777777777777777,1.0,11.11111111111111,300.00000015902805
0.8888888888888888,0.8888888888888888,0.0,11.11111111111111,300.0000000064107
0.8888888888888888,0.8888888888888888,0.1111111111111111,11.11111111111111,300.000000463799
0.8888888888888888,0.8888888888888888,0.2222222222222222,11.11111111111111,300.00001150529516
0.8888888888888888,0.8888888888888888,0.3333333333333333,11.11111111111111,300.00009786102447
0.8888888888888888,0.8888888888888888,0.4444444444444444,11.11111111111111,300.0002854077453
0.8888888888888888,0.8888888888888888,0.5555555555555556,11.11111111111111,300.0002854077453
0.8888888888888888,0.8888888888888888,0.6666666666666666,11.11111111111111,300.00009786102447
0.8888888888888888,0.8888888888888888,0.7777777777777777,11.11111111111111,300.00001150529516
0.8888888888888888,0.8888888888888888,0.8888888888888888,11.11111111111111,300.000000463799
0.8888888888888888,0.8888888888888888,1.0,11.11111111111111,300.0000000064107
0.8888888888888888,1.0,0.0,11.11111111111111,300.0000000000886
0.8888888888888888,1.0,0.1111111111111111,11.11111111111111,300.0000000064107
0.8888888888888888,1.0,0.2222222222222222,11.11111111111111,300.00000015902805
0.8888888888888888,1.0,0.3333333333333333,11.11111111111111,300.00000135265105
0.8888888888888888,1.0,0.4444444444444444,11.11111111111111,300.0000039449524
0.8888888888888888,1.0,0.5555555555555556,11.11111111111111,300.0000039449524
0.8888888888888888,1.0,0.6666666666666666,11.11111111111111,300.00000135265105
0.8888888888888888,1.0,0.7777777777777777,11.11111111111111,300.00000015902805
0.8888888888888888,1.0,0.8888888888888888,11.11111111111111,300.0000000064107
0.8888888888888888,1.0,1.0,11.11111111111111,300.0000000000886
1.0,0.0,0.0,11.11111111111111,300.00000000000125
1.0,0.0,0.1111111111111111,11.11111111111111,300.0000000000886
1.0,0.0,0.2222222222222222,11.11111111111111,300.00000000219814
1.0,0.0,0.3333333333333333,11.11111111111111,300.00000001869654
1.0,0.0,0.4444444444444444,11.11111111111111,300.0000000545278
1.0,0.0,0.5555555555555556,11.11111111111111,300.0000000545278
1.0,0.0,0.6666666666666666,11.11111111111111,300.00000001869654
1.0,0.0,0.7777777777777777,11.11111111111111,300.00000000219814
1.0,0.0,0.8888888888888888,11.11111111111111,300.0000000000886
1.0,0.0,1.0,11.11111111111111,300.00000000000125
1.0,0.1111111111111111,0.0,11.11111111111111,300.0000000000886
1.0,0.1111111111111111,0.1111111111111111,11.11111111111111,300.0000000064107
1.0,0.1111111111111111,0.2222222222222222,11.11111111111111,300.00000015902805
1.0,0.1111111111111111,0.3333333333333333,11.11111111111111,300.00000135265105
1.0,0.1111111111111111,0.4444444444444444,11.11111111111111,300.0000039449524
1.0,0.1111111111111111,0.5555555555555556,11.11111111111111,300.0000039449524
1.0,0.1111111111111111,0.6666666666666666,11.11111111111111,300.00000135265105
1.0,0.1111111111111111,0.7777777777777777,11.11111111111111,300.00000015902805
1.0,0.1111111111111111,0.8888888888888888,11.11111111111111,300.0000000064107
1.0,0.1111111111111111,1.0,11.11111111111111,300.0000000000886
1.0,0.2222222222222222,0.0,11.11111111111111,300.00000000219814
1.0,0.2222222222222222,0.1111111111111111,11.11111111111111,300.00000015902805
1.0,0.2222222222222222,0.2222222222222222,11.11111111111111,300.0000039449524
1.0,0.2222222222222222,0.3333333333333333,11.11111111111111,300.000033554731
1.0,0.2222222222222222,0.4444444444444444,11.11111111111111,300.00009786102447
1.0,0.2222222222222222,0.5555555555555556,11.11111111111111,300.00009786102447
1.0,0.2222222222222222,0.6666666666666666,11.11111111111111,300.000033554731
1.0,0.2222222222222222,0.7777777777777777,11.11111111111111,300.0000039449524
1.0,0.2222222222222222,0.8888888888888888,11.11111111111111,300.00000015902805
1.0,0.2222222222222222,1.0,11.11111111111111,300.00000000219814
1.0,0.3333333333333333,0.0,11.11111111111111,300.00000001869654
1.0,0.3333333333333333,0.1111111111111111,11.11111111111111,300.00000135265105
1.0,0.3333333333333333,0.2222222222222222,11.11111111111111,300.000033554731
1.0,0.3333333333333333,0.3333333333333333,11.11111111111111,300.0002854077453
1.0,0.3333333333333333,0.4444444444444444,11.11111111111111,300.0008323802199
1.0,0.3333333333333333,0.5555555555555556,11.11111111111111,300.0008323802199
1.0,0.3333333333333333,0.6666666666666666,11.11111111111111,300.0002854077453
1.0,0.3333333333333333,0.7777777777777777,11.11111111111111,300.000033554731
1.0,0.3333333333333333,0.8888888888888888,11.11111111111111,300.00000135265105
1.0,0.3333333333333333,1.0,11.11111111111111,300.00000001869654
1.0,0.4444444444444444,0.0,11.11111111111111,300.0000000545278
1.0,0.4444444444444444,0.1111111111111111,11.11111111111111,300.0000039449524
1.0,0.4444444444444444,0.2222222222222222,11.11111111111111,300.00009786102447
1.0,0.4444444444444444,0.3333333333333333,11.11111111111111,300.0008323802199
1.0,0.4444444444444444,0.4444444444444444,11.11111111111111,300.0024276034615
1.0,0.4444444444444444,0.5555555555555556,11.11111111111111,300.0024276034615
1.0,0.4444444444444444,0.6666666666666666,11.11111111111111,300.0008323802199
1.0,0.4444444444444444,0.7777777777777777,11.11111111111111,300.00009786102447
1.0,0.4444444444444444,0.8888888888888888,11.11111111111111,300.0000039449524
1.0,0.4444444444444444,1.0,11.11111111111111,300.0000000545278
1.0,0.5555555555555556,0.0,11.11111111111111,300.0000000545278
1.0,0.5555555555555556,0.1111111111111111,11.11111111111111,300.0000039449524
1.0,0.5555555555555556,0.2222222222222222,11.11111111111111,300.00009786102447
1.0,0.5555555555555556,0.3333333333333333,11.11111111111111,300.0008323802199
1.0,0.5555555555555556,0.4444444444444444,11.11111111111111,300.0024276034615
1.0,0.5555555555555556,0.5555555555555556,11.11111111111111,300.0024276034615
1.0,0.5555555555555556,0.6666666666666666,11.11111111111111,300.0008323802199
1.0,0.5555555555555556,0.7777777777777777,11.11111111111111,300.00009786102447
1.0,0.5555555555555556,0.8888888888888888,11.11111111111111,300.0000039449524
1.0,0.5555555555555556,1.0,11.11111111111111,300.0000000545278
1.0,0.6666666666666666,0.0,11.11111111111111,300.00000001869654
1.0,0.6666666666666666,0.1111111111111111,11.11111111111111,300.00000135265105
1.0,0.6666666666666666,0.2222222222222222,11.11111111111111,300.000033554731
1.0,0.6666666666666666,0.3333333333333333,11.11111111111111,300.0002854077453
1.0,0.6666666666666666,0.4444444444444444,11.11111111111111,300.0008323802199
1.0,0.6666666666666666,0.5555555555555556,11.11111111111111,300.0008323802199
1.0,0.6666666666666666,0.6666666666666666,11.11111111111111,300.0002854077453
1.0,0.6666666666666666,0.7777777777777777,11.11111111111111,300.000033554731
1.0,0.6666666666666666,0.8888888888888888,11.11111111111111,300.00000135265105
1.0,0.6666666666666666,1.0,11.11111111111111,300.00000001869654
1.0,0.7777777777777777,0.0,11.11111111111111,300.00000000219814
1.0,0.7777777777777777,0.1111111111111111,11.11111111111111,300.00000015902805
1.0,0.7777777777777777,0.2222222222222222,11.11111111111111,300.0000039449524
1.0,0.7777777777777777,0.3333333333333333,11.11111111111111,300.000033554731
1.0,0.7777777777777777,0.4444444444444444,11.11111111111111,300.00009786102447
1.0,0.7777777777777777,0.5555555555555556,11.11111111111111,300.00009786102447
1.0,0.7777777777777777,0.6666666666666666,11.11111111111111,300.000033554731
1.0,0.7777777777777777,0.7777777777777777,11.11111111111111,300.0000039449524
1.0,0.7777777777777777,0.8888888888888888,11.11111111111111,300.00000015902805
1.0,0.7777777777777777,1.0,11.11111111111111,300.00000000219814
1.0,0.8888888888888888,0.0,11.11111111111111,300.0000000000886
1.0,0.8888888888888888,0.1111111111111111,11.11111111111111,300.0000000064107
1.0,0.8888888888888888,0.2222222222222222,11.11111111111111,300.00000015902805
1.0,0.8888888888888888,0.3333333333333333,11.11111111111111,300.00000135265105
1.0,0.8888888888888888,0.4444444444444444,11.11111111111111,300.0000039449524
1.0,0.8888888888888888,0.5555555555555556,11.11111111111111,300.0000039449524
1.0,0.8888888888888888,0.6666666666666666,11.11111111111111,300.00000135265105
1.0,0.8888888888888888,0.7777777777777777,11.11111111111111,300.00000015902805
1.0,0.8888888888888888,0.8888888888888888,11.11111111111111,300.0000000064107
1.0,0.8888888888888888,1.0,11.11111111111111,300.0000000000886
1.0,1.0,0.0,11.11111111111111,300.00000000000125
1.0,1.0,0.1111111111111111,11.11111111111111,300.0000000000886
1.0,1.0,0.2222222222222222,11.11111111111111,300.00000000219814
1.0,1.0,0.3333333333333333,11.11111111111111,300.00000001869654
1.0,1.0,0.4444444444444444,11.11111111111111,300.0000000545278
1.0,1.0,0.5555555555555556,11.11111111111111,300.0000000545278
1.0,1.0,0.6666666666666666,11.11111111111111,300.00000001869654
1.0,1.0,0.7777777777777777,11.11111111111111,300.00000000219814
1.0,1.0,0.8888888888888888,11.11111111111111,300.0000000000886
1.0,1.0,1.0,11.11111111111111,300.00000000000125
0.0,0.0,0.0,22.22222222222222,300.00000000004616
0.0,0.0,0.1111111111111111,22.22222222222222,300.0000000020201
0.0,0.0,0.2222222222222222,22.22222222222222,300.0000000343746
0.0,0.0,0.3333333333333333,22.22222222222222,300.00000022741176
0.0,0.0,0.4444444444444444,22.22222222222222,300.0000005849257
0.0,0.0,0.5555555555555556,22.22222222222222,300.0000005849257
0.0,0.0,0.6666666666666666,22.22222222222222,300.00000022741176
0.0,0.0,0.7777777777777777,22.22222222222222,300.0000000343746
0.0,0.0,0.8888888888888888,22.22222222222222,300.0000000020201
0.0,0.0,1.0,22.22222222222222,300.00000000004616
0.0,0.1111111111111111,0.0,22.22222222222222,300.0000000020201
0.0,0.1111111111111111,0.1111111111111111,22.22222222222222,300.0000000884148
0.0,0.1111111111111111,0.2222222222222222,22.22222222222222,300.00000150448716
0.0,0.1111111111111111,0.3333333333333333,22.22222222222222,300.00000995322944
0.0,0.1111111111111111,0.4444444444444444,22.22222222222222,300.00002560069635
0.0,0.1111111111111111,0.5555555555555556,22.22222222222222,300.00002560069635
0.0,0.1111111111111111,0.6666666666666666,22.22222222222222,300.00000995322944
0.0,0.1111111111111111,0.7777777777777777,22.22222222222222,300.00000150448716
0.0,0.1111111111111111,0.8888888888888888,22.22222222222222,300.0000000884148
0.0,0.1111111111111111,1.0,22.22222222222222,300.0000000020201
0.0,0.2222222222222222,0.0,22.22222222222222,300.0000000343746
0.0,0.2222222222222222,0.1111111111111111,22.22222222222222,300.00000150448716
0.0,0.2222222222222222,0.2222222222222222,22.22222222222222,300.00002560069635
0.0,0.2222222222222222,0.3333333333333333,22.22222222222222,300.00016936641913
0.0,0.2222222222222222,0.4444444444444444,22.22222222222222,300.0004356272803
0.0,0.2222222222222222,0.5555555555555556,22.22222222222222,300.0004356272803
0.0,0.2222222222222222,0.6666666666666666,22.22222222222222,300.00016936641913
0.0,0.2222222222222222,0.7777777777777777,22.22222222222222,300.00002560069635
0.0,0.2222222222222222,0.8888888888888888,22.22222222222222,300.00000150448716
0.0,0.2222222222222222,1.0,22.22222222222222,300.0000000343746
0.0,0.3333333333333333,0.0,22.22222222222222,300.00000022741176
0.0,0.3333333333333333,0.1111111111111111,22.22222222222222,300.00000995322944
0.0,0.3333333333333333,0.2222222222222222,22.22222222222222,300.00016936641913
0.0,0.3333333333333333,0.3333333333333333,22.22222222222222,300.00112047670575
0.0,0.3333333333333333,0.4444444444444444,22.22222222222222,300.00288197756396
0.0,0.3333333333333333,0.5555555555555556,22.22222222222222,300.00288197756396
0.0,0.3333333333333333,0.6666666666666666,22.22222222222222,300.00112047670575
0.0,0.3333333333333333,0.7777777777777777,22.22222222222222,300.00016936641913
0.0,0.3333333333333333,0.8888888888888888,22.22222222222222,300.00000995322944
0.0,0.3333333333333333,1.0,22.22222222222222,300.00000022741176
0.0,0.4444444444444444,0.0,22.22222222222222,300.0000005849257
0.0,0.4444444444444444,0.1111111111111111,22.22222222222222,300.00002560069635
0.0,0.4444444444444444,0.2222222222222222,22.22222222222222,300.0004356272803
0.0,0.4444444444444444,0.3333333333333333,22.22222222222222,300.00288197756396
0.0,0.4444444444444444,0.4444444444444444,22.22222222222222,300.0074127330237
0.0,0.4444444444444444,0.5555555555555556,22.22222222222222,300.0074127330237
0.0,0.4444444444444444,0.6666666666666666,22.22222222222222,300.00288197756396
0.0,0.4444444444444444,0.7777777777777777,22.22222222222222,300.0004356272803
0.0,0.4444444444444444,0.8888888888888888,22.22222222222222,300.00002560069635
0.0,0.4444444444444444,1.0,22.22222222222222,300.0000005849257
0.0,0.5555555555555556,0.0,22.22222222222222,300.0000005849257
0.0,0.5555555555555556,0.1111111111111111,22.22222222222222,300.00002560069635
0.0,0.5555555555555556,0.2222222222222222,22.22222222222222,300.0004356272803
0.0,0.5555555555555556,0.3333333333333333,22.22222222222222,300.00288197756396
0.0,0.5555555555555556,0.4444444444444444,22.22222222222222,300.0074127330237
0.0,0.5555555555555556,0.5555555555555556,22.22222222222222,300.0074127330237
0.0,0.5555555555555556,0.6666666666666666,22.22222222222222,300.00288197756396
0.0,0.5555555555555556,0.7777777777777777,22.22222222222222,300.0004356272803
0.0,0.5555555555555556,0.8888888888888888,22.22222222222222,300.00002560069635
0.0,0.5555555555555556,1.0,22.22222222222222,300.0000005849257
0.0,0.6666666666666666,0.0,22.22222222222222,300.00000022741176
0.0,0.6666666666666666,0.1111111111111111,22.22222222222222,300.00000995322944
0.0,0.6666666666666666,0.2222222222222222,22.22222222222222,300.00016936641913
0.0,0.6666666666666666,0.3333333333333333,22.22222222222222,300.00112047670575
0.0,0.6666666666666666,0.4444444444444444,22.22222222222222,300.00288197756396
0.0,0.6666666666666666,0.5555555555555556,22.22222222222222,300.00288197756396
0.0,0.6666666666666666,0.6666666666666666,22.22222222222222,300.00112047670575
0.0,0.6666666666666666,0.7777777777777777,22.22222222222222,300.00016936641913
0.0,0.6666666666666666,0.8888888888888888,22.22222222222222,300.00000995322944
0.0,0.6666666666666666,1.0,22.22222222222222,300.00000022741176
0.0,0.7777777777777777,0.0,22.22222222222222,300.0000000343746
0.0,0.7777777777777777,0.1111111111111111,22.22222222222222,300.00000150448716
0.0,0.7777777777777777,0.2222222222222222,22.22222222222222,300.00002560069635
0.0,0.7777777777777777,0.3333333333333333,22.22222222222222,300.00016936641913
0.0,0.7777777777777777,0.4444444444444444,22.22222222222222,300.0004356272803
0.0,0.7777777777777777,0.5555555555555556,22.22222222222222,300.0004356272803
0.0,0.7777777777777777,0.6666666666666666,22.22222222222222,300.00016936641913
0.0,0.7777777777777777,0.7777777777777777,22.22222222222222,300.00002560069635
0.0,0.7777777777777777,0.8888888888888888,22.22222222222222,300.00000150448716
0.0,0.7777777777777777,1.0,22.22222222222222,300.0000000343746
0.0,0.8888888888888888,0.0,22.22222222222222,300.0000000020201
0.0,0.8888888888888888,0.1111111111111111,22.22222222222222,300.0000000884148
0.0,0.8888888888888888,0.2222222222222222,22.22222222222222,300.00000150448716
0.0,0.8888888888888888,0.3333333333333333,22.22222222222222,300.00000995322944
0.0,0.8888888888888888,0.4444444444444444,22.22222222222222,300.00002560069635
0.0,0.8888888888888888,0.5555555555555556,22.22222222222222,300.00002560069635
0.0,0.8888888888888888,0.6666666666666666,22.22222222222222,300.00000995322944
0.0,0.8888888888888888,0.7777777777777777,22.22222222222222,300.00000150448716
0.0,0.8888888888888888,0.8888888888888888,22.22222222222222,300.0000000884148
0.0,0.8888888888888888,1.0,22.22222222222222,300.0000000020201
0.0,1.0,0.0,22.22222222222222,300.00000000004616
0.0,1.0,0.1111111111111111,22.22222222222222,300.0000000020201
0.0,1.0,0.2222222222222222,22.22222222222222,300.0000000343746
0.0,1.0,0.3333333333333333,22.22222222222222,300.00000022741176
0.0,1.0,0.4444444444444444,22.22222222222222,300.0000005849257
0.0,1.0,0.5555555555555556,22.22222222222222,300.0000005849257
0.0,1.0,0.6666666666666666,22.22222222222222,300.00000022741176
0.0,1.0,0.7777777777777777,22.22222222222222,300.0000000343746
0.0,1.0,0.8888888888888888,22.22222222222222,300.0000000020201
0.0,1.0,1.0,22.22222222222222,300.00000000004616
0.1111111111111111,0.0,0.0,22.22222222222222,300.0000000020201
0.1111111111111111,0.0,0.1111111111111111,22.22222222222222,300.0000000884148
0.1111111111111111,0.0,0.2222222222222222,22.22222222222222,300.00000150448716
0.1111111111111111,0.0,0.3333333333333333,22.22222222222222,300.00000995322944
0.1111111111111111,0.0,0.4444444444444444,22.22222222222222,300.00002560069635
0.1111111111111111,0.0,0.5555555555555556,22.22222222222222,300.00002560069635
0.1111111111111111,0.0,0.6666666666666666,22.22222222222222,300.00000995322944
0.1111111111111111,0.0,0.7777777777777777,22.22222222222222,300.00000150448716
0.1111111111111111,0.0,0.8888888888888888,22.22222222222222,300.0000000884148
0.1111111111111111,0.0,1.0,22.22222222222222,300.0000000020201
0.1111111111111111,0.1111111111111111,0.0,22.22222222222222,300.0000000884148
0.1111111111111111,0.1111111111111111,0.1111111111111111,22.22222222222222,300.00000386969066
0.1111111111111111,0.1111111111111111,0.2222222222222222,22.22222222222222,300.00006584753805
0.1111111111111111,0.1111111111111111,0.3333333333333333,22.22222222222222,300.0004356272803
0.1111111111111111,0.1111111111111111,0.4444444444444444,22.22222222222222,300.00112047670575
0.1111111111111111,0.1111111111111111,0.5555555555555556,22.22222222222222,300.00112047670575
0.1111111111111111,0.1111111111111111,0.6666666666666666,22.22222222222222,300.0004356272803
0.1111111111111111,0.1111111111111111,0.7777777777777777,22.22222222222222,300.00006584753805
0.1111111111111111,0.1111111111111111,0.8888888888888888,22.22222222222222,300.00000386969066
0.1111111111111111,0.1111111111111111,1.0,22.22222222222222,300.0000000884148
0.1111111111111111,0.2222222222222222,0.0,22.22222222222222,300.00000150448716
0.1111111111111111,0.2222222222222222,0.1111111111111111,22.22222222222222,300.00006584753805
0.1111111111111111,0.2222222222222222,0.2222222222222222,22.22222222222222,300.00112047670575
0.1111111111111111,0.2222222222222222,0.3333333333333333,22.22222222222222,300.0074127330237
0.1111111111111111,0.2222222222222222,0.4444444444444444,22.22222222222222,300.0190662868334
0.1111111111111111,0.2222222222222222,0.5555555555555556,22.22222222222222,300.0190662868334
0.1111111111111111,0.2222222222222222,0.6666666666666666,22.22222222222222,300.0074127330237
0.1111111111111111,0.2222222222222222,0.7777777777777777,22.22222222222222,300.00112047670575
0.1111111111111111,0.2222222222222222,0.8888888888888888,22.22222222222222,300.00006584753805
0.1111111111111111,0.2222222222222222,1.0,22.22222222222222,300.00000150448716
0.1111111111111111,0.3333333333333333,0.0,22.22222222222222,300.00000995322944
0.1111111111111111,0.3333333333333333,0.1111111111111111,22.22222222222222,300.0004356272803
0.1111111111111111,0.3333333333333333,0.2222222222222222,22.22222222222222,300.0074127330237
0.1111111111111111,0.3333333333333333,0.3333333333333333,22.22222222222222,300.0490403866492
0.1111111111111111,0.3333333333333333,0.4444444444444444,22.22222222222222,300.12613675351287
0.1111111111111111,0.3333333333333333,0.5555555555555556,22.22222222222222,300.12613675351287
0.1111111111111111,0.3333333333333333,0.6666666666666666,22.22222222222222,300.0490403866492
0.1111111111111111,0.3333333333333333,0.7777777777777777,22.22222222222222,300.0074127330237
0.1111111111111111,0.3333333333333333,0.8888888888888888,22.22222222222222,300.0004356272803
0.1111111111111111,0.3333333333333333,1.0,22.22222222222222,300.00000995322944
0.1111111111111111,0.4444444444444444,0.0,22.22222222222222,300.00002560069635
0.1111111111111111,0.4444444444444444,0.1111111111111111,22.22222222222222,300.00112047670575
0.1111111111111111,0.4444444444444444,0.2222222222222222,22.22222222222222,300.0190662868334
0.1111111111111111,0.4444444444444444,0.3333333333333333,22.22222222222222,300.12613675351287
0.1111111111111111,0.4444444444444444,0.4444444444444444,22.22222222222222,300.32443627943985
0.1111111111111111,0.4444444444444444,0.5555555555555556,22.22222222222222,300.32443627943985
0.1111111111111111,0.4444444444444444,0.6666666666666666,22.22222222222222,300.12613675351287
0.1111111111111111,0.4444444444444444,0.7777777777777777,22.22222222222222,300.0190662868334
0.1111111111111111,0.4444444444444444,0.8888888888888888,22.22222222222222,300.00112047670575
0.1111111111111111,0.4444444444444444,1.0,22.22222222222222,300.00002560069635
0.1111111111111111,0.5555555555555556,0.0,22.22222222222222,300.00002560069635
0.1111111111111111,0.5555555555555556,0.1111111111111111,22.22222222222222,300.00112047670575
0.1111111111111111,0.5555555555555556,0.2222222222222222,22.22222222222222,300.0190662868334
0.1111111111111111,0.5555555555555556,0.3333333333333333,22.22222222222222,300.12613675351287
0.1111111111111111,0.5555555555555556,0.4444444444444444,22.22222222222222,300.32443627943985
0.1111111111111111,0.5555555555555556,0.5555555555555556,22.22222222222222,300.32443627943985
0.1111111111111111,0.5555555555555556,0.6666666666666666,22.22222222222222,300.12613675351287
0.1111111111111111,0.5555555555555556,0.7777777777777777,22.22222222222222,300.0190662868334
0.1111111111111111,0.5555555555555556,0.8888888888888888,22.22222222222222,300.00112047670575
0.1111111111111111,0.5555555555555556,1.0,22.22222222222222,300.00002560069635
0.1111111111111111,0.6666666666666666,0.0,22.22222222222222,300.00000995322944
0.1111111111111111,0.6666666666666666,0.1111111111111111,22.22222222222222,300.0004356272803
0.1111111111111111,0.6666666666666666,0.2222222222222222,22.22222222222222,300.0074127330237
0.1111111111111111,0.6666666666666666,0.3333333333333333,22.22222222222222,300.0490403866492
0.1111111111111111,0.6666666666666666,0.4444444444444444,22.22222222222222,300.12613675351287
0.1111111111111111,0.6666666666666666,0.5555555555555556,22.22222222222222,300.12613675351287
0.1111111111111111,0.6666666666666666,0.6666666666666666,22.22222222222222,300.0490403866492
0.1111111111111111,0.6666666666666666,0.7777777777777777,22.22222222222222,300.0074127330237
0.1111111111111111,0.6666666666666666,0.8888888888888888,22.22222222222222,300.0004356272803
0.1111111111111111,0.6666666666666666,1.0,22.22222222222222,300.00000995322944
0.1111111111111111,0.7777777777777777,0.0,22.22222222222222,300.00000150448716
0.1111111111111111,0.7777777777777777,0.1111111111111111,22.22222222222222,300.00006584753805
0.1111111111111111,0.7777777777777777,0.2222222222222222,22.22222222222222,300.00112047670575
0.1111111111111111,0.7777777777777777,0.3333333333333333,22.22222222222222,300.0074127330237
0.1111111111111111,0.7777777777777777,0.4444444444444444,22.22222222222222,300.0190662868334
0.1111111111111111,0.7777777777777777,0.5555555555555556,22.22222222222222,300.0190662868334
0.1111111111111111,0.7777777777777777,0.6666666666666666,22.22222222222222,300.0074127330237
0.1111111111111111,0.7777777777777777,0.7777777777777777,22.22222222222222,300.00112047670575
0.1111111111111111,0.7777777777777777,0.8888888888888888,22.22222222222222,300.00006584753805
0.1111111111111111,0.7777777777777777,1.0,22.22222222222222,300.00000150448716
0.1111111111111111,0.8888888888888888,0.0,22.22222222222222,300.0000000884148
0.1111111111111111,0.8888888888888888,0.1111111111111111,22.22222222222222,300.00000386969066
0.1111111111111111,0.8888888888888888,0.2222222222222222,22.22222222222222,300.00006584753805
0.1111111111111111,0.8888888888888888,0.3333333333333333,22.22222222222222,300.0004356272803
0.1111111111111111,0.8888888888888888,0.4444444444444444,22.22222222222222,300.00112047670575
0.1111111111111111,0.8888888888888888,0.5555555555555556,22.22222222222222,300.00112047670575
0.1111111111111111,0.8888888888888888,0.6666666666666666,22.22222222222222,300.0004356272803
0.1111111111111111,0.8888888888888888,0.7777777777777777,22.22222222222222,300.00006584753805
0.1111111111111111,0.8888888888888888,0.8888888888888888,22.22222222222222,300.00000386969066
0.1111111111111111,0.8888888888888888,1.0,22.22222222222222,300.0000000884148
0.1111111111111111,1.0,0.0,22.22222222222222,300.0000000020201
0.1111111111111111,1.0,0.1111111111111111,22.22222222222222,300.0000000884148
0.1111111111111111,1.0,0.2222222222222222,22.22222222222222,300.00000150448716
0.1111111111111111,1.0,0.3333333333333333,22.22222222222222,300.00000995322944
0.1111111111111111,1.0,0.4444444444444444,22.22222222222222,300.00002560069635
0.1111111111111111,1.0,0.5555555555555556,22.22222222222222,300.00002560069635
0.1111111111111111,1.0,0.6666666666666666,22.22222222222222,300.00000995322944
0.1111111111111111,1.0,0.7777777777777777,22.22222222222222,300.00000150448716
0.1111111111111111,1.0,0.8888888888888888,22.22222222222222,300.0000000884148
0.1111111111111111,1.0,1.0,22.22222222222222,300.0000000020201
0.2222222222222222,0.0,0.0,22.22222222222222,300.0000000343746
0.2222222222222222,0.0,0.1111111111111111,22.22222222222222,300.00000150448716
0.2222222222222222,0.0,0.2222222222222222,22.22222222222222,300.00002560069635
0.2222222222222222,0.0,0.3333333333333333,22.22222222222222,300.00016936641913
0.2222222222222222,0.0,0.4444444444444444,22.22222222222222,300.0004356272803
0.2222222222222222,0.0,0.5555555555555556,22.22222222222222,300.0004356272803
0.2222222222222222,0.0,0.6666666666666666,22.22222222222222,300.00016936641913
0.2222222222222222,0.0,0.7777777777777777,22.22222222222222,300.00002560069635
0.2222222222222222,0.0,0.8888888888888888,22.22222222222222,300.00000150448716
0.2222222222222222,0.0,1.0,22.22222222222222,300.0000000343746
0.2222222222222222,0.1111111111111111,0.0,22.22222222222222,300.00000150448716
0.2222222222222222,0.1111111111111111,0.1111111111111111,22.22222222222222,300.00006584753805
0.2222222222222222,0.1111111111111111,0.2222222222222222,22.22222222222222,300.00112047670575
0.2222222222222222,0.1111111111111111,0.3333333333333333,22.22222222222222,300.0074127330237
0.2222222222222222,0.1111111111111111,0.4444444444444444,22.22222222222222,300.0190662868334
0.2222222222222222,0.1111111111111111,0.5555555555555556,22.22222222222222,300.0190662868334
0.2222222222222222,0.1111111111111111,0.6666666666666666,22.22222222222222,300.0074127330237
0.2222222222222222,0.1111111111111111,0.7777777777777777,22.22222222222222,300.00112047670575
0.2222222222222222,0.1111111111111111,0.8888888888888888,22.22222222222222,300.00006584753805
0.2222222222222222,0.1111111111111111,1.0,22.22222222222222,300.00000150448716
0.2222222222222222,0.2222222222222222,0.0,22.22222222222222,300.00002560069635
0.2222222222222222,0.2222222222222222,0.1111111111111111,22.22222222222222,300.00112047670575
0.2222222222222222,0.2222222222222222,0.2222222222222222,22.22222222222222,300.0190662868334
0.2222222222222222,0.2222222222222222,0.3333333333333333,22.22222222222222,300.12613675351287
0.2222222222222222,0.2222222222222222,0.4444444444444444,22.22222222222222,300.32443627943985
0.2222222222222222,0.2222222222222222,0.5555555555555556,22.22222222222222,300.32443627943985
0.2222222222222222,0.2222222222222222,0.6666666666666666,22.22222222222222,300.12613675351287
0.2222222222222222,0.2222222222222222,0.7777777777777777,22.22222222222222,300.0190662868334
0.2222222222222222,0.2222222222222222,0.8888888888888888,22.22222222222222,300.00112047670575
0.2222222222222222,0.2222222222222222,1.0,22.22222222222222,300.00002560069635
0.2222222222222222,0.3333333333333333,0.0,22.22222222222222,300.00016936641913
0.2222222222222222,0.3333333333333333,0.1111111111111111,22.22222222222222,300.0074127330237
0.2222222222222222,0.3333333333333333,0.2222222222222222,22.22222222222222,300.12613675351287
0.2222222222222222,0.3333333333333333,0.3333333333333333,22.22222222222222,300.834482389037
0.2222222222222222,0.3333333333333333,0.4444444444444444,22.22222222222222,302.1463717276476
0.2222222222222222,0.3333333333333333,0.5555555555555556,22.22222222222222,302.1463717276476
0.2222222222222222,0.3333333333333333,0.6666666666666666,22.22222222222222,300.834482389037
0.2222222222222222,0.3333333333333333,0.7777777777777777,22.22222222222222,300.12613675351287
0.2222222222222222,0.3333333333333333,0.8888888888888888,22.22222222222222,300.0074127330237
0.2222222222222222,0.3333333333333333,1.0,22.22222222222222,300.00016936641913
0.2222222222222222,0.4444444444444444,0.0,22.22222222222222,300.0004356272803
0.2222222222222222,0.4444444444444444,0.1111111111111111,22.22222222222222,300.0190662868334
0.2222222222222222,0.4444444444444444,0.2222222222222222,22.22222222222222,300.32443627943985
0.2222222222222222,0.4444444444444444,0.3333333333333333,22.22222222222222,302.1463717276476
0.2222222222222222,0.4444444444444444,0.4444444444444444,22.22222222222222,305.5206816270399
0.2222222222222222,0.4444444444444444,0.5555555555555556,22.22222222222222,305.5206816270399
0.2222222222222222,0.4444444444444444,0.6666666666666666,22.22222222222222,302.1463717276476
0.2222222222222222,0.4444444444444444,0.7777777777777777,22.22222222222222,300.32443627943985
0.2222222222222222,0.4444444444444444,0.8888888888888888,22.22222222222222,300.0190662868334
0.2222222222222222,0.4444444444444444,1.0,22.22222222222222,300.0004356272803
0.2222222222222222,0.5555555555555556,0.0,22.22222222222222,300.0004356272803
0.2222222222222222,0.5555555555555556,0.1111111111111111,22.22222222222222,300.0190662868334
0.2222222222222222,0.5555555555555556,0.2222222222222222,22.22222222222222,300.32443627943985
0.2222222222222222,0.5555555555555556,0.3333333333333333,22.22222222222222,302.1463717276476
0.2222222222222222,0.5555555555555556,0.4444444444444444,22.22222222222222,305.5206816270399
0.2222222222222222,0.5555555555555556,0.5555555555555556,22.22222222222222,305.5206816270399
0.2222222222222222,0.5555555555555556,0.6666666666666666,22.22222222222222,302.1463717276476
0.2222222222222222,0.5555555555555556,0.7777777777777777,22.22222222222222,300.32443627943985
0.2222222222222222,0.5555555555555556,0.8888888888888888,22.22222222222222,300.0190662868334
0.2222222222222222,0.5555555555555556,1.0,22.22222222222222,300.0004356272803
0.2222222222222222,0.6666666666666666,0.0,22.22222222222222,300.00016936641913
0.2222222222222222,0.6666666666666666,0.1111111111111111,22.22222222222222,300.0074127330237
0.2222222222222222,0.6666666666666666,0.2222222222222222,22.22222222222222,300.12613675351287
0.2222222222222222,0.6666666666666666,0.3333333333333333,22.22222222222222,300.834482389037
0.2222222222222222,0.6666666666666666,0.4444444444444444,22.22222222222222,302.1463717276476
0.2222222222222222,0.6666666666666666,0.5555555555555556,22.22222222222222,302.1463717276476
0.2222222222222222,0.6666666666666666,0.6666666666666666,22.22222222222222,300.834482389037
0.2222222222222222,0.6666666666666666,0.7777777777777777,22.22222222222222,300.12613675351287
0.2222222222222222,0.6666666666666666,0.8888888888888888,22.22222222222222,300.0074127330237
0.2222222222222222,0.6666666666666666,1.0,22.22222222222222,300.00016936641913
0.2222222222222222,0.7777777777777777,0.0,22.22222222222222,300.00002560069635
0.2222222222222222,0.7777777777777777,0.1111111111111111,22.22222222222222,300.00112047670575
0.2222222222222222,0.7777777777777777,0.2222222222222222,22.22222222222222,300.0190662868334
0.2222222222222222,0.7777777777777777,0.3333333333333333,22.22222222222222,300.12613675351287
0.2222222222222222,0.7777777777777777,0.4444444444444444,22.22222222222222,300.32443627943985
0.2222222222222222,0.7777777777777777,0.5555555555555556,22.22222222222222,300.32443627943985
0.2222222222222222,0.7777777777777777,0.6666666666666666,22.22222222222222,300.12613675351287
0.2222222222222222,0.7777777777777777,0.7777777777777777,22.22222222222222,300.0190662868334
0.2222222222222222,0.7777777777777777,0.8888888888888888,22.22222222222222,300.00112047670575
0.2222222222222222,0.7777777777777777,1.0,22.22222222222222,300.00002560069635
0.2222222222222222,0.8888888888888888,0.0,22.22222222222222,300.00000150448716
0.2222222222222222,0.8888888888888888,0.1111111111111111,22.22222222222222,300.00006584753805
0.2222222222222222,0.8888888888888888,0.2222222222222222,22.22222222222222,300.00112047670575
0.2222222222222222,0.8888888888888888,0.3333333333333333,22.22222222222222,300.0074127330237
0.2222222222222222,0.8888888888888888,0.4444444444444444,22.22222222222222,300.0190662868334
0.2222222222222222,0.8888888888888888,0.5555555555555556,22.22222222222222,300.0190662868334
0.2222222222222222,0.8888888888888888,0.6666666666666666,22.22222222222222,300.0074127330237
0.2222222222222222,0.8888888888888888,0.7777777777777777,22.22222222222222,300.00112047670575
0.2222222222222222,0.8888888888888888,0.8888888888888888,22.22222222222222,300.00006584753805
0.2222222222222222,0.8888888888888888,1.0,22.22222222222222,300.00000150448716
0.2222222222222222,1.0,0.0,22.22222222222222,300.0000000343746
0.2222222222222222,1.0,0.1111111111111111,22.22222222222222,300.00000150448716
0.2222222222222222,1.0,0.2222222222222222,22.22222222222222,300.00002560069635
0.2222222222222222,1.0,0.3333333333333333,22.22222222222222,300.00016936641913
0.2222222222222222,1.0,0.4444444444444444,22.22222222222222,300.0004356272803
0.2222222222222222,1.0,0.5555555555555556,22.22222222222222,300.0004356272803
0.2222222222222222,1.0,0.6666666666666666,22.22222222222222,300.00016936641913
0.2222222222222222,1.0,0.7777777777777777,22.22222222222222,300.00002560069635
0.2222222222222222,1.0,0.8888888888888888,22.22222222222222,300.00000150448716
0.2222222222222222,1.0,1.0,22.22222222222222,300.0000000343746
0.3333333333333333,0.0,0.0,22.22222222222222,300.00000022741176
0.3333333333333333,0.0,0.1111111111111111,22.22222222222222,300.00000995322944
0.3333333333333333,0.0,0.2222222222222222,22.22222222222222,300.00016936641913
0.3333333333333333,0.0,0.3333333333333333,22.22222222222222,300.00112047670575
0.3333333333333333,0.0,0.4444444444444444,22.22222222222222,300.00288197756396
0.3333333333333333,0.0,0.5555555555555556,22.22222222222222,300.00288197756396
0.3333333333333333,0.0,0.6666666666666666,22.22222222222222,300.00112047670575
0.3333333333333333,0.0,0.7777777777777777,22.22222222222222,300.00016936641913
0.3333333333333333,0.0,0.8888888888888888,22.22222222222222,300.00000995322944
0.3333333333333333,0.0,1.0,22.22222222222222,300.00000022741176
0.3333333333333333,0.1111111111111111,0.0,22.22222222222222,300.00000995322944
0.3333333333333333,0.1111111111111111,0.1111111111111111,22.22222222222222,300.0004356272803
0.3333333333333333,0.1111111111111111,0.2222222222222222,22.22222222222222,300.0074127330237
0.3333333333333333,0.1111111111111111,0.3333333333333333,22.22222222222222,300.0490403866492
0.3333333333333333,0.1111111111111111,0.4444444444444444,22.22222222222222,300.12613675351287
0.3333333333333333,0.1111111111111111,0.5555555555555556,22.22222222222222,300.12613675351287
0.3333333333333333,0.1111111111111111,0.6666666666666666,22.22222222222222,300.0490403866492
0.3333333333333333,0.1111111111111111,0.7777777777777777,22.22222222222222,300.0074127330237
0.3333333333333333,0.1111111111111111,0.8888888888888888,22.22222222222222,300.0004356272803
0.3333333333333333,0.1111111111111111,1.0,22.22222222222222,300.00000995322944
0.3333333333333333,0.2222222222222222,0.0,22.22222222222222,300.00016936641913
0.3333333333333333,0.2222222222222222,0.1111111111111111,22.22222222222222,300.0074127330237
0.3333333333333333,0.2222222222222222,0.2222222222222222,22.22222222222222,300.12613675351287
0.3333333333333333,0.2222222222222222,0.3333333333333333,22.22222222222222,300.834482389037
0.3333333333333333,0.2222222222222222,0.4444444444444444,22.22222222222222,302.1463717276476
0.3333333333333333,0.2222222222222222,0.5555555555555556,22.22222222222222,302.1463717276476
0.3333333333333333,0.2222222222222222,0.6666666666666666,22.22222222222222,300.834482389037
0.3333333333333333,0.2222222222222222,0.7777777777777777,22.22222222222222,300.12613675351287
0.3333333333333333,0.2222222222222222,0.8888888888888888,22.22222222222222,300.0074127330237
0.3333333333333333,0.2222222222222222,1.0,22.22222222222222,300.00016936641913
0.3333333333333333,0.3333333333333333,0.0,22.22222222222222,300.00112047670575
0.3333333333333333,0.3333333333333333,0.1111111111111111,22.22222222222222,300.0490403866492
0.3333333333333333,0.3333333333333333,0.2222222222222222,22.22222222222222,300.834482389037
0.3333333333333333,0.3333333333333333,0.3333333333333333,22.22222222222222,305.5206816270399
0.3333333333333333,0.3333333333333333,0.4444444444444444,22.22222222222222,314.19974239995173
0.3333333333333333,0.3333333333333333,0.5555555555555556,22.22222222222222,314.19974239995173
0.3333333333333333,0.3333333333333333,0.6666666666666666,22.22222222222222,305.5206816270399
0.3333333333333333,0.3333333333333333,0.7777777777777777,22.22222222222222,300.834482389037
0.3333333333333333,0.3333333333333333,0.8888888888888888,22.22222222222222,300.0490403866492
0.3333333333333333,0.3333333333333333,1.0,22.22222222222222,300.00112047670575
0.3333333333333333,0.4444444444444444,0.0,22.22222222222222,300.00288197756396
0.3333333333333333,0.4444444444444444,0.1111111111111111,22.22222222222222,300.12613675351287
0.3333333333333333,0.4444444444444444,0.2222222222222222,22.22222222222222,302.1463717276476
0.3333333333333333,0.4444444444444444,0.3333333333333333,22.22222222222222,314.19974239995173
0.3333333333333333,0.4444444444444444,0.4444444444444444,22.22222222222222,336.5231501917094
0.3333333333333333,0.4444444444444444,0.5555555555555556,22.22222222222222,336.5231501917094
0.3333333333333333,0.4444444444444444,0.6666666666666666,22.22222222222222,314.1997423999518
0.3333333333333333,0.4444444444444444,0.7777777777777777,22.22222222222222,302.14637172764765
0.3333333333333333,0.4444444444444444,0.8888888888888888,22.22222222222222,300.12613675351287
0.3333333333333333,0.4444444444444444,1.0,22.22222222222222,300.00288197756396
0.3333333333333333,0.5555555555555556,0.0,22.22222222222222,300.00288197756396
0.3333333333333333,0.5555555555555556,0.1111111111111111,22.22222222222222,300.12613675351287
0.3333333333333333,0.5555555555555556,0.2222222222222222,22.22222222222222,302.1463717276476
0.3333333333333333,0.5555555555555556,0.3333333333333333,22.22222222222222,314.19974239995173
0.3333333333333333,0.5555555555555556,0.4444444444444444,22.22222222222222,336.5231501917094
0.3333333333333333,0.5555555555555556,0.5555555555555556,22.22222222222222,336.5231501917094
0.3333333333333333,0.5555555555555556,0.6666666666666666,22.22222222222222,314.1997423999518
0.3333333333333333,0.5555555555555556,0.7777777777777777,22.22222222222222,302.14637172764765
0.3333333333333333,0.5555555555555556,0.8888888888888888,22.22222222222222,300.12613675351287
0.3333333333333333,0.5555555555555556,1.0,22.22222222222222,300.00288197756396
0.3333333333333333,0.6666666666666666,0.0,22.22222222222222,300.00112047670575
0.3333333333333333,0.6666666666666666,0.1111111111111111,22.22222222222222,300.0490403866492
0.3333333333333333,0.6666666666666666,0.2222222222222222,22.22222222222222,300.834482389037
0.3333333333333333,0.6666666666666666,0.3333333333333333,22.22222222222222,305.5206816270399
0.3333333333333333,0.6666666666666666,0.4444444444444444,22.22222222222222,314.1997423999518
0.3333333333333333,0.6666666666666666,0.5555555555555556,22.22222222222222,314.1997423999518
0.3333333333333333,0.6666666666666666,0.6666666666666666,22.22222222222222,305.5206816270399
0.3333333333333333,0.6666666666666666,0.7777777777777777,22.22222222222222,300.834482389037
0.3333333333333333,0.6666666666666666,0.8888888888888888,22.22222222222222,300.0490403866492
0.3333333333333333,0.6666666666666666,1.0,22.22222222222222,300.00112047670575
0.3333333333333333,0.7777777777777777,0.0,22.22222222222222,300.00016936641913
0.3333333333333333,0.7777777777777777,0.1111111111111111,22.22222222222222,300.0074127330237
0.3333333333333333,0.7777777777777777,0.2222222222222222,22.22222222222222,300.12613675351287
0.3333333333333333,0.7777777777777777,0.3333333333333333,22.22222222222222,300.834482389037
0.3333333333333333,0.7777777777777777,0.4444444444444444,22.22222222222222,302.14637172764765
0.3333333333333333,0.7777777777777777,0.5555555555555556,22.22222222222222,302.14637172764765
0.3333333333333333,0.7777777777777777,0.6666666666666666,22.22222222222222,300.834482389037
0.3333333333333333,0.7777777777777777,0.7777777777777777,22.22222222222222,300.12613675351287
0.3333333333333333,0.7777777777777777,0.8888888888888888,22.22222222222222,300.0074127330237
0.3333333333333333,0.7777777777777777,1.0,22.22222222222222,300.00016936641913
0.3333333333333333,0.8888888888888888,0.0,22.22222222222222,300.00000995322944
0.3333333333333333,0.8888888888888888,0.1111111111111111,22.22222222222222,300.0004356272803
0.3333333333333333,0.8888888888888888,0.2222222222222222,22.22222222222222,300.0074127330237
0.3333333333333333,0.8888888888888888,0.3333333333333333,22.22222222222222,300.0490403866492
0.3333333333333333,0.8888888888888888,0.4444444444444444,22.22222222222222,300.12613675351287
0.3333333333333333,0.8888888888888888,0.5555555555555556,22.22222222222222,300.12613675351287
0.3333333333333333,0.8888888888888888,0.6666666666666666,22.22222222222222,300.0490403866492
0.3333333333333333,0.8888888888888888,0.7777777777777777,22.22222222222222,300.0074127330237
0.3333333333333333,0.8888888888888888,0.8888888888888888,22.22222222222222,300.0004356272803
0.3333333333333333,0.8888888888888888,1.0,22.22222222222222,300.00000995322944
0.3333333333333333,1.0,0.0,22.22222222222222,300.00000022741176
0.3333333333333333,1.0,0.1111111111111111,22.22222222222222,300.00000995322944
0.3333333333333333,1.0,0.2222222222222222,22.22222222222222,300.00016936641913
0.3333333333333333,1.0,0.3333333333333333,22.22222222222222,300.00112047670575
0.3333333333333333,1.0,0.4444444444444444,22.22222222222222,300.00288197756396
0.3333333333333333,1.0,0.5555555555555556,22.22222222222222,300.00288197756396
0.3333333333333333,1.0,0.6666666666666666,22.22222222222222,300.00112047670575
0.3333333333333333,1.0,0.7777777777777777,22.22222222222222,300.00016936641913
0.3333333333333333,1.0,0.8888888888888888,22.22222222222222,300.00000995322944
0.3333333333333333,1.0,1.0,22.22222222222222,300.00000022741176
0.4444444444444444,0.0,0.0,22.22222222222222,300.0000005849257
0.4444444444444444,0.0,0.1111111111111111,22.22222222222222,300.00002560069635
0.4444444444444444,0.0,0.2222222222222222,22.22222222222222,300.0004356272803
0.4444444444444444,0.0,0.3333333333333333,22.22222222222222,300.00288197756396
0.4444444444444444,0.0,0.4444444444444444,22.22222222222222,300.0074127330237
0.4444444444444444,0.0,0.5555555555555556,22.22222222222222,300.0074127330237
0.4444444444444444,0.0,0.6666666666666666,22.22222222222222,300.00288197756396
0.4444444444444444,0.0,0.7777777777777777,22.22222222222222,300.0004356272803
0.4444444444444444,0.0,0.8888888888888888,22.22222222222222,300.00002560069635
0.4444444444444444,0.0,1.0,22.22222222222222,300.0000005849257
0.4444444444444444,0.1111111111111111,0.0,22.22222222222222,300.00002560069635
0.4444444444444444,0.1111111111111111,0.1111111111111111,22.22222222222222,300.00112047670575
0.4444444444444444,0.1111111111111111,0.2222222222222222,22.22222222222222,300.0190662868334
0.4444444444444444,0.1111111111111111,0.3333333333333333,22.22222222222222,300.12613675351287
0.4444444444444444,0.1111111111111111,0.4444444444444444,22.22222222222222,300.32443627943985
0.4444444444444444,0.1111111111111111,0.5555555555555556,22.22222222222222,300.32443627943985
0.4444444444444444,0.1111111111111111,0.6666666666666666,22.22222222222222,300.12613675351287
0.4444444444444444,0.1111111111111111,0.7777777777777777,22.22222222222222,300.0190662868334
0.4444444444444444,0.1111111111111111,0.8888888888888888,22.22222222222222,300.00112047670575
0.4444444444444444,0.1111111111111111,1.0,22.22222222222222,300.00002560069635
0.4444444444444444,0.2222222222222222,0.0,22.22222222222222,300.0004356272803
0.4444444444444444,0.2222222222222222,0.1111111111111111,22.22222222222222,300.0190662868334
0.4444444444444444,0.2222222222222222,0.2222222222222222,22.22222222222222,300.32443627943985
0.4444444444444444,0.2222222222222222,0.3333333333333333,22.22222222222222,302.1463717276476
0.4444444444444444,0.2222222222222222,0.4444444444444444,22.22222222222222,305.5206816270399
0.4444444444444444,0.2222222222222222,0.5555555555555556,22.22222222222222,305.5206816270399
0.4444444444444444,0.2222222222222222,0.6666666666666666,22.22222222222222,302.1463717276476
0.4444444444444444,0.2222222222222222,0.7777777777777777,22.22222222222222,300.32443627943985
0.4444444444444444,0.2222222222222222,0.8888888888888888,22.22222222222222,300.0190662868334
0.4444444444444444,0.2222222222222222,1.0,22.22222222222222,300.0004356272803
0.4444444444444444,0.3333333333333333,0.0,22.22222222222222,300.00288197756396
0.4444444444444444,0.3333333333333333,0.1111111111111111,22.22222222222222,300.12613675351287
0.4444444444444444,0.3333333333333333,0.2222222222222222,22.22222222222222,302.1463717276476
0.4444444444444444,0.3333333333333333,0.3333333333333333,22.22222222222222,314.19974239995173
0.4444444444444444,0.3333333333333333,0.4444444444444444,22.22222222222222,336.5231501917094
0.4444444444444444,0.3333333333333333,0.5555555555555556,22.22222222222222,336.5231501917094
0.4444444444444444,0.3333333333333333,0.6666666666666666,22.22222222222222,314.1997423999518
0.4444444444444444,0.3333333333333333,0.7777777777777777,22.22222222222222,302.14637172764765
0.4444444444444444,0.3333333333333333,0.8888888888888888,22.22222222222222,300.12613675351287
0.4444444444444444,0.3333333333333333,1.0,22.22222222222222,300.00288197756396
0.4444444444444444,0.4444444444444444,0.0,22.22222222222222,300.0074127330237
0.4444444444444444,0.4444444444444444,0.1111111111111111,22.22222222222222,300.32443627943985
0.4444444444444444,0.4444444444444444,0.2222222222222222,22.22222222222222,305.5206816270399
0.4444444444444444,0.4444444444444444,0.3333333333333333,22.22222222222222,336.5231501917094
0.4444444444444444,0.4444444444444444,0.4444444444444444,22.22222222222222,393.94117599842474
0.4444444444444444,0.4444444444444444,0.5555555555555556,22.22222222222222,393.94117599842474
0.4444444444444444,0.4444444444444444,0.6666666666666666,22.22222222222222,336.5231501917094
0.4444444444444444,0.4444444444444444,0.7777777777777777,22.22222222222222,305.5206816270399
0.4444444444444444,0.4444444444444444,0.8888888888888888,22.22222222222222,300.32443627943985
0.4444444444444444,0.4444444444444444,1.0,22.22222222222222,300.0074127330237
0.4444444444444444,0.5555555555555556,0.0,22.22222222222222,300.0074127330237
0.4444444444444444,0.5555555555555556,0.1111111111111111,22.22222222222222,300.32443627943985
0.4444444444444444,0.5555555555555556,0.2222222222222222,22.22222222222222,305.5206816270399
0.4444444444444444,0.5555555555555556,0.3333333333333333,22.22222222222222,336.5231501917094
0.4444444444444444,0.5555555555555556,0.4444444444444444,22.22222222222222,393.94117599842474
0.4444444444444444,0.5555555555555556,0.5555555555555556,22.22222222222222,393.94117599842474
0.4444444444444444,0.5555555555555556,0.6666666666666666,22.22222222222222,336.5231501917094
0.4444444444444444,0.5555555555555556,0.7777777777777777,22.22222222222222,305.5206816270399
0.4444444444444444,0.5555555555555556,0.8888888888888888,22.22222222222222,300.32443627943985
0.4444444444444444,0.5555555555555556,1.0,22.22222222222222,300.0074127330237
0.4444444444444444,0.6666666666666666,0.0,22.22222222222222,300.00288197756396
0.4444444444444444,0.6666666666666666,0.1111111111111111,22.22222222222222,300.12613675351287
0.4444444444444444,0.6666666666666666,0.2222222222222222,22.22222222222222,302.1463717276476
0.4444444444444444,0.6666666666666666,0.3333333333333333,22.22222222222222,314.1997423999518
0.4444444444444444,0.6666666666666666,0.4444444444444444,22.22222222222222,336.5231501917094
0.4444444444444444,0.6666666666666666,0.5555555555555556,22.22222222222222,336.5231501917094
0.4444444444444444,0.6666666666666666,0.6666666666666666,22.22222222222222,314.1997423999518
0.4444444444444444,0.6666666666666666,0.7777777777777777,22.22222222222222,302.14637172764765
0.4444444444444444,0.6666666666666666,0.8888888888888888,22.22222222222222,300.12613675351287
0.4444444444444444,0.6666666666666666,1.0,22.22222222222222,300.00288197756396
0.4444444444444444,0.7777777777777777,0.0,22.22222222222222,300.0004356272803
0.4444444444444444,0.7777777777777777,0.1111111111111111,22.22222222222222,300.0190662868334
0.4444444444444444,0.7777777777777777,0.2222222222222222,22.22222222222222,300.32443627943985
0.4444444444444444,0.7777777777777777,0.3333333333333333,22.22222222222222,302.14637172764765
0.4444444444444444,0.7777777777777777,0.4444444444444444,22.22222222222222,305.5206816270399
0.4444444444444444,0.7777777777777777,0.5555555555555556,22.22222222222222,305.5206816270399
0.4444444444444444,0.7777777777777777,0.6666666666666666,22.22222222222222,302.14637172764765
0.4444444444444444,0.7777777777777777,0.7777777777777777,22.22222222222222,300.32443627943985
0.4444444444444444,0.7777777777777777,0.8888888888888888,22.22222222222222,300.0190662868334
0.4444444444444444,0.7777777777777777,1.0,22.22222222222222,300.0004356272803
0.4444444444444444,0.8888888888888888,0.0,22.22222222222222,300.00002560069635
0.4444444444444444,0.8888888888888888,0.1111111111111111,22.22222222222222,300.00112047670575
0.4444444444444444,0.8888888888888888,0.2222222222222222,22.22222222222222,300.0190662868334
0.4444444444444444,0.8888888888888888,0.3333333333333333,22.22222222222222,300.12613675351287
0.4444444444444444,0.8888888888888888,0.4444444444444444,22.22222222222222,300.32443627943985
0.4444444444444444,0.8888888888888888,0.5555555555555556,22.22222222222222,300.32443627943985
0.4444444444444444,0.8888888888888888,0.6666666666666666,22.22222222222222,300.12613675351287
0.4444444444444444,0.8888888888888888,0.7777777777777777,22.22222222222222,300.0190662868334
0.4444444444444444,0.8888888888888888,0.8888888888888888,22.22222222222222,300.00112047670575
0.4444444444444444,0.8888888888888888,1.0,22.22222222222222,300.00002560069635
0.4444444444444444,1.0,0.0,22.22222222222222,300.0000005849257
0.4444444444444444,1.0,0.1111111111111111,22.22222222222222,300.00002560069635
0.4444444444444444,1.0,0.2222222222222222,22.22222222222222,300.0004356272803
0.4444444444444444,1.0,0.3333333333333333,22.22222222222222,300.00288197756396
0.4444444444444444,1.0,0.4444444444444444,22.22222222222222,300.0074127330237
0.4444444444444444,1.0,0.5555555555555556,22.22222222222222,300.0074127330237
0.4444444444444444,1.0,0.6666666666666666,22.22222222222222,300.00288197756396
0.4444444444444444,1.0,0.7777777777777777,22.22222222222222,300.0004356272803
0.4444444444444444,1.0,0.8888888888888888,22.22222222222222,300.00002560069635
0.4444444444444444,1.0,1.0,22.22222222222222,300.0000005849257
0.5555555555555556,0.0,0.0,22.22222222222222,300.0000005849257
0.5555555555555556,0.0,0.1111111111111111,22.22222222222222,300.00002560069635
0.5555555555555556,0.0,0.2222222222222222,22.22222222222222,300.0004356272803
0.5555555555555556,0.0,0.3333333333333333,22.22222222222222,300.00288197756396
0.5555555555555556,0.0,0.4444444444444444,22.22222222222222,300.0074127330237
0.5555555555555556,0.0,0.5555555555555556,22.22222222222222,300.0074127330237
0.5555555555555556,0.0,0.6666666666666666,22.22222222222222,300.00288197756396
0.5555555555555556,0.0,0.7777777777777777,22.22222222222222,300.0004356272803
0.5555555555555556,0.0,0.8888888888888888,22.22222222222222,300.00002560069635
0.5555555555555556,0.0,1.0,22.22222222222222,300.0000005849257
0.5555555555555556,0.1111111111111111,0.0,22.22222222222222,300.00002560069635
0.5555555555555556,0.1111111111111111,0.1111111111111111,22.22222222222222,300.00112047670575
0.5555555555555556,0.1111111111111111,0.2222222222222222,22.22222222222222,300.0190662868334
0.5555555555555556,0.1111111111111111,0.3333333333333333,22.22222222222222,300.12613675351287
0.5555555555555556,0.1111111111111111,0.4444444444444444,22.22222222222222,300.32443627943985
0.5555555555555556,0.1111111111111111,0.5555555555555556,22.22222222222222,300.32443627943985
0.5555555555555556,0.1111111111111111,0.6666666666666666,22.22222222222222,300.12613675351287
0.5555555555555556,0.1111111111111111,0.7777777777777777,22.22222222222222,300.0190662868334
0.5555555555555556,0.1111111111111111,0.8888888888888888,22.22222222222222,300.00112047670575
0.5555555555555556,0.1111111111111111,1.0,22.22222222222222,300.00002560069635
0.5555555555555556,0.2222222222222222,0.0,22.22222222222222,300.0004356272803
0.5555555555555556,0.2222222222222222,0.1111111111111111,22.22222222222222,300.0190662868334
0.5555555555555556,0.2222222222222222,0.2222222222222222,22.22222222222222,300.32443627943985
0.5555555555555556,0.2222222222222222,0.3333333333333333,22.22222222222222,302.1463717276476
0.5555555555555556,0.2222222222222222,0.4444444444444444,22.22222222222222,305.5206816270399
0.5555555555555556,0.2222222222222222,0.5555555555555556,22.22222222222222,305.5206816270399
0.5555555555555556,0.2222222222222222,0.6666666666666666,22.22222222222222,302.1463717276476
0.5555555555555556,0.2222222222222222,0.7777777777777777,22.22222222222222,300.32443627943985
0.5555555555555556,0.2222222222222222,0.8888888888888888,22.22222222222222,300.0190662868334
0.5555555555555556,0.2222222222222222,1.0,22.22222222222222,300.0004356272803
0.5555555555555556,0.3333333333333333,0.0,22.22222222222222,300.00288197756396
0.5555555555555556,0.3333333333333333,0.1111111111111111,22.22222222222222,300.12613675351287
0.5555555555555556,0.3333333333333333,0.2222222222222222,22.22222222222222,302.1463717276476
0.5555555555555556,0.3333333333333333,0.3333333333333333,22.22222222222222,314.19974239995173
0.5555555555555556,0.3333333333333333,0.4444444444444444,22.22222222222222,336.5231501917094
0.5555555555555556,0.3333333333333333,0.5555555555555556,22.22222222222222,336.5231501917094
0.5555555555555556,0.3333333333333333,0.6666666666666666,22.22222222222222,314.1997423999518
0.5555555555555556,0.3333333333333333,0.7777777777777777,22.22222222222222,302.14637172764765
0.5555555555555556,0.3333333333333333,0.8888888888888888,22.22222222222222,300.12613675351287
0.5555555555555556,0.3333333333333333,1.0,22.22222222222222,300.00288197756396
0.5555555555555556,0.4444444444444444,0.0,22.22222222222222,300.0074127330237
0.5555555555555556,0.4444444444444444,0.1111111111111111,22.22222222222222,300.32443627943985
0.5555555555555556,0.4444444444444444,0.2222222222222222,22.22222222222222,305.5206816270399
0.5555555555555556,0.4444444444444444,0.3333333333333333,22.22222222222222,336.5231501917094
0.5555555555555556,0.4444444444444444,0.4444444444444444,22.22222222222222,393.94117599842474
0.5555555555555556,0.4444444444444444,0.5555555555555556,22.22222222222222,393.94117599842474
0.5555555555555556,0.4444444444444444,0.6666666666666666,22.22222222222222,336.5231501917094
0.5555555555555556,0.4444444444444444,0.7777777777777777,22.22222222222222,305.5206816270399
0.5555555555555556,0.4444444444444444,0.8888888888888888,22.22222222222222,300.32443627943985
0.5555555555555556,0.4444444444444444,1.0,22.22222222222222,300.0074127330237
0.5555555555555556,0.5555555555555556,0.0,22.22222222222222,300.0074127330237
0.5555555555555556,0.5555555555555556,0.1111111111111111,22.22222222222222,300.32443627943985
0.5555555555555556,0.5555555555555556,0.2222222222222222,22.22222222222222,305.5206816270399
0.5555555555555556,0.5555555555555556,0.3333333333333333,22.22222222222222,336.5231501917094
0.5555555555555556,0.5555555555555556,0.4444444444444444,22.22222222222222,393.94117599842474
0.5555555555555556,0.5555555555555556,0.5555555555555556,22.22222222222222,393.94117599842474
0.5555555555555556,0.5555555555555556,0.6666666666666666,22.22222222222222,336.5231501917094
0.5555555555555556,0.5555555555555556,0.7777777777777777,22.22222222222222,305.5206816270399
0.5555555555555556,0.5555555555555556,0.8888888888888888,22.22222222222222,300.32443627943985
0.5555555555555556,0.5555555555555556,1.0,22.22222222222222,300.0074127330237
0.5555555555555556,0.6666666666666666,0.0,22.22222222222222,300.00288197756396
0.5555555555555556,0.6666666666666666,0.1111111111111111,22.22222222222222,300.12613675351287
0.5555555555555556,0.6666666666666666,0.2222222222222222,22.22222222222222,302.1463717276476
0.5555555555555556,0.6666666666666666,0.3333333333333333,22.22222222222222,314.1997423999518
0.5555555555555556,0.6666666666666666,0.4444444444444444,22.22222222222222,336.5231501917094
0.5555555555555556,0.6666666666666666,0.5555555555555556,22.22222222222222,336.5231501917094
0.5555555555555556,0.6666666666666666,0.6666666666666666,22.22222222222222,314.1997423999518
0.5555555555555556,0.6666666666666666,0.7777777777777777,22.22222222222222,302.14637172764765
0.5555555555555556,0.6666666666666666,0.8888888888888888,22.22222222222222,300.12613675351287
0.5555555555555556,0.6666666666666666,1.0,22.22222222222222,300.00288197756396
0.5555555555555556,0.7777777777777777,0.0,22.22222222222222,300.0004356272803
0.5555555555555556,0.7777777777777777,0.1111111111111111,22.22222222222222,300.0190662868334
0.5555555555555556,0.7777777777777777,0.2222222222222222,22.22222222222222,300.32443627943985
0.5555555555555556,0.7777777777777777,0.3333333333333333,22.22222222222222,302.14637172764765
0.5555555555555556,0.7777777777777777,0.4444444444444444,22.22222222222222,305.5206816270399
0.5555555555555556,0.7777777777777777,0.5555555555555556,22.22222222222222,305.5206816270399
0.5555555555555556,0.7777777777777777,0.6666666666666666,22.22222222222222,302.14637172764765
0.5555555555555556,0.7777777777777777,0.7777777777777777,22.22222222222222,300.32443627943985
0.5555555555555556,0.7777777777777777,0.8888888888888888,22.22222222222222,300.0190662868334
0.5555555555555556,0.7777777777777777,1.0,22.22222222222222,300.0004356272803
0.5555555555555556,0.8888888888888888,0.0,22.22222222222222,300.00002560069635
0.5555555555555556,0.8888888888888888,0.1111111111111111,22.22222222222222,300.00112047670575
0.5555555555555556,0.8888888888888888,0.2222222222222222,22.22222222222222,300.0190662868334
0.5555555555555556,0.8888888888888888,0.3333333333333333,22.22222222222222,300.12613675351287
0.5555555555555556,0.8888888888888888,0.4444444444444444,22.22222222222222,300.32443627943985
0.5555555555555556,0.8888888888888888,0.5555555555555556,22.22222222222222,300.32443627943985
0.5555555555555556,0.8888888888888888,0.6666666666666666,22.22222222222222,300.12613675351287
0.5555555555555556,0.8888888888888888,0.7777777777777777,22.22222222222222,300.0190662868334
0.5555555555555556,0.8888888888888888,0.8888888888888888,22.22222222222222,300.00112047670575
0.5555555555555556,0.8888888888888888,1.0,22.22222222222222,300.00002560069635
0.5555555555555556,1.0,0.0,22.22222222222222,300.0000005849257
0.5555555555555556,1.0,0.1111111111111111,22.22222222222222,300.00002560069635
0.5555555555555556,1.0,0.2222222222222222,22.22222222222222,300.0004356272803
0.5555555555555556,1.0,0.3333333333333333,22.22222222222222,300.00288197756396
0.5555555555555556,1.0,0.4444444444444444,22.22222222222222,300.0074127330237
0.5555555555555556,1.0,0.5555555555555556,22.22222222222222,300.0074127330237
0.5555555555555556,1.0,0.6666666666666666,22.22222222222222,300.00288197756396
0.5555555555555556,1.0,0.7777777777777777,22.22222222222222,300.0004356272803
0.5555555555555556,1.0,0.8888888888888888,22.22222222222222,300.00002560069635
0.5555555555555556,1.0,1.0,22.22222222222222,300.0000005849257
0.6666666666666666,0.0,0.0,22.22222222222222,300.00000022741176
0.6666666666666666,0.0,0.1111111111111111,22.22222222222222,300.00000995322944
0.6666666666666666,0.0,0.2222222222222222,22.22222222222222,300.00016936641913
0.6666666666666666,0.0,0.3333333333333333,22.22222222222222,300.00112047670575
0.6666666666666666,0.0,0.4444444444444444,22.22222222222222,300.00288197756396
0.6666666666666666,0.0,0.5555555555555556,22.22222222222222,300.00288197756396
0.6666666666666666,0.0,0.6666666666666666,22.22222222222222,300.00112047670575
0.6666666666666666,0.0,0.7777777777777777,22.22222222222222,300.00016936641913
0.6666666666666666,0.0,0.8888888888888888,22.22222222222222,300.00000995322944
0.6666666666666666,0.0,1.0,22.22222222222222,300.00000022741176
0.6666666666666666,0.1111111111111111,0.0,22.22222222222222,300.00000995322944
0.6666666666666666,0.1111111111111111,0.1111111111111111,22.22222222222222,300.0004356272803
0.6666666666666666,0.1111111111111111,0.2222222222222222,22.22222222222222,300.0074127330237
0.6666666666666666,0.1111111111111111,0.3333333333333333,22.22222222222222,300.0490403866492
0.6666666666666666,0.1111111111111111,0.4444444444444444,22.22222222222222,300.12613675351287
0.6666666666666666,0.1111111111111111,0.5555555555555556,22.22222222222222,300.12613675351287
0.6666666666666666,0.1111111111111111,0.6666666666666666,22.22222222222222,300.0490403866492
0.6666666666666666,0.1111111111111111,0.7777777777777777,22.22222222222222,300.0074127330237
0.6666666666666666,0.1111111111111111,0.8888888888888888,22.22222222222222,300.0004356272803
0.6666666666666666,0.1111111111111111,1.0,22.22222222222222,300.00000995322944
0.6666666666666666,0.2222222222222222,0.0,22.22222222222222,300.00016936641913
0.6666666666666666,0.2222222222222222,0.1111111111111111,22.22222222222222,300.0074127330237
0.6666666666666666,0.2222222222222222,0.2222222222222222,22.22222222222222,300.12613675351287
0.6666666666666666,0.2222222222222222,0.3333333333333333,22.22222222222222,300.834482389037
0.6666666666666666,0.2222222222222222,0.4444444444444444,22.22222222222222,302.1463717276476
0.6666666666666666,0.2222222222222222,0.5555555555555556,22.22222222222222,302.1463717276476
0.6666666666666666,0.2222222222222222,0.6666666666666666,22.22222222222222,300.834482389037
0.6666666666666666,0.2222222222222222,0.7777777777777777,22.22222222222222,300.12613675351287
0.6666666666666666,0.2222222222222222,0.8888888888888888,22.22222222222222,300.0074127330237
0.6666666666666666,0.2222222222222222,1.0,22.22222222222222,300.00016936641913
0.6666666666666666,0.3333333333333333,0.0,22.22222222222222,300.00112047670575
0.6666666666666666,0.3333333333333333,0.1111111111111111,22.22222222222222,300.0490403866492
0.6666666666666666,0.3333333333333333,0.2222222222222222,22.22222222222222,300.834482389037
0.6666666666666666,0.3333333333333333,0.3333333333333333,22.22222222222222,305.5206816270399
0.6666666666666666,0.3333333333333333,0.4444444444444444,22.22222222222222,314.1997423999518
0.6666666666666666,0.3333333333333333,0.5555555555555556,22.22222222222222,314.1997423999518
0.6666666666666666,0.3333333333333333,0.6666666666666666,22.22222222222222,305.5206816270399
0.6666666666666666,0.3333333333333333,0.7777777777777777,22.22222222222222,300.834482389037
0.6666666666666666,0.3333333333333333,0.8888888888888888,22.22222222222222,300.0490403866492
0.6666666666666666,0.3333333333333333,1.0,22.22222222222222,300.00112047670575
0.6666666666666666,0.4444444444444444,0.0,22.22222222222222,300.00288197756396
0.6666666666666666,0.4444444444444444,0.1111111111111111,22.22222222222222,300.12613675351287
0.6666666666666666,0.4444444444444444,0.2222222222222222,22.22222222222222,302.1463717276476
0.6666666666666666,0.4444444444444444,0.3333333333333333,22.22222222222222,314.1997423999518
0.6666666666666666,0.4444444444444444,0.4444444444444444,22.22222222222222,336.5231501917094
0.6666666666666666,0.4444444444444444,0.5555555555555556,22.22222222222222,336.5231501917094
0.6666666666666666,0.4444444444444444,0.6666666666666666,22.22222222222222,314.1997423999518
0.6666666666666666,0.4444444444444444,0.7777777777777777,22.22222222222222,302.14637172764765
0.6666666666666666,0.4444444444444444,0.8888888888888888,22.22222222222222,300.12613675351287
0.6666666666666666,0.4444444444444444,1.0,22.22222222222222,300.00288197756396
0.6666666666666666,0.5555555555555556,0.0,22.22222222222222,300.00288197756396
0.6666666666666666,0.5555555555555556,0.1111111111111111,22.22222222222222,300.12613675351287
0.6666666666666666,0.5555555555555556,0.2222222222222222,22.22222222222222,302.1463717276476
0.6666666666666666,0.5555555555555556,0.3333333333333333,22.22222222222222,314.1997423999518
0.6666666666666666,0.5555555555555556,0.4444444444444444,22.22222222222222,336.5231501917094
0.6666666666666666,0.5555555555555556,0.5555555555555556,22.22222222222222,336.5231501917094
0.6666666666666666,0.5555555555555556,0.6666666666666666,22.22222222222222,314.1997423999518
0.6666666666666666,0.5555555555555556,0.7777777777777777,22.22222222222222,302.14637172764765
0.6666666666666666,0.5555555555555556,0.8888888888888888,22.22222222222222,300.12613675351287
0.6666666666666666,0.5555555555555556,1.0,22.22222222222222,300.00288197756396
0.6666666666666666,0.6666666666666666,0.0,22.22222222222222,300.00112047670575
0.6666666666666666,0.6666666666666666,0.1111111111111111,22.22222222222222,300.0490403866492
0.6666666666666666,0.6666666666666666,0.2222222222222222,22.22222222222222,300.834482389037
0.6666666666666666,0.6666666666666666,0.3333333333333333,22.22222222222222,305.5206816270399
0.6666666666666666,0.6666666666666666,0.4444444444444444,22.22222222222222,314.1997423999518
0.6666666666666666,0.6666666666666666,0.5555555555555556,22.22222222222222,314.1997423999518
0.6666666666666666,0.6666666666666666,0.6666666666666666,22.22222222222222,305.5206816270399
0.6666666666666666,0.6666666666666666,0.7777777777777777,22.22222222222222,300.834482389037
0.6666666666666666,0.6666666666666666,0.8888888888888888,22.22222222222222,300.0490403866492
0.6666666666666666,0.6666666666666666,1.0,22.22222222222222,300.00112047670575
0.6666666666666666,0.7777777777777777,0.0,22.22222222222222,300.00016936641913
0.6666666666666666,0.7777777777777777,0.1111111111111111,22.22222222222222,300.0074127330237
0.6666666666666666,0.7777777777777777,0.2222222222222222,22.22222222222222,300.12613675351287
0.6666666666666666,0.7777777777777777,0.3333333333333333,22.22222222222222,300.834482389037
0.6666666666666666,0.7777777777777777,0.4444444444444444,22.22222222222222,302.14637172764765
0.6666666666666666,0.7777777777777777,0.5555555555555556,22.22222222222222,302.14637172764765
0.6666666666666666,0.7777777777777777,0.6666666666666666,22.22222222222222,300.834482389037
0.6666666666666666,0.7777777777777777,0.7777777777777777,22.22222222222222,300.12613675351287
0.6666666666666666,0.7777777777777777,0.8888888888888888,22.22222222222222,300.0074127330237
0.6666666666666666,0.7777777777777777,1.0,22.22222222222222,300.00016936641913
0.6666666666666666,0.8888888888888888,0.0,22.22222222222222,300.00000995322944
0.6666666666666666,0.8888888888888888,0.1111111111111111,22.22222222222222,300.0004356272803
0.6666666666666666,0.8888888888888888,0.2222222222222222,22.22222222222222,300.0074127330237
0.6666666666666666,0.8888888888888888,0.3333333333333333,22.22222222222222,300.0490403866492
0.6666666666666666,0.8888888888888888,0.4444444444444444,22.22222222222222,300.12613675351287
0.6666666666666666,0.8888888888888888,0.5555555555555556,22.22222222222222,300.12613675351287
0.6666666666666666,0.8888888888888888,0.6666666666666666,22.22222222222222,300.0490403866492
0.6666666666666666,0.8888888888888888,0.7777777777777777,22.22222222222222,300.0074127330237
0.6666666666666666,0.8888888888888888,0.8888888888888888,22.22222222222222,300.0004356272803
0.6666666666666666,0.8888888888888888,1.0,22.22222222222222,300.00000995322944
0.6666666666666666,1.0,0.0,22.22222222222222,300.00000022741176
0.6666666666666666,1.0,0.1111111111111111,22.22222222222222,300.00000995322944
0.6666666666666666,1.0,0.2222222222222222,22.22222222222222,300.00016936641913
0.6666666666666666,1.0,0.3333333333333333,22.22222222222222,300.00112047670575
0.6666666666666666,1.0,0.4444444444444444,22.22222222222222,300.00288197756396
0.6666666666666666,1.0,0.5555555555555556,22.22222222222222,300.00288197756396
0.6666666666666666,1.0,0.6666666666666666,22.22222222222222,300.00112047670575
0.6666666666666666,1.0,0.7777777777777777,22.22222222222222,300.00016936641913
0.6666666666666666,1.0,0.8888888888888888,22.22222222222222,300.00000995322944
0.6666666666666666,1.0,1.0,22.22222222222222,300.00000022741176
0.7777777777777777,0.0,0.0,22.22222222222222,300.0000000343746
0.7777777777777777,0.0,0.1111111111111111,22.22222222222222,300.00000150448716
0.7777777777777777,0.0,0.2222222222222222,22.22222222222222,300.00002560069635
0.7777777777777777,0.0,0.3333333333333333,22.22222222222222,300.00016936641913
0.7777777777777777,0.0,0.4444444444444444,22.22222222222222,300.0004356272803
0.7777777777777777,0.0,0.5555555555555556,22.22222222222222,300.0004356272803
0.7777777777777777,0.0,0.6666666666666666,22.22222222222222,300.00016936641913
0.7777777777777777,0.0,0.7777777777777777,22.22222222222222,300.00002560069635
0.7777777777777777,0.0,0.8888888888888888,22.22222222222222,300.00000150448716
0.7777777777777777,0.0,1.0,22.22222222222222,300.0000000343746
0.7777777777777777,0.1111111111111111,0.0,22.22222222222222,300.00000150448716
0.7777777777777777,0.1111111111111111,0.1111111111111111,22.22222222222222,300.00006584753805
0.7777777777777777,0.1111111111111111,0.2222222222222222,22.22222222222222,300.00112047670575
0.7777777777777777,0.1111111111111111,0.3333333333333333,22.22222222222222,300.0074127330237
0.7777777777777777,0.1111111111111111,0.4444444444444444,22.22222222222222,300.0190662868334
0.7777777777777777,0.1111111111111111,0.5555555555555556,22.22222222222222,300.0190662868334
0.7777777777777777,0.1111111111111111,0.6666666666666666,22.22222222222222,300.0074127330237
0.7777777777777777,0.1111111111111111,0.7777777777777777,22.22222222222222,300.00112047670575
0.7777777777777777,0.1111111111111111,0.8888888888888888,22.22222222222222,300.00006584753805
0.7777777777777777,0.1111111111111111,1.0,22.22222222222222,300.00000150448716
0.7777777777777777,0.2222222222222222,0.0,22.22222222222222,300.00002560069635
0.7777777777777777,0.2222222222222222,0.1111111111111111,22.22222222222222,300.00112047670575
0.7777777777777777,0.2222222222222222,0.2222222222222222,22.22222222222222,300.0190662868334
0.7777777777777777,0.2222222222222222,0.3333333333333333,22.22222222222222,300.12613675351287
0.7777777777777777,0.2222222222222222,0.4444444444444444,22.22222222222222,300.32443627943985
0.7777777777777777,0.2222222222222222,0.5555555555555556,22.22222222222222,300.32443627943985
0.7777777777777777,0.2222222222222222,0.6666666666666666,22.22222222222222,300.12613675351287
0.7777777777777777,0.2222222222222222,0.7777777777777777,22.22222222222222,300.0190662868334
0.7777777777777777,0.2222222222222222,0.8888888888888888,22.22222222222222,300.00112047670575
0.7777777777777777,0.2222222222222222,1.0,22.22222222222222,300.00002560069635
0.7777777777777777,0.3333333333333333,0.0,22.22222222222222,300.00016936641913
0.7777777777777777,0.3333333333333333,0.1111111111111111,22.22222222222222,300.0074127330237
0.7777777777777777,0.3333333333333333,0.2222222222222222,22.22222222222222,300.12613675351287
0.7777777777777777,0.3333333333333333,0.3333333333333333,22.22222222222222,300.834482389037
0.7777777777777777,0.3333333333333333,0.4444444444444444,22.22222222222222,302.14637172764765
0.7777777777777777,0.3333333333333333,0.5555555555555556,22.22222222222222,302.14637172764765
0.7777777777777777,0.3333333333333333,0.6666666666666666,22.22222222222222,300.834482389037
0.7777777777777777,0.3333333333333333,0.7777777777777777,22.22222222222222,300.12613675351287
0.7777777777777777,0.3333333333333333,0.8888888888888888,22.22222222222222,300.0074127330237
0.7777777777777777,0.3333333333333333,1.0,22.22222222222222,300.00016936641913
0.7777777777777777,0.4444444444444444,0.0,22.22222222222222,300.0004356272803
0.7777777777777777,0.4444444444444444,0.1111111111111111,22.22222222222222,300.0190662868334
0.7777777777777777,0.4444444444444444,0.2222222222222222,22.22222222222222,300.32443627943985
0.7777777777777777,0.4444444444444444,0.3333333333333333,22.22222222222222,302.14637172764765
0.7777777777777777,0.4444444444444444,0.4444444444444444,22.22222222222222,305.5206816270399
0.7777777777777777,0.4444444444444444,0.5555555555555556,22.22222222222222,305.5206816270399
0.7777777777777777,0.4444444444444444,0.6666666666666666,22.22222222222222,302.14637172764765
0.7777777777777777,0.4444444444444444,0.7777777777777777,22.22222222222222,300.32443627943985
0.7777777777777777,0.4444444444444444,0.8888888888888888,22.22222222222222,300.0190662868334
0.7777777777777777,0.4444444444444444,1.0,22.22222222222222,300.0004356272803
0.7777777777777777,0.5555555555555556,0.0,22.22222222222222,300.0004356272803
0.7777777777777777,0.5555555555555556,0.1111111111111111,22.22222222222222,300.0190662868334
0.7777777777777777,0.5555555555555556,0.2222222222222222,22.22222222222222,300.32443627943985
0.7777777777777777,0.5555555555555556,0.3333333333333333,22.22222222222222,302.14637172764765
0.7777777777777777,0.5555555555555556,0.4444444444444444,22.22222222222222,305.5206816270399
0.7777777777777777,0.5555555555555556,0.5555555555555556,22.22222222222222,305.5206816270399
0.7777777777777777,0.5555555555555556,0.6666666666666666,22.22222222222222,302.14637172764765
0.7777777777777777,0.5555555555555556,0.7777777777777777,22.22222222222222,300.32443627943985
0.7777777777777777,0.5555555555555556,0.8888888888888888,22.22222222222222,300.0190662868334
0.7777777777777777,0.5555555555555556,1.0,22.22222222222222,300.0004356272803
0.7777777777777777,0.6666666666666666,0.0,22.22222222222222,300.00016936641913
0.7777777777777777,0.6666666666666666,0.1111111111111111,22.22222222222222,300.0074127330237
0.7777777777777777,0.6666666666666666,0.2222222222222222,22.22222222222222,300.12613675351287
0.7777777777777777,0.6666666666666666,0.3333333333333333,22.22222222222222,300.834482389037
0.7777777777777777,0.6666666666666666,0.4444444444444444,22.22222222222222,302.14637172764765
0.7777777777777777,0.6666666666666666,0.5555555555555556,22.22222222222222,302.14637172764765
0.7777777777777777,0.6666666666666666,0.6666666666666666,22.22222222222222,300.834482389037
0.7777777777777777,0.6666666666666666,0.7777777777777777,22.22222222222222,300.12613675351287
0.7777777777777777,0.6666666666666666,0.8888888888888888,22.22222222222222,300.0074127330237
0.7777777777777777,0.6666666666666666,1.0,22.22222222222222,300.00016936641913
0.7777777777777777,0.7777777777777777,0.0,22.22222222222222,300.00002560069635
0.7777777777777777,0.7777777777777777,0.1111111111111111,22.22222222222222,300.00112047670575
0.7777777777777777,0.7777777777777777,0.2222222222222222,22.22222222222222,300.0190662868334
0.7777777777777777,0.7777777777777777,0.3333333333333333,22.22222222222222,300.12613675351287
0.7777777777777777,0.7777777777777777,0.4444444444444444,22.22222222222222,300.32443627943985
0.7777777777777777,0.7777777777777777,0.5555555555555556,22.22222222222222,300.32443627943985
0.7777777777777777,0.7777777777777777,0.6666666666666666,22.22222222222222,300.12613675351287
0.7777777777777777,0.7777777777777777,0.7777777777777777,22.22222222222222,300.0190662868334
0.7777777777777777,0.7777777777777777,0.8888888888888888,22.22222222222222,300.00112047670575
0.7777777777777777,0.7777777777777777,1.0,22.22222222222222,300.00002560069635
0.7777777777777777,0.8888888888888888,0.0,22.22222222222222,300.00000150448716
0.7777777777777777,0.8888888888888888,0.1111111111111111,22.22222222222222,300.00006584753805
0.7777777777777777,0.8888888888888888,0.2222222222222222,22.22222222222222,300.00112047670575
0.7777777777777777,0.8888888888888888,0.3333333333333333,22.22222222222222,300.0074127330237
0.7777777777777777,0.8888888888888888,0.4444444444444444,22.22222222222222,300.0190662868334
0.7777777777777777,0.8888888888888888,0.5555555555555556,22.22222222222222,300.0190662868334
0.7777777777777777,0.8888888888888888,0.6666666666666666,22.22222222222222,300.0074127330237
0.7777777777777777,0.8888888888888888,0.7777777777777777,22.22222222222222,300.00112047670575
0.7777777777777777,0.8888888888888888,0.8888888888888888,22.22222222222222,300.00006584753805
0.7777777777777777,0.8888888888888888,1.0,22.22222222222222,300.00000150448716
0.7777777777777777,1.0,0.0,22.22222222222222,300.0000000343746
0.7777777777777777,1.0,0.1111111111111111,22.22222222222222,300.00000150448716
0.7777777777777777,1.0,0.2222222222222222,22.22222222222222,300.00002560069635
0.7777777777777777,1.0,0.3333333333333333,22.22222222222222,300.00016936641913
0.7777777777777777,1.0,0.4444444444444444,22.22222222222222,300.0004356272803
0.7777777777777777,1.0,0.5555555555555556,22.22222222222222,300.0004356272803
0.7777777777777777,1.0,0.6666666666666666,22.22222222222222,300.00016936641913
0.7777777777777777,1.0,0.7777777777777777,22.22222222222222,300.00002560069635
0.7777777777777777,1.0,0.8888888888888888,22.22222222222222,300.00000150448716
0.7777777777777777,1.0,1.0,22.22222222222222,300.0000000343746
0.8888888888888888,0.0,0.0,22.22222222222222,300.0000000020201
0.8888888888888888,0.0,0.1111111111111111,22.22222222222222,300.0000000884148
0.8888888888888888,0.0,0.2222222222222222,22.22222222222222,300.00000150448716
0.8888888888888888,0.0,0.3333333333333333,22.22222222222222,300.00000995322944
0.8888888888888888,0.0,0.4444444444444444,22.22222222222222,300.00002560069635
0.8888888888888888,0.0,0.5555555555555556,22.22222222222222,300.00002560069635
0.8888888888888888,0.0,0.6666666666666666,22.22222222222222,300.00000995322944
0.8888888888888888,0.0,0.7777777777777777,22.22222222222222,300.00000150448716
0.8888888888888888,0.0,0.8888888888888888,22.22222222222222,300.0000000884148
0.8888888888888888,0.0,1.0,22.22222222222222,300.0000000020201
0.8888888888888888,0.1111111111111111,0.0,22.22222222222222,300.0000000884148
0.8888888888888888,0.1111111111111111,0.1111111111111111,22.22222222222222,300.00000386969066
0.8888888888888888,0.1111111111111111,0.2222222222222222,22.22222222222222,300.00006584753805
0.8888888888888888,0.1111111111111111,0.3333333333333333,22.22222222222222,300.0004356272803
0.8888888888888888,0.1111111111111111,0.4444444444444444,22.22222222222222,300.00112047670575
0.8888888888888888,0.1111111111111111,0.5555555555555556,22.22222222222222,300.00112047670575
0.8888888888888888,0.1111111111111111,0.6666666666666666,22.22222222222222,300.0004356272803
0.8888888888888888,0.1111111111111111,0.7777777777777777,22.22222222222222,300.00006584753805
0.8888888888888888,0.1111111111111111,0.8888888888888888,22.22222222222222,300.00000386969066
0.8888888888888888,0.1111111111111111,1.0,22.22222222222222,300.0000000884148
0.8888888888888888,0.2222222222222222,0.0,22.22222222222222,300.00000150448716
0.8888888888888888,0.2222222222222222,0.1111111111111111,22.22222222222222,300.00006584753805
0.8888888888888888,0.2222222222222222,0.2222222222222222,22.22222222222222,300.00112047670575
0.8888888888888888,0.2222222222222222,0.3333333333333333,22.22222222222222,300.0074127330237
0.8888888888888888,0.2222222222222222,0.4444444444444444,22.22222222222222,300.0190662868334
0.8888888888888888,0.2222222222222222,0.5555555555555556,22.22222222222222,300.0190662868334
0.8888888888888888,0.2222222222222222,0.6666666666666666,22.22222222222222,300.0074127330237
0.8888888888888888,0.2222222222222222,0.7777777777777777,22.22222222222222,300.00112047670575
0.8888888888888888,0.2222222222222222,0.8888888888888888,22.22222222222222,300.00006584753805
0.8888888888888888,0.2222222222222222,1.0,22.22222222222222,300.00000150448716
0.8888888888888888,0.3333333333333333,0.0,22.22222222222222,300.00000995322944
0.8888888888888888,0.3333333333333333,0.1111111111111111,22.22222222222222,300.0004356272803
0.8888888888888888,0.3333333333333333,0.2222222222222222,22.22222222222222,300.0074127330237
0.8888888888888888,0.3333333333333333,0.3333333333333333,22.22222222222222,300.0490403866492
0.8888888888888888,0.3333333333333333,0.4444444444444444,22.22222222222222,300.12613675351287
0.8888888888888888,0.3333333333333333,0.5555555555555556,22.22222222222222,300.12613675351287
0.8888888888888888,0.3333333333333333,0.6666666666666666,22.22222222222222,300.0490403866492
0.8888888888888888,0.3333333333333333,0.7777777777777777,22.22222222222222,300.0074127330237
0.8888888888888888,0.3333333333333333,0.8888888888888888,22.22222222222222,300.0004356272803
0.8888888888888888,0.3333333333333333,1.0,22.22222222222222,300.00000995322944
0.8888888888888888,0.4444444444444444,0.0,22.22222222222222,300.00002560069635
0.8888888888888888,0.4444444444444444,0.1111111111111111,22.22222222222222,300.00112047670575
0.8888888888888888,0.4444444444444444,0.2222222222222222,22.22222222222222,300.0190662868334
0.8888888888888888,0.4444444444444444,0.3333333333333333,22.22222222222222,300.12613675351287
0.8888888888888888,0.4444444444444444,0.4444444444444444,22.22222222222222,300.32443627943985
0.8888888888888888,0.4444444444444444,0.5555555555555556,22.22222222222222,300.32443627943985
0.8888888888888888,0.4444444444444444,0.6666666666666666,22.22222222222222,300.12613675351287
0.8888888888888888,0.4444444444444444,0.7777777777777777,22.22222222222222,300.0190662868334
0.8888888888888888,0.4444444444444444,0.8888888888888888,22.22222222222222,300.00112047670575
0.8888888888888888,0.4444444444444444,1.0,22.22222222222222,300.00002560069635
0.8888888888888888,0.5555555555555556,0.0,22.22222222222222,300.00002560069635
0.8888888888888888,0.5555555555555556,0.1111111111111111,22.22222222222222,300.00112047670575
0.8888888888888888,0.5555555555555556,0.2222222222222222,22.22222222222222,300.0190662868334
0.8888888888888888,0.5555555555555556,0.3333333333333333,22.22222222222222,300.12613675351287
0.8888888888888888,0.5555555555555556,0.4444444444444444,22.22222222222222,300.32443627943985
0.8888888888888888,0.5555555555555556,0.5555555555555556,22.22222222222222,300.32443627943985
0.8888888888888888,0.5555555555555556,0.6666666666666666,22.22222222222222,300.12613675351287
0.8888888888888888,0.5555555555555556,0.7777777777777777,22.22222222222222,300.0190662868334
0.8888888888888888,0.5555555555555556,0.8888888888888888,22.22222222222222,300.00112047670575
0.8888888888888888,0.5555555555555556,1.0,22.22222222222222,300.00002560069635
0.8888888888888888,0.6666666666666666,0.0,22.22222222222222,300.00000995322944
0.8888888888888888,0.6666666666666666,0.1111111111111111,22.22222222222222,300.0004356272803
0.8888888888888888,0.6666666666666666,0.2222222222222222,22.22222222222222,300.0074127330237
0.8888888888888888,0.6666666666666666,0.3333333333333333,22.22222222222222,300.0490403866492
0.8888888888888888,0.6666666666666666,0.4444444444444444,22.22222222222222,300.12613675351287
0.8888888888888888,0.6666666666666666,0.5555555555555556,22.22222222222222,300.12613675351287
0.8888888888888888,0.6666666666666666,0.6666666666666666,22.22222222222222,300.0490403866492
0.8888888888888888,0.6666666666666666,0.7777777777777777,22.22222222222222,300.0074127330237
0.8888888888888888,0.6666666666666666,0.8888888888888888,22.22222222222222,300.0004356272803
0.8888888888888888,0.6666666666666666,1.0,22.22222222222222,300.00000995322944
0.8888888888888888,0.7777777777777777,0.0,22.22222222222222,300.00000150448716
0.8888888888888888,0.7777777777777777,0.1111111111111111,22.22222222222222,300.00006584753805
0.8888888888888888,0.7777777777777777,0.2222222222222222,22.22222222222222,300.00112047670575
0.8888888888888888,0.7777777777777777,0.3333333333333333,22.22222222222222,300.0074127330237
0.8888888888888888,0.7777777777777777,0.4444444444444444,22.22222222222222,300.0190662868334
0.8888888888888888,0.7777777777777777,0.5555555555555556,22.22222222222222,300.0190662868334
0.8888888888888888,0.7777777777777777,0.6666666666666666,22.22222222222222,300.0074127330237
0.8888888888888888,0.7777777777777777,0.7777777777777777,22.22222222222222,300.00112047670575
0.8888888888888888,0.7777777777777777,0.8888888888888888,22.22222222222222,300.00006584753805
0.8888888888888888,0.7777777777777777,1.0,22.22222222222222,300.00000150448716
0.8888888888888888,0.8888888888888888,0.0,22.22222222222222,300.0000000884148
0.8888888888888888,0.8888888888888888,0.1111111111111111,22.22222222222222,300.00000386969066
0.8888888888888888,0.8888888888888888,0.2222222222222222,22.22222222222222,300.00006584753805
0.8888888888888888,0.8888888888888888,0.3333333333333333,22.22222222222222,300.0004356272803
0.8888888888888888,0.8888888888888888,0.4444444444444444,22.22222222222222,300.00112047670575
0.8888888888888888,0.8888888888888888,0.5555555555555556,22.22222222222222,300.00112047670575
0.8888888888888888,0.8888888888888888,0.6666666666666666,22.22222222222222,300.0004356272803
0.8888888888888888,0.8888888888888888,0.7777777777777777,22.22222222222222,300.00006584753805
0.8888888888888888,0.8888888888888888,0.8888888888888888,22.22222222222222,300.00000386969066
0.8888888888888888,0.8888888888888888,1.0,22.22222222222222,300.0000000884148
0.8888888888888888,1.0,0.0,22.22222222222222,300.0000000020201
0.8888888888888888,1.0,0.1111111111111111,22.22222222222222,300.0000000884148
0.8888888888888888,1.0,0.2222222222222222,22.22222222222222,300.00000150448716
0.8888888888888888,1.0,0.3333333333333333,22.22222222222222,300.00000995322944
0.8888888888888888,1.0,0.4444444444444444,22.22222222222222,300.00002560069635
0.8888888888888888,1.0,0.5555555555555556,22.22222222222222,300.00002560069635
0.8888888888888888,1.0,0.6666666666666666,22.22222222222222,300.00000995322944
0.8888888888888888,1.0,0.7777777777777777,22.22222222222222,300.00000150448716
0.8888888888888888,1.0,0.8888888888888888,22.22222222222222,300.0000000884148
0.8888888888888888,1.0,1.0,22.22222222222222,300.0000000020201
1.0,0.0,0.0,22.22222222222222,300.00000000004616
1.0,0.0,0.1111111111111111,22.22222222222222,300.0000000020201
1.0,0.0,0.2222222222222222,22.22222222222222,300.0000000343746
1.0,0.0,0.3333333333333333,22.22222222222222,300.00000022741176
1.0,0.0,0.4444444444444444,22.22222222222222,300.0000005849257
1.0,0.0,0.5555555555555556,22.22222222222222,300.0000005849257
1.0,0.0,0.6666666666666666,22.22222222222222,300.00000022741176
1.0,0.0,0.7777777777777777,22.22222222222222,300.0000000343746
1.0,0.0,0.8888888888888888,22.22222222222222,300.0000000020201
1.0,0.0,1.0,22.22222222222222,300.00000000004616
1.0,0.1111111111111111,0.0,22.22222222222222,300.0000000020201
1.0,0.1111111111111111,0.1111111111111111,22.22222222222222,300.0000000884148
1.0,0.1111111111111111,0.2222222222222222,22.22222222222222,300.00000150448716
1.0,0.1111111111111111,0.3333333333333333,22.22222222222222,300.00000995322944
1.0,0.1111111111111111,0.4444444444444444,22.22222222222222,300.00002560069635
1.0,0.1111111111111111,0.5555555555555556,22.22222222222222,300.00002560069635
1.0,0.1111111111111111,0.6666666666666666,22.22222222222222,300.00000995322944
1.0,0.1111111111111111,0.7777777777777777,22.22222222222222,300.00000150448716
1.0,0.1111111111111111,0.8888888888888888,22.22222222222222,300.0000000884148
1.0,0.1111111111111111,1.0,22.22222222222222,300.0000000020201
1.0,0.2222222222222222,0.0,22.22222222222222,300.0000000343746
1.0,0.2222222222222222,0.1111111111111111,22.22222222222222,300.00000150448716
1.0,0.2222222222222222,0.2222222222222222,22.22222222222222,300.00002560069635
1.0,0.2222222222222222,0.3333333333333333,22.22222222222222,300.00016936641913
1.0,0.2222222222222222,0.4444444444444444,22.22222222222222,300.0004356272803
1.0,0.2222222222222222,0.5555555555555556,22.22222222222222,300.0004356272803
1.0,0.2222222222222222,0.6666666666666666,22.22222222222222,300.00016936641913
1.0,0.2222222222222222,0.7777777777777777,22.22222222222222,300.00002560069635
1.0,0.2222222222222222,0.8888888888888888,22.22222222222222,300.00000150448716
1.0,0.2222222222222222,1.0,22.22222222222222,300.0000000343746
1.0,0.3333333333333333,0.0,22.22222222222222,300.00000022741176
1.0,0.3333333333333333,0.1111111111111111,22.22222222222222,300.00000995322944
1.0,0.3333333333333333,0.2222222222222222,22.22222222222222,300.00016936641913
1.0,0.3333333333333333,0.3333333333333333,22.22222222222222,300.00112047670575
1.0,0.3333333333333333,0.4444444444444444,22.22222222222222,300.00288197756396
1.0,0.3333333333333333,0.5555555555555556,22.22222222222222,300.00288197756396
1.0,0.3333333333333333,0.6666666666666666,22.22222222222222,300.00112047670575
1.0,0.3333333333333333,0.7777777777777777,22.22222222222222,300.00016936641913
1.0,0.3333333333333333,0.8888888888888888,22.22222222222222,300.00000995322944
1.0,0.3333333333333333,1.0,22.22222222222222,300.00000022741176
1.0,0.4444444444444444,0.0,22.22222222222222,300.0000005849257
1.0,0.4444444444444444,0.1111111111111111,22.22222222222222,300.00002560069635
1.0,0.4444444444444444,0.2222222222222222,22.22222222222222,300.0004356272803
1.0,0.4444444444444444,0.3333333333333333,22.22222222222222,300.00288197756396
1.0,0.4444444444444444,0.4444444444444444,22.22222222222222,300.0074127330237
1.0,0.4444444444444444,0.5555555555555556,22.22222222222222,300.0074127330237
1.0,0.4444444444444444,0.6666666666666666,22.22222222222222,300.00288197756396
1.0,0.4444444444444444,0.7777777777777777,22.22222222222222,300.0004356272803
1.0,0.4444444444444444,0.8888888888888888,22.22222222222222,300.00002560069635
1.0,0.4444444444444444,1.0,22.22222222222222,300.0000005849257
1.0,0.5555555555555556,0.0,22.22222222222222,300.0000005849257
1.0,0.5555555555555556,0.1111111111111111,22.22222222222222,300.00002560069635
1.0,0.5555555555555556,0.2222222222222222,22.22222222222222,300.0004356272803
1.0,0.5555555555555556,0.3333333333333333,22.22222222222222,300.00288197756396
1.0,0.5555555555555556,0.4444444444444444,22.22222222222222,300.0074127330237
1.0,0.5555555555555556,0.5555555555555556,22.22222222222222,300.0074127330237
1.0,0.5555555555555556,0.6666666666666666,22.22222222222222,300.00288197756396
1.0,0.5555555555555556,0.7777777777777777,22.22222222222222,300.0004356272803
1.0,0.5555555555555556,0.8888888888888888,22.22222222222222,300.00002560069635
1.0,0.5555555555555556,1.0,22.22222222222222,300.0000005849257
1.0,0.6666666666666666,0.0,22.22222222222222,300.00000022741176
1.0,0.6666666666666666,0.1111111111111111,22.22222222222222,300.00000995322944
1.0,0.6666666666666666,0.2222222222222222,22.22222222222222,300.00016936641913
1.0,0.6666666666666666,0.3333333333333333,22.22222222222222,300.00112047670575
1.0,0.6666666666666666,0.4444444444444444,22.22222222222222,300.00288197756396
1.0,0.6666666666666666,0.5555555555555556,22.22222222222222,300.00288197756396
1.0,0.6666666666666666,0.6666666666666666,22.22222222222222,300.00112047670575
1.0,0.6666666666666666,0.7777777777777777,22.22222222222222,300.00016936641913
1.0,0.6666666666666666,0.8888888888888888,22.22222222222222,300.00000995322944
1.0,0.6666666666666666,1.0,22.22222222222222,300.00000022741176
1.0,0.7777777777777777,0.0,22.22222222222222,300.0000000343746
1.0,0.7777777777777777,0.1111111111111111,22.22222222222222,300.00000150448716
1.0,0.7777777777777777,0.2222222222222222,22.22222222222222,300.00002560069635
1.0,0.7777777777777777,0.3333333333333333,22.22222222222222,300.00016936641913
1.0,0.7777777777777777,0.4444444444444444,22.22222222222222,300.0004356272803
1.0,0.7777777777777777,0.5555555555555556,22.22222222222222,300.0004356272803
1.0,0.7777777777777777,0.6666666666666666,22.22222222222222,300.00016936641913
1.0,0.7777777777777777,0.7777777777777777,22.22222222222222,300.00002560069635
1.0,0.7777777777777777,0.8888888888888888,22.22222222222222,300.00000150448716
1.0,0.7777777777777777,1.0,22.22222222222222,300.0000000343746
1.0,0.8888888888888888,0.0,22.22222222222222,300.0000000020201
1.0,0.8888888888888888,0.1111111111111111,22.22222222222222,300.0000000884148
1.0,0.8888888888888888,0.2222222222222222,22.22222222222222,300.00000150448716
1.0,0.8888888888888888,0.3333333333333333,22.22222222222222,300.00000995322944
1.0,0.8888888888888888,0.4444444444444444,22.22222222222222,300.00002560069635
1.0,0.8888888888888888,0.5555555555555556,22.22222222222222,300.00002560069635
1.0,0.8888888888888888,0.6666666666666666,22.22222222222222,300.00000995322944
1.0,0.8888888888888888,0.7777777777777777,22.22222222222222,300.00000150448716
1.0,0.8888888888888888,0.8888888888888888,22.22222222222222,300.0000000884148
1.0,0.8888888888888888,1.0,22.22222222222222,300.0000000020201
1.0,1.0,0.0,22.22222222222222,300.00000000004616
1.0,1.0,0.1111111111111111,22.22222222222222,300.0000000020201
1.0,1.0,0.2222222222222222,22.22222222222222,300.0000000343746
1.0,1.0,0.3333333333333333,22.22222222222222,300.00000022741176
1.0,1.0,0.4444444444444444,22.22222222222222,300.0000005849257
1.0,1.0,0.5555555555555556,22.22222222222222,300.0000005849257
1.0,1.0,0.6666666666666666,22.22222222222222,300.00000022741176
1.0,1.0,0.7777777777777777,22.22222222222222,300.0000000343746
1.0,1.0,0.8888888888888888,22.22222222222222,300.0000000020201
1.0,1.0,1.0,22.22222222222222,300.00000000004616
0.0,0.0,0.0,33.33333333333333,300.0000000007965
0.0,0.0,0.1111111111111111,33.33333333333333,300.0000000234373
0.0,0.0,0.2222222222222222,33.33333333333333,300.0000002961158
0.0,0.0,0.3333333333333333,33.33333333333333,300.00000160631714
0.0,0.0,0.4444444444444444,33.33333333333333,300.0000037412453
0.0,0.0,0.5555555555555556,33.33333333333333,300.0000037412453
0.0,0.0,0.6666666666666666,33.33333333333333,300.00000160631714
0.0,0.0,0.7777777777777777,33.33333333333333,300.0000002961158
0.0,0.0,0.8888888888888888,33.33333333333333,300.0000000234373
0.0,0.0,1.0,33.33333333333333,300.0000000007965
0.0,0.1111111111111111,0.0,33.33333333333333,300.0000000234373
0.0,0.1111111111111111,0.1111111111111111,33.33333333333333,300.0000006896781
0.0,0.1111111111111111,0.2222222222222222,33.33333333333333,300.0000087136692
0.0,0.1111111111111111,0.3333333333333333,33.33333333333333,300.0000472683936
0.0,0.1111111111111111,0.4444444444444444,33.33333333333333,300.000110091992
0.0,0.1111111111111111,0.5555555555555556,33.33333333333333,300.000110091992
0.0,0.1111111111111111,0.6666666666666666,33.33333333333333,300.0000472683936
0.0,0.1111111111111111,0.7777777777777777,33.33333333333333,300.0000087136692
0.0,0.1111111111111111,0.8888888888888888,33.33333333333333,300.0000006896781
0.0,0.1111111111111111,1.0,33.33333333333333,300.0000000234373
0.0,0.2222222222222222,0.0,33.33333333333333,300.0000002961158
0.0,0.2222222222222222,0.1111111111111111,33.33333333333333,300.0000087136692
0.0,0.2222222222222222,0.2222222222222222,33.33333333333333,300.000110091992
0.0,0.2222222222222222,0.3333333333333333,33.33333333333333,300.0005972078446
0.0,0.2222222222222222,0.4444444444444444,33.33333333333333,300.0013909463867
0.0,0.2222222222222222,0.5555555555555556,33.33333333333333,300.0013909463867
0.0,0.2222222222222222,0.6666666666666666,33.33333333333333,300.0005972078446
0.0,0.2222222222222222,0.7777777777777777,33.33333333333333,300.000110091992
0.0,0.2222222222222222,0.8888888888888888,33.33333333333333,300.0000087136692
0.0,0.2222222222222222,1.0,33.33333333333333,300.0000002961158
0.0,0.3333333333333333,0.0,33.33333333333333,300.00000160631714
0.0,0.3333333333333333,0.1111111111111111,33.33333333333333,300.0000472683936
0.0,0.3333333333333333,0.2222222222222222,33.33333333333333,300.0005972078446
0.0,0.3333333333333333,0.3333333333333333,33.33333333333333,300.0032396289974
0.0,0.3333333333333333,0.4444444444444444,33.33333333333333,300.0075453634597
0.0,0.3333333333333333,0.5555555555555556,33.33333333333333,300.0075453634597
0.0,0.3333333333333333,0.6666666666666666,33.33333333333333,300.0032396289974
0.0,0.3333333333333333,0.7777777777777777,33.33333333333333,300.0005972078446
0.0,0.3333333333333333,0.8888888888888888,33.33333333333333,300.0000472683936
0.0,0.3333333333333333,1.0,33.33333333333333,300.00000160631714
0.0,0.4444444444444444,0.0,33.33333333333333,300.0000037412453
0.0,0.4444444444444444,0.1111111111111111,33.33333333333333,300.000110091992
0.0,0.4444444444444444,0.2222222222222222,33.33333333333333,300.0013909463867
0.0,0.4444444444444444,0.3333333333333333,33.33333333333333,300.0075453634597
0.0,0.4444444444444444,0.4444444444444444,33.33333333333333,300.0175737745849
0.0,0.4444444444444444,0.5555555555555556,33.33333333333333,300.0175737745849
0.0,0.4444444444444444,0.6666666666666666,33.33333333333333,300.0075453634597
0.0,0.4444444444444444,0.7777777777777777,33.33333333333333,300.0013909463867
0.0,0.4444444444444444,0.8888888888888888,33.33333333333333,300.000110091992
0.0,0.4444444444444444,1.0,33.33333333333333,300.0000037412453
0.0,0.5555555555555556,0.0,33.33333333333333,300.0000037412453
0.0,0.5555555555555556,0.1111111111111111,33.33333333333333,300.000110091992
0.0,0.5555555555555556,0.2222222222222222,33.33333333333333,300.0013909463867
0.0,0.5555555555555556,0.3333333333333333,33.33333333333333,300.0075453634597
0.0,0.5555555555555556,0.4444444444444444,33.33333333333333,300.0175737745849
0.0,0.5555555555555556,0.5555555555555556,33.33333333333333,300.0175737745849
0.0,0.5555555555555556,0.6666666666666666,33.33333333333333,300.0075453634597
0.0,0.5555555555555556,0.7777777777777777,33.33333333333333,300.0013909463867
0.0,0.5555555555555556,0.8888888888888888,33.33333333333333,300.000110091992
0.0,0.5555555555555556,1.0,33.33333333333333,300.0000037412453
0.0,0.6666666666666666,0.0,33.33333333333333,300.00000160631714
0.0,0.6666666666666666,0.1111111111111111,33.33333333333333,300.0000472683936
0.0,0.6666666666666666,0.2222222222222222,33.33333333333333,300.0005972078446
0.0,0.6666666666666666,0.3333333333333333,33.33333333333333,300.0032396289974
0.0,0.6666666666666666,0.4444444444444444,33.33333333333333,300.0075453634597
0.0,0.6666666666666666,0.5555555555555556,33.33333333333333,300.0075453634597
0.0,0.6666666666666666,0.6666666666666666,33.33333333333333,300.0032396289974
0.0,0.6666666666666666,0.7777777777777777,33.33333333333333,300.0005972078446
0.0,0.6666666666666666,0.8888888888888888,33.33333333333333,300.0000472683936
0.0,0.6666666666666666,1.0,33.33333333333333,300.00000160631714
0.0,0.7777777777777777,0.0,33.33333333333333,300.0000002961158
0.0,0.7777777777777777,0.1111111111111111,33.33333333333333,300.0000087136692
0.0,0.7777777777777777,0.2222222222222222,33.33333333333333,300.000110091992
0.0,0.7777777777777777,0.3333333333333333,33.33333333333333,300.0005972078446
0.0,0.7777777777777777,0.4444444444444444,33.33333333333333,300.0013909463867
0.0,0.7777777777777777,0.5555555555555556,33.33333333333333,300.0013909463867
0.0,0.7777777777777777,0.6666666666666666,33.33333333333333,300.0005972078446
0.0,0.7777777777777777,0.7777777777777777,33.33333333333333,300.000110091992
0.0,0.7777777777777777,0.8888888888888888,33.33333333333333,300.0000087136692
0.0,0.7777777777777777,1.0,33.33333333333333,300.0000002961158
0.0,0.8888888888888888,0.0,33.33333333333333,300.0000000234373
0.0,0.8888888888888888,0.1111111111111111,33.33333333333333,300.0000006896781
0.0,0.8888888888888888,0.2222222222222222,33.33333333333333,300.0000087136692
0.0,0.8888888888888888,0.3333333333333333,33.33333333333333,300.0000472683936
0.0,0.8888888888888888,0.4444444444444444,33.33333333333333,300.000110091992
0.0,0.8888888888888888,0.5555555555555556,33.33333333333333,300.000110091992
0.0,0.8888888888888888,0.6666666666666666,33.33333333333333,300.0000472683936
0.0,0.8888888888888888,0.7777777777777777,33.33333333333333,300.0000087136692
0.0,0.8888888888888888,0.8888888888888888,33.33333333333333,300.0000006896781
0.0,0.8888888888888888,1.0,33.33333333333333,300.0000000234373
0.0,1.0,0.0,33.33333333333333,300.0000000007965
0.0,1.0,0.1111111111111111,33.33333333333333,300.0000000234373
0.0,1.0,0.2222222222222222,33.33333333333333,300.0000002961158
0.0,1.0,0.3333333333333333,33.33333333333333,300.00000160631714
0.0,1.0,0.4444444444444444,33.33333333333333,300.0000037412453
0.0,1.0,0.5555555555555556,33.33333333333333,300.0000037412453
0.0,1.0,0.6666666666666666,33.33333333333333,300.00000160631714
0.0,1.0,0.7777777777777777,33.33333333333333,300.0000002961158
0.0,1.0,0.8888888888888888,33.33333333333333,300.0000000234373
0.0,1.0,1.0,33.33333333333333,300.0000000007965
0.1111111111111111,0.0,0.0,33.33333333333333,300.0000000234373
0.1111111111111111,0.0,0.1111111111111111,33.33333333333333,300.0000006896781
0.1111111111111111,0.0,0.2222222222222222,33.33333333333333,300.0000087136692
0.1111111111111111,0.0,0.3333333333333333,33.33333333333333,300.0000472683936
0.1111111111111111,0.0,0.4444444444444444,33.33333333333333,300.000110091992
0.1111111111111111,0.0,0.5555555555555556,33.33333333333333,300.000110091992
0.1111111111111111,0.0,0.6666666666666666,33.33333333333333,300.0000472683936
0.1111111111111111,0.0,0.7777777777777777,33.33333333333333,300.0000087136692
0.1111111111111111,0.0,0.8888888888888888,33.33333333333333,300.0000006896781
0.1111111111111111,0.0,1.0,33.33333333333333,300.0000000234373
0.1111111111111111,0.1111111111111111,0.0,33.33333333333333,300.0000006896781
0.1111111111111111,0.1111111111111111,0.1111111111111111,33.33333333333333,300.0000202948552
0.1111111111111111,0.1111111111111111,0.2222222222222222,33.33333333333333,300.0002564133406
0.1111111111111111,0.1111111111111111,0.3333333333333333,33.33333333333333,300.0013909463867
0.1111111111111111,0.1111111111111111,0.4444444444444444,33.33333333333333,300.0032396289974
0.1111111111111111,0.1111111111111111,0.5555555555555556,33.33333333333333,300.0032396289974
0.1111111111111111,0.1111111111111111,0.6666666666666666,33.33333333333333,300.0013909463867
0.1111111111111111,0.1111111111111111,0.7777777777777777,33.33333333333333,300.0002564133406
0.1111111111111111,0.1111111111111111,0.8888888888888888,33.33333333333333,300.0000202948552
0.1111111111111111,0.1111111111111111,1.0,33.33333333333333,300.0000006896781
0.1111111111111111,0.2222222222222222,0.0,33.33333333333333,300.0000087136692
0.1111111111111111,0.2222222222222222,0.1111111111111111,33.33333333333333,300.0002564133406
0.1111111111111111,0.2222222222222222,0.2222222222222222,33.33333333333333,300.0032396289974
0.1111111111111111,0.2222222222222222,0.3333333333333333,33.33333333333333,300.0175737745849
0.1111111111111111,0.2222222222222222,0.4444444444444444,33.33333333333333,300.0409307722298
0.1111111111111111,0.2222222222222222,0.5555555555555556,33.33333333333333,300.0409307722298
0.1111111111111111,0.2222222222222222,0.6666666666666666,33.33333333333333,300.0175737745849
0.1111111111111111,0.2222222222222222,0.7777777777777777,33.33333333333333,300.0032396289974
0.1111111111111111,0.2222222222222222,0.8888888888888888,33.33333333333333,300.0002564133406
0.1111111111111111,0.2222222222222222,1.0,33.33333333333333,300.0000087136692
0.1111111111111111,0.3333333333333333,0.0,33.33333333333333,300.0000472683936
0.1111111111111111,0.3333333333333333,0.1111111111111111,33.33333333333333,300.0013909463867
0.1111111111111111,0.3333333333333333,0.2222222222222222,33.33333333333333,300.0175737745849
0.1111111111111111,0.3333333333333333,0.3333333333333333,33.33333333333333,300.0953311485381
0.1111111111111111,0.3333333333333333,0.4444444444444444,33.33333333333333,300.2220341172789
0.1111111111111111,0.3333333333333333,0.5555555555555556,33.33333333333333,300.2220341172789
0.1111111111111111,0.3333333333333333,0.6666666666666666,33.33333333333333,300.0953311485381
0.1111111111111111,0.3333333333333333,0.7777777777777777,33.33333333333333,300.0175737745849
0.1111111111111111,0.3333333333333333,0.8888888888888888,33.33333333333333,300.0013909463867
0.1111111111111111,0.3333333333333333,1.0,33.33333333333333,300.0000472683936
0.1111111111111111,0.4444444444444444,0.0,33.33333333333333,300.000110091992
0.1111111111111111,0.4444444444444444,0.1111111111111111,33.33333333333333,300.0032396289974
0.1111111111111111,0.4444444444444444,0.2222222222222222,33.33333333333333,300.0409307722298
0.1111111111111111,0.4444444444444444,0.3333333333333333,33.33333333333333,300.2220341172789
0.1111111111111111,0.4444444444444444,0.4444444444444444,33.33333333333333,300.51713579445794
0.1111111111111111,0.4444444444444444,0.5555555555555556,33.33333333333333,300.51713579445794
0.1111111111111111,0.4444444444444444,0.6666666666666666,33.33333333333333,300.2220341172789
0.1111111111111111,0.4444444444444444,0.7777777777777777,33.33333333333333,300.0409307722298
0.1111111111111111,0.4444444444444444,0.8888888888888888,33.33333333333333,300.0032396289974
0.1111111111111111,0.4444444444444444,1.0,33.33333333333333,300.000110091992
0.1111111111111111,0.5555555555555556,0.0,33.33333333333333,300.000110091992
0.1111111111111111,0.5555555555555556,0.1111111111111111,33.33333333333333,300.0032396289974
0.1111111111111111,0.5555555555555556,0.2222222222222222,33.33333333333333,300.0409307722298
0.1111111111111111,0.5555555555555556,0.3333333333333333,33.33333333333333,300.2220341172789
0.1111111111111111,0.5555555555555556,0.4444444444444444,33.33333333333333,300.51713579445794
0.1111111111111111,0.5555555555555556,0.5555555555555556,33.33333333333333,300.51713579445794
0.1111111111111111,0.5555555555555556,0.6666666666666666,33.33333333333333,300.2220341172789
0.1111111111111111,0.5555555555555556,0.7777777777777777,33.33333333333333,300.0409307722298
0.1111111111111111,0.5555555555555556,0.8888888888888888,33.33333333333333,300.0032396289974
0.1111111111111111,0.5555555555555556,1.0,33.33333333333333,300.000110091992
0.1111111111111111,0.6666666666666666,0.0,33.33333333333333,300.0000472683936
0.1111111111111111,0.6666666666666666,0.1111111111111111,33.33333333333333,300.0013909463867
0.1111111111111111,0.6666666666666666,0.2222222222222222,33.33333333333333,300.0175737745849
0.1111111111111111,0.6666666666666666,0.3333333333333333,33.33333333333333,300.0953311485381
0.1111111111111111,0.6666666666666666,0.4444444444444444,33.33333333333333,300.2220341172789
0.1111111111111111,0.6666666666666666,0.5555555555555556,33.33333333333333,300.2220341172789
0.1111111111111111,0.6666666666666666,0.6666666666666666,33.33333333333333,300.0953311485381
0.1111111111111111,0.6666666666666666,0.7777777777777777,33.33333333333333,300.0175737745849
0.1111111111111111,0.6666666666666666,0.8888888888888888,33.33333333333333,300.0013909463867
0.1111111111111111,0.6666666666666666,1.0,33.33333333333333,300.0000472683936
0.1111111111111111,0.7777777777777777,0.0,33.33333333333333,300.0000087136692
0.1111111111111111,0.7777777777777777,0.1111111111111111,33.33333333333333,300.0002564133406
0.1111111111111111,0.7777777777777777,0.2222222222222222,33.33333333333333,300.0032396289974
0.1111111111111111,0.7777777777777777,0.3333333333333333,33.33333333333333,300.0175737745849
0.1111111111111111,0.7777777777777777,0.4444444444444444,33.33333333333333,300.0409307722298
0.1111111111111111,0.7777777777777777,0.5555555555555556,33.33333333333333,300.0409307722298
0.1111111111111111,0.7777777777777777,0.6666666666666666,33.33333333333333,300.0175737745849
0.1111111111111111,0.7777777777777777,0.7777777777777777,33.33333333333333,300.0032396289974
0.1111111111111111,0.7777777777777777,0.8888888888888888,33.33333333333333,300.0002564133406
0.1111111111111111,0.7777777777777777,1.0,33.33333333333333,300.0000087136692
0.1111111111111111,0.8888888888888888,0.0,33.33333333333333,300.0000006896781
0.1111111111111111,0.8888888888888888,0.1111111111111111,33.33333333333333,300.0000202948552
0.1111111111111111,0.8888888888888888,0.2222222222222222,33.33333333333333,300.0002564133406
0.1111111111111111,0.8888888888888888,0.3333333333333333,33.33333333333333,300.0013909463867
0.1111111111111111,0.8888888888888888,0.4444444444444444,33.33333333333333,300.0032396289974
0.1111111111111111,0.8888888888888888,0.5555555555555556,33.33333333333333,300.0032396289974
0.1111111111111111,0.8888888888888888,0.6666666666666666,33.33333333333333,300.0013909463867
0.1111111111111111,0.8888888888888888,0.7777777777777777,33.33333333333333,300.0002564133406
0.1111111111111111,0.8888888888888888,0.8888888888888888,33.33333333333333,300.0000202948552
0.1111111111111111,0.8888888888888888,1.0,33.33333333333333,300.0000006896781
0.1111111111111111,1.0,0.0,33.33333333333333,300.0000000234373
0.1111111111111111,1.0,0.1111111111111111,33.33333333333333,300.0000006896781
0.1111111111111111,1.0,0.2222222222222222,33.33333333333333,300.0000087136692
0.1111111111111111,1.0,0.3333333333333333,33.33333333333333,300.0000472683936
0.1111111111111111,1.0,0.4444444444444444,33.33333333333333,300.000110091992
0.1111111111111111,1.0,0.5555555555555556,33.33333333333333,300.000110091992
0.1111111111111111,1.0,0.6666666666666666,33.33333333333333,300.0000472683936
0.1111111111111111,1.0,0.7777777777777777,33.33333333333333,300.0000087136692
0.1111111111111111,1.0,0.8888888888888888,33.33333333333333,300.0000006896781
0.1111111111111111,1.0,1.0,33.33333333333333,300.0000000234373
0.2222222222222222,0.0,0.0,33.33333333333333,300.0000002961158
0.2222222222222222,0.0,0.1111111111111111,33.33333333333333,300.0000087136692
0.2222222222222222,0.0,0.2222222222222222,33.33333333333333,300.000110091992
0.2222222222222222,0.0,0.3333333333333333,33.33333333333333,300.0005972078446
0.2222222222222222,0.0,0.4444444444444444,33.33333333333333,300.0013909463867
0.2222222222222222,0.0,0.5555555555555556,33.33333333333333,300.0013909463867
0.2222222222222222,0.0,0.6666666666666666,33.33333333333333,300.0005972078446
0.2222222222222222,0.0,0.7777777777777777,33.33333333333333,300.000110091992
0.2222222222222222,0.0,0.8888888888888888,33.33333333333333,300.0000087136692
0.2222222222222222,0.0,1.0,33.33333333333333,300.0000002961158
0.2222222222222222,0.1111111111111111,0.0,33.33333333333333,300.0000087136692
0.2222222222222222,0.1111111111111111,0.1111111111111111,33.33333333333333,300.0002564133406
0.2222222222222222,0.1111111111111111,0.2222222222222222,33.33333333333333,300.0032396289974
0.2222222222222222,0.1111111111111111,0.3333333333333333,33.33333333333333,300.0175737745849
0.2222222222222222,0.1111111111111111,0.4444444444444444,33.33333333333333,300.0409307722298
0.2222222222222222,0.1111111111111111,0.5555555555555556,33.33333333333333,300.0409307722298
0.2222222222222222,0.1111111111111111,0.6666666666666666,33.33333333333333,300.0175737745849
0.2222222222222222,0.1111111111111111,0.7777777777777777,33.33333333333333,300.0032396289974
0.2222222222222222,0.1111111111111111,0.8888888888888888,33.33333333333333,300.0002564133406
0.2222222222222222,0.1111111111111111,1.0,33.33333333333333,300.0000087136692
0.2222222222222222,0.2222222222222222,0.0,33.33333333333333,300.000110091992
0.2222222222222222,0.2222222222222222,0.1111111111111111,33.33333333333333,300.0032396289974
0.2222222222222222,0.2222222222222222,0.2222222222222222,33.33333333333333,300.0409307722298
0.2222222222222222,0.2222222222222222,0.3333333333333333,33.33333333333333,300.2220341172789
0.2222222222222222,0.2222222222222222,0.4444444444444444,33.33333333333333,300.51713579445794
0.2222222222222222,0.2222222222222222,0.5555555555555556,33.33333333333333,300.51713579445794
0.2222222222222222,0.2222222222222222,0.6666666666666666,33.33333333333333,300.2220341172789
0.2222222222222222,0.2222222222222222,0.7777777777777777,33.33333333333333,300.0409307722298
0.2222222222222222,0.2222222222222222,0.8888888888888888,33.33333333333333,300.0032396289974
0.2222222222222222,0.2222222222222222,1.0,33.33333333333333,300.000110091992
0.2222222222222222,0.3333333333333333,0.0,33.33333333333333,300.0005972078446
0.2222222222222222,0.3333333333333333,0.1111111111111111,33.33333333333333,300.0175737745849
0.2222222222222222,0.3333333333333333,0.2222222222222222,33.33333333333333,300.2220341172789
0.2222222222222222,0.3333333333333333,0.3333333333333333,33.33333333333333,301.20445196975595
0.2222222222222222,0.3333333333333333,0.4444444444444444,33.33333333333333,302.80526809978363
0.2222222222222222,0.3333333333333333,0.5555555555555556,33.33333333333333,302.80526809978363
0.2222222222222222,0.3333333333333333,0.6666666666666666,33.33333333333333,301.204451969756
0.2222222222222222,0.3333333333333333,0.7777777777777777,33.33333333333333,300.2220341172789
0.2222222222222222,0.3333333333333333,0.8888888888888888,33.33333333333333,300.0175737745849
0.2222222222222222,0.3333333333333333,1.0,33.33333333333333,300.0005972078446
0.2222222222222222,0.4444444444444444,0.0,33.33333333333333,300.0013909463867
0.2222222222222222,0.4444444444444444,0.1111111111111111,33.33333333333333,300.0409307722298
0.2222222222222222,0.4444444444444444,0.2222222222222222,33.33333333333333,300.51713579445794
0.2222222222222222,0.4444444444444444,0.3333333333333333,33.33333333333333,302.80526809978363
0.2222222222222222,0.4444444444444444,0.4444444444444444,33.33333333333333,306.5337010601245
0.2222222222222222,0.4444444444444444,0.5555555555555556,33.33333333333333,306.5337010601245
0.2222222222222222,0.4444444444444444,0.6666666666666666,33.33333333333333,302.80526809978363
0.2222222222222222,0.4444444444444444,0.7777777777777777,33.33333333333333,300.51713579445794
0.2222222222222222,0.4444444444444444,0.8888888888888888,33.33333333333333,300.0409307722298
0.2222222222222222,0.4444444444444444,1.0,33.33333333333333,300.0013909463867
0.2222222222222222,0.5555555555555556,0.0,33.33333333333333,300.0013909463867
0.2222222222222222,0.5555555555555556,0.1111111111111111,33.33333333333333,300.0409307722298
0.2222222222222222,0.5555555555555556,0.2222222222222222,33.33333333333333,300.51713579445794
0.2222222222222222,0.5555555555555556,0.3333333333333333,33.33333333333333,302.80526809978363
0.2222222222222222,0.5555555555555556,0.4444444444444444,33.33333333333333,306.5337010601245
0.2222222222222222,0.5555555555555556,0.5555555555555556,33.33333333333333,306.5337010601245
0.2222222222222222,0.5555555555555556,0.6666666666666666,33.33333333333333,302.80526809978363
0.2222222222222222,0.5555555555555556,0.7777777777777777,33.33333333333333,300.51713579445794
0.2222222222222222,0.5555555555555556,0.8888888888888888,33.33333333333333,300.0409307722298
0.2222222222222222,0.5555555555555556,1.0,33.33333333333333,300.0013909463867
0.2222222222222222,0.6666666666666666,0.0,33.33333333333333,300.0005972078446
0.2222222222222222,0.6666666666666666,0.1111111111111111,33.33333333333333,300.0175737745849
0.2222222222222222,0.6666666666666666,0.2222222222222222,33.33333333333333,300.2220341172789
0.2222222222222222,0.6666666666666666,0.3333333333333333,33.33333333333333,301.204451969756
0.2222222222222222,0.6666666666666666,0.4444444444444444,33.33333333333333,302.80526809978363
0.2222222222222222,0.6666666666666666,0.5555555555555556,33.33333333333333,302.80526809978363
0.2222222222222222,0.6666666666666666,0.6666666666666666,33.33333333333333,301.204451969756
0.2222222222222222,0.6666666666666666,0.7777777777777777,33.33333333333333,300.2220341172789
0.2222222222222222,0.6666666666666666,0.8888888888888888,33.33333333333333,300.0175737745849
0.2222222222222222,0.6666666666666666,1.0,33.33333333333333,300.0005972078446
0.2222222222222222,0.7777777777777777,0.0,33.33333333333333,300.000110091992
0.2222222222222222,0.7777777777777777,0.1111111111111111,33.33333333333333,300.0032396289974
0.2222222222222222,0.7777777777777777,0.2222222222222222,33.33333333333333,300.0409307722298
0.2222222222222222,0.7777777777777777,0.3333333333333333,33.33333333333333,300.2220341172789
0.2222222222222222,0.7777777777777777,0.4444444444444444,33.33333333333333,300.51713579445794
0.2222222222222222,0.7777777777777777,0.5555555555555556,33.33333333333333,300.51713579445794
0.2222222222222222,0.7777777777777777,0.6666666666666666,33.33333333333333,300.2220341172789
0.2222222222222222,0.7777777777777777,0.7777777777777777,33.33333333333333,300.0409307722298
0.2222222222222222,0.7777777777777777,0.8888888888888888,33.33333333333333,300.0032396289974
0.2222222222222222,0.7777777777777777,1.0,33.33333333333333,300.000110091992
0.2222222222222222,0.8888888888888888,0.0,33.33333333333333,300.0000087136692
0.2222222222222222,0.8888888888888888,0.1111111111111111,33.33333333333333,300.0002564133406
0.2222222222222222,0.8888888888888888,0.2222222222222222,33.33333333333333,300.0032396289974
0.2222222222222222,0.8888888888888888,0.3333333333333333,33.33333333333333,300.0175737745849
0.2222222222222222,0.8888888888888888,0.4444444444444444,33.33333333333333,300.0409307722298
0.2222222222222222,0.8888888888888888,0.5555555555555556,33.33333333333333,300.0409307722298
0.2222222222222222,0.8888888888888888,0.6666666666666666,33.33333333333333,300.0175737745849
0.2222222222222222,0.8888888888888888,0.7777777777777777,33.33333333333333,300.0032396289974
0.2222222222222222,0.8888888888888888,0.8888888888888888,33.33333333333333,300.0002564133406
0.2222222222222222,0.8888888888888888,1.0,33.33333333333333,300.0000087136692
0.2222222222222222,1.0,0.0,33.33333333333333,300.0000002961158
0.2222222222222222,1.0,0.1111111111111111,33.33333333333333,300.0000087136692
0.2222222222222222,1.0,0.2222222222222222,33.33333333333333,300.000110091992
0.2222222222222222,1.0,0.3333333333333333,33.33333333333333,300.0005972078446
0.2222222222222222,1.0,0.4444444444444444,33.33333333333333,300.0013909463867
0.2222222222222222,1.0,0.5555555555555556,33.33333333333333,300.0013909463867
0.2222222222222222,1.0,0.6666666666666666,33.33333333333333,300.0005972078446
0.2222222222222222,1.0,0.7777777777777777,33.33333333333333,300.000110091992
0.2222222222222222,1.0,0.8888888888888888,33.33333333333333,300.0000087136692
0.2222222222222222,1.0,1.0,33.33333333333333,300.0000002961158
0.3333333333333333,0.0,0.0,33.33333333333333,300.00000160631714
0.3333333333333333,0.0,0.1111111111111111,33.33333333333333,300.0000472683936
0.3333333333333333,0.0,0.2222222222222222,33.33333333333333,300.0005972078446
0.3333333333333333,0.0,0.3333333333333333,33.33333333333333,300.0032396289974
0.3333333333333333,0.0,0.4444444444444444,33.33333333333333,300.0075453634597
0.3333333333333333,0.0,0.5555555555555556,33.33333333333333,300.0075453634597
0.3333333333333333,0.0,0.6666666666666666,33.33333333333333,300.0032396289974
0.3333333333333333,0.0,0.7777777777777777,33.33333333333333,300.0005972078446
0.3333333333333333,0.0,0.8888888888888888,33.33333333333333,300.0000472683936
0.3333333333333333,0.0,1.0,33.33333333333333,300.00000160631714
0.3333333333333333,0.1111111111111111,0.0,33.33333333333333,300.0000472683936
0.3333333333333333,0.1111111111111111,0.1111111111111111,33.33333333333333,300.0013909463867
0.3333333333333333,0.1111111111111111,0.2222222222222222,33.33333333333333,300.0175737745849
0.3333333333333333,0.1111111111111111,0.3333333333333333,33.33333333333333,300.0953311485381
0.3333333333333333,0.1111111111111111,0.4444444444444444,33.33333333333333,300.2220341172789
0.3333333333333333,0.1111111111111111,0.5555555555555556,33.33333333333333,300.2220341172789
0.3333333333333333,0.1111111111111111,0.6666666666666666,33.33333333333333,300.0953311485381
0.3333333333333333,0.1111111111111111,0.7777777777777777,33.33333333333333,300.0175737745849
0.3333333333333333,0.1111111111111111,0.8888888888888888,33.33333333333333,300.0013909463867
0.3333333333333333,0.1111111111111111,1.0,33.33333333333333,300.0000472683936
0.3333333333333333,0.2222222222222222,0.0,33.33333333333333,300.0005972078446
0.3333333333333333,0.2222222222222222,0.1111111111111111,33.33333333333333,300.0175737745849
0.3333333333333333,0.2222222222222222,0.2222222222222222,33.33333333333333,300.2220341172789
0.3333333333333333,0.2222222222222222,0.3333333333333333,33.33333333333333,301.20445196975595
0.3333333333333333,0.2222222222222222,0.4444444444444444,33.33333333333333,302.80526809978363
0.3333333333333333,0.2222222222222222,0.5555555555555556,33.33333333333333,302.80526809978363
0.3333333333333333,0.2222222222222222,0.6666666666666666,33.33333333333333,301.204451969756
0.3333333333333333,0.2222222222222222,0.7777777777777777,33.33333333333333,300.2220341172789
0.3333333333333333,0.2222222222222222,0.8888888888888888,33.33333333333333,300.0175737745849
0.3333333333333333,0.2222222222222222,1.0,33.33333333333333,300.0005972078446
0.3333333333333333,0.3333333333333333,0.0,33.33333333333333,300.0032396289974
0.3333333333333333,0.3333333333333333,0.1111111111111111,33.33333333333333,300.0953311485381
0.3333333333333333,0.3333333333333333,0.2222222222222222,33.33333333333333,301.20445196975595
0.3333333333333333,0.3333333333333333,0.3333333333333333,33.33333333333333,306.5337010601245
0.3333333333333333,0.3333333333333333,0.4444444444444444,33.33333333333333,315.21752931435134
0.3333333333333333,0.3333333333333333,0.5555555555555556,33.33333333333333,315.21752931435134
0.3333333333333333,0.3333333333333333,0.6666666666666666,33.33333333333333,306.5337010601245
0.3333333333333333,0.3333333333333333,0.7777777777777777,33.33333333333333,301.204451969756
0.3333333333333333,0.3333333333333333,0.8888888888888888,33.33333333333333,300.0953311485381
0.3333333333333333,0.3333333333333333,1.0,33.33333333333333,300.0032396289974
0.3333333333333333,0.4444444444444444,0.0,33.33333333333333,300.0075453634597
0.3333333333333333,0.4444444444444444,0.1111111111111111,33.33333333333333,300.2220341172789
0.3333333333333333,0.4444444444444444,0.2222222222222222,33.33333333333333,302.80526809978363
0.3333333333333333,0.4444444444444444,0.3333333333333333,33.33333333333333,315.21752931435134
0.3333333333333333,0.4444444444444444,0.4444444444444444,33.33333333333333,335.44288241873267
0.3333333333333333,0.4444444444444444,0.5555555555555556,33.33333333333333,335.44288241873267
0.3333333333333333,0.4444444444444444,0.6666666666666666,33.33333333333333,315.21752931435134
0.3333333333333333,0.4444444444444444,0.7777777777777777,33.33333333333333,302.80526809978363
0.3333333333333333,0.4444444444444444,0.8888888888888888,33.33333333333333,300.2220341172789
0.3333333333333333,0.4444444444444444,1.0,33.33333333333333,300.0075453634597
0.3333333333333333,0.5555555555555556,0.0,33.33333333333333,300.0075453634597
0.3333333333333333,0.5555555555555556,0.1111111111111111,33.33333333333333,300.2220341172789
0.3333333333333333,0.5555555555555556,0.2222222222222222,33.33333333333333,302.80526809978363
0.3333333333333333,0.5555555555555556,0.3333333333333333,33.33333333333333,315.21752931435134
0.3333333333333333,0.5555555555555556,0.4444444444444444,33.33333333333333,335.44288241873267
0.3333333333333333,0.5555555555555556,0.5555555555555556,33.33333333333333,335.44288241873267
0.3333333333333333,0.5555555555555556,0.6666666666666666,33.33333333333333,315.21752931435134
0.3333333333333333,0.5555555555555556,0.7777777777777777,33.33333333333333,302.80526809978363
0.3333333333333333,0.5555555555555556,0.8888888888888888,33.33333333333333,300.2220341172789
0.3333333333333333,0.5555555555555556,1.0,33.33333333333333,300.0075453634597
0.3333333333333333,0.6666666666666666,0.0,33.33333333333333,300.0032396289974
0.3333333333333333,0.6666666666666666,0.1111111111111111,33.33333333333333,300.0953311485381
0.3333333333333333,0.6666666666666666,0.2222222222222222,33.33333333333333,301.204451969756
0.3333333333333333,0.6666666666666666,0.3333333333333333,33.33333333333333,306.5337010601245
0.3333333333333333,0.6666666666666666,0.4444444444444444,33.33333333333333,315.21752931435134
0.3333333333333333,0.6666666666666666,0.5555555555555556,33.33333333333333,315.21752931435134
0.3333333333333333,0.6666666666666666,0.6666666666666666,33.33333333333333,306.5337010601245
0.3333333333333333,0.6666666666666666,0.7777777777777777,33.33333333333333,301.204451969756
0.3333333333333333,0.6666666666666666,0.8888888888888888,33.33333333333333,300.0953311485381
0.3333333333333333,0.6666666666666666,1.0,33.33333333333333,300.0032396289974
0.3333333333333333,0.7777777777777777,0.0,33.33333333333333,300.0005972078446
0.3333333333333333,0.7777777777777777,0.1111111111111111,33.33333333333333,300.0175737745849
0.3333333333333333,0.7777777777777777,0.2222222222222222,33.33333333333333,300.2220341172789
0.3333333333333333,0.7777777777777777,0.3333333333333333,33.33333333333333,301.204451969756
0.3333333333333333,0.7777777777777777,0.4444444444444444,33.33333333333333,302.80526809978363
0.3333333333333333,0.7777777777777777,0.5555555555555556,33.33333333333333,302.80526809978363
0.3333333333333333,0.7777777777777777,0.6666666666666666,33.33333333333333,301.204451969756
0.3333333333333333,0.7777777777777777,0.7777777777777777,33.33333333333333,300.2220341172789
0.3333333333333333,0.7777777777777777,0.8888888888888888,33.33333333333333,300.0175737745849
0.3333333333333333,0.7777777777777777,1.0,33.33333333333333,300.0005972078446
0.3333333333333333,0.8888888888888888,0.0,33.33333333333333,300.0000472683936
0.3333333333333333,0.8888888888888888,0.1111111111111111,33.33333333333333,300.0013909463867
0.3333333333333333,0.8888888888888888,0.2222222222222222,33.33333333333333,300.0175737745849
0.3333333333333333,0.8888888888888888,0.3333333333333333,33.33333333333333,300.0953311485381
0.3333333333333333,0.8888888888888888,0.4444444444444444,33.33333333333333,300.2220341172789
0.3333333333333333,0.8888888888888888,0.5555555555555556,33.33333333333333,300.2220341172789
0.3333333333333333,0.8888888888888888,0.6666666666666666,33.33333333333333,300.0953311485381
0.3333333333333333,0.8888888888888888,0.7777777777777777,33.33333333333333,300.0175737745849
0.3333333333333333,0.8888888888888888,0.8888888888888888,33.33333333333333,300.0013909463867
0.3333333333333333,0.8888888888888888,1.0,33.33333333333333,300.0000472683936
0.3333333333333333,1.0,0.0,33.33333333333333,300.00000160631714
0.3333333333333333,1.0,0.1111111111111111,33.33333333333333,300.0000472683936
0.3333333333333333,1.0,0.2222222222222222,33.33333333333333,300.0005972078446
0.3333333333333333,1.0,0.3333333333333333,33.33333333333333,300.0032396289974
0.3333333333333333,1.0,0.4444444444444444,33.33333333333333,300.0075453634597
0.3333333333333333,1.0,0.5555555555555556,33.33333333333333,300.0075453634597
0.3333333333333333,1.0,0.6666666666666666,33.33333333333333,300.0032396289974
0.3333333333333333,1.0,0.7777777777777777,33.33333333333333,300.0005972078446
0.3333333333333333,1.0,0.8888888888888888,33.33333333333333,300.0000472683936
0.3333333333333333,1.0,1.0,33.33333333333333,300.00000160631714
0.4444444444444444,0.0,0.0,33.33333333333333,300.0000037412453
0.4444444444444444,0.0,0.1111111111111111,33.33333333333333,300.000110091992
0.4444444444444444,0.0,0.2222222222222222,33.33333333333333,300.0013909463867
0.4444444444444444,0.0,0.3333333333333333,33.33333333333333,300.0075453634597
0.4444444444444444,0.0,0.4444444444444444,33.33333333333333,300.0175737745849
0.4444444444444444,0.0,0.5555555555555556,33.33333333333333,300.0175737745849
0.4444444444444444,0.0,0.6666666666666666,33.33333333333333,300.0075453634597
0.4444444444444444,0.0,0.7777777777777777,33.33333333333333,300.0013909463867
0.4444444444444444,0.0,0.8888888888888888,33.33333333333333,300.000110091992
0.4444444444444444,0.0,1.0,33.33333333333333,300.0000037412453
0.4444444444444444,0.1111111111111111,0.0,33.33333333333333,300.000110091992
0.4444444444444444,0.1111111111111111,0.1111111111111111,33.33333333333333,300.0032396289974
0.4444444444444444,0.1111111111111111,0.2222222222222222,33.33333333333333,300.0409307722298
0.4444444444444444,0.1111111111111111,0.3333333333333333,33.33333333333333,300.2220341172789
0.4444444444444444,0.1111111111111111,0.4444444444444444,33.33333333333333,300.51713579445794
0.4444444444444444,0.1111111111111111,0.5555555555555556,33.33333333333333,300.51713579445794
0.4444444444444444,0.1111111111111111,0.6666666666666666,33.33333333333333,300.2220341172789
0.4444444444444444,0.1111111111111111,0.7777777777777777,33.33333333333333,300.0409307722298
0.4444444444444444,0.1111111111111111,0.8888888888888888,33.33333333333333,300.0032396289974
0.4444444444444444,0.1111111111111111,1.0,33.33333333333333,300.000110091992
0.4444444444444444,0.2222222222222222,0.0,33.33333333333333,300.0013909463867
0.4444444444444444,0.2222222222222222,0.1111111111111111,33.33333333333333,300.0409307722298
0.4444444444444444,0.2222222222222222,0.2222222222222222,33.33333333333333,300.51713579445794
0.4444444444444444,0.2222222222222222,0.3333333333333333,33.33333333333333,302.80526809978363
0.4444444444444444,0.2222222222222222,0.4444444444444444,33.33333333333333,306.5337010601245
0.4444444444444444,0.2222222222222222,0.5555555555555556,33.33333333333333,306.5337010601245
0.4444444444444444,0.2222222222222222,0.6666666666666666,33.33333333333333,302.80526809978363
0.4444444444444444,0.2222222222222222,0.7777777777777777,33.33333333333333,300.51713579445794
0.4444444444444444,0.2222222222222222,0.8888888888888888,33.33333333333333,300.0409307722298
0.4444444444444444,0.2222222222222222,1.0,33.33333333333333,300.0013909463867
0.4444444444444444,0.3333333333333333,0.0,33.33333333333333,300.0075453634597
0.4444444444444444,0.3333333333333333,0.1111111111111111,33.33333333333333,300.2220341172789
0.4444444444444444,0.3333333333333333,0.2222222222222222,33.33333333333333,302.80526809978363
0.4444444444444444,0.3333333333333333,0.3333333333333333,33.33333333333333,315.21752931435134
0.4444444444444444,0.3333333333333333,0.4444444444444444,33.33333333333333,335.44288241873267
0.4444444444444444,0.3333333333333333,0.5555555555555556,33.33333333333333,335.44288241873267
0.4444444444444444,0.3333333333333333,0.6666666666666666,33.33333333333333,315.21752931435134
0.4444444444444444,0.3333333333333333,0.7777777777777777,33.33333333333333,302.80526809978363
0.4444444444444444,0.3333333333333333,0.8888888888888888,33.33333333333333,300.2220341172789
0.4444444444444444,0.3333333333333333,1.0,33.33333333333333,300.0075453634597
0.4444444444444444,0.4444444444444444,0.0,33.33333333333333,300.0175737745849
0.4444444444444444,0.4444444444444444,0.1111111111111111,33.33333333333333,300.51713579445794
0.4444444444444444,0.4444444444444444,0.2222222222222222,33.33333333333333,306.5337010601245
0.4444444444444444,0.4444444444444444,0.3333333333333333,33.33333333333333,335.44288241873267
0.4444444444444444,0.4444444444444444,0.4444444444444444,33.33333333333333,382.5493999846227
0.4444444444444444,0.4444444444444444,0.5555555555555556,33.33333333333333,382.5493999846227
0.4444444444444444,0.4444444444444444,0.6666666666666666,33.33333333333333,335.44288241873267
0.4444444444444444,0.4444444444444444,0.7777777777777777,33.33333333333333,306.53370106012454
0.4444444444444444,0.4444444444444444,0.8888888888888888,33.33333333333333,300.51713579445794
0.4444444444444444,0.4444444444444444,1.0,33.33333333333333,300.0175737745849
0.4444444444444444,0.5555555555555556,0.0,33.33333333333333,300.0175737745849
0.4444444444444444,0.5555555555555556,0.1111111111111111,33.33333333333333,300.51713579445794
0.4444444444444444,0.5555555555555556,0.2222222222222222,33.33333333333333,306.5337010601245
0.4444444444444444,0.5555555555555556,0.3333333333333333,33.33333333333333,335.44288241873267
0.4444444444444444,0.5555555555555556,0.4444444444444444,33.33333333333333,382.5493999846227
0.4444444444444444,0.5555555555555556,0.5555555555555556,33.33333333333333,382.5493999846227
0.4444444444444444,0.5555555555555556,0.6666666666666666,33.33333333333333,335.44288241873267
0.4444444444444444,0.5555555555555556,0.7777777777777777,33.33333333333333,306.53370106012454
0.4444444444444444,0.5555555555555556,0.8888888888888888,33.33333333333333,300.51713579445794
0.4444444444444444,0.5555555555555556,1.0,33.33333333333333,300.0175737745849
0.4444444444444444,0.6666666666666666,0.0,33.33333333333333,300.0075453634597
0.4444444444444444,0.6666666666666666,0.1111111111111111,33.33333333333333,300.2220341172789
0.4444444444444444,0.6666666666666666,0.2222222222222222,33.33333333333333,302.80526809978363
0.4444444444444444,0.6666666666666666,0.3333333333333333,33.33333333333333,315.21752931435134
0.4444444444444444,0.6666666666666666,0.4444444444444444,33.33333333333333,335.44288241873267
0.4444444444444444,0.6666666666666666,0.5555555555555556,33.33333333333333,335.44288241873267
0.4444444444444444,0.6666666666666666,0.6666666666666666,33.33333333333333,315.21752931435134
0.4444444444444444,0.6666666666666666,0.7777777777777777,33.33333333333333,302.80526809978363
0.4444444444444444,0.6666666666666666,0.8888888888888888,33.33333333333333,300.2220341172789
0.4444444444444444,0.6666666666666666,1.0,33.33333333333333,300.0075453634597
0.4444444444444444,0.7777777777777777,0.0,33.33333333333333,300.0013909463867
0.4444444444444444,0.7777777777777777,0.1111111111111111,33.33333333333333,300.0409307722298
0.4444444444444444,0.7777777777777777,0.2222222222222222,33.33333333333333,300.51713579445794
0.4444444444444444,0.7777777777777777,0.3333333333333333,33.33333333333333,302.80526809978363
0.4444444444444444,0.7777777777777777,0.4444444444444444,33.33333333333333,306.53370106012454
0.4444444444444444,0.7777777777777777,0.5555555555555556,33.33333333333333,306.53370106012454
0.4444444444444444,0.7777777777777777,0.6666666666666666,33.33333333333333,302.80526809978363
0.4444444444444444,0.7777777777777777,0.7777777777777777,33.33333333333333,300.51713579445794
0.4444444444444444,0.7777777777777777,0.8888888888888888,33.33333333333333,300.0409307722298
0.4444444444444444,0.7777777777777777,1.0,33.33333333333333,300.0013909463867
0.4444444444444444,0.8888888888888888,0.0,33.33333333333333,300.000110091992
0.4444444444444444,0.8888888888888888,0.1111111111111111,33.33333333333333,300.0032396289974
0.4444444444444444,0.8888888888888888,0.2222222222222222,33.33333333333333,300.0409307722298
0.4444444444444444,0.8888888888888888,0.3333333333333333,33.33333333333333,300.2220341172789
0.4444444444444444,0.8888888888888888,0.4444444444444444,33.33333333333333,300.51713579445794
0.4444444444444444,0.8888888888888888,0.5555555555555556,33.33333333333333,300.51713579445794
0.4444444444444444,0.8888888888888888,0.6666666666666666,33.33333333333333,300.2220341172789
0.4444444444444444,0.8888888888888888,0.7777777777777777,33.33333333333333,300.0409307722298
0.4444444444444444,0.8888888888888888,0.8888888888888888,33.33333333333333,300.0032396289974
0.4444444444444444,0.8888888888888888,1.0,33.33333333333333,300.000110091992
0.4444444444444444,1.0,0.0,33.33333333333333,300.0000037412453
0.4444444444444444,1.0,0.1111111111111111,33.33333333333333,300.000110091992
0.4444444444444444,1.0,0.2222222222222222,33.33333333333333,300.0013909463867
0.4444444444444444,1.0,0.3333333333333333,33.33333333333333,300.0075453634597
0.4444444444444444,1.0,0.4444444444444444,33.33333333333333,300.0175737745849
0.4444444444444444,1.0,0.5555555555555556,33.33333333333333,300.0175737745849
0.4444444444444444,1.0,0.6666666666666666,33.33333333333333,300.0075453634597
0.4444444444444444,1.0,0.7777777777777777,33.33333333333333,300.0013909463867
0.4444444444444444,1.0,0.8888888888888888,33.33333333333333,300.000110091992
0.4444444444444444,1.0,1.0,33.33333333333333,300.0000037412453
0.5555555555555556,0.0,0.0,33.33333333333333,300.0000037412453
0.5555555555555556,0.0,0.1111111111111111,33.33333333333333,300.000110091992
0.5555555555555556,0.0,0.2222222222222222,33.33333333333333,300.0013909463867
0.5555555555555556,0.0,0.3333333333333333,33.33333333333333,300.0075453634597
0.5555555555555556,0.0,0.4444444444444444,33.33333333333333,300.0175737745849
0.5555555555555556,0.0,0.5555555555555556,33.33333333333333,300.0175737745849
0.5555555555555556,0.0,0.6666666666666666,33.33333333333333,300.0075453634597
0.5555555555555556,0.0,0.7777777777777777,33.33333333333333,300.0013909463867
0.5555555555555556,0.0,0.8888888888888888,33.33333333333333,300.000110091992
0.5555555555555556,0.0,1.0,33.33333333333333,300.0000037412453
0.5555555555555556,0.1111111111111111,0.0,33.33333333333333,300.000110091992
0.5555555555555556,0.1111111111111111,0.1111111111111111,33.33333333333333,300.0032396289974
0.5555555555555556,0.1111111111111111,0.2222222222222222,33.33333333333333,300.0409307722298
0.5555555555555556,0.1111111111111111,0.3333333333333333,33.33333333333333,300.2220341172789
0.5555555555555556,0.1111111111111111,0.4444444444444444,33.33333333333333,300.51713579445794
0.5555555555555556,0.1111111111111111,0.5555555555555556,33.33333333333333,300.51713579445794
0.5555555555555556,0.1111111111111111,0.6666666666666666,33.33333333333333,300.2220341172789
0.5555555555555556,0.1111111111111111,0.7777777777777777,33.33333333333333,300.0409307722298
0.5555555555555556,0.1111111111111111,0.8888888888888888,33.33333333333333,300.0032396289974
0.5555555555555556,0.1111111111111111,1.0,33.33333333333333,300.000110091992
0.5555555555555556,0.2222222222222222,0.0,33.33333333333333,300.0013909463867
0.5555555555555556,0.2222222222222222,0.1111111111111111,33.33333333333333,300.0409307722298
0.5555555555555556,0.2222222222222222,0.2222222222222222,33.33333333333333,300.51713579445794
0.5555555555555556,0.2222222222222222,0.3333333333333333,33.33333333333333,302.80526809978363
0.5555555555555556,0.2222222222222222,0.4444444444444444,33.33333333333333,306.5337010601245
0.5555555555555556,0.2222222222222222,0.5555555555555556,33.33333333333333,306.5337010601245
0.5555555555555556,0.2222222222222222,0.6666666666666666,33.33333333333333,302.80526809978363
0.5555555555555556,0.2222222222222222,0.7777777777777777,33.33333333333333,300.51713579445794
0.5555555555555556,0.2222222222222222,0.8888888888888888,33.33333333333333,300.0409307722298
0.5555555555555556,0.2222222222222222,1.0,33.33333333333333,300.0013909463867
0.5555555555555556,0.3333333333333333,0.0,33.33333333333333,300.0075453634597
0.5555555555555556,0.3333333333333333,0.1111111111111111,33.33333333333333,300.2220341172789
0.5555555555555556,0.3333333333333333,0.2222222222222222,33.33333333333333,302.80526809978363
0.5555555555555556,0.3333333333333333,0.3333333333333333,33.33333333333333,315.21752931435134
0.5555555555555556,0.3333333333333333,0.4444444444444444,33.33333333333333,335.44288241873267
0.5555555555555556,0.3333333333333333,0.5555555555555556,33.33333333333333,335.44288241873267
0.5555555555555556,0.3333333333333333,0.6666666666666666,33.33333333333333,315.21752931435134
0.5555555555555556,0.3333333333333333,0.7777777777777777,33.33333333333333,302.80526809978363
0.5555555555555556,0.3333333333333333,0.8888888888888888,33.33333333333333,300.2220341172789
0.5555555555555556,0.3333333333333333,1.0,33.33333333333333,300.0075453634597
0.5555555555555556,0.4444444444444444,0.0,33.33333333333333,300.0175737745849
0.5555555555555556,0.4444444444444444,0.1111111111111111,33.33333333333333,300.51713579445794
0.5555555555555556,0.4444444444444444,0.2222222222222222,33.33333333333333,306.5337010601245
0.5555555555555556,0.4444444444444444,0.3333333333333333,33.33333333333333,335.44288241873267
0.5555555555555556,0.4444444444444444,0.4444444444444444,33.33333333333333,382.5493999846227
0.5555555555555556,0.4444444444444444,0.5555555555555556,33.33333333333333,382.5493999846227
0.5555555555555556,0.4444444444444444,0.6666666666666666,33.33333333333333,335.44288241873267
0.5555555555555556,0.4444444444444444,0.7777777777777777,33.33333333333333,306.53370106012454
0.5555555555555556,0.4444444444444444,0.8888888888888888,33.33333333333333,300.51713579445794
0.5555555555555556,0.4444444444444444,1.0,33.33333333333333,300.0175737745849
0.5555555555555556,0.5555555555555556,0.0,33.33333333333333,300.0175737745849
0.5555555555555556,0.5555555555555556,0.1111111111111111,33.33333333333333,300.51713579445794
0.5555555555555556,0.5555555555555556,0.2222222222222222,33.33333333333333,306.5337010601245
0.5555555555555556,0.5555555555555556,0.3333333333333333,33.33333333333333,335.44288241873267
0.5555555555555556,0.5555555555555556,0.4444444444444444,33.33333333333333,382.5493999846227
0.5555555555555556,0.5555555555555556,0.5555555555555556,33.33333333333333,382.5493999846227
0.5555555555555556,0.5555555555555556,0.6666666666666666,33.33333333333333,335.44288241873267
0.5555555555555556,0.5555555555555556,0.7777777777777777,33.33333333333333,306.53370106012454
0.5555555555555556,0.5555555555555556,0.8888888888888888,33.33333333333333,300.51713579445794
0.5555555555555556,0.5555555555555556,1.0,33.33333333333333,300.0175737745849
0.5555555555555556,0.6666666666666666,0.0,33.33333333333333,300.0075453634597
0.5555555555555556,0.6666666666666666,0.1111111111111111,33.33333333333333,300.2220341172789
0.5555555555555556,0.6666666666666666,0.2222222222222222,33.33333333333333,302.80526809978363
0.5555555555555556,0.6666666666666666,0.3333333333333333,33.33333333333333,315.21752931435134
0.5555555555555556,0.6666666666666666,0.4444444444444444,33.33333333333333,335.44288241873267
0.5555555555555556,0.6666666666666666,0.5555555555555556,33.33333333333333,335.44288241873267
0.5555555555555556,0.6666666666666666,0.6666666666666666,33.33333333333333,315.21752931435134
0.5555555555555556,0.6666666666666666,0.7777777777777777,33.33333333333333,302.80526809978363
0.5555555555555556,0.6666666666666666,0.8888888888888888,33.33333333333333,300.2220341172789
0.5555555555555556,0.6666666666666666,1.0,33.33333333333333,300.0075453634597
0.5555555555555556,0.7777777777777777,0.0,33.33333333333333,300.0013909463867
0.5555555555555556,0.7777777777777777,0.1111111111111111,33.33333333333333,300.0409307722298
0.5555555555555556,0.7777777777777777,0.2222222222222222,33.33333333333333,300.51713579445794
0.5555555555555556,0.7777777777777777,0.3333333333333333,33.33333333333333,302.80526809978363
0.5555555555555556,0.7777777777777777,0.4444444444444444,33.33333333333333,306.53370106012454
0.5555555555555556,0.7777777777777777,0.5555555555555556,33.33333333333333,306.53370106012454
0.5555555555555556,0.7777777777777777,0.6666666666666666,33.33333333333333,302.80526809978363
0.5555555555555556,0.7777777777777777,0.7777777777777777,33.33333333333333,300.51713579445794
0.5555555555555556,0.7777777777777777,0.8888888888888888,33.33333333333333,300.0409307722298
0.5555555555555556,0.7777777777777777,1.0,33.33333333333333,300.0013909463867
0.5555555555555556,0.8888888888888888,0.0,33.33333333333333,300.000110091992
0.5555555555555556,0.8888888888888888,0.1111111111111111,33.33333333333333,300.0032396289974
0.5555555555555556,0.8888888888888888,0.2222222222222222,33.33333333333333,300.0409307722298
0.5555555555555556,0.8888888888888888,0.3333333333333333,33.33333333333333,300.2220341172789
0.5555555555555556,0.8888888888888888,0.4444444444444444,33.33333333333333,300.51713579445794
0.5555555555555556,0.8888888888888888,0.5555555555555556,33.33333333333333,300.51713579445794
0.5555555555555556,0.8888888888888888,0.6666666666666666,33.33333333333333,300.2220341172789
0.5555555555555556,0.8888888888888888,0.7777777777777777,33.33333333333333,300.0409307722298
0.5555555555555556,0.8888888888888888,0.8888888888888888,33.33333333333333,300.0032396289974
0.5555555555555556,0.8888888888888888,1.0,33.33333333333333,300.000110091992
0.5555555555555556,1.0,0.0,33.33333333333333,300.0000037412453
0.5555555555555556,1.0,0.1111111111111111,33.33333333333333,300.000110091992
0.5555555555555556,1.0,0.2222222222222222,33.33333333333333,300.0013909463867
0.5555555555555556,1.0,0.3333333333333333,33.33333333333333,300.0075453634597
0.5555555555555556,1.0,0.4444444444444444,33.33333333333333,300.0175737745849
0.5555555555555556,1.0,0.5555555555555556,33.33333333333333,300.0175737745849
0.5555555555555556,1.0,0.6666666666666666,33.33333333333333,300.0075453634597
0.5555555555555556,1.0,0.7777777777777777,33.33333333333333,300.0013909463867
0.5555555555555556,1.0,0.8888888888888888,33.33333333333333,300.000110091992
0.5555555555555556,1.0,1.0,33.33333333333333,300.0000037412453
0.6666666666666666,0.0,0.0,33.33333333333333,300.00000160631714
0.6666666666666666,0.0,0.1111111111111111,33.33333333333333,300.0000472683936
0.6666666666666666,0.0,0.2222222222222222,33.33333333333333,300.0005972078446
0.6666666666666666,0.0,0.3333333333333333,33.33333333333333,300.0032396289974
0.6666666666666666,0.0,0.4444444444444444,33.33333333333333,300.0075453634597
0.6666666666666666,0.0,0.5555555555555556,33.33333333333333,300.0075453634597
0.6666666666666666,0.0,0.6666666666666666,33.33333333333333,300.0032396289974
0.6666666666666666,0.0,0.7777777777777777,33.33333333333333,300.0005972078446
0.6666666666666666,0.0,0.8888888888888888,33.33333333333333,300.0000472683936
0.6666666666666666,0.0,1.0,33.33333333333333,300.00000160631714
0.6666666666666666,0.1111111111111111,0.0,33.33333333333333,300.0000472683936
0.6666666666666666,0.1111111111111111,0.1111111111111111,33.33333333333333,300.0013909463867
0.6666666666666666,0.1111111111111111,0.2222222222222222,33.33333333333333,300.0175737745849
0.6666666666666666,0.1111111111111111,0.3333333333333333,33.33333333333333,300.0953311485381
0.6666666666666666,0.1111111111111111,0.4444444444444444,33.33333333333333,300.2220341172789
0.6666666666666666,0.1111111111111111,0.5555555555555556,33.33333333333333,300.2220341172789
0.6666666666666666,0.1111111111111111,0.6666666666666666,33.33333333333333,300.0953311485381
0.6666666666666666,0.1111111111111111,0.7777777777777777,33.33333333333333,300.0175737745849
0.6666666666666666,0.1111111111111111,0.8888888888888888,33.33333333333333,300.0013909463867
0.6666666666666666,0.1111111111111111,1.0,33.33333333333333,300.0000472683936
0.6666666666666666,0.2222222222222222,0.0,33.33333333333333,300.0005972078446
0.6666666666666666,0.2222222222222222,0.1111111111111111,33.33333333333333,300.0175737745849
0.6666666666666666,0.2222222222222222,0.2222222222222222,33.33333333333333,300.2220341172789
0.6666666666666666,0.2222222222222222,0.3333333333333333,33.33333333333333,301.204451969756
0.6666666666666666,0.2222222222222222,0.4444444444444444,33.33333333333333,302.80526809978363
0.6666666666666666,0.2222222222222222,0.5555555555555556,33.33333333333333,302.80526809978363
0.6666666666666666,0.2222222222222222,0.6666666666666666,33.33333333333333,301.204451969756
0.6666666666666666,0.2222222222222222,0.7777777777777777,33.33333333333333,300.2220341172789
0.6666666666666666,0.2222222222222222,0.8888888888888888,33.33333333333333,300.0175737745849
0.6666666666666666,0.2222222222222222,1.0,33.33333333333333,300.0005972078446
0.6666666666666666,0.3333333333333333,0.0,33.33333333333333,300.0032396289974
0.6666666666666666,0.3333333333333333,0.1111111111111111,33.33333333333333,300.0953311485381
0.6666666666666666,0.3333333333333333,0.2222222222222222,33.33333333333333,301.204451969756
0.6666666666666666,0.3333333333333333,0.3333333333333333,33.33333333333333,306.5337010601245
0.6666666666666666,0.3333333333333333,0.4444444444444444,33.33333333333333,315.21752931435134
0.6666666666666666,0.3333333333333333,0.5555555555555556,33.33333333333333,315.21752931435134
0.6666666666666666,0.3333333333333333,0.6666666666666666,33.33333333333333,306.5337010601245
0.6666666666666666,0.3333333333333333,0.7777777777777777,33.33333333333333,301.204451969756
0.6666666666666666,0.3333333333333333,0.8888888888888888,33.33333333333333,300.0953311485381
0.6666666666666666,0.3333333333333333,1.0,33.33333333333333,300.0032396289974
0.6666666666666666,0.4444444444444444,0.0,33.33333333333333,300.0075453634597
0.6666666666666666,0.4444444444444444,0.1111111111111111,33.33333333333333,300.2220341172789
0.6666666666666666,0.4444444444444444,0.2222222222222222,33.33333333333333,302.80526809978363
0.6666666666666666,0.4444444444444444,0.3333333333333333,33.33333333333333,315.21752931435134
0.6666666666666666,0.4444444444444444,0.4444444444444444,33.33333333333333,335.44288241873267
0.6666666666666666,0.4444444444444444,0.5555555555555556,33.33333333333333,335.44288241873267
0.6666666666666666,0.4444444444444444,0.6666666666666666,33.33333333333333,315.21752931435134
0.6666666666666666,0.4444444444444444,0.7777777777777777,33.33333333333333,302.80526809978363
0.6666666666666666,0.4444444444444444,0.8888888888888888,33.33333333333333,300.2220341172789
0.6666666666666666,0.4444444444444444,1.0,33.33333333333333,300.0075453634597
0.6666666666666666,0.5555555555555556,0.0,33.33333333333333,300.0075453634597
0.6666666666666666,0.5555555555555556,0.1111111111111111,33.33333333333333,300.2220341172789
0.6666666666666666,0.5555555555555556,0.2222222222222222,33.33333333333333,302.80526809978363
0.6666666666666666,0.5555555555555556,0.3333333333333333,33.33333333333333,315.21752931435134
0.6666666666666666,0.5555555555555556,0.4444444444444444,33.33333333333333,335.44288241873267
0.6666666666666666,0.5555555555555556,0.5555555555555556,33.33333333333333,335.44288241873267
0.6666666666666666,0.5555555555555556,0.6666666666666666,33.33333333333333,315.21752931435134
0.6666666666666666,0.5555555555555556,0.7777777777777777,33.33333333333333,302.80526809978363
0.6666666666666666,0.5555555555555556,0.8888888888888888,33.33333333333333,300.2220341172789
0.6666666666666666,0.5555555555555556,1.0,33.33333333333333,300.0075453634597
0.6666666666666666,0.6666666666666666,0.0,33.33333333333333,300.0032396289974
0.6666666666666666,0.6666666666666666,0.1111111111111111,33.33333333333333,300.0953311485381
0.6666666666666666,0.6666666666666666,0.2222222222222222,33.33333333333333,301.204451969756
0.6666666666666666,0.6666666666666666,0.3333333333333333,33.33333333333333,306.5337010601245
0.6666666666666666,0.6666666666666666,0.4444444444444444,33.33333333333333,315.21752931435134
0.6666666666666666,0.6666666666666666,0.5555555555555556,33.33333333333333,315.21752931435134
0.6666666666666666,0.6666666666666666,0.6666666666666666,33.33333333333333,306.53370106012454
0.6666666666666666,0.6666666666666666,0.7777777777777777,33.33333333333333,301.204451969756
0.6666666666666666,0.6666666666666666,0.8888888888888888,33.33333333333333,300.0953311485381
0.6666666666666666,0.6666666666666666,1.0,33.33333333333333,300.0032396289974
0.6666666666666666,0.7777777777777777,0.0,33.33333333333333,300.0005972078446
0.6666666666666666,0.7777777777777777,0.1111111111111111,33.33333333333333,300.0175737745849
0.6666666666666666,0.7777777777777777,0.2222222222222222,33.33333333333333,300.2220341172789
0.6666666666666666,0.7777777777777777,0.3333333333333333,33.33333333333333,301.204451969756
0.6666666666666666,0.7777777777777777,0.4444444444444444,33.33333333333333,302.80526809978363
0.6666666666666666,0.7777777777777777,0.5555555555555556,33.33333333333333,302.80526809978363
0.6666666666666666,0.7777777777777777,0.6666666666666666,33.33333333333333,301.204451969756
0.6666666666666666,0.7777777777777777,0.7777777777777777,33.33333333333333,300.2220341172789
0.6666666666666666,0.7777777777777777,0.8888888888888888,33.33333333333333,300.0175737745849
0.6666666666666666,0.7777777777777777,1.0,33.33333333333333,300.0005972078446
0.6666666666666666,0.8888888888888888,0.0,33.33333333333333,300.0000472683936
0.6666666666666666,0.8888888888888888,0.1111111111111111,33.33333333333333,300.0013909463867
0.6666666666666666,0.8888888888888888,0.2222222222222222,33.33333333333333,300.0175737745849
0.6666666666666666,0.8888888888888888,0.3333333333333333,33.33333333333333,300.0953311485381
0.6666666666666666,0.8888888888888888,0.4444444444444444,33.33333333333333,300.2220341172789
0.6666666666666666,0.8888888888888888,0.5555555555555556,33.33333333333333,300.2220341172789
0.6666666666666666,0.8888888888888888,0.6666666666666666,33.33333333333333,300.0953311485381
0.6666666666666666,0.8888888888888888,0.7777777777777777,33.33333333333333,300.0175737745849
0.6666666666666666,0.8888888888888888,0.8888888888888888,33.33333333333333,300.0013909463867
0.6666666666666666,0.8888888888888888,1.0,33.33333333333333,300.0000472683936
0.6666666666666666,1.0,0.0,33.33333333333333,300.00000160631714
0.6666666666666666,1.0,0.1111111111111111,33.33333333333333,300.0000472683936
0.6666666666666666,1.0,0.2222222222222222,33.33333333333333,300.0005972078446
0.6666666666666666,1.0,0.3333333333333333,33.33333333333333,300.0032396289974
0.6666666666666666,1.0,0.4444444444444444,33.33333333333333,300.0075453634597
0.6666666666666666,1.0,0.5555555555555556,33.33333333333333,300.0075453634597
0.6666666666666666,1.0,0.6666666666666666,33.33333333333333,300.0032396289974
0.6666666666666666,1.0,0.7777777777777777,33.33333333333333,300.0005972078446
0.6666666666666666,1.0,0.8888888888888888,33.33333333333333,300.0000472683936
0.6666666666666666,1.0,1.0,33.33333333333333,300.00000160631714
0.7777777777777777,0.0,0.0,33.33333333333333,300.0000002961158
0.7777777777777777,0.0,0.1111111111111111,33.33333333333333,300.0000087136692
0.7777777777777777,0.0,0.2222222222222222,33.33333333333333,300.000110091992
0.7777777777777777,0.0,0.3333333333333333,33.33333333333333,300.0005972078446
0.7777777777777777,0.0,0.4444444444444444,33.33333333333333,300.0013909463867
0.7777777777777777,0.0,0.5555555555555556,33.33333333333333,300.0013909463867
0.7777777777777777,0.0,0.6666666666666666,33.33333333333333,300.0005972078446
0.7777777777777777,0.0,0.7777777777777777,33.33333333333333,300.000110091992
0.7777777777777777,0.0,0.8888888888888888,33.33333333333333,300.0000087136692
0.7777777777777777,0.0,1.0,33.33333333333333,300.0000002961158
0.7777777777777777,0.1111111111111111,0.0,33.33333333333333,300.0000087136692
0.7777777777777777,0.1111111111111111,0.1111111111111111,33.33333333333333,300.0002564133406
0.7777777777777777,0.1111111111111111,0.2222222222222222,33.33333333333333,300.0032396289974
0.7777777777777777,0.1111111111111111,0.3333333333333333,33.33333333333333,300.0175737745849
0.7777777777777777,0.1111111111111111,0.4444444444444444,33.33333333333333,300.0409307722298
0.7777777777777777,0.1111111111111111,0.5555555555555556,33.33333333333333,300.0409307722298
0.7777777777777777,0.1111111111111111,0.6666666666666666,33.33333333333333,300.0175737745849
0.7777777777777777,0.1111111111111111,0.7777777777777777,33.33333333333333,300.0032396289974
0.7777777777777777,0.1111111111111111,0.8888888888888888,33.33333333333333,300.0002564133406
0.7777777777777777,0.1111111111111111,1.0,33.33333333333333,300.0000087136692
0.7777777777777777,0.2222222222222222,0.0,33.33333333333333,300.000110091992
0.7777777777777777,0.2222222222222222,0.1111111111111111,33.33333333333333,300.0032396289974
0.7777777777777777,0.2222222222222222,0.2222222222222222,33.33333333333333,300.0409307722298
0.7777777777777777,0.2222222222222222,0.3333333333333333,33.33333333333333,300.2220341172789
0.7777777777777777,0.2222222222222222,0.4444444444444444,33.33333333333333,300.51713579445794
0.7777777777777777,0.2222222222222222,0.5555555555555556,33.33333333333333,300.51713579445794
0.7777777777777777,0.2222222222222222,0.6666666666666666,33.33333333333333,300.2220341172789
0.7777777777777777,0.2222222222222222,0.7777777777777777,33.33333333333333,300.0409307722298
0.7777777777777777,0.2222222222222222,0.8888888888888888,33.33333333333333,300.0032396289974
0.7777777777777777,0.2222222222222222,1.0,33.33333333333333,300.000110091992
0.7777777777777777,0.3333333333333333,0.0,33.33333333333333,300.0005972078446
0.7777777777777777,0.3333333333333333,0.1111111111111111,33.33333333333333,300.0175737745849
0.7777777777777777,0.3333333333333333,0.2222222222222222,33.33333333333333,300.2220341172789
0.7777777777777777,0.3333333333333333,0.3333333333333333,33.33333333333333,301.204451969756
0.7777777777777777,0.3333333333333333,0.4444444444444444,33.33333333333333,302.80526809978363
0.7777777777777777,0.3333333333333333,0.5555555555555556,33.33333333333333,302.80526809978363
0.7777777777777777,0.3333333333333333,0.6666666666666666,33.33333333333333,301.204451969756
0.7777777777777777,0.3333333333333333,0.7777777777777777,33.33333333333333,300.2220341172789
0.7777777777777777,0.3333333333333333,0.8888888888888888,33.33333333333333,300.0175737745849
0.7777777777777777,0.3333333333333333,1.0,33.33333333333333,300.0005972078446
0.7777777777777777,0.4444444444444444,0.0,33.33333333333333,300.0013909463867
0.7777777777777777,0.4444444444444444,0.1111111111111111,33.33333333333333,300.0409307722298
0.7777777777777777,0.4444444444444444,0.2222222222222222,33.33333333333333,300.51713579445794
0.7777777777777777,0.4444444444444444,0.3333333333333333,33.33333333333333,302.80526809978363
0.7777777777777777,0.4444444444444444,0.4444444444444444,33.33333333333333,306.53370106012454
0.7777777777777777,0.4444444444444444,0.5555555555555556,33.33333333333333,306.53370106012454
0.7777777777777777,0.4444444444444444,0.6666666666666666,33.33333333333333,302.80526809978363
0.7777777777777777,0.4444444444444444,0.7777777777777777,33.33333333333333,300.51713579445794
0.7777777777777777,0.4444444444444444,0.8888888888888888,33.33333333333333,300.0409307722298
0.7777777777777777,0.4444444444444444,1.0,33.33333333333333,300.0013909463867
0.7777777777777777,0.5555555555555556,0.0,33.33333333333333,300.0013909463867
0.7777777777777777,0.5555555555555556,0.1111111111111111,33.33333333333333,300.0409307722298
0.7777777777777777,0.5555555555555556,0.2222222222222222,33.33333333333333,300.51713579445794
0.7777777777777777,0.5555555555555556,0.3333333333333333,33.33333333333333,302.80526809978363
0.7777777777777777,0.5555555555555556,0.4444444444444444,33.33333333333333,306.53370106012454
0.7777777777777777,0.5555555555555556,0.5555555555555556,33.33333333333333,306.53370106012454
0.7777777777777777,0.5555555555555556,0.6666666666666666,33.33333333333333,302.80526809978363
0.7777777777777777,0.5555555555555556,0.7777777777777777,33.33333333333333,300.51713579445794
0.7777777777777777,0.5555555555555556,0.8888888888888888,33.33333333333333,300.0409307722298
0.7777777777777777,0.5555555555555556,1.0,33.33333333333333,300.0013909463867
0.7777777777777777,0.6666666666666666,0.0,33.33333333333333,300.0005972078446
0.7777777777777777,0.6666666666666666,0.1111111111111111,33.33333333333333,300.0175737745849
0.7777777777777777,0.6666666666666666,0.2222222222222222,33.33333333333333,300.2220341172789
0.7777777777777777,0.6666666666666666,0.3333333333333333,33.33333333333333,301.204451969756
0.7777777777777777,0.6666666666666666,0.4444444444444444,33.33333333333333,302.80526809978363
0.7777777777777777,0.6666666666666666,0.5555555555555556,33.33333333333333,302.80526809978363
0.7777777777777777,0.6666666666666666,0.6666666666666666,33.33333333333333,301.204451969756
0.7777777777777777,0.6666666666666666,0.7777777777777777,33.33333333333333,300.2220341172789
0.7777777777777777,0.6666666666666666,0.8888888888888888,33.33333333333333,300.0175737745849
0.7777777777777777,0.6666666666666666,1.0,33.33333333333333,300.0005972078446
0.7777777777777777,0.7777777777777777,0.0,33.33333333333333,300.000110091992
0.7777777777777777,0.7777777777777777,0.1111111111111111,33.33333333333333,300.0032396289974
0.7777777777777777,0.7777777777777777,0.2222222222222222,33.33333333333333,300.0409307722298
0.7777777777777777,0.7777777777777777,0.3333333333333333,33.33333333333333,300.2220341172789
0.7777777777777777,0.7777777777777777,0.4444444444444444,33.33333333333333,300.51713579445794
0.7777777777777777,0.7777777777777777,0.5555555555555556,33.33333333333333,300.51713579445794
0.7777777777777777,0.7777777777777777,0.6666666666666666,33.33333333333333,300.2220341172789
0.7777777777777777,0.7777777777777777,0.7777777777777777,33.33333333333333,300.0409307722298
0.7777777777777777,0.7777777777777777,0.8888888888888888,33.33333333333333,300.0032396289974
0.7777777777777777,0.7777777777777777,1.0,33.33333333333333,300.000110091992
0.7777777777777777,0.8888888888888888,0.0,33.33333333333333,300.0000087136692
0.7777777777777777,0.8888888888888888,0.1111111111111111,33.33333333333333,300.0002564133406
0.7777777777777777,0.8888888888888888,0.2222222222222222,33.33333333333333,300.0032396289974
0.7777777777777777,0.8888888888888888,0.3333333333333333,33.33333333333333,300.0175737745849
0.7777777777777777,0.8888888888888888,0.4444444444444444,33.33333333333333,300.0409307722298
0.7777777777777777,0.8888888888888888,0.5555555555555556,33.33333333333333,300.0409307722298
0.7777777777777777,0.8888888888888888,0.6666666666666666,33.33333333333333,300.0175737745849
0.7777777777777777,0.8888888888888888,0.7777777777777777,33.33333333333333,300.0032396289974
0.7777777777777777,0.8888888888888888,0.8888888888888888,33.33333333333333,300.0002564133406
0.7777777777777777,0.8888888888888888,1.0,33.33333333333333,300.0000087136692
0.7777777777777777,1.0,0.0,33.33333333333333,300.0000002961158
0.7777777777777777,1.0,0.1111111111111111,33.33333333333333,300.0000087136692
0.7777777777777777,1.0,0.2222222222222222,33.33333333333333,300.000110091992
0.7777777777777777,1.0,0.3333333333333333,33.33333333333333,300.0005972078446
0.7777777777777777,1.0,0.4444444444444444,33.33333333333333,300.0013909463867
0.7777777777777777,1.0,0.5555555555555556,33.33333333333333,300.0013909463867
0.7777777777777777,1.0,0.6666666666666666,33.33333333333333,300.0005972078446
0.7777777777777777,1.0,0.7777777777777777,33.33333333333333,300.000110091992
0.7777777777777777,1.0,0.8888888888888888,33.33333333333333,300.0000087136692
0.7777777777777777,1.0,1.0,33.33333333333333,300.0000002961158
0.8888888888888888,0.0,0.0,33.33333333333333,300.0000000234373
0.8888888888888888,0.0,0.1111111111111111,33.33333333333333,300.0000006896781
0.8888888888888888,0.0,0.2222222222222222,33.33333333333333,300.0000087136692
0.8888888888888888,0.0,0.3333333333333333,33.33333333333333,300.0000472683936
0.8888888888888888,0.0,0.4444444444444444,33.33333333333333,300.000110091992
0.8888888888888888,0.0,0.5555555555555556,33.33333333333333,300.000110091992
0.8888888888888888,0.0,0.6666666666666666,33.33333333333333,300.0000472683936
0.8888888888888888,0.0,0.7777777777777777,33.33333333333333,300.0000087136692
0.8888888888888888,0.0,0.8888888888888888,33.33333333333333,300.0000006896781
0.8888888888888888,0.0,1.0,33.33333333333333,300.0000000234373
0.8888888888888888,0.1111111111111111,0.0,33.33333333333333,300.0000006896781
0.8888888888888888,0.1111111111111111,0.1111111111111111,33.33333333333333,300.0000202948552
0.8888888888888888,0.1111111111111111,0.2222222222222222,33.33333333333333,300.0002564133406
0.8888888888888888,0.1111111111111111,0.3333333333333333,33.33333333333333,300.0013909463867
0.8888888888888888,0.1111111111111111,0.4444444444444444,33.33333333333333,300.0032396289974
0.8888888888888888,0.1111111111111111,0.5555555555555556,33.33333333333333,300.0032396289974
0.8888888888888888,0.1111111111111111,0.6666666666666666,33.33333333333333,300.0013909463867
0.8888888888888888,0.1111111111111111,0.7777777777777777,33.33333333333333,300.0002564133406
0.8888888888888888,0.1111111111111111,0.8888888888888888,33.33333333333333,300.0000202948552
0.8888888888888888,0.1111111111111111,1.0,33.33333333333333,300.0000006896781
0.8888888888888888,0.2222222222222222,0.0,33.33333333333333,300.0000087136692
0.8888888888888888,0.2222222222222222,0.1111111111111111,33.33333333333333,300.0002564133406
0.8888888888888888,0.2222222222222222,0.2222222222222222,33.33333333333333,300.0032396289974
0.8888888888888888,0.2222222222222222,0.3333333333333333,33.33333333333333,300.0175737745849
0.8888888888888888,0.2222222222222222,0.4444444444444444,33.33333333333333,300.0409307722298
0.8888888888888888,0.2222222222222222,0.5555555555555556,33.33333333333333,300.0409307722298
0.8888888888888888,0.2222222222222222,0.6666666666666666,33.33333333333333,300.0175737745849
0.8888888888888888,0.2222222222222222,0.7777777777777777,33.33333333333333,300.0032396289974
0.8888888888888888,0.2222222222222222,0.8888888888888888,33.33333333333333,300.0002564133406
0.8888888888888888,0.2222222222222222,1.0,33.33333333333333,300.0000087136692
0.8888888888888888,0.3333333333333333,0.0,33.33333333333333,300.0000472683936
0.8888888888888888,0.3333333333333333,0.1111111111111111,33.33333333333333,300.0013909463867
0.8888888888888888,0.3333333333333333,0.2222222222222222,33.33333333333333,300.0175737745849
0.8888888888888888,0.3333333333333333,0.3333333333333333,33.33333333333333,300.0953311485381
0.8888888888888888,0.3333333333333333,0.4444444444444444,33.33333333333333,300.2220341172789
0.8888888888888888,0.3333333333333333,0.5555555555555556,33.33333333333333,300.2220341172789
0.8888888888888888,0.3333333333333333,0.6666666666666666,33.33333333333333,300.0953311485381
0.8888888888888888,0.3333333333333333,0.7777777777777777,33.33333333333333,300.0175737745849
0.8888888888888888,0.3333333333333333,0.8888888888888888,33.33333333333333,300.0013909463867
0.8888888888888888,0.3333333333333333,1.0,33.33333333333333,300.0000472683936
0.8888888888888888,0.4444444444444444,0.0,33.33333333333333,300.000110091992
0.8888888888888888,0.4444444444444444,0.1111111111111111,33.33333333333333,300.0032396289974
0.8888888888888888,0.4444444444444444,0.2222222222222222,33.33333333333333,300.0409307722298
0.8888888888888888,0.4444444444444444,0.3333333333333333,33.33333333333333,300.2220341172789
0.8888888888888888,0.4444444444444444,0.4444444444444444,33.33333333333333,300.51713579445794
0.8888888888888888,0.4444444444444444,0.5555555555555556,33.33333333333333,300.51713579445794
0.8888888888888888,0.4444444444444444,0.6666666666666666,33.33333333333333,300.2220341172789
0.8888888888888888,0.4444444444444444,0.7777777777777777,33.33333333333333,300.0409307722298
0.8888888888888888,0.4444444444444444,0.8888888888888888,33.33333333333333,300.0032396289974
0.8888888888888888,0.4444444444444444,1.0,33.33333333333333,300.000110091992
0.8888888888888888,0.5555555555555556,0.0,33.33333333333333,300.000110091992
0.8888888888888888,0.5555555555555556,0.1111111111111111,33.33333333333333,300.0032396289974
0.8888888888888888,0.5555555555555556,0.2222222222222222,33.33333333333333,300.0409307722298
0.8888888888888888,0.5555555555555556,0.3333333333333333,33.33333333333333,300.2220341172789
0.8888888888888888,0.5555555555555556,0.4444444444444444,33.33333333333333,300.51713579445794
0.8888888888888888,0.5555555555555556,0.5555555555555556,33.33333333333333,300.51713579445794
0.8888888888888888,0.5555555555555556,0.6666666666666666,33.33333333333333,300.2220341172789
0.8888888888888888,0.5555555555555556,0.7777777777777777,33.33333333333333,300.0409307722298
0.8888888888888888,0.5555555555555556,0.8888888888888888,33.33333333333333,300.0032396289974
0.8888888888888888,0.5555555555555556,1.0,33.33333333333333,300.000110091992
0.8888888888888888,0.6666666666666666,0.0,33.33333333333333,300.0000472683936
0.8888888888888888,0.6666666666666666,0.1111111111111111,33.33333333333333,300.0013909463867
0.8888888888888888,0.6666666666666666,0.2222222222222222,33.33333333333333,300.0175737745849
0.8888888888888888,0.6666666666666666,0.3333333333333333,33.33333333333333,300.0953311485381
0.8888888888888888,0.6666666666666666,0.4444444444444444,33.33333333333333,300.2220341172789
0.8888888888888888,0.6666666666666666,0.5555555555555556,33.33333333333333,300.2220341172789
0.8888888888888888,0.6666666666666666,0.6666666666666666,33.33333333333333,300.0953311485381
0.8888888888888888,0.6666666666666666,0.7777777777777777,33.33333333333333,300.0175737745849
0.8888888888888888,0.6666666666666666,0.8888888888888888,33.33333333333333,300.0013909463867
0.8888888888888888,0.6666666666666666,1.0,33.33333333333333,300.0000472683936
0.8888888888888888,0.7777777777777777,0.0,33.33333333333333,300.0000087136692
0.8888888888888888,0.7777777777777777,0.1111111111111111,33.33333333333333,300.0002564133406
0.8888888888888888,0.7777777777777777,0.2222222222222222,33.33333333333333,300.0032396289974
0.8888888888888888,0.7777777777777777,0.3333333333333333,33.33333333333333,300.0175737745849
0.8888888888888888,0.7777777777777777,0.4444444444444444,33.33333333333333,300.0409307722298
0.8888888888888888,0.7777777777777777,0.5555555555555556,33.33333333333333,300.0409307722298
0.8888888888888888,0.7777777777777777,0.6666666666666666,33.33333333333333,300.0175737745849
0.8888888888888888,0.7777777777777777,0.7777777777777777,33.33333333333333,300.0032396289974
0.8888888888888888,0.7777777777777777,0.8888888888888888,33.33333333333333,300.0002564133406
0.8888888888888888,0.7777777777777777,1.0,33.33333333333333,300.0000087136692
0.8888888888888888,0.8888888888888888,0.0,33.33333333333333,300.0000006896781
0.8888888888888888,0.8888888888888888,0.1111111111111111,33.33333333333333,300.0000202948552
0.8888888888888888,0.8888888888888888,0.2222222222222222,33.33333333333333,300.0002564133406
0.8888888888888888,0.8888888888888888,0.3333333333333333,33.33333333333333,300.0013909463867
0.8888888888888888,0.8888888888888888,0.4444444444444444,33.33333333333333,300.0032396289974
0.8888888888888888,0.8888888888888888,0.5555555555555556,33.33333333333333,300.0032396289974
0.8888888888888888,0.8888888888888888,0.6666666666666666,33.33333333333333,300.0013909463867
0.8888888888888888,0.8888888888888888,0.7777777777777777,33.33333333333333,300.0002564133406
0.8888888888888888,0.8888888888888888,0.8888888888888888,33.33333333333333,300.0000202948552
0.8888888888888888,0.8888888888888888,1.0,33.33333333333333,300.0000006896781
0.8888888888888888,1.0,0.0,33.33333333333333,300.0000000234373
0.8888888888888888,1.0,0.1111111111111111,33.33333333333333,300.0000006896781
0.8888888888888888,1.0,0.2222222222222222,33.33333333333333,300.0000087136692
0.8888888888888888,1.0,0.3333333333333333,33.33333333333333,300.0000472683936
0.8888888888888888,1.0,0.4444444444444444,33.33333333333333,300.000110091992
0.8888888888888888,1.0,0.5555555555555556,33.33333333333333,300.000110091992
0.8888888888888888,1.0,0.6666666666666666,33.33333333333333,300.0000472683936
0.8888888888888888,1.0,0.7777777777777777,33.33333333333333,300.0000087136692
0.8888888888888888,1.0,0.8888888888888888,33.33333333333333,300.0000006896781
0.8888888888888888,1.0,1.0,33.33333333333333,300.0000000234373
1.0,0.0,0.0,33.33333333333333,300.0000000007965
1.0,0.0,0.1111111111111111,33.33333333333333,300.0000000234373
1.0,0.0,0.2222222222222222,33.33333333333333,300.0000002961158
1.0,0.0,0.3333333333333333,33.33333333333333,300.00000160631714
1.0,0.0,0.4444444444444444,33.33333333333333,300.0000037412453
1.0,0.0,0.5555555555555556,33.33333333333333,300.0000037412453
1.0,0.0,0.6666666666666666,33.33333333333333,300.00000160631714
1.0,0.0,0.7777777777777777,33.33333333333333,300.0000002961158
1.0,0.0,0.8888888888888888,33.33333333333333,300.0000000234373
1.0,0.0,1.0,33.33333333333333,300.0000000007965
1.0,0.1111111111111111,0.0,33.33333333333333,300.0000000234373
1.0,0.1111111111111111,0.1111111111111111,33.33333333333333,300.0000006896781
1.0,0.1111111111111111,0.2222222222222222,33.33333333333333,300.0000087136692
1.0,0.1111111111111111,0.3333333333333333,33.33333333333333,300.0000472683936
1.0,0.1111111111111111,0.4444444444444444,33.33333333333333,300.000110091992
1.0,0.1111111111111111,0.5555555555555556,33.33333333333333,300.000110091992
1.0,0.1111111111111111,0.6666666666666666,33.33333333333333,300.0000472683936
1.0,0.1111111111111111,0.7777777777777777,33.33333333333333,300.0000087136692
1.0,0.1111111111111111,0.8888888888888888,33.33333333333333,300.0000006896781
1.0,0.1111111111111111,1.0,33.33333333333333,300.0000000234373
1.0,0.2222222222222222,0.0,33.33333333333333,300.0000002961158
1.0,0.2222222222222222,0.1111111111111111,33.33333333333333,300.0000087136692
1.0,0.2222222222222222,0.2222222222222222,33.33333333333333,300.000110091992
1.0,0.2222222222222222,0.3333333333333333,33.33333333333333,300.0005972078446
1.0,0.2222222222222222,0.4444444444444444,33.33333333333333,300.0013909463867
1.0,0.2222222222222222,0.5555555555555556,33.33333333333333,300.0013909463867
1.0,0.2222222222222222,0.6666666666666666,33.33333333333333,300.0005972078446
1.0,0.2222222222222222,0.7777777777777777,33.33333333333333,300.000110091992
1.0,0.2222222222222222,0.8888888888888888,33.33333333333333,300.0000087136692
1.0,0.2222222222222222,1.0,33.33333333333333,300.0000002961158
1.0,0.3333333333333333,0.0,33.33333333333333,300.00000160631714
1.0,0.3333333333333333,0.1111111111111111,33.33333333333333,300.0000472683936
1.0,0.3333333333333333,0.2222222222222222,33.33333333333333,300.0005972078446
1.0,0.3333333333333333,0.3333333333333333,33.33333333333333,300.0032396289974
1.0,0.3333333333333333,0.4444444444444444,33.33333333333333,300.0075453634597
1.0,0.3333333333333333,0.5555555555555556,33.33333333333333,300.0075453634597
1.0,0.3333333333333333,0.6666666666666666,33.33333333333333,300.0032396289974
1.0,0.3333333333333333,0.7777777777777777,33.33333333333333,300.0005972078446
1.0,0.3333333333333333,0.8888888888888888,33.33333333333333,300.0000472683936
1.0,0.3333333333333333,1.0,33.33333333333333,300.00000160631714
1.0,0.4444444444444444,0.0,33.33333333333333,300.0000037412453
1.0,0.4444444444444444,0.1111111111111111,33.33333333333333,300.000110091992
1.0,0.4444444444444444,0.2222222222222222,33.33333333333333,300.0013909463867
1.0,0.4444444444444444,0.3333333333333333,33.33333333333333,300.0075453634597
1.0,0.4444444444444444,0.4444444444444444,33.33333333333333,300.0175737745849
1.0,0.4444444444444444,0.5555555555555556,33.33333333333333,300.0175737745849
1.0,0.4444444444444444,0.6666666666666666,33.33333333333333,300.0075453634597
1.0,0.4444444444444444,0.7777777777777777,33.33333333333333,300.0013909463867
1.0,0.4444444444444444,0.8888888888888888,33.33333333333333,300.000110091992
1.0,0.4444444444444444,1.0,33.33333333333333,300.0000037412453
1.0,0.5555555555555556,0.0,33.33333333333333,300.0000037412453
1.0,0.5555555555555556,0.1111111111111111,33.33333333333333,300.000110091992
1.0,0.5555555555555556,0.2222222222222222,33.33333333333333,300.0013909463867
1.0,0.5555555555555556,0.3333333333333333,33.33333333333333,300.0075453634597
1.0,0.5555555555555556,0.4444444444444444,33.33333333333333,300.0175737745849
1.0,0.5555555555555556,0.5555555555555556,33.33333333333333,300.0175737745849
1.0,0.5555555555555556,0.6666666666666666,33.33333333333333,300.0075453634597
1.0,0.5555555555555556,0.7777777777777777,33.33333333333333,300.0013909463867
1.0,0.5555555555555556,0.8888888888888888,33.33333333333333,300.000110091992
1.0,0.5555555555555556,1.0,33.33333333333333,300.0000037412453
1.0,0.6666666666666666,0.0,33.33333333333333,300.00000160631714
1.0,0.6666666666666666,0.1111111111111111,33.33333333333333,300.0000472683936
1.0,0.6666666666666666,0.2222222222222222,33.33333333333333,300.0005972078446
1.0,0.6666666666666666,0.3333333333333333,33.33333333333333,300.0032396289974
1.0,0.6666666666666666,0.4444444444444444,33.33333333333333,300.0075453634597
1.0,0.6666666666666666,0.5555555555555556,33.33333333333333,300.0075453634597
1.0,0.6666666666666666,0.6666666666666666,33.33333333333333,300.0032396289974
1.0,0.6666666666666666,0.7777777777777777,33.33333333333333,300.0005972078446
1.0,0.6666666666666666,0.8888888888888888,33.33333333333333,300.0000472683936
1.0,0.6666666666666666,1.0,33.33333333333333,300.00000160631714
1.0,0.7777777777777777,0.0,33.33333333333333,300.0000002961158
1.0,0.7777777777777777,0.1111111111111111,33.33333333333333,300.0000087136692
1.0,0.7777777777777777,0.2222222222222222,33.33333333333333,300.000110091992
1.0,0.7777777777777777,0.3333333333333333,33.33333333333333,300.0005972078446
1.0,0.7777777777777777,0.4444444444444444,33.33333333333333,300.0013909463867
1.0,0.7777777777777777,0.5555555555555556,33.33333333333333,300.0013909463867
1.0,0.7777777777777777,0.6666666666666666,33.33333333333333,300.0005972078446
1.0,0.7777777777777777,0.7777777777777777,33.33333333333333,300.000110091992
1.0,0.7777777777777777,0.8888888888888888,33.33333333333333,300.0000087136692
1.0,0.7777777777777777,1.0,33.33333333333333,300.0000002961158
1.0,0.8888888888888888,0.0,33.33333333333333,300.0000000234373
1.0,0.8888888888888888,0.1111111111111111,33.33333333333333,300.0000006896781
1.0,0.8888888888888888,0.2222222222222222,33.33333333333333,300.0000087136692
1.0,0.8888888888888888,0.3333333333333333,33.33333333333333,300.0000472683936
1.0,0.8888888888888888,0.4444444444444444,33.33333333333333,300.000110091992
1.0,0.8888888888888888,0.5555555555555556,33.33333333333333,300.000110091992
1.0,0.8888888888888888,0.6666666666666666,33.33333333333333,300.0000472683936
1.0,0.8888888888888888,0.7777777777777777,33.33333333333333,300.0000087136692
1.0,0.8888888888888888,0.8888888888888888,33.33333333333333,300.0000006896781
1.0,0.8888888888888888,1.0,33.33333333333333,300.0000000234373
1.0,1.0,0.0,33.33333333333333,300.0000000007965
1.0,1.0,0.1111111111111111,33.33333333333333,300.0000000234373
1.0,1.0,0.2222222222222222,33.33333333333333,300.0000002961158
1.0,1.0,0.3333333333333333,33.33333333333333,300.00000160631714
1.0,1.0,0.4444444444444444,33.33333333333333,300.0000037412453
1.0,1.0,0.5555555555555556,33.33333333333333,300.0000037412453
1.0,1.0,0.6666666666666666,33.33333333333333,300.00000160631714
1.0,1.0,0.7777777777777777,33.33333333333333,300.0000002961158
1.0,1.0,0.8888888888888888,33.33333333333333,300.0000000234373
1.0,1.0,1.0,33.33333333333333,300.0000000007965
0.0,0.0,0.0,44.44444444444444,300.0000000078778
0.0,0.0,0.1111111111111111,44.44444444444444,300.00000016807985
0.0,0.0,0.2222222222222222,44.44444444444444,300.0000016685833
0.0,0.0,0.3333333333333333,44.44444444444444,300.0000077073079
0.0,0.0,0.4444444444444444,44.44444444444444,300.000016564568
0.0,0.0,0.5555555555555556,44.44444444444444,300.000016564568
0.0,0.0,0.6666666666666666,44.44444444444444,300.0000077073079
0.0,0.0,0.7777777777777777,44.44444444444444,300.0000016685833
0.0,0.0,0.8888888888888888,44.44444444444444,300.00000016807985
0.0,0.0,1.0,44.44444444444444,300.0000000078778
0.0,0.1111111111111111,0.0,44.44444444444444,300.00000016807985
0.0,0.1111111111111111,0.1111111111111111,44.44444444444444,300.00000358612397
0.0,0.1111111111111111,0.2222222222222222,44.44444444444444,300.0000356006167
0.0,0.1111111111111111,0.3333333333333333,44.44444444444444,300.0001644418425
0.0,0.1111111111111111,0.4444444444444444,44.44444444444444,300.0003534188757
0.0,0.1111111111111111,0.5555555555555556,44.44444444444444,300.0003534188757
0.0,0.1111111111111111,0.6666666666666666,44.44444444444444,300.0001644418425
0.0,0.1111111111111111,0.7777777777777777,44.44444444444444,300.0000356006167
0.0,0.1111111111111111,0.8888888888888888,44.44444444444444,300.00000358612397
0.0,0.1111111111111111,1.0,44.44444444444444,300.00000016807985
0.0,0.2222222222222222,0.0,44.44444444444444,300.0000016685833
0.0,0.2222222222222222,0.1111111111111111,44.44444444444444,300.0000356006167
0.0,0.2222222222222222,0.2222222222222222,44.44444444444444,300.0003534188757
0.0,0.2222222222222222,0.3333333333333333,44.44444444444444,300.0016324675394
0.0,0.2222222222222222,0.4444444444444444,44.44444444444444,300.00350850387923
0.0,0.2222222222222222,0.5555555555555556,44.44444444444444,300.00350850387923
0.0,0.2222222222222222,0.6666666666666666,44.44444444444444,300.0016324675394
0.0,0.2222222222222222,0.7777777777777777,44.44444444444444,300.0003534188757
0.0,0.2222222222222222,0.8888888888888888,44.44444444444444,300.0000356006167
0.0,0.2222222222222222,1.0,44.44444444444444,300.0000016685833
0.0,0.3333333333333333,0.0,44.44444444444444,300.0000077073079
0.0,0.3333333333333333,0.1111111111111111,44.44444444444444,300.0001644418425
0.0,0.3333333333333333,0.2222222222222222,44.44444444444444,300.0016324675394
0.0,0.3333333333333333,0.3333333333333333,44.44444444444444,300.0075404865171
0.0,0.3333333333333333,0.4444444444444444,44.44444444444444,300.0162060350711
0.0,0.3333333333333333,0.5555555555555556,44.44444444444444,300.0162060350711
0.0,0.3333333333333333,0.6666666666666666,44.44444444444444,300.0075404865171
0.0,0.3333333333333333,0.7777777777777777,44.44444444444444,300.0016324675394
0.0,0.3333333333333333,0.8888888888888888,44.44444444444444,300.0001644418425
0.0,0.3333333333333333,1.0,44.44444444444444,300.0000077073079
0.0,0.4444444444444444,0.0,44.44444444444444,300.000016564568
0.0,0.4444444444444444,0.1111111111111111,44.44444444444444,300.0003534188757
0.0,0.4444444444444444,0.2222222222222222,44.44444444444444,300.00350850387923
0.0,0.4444444444444444,0.3333333333333333,44.44444444444444,300.0162060350711
0.0,0.4444444444444444,0.4444444444444444,44.44444444444444,300.03483005667226
0.0,0.4444444444444444,0.5555555555555556,44.44444444444444,300.03483005667226
0.0,0.4444444444444444,0.6666666666666666,44.44444444444444,300.0162060350711
0.0,0.4444444444444444,0.7777777777777777,44.44444444444444,300.00350850387923
0.0,0.4444444444444444,0.8888888888888888,44.44444444444444,300.0003534188757
0.0,0.4444444444444444,1.0,44.44444444444444,300.000016564568
0.0,0.5555555555555556,0.0,44.44444444444444,300.000016564568
0.0,0.5555555555555556,0.1111111111111111,44.44444444444444,300.0003534188757
0.0,0.5555555555555556,0.2222222222222222,44.44444444444444,300.00350850387923
0.0,0.5555555555555556,0.3333333333333333,44.44444444444444,300.0162060350711
0.0,0.5555555555555556,0.4444444444444444,44.44444444444444,300.03483005667226
0.0,0.5555555555555556,0.5555555555555556,44.44444444444444,300.03483005667226
0.0,0.5555555555555556,0.6666666666666666,44.44444444444444,300.0162060350711
0.0,0.5555555555555556,0.7777777777777777,44.44444444444444,300.00350850387923
0.0,0.5555555555555556,0.8888888888888888,44.44444444444444,300.0003534188757
0.0,0.5555555555555556,1.0,44.44444444444444,300.000016564568
0.0,0.6666666666666666,0.0,44.44444444444444,300.0000077073079
0.0,0.6666666666666666,0.1111111111111111,44.44444444444444,300.0001644418425
0.0,0.6666666666666666,0.2222222222222222,44.44444444444444,300.0016324675394
0.0,0.6666666666666666,0.3333333333333333,44.44444444444444,300.0075404865171
0.0,0.6666666666666666,0.4444444444444444,44.44444444444444,300.0162060350711
0.0,0.6666666666666666,0.5555555555555556,44.44444444444444,300.0162060350711
0.0,0.6666666666666666,0.6666666666666666,44.44444444444444,300.0075404865171
0.0,0.6666666666666666,0.7777777777777777,44.44444444444444,300.0016324675394
0.0,0.6666666666666666,0.8888888888888888,44.44444444444444,300.0001644418425
0.0,0.6666666666666666,1.0,44.44444444444444,300.0000077073079
0.0,0.7777777777777777,0.0,44.44444444444444,300.0000016685833
0.0,0.7777777777777777,0.1111111111111111,44.44444444444444,300.0000356006167
0.0,0.7777777777777777,0.2222222222222222,44.44444444444444,300.0003534188757
0.0,0.7777777777777777,0.3333333333333333,44.44444444444444,300.0016324675394
0.0,0.7777777777777777,0.4444444444444444,44.44444444444444,300.00350850387923
0.0,0.7777777777777777,0.5555555555555556,44.44444444444444,300.00350850387923
0.0,0.7777777777777777,0.6666666666666666,44.44444444444444,300.0016324675394
0.0,0.7777777777777777,0.7777777777777777,44.44444444444444,300.0003534188757
0.0,0.7777777777777777,0.8888888888888888,44.44444444444444,300.0000356006167
0.0,0.7777777777777777,1.0,44.44444444444444,300.0000016685833
0.0,0.8888888888888888,0.0,44.44444444444444,300.00000016807985
0.0,0.8888888888888888,0.1111111111111111,44.44444444444444,300.00000358612397
0.0,0.8888888888888888,0.2222222222222222,44.44444444444444,300.0000356006167
0.0,0.8888888888888888,0.3333333333333333,44.44444444444444,300.0001644418425
0.0,0.8888888888888888,0.4444444444444444,44.44444444444444,300.0003534188757
0.0,0.8888888888888888,0.5555555555555556,44.44444444444444,300.0003534188757
0.0,0.8888888888888888,0.6666666666666666,44.44444444444444,300.0001644418425
0.0,0.8888888888888888,0.7777777777777777,44.44444444444444,300.0000356006167
0.0,0.8888888888888888,0.8888888888888888,44.44444444444444,300.00000358612397
0.0,0.8888888888888888,1.0,44.44444444444444,300.00000016807985
0.0,1.0,0.0,44.44444444444444,300.0000000078778
0.0,1.0,0.1111111111111111,44.44444444444444,300.00000016807985
0.0,1.0,0.2222222222222222,44.44444444444444,300.0000016685833
0.0,1.0,0.3333333333333333,44.44444444444444,300.0000077073079
0.0,1.0,0.4444444444444444,44.44444444444444,300.000016564568
0.0,1.0,0.5555555555555556,44.44444444444444,300.000016564568
0.0,1.0,0.6666666666666666,44.44444444444444,300.0000077073079
0.0,1.0,0.7777777777777777,44.44444444444444,300.0000016685833
0.0,1.0,0.8888888888888888,44.44444444444444,300.00000016807985
0.0,1.0,1.0,44.44444444444444,300.0000000078778
0.1111111111111111,0.0,0.0,44.44444444444444,300.00000016807985
0.1111111111111111,0.0,0.1111111111111111,44.44444444444444,300.00000358612397
0.1111111111111111,0.0,0.2222222222222222,44.44444444444444,300.0000356006167
0.1111111111111111,0.0,0.3333333333333333,44.44444444444444,300.0001644418425
0.1111111111111111,0.0,0.4444444444444444,44.44444444444444,300.0003534188757
0.1111111111111111,0.0,0.5555555555555556,44.44444444444444,300.0003534188757
0.1111111111111111,0.0,0.6666666666666666,44.44444444444444,300.0001644418425
0.1111111111111111,0.0,0.7777777777777777,44.44444444444444,300.0000356006167
0.1111111111111111,0.0,0.8888888888888888,44.44444444444444,300.00000358612397
0.1111111111111111,0.0,1.0,44.44444444444444,300.00000016807985
0.1111111111111111,0.1111111111111111,0.0,44.44444444444444,300.00000358612397
0.1111111111111111,0.1111111111111111,0.1111111111111111,44.44444444444444,300.00007651294663
0.1111111111111111,0.1111111111111111,0.2222222222222222,44.44444444444444,300.00075956885297
0.1111111111111111,0.1111111111111111,0.3333333333333333,44.44444444444444,300.00350850387923
0.1111111111111111,0.1111111111111111,0.4444444444444444,44.44444444444444,300.0075404865171
0.1111111111111111,0.1111111111111111,0.5555555555555556,44.44444444444444,300.0075404865171
0.1111111111111111,0.1111111111111111,0.6666666666666666,44.44444444444444,300.00350850387923
0.1111111111111111,0.1111111111111111,0.7777777777777777,44.44444444444444,300.00075956885297
0.1111111111111111,0.1111111111111111,0.8888888888888888,44.44444444444444,300.00007651294663
0.1111111111111111,0.1111111111111111,1.0,44.44444444444444,300.00000358612397
0.1111111111111111,0.2222222222222222,0.0,44.44444444444444,300.0000356006167
0.1111111111111111,0.2222222222222222,0.1111111111111111,44.44444444444444,300.00075956885297
0.1111111111111111,0.2222222222222222,0.2222222222222222,44.44444444444444,300.0075404865171
0.1111111111111111,0.2222222222222222,0.3333333333333333,44.44444444444444,300.03483005667226
0.1111111111111111,0.2222222222222222,0.4444444444444444,44.44444444444444,300.0748568568728
0.1111111111111111,0.2222222222222222,0.5555555555555556,44.44444444444444,300.0748568568728
0.1111111111111111,0.2222222222222222,0.6666666666666666,44.44444444444444,300.03483005667226
0.1111111111111111,0.2222222222222222,0.7777777777777777,44.44444444444444,300.0075404865171
0.1111111111111111,0.2222222222222222,0.8888888888888888,44.44444444444444,300.00075956885297
0.1111111111111111,0.2222222222222222,1.0,44.44444444444444,300.0000356006167
0.1111111111111111,0.3333333333333333,0.0,44.44444444444444,300.0001644418425
0.1111111111111111,0.3333333333333333,0.1111111111111111,44.44444444444444,300.00350850387923
0.1111111111111111,0.3333333333333333,0.2222222222222222,44.44444444444444,300.03483005667226
0.1111111111111111,0.3333333333333333,0.3333333333333333,44.44444444444444,300.16088256971864
0.1111111111111111,0.3333333333333333,0.4444444444444444,44.44444444444444,300.3457692764638
0.1111111111111111,0.3333333333333333,0.5555555555555556,44.44444444444444,300.3457692764638
0.1111111111111111,0.3333333333333333,0.6666666666666666,44.44444444444444,300.16088256971864
0.1111111111111111,0.3333333333333333,0.7777777777777777,44.44444444444444,300.03483005667226
0.1111111111111111,0.3333333333333333,0.8888888888888888,44.44444444444444,300.00350850387923
0.1111111111111111,0.3333333333333333,1.0,44.44444444444444,300.0001644418425
0.1111111111111111,0.4444444444444444,0.0,44.44444444444444,300.0003534188757
0.1111111111111111,0.4444444444444444,0.1111111111111111,44.44444444444444,300.0075404865171
0.1111111111111111,0.4444444444444444,0.2222222222222222,44.44444444444444,300.0748568568728
0.1111111111111111,0.4444444444444444,0.3333333333333333,44.44444444444444,300.3457692764638
0.1111111111111111,0.4444444444444444,0.4444444444444444,44.44444444444444,300.74312831250376
0.1111111111111111,0.4444444444444444,0.5555555555555556,44.44444444444444,300.74312831250376
0.1111111111111111,0.4444444444444444,0.6666666666666666,44.44444444444444,300.3457692764638
0.1111111111111111,0.4444444444444444,0.7777777777777777,44.44444444444444,300.0748568568728
0.1111111111111111,0.4444444444444444,0.8888888888888888,44.44444444444444,300.0075404865171
0.1111111111111111,0.4444444444444444,1.0,44.44444444444444,300.0003534188757
0.1111111111111111,0.5555555555555556,0.0,44.44444444444444,300.0003534188757
0.1111111111111111,0.5555555555555556,0.1111111111111111,44.44444444444444,300.0075404865171
0.1111111111111111,0.5555555555555556,0.2222222222222222,44.44444444444444,300.0748568568728
0.1111111111111111,0.5555555555555556,0.3333333333333333,44.44444444444444,300.3457692764638
0.1111111111111111,0.5555555555555556,0.4444444444444444,44.44444444444444,300.74312831250376
0.1111111111111111,0.5555555555555556,0.5555555555555556,44.44444444444444,300.74312831250376
0.1111111111111111,0.5555555555555556,0.6666666666666666,44.44444444444444,300.3457692764638
0.1111111111111111,0.5555555555555556,0.7777777777777777,44.44444444444444,300.0748568568728
0.1111111111111111,0.5555555555555556,0.8888888888888888,44.44444444444444,300.0075404865171
0.1111111111111111,0.5555555555555556,1.0,44.44444444444444,300.0003534188757
0.1111111111111111,0.6666666666666666,0.0,44.44444444444444,300.0001644418425
0.1111111111111111,0.6666666666666666,0.1111111111111111,44.44444444444444,300.00350850387923
0.1111111111111111,0.6666666666666666,0.2222222222222222,44.44444444444444,300.03483005667226
0.1111111111111111,0.6666666666666666,0.3333333333333333,44.44444444444444,300.16088256971864
0.1111111111111111,0.6666666666666666,0.4444444444444444,44.44444444444444,300.3457692764638
0.1111111111111111,0.6666666666666666,0.5555555555555556,44.44444444444444,300.3457692764638
0.1111111111111111,0.6666666666666666,0.6666666666666666,44.44444444444444,300.16088256971864
0.1111111111111111,0.6666666666666666,0.7777777777777777,44.44444444444444,300.03483005667226
0.1111111111111111,0.6666666666666666,0.8888888888888888,44.44444444444444,300.00350850387923
0.1111111111111111,0.6666666666666666,1.0,44.44444444444444,300.0001644418425
0.1111111111111111,0.7777777777777777,0.0,44.44444444444444,300.0000356006167
0.1111111111111111,0.7777777777777777,0.1111111111111111,44.44444444444444,300.00075956885297
0.1111111111111111,0.7777777777777777,0.2222222222222222,44.44444444444444,300.0075404865171
0.1111111111111111,0.7777777777777777,0.3333333333333333,44.44444444444444,300.03483005667226
0.1111111111111111,0.7777777777777777,0.4444444444444444,44.44444444444444,300.0748568568728
0.1111111111111111,0.7777777777777777,0.5555555555555556,44.44444444444444,300.0748568568728
0.1111111111111111,0.7777777777777777,0.6666666666666666,44.44444444444444,300.03483005667226
0.1111111111111111,0.7777777777777777,0.7777777777777777,44.44444444444444,300.0075404865171
0.1111111111111111,0.7777777777777777,0.8888888888888888,44.44444444444444,300.00075956885297
0.1111111111111111,0.7777777777777777,1.0,44.44444444444444,300.0000356006167
0.1111111111111111,0.8888888888888888,0.0,44.44444444444444,300.00000358612397
0.1111111111111111,0.8888888888888888,0.1111111111111111,44.44444444444444,300.00007651294663
0.1111111111111111,0.8888888888888888,0.2222222222222222,44.44444444444444,300.00075956885297
0.1111111111111111,0.8888888888888888,0.3333333333333333,44.44444444444444,300.00350850387923
0.1111111111111111,0.8888888888888888,0.4444444444444444,44.44444444444444,300.0075404865171
0.1111111111111111,0.8888888888888888,0.5555555555555556,44.44444444444444,300.0075404865171
0.1111111111111111,0.8888888888888888,0.6666666666666666,44.44444444444444,300.00350850387923
0.1111111111111111,0.8888888888888888,0.7777777777777777,44.44444444444444,300.00075956885297
0.1111111111111111,0.8888888888888888,0.8888888888888888,44.44444444444444,300.00007651294663
0.1111111111111111,0.8888888888888888,1.0,44.44444444444444,300.00000358612397
0.1111111111111111,1.0,0.0,44.44444444444444,300.00000016807985
0.1111111111111111,1.0,0.1111111111111111,44.44444444444444,300.00000358612397
0.1111111111111111,1.0,0.2222222222222222,44.44444444444444,300.0000356006167
0.1111111111111111,1.0,0.3333333333333333,44.44444444444444,300.0001644418425
0.1111111111111111,1.0,0.4444444444444444,44.44444444444444,300.0003534188757
0.1111111111111111,1.0,0.5555555555555556,44.44444444444444,300.0003534188757
0.1111111111111111,1.0,0.6666666666666666,44.44444444444444,300.0001644418425
0.1111111111111111,1.0,0.7777777777777777,44.44444444444444,300.0000356006167
0.1111111111111111,1.0,0.8888888888888888,44.44444444444444,300.00000358612397
0.1111111111111111,1.0,1.0,44.44444444444444,300.00000016807985
0.2222222222222222,0.0,0.0,44.44444444444444,300.0000016685833
0.2222222222222222,0.0,0.1111111111111111,44.44444444444444,300.0000356006167
0.2222222222222222,0.0,0.2222222222222222,44.44444444444444,300.0003534188757
0.2222222222222222,0.0,0.3333333333333333,44.44444444444444,300.0016324675394
0.2222222222222222,0.0,0.4444444444444444,44.44444444444444,300.00350850387923
0.2222222222222222,0.0,0.5555555555555556,44.44444444444444,300.00350850387923
0.2222222222222222,0.0,0.6666666666666666,44.44444444444444,300.0016324675394
0.2222222222222222,0.0,0.7777777777777777,44.44444444444444,300.0003534188757
0.2222222222222222,0.0,0.8888888888888888,44.44444444444444,300.0000356006167
0.2222222222222222,0.0,1.0,44.44444444444444,300.0000016685833
0.2222222222222222,0.1111111111111111,0.0,44.44444444444444,300.0000356006167
0.2222222222222222,0.1111111111111111,0.1111111111111111,44.44444444444444,300.00075956885297
0.2222222222222222,0.1111111111111111,0.2222222222222222,44.44444444444444,300.0075404865171
0.2222222222222222,0.1111111111111111,0.3333333333333333,44.44444444444444,300.03483005667226
0.2222222222222222,0.1111111111111111,0.4444444444444444,44.44444444444444,300.0748568568728
0.2222222222222222,0.1111111111111111,0.5555555555555556,44.44444444444444,300.0748568568728
0.2222222222222222,0.1111111111111111,0.6666666666666666,44.44444444444444,300.03483005667226
0.2222222222222222,0.1111111111111111,0.7777777777777777,44.44444444444444,300.0075404865171
0.2222222222222222,0.1111111111111111,0.8888888888888888,44.44444444444444,300.00075956885297
0.2222222222222222,0.1111111111111111,1.0,44.44444444444444,300.0000356006167
0.2222222222222222,0.2222222222222222,0.0,44.44444444444444,300.0003534188757
0.2222222222222222,0.2222222222222222,0.1111111111111111,44.44444444444444,300.0075404865171
0.2222222222222222,0.2222222222222222,0.2222222222222222,44.44444444444444,300.0748568568728
0.2222222222222222,0.2222222222222222,0.3333333333333333,44.44444444444444,300.3457692764638
0.2222222222222222,0.2222222222222222,0.4444444444444444,44.44444444444444,300.74312831250376
0.2222222222222222,0.2222222222222222,0.5555555555555556,44.44444444444444,300.74312831250376
0.2222222222222222,0.2222222222222222,0.6666666666666666,44.44444444444444,300.3457692764638
0.2222222222222222,0.2222222222222222,0.7777777777777777,44.44444444444444,300.0748568568728
0.2222222222222222,0.2222222222222222,0.8888888888888888,44.44444444444444,300.0075404865171
0.2222222222222222,0.2222222222222222,1.0,44.44444444444444,300.0003534188757
0.2222222222222222,0.3333333333333333,0.0,44.44444444444444,300.0016324675394
0.2222222222222222,0.3333333333333333,0.1111111111111111,44.44444444444444,300.03483005667226
0.2222222222222222,0.3333333333333333,0.2222222222222222,44.44444444444444,300.3457692764638
0.2222222222222222,0.3333333333333333,0.3333333333333333,44.44444444444444,301.59713348303393
0.2222222222222222,0.3333333333333333,0.4444444444444444,44.44444444444444,303.4325638247233
0.2222222222222222,0.3333333333333333,0.5555555555555556,44.44444444444444,303.4325638247233
0.2222222222222222,0.3333333333333333,0.6666666666666666,44.44444444444444,301.59713348303393
0.2222222222222222,0.3333333333333333,0.7777777777777777,44.44444444444444,300.3457692764638
0.2222222222222222,0.3333333333333333,0.8888888888888888,44.44444444444444,300.03483005667226
0.2222222222222222,0.3333333333333333,1.0,44.44444444444444,300.0016324675394
0.2222222222222222,0.4444444444444444,0.0,44.44444444444444,300.00350850387923
0.2222222222222222,0.4444444444444444,0.1111111111111111,44.44444444444444,300.0748568568728
0.2222222222222222,0.4444444444444444,0.2222222222222222,44.44444444444444,300.74312831250376
0.2222222222222222,0.4444444444444444,0.3333333333333333,44.44444444444444,303.4325638247233
0.2222222222222222,0.4444444444444444,0.4444444444444444,44.44444444444444,307.37727593589534
0.2222222222222222,0.4444444444444444,0.5555555555555556,44.44444444444444,307.37727593589534
0.2222222222222222,0.4444444444444444,0.6666666666666666,44.44444444444444,303.4325638247233
0.2222222222222222,0.4444444444444444,0.7777777777777777,44.44444444444444,300.74312831250376
0.2222222222222222,0.4444444444444444,0.8888888888888888,44.44444444444444,300.0748568568728
0.2222222222222222,0.4444444444444444,1.0,44.44444444444444,300.00350850387923
0.2222222222222222,0.5555555555555556,0.0,44.44444444444444,300.00350850387923
0.2222222222222222,0.5555555555555556,0.1111111111111111,44.44444444444444,300.0748568568728
0.2222222222222222,0.5555555555555556,0.2222222222222222,44.44444444444444,300.74312831250376
0.2222222222222222,0.5555555555555556,0.3333333333333333,44.44444444444444,303.4325638247233
0.2222222222222222,0.5555555555555556,0.4444444444444444,44.44444444444444,307.37727593589534
0.2222222222222222,0.5555555555555556,0.5555555555555556,44.44444444444444,307.37727593589534
0.2222222222222222,0.5555555555555556,0.6666666666666666,44.44444444444444,303.4325638247233
0.2222222222222222,0.5555555555555556,0.7777777777777777,44.44444444444444,300.74312831250376
0.2222222222222222,0.5555555555555556,0.8888888888888888,44.44444444444444,300.0748568568728
0.2222222222222222,0.5555555555555556,1.0,44.44444444444444,300.00350850387923
0.2222222222222222,0.6666666666666666,0.0,44.44444444444444,300.0016324675394
0.2222222222222222,0.6666666666666666,0.1111111111111111,44.44444444444444,300.03483005667226
0.2222222222222222,0.6666666666666666,0.2222222222222222,44.44444444444444,300.3457692764638
0.2222222222222222,0.6666666666666666,0.3333333333333333,44.44444444444444,301.59713348303393
0.2222222222222222,0.6666666666666666,0.4444444444444444,44.44444444444444,303.4325638247233
0.2222222222222222,0.6666666666666666,0.5555555555555556,44.44444444444444,303.4325638247233
0.2222222222222222,0.6666666666666666,0.6666666666666666,44.44444444444444,301.59713348303393
0.2222222222222222,0.6666666666666666,0.7777777777777777,44.44444444444444,300.3457692764638
0.2222222222222222,0.6666666666666666,0.8888888888888888,44.44444444444444,300.03483005667226
0.2222222222222222,0.6666666666666666,1.0,44.44444444444444,300.0016324675394
0.2222222222222222,0.7777777777777777,0.0,44.44444444444444,300.0003534188757
0.2222222222222222,0.7777777777777777,0.1111111111111111,44.44444444444444,300.0075404865171
0.2222222222222222,0.7777777777777777,0.2222222222222222,44.44444444444444,300.0748568568728
0.2222222222222222,0.7777777777777777,0.3333333333333333,44.44444444444444,300.3457692764638
0.2222222222222222,0.7777777777777777,0.4444444444444444,44.44444444444444,300.74312831250376
0.2222222222222222,0.7777777777777777,0.5555555555555556,44.44444444444444,300.74312831250376
0.2222222222222222,0.7777777777777777,0.6666666666666666,44.44444444444444,300.3457692764638
0.2222222222222222,0.7777777777777777,0.7777777777777777,44.44444444444444,300.0748568568728
0.2222222222222222,0.7777777777777777,0.8888888888888888,44.44444444444444,300.0075404865171
0.2222222222222222,0.7777777777777777,1.0,44.44444444444444,300.0003534188757
0.2222222222222222,0.8888888888888888,0.0,44.44444444444444,300.0000356006167
0.2222222222222222,0.8888888888888888,0.1111111111111111,44.44444444444444,300.00075956885297
0.2222222222222222,0.8888888888888888,0.2222222222222222,44.44444444444444,300.0075404865171
0.2222222222222222,0.8888888888888888,0.3333333333333333,44.44444444444444,300.03483005667226
0.2222222222222222,0.8888888888888888,0.4444444444444444,44.44444444444444,300.0748568568728
0.2222222222222222,0.8888888888888888,0.5555555555555556,44.44444444444444,300.0748568568728
0.2222222222222222,0.8888888888888888,0.6666666666666666,44.44444444444444,300.03483005667226
0.2222222222222222,0.8888888888888888,0.7777777777777777,44.44444444444444,300.0075404865171
0.2222222222222222,0.8888888888888888,0.8888888888888888,44.44444444444444,300.00075956885297
0.2222222222222222,0.8888888888888888,1.0,44.44444444444444,300.0000356006167
0.2222222222222222,1.0,0.0,44.44444444444444,300.0000016685833
0.2222222222222222,1.0,0.1111111111111111,44.44444444444444,300.0000356006167
0.2222222222222222,1.0,0.2222222222222222,44.44444444444444,300.0003534188757
0.2222222222222222,1.0,0.3333333333333333,44.44444444444444,300.0016324675394
0.2222222222222222,1.0,0.4444444444444444,44.44444444444444,300.00350850387923
0.2222222222222222,1.0,0.5555555555555556,44.44444444444444,300.00350850387923
0.2222222222222222,1.0,0.6666666666666666,44.44444444444444,300.0016324675394
0.2222222222222222,1.0,0.7777777777777777,44.44444444444444,300.0003534188757
0.2222222222222222,1.0,0.8888888888888888,44.44444444444444,300.0000356006167
0.2222222222222222,1.0,1.0,44.44444444444444,300.0000016685833
0.3333333333333333,0.0,0.0,44.44444444444444,300.0000077073079
0.3333333333333333,0.0,0.1111111111111111,44.44444444444444,300.0001644418425
0.3333333333333333,0.0,0.2222222222222222,44.44444444444444,300.0016324675394
0.3333333333333333,0.0,0.3333333333333333,44.44444444444444,300.0075404865171
0.3333333333333333,0.0,0.4444444444444444,44.44444444444444,300.0162060350711
0.3333333333333333,0.0,0.5555555555555556,44.44444444444444,300.0162060350711
0.3333333333333333,0.0,0.6666666666666666,44.44444444444444,300.0075404865171
0.3333333333333333,0.0,0.7777777777777777,44.44444444444444,300.0016324675394
0.3333333333333333,0.0,0.8888888888888888,44.44444444444444,300.0001644418425
0.3333333333333333,0.0,1.0,44.44444444444444,300.0000077073079
0.3333333333333333,0.1111111111111111,0.0,44.44444444444444,300.0001644418425
0.3333333333333333,0.1111111111111111,0.1111111111111111,44.44444444444444,300.00350850387923
0.3333333333333333,0.1111111111111111,0.2222222222222222,44.44444444444444,300.03483005667226
0.3333333333333333,0.1111111111111111,0.3333333333333333,44.44444444444444,300.16088256971864
0.3333333333333333,0.1111111111111111,0.4444444444444444,44.44444444444444,300.3457692764638
0.3333333333333333,0.1111111111111111,0.5555555555555556,44.44444444444444,300.3457692764638
0.3333333333333333,0.1111111111111111,0.6666666666666666,44.44444444444444,300.16088256971864
0.3333333333333333,0.1111111111111111,0.7777777777777777,44.44444444444444,300.03483005667226
0.3333333333333333,0.1111111111111111,0.8888888888888888,44.44444444444444,300.00350850387923
0.3333333333333333,0.1111111111111111,1.0,44.44444444444444,300.0001644418425
0.3333333333333333,0.2222222222222222,0.0,44.44444444444444,300.0016324675394
0.3333333333333333,0.2222222222222222,0.1111111111111111,44.44444444444444,300.03483005667226
0.3333333333333333,0.2222222222222222,0.2222222222222222,44.44444444444444,300.3457692764638
0.3333333333333333,0.2222222222222222,0.3333333333333333,44.44444444444444,301.59713348303393
0.3333333333333333,0.2222222222222222,0.4444444444444444,44.44444444444444,303.4325638247233
0.3333333333333333,0.2222222222222222,0.5555555555555556,44.44444444444444,303.4325638247233
0.3333333333333333,0.2222222222222222,0.6666666666666666,44.44444444444444,301.59713348303393
0.3333333333333333,0.2222222222222222,0.7777777777777777,44.44444444444444,300.3457692764638
0.3333333333333333,0.2222222222222222,0.8888888888888888,44.44444444444444,300.03483005667226
0.3333333333333333,0.2222222222222222,1.0,44.44444444444444,300.0016324675394
0.3333333333333333,0.3333333333333333,0.0,44.44444444444444,300.0075404865171
0.3333333333333333,0.3333333333333333,0.1111111111111111,44.44444444444444,300.16088256971864
0.3333333333333333,0.3333333333333333,0.2222222222222222,44.44444444444444,301.59713348303393
0.3333333333333333,0.3333333333333333,0.3333333333333333,44.44444444444444,307.37727593589534
0.3333333333333333,0.3333333333333333,0.4444444444444444,44.44444444444444,315.8552624258133
0.3333333333333333,0.3333333333333333,0.5555555555555556,44.44444444444444,315.8552624258133
0.3333333333333333,0.3333333333333333,0.6666666666666666,44.44444444444444,307.3772759358954
0.3333333333333333,0.3333333333333333,0.7777777777777777,44.44444444444444,301.59713348303393
0.3333333333333333,0.3333333333333333,0.8888888888888888,44.44444444444444,300.16088256971864
0.3333333333333333,0.3333333333333333,1.0,44.44444444444444,300.0075404865171
0.3333333333333333,0.4444444444444444,0.0,44.44444444444444,300.0162060350711
0.3333333333333333,0.4444444444444444,0.1111111111111111,44.44444444444444,300.3457692764638
0.3333333333333333,0.4444444444444444,0.2222222222222222,44.44444444444444,303.4325638247233
0.3333333333333333,0.4444444444444444,0.3333333333333333,44.44444444444444,315.8552624258133
0.3333333333333333,0.4444444444444444,0.4444444444444444,44.44444444444444,334.076175105262
0.3333333333333333,0.4444444444444444,0.5555555555555556,44.44444444444444,334.076175105262
0.3333333333333333,0.4444444444444444,0.6666666666666666,44.44444444444444,315.8552624258133
0.3333333333333333,0.4444444444444444,0.7777777777777777,44.44444444444444,303.4325638247233
0.3333333333333333,0.4444444444444444,0.8888888888888888,44.44444444444444,300.3457692764638
0.3333333333333333,0.4444444444444444,1.0,44.44444444444444,300.0162060350711
0.3333333333333333,0.5555555555555556,0.0,44.44444444444444,300.0162060350711
0.3333333333333333,0.5555555555555556,0.1111111111111111,44.44444444444444,300.3457692764638
0.3333333333333333,0.5555555555555556,0.2222222222222222,44.44444444444444,303.4325638247233
0.3333333333333333,0.5555555555555556,0.3333333333333333,44.44444444444444,315.8552624258133
0.3333333333333333,0.5555555555555556,0.4444444444444444,44.44444444444444,334.076175105262
0.3333333333333333,0.5555555555555556,0.5555555555555556,44.44444444444444,334.076175105262
0.3333333333333333,0.5555555555555556,0.6666666666666666,44.44444444444444,315.8552624258133
0.3333333333333333,0.5555555555555556,0.7777777777777777,44.44444444444444,303.4325638247233
0.3333333333333333,0.5555555555555556,0.8888888888888888,44.44444444444444,300.3457692764638
0.3333333333333333,0.5555555555555556,1.0,44.44444444444444,300.0162060350711
0.3333333333333333,0.6666666666666666,0.0,44.44444444444444,300.0075404865171
0.3333333333333333,0.6666666666666666,0.1111111111111111,44.44444444444444,300.16088256971864
0.3333333333333333,0.6666666666666666,0.2222222222222222,44.44444444444444,301.59713348303393
0.3333333333333333,0.6666666666666666,0.3333333333333333,44.44444444444444,307.37727593589534
0.3333333333333333,0.6666666666666666,0.4444444444444444,44.44444444444444,315.8552624258133
0.3333333333333333,0.6666666666666666,0.5555555555555556,44.44444444444444,315.8552624258133
0.3333333333333333,0.6666666666666666,0.6666666666666666,44.44444444444444,307.3772759358954
0.3333333333333333,0.6666666666666666,0.7777777777777777,44.44444444444444,301.59713348303393
0.3333333333333333,0.6666666666666666,0.8888888888888888,44.44444444444444,300.16088256971864
0.3333333333333333,0.6666666666666666,1.0,44.44444444444444,300.0075404865171
0.3333333333333333,0.7777777777777777,0.0,44.44444444444444,300.0016324675394
0.3333333333333333,0.7777777777777777,0.1111111111111111,44.44444444444444,300.03483005667226
0.3333333333333333,0.7777777777777777,0.2222222222222222,44.44444444444444,300.3457692764638
0.3333333333333333,0.7777777777777777,0.3333333333333333,44.44444444444444,301.59713348303393
0.3333333333333333,0.7777777777777777,0.4444444444444444,44.44444444444444,303.4325638247233
0.3333333333333333,0.7777777777777777,0.5555555555555556,44.44444444444444,303.4325638247233
0.3333333333333333,0.7777777777777777,0.6666666666666666,44.44444444444444,301.59713348303393
0.3333333333333333,0.7777777777777777,0.7777777777777777,44.44444444444444,300.3457692764638
0.3333333333333333,0.7777777777777777,0.8888888888888888,44.44444444444444,300.03483005667226
0.3333333333333333,0.7777777777777777,1.0,44.44444444444444,300.0016324675394
0.3333333333333333,0.8888888888888888,0.0,44.44444444444444,300.0001644418425
0.3333333333333333,0.8888888888888888,0.1111111111111111,44.44444444444444,300.00350850387923
0.3333333333333333,0.8888888888888888,0.2222222222222222,44.44444444444444,300.03483005667226
0.3333333333333333,0.8888888888888888,0.3333333333333333,44.44444444444444,300.16088256971864
0.3333333333333333,0.8888888888888888,0.4444444444444444,44.44444444444444,300.3457692764638
0.3333333333333333,0.8888888888888888,0.5555555555555556,44.44444444444444,300.3457692764638
0.3333333333333333,0.8888888888888888,0.6666666666666666,44.44444444444444,300.16088256971864
0.3333333333333333,0.8888888888888888,0.7777777777777777,44.44444444444444,300.03483005667226
0.3333333333333333,0.8888888888888888,0.8888888888888888,44.44444444444444,300.00350850387923
0.3333333333333333,0.8888888888888888,1.0,44.44444444444444,300.0001644418425
0.3333333333333333,1.0,0.0,44.44444444444444,300.0000077073079
0.3333333333333333,1.0,0.1111111111111111,44.44444444444444,300.0001644418425
0.3333333333333333,1.0,0.2222222222222222,44.44444444444444,300.0016324675394
0.3333333333333333,1.0,0.3333333333333333,44.44444444444444,300.0075404865171
0.3333333333333333,1.0,0.4444444444444444,44.44444444444444,300.0162060350711
0.3333333333333333,1.0,0.5555555555555556,44.44444444444444,300.0162060350711
0.3333333333333333,1.0,0.6666666666666666,44.44444444444444,300.0075404865171
0.3333333333333333,1.0,0.7777777777777777,44.44444444444444,300.0016324675394
0.3333333333333333,1.0,0.8888888888888888,44.44444444444444,300.0001644418425
0.3333333333333333,1.0,1.0,44.44444444444444,300.0000077073079
0.4444444444444444,0.0,0.0,44.44444444444444,300.000016564568
0.4444444444444444,0.0,0.1111111111111111,44.44444444444444,300.0003534188757
0.4444444444444444,0.0,0.2222222222222222,44.44444444444444,300.00350850387923
0.4444444444444444,0.0,0.3333333333333333,44.44444444444444,300.0162060350711
0.4444444444444444,0.0,0.4444444444444444,44.44444444444444,300.03483005667226
0.4444444444444444,0.0,0.5555555555555556,44.44444444444444,300.03483005667226
0.4444444444444444,0.0,0.6666666666666666,44.44444444444444,300.0162060350711
0.4444444444444444,0.0,0.7777777777777777,44.44444444444444,300.00350850387923
0.4444444444444444,0.0,0.8888888888888888,44.44444444444444,300.0003534188757
0.4444444444444444,0.0,1.0,44.44444444444444,300.000016564568
0.4444444444444444,0.1111111111111111,0.0,44.44444444444444,300.0003534188757
0.4444444444444444,0.1111111111111111,0.1111111111111111,44.44444444444444,300.0075404865171
0.4444444444444444,0.1111111111111111,0.2222222222222222,44.44444444444444,300.0748568568728
0.4444444444444444,0.1111111111111111,0.3333333333333333,44.44444444444444,300.3457692764638
0.4444444444444444,0.1111111111111111,0.4444444444444444,44.44444444444444,300.74312831250376
0.4444444444444444,0.1111111111111111,0.5555555555555556,44.44444444444444,300.74312831250376
0.4444444444444444,0.1111111111111111,0.6666666666666666,44.44444444444444,300.3457692764638
0.4444444444444444,0.1111111111111111,0.7777777777777777,44.44444444444444,300.0748568568728
0.4444444444444444,0.1111111111111111,0.8888888888888888,44.44444444444444,300.0075404865171
0.4444444444444444,0.1111111111111111,1.0,44.44444444444444,300.0003534188757
0.4444444444444444,0.2222222222222222,0.0,44.44444444444444,300.00350850387923
0.4444444444444444,0.2222222222222222,0.1111111111111111,44.44444444444444,300.0748568568728
0.4444444444444444,0.2222222222222222,0.2222222222222222,44.44444444444444,300.74312831250376
0.4444444444444444,0.2222222222222222,0.3333333333333333,44.44444444444444,303.4325638247233
0.4444444444444444,0.2222222222222222,0.4444444444444444,44.44444444444444,307.37727593589534
0.4444444444444444,0.2222222222222222,0.5555555555555556,44.44444444444444,307.37727593589534
0.4444444444444444,0.2222222222222222,0.6666666666666666,44.44444444444444,303.4325638247233
0.4444444444444444,0.2222222222222222,0.7777777777777777,44.44444444444444,300.74312831250376
0.4444444444444444,0.2222222222222222,0.8888888888888888,44.44444444444444,300.0748568568728
0.4444444444444444,0.2222222222222222,1.0,44.44444444444444,300.00350850387923
0.4444444444444444,0.3333333333333333,0.0,44.44444444444444,300.0162060350711
0.4444444444444444,0.3333333333333333,0.1111111111111111,44.44444444444444,300.3457692764638
0.4444444444444444,0.3333333333333333,0.2222222222222222,44.44444444444444,303.4325638247233
0.4444444444444444,0.3333333333333333,0.3333333333333333,44.44444444444444,315.8552624258133
0.4444444444444444,0.3333333333333333,0.4444444444444444,44.44444444444444,334.076175105262
0.4444444444444444,0.3333333333333333,0.5555555555555556,44.44444444444444,334.076175105262
0.4444444444444444,0.3333333333333333,0.6666666666666666,44.44444444444444,315.8552624258133
0.4444444444444444,0.3333333333333333,0.7777777777777777,44.44444444444444,303.4325638247233
0.4444444444444444,0.3333333333333333,0.8888888888888888,44.44444444444444,300.3457692764638
0.4444444444444444,0.3333333333333333,1.0,44.44444444444444,300.0162060350711
0.4444444444444444,0.4444444444444444,0.0,44.44444444444444,300.03483005667226
0.4444444444444444,0.4444444444444444,0.1111111111111111,44.44444444444444,300.74312831250376
0.4444444444444444,0.4444444444444444,0.2222222222222222,44.44444444444444,307.37727593589534
0.4444444444444444,0.4444444444444444,0.3333333333333333,44.44444444444444,334.076175105262
0.4444444444444444,0.4444444444444444,0.4444444444444444,44.44444444444444,373.2366124646414
0.4444444444444444,0.4444444444444444,0.5555555555555556,44.44444444444444,373.2366124646414
0.4444444444444444,0.4444444444444444,0.6666666666666666,44.44444444444444,334.076175105262
0.4444444444444444,0.4444444444444444,0.7777777777777777,44.44444444444444,307.3772759358954
0.4444444444444444,0.4444444444444444,0.8888888888888888,44.44444444444444,300.74312831250376
0.4444444444444444,0.4444444444444444,1.0,44.44444444444444,300.03483005667226
0.4444444444444444,0.5555555555555556,0.0,44.44444444444444,300.03483005667226
0.4444444444444444,0.5555555555555556,0.1111111111111111,44.44444444444444,300.74312831250376
0.4444444444444444,0.5555555555555556,0.2222222222222222,44.44444444444444,307.37727593589534
0.4444444444444444,0.5555555555555556,0.3333333333333333,44.44444444444444,334.076175105262
0.4444444444444444,0.5555555555555556,0.4444444444444444,44.44444444444444,373.2366124646414
0.4444444444444444,0.5555555555555556,0.5555555555555556,44.44444444444444,373.2366124646414
0.4444444444444444,0.5555555555555556,0.6666666666666666,44.44444444444444,334.076175105262
0.4444444444444444,0.5555555555555556,0.7777777777777777,44.44444444444444,307.3772759358954
0.4444444444444444,0.5555555555555556,0.8888888888888888,44.44444444444444,300.74312831250376
0.4444444444444444,0.5555555555555556,1.0,44.44444444444444,300.03483005667226
0.4444444444444444,0.6666666666666666,0.0,44.44444444444444,300.0162060350711
0.4444444444444444,0.6666666666666666,0.1111111111111111,44.44444444444444,300.3457692764638
0.4444444444444444,0.6666666666666666,0.2222222222222222,44.44444444444444,303.4325638247233
0.4444444444444444,0.6666666666666666,0.3333333333333333,44.44444444444444,315.8552624258133
0.4444444444444444,0.6666666666666666,0.4444444444444444,44.44444444444444,334.076175105262
0.4444444444444444,0.6666666666666666,0.5555555555555556,44.44444444444444,334.076175105262
0.4444444444444444,0.6666666666666666,0.6666666666666666,44.44444444444444,315.8552624258133
0.4444444444444444,0.6666666666666666,0.7777777777777777,44.44444444444444,303.4325638247233
0.4444444444444444,0.6666666666666666,0.8888888888888888,44.44444444444444,300.3457692764638
0.4444444444444444,0.6666666666666666,1.0,44.44444444444444,300.0162060350711
0.4444444444444444,0.7777777777777777,0.0,44.44444444444444,300.00350850387923
0.4444444444444444,0.7777777777777777,0.1111111111111111,44.44444444444444,300.0748568568728
0.4444444444444444,0.7777777777777777,0.2222222222222222,44.44444444444444,300.74312831250376
0.4444444444444444,0.7777777777777777,0.3333333333333333,44.44444444444444,303.4325638247233
0.4444444444444444,0.7777777777777777,0.4444444444444444,44.44444444444444,307.3772759358954
0.4444444444444444,0.7777777777777777,0.5555555555555556,44.44444444444444,307.3772759358954
0.4444444444444444,0.7777777777777777,0.6666666666666666,44.44444444444444,303.4325638247233
0.4444444444444444,0.7777777777777777,0.7777777777777777,44.44444444444444,300.74312831250376
0.4444444444444444,0.7777777777777777,0.8888888888888888,44.44444444444444,300.0748568568728
0.4444444444444444,0.7777777777777777,1.0,44.44444444444444,300.00350850387923
0.4444444444444444,0.8888888888888888,0.0,44.44444444444444,300.0003534188757
0.4444444444444444,0.8888888888888888,0.1111111111111111,44.44444444444444,300.0075404865171
0.4444444444444444,0.8888888888888888,0.2222222222222222,44.44444444444444,300.0748568568728
0.4444444444444444,0.8888888888888888,0.3333333333333333,44.44444444444444,300.3457692764638
0.4444444444444444,0.8888888888888888,0.4444444444444444,44.44444444444444,300.74312831250376
0.4444444444444444,0.8888888888888888,0.5555555555555556,44.44444444444444,300.74312831250376
0.4444444444444444,0.8888888888888888,0.6666666666666666,44.44444444444444,300.3457692764638
0.4444444444444444,0.8888888888888888,0.7777777777777777,44.44444444444444,300.0748568568728
0.4444444444444444,0.8888888888888888,0.8888888888888888,44.44444444444444,300.0075404865171
0.4444444444444444,0.8888888888888888,1.0,44.44444444444444,300.0003534188757
0.4444444444444444,1.0,0.0,44.44444444444444,300.000016564568
0.4444444444444444,1.0,0.1111111111111111,44.44444444444444,300.0003534188757
0.4444444444444444,1.0,0.2222222222222222,44.44444444444444,300.00350850387923
0.4444444444444444,1.0,0.3333333333333333,44.44444444444444,300.0162060350711
0.4444444444444444,1.0,0.4444444444444444,44.44444444444444,300.03483005667226
0.4444444444444444,1.0,0.5555555555555556,44.44444444444444,300.03483005667226
0.4444444444444444,1.0,0.6666666666666666,44.44444444444444,300.0162060350711
0.4444444444444444,1.0,0.7777777777777777,44.44444444444444,300.00350850387923
0.4444444444444444,1.0,0.8888888888888888,44.44444444444444,300.0003534188757
0.4444444444444444,1.0,1.0,44.44444444444444,300.000016564568
0.5555555555555556,0.0,0.0,44.44444444444444,300.000016564568
0.5555555555555556,0.0,0.1111111111111111,44.44444444444444,300.0003534188757
0.5555555555555556,0.0,0.2222222222222222,44.44444444444444,300.00350850387923
0.5555555555555556,0.0,0.3333333333333333,44.44444444444444,300.0162060350711
0.5555555555555556,0.0,0.4444444444444444,44.44444444444444,300.03483005667226
0.5555555555555556,0.0,0.5555555555555556,44.44444444444444,300.03483005667226
0.5555555555555556,0.0,0.6666666666666666,44.44444444444444,300.0162060350711
0.5555555555555556,0.0,0.7777777777777777,44.44444444444444,300.00350850387923
0.5555555555555556,0.0,0.8888888888888888,44.44444444444444,300.0003534188757
0.5555555555555556,0.0,1.0,44.44444444444444,300.000016564568
0.5555555555555556,0.1111111111111111,0.0,44.44444444444444,300.0003534188757
0.5555555555555556,0.1111111111111111,0.1111111111111111,44.44444444444444,300.0075404865171
0.5555555555555556,0.1111111111111111,0.2222222222222222,44.44444444444444,300.0748568568728
0.5555555555555556,0.1111111111111111,0.3333333333333333,44.44444444444444,300.3457692764638
0.5555555555555556,0.1111111111111111,0.4444444444444444,44.44444444444444,300.74312831250376
0.5555555555555556,0.1111111111111111,0.5555555555555556,44.44444444444444,300.74312831250376
0.5555555555555556,0.1111111111111111,0.6666666666666666,44.44444444444444,300.3457692764638
0.5555555555555556,0.1111111111111111,0.7777777777777777,44.44444444444444,300.0748568568728
0.5555555555555556,0.1111111111111111,0.8888888888888888,44.44444444444444,300.0075404865171
0.5555555555555556,0.1111111111111111,1.0,44.44444444444444,300.0003534188757
0.5555555555555556,0.2222222222222222,0.0,44.44444444444444,300.00350850387923
0.5555555555555556,0.2222222222222222,0.1111111111111111,44.44444444444444,300.0748568568728
0.5555555555555556,0.2222222222222222,0.2222222222222222,44.44444444444444,300.74312831250376
0.5555555555555556,0.2222222222222222,0.3333333333333333,44.44444444444444,303.4325638247233
0.5555555555555556,0.2222222222222222,0.4444444444444444,44.44444444444444,307.37727593589534
0.5555555555555556,0.2222222222222222,0.5555555555555556,44.44444444444444,307.37727593589534
0.5555555555555556,0.2222222222222222,0.6666666666666666,44.44444444444444,303.4325638247233
0.5555555555555556,0.2222222222222222,0.7777777777777777,44.44444444444444,300.74312831250376
0.5555555555555556,0.2222222222222222,0.8888888888888888,44.44444444444444,300.0748568568728
0.5555555555555556,0.2222222222222222,1.0,44.44444444444444,300.00350850387923
0.5555555555555556,0.3333333333333333,0.0,44.44444444444444,300.0162060350711
0.5555555555555556,0.3333333333333333,0.1111111111111111,44.44444444444444,300.3457692764638
0.5555555555555556,0.3333333333333333,0.2222222222222222,44.44444444444444,303.4325638247233
0.5555555555555556,0.3333333333333333,0.3333333333333333,44.44444444444444,315.8552624258133
0.5555555555555556,0.3333333333333333,0.4444444444444444,44.44444444444444,334.076175105262
0.5555555555555556,0.3333333333333333,0.5555555555555556,44.44444444444444,334.076175105262
0.5555555555555556,0.3333333333333333,0.6666666666666666,44.44444444444444,315.8552624258133
0.5555555555555556,0.3333333333333333,0.7777777777777777,44.44444444444444,303.4325638247233
0.5555555555555556,0.3333333333333333,0.8888888888888888,44.44444444444444,300.3457692764638
0.5555555555555556,0.3333333333333333,1.0,44.44444444444444,300.0162060350711
0.5555555555555556,0.4444444444444444,0.0,44.44444444444444,300.03483005667226
0.5555555555555556,0.4444444444444444,0.1111111111111111,44.44444444444444,300.74312831250376
0.5555555555555556,0.4444444444444444,0.2222222222222222,44.44444444444444,307.37727593589534
0.5555555555555556,0.4444444444444444,0.3333333333333333,44.44444444444444,334.076175105262
0.5555555555555556,0.4444444444444444,0.4444444444444444,44.44444444444444,373.2366124646414
0.5555555555555556,0.4444444444444444,0.5555555555555556,44.44444444444444,373.2366124646414
0.5555555555555556,0.4444444444444444,0.6666666666666666,44.44444444444444,334.076175105262
0.5555555555555556,0.4444444444444444,0.7777777777777777,44.44444444444444,307.3772759358954
0.5555555555555556,0.4444444444444444,0.8888888888888888,44.44444444444444,300.74312831250376
0.5555555555555556,0.4444444444444444,1.0,44.44444444444444,300.03483005667226
0.5555555555555556,0.5555555555555556,0.0,44.44444444444444,300.03483005667226
0.5555555555555556,0.5555555555555556,0.1111111111111111,44.44444444444444,300.74312831250376
0.5555555555555556,0.5555555555555556,0.2222222222222222,44.44444444444444,307.37727593589534
0.5555555555555556,0.5555555555555556,0.3333333333333333,44.44444444444444,334.076175105262
0.5555555555555556,0.5555555555555556,0.4444444444444444,44.44444444444444,373.2366124646414
0.5555555555555556,0.5555555555555556,0.5555555555555556,44.44444444444444,373.2366124646414
0.5555555555555556,0.5555555555555556,0.6666666666666666,44.44444444444444,334.076175105262
0.5555555555555556,0.5555555555555556,0.7777777777777777,44.44444444444444,307.3772759358954
0.5555555555555556,0.5555555555555556,0.8888888888888888,44.44444444444444,300.74312831250376
0.5555555555555556,0.5555555555555556,1.0,44.44444444444444,300.03483005667226
0.5555555555555556,0.6666666666666666,0.0,44.44444444444444,300.0162060350711
0.5555555555555556,0.6666666666666666,0.1111111111111111,44.44444444444444,300.3457692764638
0.5555555555555556,0.6666666666666666,0.2222222222222222,44.44444444444444,303.4325638247233
0.5555555555555556,0.6666666666666666,0.3333333333333333,44.44444444444444,315.8552624258133
0.5555555555555556,0.6666666666666666,0.4444444444444444,44.44444444444444,334.076175105262
0.5555555555555556,0.6666666666666666,0.5555555555555556,44.44444444444444,334.076175105262
0.5555555555555556,0.6666666666666666,0.6666666666666666,44.44444444444444,315.8552624258133
0.5555555555555556,0.6666666666666666,0.7777777777777777,44.44444444444444,303.4325638247233
0.5555555555555556,0.6666666666666666,0.8888888888888888,44.44444444444444,300.3457692764638
0.5555555555555556,0.6666666666666666,1.0,44.44444444444444,300.0162060350711
0.5555555555555556,0.7777777777777777,0.0,44.44444444444444,300.00350850387923
0.5555555555555556,0.7777777777777777,0.1111111111111111,44.44444444444444,300.0748568568728
0.5555555555555556,0.7777777777777777,0.2222222222222222,44.44444444444444,300.74312831250376
0.5555555555555556,0.7777777777777777,0.3333333333333333,44.44444444444444,303.4325638247233
0.5555555555555556,0.7777777777777777,0.4444444444444444,44.44444444444444,307.3772759358954
0.5555555555555556,0.7777777777777777,0.5555555555555556,44.44444444444444,307.3772759358954
0.5555555555555556,0.7777777777777777,0.6666666666666666,44.44444444444444,303.4325638247233
0.5555555555555556,0.7777777777777777,0.7777777777777777,44.44444444444444,300.74312831250376
0.5555555555555556,0.7777777777777777,0.8888888888888888,44.44444444444444,300.0748568568728
0.5555555555555556,0.7777777777777777,1.0,44.44444444444444,300.00350850387923
0.5555555555555556,0.8888888888888888,0.0,44.44444444444444,300.0003534188757
0.5555555555555556,0.8888888888888888,0.1111111111111111,44.44444444444444,300.0075404865171
0.5555555555555556,0.8888888888888888,0.2222222222222222,44.44444444444444,300.0748568568728
0.5555555555555556,0.8888888888888888,0.3333333333333333,44.44444444444444,300.3457692764638
0.5555555555555556,0.8888888888888888,0.4444444444444444,44.44444444444444,300.74312831250376
0.5555555555555556,0.8888888888888888,0.5555555555555556,44.44444444444444,300.74312831250376
0.5555555555555556,0.8888888888888888,0.6666666666666666,44.44444444444444,300.3457692764638
0.5555555555555556,0.8888888888888888,0.7777777777777777,44.44444444444444,300.0748568568728
0.5555555555555556,0.8888888888888888,0.8888888888888888,44.44444444444444,300.0075404865171
0.5555555555555556,0.8888888888888888,1.0,44.44444444444444,300.0003534188757
0.5555555555555556,1.0,0.0,44.44444444444444,300.000016564568
0.5555555555555556,1.0,0.1111111111111111,44.44444444444444,300.0003534188757
0.5555555555555556,1.0,0.2222222222222222,44.44444444444444,300.00350850387923
0.5555555555555556,1.0,0.3333333333333333,44.44444444444444,300.0162060350711
0.5555555555555556,1.0,0.4444444444444444,44.44444444444444,300.03483005667226
0.5555555555555556,1.0,0.5555555555555556,44.44444444444444,300.03483005667226
0.5555555555555556,1.0,0.6666666666666666,44.44444444444444,300.0162060350711
0.5555555555555556,1.0,0.7777777777777777,44.44444444444444,300.00350850387923
0.5555555555555556,1.0,0.8888888888888888,44.44444444444444,300.0003534188757
0.5555555555555556,1.0,1.0,44.44444444444444,300.000016564568
0.6666666666666666,0.0,0.0,44.44444444444444,300.0000077073079
0.6666666666666666,0.0,0.1111111111111111,44.44444444444444,300.0001644418425
0.6666666666666666,0.0,0.2222222222222222,44.44444444444444,300.0016324675394
0.6666666666666666,0.0,0.3333333333333333,44.44444444444444,300.0075404865171
0.6666666666666666,0.0,0.4444444444444444,44.44444444444444,300.0162060350711
0.6666666666666666,0.0,0.5555555555555556,44.44444444444444,300.0162060350711
0.6666666666666666,0.0,0.6666666666666666,44.44444444444444,300.0075404865171
0.6666666666666666,0.0,0.7777777777777777,44.44444444444444,300.0016324675394
0.6666666666666666,0.0,0.8888888888888888,44.44444444444444,300.0001644418425
0.6666666666666666,0.0,1.0,44.44444444444444,300.0000077073079
0.6666666666666666,0.1111111111111111,0.0,44.44444444444444,300.0001644418425
0.6666666666666666,0.1111111111111111,0.1111111111111111,44.44444444444444,300.00350850387923
0.6666666666666666,0.1111111111111111,0.2222222222222222,44.44444444444444,300.03483005667226
0.6666666666666666,0.1111111111111111,0.3333333333333333,44.44444444444444,300.16088256971864
0.6666666666666666,0.1111111111111111,0.4444444444444444,44.44444444444444,300.3457692764638
0.6666666666666666,0.1111111111111111,0.5555555555555556,44.44444444444444,300.3457692764638
0.6666666666666666,0.1111111111111111,0.6666666666666666,44.44444444444444,300.16088256971864
0.6666666666666666,0.1111111111111111,0.7777777777777777,44.44444444444444,300.03483005667226
0.6666666666666666,0.1111111111111111,0.8888888888888888,44.44444444444444,300.00350850387923
0.6666666666666666,0.1111111111111111,1.0,44.44444444444444,300.0001644418425
0.6666666666666666,0.2222222222222222,0.0,44.44444444444444,300.0016324675394
0.6666666666666666,0.2222222222222222,0.1111111111111111,44.44444444444444,300.03483005667226
0.6666666666666666,0.2222222222222222,0.2222222222222222,44.44444444444444,300.3457692764638
0.6666666666666666,0.2222222222222222,0.3333333333333333,44.44444444444444,301.59713348303393
0.6666666666666666,0.2222222222222222,0.4444444444444444,44.44444444444444,303.4325638247233
0.6666666666666666,0.2222222222222222,0.5555555555555556,44.44444444444444,303.4325638247233
0.6666666666666666,0.2222222222222222,0.6666666666666666,44.44444444444444,301.59713348303393
0.6666666666666666,0.2222222222222222,0.7777777777777777,44.44444444444444,300.3457692764638
0.6666666666666666,0.2222222222222222,0.8888888888888888,44.44444444444444,300.03483005667226
0.6666666666666666,0.2222222222222222,1.0,44.44444444444444,300.0016324675394
0.6666666666666666,0.3333333333333333,0.0,44.44444444444444,300.0075404865171
0.6666666666666666,0.3333333333333333,0.1111111111111111,44.44444444444444,300.16088256971864
0.6666666666666666,0.3333333333333333,0.2222222222222222,44.44444444444444,301.59713348303393
0.6666666666666666,0.3333333333333333,0.3333333333333333,44.44444444444444,307.37727593589534
0.6666666666666666,0.3333333333333333,0.4444444444444444,44.44444444444444,315.8552624258133
0.6666666666666666,0.3333333333333333,0.5555555555555556,44.44444444444444,315.8552624258133
0.6666666666666666,0.3333333333333333,0.6666666666666666,44.44444444444444,307.3772759358954
0.6666666666666666,0.3333333333333333,0.7777777777777777,44.44444444444444,301.59713348303393
0.6666666666666666,0.3333333333333333,0.8888888888888888,44.44444444444444,300.16088256971864
0.6666666666666666,0.3333333333333333,1.0,44.44444444444444,300.0075404865171
0.6666666666666666,0.4444444444444444,0.0,44.44444444444444,300.0162060350711
0.6666666666666666,0.4444444444444444,0.1111111111111111,44.44444444444444,300.3457692764638
0.6666666666666666,0.4444444444444444,0.2222222222222222,44.44444444444444,303.4325638247233
0.6666666666666666,0.4444444444444444,0.3333333333333333,44.44444444444444,315.8552624258133
0.6666666666666666,0.4444444444444444,0.4444444444444444,44.44444444444444,334.076175105262
0.6666666666666666,0.4444444444444444,0.5555555555555556,44.44444444444444,334.076175105262
0.6666666666666666,0.4444444444444444,0.6666666666666666,44.44444444444444,315.8552624258133
0.6666666666666666,0.4444444444444444,0.7777777777777777,44.44444444444444,303.4325638247233
0.6666666666666666,0.4444444444444444,0.8888888888888888,44.44444444444444,300.3457692764638
0.6666666666666666,0.4444444444444444,1.0,44.44444444444444,300.0162060350711
0.6666666666666666,0.5555555555555556,0.0,44.44444444444444,300.0162060350711
0.6666666666666666,0.5555555555555556,0.1111111111111111,44.44444444444444,300.3457692764638
0.6666666666666666,0.5555555555555556,0.2222222222222222,44.44444444444444,303.4325638247233
0.6666666666666666,0.5555555555555556,0.3333333333333333,44.44444444444444,315.8552624258133
0.6666666666666666,0.5555555555555556,0.4444444444444444,44.44444444444444,334.076175105262
0.6666666666666666,0.5555555555555556,0.5555555555555556,44.44444444444444,334.076175105262
0.6666666666666666,0.5555555555555556,0.6666666666666666,44.44444444444444,315.8552624258133
0.6666666666666666,0.5555555555555556,0.7777777777777777,44.44444444444444,303.4325638247233
0.6666666666666666,0.5555555555555556,0.8888888888888888,44.44444444444444,300.3457692764638
0.6666666666666666,0.5555555555555556,1.0,44.44444444444444,300.0162060350711
0.6666666666666666,0.6666666666666666,0.0,44.44444444444444,300.0075404865171
0.6666666666666666,0.6666666666666666,0.1111111111111111,44.44444444444444,300.16088256971864
0.6666666666666666,0.6666666666666666,0.2222222222222222,44.44444444444444,301.59713348303393
0.6666666666666666,0.6666666666666666,0.3333333333333333,44.44444444444444,307.3772759358954
0.6666666666666666,0.6666666666666666,0.4444444444444444,44.44444444444444,315.8552624258133
0.6666666666666666,0.6666666666666666,0.5555555555555556,44.44444444444444,315.8552624258133
0.6666666666666666,0.6666666666666666,0.6666666666666666,44.44444444444444,307.3772759358954
0.6666666666666666,0.6666666666666666,0.7777777777777777,44.44444444444444,301.59713348303393
0.6666666666666666,0.6666666666666666,0.8888888888888888,44.44444444444444,300.16088256971864
0.6666666666666666,0.6666666666666666,1.0,44.44444444444444,300.0075404865171
0.6666666666666666,0.7777777777777777,0.0,44.44444444444444,300.0016324675394
0.6666666666666666,0.7777777777777777,0.1111111111111111,44.44444444444444,300.03483005667226
0.6666666666666666,0.7777777777777777,0.2222222222222222,44.44444444444444,300.3457692764638
0.6666666666666666,0.7777777777777777,0.3333333333333333,44.44444444444444,301.59713348303393
0.6666666666666666,0.7777777777777777,0.4444444444444444,44.44444444444444,303.4325638247233
0.6666666666666666,0.7777777777777777,0.5555555555555556,44.44444444444444,303.4325638247233
0.6666666666666666,0.7777777777777777,0.6666666666666666,44.44444444444444,301.59713348303393
0.6666666666666666,0.7777777777777777,0.7777777777777777,44.44444444444444,300.3457692764638
0.6666666666666666,0.7777777777777777,0.8888888888888888,44.44444444444444,300.03483005667226
0.6666666666666666,0.7777777777777777,1.0,44.44444444444444,300.0016324675394
0.6666666666666666,0.8888888888888888,0.0,44.44444444444444,300.0001644418425
0.6666666666666666,0.8888888888888888,0.1111111111111111,44.44444444444444,300.00350850387923
0.6666666666666666,0.8888888888888888,0.2222222222222222,44.44444444444444,300.03483005667226
0.6666666666666666,0.8888888888888888,0.3333333333333333,44.44444444444444,300.16088256971864
0.6666666666666666,0.8888888888888888,0.4444444444444444,44.44444444444444,300.3457692764638
0.6666666666666666,0.8888888888888888,0.5555555555555556,44.44444444444444,300.3457692764638
0.6666666666666666,0.8888888888888888,0.6666666666666666,44.44444444444444,300.16088256971864
0.6666666666666666,0.8888888888888888,0.7777777777777777,44.44444444444444,300.03483005667226
0.6666666666666666,0.8888888888888888,0.8888888888888888,44.44444444444444,300.00350850387923
0.6666666666666666,0.8888888888888888,1.0,44.44444444444444,300.0001644418425
0.6666666666666666,1.0,0.0,44.44444444444444,300.0000077073079
0.6666666666666666,1.0,0.1111111111111111,44.44444444444444,300.0001644418425
0.6666666666666666,1.0,0.2222222222222222,44.44444444444444,300.0016324675394
0.6666666666666666,1.0,0.3333333333333333,44.44444444444444,300.0075404865171
0.6666666666666666,1.0,0.4444444444444444,44.44444444444444,300.0162060350711
0.6666666666666666,1.0,0.5555555555555556,44.44444444444444,300.0162060350711
0.6666666666666666,1.0,0.6666666666666666,44.44444444444444,300.0075404865171
0.6666666666666666,1.0,0.7777777777777777,44.44444444444444,300.0016324675394
0.6666666666666666,1.0,0.8888888888888888,44.44444444444444,300.0001644418425
0.6666666666666666,1.0,1.0,44.44444444444444,300.0000077073079
0.7777777777777777,0.0,0.0,44.44444444444444,300.0000016685833
0.7777777777777777,0.0,0.1111111111111111,44.44444444444444,300.0000356006167
0.7777777777777777,0.0,0.2222222222222222,44.44444444444444,300.0003534188757
0.7777777777777777,0.0,0.3333333333333333,44.44444444444444,300.0016324675394
0.7777777777777777,0.0,0.4444444444444444,44.44444444444444,300.00350850387923
0.7777777777777777,0.0,0.5555555555555556,44.44444444444444,300.00350850387923
0.7777777777777777,0.0,0.6666666666666666,44.44444444444444,300.0016324675394
0.7777777777777777,0.0,0.7777777777777777,44.44444444444444,300.0003534188757
0.7777777777777777,0.0,0.8888888888888888,44.44444444444444,300.0000356006167
0.7777777777777777,0.0,1.0,44.44444444444444,300.0000016685833
0.7777777777777777,0.1111111111111111,0.0,44.44444444444444,300.0000356006167
0.7777777777777777,0.1111111111111111,0.1111111111111111,44.44444444444444,300.00075956885297
0.7777777777777777,0.1111111111111111,0.2222222222222222,44.44444444444444,300.0075404865171
0.7777777777777777,0.1111111111111111,0.3333333333333333,44.44444444444444,300.03483005667226
0.7777777777777777,0.1111111111111111,0.4444444444444444,44.44444444444444,300.0748568568728
0.7777777777777777,0.1111111111111111,0.5555555555555556,44.44444444444444,300.0748568568728
0.7777777777777777,0.1111111111111111,0.6666666666666666,44.44444444444444,300.03483005667226
0.7777777777777777,0.1111111111111111,0.7777777777777777,44.44444444444444,300.0075404865171
0.7777777777777777,0.1111111111111111,0.8888888888888888,44.44444444444444,300.00075956885297
0.7777777777777777,0.1111111111111111,1.0,44.44444444444444,300.0000356006167
0.7777777777777777,0.2222222222222222,0.0,44.44444444444444,300.0003534188757
0.7777777777777777,0.2222222222222222,0.1111111111111111,44.44444444444444,300.0075404865171
0.7777777777777777,0.2222222222222222,0.2222222222222222,44.44444444444444,300.0748568568728
0.7777777777777777,0.2222222222222222,0.3333333333333333,44.44444444444444,300.3457692764638
0.7777777777777777,0.2222222222222222,0.4444444444444444,44.44444444444444,300.74312831250376
0.7777777777777777,0.2222222222222222,0.5555555555555556,44.44444444444444,300.74312831250376
0.7777777777777777,0.2222222222222222,0.6666666666666666,44.44444444444444,300.3457692764638
0.7777777777777777,0.2222222222222222,0.7777777777777777,44.44444444444444,300.0748568568728
0.7777777777777777,0.2222222222222222,0.8888888888888888,44.44444444444444,300.0075404865171
0.7777777777777777,0.2222222222222222,1.0,44.44444444444444,300.0003534188757
0.7777777777777777,0.3333333333333333,0.0,44.44444444444444,300.0016324675394
0.7777777777777777,0.3333333333333333,0.1111111111111111,44.44444444444444,300.03483005667226
0.7777777777777777,0.3333333333333333,0.2222222222222222,44.44444444444444,300.3457692764638
0.7777777777777777,0.3333333333333333,0.3333333333333333,44.44444444444444,301.59713348303393
0.7777777777777777,0.3333333333333333,0.4444444444444444,44.44444444444444,303.4325638247233
0.7777777777777777,0.3333333333333333,0.5555555555555556,44.44444444444444,303.4325638247233
0.7777777777777777,0.3333333333333333,0.6666666666666666,44.44444444444444,301.59713348303393
0.7777777777777777,0.3333333333333333,0.7777777777777777,44.44444444444444,300.3457692764638
0.7777777777777777,0.3333333333333333,0.8888888888888888,44.44444444444444,300.03483005667226
0.7777777777777777,0.3333333333333333,1.0,44.44444444444444,300.0016324675394
0.7777777777777777,0.4444444444444444,0.0,44.44444444444444,300.00350850387923
0.7777777777777777,0.4444444444444444,0.1111111111111111,44.44444444444444,300.0748568568728
0.7777777777777777,0.4444444444444444,0.2222222222222222,44.44444444444444,300.74312831250376
0.7777777777777777,0.4444444444444444,0.3333333333333333,44.44444444444444,303.4325638247233
0.7777777777777777,0.4444444444444444,0.4444444444444444,44.44444444444444,307.3772759358954
0.7777777777777777,0.4444444444444444,0.5555555555555556,44.44444444444444,307.3772759358954
0.7777777777777777,0.4444444444444444,0.6666666666666666,44.44444444444444,303.4325638247233
0.7777777777777777,0.4444444444444444,0.7777777777777777,44.44444444444444,300.74312831250376
0.7777777777777777,0.4444444444444444,0.8888888888888888,44.44444444444444,300.0748568568728
0.7777777777777777,0.4444444444444444,1.0,44.44444444444444,300.00350850387923
0.7777777777777777,0.5555555555555556,0.0,44.44444444444444,300.00350850387923
0.7777777777777777,0.5555555555555556,0.1111111111111111,44.44444444444444,300.0748568568728
0.7777777777777777,0.5555555555555556,0.2222222222222222,44.44444444444444,300.74312831250376
0.7777777777777777,0.5555555555555556,0.3333333333333333,44.44444444444444,303.4325638247233
0.7777777777777777,0.5555555555555556,0.4444444444444444,44.44444444444444,307.3772759358954
0.7777777777777777,0.5555555555555556,0.5555555555555556,44.44444444444444,307.3772759358954
0.7777777777777777,0.5555555555555556,0.6666666666666666,44.44444444444444,303.4325638247233
0.7777777777777777,0.5555555555555556,0.7777777777777777,44.44444444444444,300.74312831250376
0.7777777777777777,0.5555555555555556,0.8888888888888888,44.44444444444444,300.0748568568728
0.7777777777777777,0.5555555555555556,1.0,44.44444444444444,300.00350850387923
0.7777777777777777,0.6666666666666666,0.0,44.44444444444444,300.0016324675394
0.7777777777777777,0.6666666666666666,0.1111111111111111,44.44444444444444,300.03483005667226
0.7777777777777777,0.6666666666666666,0.2222222222222222,44.44444444444444,300.3457692764638
0.7777777777777777,0.6666666666666666,0.3333333333333333,44.44444444444444,301.59713348303393
0.7777777777777777,0.6666666666666666,0.4444444444444444,44.44444444444444,303.4325638247233
0.7777777777777777,0.6666666666666666,0.5555555555555556,44.44444444444444,303.4325638247233
0.7777777777777777,0.6666666666666666,0.6666666666666666,44.44444444444444,301.59713348303393
0.7777777777777777,0.6666666666666666,0.7777777777777777,44.44444444444444,300.3457692764638
0.7777777777777777,0.6666666666666666,0.8888888888888888,44.44444444444444,300.03483005667226
0.7777777777777777,0.6666666666666666,1.0,44.44444444444444,300.0016324675394
0.7777777777777777,0.7777777777777777,0.0,44.44444444444444,300.0003534188757
0.7777777777777777,0.7777777777777777,0.1111111111111111,44.44444444444444,300.0075404865171
0.7777777777777777,0.7777777777777777,0.2222222222222222,44.44444444444444,300.0748568568728
0.7777777777777777,0.7777777777777777,0.3333333333333333,44.44444444444444,300.3457692764638
0.7777777777777777,0.7777777777777777,0.4444444444444444,44.44444444444444,300.74312831250376
0.7777777777777777,0.7777777777777777,0.5555555555555556,44.44444444444444,300.74312831250376
0.7777777777777777,0.7777777777777777,0.6666666666666666,44.44444444444444,300.3457692764638
0.7777777777777777,0.7777777777777777,0.7777777777777777,44.44444444444444,300.0748568568728
0.7777777777777777,0.7777777777777777,0.8888888888888888,44.44444444444444,300.0075404865171
0.7777777777777777,0.7777777777777777,1.0,44.44444444444444,300.0003534188757
0.7777777777777777,0.8888888888888888,0.0,44.44444444444444,300.0000356006167
0.7777777777777777,0.8888888888888888,0.1111111111111111,44.44444444444444,300.00075956885297
0.7777777777777777,0.8888888888888888,0.2222222222222222,44.44444444444444,300.0075404865171
0.7777777777777777,0.8888888888888888,0.3333333333333333,44.44444444444444,300.03483005667226
0.7777777777777777,0.8888888888888888,0.4444444444444444,44.44444444444444,300.0748568568728
0.7777777777777777,0.8888888888888888,0.5555555555555556,44.44444444444444,300.0748568568728
0.7777777777777777,0.8888888888888888,0.6666666666666666,44.44444444444444,300.03483005667226
0.7777777777777777,0.8888888888888888,0.7777777777777777,44.44444444444444,300.0075404865171
0.7777777777777777,0.8888888888888888,0.8888888888888888,44.44444444444444,300.00075956885297
0.7777777777777777,0.8888888888888888,1.0,44.44444444444444,300.0000356006167
0.7777777777777777,1.0,0.0,44.44444444444444,300.0000016685833
0.7777777777777777,1.0,0.1111111111111111,44.44444444444444,300.0000356006167
0.7777777777777777,1.0,0.2222222222222222,44.44444444444444,300.0003534188757
0.7777777777777777,1.0,0.3333333333333333,44.44444444444444,300.0016324675394
0.7777777777777777,1.0,0.4444444444444444,44.44444444444444,300.00350850387923
0.7777777777777777,1.0,0.5555555555555556,44.44444444444444,300.00350850387923
0.7777777777777777,1.0,0.6666666666666666,44.44444444444444,300.0016324675394
0.7777777777777777,1.0,0.7777777777777777,44.44444444444444,300.0003534188757
0.7777777777777777,1.0,0.8888888888888888,44.44444444444444,300.0000356006167
0.7777777777777777,1.0,1.0,44.44444444444444,300.0000016685833
0.8888888888888888,0.0,0.0,44.44444444444444,300.00000016807985
0.8888888888888888,0.0,0.1111111111111111,44.44444444444444,300.00000358612397
0.8888888888888888,0.0,0.2222222222222222,44.44444444444444,300.0000356006167
0.8888888888888888,0.0,0.3333333333333333,44.44444444444444,300.0001644418425
0.8888888888888888,0.0,0.4444444444444444,44.44444444444444,300.0003534188757
0.8888888888888888,0.0,0.5555555555555556,44.44444444444444,300.0003534188757
0.8888888888888888,0.0,0.6666666666666666,44.44444444444444,300.0001644418425
0.8888888888888888,0.0,0.7777777777777777,44.44444444444444,300.0000356006167
0.8888888888888888,0.0,0.8888888888888888,44.44444444444444,300.00000358612397
0.8888888888888888,0.0,1.0,44.44444444444444,300.00000016807985
0.8888888888888888,0.1111111111111111,0.0,44.44444444444444,300.00000358612397
0.8888888888888888,0.1111111111111111,0.1111111111111111,44.44444444444444,300.00007651294663
0.8888888888888888,0.1111111111111111,0.2222222222222222,44.44444444444444,300.00075956885297
0.8888888888888888,0.1111111111111111,0.3333333333333333,44.44444444444444,300.00350850387923
0.8888888888888888,0.1111111111111111,0.4444444444444444,44.44444444444444,300.0075404865171
0.8888888888888888,0.1111111111111111,0.5555555555555556,44.44444444444444,300.0075404865171
0.8888888888888888,0.1111111111111111,0.6666666666666666,44.44444444444444,300.00350850387923
0.8888888888888888,0.1111111111111111,0.7777777777777777,44.44444444444444,300.00075956885297
0.8888888888888888,0.1111111111111111,0.8888888888888888,44.44444444444444,300.00007651294663
0.8888888888888888,0.1111111111111111,1.0,44.44444444444444,300.00000358612397
0.8888888888888888,0.2222222222222222,0.0,44.44444444444444,300.0000356006167
0.8888888888888888,0.2222222222222222,0.1111111111111111,44.44444444444444,300.00075956885297
0.8888888888888888,0.2222222222222222,0.2222222222222222,44.44444444444444,300.0075404865171
0.8888888888888888,0.2222222222222222,0.3333333333333333,44.44444444444444,300.03483005667226
0.8888888888888888,0.2222222222222222,0.4444444444444444,44.44444444444444,300.0748568568728
0.8888888888888888,0.2222222222222222,0.5555555555555556,44.44444444444444,300.0748568568728
0.8888888888888888,0.2222222222222222,0.6666666666666666,44.44444444444444,300.03483005667226
0.8888888888888888,0.2222222222222222,0.7777777777777777,44.44444444444444,300.0075404865171
0.8888888888888888,0.2222222222222222,0.8888888888888888,44.44444444444444,300.00075956885297
0.8888888888888888,0.2222222222222222,1.0,44.44444444444444,300.0000356006167
0.8888888888888888,0.3333333333333333,0.0,44.44444444444444,300.0001644418425
0.8888888888888888,0.3333333333333333,0.1111111111111111,44.44444444444444,300.00350850387923
0.8888888888888888,0.3333333333333333,0.2222222222222222,44.44444444444444,300.03483005667226
0.8888888888888888,0.3333333333333333,0.3333333333333333,44.44444444444444,300.16088256971864
0.8888888888888888,0.3333333333333333,0.4444444444444444,44.44444444444444,300.3457692764638
0.8888888888888888,0.3333333333333333,0.5555555555555556,44.44444444444444,300.3457692764638
0.8888888888888888,0.3333333333333333,0.6666666666666666,44.44444444444444,300.16088256971864
0.8888888888888888,0.3333333333333333,0.7777777777777777,44.44444444444444,300.03483005667226
0.8888888888888888,0.3333333333333333,0.8888888888888888,44.44444444444444,300.00350850387923
0.8888888888888888,0.3333333333333333,1.0,44.44444444444444,300.0001644418425
0.8888888888888888,0.4444444444444444,0.0,44.44444444444444,300.0003534188757
0.8888888888888888,0.4444444444444444,0.1111111111111111,44.44444444444444,300.0075404865171
0.8888888888888888,0.4444444444444444,0.2222222222222222,44.44444444444444,300.0748568568728
0.8888888888888888,0.4444444444444444,0.3333333333333333,44.44444444444444,300.3457692764638
0.8888888888888888,0.4444444444444444,0.4444444444444444,44.44444444444444,300.74312831250376
0.8888888888888888,0.4444444444444444,0.5555555555555556,44.44444444444444,300.74312831250376
0.8888888888888888,0.4444444444444444,0.6666666666666666,44.44444444444444,300.3457692764638
0.8888888888888888,0.4444444444444444,0.7777777777777777,44.44444444444444,300.0748568568728
0.8888888888888888,0.4444444444444444,0.8888888888888888,44.44444444444444,300.0075404865171
0.8888888888888888,0.4444444444444444,1.0,44.44444444444444,300.0003534188757
0.8888888888888888,0.5555555555555556,0.0,44.44444444444444,300.0003534188757
0.8888888888888888,0.5555555555555556,0.1111111111111111,44.44444444444444,300.0075404865171
0.8888888888888888,0.5555555555555556,0.2222222222222222,44.44444444444444,300.0748568568728
0.8888888888888888,0.5555555555555556,0.3333333333333333,44.44444444444444,300.3457692764638
0.8888888888888888,0.5555555555555556,0.4444444444444444,44.44444444444444,300.74312831250376
0.8888888888888888,0.5555555555555556,0.5555555555555556,44.44444444444444,300.74312831250376
0.8888888888888888,0.5555555555555556,0.6666666666666666,44.44444444444444,300.3457692764638
0.8888888888888888,0.5555555555555556,0.7777777777777777,44.44444444444444,300.0748568568728
0.8888888888888888,0.5555555555555556,0.8888888888888888,44.44444444444444,300.0075404865171
0.8888888888888888,0.5555555555555556,1.0,44.44444444444444,300.0003534188757
0.8888888888888888,0.6666666666666666,0.0,44.44444444444444,300.0001644418425
0.8888888888888888,0.6666666666666666,0.1111111111111111,44.44444444444444,300.00350850387923
0.8888888888888888,0.6666666666666666,0.2222222222222222,44.44444444444444,300.03483005667226
0.8888888888888888,0.6666666666666666,0.3333333333333333,44.44444444444444,300.16088256971864
0.8888888888888888,0.6666666666666666,0.4444444444444444,44.44444444444444,300.3457692764638
0.8888888888888888,0.6666666666666666,0.5555555555555556,44.44444444444444,300.3457692764638
0.8888888888888888,0.6666666666666666,0.6666666666666666,44.44444444444444,300.16088256971864
0.8888888888888888,0.6666666666666666,0.7777777777777777,44.44444444444444,300.03483005667226
0.8888888888888888,0.6666666666666666,0.8888888888888888,44.44444444444444,300.00350850387923
0.8888888888888888,0.6666666666666666,1.0,44.44444444444444,300.0001644418425
0.8888888888888888,0.7777777777777777,0.0,44.44444444444444,300.0000356006167
0.8888888888888888,0.7777777777777777,0.1111111111111111,44.44444444444444,300.00075956885297
0.8888888888888888,0.7777777777777777,0.2222222222222222,44.44444444444444,300.0075404865171
0.8888888888888888,0.7777777777777777,0.3333333333333333,44.44444444444444,300.03483005667226
0.8888888888888888,0.7777777777777777,0.4444444444444444,44.44444444444444,300.0748568568728
0.8888888888888888,0.7777777777777777,0.5555555555555556,44.44444444444444,300.0748568568728
0.8888888888888888,0.7777777777777777,0.6666666666666666,44.44444444444444,300.03483005667226
0.8888888888888888,0.7777777777777777,0.7777777777777777,44.44444444444444,300.0075404865171
0.8888888888888888,0.7777777777777777,0.8888888888888888,44.44444444444444,300.00075956885297
0.8888888888888888,0.7777777777777777,1.0,44.44444444444444,300.0000356006167
0.8888888888888888,0.8888888888888888,0.0,44.44444444444444,300.00000358612397
0.8888888888888888,0.8888888888888888,0.1111111111111111,44.44444444444444,300.00007651294663
0.8888888888888888,0.8888888888888888,0.2222222222222222,44.44444444444444,300.00075956885297
0.8888888888888888,0.8888888888888888,0.3333333333333333,44.44444444444444,300.00350850387923
0.8888888888888888,0.8888888888888888,0.4444444444444444,44.44444444444444,300.0075404865171
0.8888888888888888,0.8888888888888888,0.5555555555555556,44.44444444444444,300.0075404865171
0.8888888888888888,0.8888888888888888,0.6666666666666666,44.44444444444444,300.00350850387923
0.8888888888888888,0.8888888888888888,0.7777777777777777,44.44444444444444,300.00075956885297
0.8888888888888888,0.8888888888888888,0.8888888888888888,44.44444444444444,300.00007651294663
0.8888888888888888,0.8888888888888888,1.0,44.44444444444444,300.00000358612397
0.8888888888888888,1.0,0.0,44.44444444444444,300.00000016807985
0.8888888888888888,1.0,0.1111111111111111,44.44444444444444,300.00000358612397
0.8888888888888888,1.0,0.2222222222222222,44.44444444444444,300.0000356006167
0.8888888888888888,1.0,0.3333333333333333,44.44444444444444,300.0001644418425
0.8888888888888888,1.0,0.4444444444444444,44.44444444444444,300.0003534188757
0.8888888888888888,1.0,0.5555555555555556,44.44444444444444,300.0003534188757
0.8888888888888888,1.0,0.6666666666666666,44.44444444444444,300.0001644418425
0.8888888888888888,1.0,0.7777777777777777,44.44444444444444,300.0000356006167
0.8888888888888888,1.0,0.8888888888888888,44.44444444444444,300.00000358612397
0.8888888888888888,1.0,1.0,44.44444444444444,300.00000016807985
1.0,0.0,0.0,44.44444444444444,300.0000000078778
1.0,0.0,0.1111111111111111,44.44444444444444,300.00000016807985
1.0,0.0,0.2222222222222222,44.44444444444444,300.0000016685833
1.0,0.0,0.3333333333333333,44.44444444444444,300.0000077073079
1.0,0.0,0.4444444444444444,44.44444444444444,300.000016564568
1.0,0.0,0.5555555555555556,44.44444444444444,300.000016564568
1.0,0.0,0.6666666666666666,44.44444444444444,300.0000077073079
1.0,0.0,0.7777777777777777,44.44444444444444,300.0000016685833
1.0,0.0,0.8888888888888888,44.44444444444444,300.00000016807985
1.0,0.0,1.0,44.44444444444444,300.0000000078778
1.0,0.1111111111111111,0.0,44.44444444444444,300.00000016807985
1.0,0.1111111111111111,0.1111111111111111,44.44444444444444,300.00000358612397
1.0,0.1111111111111111,0.2222222222222222,44.44444444444444,300.0000356006167
1.0,0.1111111111111111,0.3333333333333333,44.44444444444444,300.0001644418425
1.0,0.1111111111111111,0.4444444444444444,44.44444444444444,300.0003534188757
1.0,0.1111111111111111,0.5555555555555556,44.44444444444444,300.0003534188757
1.0,0.1111111111111111,0.6666666666666666,44.44444444444444,300.0001644418425
1.0,0.1111111111111111,0.7777777777777777,44.44444444444444,300.0000356006167
1.0,0.1111111111111111,0.8888888888888888,44.44444444444444,300.00000358612397
1.0,0.1111111111111111,1.0,44.44444444444444,300.00000016807985
1.0,0.2222222222222222,0.0,44.44444444444444,300.0000016685833
1.0,0.2222222222222222,0.1111111111111111,44.44444444444444,300.0000356006167
1.0,0.2222222222222222,0.2222222222222222,44.44444444444444,300.0003534188757
1.0,0.2222222222222222,0.3333333333333333,44.44444444444444,300.0016324675394
1.0,0.2222222222222222,0.4444444444444444,44.44444444444444,300.00350850387923
1.0,0.2222222222222222,0.5555555555555556,44.44444444444444,300.00350850387923
1.0,0.2222222222222222,0.6666666666666666,44.44444444444444,300.0016324675394
1.0,0.2222222222222222,0.7777777777777777,44.44444444444444,300.0003534188757
1.0,0.2222222222222222,0.8888888888888888,44.44444444444444,300.0000356006167
1.0,0.2222222222222222,1.0,44.44444444444444,300.0000016685833
1.0,0.3333333333333333,0.0,44.44444444444444,300.0000077073079
1.0,0.3333333333333333,0.1111111111111111,44.44444444444444,300.0001644418425
1.0,0.3333333333333333,0.2222222222222222,44.44444444444444,300.0016324675394
1.0,0.3333333333333333,0.3333333333333333,44.44444444444444,300.0075404865171
1.0,0.3333333333333333,0.4444444444444444,44.44444444444444,300.0162060350711
1.0,0.3333333333333333,0.5555555555555556,44.44444444444444,300.0162060350711
1.0,0.3333333333333333,0.6666666666666666,44.44444444444444,300.0075404865171
1.0,0.3333333333333333,0.7777777777777777,44.44444444444444,300.0016324675394
1.0,0.3333333333333333,0.8888888888888888,44.44444444444444,300.0001644418425
1.0,0.3333333333333333,1.0,44.44444444444444,300.0000077073079
1.0,0.4444444444444444,0.0,44.44444444444444,300.000016564568
1.0,0.4444444444444444,0.1111111111111111,44.44444444444444,300.0003534188757
1.0,0.4444444444444444,0.2222222222222222,44.44444444444444,300.00350850387923
1.0,0.4444444444444444,0.3333333333333333,44.44444444444444,300.0162060350711
1.0,0.4444444444444444,0.4444444444444444,44.44444444444444,300.03483005667226
1.0,0.4444444444444444,0.5555555555555556,44.44444444444444,300.03483005667226
1.0,0.4444444444444444,0.6666666666666666,44.44444444444444,300.0162060350711
1.0,0.4444444444444444,0.7777777777777777,44.44444444444444,300.00350850387923
1.0,0.4444444444444444,0.8888888888888888,44.44444444444444,300.0003534188757
1.0,0.4444444444444444,1.0,44.44444444444444,300.000016564568
1.0,0.5555555555555556,0.0,44.44444444444444,300.000016564568
1.0,0.5555555555555556,0.1111111111111111,44.44444444444444,300.0003534188757
1.0,0.5555555555555556,0.2222222222222222,44.44444444444444,300.00350850387923
1.0,0.5555555555555556,0.3333333333333333,44.44444444444444,300.0162060350711
1.0,0.5555555555555556,0.4444444444444444,44.44444444444444,300.03483005667226
1.0,0.5555555555555556,0.5555555555555556,44.44444444444444,300.03483005667226
1.0,0.5555555555555556,0.6666666666666666,44.44444444444444,300.0162060350711
1.0,0.5555555555555556,0.7777777777777777,44.44444444444444,300.00350850387923
1.0,0.5555555555555556,0.8888888888888888,44.44444444444444,300.0003534188757
1.0,0.5555555555555556,1.0,44.44444444444444,300.000016564568
1.0,0.6666666666666666,0.0,44.44444444444444,300.0000077073079
1.0,0.6666666666666666,0.1111111111111111,44.44444444444444,300.0001644418425
1.0,0.6666666666666666,0.2222222222222222,44.44444444444444,300.0016324675394
1.0,0.6666666666666666,0.3333333333333333,44.44444444444444,300.0075404865171
1.0,0.6666666666666666,0.4444444444444444,44.44444444444444,300.0162060350711
1.0,0.6666666666666666,0.5555555555555556,44.44444444444444,300.0162060350711
1.0,0.6666666666666666,0.6666666666666666,44.44444444444444,300.0075404865171
1.0,0.6666666666666666,0.7777777777777777,44.44444444444444,300.0016324675394
1.0,0.6666666666666666,0.8888888888888888,44.44444444444444,300.0001644418425
1.0,0.6666666666666666,1.0,44.44444444444444,300.0000077073079
1.0,0.7777777777777777,0.0,44.44444444444444,300.0000016685833
1.0,0.7777777777777777,0.1111111111111111,44.44444444444444,300.0000356006167
1.0,0.7777777777777777,0.2222222222222222,44.44444444444444,300.0003534188757
1.0,0.7777777777777777,0.3333333333333333,44.44444444444444,300.0016324675394
1.0,0.7777777777777777,0.4444444444444444,44.44444444444444,300.00350850387923
1.0,0.7777777777777777,0.5555555555555556,44.44444444444444,300.00350850387923
1.0,0.7777777777777777,0.6666666666666666,44.44444444444444,300.0016324675394
1.0,0.7777777777777777,0.7777777777777777,44.44444444444444,300.0003534188757
1.0,0.7777777777777777,0.8888888888888888,44.44444444444444,300.0000356006167
1.0,0.7777777777777777,1.0,44.44444444444444,300.0000016685833
1.0,0.8888888888888888,0.0,44.44444444444444,300.00000016807985
1.0,0.8888888888888888,0.1111111111111111,44.44444444444444,300.00000358612397
1.0,0.8888888888888888,0.2222222222222222,44.44444444444444,300.0000356006167
1.0,0.8888888888888888,0.3333333333333333,44.44444444444444,300.0001644418425
1.0,0.8888888888888888,0.4444444444444444,44.44444444444444,300.0003534188757
1.0,0.8888888888888888,0.5555555555555556,44.44444444444444,300.0003534188757
1.0,0.8888888888888888,0.6666666666666666,44.44444444444444,300.0001644418425
1.0,0.8888888888888888,0.7777777777777777,44.44444444444444,300.0000356006167
1.0,0.8888888888888888,0.8888888888888888,44.44444444444444,300.00000358612397
1.0,0.8888888888888888,1.0,44.44444444444444,300.00000016807985
1.0,1.0,0.0,44.44444444444444,300.0000000078778
1.0,1.0,0.1111111111111111,44.44444444444444,300.00000016807985
1.0,1.0,0.2222222222222222,44.44444444444444,300.0000016685833
1.0,1.0,0.3333333333333333,44.44444444444444,300.0000077073079
1.0,1.0,0.4444444444444444,44.44444444444444,300.000016564568
1.0,1.0,0.5555555555555556,44.44444444444444,300.000016564568
1.0,1.0,0.6666666666666666,44.44444444444444,300.0000077073079
1.0,1.0,0.7777777777777777,44.44444444444444,300.0000016685833
1.0,1.0,0.8888888888888888,44.44444444444444,300.00000016807985
1.0,1.0,1.0,44.44444444444444,300.0000000078778
0.0,0.0,0.0,55.55555555555556,300.0000000516961
0.0,0.0,0.1111111111111111,55.55555555555556,300.0000008456316
0.0,0.0,0.2222222222222222,55.55555555555556,300.00000687818476
0.0,0.0,0.3333333333333333,55.55555555555556,300.0000278186215
0.0,0.0,0.4444444444444444,55.55555555555556,300.00005594567114
0.0,0.0,0.5555555555555556,55.55555555555556,300.00005594567114
0.0,0.0,0.6666666666666666,55.55555555555556,300.0000278186215
0.0,0.0,0.7777777777777777,55.55555555555556,300.00000687818476
0.0,0.0,0.8888888888888888,55.55555555555556,300.0000008456316
0.0,0.0,1.0,55.55555555555556,300.0000000516961
0.0,0.1111111111111111,0.0,55.55555555555556,300.0000008456316
0.0,0.1111111111111111,0.1111111111111111,55.55555555555556,300.0000138326288
0.0,0.1111111111111111,0.2222222222222222,55.55555555555556,300.0001125116182
0.0,0.1111111111111111,0.3333333333333333,55.55555555555556,300.0004550500192
0.0,0.1111111111111111,0.4444444444444444,55.55555555555556,300.00091514522916
0.0,0.1111111111111111,0.5555555555555556,55.55555555555556,300.00091514522916
0.0,0.1111111111111111,0.6666666666666666,55.55555555555556,300.0004550500192
0.0,0.1111111111111111,0.7777777777777777,55.55555555555556,300.0001125116182
0.0,0.1111111111111111,0.8888888888888888,55.55555555555556,300.0000138326288
0.0,0.1111111111111111,1.0,55.55555555555556,300.0000008456316
0.0,0.2222222222222222,0.0,55.55555555555556,300.00000687818476
0.0,0.2222222222222222,0.1111111111111111,55.55555555555556,300.0001125116182
0.0,0.2222222222222222,0.2222222222222222,55.55555555555556,300.00091514522916
0.0,0.2222222222222222,0.3333333333333333,55.55555555555556,300.0037012786823
0.0,0.2222222222222222,0.4444444444444444,55.55555555555556,300.0074435938576
0.0,0.2222222222222222,0.5555555555555556,55.55555555555556,300.0074435938576
0.0,0.2222222222222222,0.6666666666666666,55.55555555555556,300.0037012786823
0.0,0.2222222222222222,0.7777777777777777,55.55555555555556,300.00091514522916
0.0,0.2222222222222222,0.8888888888888888,55.55555555555556,300.0001125116182
0.0,0.2222222222222222,1.0,55.55555555555556,300.00000687818476
0.0,0.3333333333333333,0.0,55.55555555555556,300.0000278186215
0.0,0.3333333333333333,0.1111111111111111,55.55555555555556,300.0004550500192
0.0,0.3333333333333333,0.2222222222222222,55.55555555555556,300.0037012786823
0.0,0.3333333333333333,0.3333333333333333,55.55555555555556,300.01496971567747
0.0,0.3333333333333333,0.4444444444444444,55.55555555555556,300.03010540227615
0.0,0.3333333333333333,0.5555555555555556,55.55555555555556,300.03010540227615
0.0,0.3333333333333333,0.6666666666666666,55.55555555555556,300.01496971567747
0.0,0.3333333333333333,0.7777777777777777,55.55555555555556,300.0037012786823
0.0,0.3333333333333333,0.8888888888888888,55.55555555555556,300.0004550500192
0.0,0.3333333333333333,1.0,55.55555555555556,300.0000278186215
0.0,0.4444444444444444,0.0,55.55555555555556,300.00005594567114
0.0,0.4444444444444444,0.1111111111111111,55.55555555555556,300.00091514522916
0.0,0.4444444444444444,0.2222222222222222,55.55555555555556,300.0074435938576
0.0,0.4444444444444444,0.3333333333333333,55.55555555555556,300.03010540227615
0.0,0.4444444444444444,0.4444444444444444,55.55555555555556,300.0605445865331
0.0,0.4444444444444444,0.5555555555555556,55.55555555555556,300.0605445865331
0.0,0.4444444444444444,0.6666666666666666,55.55555555555556,300.03010540227615
0.0,0.4444444444444444,0.7777777777777777,55.55555555555556,300.0074435938576
0.0,0.4444444444444444,0.8888888888888888,55.55555555555556,300.00091514522916
0.0,0.4444444444444444,1.0,55.55555555555556,300.00005594567114
0.0,0.5555555555555556,0.0,55.55555555555556,300.00005594567114
0.0,0.5555555555555556,0.1111111111111111,55.55555555555556,300.00091514522916
0.0,0.5555555555555556,0.2222222222222222,55.55555555555556,300.0074435938576
0.0,0.5555555555555556,0.3333333333333333,55.55555555555556,300.03010540227615
0.0,0.5555555555555556,0.4444444444444444,55.55555555555556,300.0605445865331
0.0,0.5555555555555556,0.5555555555555556,55.55555555555556,300.0605445865331
0.0,0.5555555555555556,0.6666666666666666,55.55555555555556,300.03010540227615
0.0,0.5555555555555556,0.7777777777777777,55.55555555555556,300.0074435938576
0.0,0.5555555555555556,0.8888888888888888,55.55555555555556,300.00091514522916
0.0,0.5555555555555556,1.0,55.55555555555556,300.00005594567114
0.0,0.6666666666666666,0.0,55.55555555555556,300.0000278186215
0.0,0.6666666666666666,0.1111111111111111,55.55555555555556,300.0004550500192
0.0,0.6666666666666666,0.2222222222222222,55.55555555555556,300.0037012786823
0.0,0.6666666666666666,0.3333333333333333,55.55555555555556,300.01496971567747
0.0,0.6666666666666666,0.4444444444444444,55.55555555555556,300.03010540227615
0.0,0.6666666666666666,0.5555555555555556,55.55555555555556,300.03010540227615
0.0,0.6666666666666666,0.6666666666666666,55.55555555555556,300.01496971567747
0.0,0.6666666666666666,0.7777777777777777,55.55555555555556,300.0037012786823
0.0,0.6666666666666666,0.8888888888888888,55.55555555555556,300.0004550500192
0.0,0.6666666666666666,1.0,55.55555555555556,300.0000278186215
0.0,0.7777777777777777,0.0,55.55555555555556,300.00000687818476
0.0,0.7777777777777777,0.1111111111111111,55.55555555555556,300.0001125116182
0.0,0.7777777777777777,0.2222222222222222,55.55555555555556,300.00091514522916
0.0,0.7777777777777777,0.3333333333333333,55.55555555555556,300.0037012786823
0.0,0.7777777777777777,0.4444444444444444,55.55555555555556,300.0074435938576
0.0,0.7777777777777777,0.5555555555555556,55.55555555555556,300.0074435938576
0.0,0.7777777777777777,0.6666666666666666,55.55555555555556,300.0037012786823
0.0,0.7777777777777777,0.7777777777777777,55.55555555555556,300.00091514522916
0.0,0.7777777777777777,0.8888888888888888,55.55555555555556,300.0001125116182
0.0,0.7777777777777777,1.0,55.55555555555556,300.00000687818476
0.0,0.8888888888888888,0.0,55.55555555555556,300.0000008456316
0.0,0.8888888888888888,0.1111111111111111,55.55555555555556,300.0000138326288
0.0,0.8888888888888888,0.2222222222222222,55.55555555555556,300.0001125116182
0.0,0.8888888888888888,0.3333333333333333,55.55555555555556,300.0004550500192
0.0,0.8888888888888888,0.4444444444444444,55.55555555555556,300.00091514522916
0.0,0.8888888888888888,0.5555555555555556,55.55555555555556,300.00091514522916
0.0,0.8888888888888888,0.6666666666666666,55.55555555555556,300.0004550500192
0.0,0.8888888888888888,0.7777777777777777,55.55555555555556,300.0001125116182
0.0,0.8888888888888888,0.8888888888888888,55.55555555555556,300.0000138326288
0.0,0.8888888888888888,1.0,55.55555555555556,300.0000008456316
0.0,1.0,0.0,55.55555555555556,300.0000000516961
0.0,1.0,0.1111111111111111,55.55555555555556,300.0000008456316
0.0,1.0,0.2222222222222222,55.55555555555556,300.00000687818476
0.0,1.0,0.3333333333333333,55.55555555555556,300.0000278186215
0.0,1.0,0.4444444444444444,55.55555555555556,300.00005594567114
0.0,1.0,0.5555555555555556,55.55555555555556,300.00005594567114
0.0,1.0,0.6666666666666666,55.55555555555556,300.0000278186215
0.0,1.0,0.7777777777777777,55.55555555555556,300.00000687818476
0.0,1.0,0.8888888888888888,55.55555555555556,300.0000008456316
0.0,1.0,1.0,55.55555555555556,300.0000000516961
0.1111111111111111,0.0,0.0,55.55555555555556,300.0000008456316
0.1111111111111111,0.0,0.1111111111111111,55.55555555555556,300.0000138326288
0.1111111111111111,0.0,0.2222222222222222,55.55555555555556,300.0001125116182
0.1111111111111111,0.0,0.3333333333333333,55.55555555555556,300.0004550500192
0.1111111111111111,0.0,0.4444444444444444,55.55555555555556,300.00091514522916
0.1111111111111111,0.0,0.5555555555555556,55.55555555555556,300.00091514522916
0.1111111111111111,0.0,0.6666666666666666,55.55555555555556,300.0004550500192
0.1111111111111111,0.0,0.7777777777777777,55.55555555555556,300.0001125116182
0.1111111111111111,0.0,0.8888888888888888,55.55555555555556,300.0000138326288
0.1111111111111111,0.0,1.0,55.55555555555556,300.0000008456316
0.1111111111111111,0.1111111111111111,0.0,55.55555555555556,300.0000138326288
0.1111111111111111,0.1111111111111111,0.1111111111111111,55.55555555555556,300.00022627066545
0.1111111111111111,0.1111111111111111,0.2222222222222222,55.55555555555556,300.0018404367764
0.1111111111111111,0.1111111111111111,0.3333333333333333,55.55555555555556,300.0074435938576
0.1111111111111111,0.1111111111111111,0.4444444444444444,55.55555555555556,300.01496971567747
0.1111111111111111,0.1111111111111111,0.5555555555555556,55.55555555555556,300.01496971567747
0.1111111111111111,0.1111111111111111,0.6666666666666666,55.55555555555556,300.0074435938576
0.1111111111111111,0.1111111111111111,0.7777777777777777,55.55555555555556,300.0018404367764
0.1111111111111111,0.1111111111111111,0.8888888888888888,55.55555555555556,300.00022627066545
0.1111111111111111,0.1111111111111111,1.0,55.55555555555556,300.0000138326288
0.1111111111111111,0.2222222222222222,0.0,55.55555555555556,300.0001125116182
0.1111111111111111,0.2222222222222222,0.1111111111111111,55.55555555555556,300.0018404367764
0.1111111111111111,0.2222222222222222,0.2222222222222222,55.55555555555556,300.01496971567747
0.1111111111111111,0.2222222222222222,0.3333333333333333,55.55555555555556,300.0605445865331
0.1111111111111111,0.2222222222222222,0.4444444444444444,55.55555555555556,300.12176043770614
0.1111111111111111,0.2222222222222222,0.5555555555555556,55.55555555555556,300.12176043770614
0.1111111111111111,0.2222222222222222,0.6666666666666666,55.55555555555556,300.0605445865331
0.1111111111111111,0.2222222222222222,0.7777777777777777,55.55555555555556,300.01496971567747
0.1111111111111111,0.2222222222222222,0.8888888888888888,55.55555555555556,300.0018404367764
0.1111111111111111,0.2222222222222222,1.0,55.55555555555556,300.0001125116182
0.1111111111111111,0.3333333333333333,0.0,55.55555555555556,300.0004550500192
0.1111111111111111,0.3333333333333333,0.1111111111111111,55.55555555555556,300.0074435938576
0.1111111111111111,0.3333333333333333,0.2222222222222222,55.55555555555556,300.0605445865331
0.1111111111111111,0.3333333333333333,0.3333333333333333,55.55555555555556,300.24487084707863
0.1111111111111111,0.3333333333333333,0.4444444444444444,55.55555555555556,300.4924566047776
0.1111111111111111,0.3333333333333333,0.5555555555555556,55.55555555555556,300.4924566047776
0.1111111111111111,0.3333333333333333,0.6666666666666666,55.55555555555556,300.24487084707863
0.1111111111111111,0.3333333333333333,0.7777777777777777,55.55555555555556,300.0605445865331
0.1111111111111111,0.3333333333333333,0.8888888888888888,55.55555555555556,300.0074435938576
0.1111111111111111,0.3333333333333333,1.0,55.55555555555556,300.0004550500192
0.1111111111111111,0.4444444444444444,0.0,55.55555555555556,300.00091514522916
0.1111111111111111,0.4444444444444444,0.1111111111111111,55.55555555555556,300.01496971567747
0.1111111111111111,0.4444444444444444,0.2222222222222222,55.55555555555556,300.12176043770614
0.1111111111111111,0.4444444444444444,0.3333333333333333,55.55555555555556,300.4924566047776
0.1111111111111111,0.4444444444444444,0.4444444444444444,55.55555555555556,300.9903731313153
0.1111111111111111,0.4444444444444444,0.5555555555555556,55.55555555555556,300.9903731313153
0.1111111111111111,0.4444444444444444,0.6666666666666666,55.55555555555556,300.4924566047776
0.1111111111111111,0.4444444444444444,0.7777777777777777,55.55555555555556,300.12176043770614
0.1111111111111111,0.4444444444444444,0.8888888888888888,55.55555555555556,300.01496971567747
0.1111111111111111,0.4444444444444444,1.0,55.55555555555556,300.00091514522916
0.1111111111111111,0.5555555555555556,0.0,55.55555555555556,300.00091514522916
0.1111111111111111,0.5555555555555556,0.1111111111111111,55.55555555555556,300.01496971567747
0.1111111111111111,0.5555555555555556,0.2222222222222222,55.55555555555556,300.12176043770614
0.1111111111111111,0.5555555555555556,0.3333333333333333,55.55555555555556,300.4924566047776
0.1111111111111111,0.5555555555555556,0.4444444444444444,55.55555555555556,300.9903731313153
0.1111111111111111,0.5555555555555556,0.5555555555555556,55.55555555555556,300.9903731313153
0.1111111111111111,0.5555555555555556,0.6666666666666666,55.55555555555556,300.4924566047776
0.1111111111111111,0.5555555555555556,0.7777777777777777,55.55555555555556,300.12176043770614
0.1111111111111111,0.5555555555555556,0.8888888888888888,55.55555555555556,300.01496971567747
0.1111111111111111,0.5555555555555556,1.0,55.55555555555556,300.00091514522916
0.1111111111111111,0.6666666666666666,0.0,55.55555555555556,300.0004550500192
0.1111111111111111,0.6666666666666666,0.1111111111111111,55.55555555555556,300.0074435938576
0.1111111111111111,0.6666666666666666,0.2222222222222222,55.55555555555556,300.0605445865331
0.1111111111111111,0.6666666666666666,0.3333333333333333,55.55555555555556,300.24487084707863
0.1111111111111111,0.6666666666666666,0.4444444444444444,55.55555555555556,300.4924566047776
0.1111111111111111,0.6666666666666666,0.5555555555555556,55.55555555555556,300.4924566047776
0.1111111111111111,0.6666666666666666,0.6666666666666666,55.55555555555556,300.24487084707863
0.1111111111111111,0.6666666666666666,0.7777777777777777,55.55555555555556,300.0605445865331
0.1111111111111111,0.6666666666666666,0.8888888888888888,55.55555555555556,300.0074435938576
0.1111111111111111,0.6666666666666666,1.0,55.55555555555556,300.0004550500192
0.1111111111111111,0.7777777777777777,0.0,55.55555555555556,300.0001125116182
0.1111111111111111,0.7777777777777777,0.1111111111111111,55.55555555555556,300.0018404367764
0.1111111111111111,0.7777777777777777,0.2222222222222222,55.55555555555556,300.01496971567747
0.1111111111111111,0.7777777777777777,0.3333333333333333,55.55555555555556,300.0605445865331
0.1111111111111111,0.7777777777777777,0.4444444444444444,55.55555555555556,300.12176043770614
0.1111111111111111,0.7777777777777777,0.5555555555555556,55.55555555555556,300.12176043770614
0.1111111111111111,0.7777777777777777,0.6666666666666666,55.55555555555556,300.0605445865331
0.1111111111111111,0.7777777777777777,0.7777777777777777,55.55555555555556,300.01496971567747
0.1111111111111111,0.7777777777777777,0.8888888888888888,55.55555555555556,300.0018404367764
0.1111111111111111,0.7777777777777777,1.0,55.55555555555556,300.0001125116182
0.1111111111111111,0.8888888888888888,0.0,55.55555555555556,300.0000138326288
0.1111111111111111,0.8888888888888888,0.1111111111111111,55.55555555555556,300.00022627066545
0.1111111111111111,0.8888888888888888,0.2222222222222222,55.55555555555556,300.0018404367764
0.1111111111111111,0.8888888888888888,0.3333333333333333,55.55555555555556,300.0074435938576
0.1111111111111111,0.8888888888888888,0.4444444444444444,55.55555555555556,300.01496971567747
0.1111111111111111,0.8888888888888888,0.5555555555555556,55.55555555555556,300.01496971567747
0.1111111111111111,0.8888888888888888,0.6666666666666666,55.55555555555556,300.0074435938576
0.1111111111111111,0.8888888888888888,0.7777777777777777,55.55555555555556,300.0018404367764
0.1111111111111111,0.8888888888888888,0.8888888888888888,55.55555555555556,300.00022627066545
0.1111111111111111,0.8888888888888888,1.0,55.55555555555556,300.0000138326288
0.1111111111111111,1.0,0.0,55.55555555555556,300.0000008456316
0.1111111111111111,1.0,0.1111111111111111,55.55555555555556,300.0000138326288
0.1111111111111111,1.0,0.2222222222222222,55.55555555555556,300.0001125116182
0.1111111111111111,1.0,0.3333333333333333,55.55555555555556,300.0004550500192
0.1111111111111111,1.0,0.4444444444444444,55.55555555555556,300.00091514522916
0.1111111111111111,1.0,0.5555555555555556,55.55555555555556,300.00091514522916
0.1111111111111111,1.0,0.6666666666666666,55.55555555555556,300.0004550500192
0.1111111111111111,1.0,0.7777777777777777,55.55555555555556,300.0001125116182
0.1111111111111111,1.0,0.8888888888888888,55.55555555555556,300.0000138326288
0.1111111111111111,1.0,1.0,55.55555555555556,300.0000008456316
0.2222222222222222,0.0,0.0,55.55555555555556,300.00000687818476
0.2222222222222222,0.0,0.1111111111111111,55.55555555555556,300.0001125116182
0.2222222222222222,0.0,0.2222222222222222,55.55555555555556,300.00091514522916
0.2222222222222222,0.0,0.3333333333333333,55.55555555555556,300.0037012786823
0.2222222222222222,0.0,0.4444444444444444,55.55555555555556,300.0074435938576
0.2222222222222222,0.0,0.5555555555555556,55.55555555555556,300.0074435938576
0.2222222222222222,0.0,0.6666666666666666,55.55555555555556,300.0037012786823
0.2222222222222222,0.0,0.7777777777777777,55.55555555555556,300.00091514522916
0.2222222222222222,0.0,0.8888888888888888,55.55555555555556,300.0001125116182
0.2222222222222222,0.0,1.0,55.55555555555556,300.00000687818476
0.2222222222222222,0.1111111111111111,0.0,55.55555555555556,300.0001125116182
0.2222222222222222,0.1111111111111111,0.1111111111111111,55.55555555555556,300.0018404367764
0.2222222222222222,0.1111111111111111,0.2222222222222222,55.55555555555556,300.01496971567747
0.2222222222222222,0.1111111111111111,0.3333333333333333,55.55555555555556,300.0605445865331
0.2222222222222222,0.1111111111111111,0.4444444444444444,55.55555555555556,300.12176043770614
0.2222222222222222,0.1111111111111111,0.5555555555555556,55.55555555555556,300.12176043770614
0.2222222222222222,0.1111111111111111,0.6666666666666666,55.55555555555556,300.0605445865331
0.2222222222222222,0.1111111111111111,0.7777777777777777,55.55555555555556,300.01496971567747
0.2222222222222222,0.1111111111111111,0.8888888888888888,55.55555555555556,300.0018404367764
0.2222222222222222,0.1111111111111111,1.0,55.55555555555556,300.0001125116182
0.2222222222222222,0.2222222222222222,0.0,55.55555555555556,300.00091514522916
0.2222222222222222,0.2222222222222222,0.1111111111111111,55.55555555555556,300.01496971567747
0.2222222222222222,0.2222222222222222,0.2222222222222222,55.55555555555556,300.12176043770614
0.2222222222222222,0.2222222222222222,0.3333333333333333,55.55555555555556,300.4924566047776
0.2222222222222222,0.2222222222222222,0.4444444444444444,55.55555555555556,300.9903731313153
0.2222222222222222,0.2222222222222222,0.5555555555555556,55.55555555555556,300.9903731313153
0.2222222222222222,0.2222222222222222,0.6666666666666666,55.55555555555556,300.4924566047776
0.2222222222222222,0.2222222222222222,0.7777777777777777,55.55555555555556,300.12176043770614
0.2222222222222222,0.2222222222222222,0.8888888888888888,55.55555555555556,300.01496971567747
0.2222222222222222,0.2222222222222222,1.0,55.55555555555556,300.00091514522916
0.2222222222222222,0.3333333333333333,0.0,55.55555555555556,300.0037012786823
0.2222222222222222,0.3333333333333333,0.1111111111111111,55.55555555555556,300.0605445865331
0.2222222222222222,0.3333333333333333,0.2222222222222222,55.55555555555556,300.4924566047776
0.2222222222222222,0.3333333333333333,0.3333333333333333,55.55555555555556,301.99172664091753
0.2222222222222222,0.3333333333333333,0.4444444444444444,55.55555555555556,304.00553577909767
0.2222222222222222,0.3333333333333333,0.5555555555555556,55.55555555555556,304.00553577909767
0.2222222222222222,0.3333333333333333,0.6666666666666666,55.55555555555556,301.99172664091753
0.2222222222222222,0.3333333333333333,0.7777777777777777,55.55555555555556,300.4924566047776
0.2222222222222222,0.3333333333333333,0.8888888888888888,55.55555555555556,300.0605445865331
0.2222222222222222,0.3333333333333333,1.0,55.55555555555556,300.0037012786823
0.2222222222222222,0.4444444444444444,0.0,55.55555555555556,300.0074435938576
0.2222222222222222,0.4444444444444444,0.1111111111111111,55.55555555555556,300.12176043770614
0.2222222222222222,0.4444444444444444,0.2222222222222222,55.55555555555556,300.9903731313153
0.2222222222222222,0.4444444444444444,0.3333333333333333,55.55555555555556,304.00553577909767
0.2222222222222222,0.4444444444444444,0.4444444444444444,55.55555555555556,308.0554813838513
0.2222222222222222,0.4444444444444444,0.5555555555555556,55.55555555555556,308.0554813838513
0.2222222222222222,0.4444444444444444,0.6666666666666666,55.55555555555556,304.00553577909767
0.2222222222222222,0.4444444444444444,0.7777777777777777,55.55555555555556,300.9903731313153
0.2222222222222222,0.4444444444444444,0.8888888888888888,55.55555555555556,300.12176043770614
0.2222222222222222,0.4444444444444444,1.0,55.55555555555556,300.0074435938576
0.2222222222222222,0.5555555555555556,0.0,55.55555555555556,300.0074435938576
0.2222222222222222,0.5555555555555556,0.1111111111111111,55.55555555555556,300.12176043770614
0.2222222222222222,0.5555555555555556,0.2222222222222222,55.55555555555556,300.9903731313153
0.2222222222222222,0.5555555555555556,0.3333333333333333,55.55555555555556,304.00553577909767
0.2222222222222222,0.5555555555555556,0.4444444444444444,55.55555555555556,308.0554813838513
0.2222222222222222,0.5555555555555556,0.5555555555555556,55.55555555555556,308.0554813838513
0.2222222222222222,0.5555555555555556,0.6666666666666666,55.55555555555556,304.00553577909767
0.2222222222222222,0.5555555555555556,0.7777777777777777,55.55555555555556,300.9903731313153
0.2222222222222222,0.5555555555555556,0.8888888888888888,55.55555555555556,300.12176043770614
0.2222222222222222,0.5555555555555556,1.0,55.55555555555556,300.0074435938576
0.2222222222222222,0.6666666666666666,0.0,55.55555555555556,300.0037012786823
0.2222222222222222,0.6666666666666666,0.1111111111111111,55.55555555555556,300.0605445865331
0.2222222222222222,0.6666666666666666,0.2222222222222222,55.55555555555556,300.4924566047776
0.2222222222222222,0.6666666666666666,0.3333333333333333,55.55555555555556,301.99172664091753
0.2222222222222222,0.6666666666666666,0.4444444444444444,55.55555555555556,304.00553577909767
0.2222222222222222,0.6666666666666666,0.5555555555555556,55.55555555555556,304.00553577909767
0.2222222222222222,0.6666666666666666,0.6666666666666666,55.55555555555556,301.99172664091753
0.2222222222222222,0.6666666666666666,0.7777777777777777,55.55555555555556,300.4924566047776
0.2222222222222222,0.6666666666666666,0.8888888888888888,55.55555555555556,300.0605445865331
0.2222222222222222,0.6666666666666666,1.0,55.55555555555556,300.0037012786823
0.2222222222222222,0.7777777777777777,0.0,55.55555555555556,300.00091514522916
0.2222222222222222,0.7777777777777777,0.1111111111111111,55.55555555555556,300.01496971567747
0.2222222222222222,0.7777777777777777,0.2222222222222222,55.55555555555556,300.12176043770614
0.2222222222222222,0.7777777777777777,0.3333333333333333,55.55555555555556,300.4924566047776
0.2222222222222222,0.7777777777777777,0.4444444444444444,55.55555555555556,300.9903731313153
0.2222222222222222,0.7777777777777777,0.5555555555555556,55.55555555555556,300.9903731313153
0.2222222222222222,0.7777777777777777,0.6666666666666666,55.55555555555556,300.4924566047776
0.2222222222222222,0.7777777777777777,0.7777777777777777,55.55555555555556,300.12176043770614
0.2222222222222222,0.7777777777777777,0.8888888888888888,55.55555555555556,300.01496971567747
0.2222222222222222,0.7777777777777777,1.0,55.55555555555556,300.00091514522916
0.2222222222222222,0.8888888888888888,0.0,55.55555555555556,300.0001125116182
0.2222222222222222,0.8888888888888888,0.1111111111111111,55.55555555555556,300.0018404367764
0.2222222222222222,0.8888888888888888,0.2222222222222222,55.55555555555556,300.01496971567747
0.2222222222222222,0.8888888888888888,0.3333333333333333,55.55555555555556,300.0605445865331
0.2222222222222222,0.8888888888888888,0.4444444444444444,55.55555555555556,300.12176043770614
0.2222222222222222,0.8888888888888888,0.5555555555555556,55.55555555555556,300.12176043770614
0.2222222222222222,0.8888888888888888,0.6666666666666666,55.55555555555556,300.0605445865331
0.2222222222222222,0.8888888888888888,0.7777777777777777,55.55555555555556,300.01496971567747
0.2222222222222222,0.8888888888888888,0.8888888888888888,55.55555555555556,300.0018404367764
0.2222222222222222,0.8888888888888888,1.0,55.55555555555556,300.0001125116182
0.2222222222222222,1.0,0.0,55.55555555555556,300.00000687818476
0.2222222222222222,1.0,0.1111111111111111,55.55555555555556,300.0001125116182
0.2222222222222222,1.0,0.2222222222222222,55.55555555555556,300.00091514522916
0.2222222222222222,1.0,0.3333333333333333,55.55555555555556,300.0037012786823
0.2222222222222222,1.0,0.4444444444444444,55.55555555555556,300.0074435938576
0.2222222222222222,1.0,0.5555555555555556,55.55555555555556,300.0074435938576
0.2222222222222222,1.0,0.6666666666666666,55.55555555555556,300.0037012786823
0.2222222222222222,1.0,0.7777777777777777,55.55555555555556,300.00091514522916
0.2222222222222222,1.0,0.8888888888888888,55.55555555555556,300.0001125116182
0.2222222222222222,1.0,1.0,55.55555555555556,300.00000687818476
0.3333333333333333,0.0,0.0,55.55555555555556,300.0000278186215
0.3333333333333333,0.0,0.1111111111111111,55.55555555555556,300.0004550500192
0.3333333333333333,0.0,0.2222222222222222,55.55555555555556,300.0037012786823
0.3333333333333333,0.0,0.3333333333333333,55.55555555555556,300.01496971567747
0.3333333333333333,0.0,0.4444444444444444,55.55555555555556,300.03010540227615
0.3333333333333333,0.0,0.5555555555555556,55.55555555555556,300.03010540227615
0.3333333333333333,0.0,0.6666666666666666,55.55555555555556,300.01496971567747
0.3333333333333333,0.0,0.7777777777777777,55.55555555555556,300.0037012786823
0.3333333333333333,0.0,0.8888888888888888,55.55555555555556,300.0004550500192
0.3333333333333333,0.0,1.0,55.55555555555556,300.0000278186215
0.3333333333333333,0.1111111111111111,0.0,55.55555555555556,300.0004550500192
0.3333333333333333,0.1111111111111111,0.1111111111111111,55.55555555555556,300.0074435938576
0.3333333333333333,0.1111111111111111,0.2222222222222222,55.55555555555556,300.0605445865331
0.3333333333333333,0.1111111111111111,0.3333333333333333,55.55555555555556,300.24487084707863
0.3333333333333333,0.1111111111111111,0.4444444444444444,55.55555555555556,300.4924566047776
0.3333333333333333,0.1111111111111111,0.5555555555555556,55.55555555555556,300.4924566047776
0.3333333333333333,0.1111111111111111,0.6666666666666666,55.55555555555556,300.24487084707863
0.3333333333333333,0.1111111111111111,0.7777777777777777,55.55555555555556,300.0605445865331
0.3333333333333333,0.1111111111111111,0.8888888888888888,55.55555555555556,300.0074435938576
0.3333333333333333,0.1111111111111111,1.0,55.55555555555556,300.0004550500192
0.3333333333333333,0.2222222222222222,0.0,55.55555555555556,300.0037012786823
0.3333333333333333,0.2222222222222222,0.1111111111111111,55.55555555555556,300.0605445865331
0.3333333333333333,0.2222222222222222,0.2222222222222222,55.55555555555556,300.4924566047776
0.3333333333333333,0.2222222222222222,0.3333333333333333,55.55555555555556,301.99172664091753
0.3333333333333333,0.2222222222222222,0.4444444444444444,55.55555555555556,304.00553577909767
0.3333333333333333,0.2222222222222222,0.5555555555555556,55.55555555555556,304.00553577909767
0.3333333333333333,0.2222222222222222,0.6666666666666666,55.55555555555556,301.99172664091753
0.3333333333333333,0.2222222222222222,0.7777777777777777,55.55555555555556,300.4924566047776
0.3333333333333333,0.2222222222222222,0.8888888888888888,55.55555555555556,300.0605445865331
0.3333333333333333,0.2222222222222222,1.0,55.55555555555556,300.0037012786823
0.3333333333333333,0.3333333333333333,0.0,55.55555555555556,300.01496971567747
0.3333333333333333,0.3333333333333333,0.1111111111111111,55.55555555555556,300.24487084707863
0.3333333333333333,0.3333333333333333,0.2222222222222222,55.55555555555556,301.99172664091753
0.3333333333333333,0.3333333333333333,0.3333333333333333,55.55555555555556,308.0554813838513
0.3333333333333333,0.3333333333333333,0.4444444444444444,55.55555555555556,316.20027479574605
0.3333333333333333,0.3333333333333333,0.5555555555555556,55.55555555555556,316.20027479574605
0.3333333333333333,0.3333333333333333,0.6666666666666666,55.55555555555556,308.0554813838513
0.3333333333333333,0.3333333333333333,0.7777777777777777,55.55555555555556,301.99172664091753
0.3333333333333333,0.3333333333333333,0.8888888888888888,55.55555555555556,300.24487084707863
0.3333333333333333,0.3333333333333333,1.0,55.55555555555556,300.01496971567747
0.3333333333333333,0.4444444444444444,0.0,55.55555555555556,300.03010540227615
0.3333333333333333,0.4444444444444444,0.1111111111111111,55.55555555555556,300.4924566047776
0.3333333333333333,0.4444444444444444,0.2222222222222222,55.55555555555556,304.00553577909767
0.3333333333333333,0.4444444444444444,0.3333333333333333,55.55555555555556,316.20027479574605
0.3333333333333333,0.4444444444444444,0.4444444444444444,55.55555555555556,332.580163860078
0.3333333333333333,0.4444444444444444,0.5555555555555556,55.55555555555556,332.580163860078
0.3333333333333333,0.4444444444444444,0.6666666666666666,55.55555555555556,316.20027479574605
0.3333333333333333,0.4444444444444444,0.7777777777777777,55.55555555555556,304.00553577909767
0.3333333333333333,0.4444444444444444,0.8888888888888888,55.55555555555556,300.4924566047776
0.3333333333333333,0.4444444444444444,1.0,55.55555555555556,300.03010540227615
0.3333333333333333,0.5555555555555556,0.0,55.55555555555556,300.03010540227615
0.3333333333333333,0.5555555555555556,0.1111111111111111,55.55555555555556,300.4924566047776
0.3333333333333333,0.5555555555555556,0.2222222222222222,55.55555555555556,304.00553577909767
0.3333333333333333,0.5555555555555556,0.3333333333333333,55.55555555555556,316.20027479574605
0.3333333333333333,0.5555555555555556,0.4444444444444444,55.55555555555556,332.580163860078
0.3333333333333333,0.5555555555555556,0.5555555555555556,55.55555555555556,332.580163860078
0.3333333333333333,0.5555555555555556,0.6666666666666666,55.55555555555556,316.20027479574605
0.3333333333333333,0.5555555555555556,0.7777777777777777,55.55555555555556,304.00553577909767
0.3333333333333333,0.5555555555555556,0.8888888888888888,55.55555555555556,300.4924566047776
0.3333333333333333,0.5555555555555556,1.0,55.55555555555556,300.03010540227615
0.3333333333333333,0.6666666666666666,0.0,55.55555555555556,300.01496971567747
0.3333333333333333,0.6666666666666666,0.1111111111111111,55.55555555555556,300.24487084707863
0.3333333333333333,0.6666666666666666,0.2222222222222222,55.55555555555556,301.99172664091753
0.3333333333333333,0.6666666666666666,0.3333333333333333,55.55555555555556,308.0554813838513
0.3333333333333333,0.6666666666666666,0.4444444444444444,55.55555555555556,316.20027479574605
0.3333333333333333,0.6666666666666666,0.5555555555555556,55.55555555555556,316.20027479574605
0.3333333333333333,0.6666666666666666,0.6666666666666666,55.55555555555556,308.0554813838513
0.3333333333333333,0.6666666666666666,0.7777777777777777,55.55555555555556,301.99172664091753
0.3333333333333333,0.6666666666666666,0.8888888888888888,55.55555555555556,300.24487084707863
0.3333333333333333,0.6666666666666666,1.0,55.55555555555556,300.01496971567747
0.3333333333333333,0.7777777777777777,0.0,55.55555555555556,300.0037012786823
0.3333333333333333,0.7777777777777777,0.1111111111111111,55.55555555555556,300.0605445865331
0.3333333333333333,0.7777777777777777,0.2222222222222222,55.55555555555556,300.4924566047776
0.3333333333333333,0.7777777777777777,0.3333333333333333,55.55555555555556,301.99172664091753
0.3333333333333333,0.7777777777777777,0.4444444444444444,55.55555555555556,304.00553577909767
0.3333333333333333,0.7777777777777777,0.5555555555555556,55.55555555555556,304.00553577909767
0.3333333333333333,0.7777777777777777,0.6666666666666666,55.55555555555556,301.99172664091753
0.3333333333333333,0.7777777777777777,0.7777777777777777,55.55555555555556,300.4924566047776
0.3333333333333333,0.7777777777777777,0.8888888888888888,55.55555555555556,300.0605445865331
0.3333333333333333,0.7777777777777777,1.0,55.55555555555556,300.0037012786823
0.3333333333333333,0.8888888888888888,0.0,55.55555555555556,300.0004550500192
0.3333333333333333,0.8888888888888888,0.1111111111111111,55.55555555555556,300.0074435938576
0.3333333333333333,0.8888888888888888,0.2222222222222222,55.55555555555556,300.0605445865331
0.3333333333333333,0.8888888888888888,0.3333333333333333,55.55555555555556,300.24487084707863
0.3333333333333333,0.8888888888888888,0.4444444444444444,55.55555555555556,300.4924566047776
0.3333333333333333,0.8888888888888888,0.5555555555555556,55.55555555555556,300.4924566047776
0.3333333333333333,0.8888888888888888,0.6666666666666666,55.55555555555556,300.24487084707863
0.3333333333333333,0.8888888888888888,0.7777777777777777,55.55555555555556,300.0605445865331
0.3333333333333333,0.8888888888888888,0.8888888888888888,55.55555555555556,300.0074435938576
0.3333333333333333,0.8888888888888888,1.0,55.55555555555556,300.0004550500192
0.3333333333333333,1.0,0.0,55.55555555555556,300.0000278186215
0.3333333333333333,1.0,0.1111111111111111,55.55555555555556,300.0004550500192
0.3333333333333333,1.0,0.2222222222222222,55.55555555555556,300.0037012786823
0.3333333333333333,1.0,0.3333333333333333,55.55555555555556,300.01496971567747
0.3333333333333333,1.0,0.4444444444444444,55.55555555555556,300.03010540227615
0.3333333333333333,1.0,0.5555555555555556,55.55555555555556,300.03010540227615
0.3333333333333333,1.0,0.6666666666666666,55.55555555555556,300.01496971567747
0.3333333333333333,1.0,0.7777777777777777,55.55555555555556,300.0037012786823
0.3333333333333333,1.0,0.8888888888888888,55.55555555555556,300.0004550500192
0.3333333333333333,1.0,1.0,55.55555555555556,300.0000278186215
0.4444444444444444,0.0,0.0,55.55555555555556,300.00005594567114
0.4444444444444444,0.0,0.1111111111111111,55.55555555555556,300.00091514522916
0.4444444444444444,0.0,0.2222222222222222,55.55555555555556,300.0074435938576
0.4444444444444444,0.0,0.3333333333333333,55.55555555555556,300.03010540227615
0.4444444444444444,0.0,0.4444444444444444,55.55555555555556,300.0605445865331
0.4444444444444444,0.0,0.5555555555555556,55.55555555555556,300.0605445865331
0.4444444444444444,0.0,0.6666666666666666,55.55555555555556,300.03010540227615
0.4444444444444444,0.0,0.7777777777777777,55.55555555555556,300.0074435938576
0.4444444444444444,0.0,0.8888888888888888,55.55555555555556,300.00091514522916
0.4444444444444444,0.0,1.0,55.55555555555556,300.00005594567114
0.4444444444444444,0.1111111111111111,0.0,55.55555555555556,300.00091514522916
0.4444444444444444,0.1111111111111111,0.1111111111111111,55.55555555555556,300.01496971567747
0.4444444444444444,0.1111111111111111,0.2222222222222222,55.55555555555556,300.12176043770614
0.4444444444444444,0.1111111111111111,0.3333333333333333,55.55555555555556,300.4924566047776
0.4444444444444444,0.1111111111111111,0.4444444444444444,55.55555555555556,300.9903731313153
0.4444444444444444,0.1111111111111111,0.5555555555555556,55.55555555555556,300.9903731313153
0.4444444444444444,0.1111111111111111,0.6666666666666666,55.55555555555556,300.4924566047776
0.4444444444444444,0.1111111111111111,0.7777777777777777,55.55555555555556,300.12176043770614
0.4444444444444444,0.1111111111111111,0.8888888888888888,55.55555555555556,300.01496971567747
0.4444444444444444,0.1111111111111111,1.0,55.55555555555556,300.00091514522916
0.4444444444444444,0.2222222222222222,0.0,55.55555555555556,300.0074435938576
0.4444444444444444,0.2222222222222222,0.1111111111111111,55.55555555555556,300.12176043770614
0.4444444444444444,0.2222222222222222,0.2222222222222222,55.55555555555556,300.9903731313153
0.4444444444444444,0.2222222222222222,0.3333333333333333,55.55555555555556,304.00553577909767
0.4444444444444444,0.2222222222222222,0.4444444444444444,55.55555555555556,308.0554813838513
0.4444444444444444,0.2222222222222222,0.5555555555555556,55.55555555555556,308.0554813838513
0.4444444444444444,0.2222222222222222,0.6666666666666666,55.55555555555556,304.00553577909767
0.4444444444444444,0.2222222222222222,0.7777777777777777,55.55555555555556,300.9903731313153
0.4444444444444444,0.2222222222222222,0.8888888888888888,55.55555555555556,300.12176043770614
0.4444444444444444,0.2222222222222222,1.0,55.55555555555556,300.0074435938576
0.4444444444444444,0.3333333333333333,0.0,55.55555555555556,300.03010540227615
0.4444444444444444,0.3333333333333333,0.1111111111111111,55.55555555555556,300.4924566047776
0.4444444444444444,0.3333333333333333,0.2222222222222222,55.55555555555556,304.00553577909767
0.4444444444444444,0.3333333333333333,0.3333333333333333,55.55555555555556,316.20027479574605
0.4444444444444444,0.3333333333333333,0.4444444444444444,55.55555555555556,332.580163860078
0.4444444444444444,0.3333333333333333,0.5555555555555556,55.55555555555556,332.580163860078
0.4444444444444444,0.3333333333333333,0.6666666666666666,55.55555555555556,316.20027479574605
0.4444444444444444,0.3333333333333333,0.7777777777777777,55.55555555555556,304.00553577909767
0.4444444444444444,0.3333333333333333,0.8888888888888888,55.55555555555556,300.4924566047776
0.4444444444444444,0.3333333333333333,1.0,55.55555555555556,300.03010540227615
0.4444444444444444,0.4444444444444444,0.0,55.55555555555556,300.0605445865331
0.4444444444444444,0.4444444444444444,0.1111111111111111,55.55555555555556,300.9903731313153
0.4444444444444444,0.4444444444444444,0.2222222222222222,55.55555555555556,308.0554813838513
0.4444444444444444,0.4444444444444444,0.3333333333333333,55.55555555555556,332.580163860078
0.4444444444444444,0.4444444444444444,0.4444444444444444,55.55555555555556,365.52154766092366
0.4444444444444444,0.4444444444444444,0.5555555555555556,55.55555555555556,365.52154766092366
0.4444444444444444,0.4444444444444444,0.6666666666666666,55.55555555555556,332.580163860078
0.4444444444444444,0.4444444444444444,0.7777777777777777,55.55555555555556,308.0554813838514
0.4444444444444444,0.4444444444444444,0.8888888888888888,55.55555555555556,300.9903731313153
0.4444444444444444,0.4444444444444444,1.0,55.55555555555556,300.0605445865331
0.4444444444444444,0.5555555555555556,0.0,55.55555555555556,300.0605445865331
0.4444444444444444,0.5555555555555556,0.1111111111111111,55.55555555555556,300.9903731313153
0.4444444444444444,0.5555555555555556,0.2222222222222222,55.55555555555556,308.0554813838513
0.4444444444444444,0.5555555555555556,0.3333333333333333,55.55555555555556,332.580163860078
0.4444444444444444,0.5555555555555556,0.4444444444444444,55.55555555555556,365.52154766092366
0.4444444444444444,0.5555555555555556,0.5555555555555556,55.55555555555556,365.52154766092366
0.4444444444444444,0.5555555555555556,0.6666666666666666,55.55555555555556,332.580163860078
0.4444444444444444,0.5555555555555556,0.7777777777777777,55.55555555555556,308.0554813838514
0.4444444444444444,0.5555555555555556,0.8888888888888888,55.55555555555556,300.9903731313153
0.4444444444444444,0.5555555555555556,1.0,55.55555555555556,300.0605445865331
0.4444444444444444,0.6666666666666666,0.0,55.55555555555556,300.03010540227615
0.4444444444444444,0.6666666666666666,0.1111111111111111,55.55555555555556,300.4924566047776
0.4444444444444444,0.6666666666666666,0.2222222222222222,55.55555555555556,304.00553577909767
0.4444444444444444,0.6666666666666666,0.3333333333333333,55.55555555555556,316.20027479574605
0.4444444444444444,0.6666666666666666,0.4444444444444444,55.55555555555556,332.580163860078
0.4444444444444444,0.6666666666666666,0.5555555555555556,55.55555555555556,332.580163860078
0.4444444444444444,0.6666666666666666,0.6666666666666666,55.55555555555556,316.20027479574605
0.4444444444444444,0.6666666666666666,0.7777777777777777,55.55555555555556,304.0055357790977
0.4444444444444444,0.6666666666666666,0.8888888888888888,55.55555555555556,300.4924566047776
0.4444444444444444,0.6666666666666666,1.0,55.55555555555556,300.03010540227615
0.4444444444444444,0.7777777777777777,0.0,55.55555555555556,300.0074435938576
0.4444444444444444,0.7777777777777777,0.1111111111111111,55.55555555555556,300.12176043770614
0.4444444444444444,0.7777777777777777,0.2222222222222222,55.55555555555556,300.9903731313153
0.4444444444444444,0.7777777777777777,0.3333333333333333,55.55555555555556,304.00553577909767
0.4444444444444444,0.7777777777777777,0.4444444444444444,55.55555555555556,308.0554813838514
0.4444444444444444,0.7777777777777777,0.5555555555555556,55.55555555555556,308.0554813838514
0.4444444444444444,0.7777777777777777,0.6666666666666666,55.55555555555556,304.0055357790977
0.4444444444444444,0.7777777777777777,0.7777777777777777,55.55555555555556,300.9903731313153
0.4444444444444444,0.7777777777777777,0.8888888888888888,55.55555555555556,300.12176043770614
0.4444444444444444,0.7777777777777777,1.0,55.55555555555556,300.0074435938576
0.4444444444444444,0.8888888888888888,0.0,55.55555555555556,300.00091514522916
0.4444444444444444,0.8888888888888888,0.1111111111111111,55.55555555555556,300.01496971567747
0.4444444444444444,0.8888888888888888,0.2222222222222222,55.55555555555556,300.12176043770614
0.4444444444444444,0.8888888888888888,0.3333333333333333,55.55555555555556,300.4924566047776
0.4444444444444444,0.8888888888888888,0.4444444444444444,55.55555555555556,300.9903731313153
0.4444444444444444,0.8888888888888888,0.5555555555555556,55.55555555555556,300.9903731313153
0.4444444444444444,0.8888888888888888,0.6666666666666666,55.55555555555556,300.4924566047776
0.4444444444444444,0.8888888888888888,0.7777777777777777,55.55555555555556,300.12176043770614
0.4444444444444444,0.8888888888888888,0.8888888888888888,55.55555555555556,300.01496971567747
0.4444444444444444,0.8888888888888888,1.0,55.55555555555556,300.00091514522916
0.4444444444444444,1.0,0.0,55.55555555555556,300.00005594567114
0.4444444444444444,1.0,0.1111111111111111,55.55555555555556,300.00091514522916
0.4444444444444444,1.0,0.2222222222222222,55.55555555555556,300.0074435938576
0.4444444444444444,1.0,0.3333333333333333,55.55555555555556,300.03010540227615
0.4444444444444444,1.0,0.4444444444444444,55.55555555555556,300.0605445865331
0.4444444444444444,1.0,0.5555555555555556,55.55555555555556,300.0605445865331
0.4444444444444444,1.0,0.6666666666666666,55.55555555555556,300.03010540227615
0.4444444444444444,1.0,0.7777777777777777,55.55555555555556,300.0074435938576
0.4444444444444444,1.0,0.8888888888888888,55.55555555555556,300.00091514522916
0.4444444444444444,1.0,1.0,55.55555555555556,300.00005594567114
0.5555555555555556,0.0,0.0,55.55555555555556,300.00005594567114
0.5555555555555556,0.0,0.1111111111111111,55.55555555555556,300.00091514522916
0.5555555555555556,0.0,0.2222222222222222,55.55555555555556,300.0074435938576
0.5555555555555556,0.0,0.3333333333333333,55.55555555555556,300.03010540227615
0.5555555555555556,0.0,0.4444444444444444,55.55555555555556,300.0605445865331
0.5555555555555556,0.0,0.5555555555555556,55.55555555555556,300.0605445865331
0.5555555555555556,0.0,0.6666666666666666,55.55555555555556,300.03010540227615
0.5555555555555556,0.0,0.7777777777777777,55.55555555555556,300.0074435938576
0.5555555555555556,0.0,0.8888888888888888,55.55555555555556,300.00091514522916
0.5555555555555556,0.0,1.0,55.55555555555556,300.00005594567114
0.5555555555555556,0.1111111111111111,0.0,55.55555555555556,300.00091514522916
0.5555555555555556,0.1111111111111111,0.1111111111111111,55.55555555555556,300.01496971567747
0.5555555555555556,0.1111111111111111,0.2222222222222222,55.55555555555556,300.12176043770614
0.5555555555555556,0.1111111111111111,0.3333333333333333,55.55555555555556,300.4924566047776
0.5555555555555556,0.1111111111111111,0.4444444444444444,55.55555555555556,300.9903731313153
0.5555555555555556,0.1111111111111111,0.5555555555555556,55.55555555555556,300.9903731313153
0.5555555555555556,0.1111111111111111,0.6666666666666666,55.55555555555556,300.4924566047776
0.5555555555555556,0.1111111111111111,0.7777777777777777,55.55555555555556,300.12176043770614
0.5555555555555556,0.1111111111111111,0.8888888888888888,55.55555555555556,300.01496971567747
0.5555555555555556,0.1111111111111111,1.0,55.55555555555556,300.00091514522916
0.5555555555555556,0.2222222222222222,0.0,55.55555555555556,300.0074435938576
0.5555555555555556,0.2222222222222222,0.1111111111111111,55.55555555555556,300.12176043770614
0.5555555555555556,0.2222222222222222,0.2222222222222222,55.55555555555556,300.9903731313153
0.5555555555555556,0.2222222222222222,0.3333333333333333,55.55555555555556,304.00553577909767
0.5555555555555556,0.2222222222222222,0.4444444444444444,55.55555555555556,308.0554813838513
0.5555555555555556,0.2222222222222222,0.5555555555555556,55.55555555555556,308.0554813838513
0.5555555555555556,0.2222222222222222,0.6666666666666666,55.55555555555556,304.00553577909767
0.5555555555555556,0.2222222222222222,0.7777777777777777,55.55555555555556,300.9903731313153
0.5555555555555556,0.2222222222222222,0.8888888888888888,55.55555555555556,300.12176043770614
0.5555555555555556,0.2222222222222222,1.0,55.55555555555556,300.0074435938576
0.5555555555555556,0.3333333333333333,0.0,55.55555555555556,300.03010540227615
0.5555555555555556,0.3333333333333333,0.1111111111111111,55.55555555555556,300.4924566047776
0.5555555555555556,0.3333333333333333,0.2222222222222222,55.55555555555556,304.00553577909767
0.5555555555555556,0.3333333333333333,0.3333333333333333,55.55555555555556,316.20027479574605
0.5555555555555556,0.3333333333333333,0.4444444444444444,55.55555555555556,332.580163860078
0.5555555555555556,0.3333333333333333,0.5555555555555556,55.55555555555556,332.580163860078
0.5555555555555556,0.3333333333333333,0.6666666666666666,55.55555555555556,316.20027479574605
0.5555555555555556,0.3333333333333333,0.7777777777777777,55.55555555555556,304.00553577909767
0.5555555555555556,0.3333333333333333,0.8888888888888888,55.55555555555556,300.4924566047776
0.5555555555555556,0.3333333333333333,1.0,55.55555555555556,300.03010540227615
0.5555555555555556,0.4444444444444444,0.0,55.55555555555556,300.0605445865331
0.5555555555555556,0.4444444444444444,0.1111111111111111,55.55555555555556,300.9903731313153
0.5555555555555556,0.4444444444444444,0.2222222222222222,55.55555555555556,308.0554813838513
0.5555555555555556,0.4444444444444444,0.3333333333333333,55.55555555555556,332.580163860078
0.5555555555555556,0.4444444444444444,0.4444444444444444,55.55555555555556,365.52154766092366
0.5555555555555556,0.4444444444444444,0.5555555555555556,55.55555555555556,365.52154766092366
0.5555555555555556,0.4444444444444444,0.6666666666666666,55.55555555555556,332.580163860078
0.5555555555555556,0.4444444444444444,0.7777777777777777,55.55555555555556,308.0554813838514
0.5555555555555556,0.4444444444444444,0.8888888888888888,55.55555555555556,300.9903731313153
0.5555555555555556,0.4444444444444444,1.0,55.55555555555556,300.0605445865331
0.5555555555555556,0.5555555555555556,0.0,55.55555555555556,300.0605445865331
0.5555555555555556,0.5555555555555556,0.1111111111111111,55.55555555555556,300.9903731313153
0.5555555555555556,0.5555555555555556,0.2222222222222222,55.55555555555556,308.0554813838513
0.5555555555555556,0.5555555555555556,0.3333333333333333,55.55555555555556,332.580163860078
0.5555555555555556,0.5555555555555556,0.4444444444444444,55.55555555555556,365.52154766092366
0.5555555555555556,0.5555555555555556,0.5555555555555556,55.55555555555556,365.52154766092366
0.5555555555555556,0.5555555555555556,0.6666666666666666,55.55555555555556,332.580163860078
0.5555555555555556,0.5555555555555556,0.7777777777777777,55.55555555555556,308.0554813838514
0.5555555555555556,0.5555555555555556,0.8888888888888888,55.55555555555556,300.9903731313153
0.5555555555555556,0.5555555555555556,1.0,55.55555555555556,300.0605445865331
0.5555555555555556,0.6666666666666666,0.0,55.55555555555556,300.03010540227615
0.5555555555555556,0.6666666666666666,0.1111111111111111,55.55555555555556,300.4924566047776
0.5555555555555556,0.6666666666666666,0.2222222222222222,55.55555555555556,304.00553577909767
0.5555555555555556,0.6666666666666666,0.3333333333333333,55.55555555555556,316.20027479574605
0.5555555555555556,0.6666666666666666,0.4444444444444444,55.55555555555556,332.580163860078
0.5555555555555556,0.6666666666666666,0.5555555555555556,55.55555555555556,332.580163860078
0.5555555555555556,0.6666666666666666,0.6666666666666666,55.55555555555556,316.20027479574605
0.5555555555555556,0.6666666666666666,0.7777777777777777,55.55555555555556,304.0055357790977
0.5555555555555556,0.6666666666666666,0.8888888888888888,55.55555555555556,300.4924566047776
0.5555555555555556,0.6666666666666666,1.0,55.55555555555556,300.03010540227615
0.5555555555555556,0.7777777777777777,0.0,55.55555555555556,300.0074435938576
0.5555555555555556,0.7777777777777777,0.1111111111111111,55.55555555555556,300.12176043770614
0.5555555555555556,0.7777777777777777,0.2222222222222222,55.55555555555556,300.9903731313153
0.5555555555555556,0.7777777777777777,0.3333333333333333,55.55555555555556,304.00553577909767
0.5555555555555556,0.7777777777777777,0.4444444444444444,55.55555555555556,308.0554813838514
0.5555555555555556,0.7777777777777777,0.5555555555555556,55.55555555555556,308.0554813838514
0.5555555555555556,0.7777777777777777,0.6666666666666666,55.55555555555556,304.0055357790977
0.5555555555555556,0.7777777777777777,0.7777777777777777,55.55555555555556,300.9903731313153
0.5555555555555556,0.7777777777777777,0.8888888888888888,55.55555555555556,300.12176043770614
0.5555555555555556,0.7777777777777777,1.0,55.55555555555556,300.0074435938576
0.5555555555555556,0.8888888888888888,0.0,55.55555555555556,300.00091514522916
0.5555555555555556,0.8888888888888888,0.1111111111111111,55.55555555555556,300.01496971567747
0.5555555555555556,0.8888888888888888,0.2222222222222222,55.55555555555556,300.12176043770614
0.5555555555555556,0.8888888888888888,0.3333333333333333,55.55555555555556,300.4924566047776
0.5555555555555556,0.8888888888888888,0.4444444444444444,55.55555555555556,300.9903731313153
0.5555555555555556,0.8888888888888888,0.5555555555555556,55.55555555555556,300.9903731313153
0.5555555555555556,0.8888888888888888,0.6666666666666666,55.55555555555556,300.4924566047776
0.5555555555555556,0.8888888888888888,0.7777777777777777,55.55555555555556,300.12176043770614
0.5555555555555556,0.8888888888888888,0.8888888888888888,55.55555555555556,300.01496971567747
0.5555555555555556,0.8888888888888888,1.0,55.55555555555556,300.00091514522916
0.5555555555555556,1.0,0.0,55.55555555555556,300.00005594567114
0.5555555555555556,1.0,0.1111111111111111,55.55555555555556,300.00091514522916
0.5555555555555556,1.0,0.2222222222222222,55.55555555555556,300.0074435938576
0.5555555555555556,1.0,0.3333333333333333,55.55555555555556,300.03010540227615
0.5555555555555556,1.0,0.4444444444444444,55.55555555555556,300.0605445865331
0.5555555555555556,1.0,0.5555555555555556,55.55555555555556,300.0605445865331
0.5555555555555556,1.0,0.6666666666666666,55.55555555555556,300.03010540227615
0.5555555555555556,1.0,0.7777777777777777,55.55555555555556,300.0074435938576
0.5555555555555556,1.0,0.8888888888888888,55.55555555555556,300.00091514522916
0.5555555555555556,1.0,1.0,55.55555555555556,300.00005594567114
0.6666666666666666,0.0,0.0,55.55555555555556,300.0000278186215
0.6666666666666666,0.0,0.1111111111111111,55.55555555555556,300.0004550500192
0.6666666666666666,0.0,0.2222222222222222,55.55555555555556,300.0037012786823
0.6666666666666666,0.0,0.3333333333333333,55.55555555555556,300.01496971567747
0.6666666666666666,0.0,0.4444444444444444,55.55555555555556,300.03010540227615
0.6666666666666666,0.0,0.5555555555555556,55.55555555555556,300.03010540227615
0.6666666666666666,0.0,0.6666666666666666,55.55555555555556,300.01496971567747
0.6666666666666666,0.0,0.7777777777777777,55.55555555555556,300.0037012786823
0.6666666666666666,0.0,0.8888888888888888,55.55555555555556,300.0004550500192
0.6666666666666666,0.0,1.0,55.55555555555556,300.0000278186215
0.6666666666666666,0.1111111111111111,0.0,55.55555555555556,300.0004550500192
0.6666666666666666,0.1111111111111111,0.1111111111111111,55.55555555555556,300.0074435938576
0.6666666666666666,0.1111111111111111,0.2222222222222222,55.55555555555556,300.0605445865331
0.6666666666666666,0.1111111111111111,0.3333333333333333,55.55555555555556,300.24487084707863
0.6666666666666666,0.1111111111111111,0.4444444444444444,55.55555555555556,300.4924566047776
0.6666666666666666,0.1111111111111111,0.5555555555555556,55.55555555555556,300.4924566047776
0.6666666666666666,0.1111111111111111,0.6666666666666666,55.55555555555556,300.24487084707863
0.6666666666666666,0.1111111111111111,0.7777777777777777,55.55555555555556,300.0605445865331
0.6666666666666666,0.1111111111111111,0.8888888888888888,55.55555555555556,300.0074435938576
0.6666666666666666,0.1111111111111111,1.0,55.55555555555556,300.0004550500192
0.6666666666666666,0.2222222222222222,0.0,55.55555555555556,300.0037012786823
0.6666666666666666,0.2222222222222222,0.1111111111111111,55.55555555555556,300.0605445865331
0.6666666666666666,0.2222222222222222,0.2222222222222222,55.55555555555556,300.4924566047776
0.6666666666666666,0.2222222222222222,0.3333333333333333,55.55555555555556,301.99172664091753
0.6666666666666666,0.2222222222222222,0.4444444444444444,55.55555555555556,304.00553577909767
0.6666666666666666,0.2222222222222222,0.5555555555555556,55.55555555555556,304.00553577909767
0.6666666666666666,0.2222222222222222,0.6666666666666666,55.55555555555556,301.99172664091753
0.6666666666666666,0.2222222222222222,0.7777777777777777,55.55555555555556,300.4924566047776
0.6666666666666666,0.2222222222222222,0.8888888888888888,55.55555555555556,300.0605445865331
0.6666666666666666,0.2222222222222222,1.0,55.55555555555556,300.0037012786823
0.6666666666666666,0.3333333333333333,0.0,55.55555555555556,300.01496971567747
0.6666666666666666,0.3333333333333333,0.1111111111111111,55.55555555555556,300.24487084707863
0.6666666666666666,0.3333333333333333,0.2222222222222222,55.55555555555556,301.99172664091753
0.6666666666666666,0.3333333333333333,0.3333333333333333,55.55555555555556,308.0554813838513
0.6666666666666666,0.3333333333333333,0.4444444444444444,55.55555555555556,316.20027479574605
0.6666666666666666,0.3333333333333333,0.5555555555555556,55.55555555555556,316.20027479574605
0.6666666666666666,0.3333333333333333,0.6666666666666666,55.55555555555556,308.0554813838513
0.6666666666666666,0.3333333333333333,0.7777777777777777,55.55555555555556,301.99172664091753
0.6666666666666666,0.3333333333333333,0.8888888888888888,55.55555555555556,300.24487084707863
0.6666666666666666,0.3333333333333333,1.0,55.55555555555556,300.01496971567747
0.6666666666666666,0.4444444444444444,0.0,55.55555555555556,300.03010540227615
0.6666666666666666,0.4444444444444444,0.1111111111111111,55.55555555555556,300.4924566047776
0.6666666666666666,0.4444444444444444,0.2222222222222222,55.55555555555556,304.00553577909767
0.6666666666666666,0.4444444444444444,0.3333333333333333,55.55555555555556,316.20027479574605
0.6666666666666666,0.4444444444444444,0.4444444444444444,55.55555555555556,332.580163860078
0.6666666666666666,0.4444444444444444,0.5555555555555556,55.55555555555556,332.580163860078
0.6666666666666666,0.4444444444444444,0.6666666666666666,55.55555555555556,316.20027479574605
0.6666666666666666,0.4444444444444444,0.7777777777777777,55.55555555555556,304.0055357790977
0.6666666666666666,0.4444444444444444,0.8888888888888888,55.55555555555556,300.4924566047776
0.6666666666666666,0.4444444444444444,1.0,55.55555555555556,300.03010540227615
0.6666666666666666,0.5555555555555556,0.0,55.55555555555556,300.03010540227615
0.6666666666666666,0.5555555555555556,0.1111111111111111,55.55555555555556,300.4924566047776
0.6666666666666666,0.5555555555555556,0.2222222222222222,55.55555555555556,304.00553577909767
0.6666666666666666,0.5555555555555556,0.3333333333333333,55.55555555555556,316.20027479574605
0.6666666666666666,0.5555555555555556,0.4444444444444444,55.55555555555556,332.580163860078
0.6666666666666666,0.5555555555555556,0.5555555555555556,55.55555555555556,332.580163860078
0.6666666666666666,0.5555555555555556,0.6666666666666666,55.55555555555556,316.20027479574605
0.6666666666666666,0.5555555555555556,0.7777777777777777,55.55555555555556,304.0055357790977
0.6666666666666666,0.5555555555555556,0.8888888888888888,55.55555555555556,300.4924566047776
0.6666666666666666,0.5555555555555556,1.0,55.55555555555556,300.03010540227615
0.6666666666666666,0.6666666666666666,0.0,55.55555555555556,300.01496971567747
0.6666666666666666,0.6666666666666666,0.1111111111111111,55.55555555555556,300.24487084707863
0.6666666666666666,0.6666666666666666,0.2222222222222222,55.55555555555556,301.99172664091753
0.6666666666666666,0.6666666666666666,0.3333333333333333,55.55555555555556,308.0554813838513
0.6666666666666666,0.6666666666666666,0.4444444444444444,55.55555555555556,316.20027479574605
0.6666666666666666,0.6666666666666666,0.5555555555555556,55.55555555555556,316.20027479574605
0.6666666666666666,0.6666666666666666,0.6666666666666666,55.55555555555556,308.0554813838513
0.6666666666666666,0.6666666666666666,0.7777777777777777,55.55555555555556,301.99172664091753
0.6666666666666666,0.6666666666666666,0.8888888888888888,55.55555555555556,300.24487084707863
0.6666666666666666,0.6666666666666666,1.0,55.55555555555556,300.01496971567747
0.6666666666666666,0.7777777777777777,0.0,55.55555555555556,300.0037012786823
0.6666666666666666,0.7777777777777777,0.1111111111111111,55.55555555555556,300.0605445865331
0.6666666666666666,0.7777777777777777,0.2222222222222222,55.55555555555556,300.4924566047776
0.6666666666666666,0.7777777777777777,0.3333333333333333,55.55555555555556,301.99172664091753
0.6666666666666666,0.7777777777777777,0.4444444444444444,55.55555555555556,304.0055357790977
0.6666666666666666,0.7777777777777777,0.5555555555555556,55.55555555555556,304.0055357790977
0.6666666666666666,0.7777777777777777,0.6666666666666666,55.55555555555556,301.99172664091753
0.6666666666666666,0.7777777777777777,0.7777777777777777,55.55555555555556,300.4924566047776
0.6666666666666666,0.7777777777777777,0.8888888888888888,55.55555555555556,300.0605445865331
0.6666666666666666,0.7777777777777777,1.0,55.55555555555556,300.0037012786823
0.6666666666666666,0.8888888888888888,0.0,55.55555555555556,300.0004550500192
0.6666666666666666,0.8888888888888888,0.1111111111111111,55.55555555555556,300.0074435938576
0.6666666666666666,0.8888888888888888,0.2222222222222222,55.55555555555556,300.0605445865331
0.6666666666666666,0.8888888888888888,0.3333333333333333,55.55555555555556,300.24487084707863
0.6666666666666666,0.8888888888888888,0.4444444444444444,55.55555555555556,300.4924566047776
0.6666666666666666,0.8888888888888888,0.5555555555555556,55.55555555555556,300.4924566047776
0.6666666666666666,0.8888888888888888,0.6666666666666666,55.55555555555556,300.24487084707863
0.6666666666666666,0.8888888888888888,0.7777777777777777,55.55555555555556,300.0605445865331
0.6666666666666666,0.8888888888888888,0.8888888888888888,55.55555555555556,300.0074435938576
0.6666666666666666,0.8888888888888888,1.0,55.55555555555556,300.0004550500192
0.6666666666666666,1.0,0.0,55.55555555555556,300.0000278186215
0.6666666666666666,1.0,0.1111111111111111,55.55555555555556,300.0004550500192
0.6666666666666666,1.0,0.2222222222222222,55.55555555555556,300.0037012786823
0.6666666666666666,1.0,0.3333333333333333,55.55555555555556,300.01496971567747
0.6666666666666666,1.0,0.4444444444444444,55.55555555555556,300.03010540227615
0.6666666666666666,1.0,0.5555555555555556,55.55555555555556,300.03010540227615
0.6666666666666666,1.0,0.6666666666666666,55.55555555555556,300.01496971567747
0.6666666666666666,1.0,0.7777777777777777,55.55555555555556,300.0037012786823
0.6666666666666666,1.0,0.8888888888888888,55.55555555555556,300.0004550500192
0.6666666666666666,1.0,1.0,55.55555555555556,300.0000278186215
0.7777777777777777,0.0,0.0,55.55555555555556,300.00000687818476
0.7777777777777777,0.0,0.1111111111111111,55.55555555555556,300.0001125116182
0.7777777777777777,0.0,0.2222222222222222,55.55555555555556,300.00091514522916
0.7777777777777777,0.0,0.3333333333333333,55.55555555555556,300.0037012786823
0.7777777777777777,0.0,0.4444444444444444,55.55555555555556,300.0074435938576
0.7777777777777777,0.0,0.5555555555555556,55.55555555555556,300.0074435938576
0.7777777777777777,0.0,0.6666666666666666,55.55555555555556,300.0037012786823
0.7777777777777777,0.0,0.7777777777777777,55.55555555555556,300.00091514522916
0.7777777777777777,0.0,0.8888888888888888,55.55555555555556,300.0001125116182
0.7777777777777777,0.0,1.0,55.55555555555556,300.00000687818476
0.7777777777777777,0.1111111111111111,0.0,55.55555555555556,300.0001125116182
0.7777777777777777,0.1111111111111111,0.1111111111111111,55.55555555555556,300.0018404367764
0.7777777777777777,0.1111111111111111,0.2222222222222222,55.55555555555556,300.01496971567747
0.7777777777777777,0.1111111111111111,0.3333333333333333,55.55555555555556,300.0605445865331
0.7777777777777777,0.1111111111111111,0.4444444444444444,55.55555555555556,300.12176043770614
0.7777777777777777,0.1111111111111111,0.5555555555555556,55.55555555555556,300.12176043770614
0.7777777777777777,0.1111111111111111,0.6666666666666666,55.55555555555556,300.0605445865331
0.7777777777777777,0.1111111111111111,0.7777777777777777,55.55555555555556,300.01496971567747
0.7777777777777777,0.1111111111111111,0.8888888888888888,55.55555555555556,300.0018404367764
0.7777777777777777,0.1111111111111111,1.0,55.55555555555556,300.0001125116182
0.7777777777777777,0.2222222222222222,0.0,55.55555555555556,300.00091514522916
0.7777777777777777,0.2222222222222222,0.1111111111111111,55.55555555555556,300.01496971567747
0.7777777777777777,0.2222222222222222,0.2222222222222222,55.55555555555556,300.12176043770614
0.7777777777777777,0.2222222222222222,0.3333333333333333,55.55555555555556,300.4924566047776
0.7777777777777777,0.2222222222222222,0.4444444444444444,55.55555555555556,300.9903731313153
0.7777777777777777,0.2222222222222222,0.5555555555555556,55.55555555555556,300.9903731313153
0.7777777777777777,0.2222222222222222,0.6666666666666666,55.55555555555556,300.4924566047776
0.7777777777777777,0.2222222222222222,0.7777777777777777,55.55555555555556,300.12176043770614
0.7777777777777777,0.2222222222222222,0.8888888888888888,55.55555555555556,300.01496971567747
0.7777777777777777,0.2222222222222222,1.0,55.55555555555556,300.00091514522916
0.7777777777777777,0.3333333333333333,0.0,55.55555555555556,300.0037012786823
0.7777777777777777,0.3333333333333333,0.1111111111111111,55.55555555555556,300.0605445865331
0.7777777777777777,0.3333333333333333,0.2222222222222222,55.55555555555556,300.4924566047776
0.7777777777777777,0.3333333333333333,0.3333333333333333,55.55555555555556,301.99172664091753
0.7777777777777777,0.3333333333333333,0.4444444444444444,55.55555555555556,304.00553577909767
0.7777777777777777,0.3333333333333333,0.5555555555555556,55.55555555555556,304.00553577909767
0.7777777777777777,0.3333333333333333,0.6666666666666666,55.55555555555556,301.99172664091753
0.7777777777777777,0.3333333333333333,0.7777777777777777,55.55555555555556,300.4924566047776
0.7777777777777777,0.3333333333333333,0.8888888888888888,55.55555555555556,300.0605445865331
0.7777777777777777,0.3333333333333333,1.0,55.55555555555556,300.0037012786823
0.7777777777777777,0.4444444444444444,0.0,55.55555555555556,300.0074435938576
0.7777777777777777,0.4444444444444444,0.1111111111111111,55.55555555555556,300.12176043770614
0.7777777777777777,0.4444444444444444,0.2222222222222222,55.55555555555556,300.9903731313153
0.7777777777777777,0.4444444444444444,0.3333333333333333,55.55555555555556,304.00553577909767
0.7777777777777777,0.4444444444444444,0.4444444444444444,55.55555555555556,308.0554813838514
0.7777777777777777,0.4444444444444444,0.5555555555555556,55.55555555555556,308.0554813838514
0.7777777777777777,0.4444444444444444,0.6666666666666666,55.55555555555556,304.0055357790977
0.7777777777777777,0.4444444444444444,0.7777777777777777,55.55555555555556,300.9903731313153
0.7777777777777777,0.4444444444444444,0.8888888888888888,55.55555555555556,300.12176043770614
0.7777777777777777,0.4444444444444444,1.0,55.55555555555556,300.0074435938576
0.7777777777777777,0.5555555555555556,0.0,55.55555555555556,300.0074435938576
0.7777777777777777,0.5555555555555556,0.1111111111111111,55.55555555555556,300.12176043770614
0.7777777777777777,0.5555555555555556,0.2222222222222222,55.55555555555556,300.9903731313153
0.7777777777777777,0.5555555555555556,0.3333333333333333,55.55555555555556,304.00553577909767
0.7777777777777777,0.5555555555555556,0.4444444444444444,55.55555555555556,308.0554813838514
0.7777777777777777,0.5555555555555556,0.5555555555555556,55.55555555555556,308.0554813838514
0.7777777777777777,0.5555555555555556,0.6666666666666666,55.55555555555556,304.0055357790977
0.7777777777777777,0.5555555555555556,0.7777777777777777,55.55555555555556,300.9903731313153
0.7777777777777777,0.5555555555555556,0.8888888888888888,55.55555555555556,300.12176043770614
0.7777777777777777,0.5555555555555556,1.0,55.55555555555556,300.0074435938576
0.7777777777777777,0.6666666666666666,0.0,55.55555555555556,300.0037012786823
0.7777777777777777,0.6666666666666666,0.1111111111111111,55.55555555555556,300.0605445865331
0.7777777777777777,0.6666666666666666,0.2222222222222222,55.55555555555556,300.4924566047776
0.7777777777777777,0.6666666666666666,0.3333333333333333,55.55555555555556,301.99172664091753
0.7777777777777777,0.6666666666666666,0.4444444444444444,55.55555555555556,304.0055357790977
0.7777777777777777,0.6666666666666666,0.5555555555555556,55.55555555555556,304.0055357790977
0.7777777777777777,0.6666666666666666,0.6666666666666666,55.55555555555556,301.99172664091753
0.7777777777777777,0.6666666666666666,0.7777777777777777,55.55555555555556,300.4924566047776
0.7777777777777777,0.6666666666666666,0.8888888888888888,55.55555555555556,300.0605445865331
0.7777777777777777,0.6666666666666666,1.0,55.55555555555556,300.0037012786823
0.7777777777777777,0.7777777777777777,0.0,55.55555555555556,300.00091514522916
0.7777777777777777,0.7777777777777777,0.1111111111111111,55.55555555555556,300.01496971567747
0.7777777777777777,0.7777777777777777,0.2222222222222222,55.55555555555556,300.12176043770614
0.7777777777777777,0.7777777777777777,0.3333333333333333,55.55555555555556,300.4924566047776
0.7777777777777777,0.7777777777777777,0.4444444444444444,55.55555555555556,300.9903731313153
0.7777777777777777,0.7777777777777777,0.5555555555555556,55.55555555555556,300.9903731313153
0.7777777777777777,0.7777777777777777,0.6666666666666666,55.55555555555556,300.4924566047776
0.7777777777777777,0.7777777777777777,0.7777777777777777,55.55555555555556,300.12176043770614
0.7777777777777777,0.7777777777777777,0.8888888888888888,55.55555555555556,300.01496971567747
0.7777777777777777,0.7777777777777777,1.0,55.55555555555556,300.00091514522916
0.7777777777777777,0.8888888888888888,0.0,55.55555555555556,300.0001125116182
0.7777777777777777,0.8888888888888888,0.1111111111111111,55.55555555555556,300.0018404367764
0.7777777777777777,0.8888888888888888,0.2222222222222222,55.55555555555556,300.01496971567747
0.7777777777777777,0.8888888888888888,0.3333333333333333,55.55555555555556,300.0605445865331
0.7777777777777777,0.8888888888888888,0.4444444444444444,55.55555555555556,300.12176043770614
0.7777777777777777,0.8888888888888888,0.5555555555555556,55.55555555555556,300.12176043770614
0.7777777777777777,0.8888888888888888,0.6666666666666666,55.55555555555556,300.0605445865331
0.7777777777777777,0.8888888888888888,0.7777777777777777,55.55555555555556,300.01496971567747
0.7777777777777777,0.8888888888888888,0.8888888888888888,55.55555555555556,300.0018404367764
0.7777777777777777,0.8888888888888888,1.0,55.55555555555556,300.0001125116182
0.7777777777777777,1.0,0.0,55.55555555555556,300.00000687818476
0.7777777777777777,1.0,0.1111111111111111,55.55555555555556,300.0001125116182
0.7777777777777777,1.0,0.2222222222222222,55.55555555555556,300.00091514522916
0.7777777777777777,1.0,0.3333333333333333,55.55555555555556,300.0037012786823
0.7777777777777777,1.0,0.4444444444444444,55.55555555555556,300.0074435938576
0.7777777777777777,1.0,0.5555555555555556,55.55555555555556,300.0074435938576
0.7777777777777777,1.0,0.6666666666666666,55.55555555555556,300.0037012786823
0.7777777777777777,1.0,0.7777777777777777,55.55555555555556,300.00091514522916
0.7777777777777777,1.0,0.8888888888888888,55.55555555555556,300.0001125116182
0.7777777777777777,1.0,1.0,55.55555555555556,300.00000687818476
0.8888888888888888,0.0,0.0,55.55555555555556,300.0000008456316
0.8888888888888888,0.0,0.1111111111111111,55.55555555555556,300.0000138326288
0.8888888888888888,0.0,0.2222222222222222,55.55555555555556,300.0001125116182
0.8888888888888888,0.0,0.3333333333333333,55.55555555555556,300.0004550500192
0.8888888888888888,0.0,0.4444444444444444,55.55555555555556,300.00091514522916
0.8888888888888888,0.0,0.5555555555555556,55.55555555555556,300.00091514522916
0.8888888888888888,0.0,0.6666666666666666,55.55555555555556,300.0004550500192
0.8888888888888888,0.0,0.7777777777777777,55.55555555555556,300.0001125116182
0.8888888888888888,0.0,0.8888888888888888,55.55555555555556,300.0000138326288
0.8888888888888888,0.0,1.0,55.55555555555556,300.0000008456316
0.8888888888888888,0.1111111111111111,0.0,55.55555555555556,300.0000138326288
0.8888888888888888,0.1111111111111111,0.1111111111111111,55.55555555555556,300.00022627066545
0.8888888888888888,0.1111111111111111,0.2222222222222222,55.55555555555556,300.0018404367764
0.8888888888888888,0.1111111111111111,0.3333333333333333,55.55555555555556,300.0074435938576
0.8888888888888888,0.1111111111111111,0.4444444444444444,55.55555555555556,300.01496971567747
0.8888888888888888,0.1111111111111111,0.5555555555555556,55.55555555555556,300.01496971567747
0.8888888888888888,0.1111111111111111,0.6666666666666666,55.55555555555556,300.0074435938576
0.8888888888888888,0.1111111111111111,0.7777777777777777,55.55555555555556,300.0018404367764
0.8888888888888888,0.1111111111111111,0.8888888888888888,55.55555555555556,300.00022627066545
0.8888888888888888,0.1111111111111111,1.0,55.55555555555556,300.0000138326288
0.8888888888888888,0.2222222222222222,0.0,55.55555555555556,300.0001125116182
0.8888888888888888,0.2222222222222222,0.1111111111111111,55.55555555555556,300.0018404367764
0.8888888888888888,0.2222222222222222,0.2222222222222222,55.55555555555556,300.01496971567747
0.8888888888888888,0.2222222222222222,0.3333333333333333,55.55555555555556,300.0605445865331
0.8888888888888888,0.2222222222222222,0.4444444444444444,55.55555555555556,300.12176043770614
0.8888888888888888,0.2222222222222222,0.5555555555555556,55.55555555555556,300.12176043770614
0.8888888888888888,0.2222222222222222,0.6666666666666666,55.55555555555556,300.0605445865331
0.8888888888888888,0.2222222222222222,0.7777777777777777,55.55555555555556,300.01496971567747
0.8888888888888888,0.2222222222222222,0.8888888888888888,55.55555555555556,300.0018404367764
0.8888888888888888,0.2222222222222222,1.0,55.55555555555556,300.0001125116182
0.8888888888888888,0.3333333333333333,0.0,55.55555555555556,300.0004550500192
0.8888888888888888,0.3333333333333333,0.1111111111111111,55.55555555555556,300.0074435938576
0.8888888888888888,0.3333333333333333,0.2222222222222222,55.55555555555556,300.0605445865331
0.8888888888888888,0.3333333333333333,0.3333333333333333,55.55555555555556,300.24487084707863
0.8888888888888888,0.3333333333333333,0.4444444444444444,55.55555555555556,300.4924566047776
0.8888888888888888,0.3333333333333333,0.5555555555555556,55.55555555555556,300.4924566047776
0.8888888888888888,0.3333333333333333,0.6666666666666666,55.55555555555556,300.24487084707863
0.8888888888888888,0.3333333333333333,0.7777777777777777,55.55555555555556,300.0605445865331
0.8888888888888888,0.3333333333333333,0.8888888888888888,55.55555555555556,300.0074435938576
0.8888888888888888,0.3333333333333333,1.0,55.55555555555556,300.0004550500192
0.8888888888888888,0.4444444444444444,0.0,55.55555555555556,300.00091514522916
0.8888888888888888,0.4444444444444444,0.1111111111111111,55.55555555555556,300.01496971567747
0.8888888888888888,0.4444444444444444,0.2222222222222222,55.55555555555556,300.12176043770614
0.8888888888888888,0.4444444444444444,0.3333333333333333,55.55555555555556,300.4924566047776
0.8888888888888888,0.4444444444444444,0.4444444444444444,55.55555555555556,300.9903731313153
0.8888888888888888,0.4444444444444444,0.5555555555555556,55.55555555555556,300.9903731313153
0.8888888888888888,0.4444444444444444,0.6666666666666666,55.55555555555556,300.4924566047776
0.8888888888888888,0.4444444444444444,0.7777777777777777,55.55555555555556,300.12176043770614
0.8888888888888888,0.4444444444444444,0.8888888888888888,55.55555555555556,300.01496971567747
0.8888888888888888,0.4444444444444444,1.0,55.55555555555556,300.00091514522916
0.8888888888888888,0.5555555555555556,0.0,55.55555555555556,300.00091514522916
0.8888888888888888,0.5555555555555556,0.1111111111111111,55.55555555555556,300.01496971567747
0.8888888888888888,0.5555555555555556,0.2222222222222222,55.55555555555556,300.12176043770614
0.8888888888888888,0.5555555555555556,0.3333333333333333,55.55555555555556,300.4924566047776
0.8888888888888888,0.5555555555555556,0.4444444444444444,55.55555555555556,300.9903731313153
0.8888888888888888,0.5555555555555556,0.5555555555555556,55.55555555555556,300.9903731313153
0.8888888888888888,0.5555555555555556,0.6666666666666666,55.55555555555556,300.4924566047776
0.8888888888888888,0.5555555555555556,0.7777777777777777,55.55555555555556,300.12176043770614
0.8888888888888888,0.5555555555555556,0.8888888888888888,55.55555555555556,300.01496971567747
0.8888888888888888,0.5555555555555556,1.0,55.55555555555556,300.00091514522916
0.8888888888888888,0.6666666666666666,0.0,55.55555555555556,300.0004550500192
0.8888888888888888,0.6666666666666666,0.1111111111111111,55.55555555555556,300.0074435938576
0.8888888888888888,0.6666666666666666,0.2222222222222222,55.55555555555556,300.0605445865331
0.8888888888888888,0.6666666666666666,0.3333333333333333,55.55555555555556,300.24487084707863
0.8888888888888888,0.6666666666666666,0.4444444444444444,55.55555555555556,300.4924566047776
0.8888888888888888,0.6666666666666666,0.5555555555555556,55.55555555555556,300.4924566047776
0.8888888888888888,0.6666666666666666,0.6666666666666666,55.55555555555556,300.24487084707863
0.8888888888888888,0.6666666666666666,0.7777777777777777,55.55555555555556,300.0605445865331
0.8888888888888888,0.6666666666666666,0.8888888888888888,55.55555555555556,300.0074435938576
0.8888888888888888,0.6666666666666666,1.0,55.55555555555556,300.0004550500192
0.8888888888888888,0.7777777777777777,0.0,55.55555555555556,300.0001125116182
0.8888888888888888,0.7777777777777777,0.1111111111111111,55.55555555555556,300.0018404367764
0.8888888888888888,0.7777777777777777,0.2222222222222222,55.55555555555556,300.01496971567747
0.8888888888888888,0.7777777777777777,0.3333333333333333,55.55555555555556,300.0605445865331
0.8888888888888888,0.7777777777777777,0.4444444444444444,55.55555555555556,300.12176043770614
0.8888888888888888,0.7777777777777777,0.5555555555555556,55.55555555555556,300.12176043770614
0.8888888888888888,0.7777777777777777,0.6666666666666666,55.55555555555556,300.0605445865331
0.8888888888888888,0.7777777777777777,0.7777777777777777,55.55555555555556,300.01496971567747
0.8888888888888888,0.7777777777777777,0.8888888888888888,55.55555555555556,300.0018404367764
0.8888888888888888,0.7777777777777777,1.0,55.55555555555556,300.0001125116182
0.8888888888888888,0.8888888888888888,0.0,55.55555555555556,300.0000138326288
0.8888888888888888,0.8888888888888888,0.1111111111111111,55.55555555555556,300.00022627066545
0.8888888888888888,0.8888888888888888,0.2222222222222222,55.55555555555556,300.0018404367764
0.8888888888888888,0.8888888888888888,0.3333333333333333,55.55555555555556,300.0074435938576
0.8888888888888888,0.8888888888888888,0.4444444444444444,55.55555555555556,300.01496971567747
0.8888888888888888,0.8888888888888888,0.5555555555555556,55.55555555555556,300.01496971567747
0.8888888888888888,0.8888888888888888,0.6666666666666666,55.55555555555556,300.0074435938576
0.8888888888888888,0.8888888888888888,0.7777777777777777,55.55555555555556,300.0018404367764
0.8888888888888888,0.8888888888888888,0.8888888888888888,55.55555555555556,300.00022627066545
0.8888888888888888,0.8888888888888888,1.0,55.55555555555556,300.0000138326288
0.8888888888888888,1.0,0.0,55.55555555555556,300.0000008456316
0.8888888888888888,1.0,0.1111111111111111,55.55555555555556,300.0000138326288
0.8888888888888888,1.0,0.2222222222222222,55.55555555555556,300.0001125116182
0.8888888888888888,1.0,0.3333333333333333,55.55555555555556,300.0004550500192
0.8888888888888888,1.0,0.4444444444444444,55.55555555555556,300.00091514522916
0.8888888888888888,1.0,0.5555555555555556,55.55555555555556,300.00091514522916
0.8888888888888888,1.0,0.6666666666666666,55.55555555555556,300.0004550500192
0.8888888888888888,1.0,0.7777777777777777,55.55555555555556,300.0001125116182
0.8888888888888888,1.0,0.8888888888888888,55.55555555555556,300.0000138326288
0.8888888888888888,1.0,1.0,55.55555555555556,300.0000008456316
1.0,0.0,0.0,55.55555555555556,300.0000000516961
1.0,0.0,0.1111111111111111,55.55555555555556,300.0000008456316
1.0,0.0,0.2222222222222222,55.55555555555556,300.00000687818476
1.0,0.0,0.3333333333333333,55.55555555555556,300.0000278186215
1.0,0.0,0.4444444444444444,55.55555555555556,300.00005594567114
1.0,0.0,0.5555555555555556,55.55555555555556,300.00005594567114
1.0,0.0,0.6666666666666666,55.55555555555556,300.0000278186215
1.0,0.0,0.7777777777777777,55.55555555555556,300.00000687818476
1.0,0.0,0.8888888888888888,55.55555555555556,300.0000008456316
1.0,0.0,1.0,55.55555555555556,300.0000000516961
1.0,0.1111111111111111,0.0,55.55555555555556,300.0000008456316
1.0,0.1111111111111111,0.1111111111111111,55.55555555555556,300.0000138326288
1.0,0.1111111111111111,0.2222222222222222,55.55555555555556,300.0001125116182
1.0,0.1111111111111111,0.3333333333333333,55.55555555555556,300.0004550500192
1.0,0.1111111111111111,0.4444444444444444,55.55555555555556,300.00091514522916
1.0,0.1111111111111111,0.5555555555555556,55.55555555555556,300.00091514522916
1.0,0.1111111111111111,0.6666666666666666,55.55555555555556,300.0004550500192
1.0,0.1111111111111111,0.7777777777777777,55.55555555555556,300.0001125116182
1.0,0.1111111111111111,0.8888888888888888,55.55555555555556,300.0000138326288
1.0,0.1111111111111111,1.0,55.55555555555556,300.0000008456316
1.0,0.2222222222222222,0.0,55.55555555555556,300.00000687818476
1.0,0.2222222222222222,0.1111111111111111,55.55555555555556,300.0001125116182
1.0,0.2222222222222222,0.2222222222222222,55.55555555555556,300.00091514522916
1.0,0.2222222222222222,0.3333333333333333,55.55555555555556,300.0037012786823
1.0,0.2222222222222222,0.4444444444444444,55.55555555555556,300.0074435938576
1.0,0.2222222222222222,0.5555555555555556,55.55555555555556,300.0074435938576
1.0,0.2222222222222222,0.6666666666666666,55.55555555555556,300.0037012786823
1.0,0.2222222222222222,0.7777777777777777,55.55555555555556,300.00091514522916
1.0,0.2222222222222222,0.8888888888888888,55.55555555555556,300.0001125116182
1.0,0.2222222222222222,1.0,55.55555555555556,300.00000687818476
1.0,0.3333333333333333,0.0,55.55555555555556,300.0000278186215
1.0,0.3333333333333333,0.1111111111111111,55.55555555555556,300.0004550500192
1.0,0.3333333333333333,0.2222222222222222,55.55555555555556,300.0037012786823
1.0,0.3333333333333333,0.3333333333333333,55.55555555555556,300.01496971567747
1.0,0.3333333333333333,0.4444444444444444,55.55555555555556,300.03010540227615
1.0,0.3333333333333333,0.5555555555555556,55.55555555555556,300.03010540227615
1.0,0.3333333333333333,0.6666666666666666,55.55555555555556,300.01496971567747
1.0,0.3333333333333333,0.7777777777777777,55.55555555555556,300.0037012786823
1.0,0.3333333333333333,0.8888888888888888,55.55555555555556,300.0004550500192
1.0,0.3333333333333333,1.0,55.55555555555556,300.0000278186215
1.0,0.4444444444444444,0.0,55.55555555555556,300.00005594567114
1.0,0.4444444444444444,0.1111111111111111,55.55555555555556,300.00091514522916
1.0,0.4444444444444444,0.2222222222222222,55.55555555555556,300.0074435938576
1.0,0.4444444444444444,0.3333333333333333,55.55555555555556,300.03010540227615
1.0,0.4444444444444444,0.4444444444444444,55.55555555555556,300.0605445865331
1.0,0.4444444444444444,0.5555555555555556,55.55555555555556,300.0605445865331
1.0,0.4444444444444444,0.6666666666666666,55.55555555555556,300.03010540227615
1.0,0.4444444444444444,0.7777777777777777,55.55555555555556,300.0074435938576
1.0,0.4444444444444444,0.8888888888888888,55.55555555555556,300.00091514522916
1.0,0.4444444444444444,1.0,55.55555555555556,300.00005594567114
1.0,0.5555555555555556,0.0,55.55555555555556,300.00005594567114
1.0,0.5555555555555556,0.1111111111111111,55.55555555555556,300.00091514522916
1.0,0.5555555555555556,0.2222222222222222,55.55555555555556,300.0074435938576
1.0,0.5555555555555556,0.3333333333333333,55.55555555555556,300.03010540227615
1.0,0.5555555555555556,0.4444444444444444,55.55555555555556,300.0605445865331
1.0,0.5555555555555556,0.5555555555555556,55.55555555555556,300.0605445865331
1.0,0.5555555555555556,0.6666666666666666,55.55555555555556,300.03010540227615
1.0,0.5555555555555556,0.7777777777777777,55.55555555555556,300.0074435938576
1.0,0.5555555555555556,0.8888888888888888,55.55555555555556,300.00091514522916
1.0,0.5555555555555556,1.0,55.55555555555556,300.00005594567114
1.0,0.6666666666666666,0.0,55.55555555555556,300.0000278186215
1.0,0.6666666666666666,0.1111111111111111,55.55555555555556,300.0004550500192
1.0,0.6666666666666666,0.2222222222222222,55.55555555555556,300.0037012786823
1.0,0.6666666666666666,0.3333333333333333,55.55555555555556,300.01496971567747
1.0,0.6666666666666666,0.4444444444444444,55.55555555555556,300.03010540227615
1.0,0.6666666666666666,0.5555555555555556,55.55555555555556,300.03010540227615
1.0,0.6666666666666666,0.6666666666666666,55.55555555555556,300.01496971567747
1.0,0.6666666666666666,0.7777777777777777,55.55555555555556,300.0037012786823
1.0,0.6666666666666666,0.8888888888888888,55.55555555555556,300.0004550500192
1.0,0.6666666666666666,1.0,55.55555555555556,300.0000278186215
1.0,0.7777777777777777,0.0,55.55555555555556,300.00000687818476
1.0,0.7777777777777777,0.1111111111111111,55.55555555555556,300.0001125116182
1.0,0.7777777777777777,0.2222222222222222,55.55555555555556,300.00091514522916
1.0,0.7777777777777777,0.3333333333333333,55.55555555555556,300.0037012786823
1.0,0.7777777777777777,0.4444444444444444,55.55555555555556,300.0074435938576
1.0,0.7777777777777777,0.5555555555555556,55.55555555555556,300.0074435938576
1.0,0.7777777777777777,0.6666666666666666,55.55555555555556,300.0037012786823
1.0,0.7777777777777777,0.7777777777777777,55.55555555555556,300.00091514522916
1.0,0.7777777777777777,0.8888888888888888,55.55555555555556,300.0001125116182
1.0,0.7777777777777777,1.0,55.55555555555556,300.00000687818476
1.0,0.8888888888888888,0.0,55.55555555555556,300.0000008456316
1.0,0.8888888888888888,0.1111111111111111,55.55555555555556,300.0000138326288
1.0,0.8888888888888888,0.2222222222222222,55.55555555555556,300.0001125116182
1.0,0.8888888888888888,0.3333333333333333,55.55555555555556,300.0004550500192
1.0,0.8888888888888888,0.4444444444444444,55.55555555555556,300.00091514522916
1.0,0.8888888888888888,0.5555555555555556,55.55555555555556,300.00091514522916
1.0,0.8888888888888888,0.6666666666666666,55.55555555555556,300.0004550500192
1.0,0.8888888888888888,0.7777777777777777,55.55555555555556,300.0001125116182
1.0,0.8888888888888888,0.8888888888888888,55.55555555555556,300.0000138326288
1.0,0.8888888888888888,1.0,55.55555555555556,300.0000008456316
1.0,1.0,0.0,55.55555555555556,300.0000000516961
1.0,1.0,0.1111111111111111,55.55555555555556,300.0000008456316
1.0,1.0,0.2222222222222222,55.55555555555556,300.00000687818476
1.0,1.0,0.3333333333333333,55.55555555555556,300.0000278186215
1.0,1.0,0.4444444444444444,55.55555555555556,300.00005594567114
1.0,1.0,0.5555555555555556,55.55555555555556,300.00005594567114
1.0,1.0,0.6666666666666666,55.55555555555556,300.0000278186215
1.0,1.0,0.7777777777777777,55.55555555555556,300.00000687818476
1.0,1.0,0.8888888888888888,55.55555555555556,300.0000008456316
1.0,1.0,1.0,55.55555555555556,300.0000000516961
0.0,0.0,0.0,66.66666666666666,300.0000002485731
0.0,0.0,0.1111111111111111,66.66666666666666,300.0000032525619
0.0,0.0,0.2222222222222222,66.66666666666666,300.00002237711976
0.0,0.0,0.3333333333333333,66.66666666666666,300.00008094498145
0.0,0.0,0.4444444444444444,66.66666666666666,300.00015395110086
0.0,0.0,0.5555555555555556,66.66666666666666,300.00015395110086
0.0,0.0,0.6666666666666666,66.66666666666666,300.00008094498145
0.0,0.0,0.7777777777777777,66.66666666666666,300.00002237711976
0.0,0.0,0.8888888888888888,66.66666666666666,300.0000032525619
0.0,0.0,1.0,66.66666666666666,300.0000002485731
0.0,0.1111111111111111,0.0,66.66666666666666,300.0000032525619
0.0,0.1111111111111111,0.1111111111111111,66.66666666666666,300.00004255955287
0.0,0.1111111111111111,0.2222222222222222,66.66666666666666,300.00029280309946
0.0,0.1111111111111111,0.3333333333333333,66.66666666666666,300.00105915961115
0.0,0.1111111111111111,0.4444444444444444,66.66666666666666,300.0020144397493
0.0,0.1111111111111111,0.5555555555555556,66.66666666666666,300.0020144397493
0.0,0.1111111111111111,0.6666666666666666,66.66666666666666,300.00105915961115
0.0,0.1111111111111111,0.7777777777777777,66.66666666666666,300.00029280309946
0.0,0.1111111111111111,0.8888888888888888,66.66666666666666,300.00004255955287
0.0,0.1111111111111111,1.0,66.66666666666666,300.0000032525619
0.0,0.2222222222222222,0.0,66.66666666666666,300.00002237711976
0.0,0.2222222222222222,0.1111111111111111,66.66666666666666,300.00029280309946
0.0,0.2222222222222222,0.2222222222222222,66.66666666666666,300.0020144397493
0.0,0.2222222222222222,0.3333333333333333,66.66666666666666,300.00728685326567
0.0,0.2222222222222222,0.4444444444444444,66.66666666666666,300.0138590319258
0.0,0.2222222222222222,0.5555555555555556,66.66666666666666,300.0138590319258
0.0,0.2222222222222222,0.6666666666666666,66.66666666666666,300.00728685326567
0.0,0.2222222222222222,0.7777777777777777,66.66666666666666,300.0020144397493
0.0,0.2222222222222222,0.8888888888888888,66.66666666666666,300.00029280309946
0.0,0.2222222222222222,1.0,66.66666666666666,300.00002237711976
0.0,0.3333333333333333,0.0,66.66666666666666,300.00008094498145
0.0,0.3333333333333333,0.1111111111111111,66.66666666666666,300.00105915961115
0.0,0.3333333333333333,0.2222222222222222,66.66666666666666,300.00728685326567
0.0,0.3333333333333333,0.3333333333333333,66.66666666666666,300.02635880796805
0.0,0.3333333333333333,0.4444444444444444,66.66666666666666,300.0501324162623
0.0,0.3333333333333333,0.5555555555555556,66.66666666666666,300.0501324162623
0.0,0.3333333333333333,0.6666666666666666,66.66666666666666,300.02635880796805
0.0,0.3333333333333333,0.7777777777777777,66.66666666666666,300.00728685326567
0.0,0.3333333333333333,0.8888888888888888,66.66666666666666,300.00105915961115
0.0,0.3333333333333333,1.0,66.66666666666666,300.00008094498145
0.0,0.4444444444444444,0.0,66.66666666666666,300.00015395110086
0.0,0.4444444444444444,0.1111111111111111,66.66666666666666,300.0020144397493
0.0,0.4444444444444444,0.2222222222222222,66.66666666666666,300.0138590319258
0.0,0.4444444444444444,0.3333333333333333,66.66666666666666,300.0501324162623
0.0,0.4444444444444444,0.4444444444444444,66.66666666666666,300.09534798247864
0.0,0.4444444444444444,0.5555555555555556,66.66666666666666,300.09534798247864
0.0,0.4444444444444444,0.6666666666666666,66.66666666666666,300.0501324162623
0.0,0.4444444444444444,0.7777777777777777,66.66666666666666,300.0138590319258
0.0,0.4444444444444444,0.8888888888888888,66.66666666666666,300.0020144397493
0.0,0.4444444444444444,1.0,66.66666666666666,300.00015395110086
0.0,0.5555555555555556,0.0,66.66666666666666,300.00015395110086
0.0,0.5555555555555556,0.1111111111111111,66.66666666666666,300.0020144397493
0.0,0.5555555555555556,0.2222222222222222,66.66666666666666,300.0138590319258
0.0,0.5555555555555556,0.3333333333333333,66.66666666666666,300.0501324162623
0.0,0.5555555555555556,0.4444444444444444,66.66666666666666,300.09534798247864
0.0,0.5555555555555556,0.5555555555555556,66.66666666666666,300.09534798247864
0.0,0.5555555555555556,0.6666666666666666,66.66666666666666,300.0501324162623
0.0,0.5555555555555556,0.7777777777777777,66.66666666666666,300.0138590319258
0.0,0.5555555555555556,0.8888888888888888,66.66666666666666,300.0020144397493
0.0,0.5555555555555556,1.0,66.66666666666666,300.00015395110086
0.0,0.6666666666666666,0.0,66.66666666666666,300.00008094498145
0.0,0.6666666666666666,0.1111111111111111,66.66666666666666,300.00105915961115
0.0,0.6666666666666666,0.2222222222222222,66.66666666666666,300.00728685326567
0.0,0.6666666666666666,0.3333333333333333,66.66666666666666,300.02635880796805
0.0,0.6666666666666666,0.4444444444444444,66.66666666666666,300.0501324162623
0.0,0.6666666666666666,0.5555555555555556,66.66666666666666,300.0501324162623
0.0,0.6666666666666666,0.6666666666666666,66.66666666666666,300.02635880796805
0.0,0.6666666666666666,0.7777777777777777,66.66666666666666,300.00728685326567
0.0,0.6666666666666666,0.8888888888888888,66.66666666666666,300.00105915961115
0.0,0.6666666666666666,1.0,66.66666666666666,300.00008094498145
0.0,0.7777777777777777,0.0,66.66666666666666,300.00002237711976
0.0,0.7777777777777777,0.1111111111111111,66.66666666666666,300.00029280309946
0.0,0.7777777777777777,0.2222222222222222,66.66666666666666,300.0020144397493
0.0,0.7777777777777777,0.3333333333333333,66.66666666666666,300.00728685326567
0.0,0.7777777777777777,0.4444444444444444,66.66666666666666,300.0138590319258
0.0,0.7777777777777777,0.5555555555555556,66.66666666666666,300.0138590319258
0.0,0.7777777777777777,0.6666666666666666,66.66666666666666,300.00728685326567
0.0,0.7777777777777777,0.7777777777777777,66.66666666666666,300.0020144397493
0.0,0.7777777777777777,0.8888888888888888,66.66666666666666,300.00029280309946
0.0,0.7777777777777777,1.0,66.66666666666666,300.00002237711976
0.0,0.8888888888888888,0.0,66.66666666666666,300.0000032525619
0.0,0.8888888888888888,0.1111111111111111,66.66666666666666,300.00004255955287
0.0,0.8888888888888888,0.2222222222222222,66.66666666666666,300.00029280309946
0.0,0.8888888888888888,0.3333333333333333,66.66666666666666,300.00105915961115
0.0,0.8888888888888888,0.4444444444444444,66.66666666666666,300.0020144397493
0.0,0.8888888888888888,0.5555555555555556,66.66666666666666,300.0020144397493
0.0,0.8888888888888888,0.6666666666666666,66.66666666666666,300.00105915961115
0.0,0.8888888888888888,0.7777777777777777,66.66666666666666,300.00029280309946
0.0,0.8888888888888888,0.8888888888888888,66.66666666666666,300.00004255955287
0.0,0.8888888888888888,1.0,66.66666666666666,300.0000032525619
0.0,1.0,0.0,66.66666666666666,300.0000002485731
0.0,1.0,0.1111111111111111,66.66666666666666,300.0000032525619
0.0,1.0,0.2222222222222222,66.66666666666666,300.00002237711976
0.0,1.0,0.3333333333333333,66.66666666666666,300.00008094498145
0.0,1.0,0.4444444444444444,66.66666666666666,300.00015395110086
0.0,1.0,0.5555555555555556,66.66666666666666,300.00015395110086
0.0,1.0,0.6666666666666666,66.66666666666666,300.00008094498145
0.0,1.0,0.7777777777777777,66.66666666666666,300.00002237711976
0.0,1.0,0.8888888888888888,66.66666666666666,300.0000032525619
0.0,1.0,1.0,66.66666666666666,300.0000002485731
0.1111111111111111,0.0,0.0,66.66666666666666,300.0000032525619
0.1111111111111111,0.0,0.1111111111111111,66.66666666666666,300.00004255955287
0.1111111111111111,0.0,0.2222222222222222,66.66666666666666,300.00029280309946
0.1111111111111111,0.0,0.3333333333333333,66.66666666666666,300.00105915961115
0.1111111111111111,0.0,0.4444444444444444,66.66666666666666,300.0020144397493
0.1111111111111111,0.0,0.5555555555555556,66.66666666666666,300.0020144397493
0.1111111111111111,0.0,0.6666666666666666,66.66666666666666,300.00105915961115
0.1111111111111111,0.0,0.7777777777777777,66.66666666666666,300.00029280309946
0.1111111111111111,0.0,0.8888888888888888,66.66666666666666,300.00004255955287
0.1111111111111111,0.0,1.0,66.66666666666666,300.0000032525619
0.1111111111111111,0.1111111111111111,0.0,66.66666666666666,300.00004255955287
0.1111111111111111,0.1111111111111111,0.1111111111111111,66.66666666666666,300.0005568888731
0.1111111111111111,0.1111111111111111,0.2222222222222222,66.66666666666666,300.0038313087667
0.1111111111111111,0.1111111111111111,0.3333333333333333,66.66666666666666,300.0138590319258
0.1111111111111111,0.1111111111111111,0.4444444444444444,66.66666666666666,300.02635880796805
0.1111111111111111,0.1111111111111111,0.5555555555555556,66.66666666666666,300.02635880796805
0.1111111111111111,0.1111111111111111,0.6666666666666666,66.66666666666666,300.0138590319258
0.1111111111111111,0.1111111111111111,0.7777777777777777,66.66666666666666,300.0038313087667
0.1111111111111111,0.1111111111111111,0.8888888888888888,66.66666666666666,300.0005568888731
0.1111111111111111,0.1111111111111111,1.0,66.66666666666666,300.00004255955287
0.1111111111111111,0.2222222222222222,0.0,66.66666666666666,300.00029280309946
0.1111111111111111,0.2222222222222222,0.1111111111111111,66.66666666666666,300.0038313087667
0.1111111111111111,0.2222222222222222,0.2222222222222222,66.66666666666666,300.02635880796805
0.1111111111111111,0.2222222222222222,0.3333333333333333,66.66666666666666,300.09534798247864
0.1111111111111111,0.2222222222222222,0.4444444444444444,66.66666666666666,300.1813444960478
0.1111111111111111,0.2222222222222222,0.5555555555555556,66.66666666666666,300.1813444960478
0.1111111111111111,0.2222222222222222,0.6666666666666666,66.66666666666666,300.09534798247864
0.1111111111111111,0.2222222222222222,0.7777777777777777,66.66666666666666,300.02635880796805
0.1111111111111111,0.2222222222222222,0.8888888888888888,66.66666666666666,300.0038313087667
0.1111111111111111,0.2222222222222222,1.0,66.66666666666666,300.00029280309946
0.1111111111111111,0.3333333333333333,0.0,66.66666666666666,300.00105915961115
0.1111111111111111,0.3333333333333333,0.1111111111111111,66.66666666666666,300.0138590319258
0.1111111111111111,0.3333333333333333,0.2222222222222222,66.66666666666666,300.09534798247864
0.1111111111111111,0.3333333333333333,0.3333333333333333,66.66666666666666,300.3449032207283
0.1111111111111111,0.3333333333333333,0.4444444444444444,66.66666666666666,300.65597927845266
0.1111111111111111,0.3333333333333333,0.5555555555555556,66.66666666666666,300.65597927845266
0.1111111111111111,0.3333333333333333,0.6666666666666666,66.66666666666666,300.3449032207283
0.1111111111111111,0.3333333333333333,0.7777777777777777,66.66666666666666,300.09534798247864
0.1111111111111111,0.3333333333333333,0.8888888888888888,66.66666666666666,300.0138590319258
0.1111111111111111,0.3333333333333333,1.0,66.66666666666666,300.00105915961115
0.1111111111111111,0.4444444444444444,0.0,66.66666666666666,300.0020144397493
0.1111111111111111,0.4444444444444444,0.1111111111111111,66.66666666666666,300.02635880796805
0.1111111111111111,0.4444444444444444,0.2222222222222222,66.66666666666666,300.1813444960478
0.1111111111111111,0.4444444444444444,0.3333333333333333,66.66666666666666,300.65597927845266
0.1111111111111111,0.4444444444444444,0.4444444444444444,66.66666666666666,301.24762190637296
0.1111111111111111,0.4444444444444444,0.5555555555555556,66.66666666666666,301.24762190637296
0.1111111111111111,0.4444444444444444,0.6666666666666666,66.66666666666666,300.65597927845266
0.1111111111111111,0.4444444444444444,0.7777777777777777,66.66666666666666,300.1813444960478
0.1111111111111111,0.4444444444444444,0.8888888888888888,66.66666666666666,300.02635880796805
0.1111111111111111,0.4444444444444444,1.0,66.66666666666666,300.0020144397493
0.1111111111111111,0.5555555555555556,0.0,66.66666666666666,300.0020144397493
0.1111111111111111,0.5555555555555556,0.1111111111111111,66.66666666666666,300.02635880796805
0.1111111111111111,0.5555555555555556,0.2222222222222222,66.66666666666666,300.1813444960478
0.1111111111111111,0.5555555555555556,0.3333333333333333,66.66666666666666,300.65597927845266
0.1111111111111111,0.5555555555555556,0.4444444444444444,66.66666666666666,301.24762190637296
0.1111111111111111,0.5555555555555556,0.5555555555555556,66.66666666666666,301.24762190637296
0.1111111111111111,0.5555555555555556,0.6666666666666666,66.66666666666666,300.65597927845266
0.1111111111111111,0.5555555555555556,0.7777777777777777,66.66666666666666,300.1813444960478
0.1111111111111111,0.5555555555555556,0.8888888888888888,66.66666666666666,300.02635880796805
0.1111111111111111,0.5555555555555556,1.0,66.66666666666666,300.0020144397493
0.1111111111111111,0.6666666666666666,0.0,66.66666666666666,300.00105915961115
0.1111111111111111,0.6666666666666666,0.1111111111111111,66.66666666666666,300.0138590319258
0.1111111111111111,0.6666666666666666,0.2222222222222222,66.66666666666666,300.09534798247864
0.1111111111111111,0.6666666666666666,0.3333333333333333,66.66666666666666,300.3449032207283
0.1111111111111111,0.6666666666666666,0.4444444444444444,66.66666666666666,300.65597927845266
0.1111111111111111,0.6666666666666666,0.5555555555555556,66.66666666666666,300.65597927845266
0.1111111111111111,0.6666666666666666,0.6666666666666666,66.66666666666666,300.3449032207283
0.1111111111111111,0.6666666666666666,0.7777777777777777,66.66666666666666,300.09534798247864
0.1111111111111111,0.6666666666666666,0.8888888888888888,66.66666666666666,300.0138590319258
0.1111111111111111,0.6666666666666666,1.0,66.66666666666666,300.00105915961115
0.1111111111111111,0.7777777777777777,0.0,66.66666666666666,300.00029280309946
0.1111111111111111,0.7777777777777777,0.1111111111111111,66.66666666666666,300.0038313087667
0.1111111111111111,0.7777777777777777,0.2222222222222222,66.66666666666666,300.02635880796805
0.1111111111111111,0.7777777777777777,0.3333333333333333,66.66666666666666,300.09534798247864
0.1111111111111111,0.7777777777777777,0.4444444444444444,66.66666666666666,300.1813444960478
0.1111111111111111,0.7777777777777777,0.5555555555555556,66.66666666666666,300.1813444960478
0.1111111111111111,0.7777777777777777,0.6666666666666666,66.66666666666666,300.09534798247864
0.1111111111111111,0.7777777777777777,0.7777777777777777,66.66666666666666,300.02635880796805
0.1111111111111111,0.7777777777777777,0.8888888888888888,66.66666666666666,300.0038313087667
0.1111111111111111,0.7777777777777777,1.0,66.66666666666666,300.00029280309946
0.1111111111111111,0.8888888888888888,0.0,66.66666666666666,300.00004255955287
0.1111111111111111,0.8888888888888888,0.1111111111111111,66.66666666666666,300.0005568888731
0.1111111111111111,0.8888888888888888,0.2222222222222222,66.66666666666666,300.0038313087667
0.1111111111111111,0.8888888888888888,0.3333333333333333,66.66666666666666,300.0138590319258
0.1111111111111111,0.8888888888888888,0.4444444444444444,66.66666666666666,300.02635880796805
0.1111111111111111,0.8888888888888888,0.5555555555555556,66.66666666666666,300.02635880796805
0.1111111111111111,0.8888888888888888,0.6666666666666666,66.66666666666666,300.0138590319258
0.1111111111111111,0.8888888888888888,0.7777777777777777,66.66666666666666,300.0038313087667
0.1111111111111111,0.8888888888888888,0.8888888888888888,66.66666666666666,300.0005568888731
0.1111111111111111,0.8888888888888888,1.0,66.66666666666666,300.00004255955287
0.1111111111111111,1.0,0.0,66.66666666666666,300.0000032525619
0.1111111111111111,1.0,0.1111111111111111,66.66666666666666,300.00004255955287
0.1111111111111111,1.0,0.2222222222222222,66.66666666666666,300.00029280309946
0.1111111111111111,1.0,0.3333333333333333,66.66666666666666,300.00105915961115
0.1111111111111111,1.0,0.4444444444444444,66.66666666666666,300.0020144397493
0.1111111111111111,1.0,0.5555555555555556,66.66666666666666,300.0020144397493
0.1111111111111111,1.0,0.6666666666666666,66.66666666666666,300.00105915961115
0.1111111111111111,1.0,0.7777777777777777,66.66666666666666,300.00029280309946
0.1111111111111111,1.0,0.8888888888888888,66.66666666666666,300.00004255955287
0.1111111111111111,1.0,1.0,66.66666666666666,300.0000032525619
0.2222222222222222,0.0,0.0,66.66666666666666,300.00002237711976
0.2222222222222222,0.0,0.1111111111111111,66.66666666666666,300.00029280309946
0.2222222222222222,0.0,0.2222222222222222,66.66666666666666,300.0020144397493
0.2222222222222222,0.0,0.3333333333333333,66.66666666666666,300.00728685326567
0.2222222222222222,0.0,0.4444444444444444,66.66666666666666,300.0138590319258
0.2222222222222222,0.0,0.5555555555555556,66.66666666666666,300.0138590319258
0.2222222222222222,0.0,0.6666666666666666,66.66666666666666,300.00728685326567
0.2222222222222222,0.0,0.7777777777777777,66.66666666666666,300.0020144397493
0.2222222222222222,0.0,0.8888888888888888,66.66666666666666,300.00029280309946
0.2222222222222222,0.0,1.0,66.66666666666666,300.00002237711976
0.2222222222222222,0.1111111111111111,0.0,66.66666666666666,300.00029280309946
0.2222222222222222,0.1111111111111111,0.1111111111111111,66.66666666666666,300.0038313087667
0.2222222222222222,0.1111111111111111,0.2222222222222222,66.66666666666666,300.02635880796805
0.2222222222222222,0.1111111111111111,0.3333333333333333,66.66666666666666,300.09534798247864
0.2222222222222222,0.1111111111111111,0.4444444444444444,66.66666666666666,300.1813444960478
0.2222222222222222,0.1111111111111111,0.5555555555555556,66.66666666666666,300.1813444960478
0.2222222222222222,0.1111111111111111,0.6666666666666666,66.66666666666666,300.09534798247864
0.2222222222222222,0.1111111111111111,0.7777777777777777,66.66666666666666,300.02635880796805
0.2222222222222222,0.1111111111111111,0.8888888888888888,66.66666666666666,300.0038313087667
0.2222222222222222,0.1111111111111111,1.0,66.66666666666666,300.00029280309946
0.2222222222222222,0.2222222222222222,0.0,66.66666666666666,300.0020144397493
0.2222222222222222,0.2222222222222222,0.1111111111111111,66.66666666666666,300.02635880796805
0.2222222222222222,0.2222222222222222,0.2222222222222222,66.66666666666666,300.1813444960478
0.2222222222222222,0.2222222222222222,0.3333333333333333,66.66666666666666,300.65597927845266
0.2222222222222222,0.2222222222222222,0.4444444444444444,66.66666666666666,301.24762190637296
0.2222222222222222,0.2222222222222222,0.5555555555555556,66.66666666666666,301.24762190637296
0.2222222222222222,0.2222222222222222,0.6666666666666666,66.66666666666666,300.65597927845266
0.2222222222222222,0.2222222222222222,0.7777777777777777,66.66666666666666,300.1813444960478
0.2222222222222222,0.2222222222222222,0.8888888888888888,66.66666666666666,300.02635880796805
0.2222222222222222,0.2222222222222222,1.0,66.66666666666666,300.0020144397493
0.2222222222222222,0.3333333333333333,0.0,66.66666666666666,300.00728685326567
0.2222222222222222,0.3333333333333333,0.1111111111111111,66.66666666666666,300.09534798247864
0.2222222222222222,0.3333333333333333,0.2222222222222222,66.66666666666666,300.65597927845266
0.2222222222222222,0.3333333333333333,0.3333333333333333,66.66666666666666,302.3728804741109
0.2222222222222222,0.3333333333333333,0.4444444444444444,66.66666666666666,304.51303533198273
0.2222222222222222,0.3333333333333333,0.5555555555555556,66.66666666666666,304.51303533198273
0.2222222222222222,0.3333333333333333,0.6666666666666666,66.66666666666666,302.3728804741109
0.2222222222222222,0.3333333333333333,0.7777777777777777,66.66666666666666,300.65597927845266
0.2222222222222222,0.3333333333333333,0.8888888888888888,66.66666666666666,300.09534798247864
0.2222222222222222,0.3333333333333333,1.0,66.66666666666666,300.00728685326567
0.2222222222222222,0.4444444444444444,0.0,66.66666666666666,300.0138590319258
0.2222222222222222,0.4444444444444444,0.1111111111111111,66.66666666666666,300.1813444960478
0.2222222222222222,0.4444444444444444,0.2222222222222222,66.66666666666666,301.24762190637296
0.2222222222222222,0.4444444444444444,0.3333333333333333,66.66666666666666,304.51303533198273
0.2222222222222222,0.4444444444444444,0.4444444444444444,66.66666666666666,308.58344452236094
0.2222222222222222,0.4444444444444444,0.5555555555555556,66.66666666666666,308.58344452236094
0.2222222222222222,0.4444444444444444,0.6666666666666666,66.66666666666666,304.51303533198273
0.2222222222222222,0.4444444444444444,0.7777777777777777,66.66666666666666,301.24762190637296
0.2222222222222222,0.4444444444444444,0.8888888888888888,66.66666666666666,300.1813444960478
0.2222222222222222,0.4444444444444444,1.0,66.66666666666666,300.0138590319258
0.2222222222222222,0.5555555555555556,0.0,66.66666666666666,300.0138590319258
0.2222222222222222,0.5555555555555556,0.1111111111111111,66.66666666666666,300.1813444960478
0.2222222222222222,0.5555555555555556,0.2222222222222222,66.66666666666666,301.24762190637296
0.2222222222222222,0.5555555555555556,0.3333333333333333,66.66666666666666,304.51303533198273
0.2222222222222222,0.5555555555555556,0.4444444444444444,66.66666666666666,308.58344452236094
0.2222222222222222,0.5555555555555556,0.5555555555555556,66.66666666666666,308.58344452236094
0.2222222222222222,0.5555555555555556,0.6666666666666666,66.66666666666666,304.51303533198273
0.2222222222222222,0.5555555555555556,0.7777777777777777,66.66666666666666,301.24762190637296
0.2222222222222222,0.5555555555555556,0.8888888888888888,66.66666666666666,300.1813444960478
0.2222222222222222,0.5555555555555556,1.0,66.66666666666666,300.0138590319258
0.2222222222222222,0.6666666666666666,0.0,66.66666666666666,300.00728685326567
0.2222222222222222,0.6666666666666666,0.1111111111111111,66.66666666666666,300.09534798247864
0.2222222222222222,0.6666666666666666,0.2222222222222222,66.66666666666666,300.65597927845266
0.2222222222222222,0.6666666666666666,0.3333333333333333,66.66666666666666,302.3728804741109
0.2222222222222222,0.6666666666666666,0.4444444444444444,66.66666666666666,304.51303533198273
0.2222222222222222,0.6666666666666666,0.5555555555555556,66.66666666666666,304.51303533198273
0.2222222222222222,0.6666666666666666,0.6666666666666666,66.66666666666666,302.3728804741109
0.2222222222222222,0.6666666666666666,0.7777777777777777,66.66666666666666,300.65597927845266
0.2222222222222222,0.6666666666666666,0.8888888888888888,66.66666666666666,300.09534798247864
0.2222222222222222,0.6666666666666666,1.0,66.66666666666666,300.00728685326567
0.2222222222222222,0.7777777777777777,0.0,66.66666666666666,300.0020144397493
0.2222222222222222,0.7777777777777777,0.1111111111111111,66.66666666666666,300.02635880796805
0.2222222222222222,0.7777777777777777,0.2222222222222222,66.66666666666666,300.1813444960478
0.2222222222222222,0.7777777777777777,0.3333333333333333,66.66666666666666,300.65597927845266
0.2222222222222222,0.7777777777777777,0.4444444444444444,66.66666666666666,301.24762190637296
0.2222222222222222,0.7777777777777777,0.5555555555555556,66.66666666666666,301.24762190637296
0.2222222222222222,0.7777777777777777,0.6666666666666666,66.66666666666666,300.65597927845266
0.2222222222222222,0.7777777777777777,0.7777777777777777,66.66666666666666,300.1813444960478
0.2222222222222222,0.7777777777777777,0.8888888888888888,66.66666666666666,300.02635880796805
0.2222222222222222,0.7777777777777777,1.0,66.66666666666666,300.0020144397493
0.2222222222222222,0.8888888888888888,0.0,66.66666666666666,300.00029280309946
0.2222222222222222,0.8888888888888888,0.1111111111111111,66.66666666666666,300.0038313087667
0.2222222222222222,0.8888888888888888,0.2222222222222222,66.66666666666666,300.02635880796805
0.2222222222222222,0.8888888888888888,0.3333333333333333,66.66666666666666,300.09534798247864
0.2222222222222222,0.8888888888888888,0.4444444444444444,66.66666666666666,300.1813444960478
0.2222222222222222,0.8888888888888888,0.5555555555555556,66.66666666666666,300.1813444960478
0.2222222222222222,0.8888888888888888,0.6666666666666666,66.66666666666666,300.09534798247864
0.2222222222222222,0.8888888888888888,0.7777777777777777,66.66666666666666,300.02635880796805
0.2222222222222222,0.8888888888888888,0.8888888888888888,66.66666666666666,300.0038313087667
0.2222222222222222,0.8888888888888888,1.0,66.66666666666666,300.00029280309946
0.2222222222222222,1.0,0.0,66.66666666666666,300.00002237711976
0.2222222222222222,1.0,0.1111111111111111,66.66666666666666,300.00029280309946
0.2222222222222222,1.0,0.2222222222222222,66.66666666666666,300.0020144397493
0.2222222222222222,1.0,0.3333333333333333,66.66666666666666,300.00728685326567
0.2222222222222222,1.0,0.4444444444444444,66.66666666666666,300.0138590319258
0.2222222222222222,1.0,0.5555555555555556,66.66666666666666,300.0138590319258
0.2222222222222222,1.0,0.6666666666666666,66.66666666666666,300.00728685326567
0.2222222222222222,1.0,0.7777777777777777,66.66666666666666,300.0020144397493
0.2222222222222222,1.0,0.8888888888888888,66.66666666666666,300.00029280309946
0.2222222222222222,1.0,1.0,66.66666666666666,300.00002237711976
0.3333333333333333,0.0,0.0,66.66666666666666,300.00008094498145
0.3333333333333333,0.0,0.1111111111111111,66.66666666666666,300.00105915961115
0.3333333333333333,0.0,0.2222222222222222,66.66666666666666,300.00728685326567
0.3333333333333333,0.0,0.3333333333333333,66.66666666666666,300.02635880796805
0.3333333333333333,0.0,0.4444444444444444,66.66666666666666,300.0501324162623
0.3333333333333333,0.0,0.5555555555555556,66.66666666666666,300.0501324162623
0.3333333333333333,0.0,0.6666666666666666,66.66666666666666,300.02635880796805
0.3333333333333333,0.0,0.7777777777777777,66.66666666666666,300.00728685326567
0.3333333333333333,0.0,0.8888888888888888,66.66666666666666,300.00105915961115
0.3333333333333333,0.0,1.0,66.66666666666666,300.00008094498145
0.3333333333333333,0.1111111111111111,0.0,66.66666666666666,300.00105915961115
0.3333333333333333,0.1111111111111111,0.1111111111111111,66.66666666666666,300.0138590319258
0.3333333333333333,0.1111111111111111,0.2222222222222222,66.66666666666666,300.09534798247864
0.3333333333333333,0.1111111111111111,0.3333333333333333,66.66666666666666,300.3449032207283
0.3333333333333333,0.1111111111111111,0.4444444444444444,66.66666666666666,300.65597927845266
0.3333333333333333,0.1111111111111111,0.5555555555555556,66.66666666666666,300.65597927845266
0.3333333333333333,0.1111111111111111,0.6666666666666666,66.66666666666666,300.3449032207283
0.3333333333333333,0.1111111111111111,0.7777777777777777,66.66666666666666,300.09534798247864
0.3333333333333333,0.1111111111111111,0.8888888888888888,66.66666666666666,300.0138590319258
0.3333333333333333,0.1111111111111111,1.0,66.66666666666666,300.00105915961115
0.3333333333333333,0.2222222222222222,0.0,66.66666666666666,300.00728685326567
0.3333333333333333,0.2222222222222222,0.1111111111111111,66.66666666666666,300.09534798247864
0.3333333333333333,0.2222222222222222,0.2222222222222222,66.66666666666666,300.65597927845266
0.3333333333333333,0.2222222222222222,0.3333333333333333,66.66666666666666,302.3728804741109
0.3333333333333333,0.2222222222222222,0.4444444444444444,66.66666666666666,304.51303533198273
0.3333333333333333,0.2222222222222222,0.5555555555555556,66.66666666666666,304.51303533198273
0.3333333333333333,0.2222222222222222,0.6666666666666666,66.66666666666666,302.3728804741109
0.3333333333333333,0.2222222222222222,0.7777777777777777,66.66666666666666,300.65597927845266
0.3333333333333333,0.2222222222222222,0.8888888888888888,66.66666666666666,300.09534798247864
0.3333333333333333,0.2222222222222222,1.0,66.66666666666666,300.00728685326567
0.3333333333333333,0.3333333333333333,0.0,66.66666666666666,300.02635880796805
0.3333333333333333,0.3333333333333333,0.1111111111111111,66.66666666666666,300.3449032207283
0.3333333333333333,0.3333333333333333,0.2222222222222222,66.66666666666666,302.3728804741109
0.3333333333333333,0.3333333333333333,0.3333333333333333,66.66666666666666,308.58344452236094
0.3333333333333333,0.3333333333333333,0.4444444444444444,66.66666666666666,316.325048320878
0.3333333333333333,0.3333333333333333,0.5555555555555556,66.66666666666666,316.325048320878
0.3333333333333333,0.3333333333333333,0.6666666666666666,66.66666666666666,308.58344452236094
0.3333333333333333,0.3333333333333333,0.7777777777777777,66.66666666666666,302.3728804741109
0.3333333333333333,0.3333333333333333,0.8888888888888888,66.66666666666666,300.3449032207283
0.3333333333333333,0.3333333333333333,1.0,66.66666666666666,300.02635880796805
0.3333333333333333,0.4444444444444444,0.0,66.66666666666666,300.0501324162623
0.3333333333333333,0.4444444444444444,0.1111111111111111,66.66666666666666,300.65597927845266
0.3333333333333333,0.4444444444444444,0.2222222222222222,66.66666666666666,304.51303533198273
0.3333333333333333,0.4444444444444444,0.3333333333333333,66.66666666666666,316.325048320878
0.3333333333333333,0.4444444444444444,0.4444444444444444,66.66666666666666,331.0489806259851
0.3333333333333333,0.4444444444444444,0.5555555555555556,66.66666666666666,331.0489806259851
0.3333333333333333,0.4444444444444444,0.6666666666666666,66.66666666666666,316.325048320878
0.3333333333333333,0.4444444444444444,0.7777777777777777,66.66666666666666,304.51303533198273
0.3333333333333333,0.4444444444444444,0.8888888888888888,66.66666666666666,300.65597927845266
0.3333333333333333,0.4444444444444444,1.0,66.66666666666666,300.0501324162623
0.3333333333333333,0.5555555555555556,0.0,66.66666666666666,300.0501324162623
0.3333333333333333,0.5555555555555556,0.1111111111111111,66.66666666666666,300.65597927845266
0.3333333333333333,0.5555555555555556,0.2222222222222222,66.66666666666666,304.51303533198273
0.3333333333333333,0.5555555555555556,0.3333333333333333,66.66666666666666,316.325048320878
0.3333333333333333,0.5555555555555556,0.4444444444444444,66.66666666666666,331.0489806259851
0.3333333333333333,0.5555555555555556,0.5555555555555556,66.66666666666666,331.0489806259851
0.3333333333333333,0.5555555555555556,0.6666666666666666,66.66666666666666,316.325048320878
0.3333333333333333,0.5555555555555556,0.7777777777777777,66.66666666666666,304.51303533198273
0.3333333333333333,0.5555555555555556,0.8888888888888888,66.66666666666666,300.65597927845266
0.3333333333333333,0.5555555555555556,1.0,66.66666666666666,300.0501324162623
0.3333333333333333,0.6666666666666666,0.0,66.66666666666666,300.02635880796805
0.3333333333333333,0.6666666666666666,0.1111111111111111,66.66666666666666,300.3449032207283
0.3333333333333333,0.6666666666666666,0.2222222222222222,66.66666666666666,302.3728804741109
0.3333333333333333,0.6666666666666666,0.3333333333333333,66.66666666666666,308.58344452236094
0.3333333333333333,0.6666666666666666,0.4444444444444444,66.66666666666666,316.325048320878
0.3333333333333333,0.6666666666666666,0.5555555555555556,66.66666666666666,316.325048320878
0.3333333333333333,0.6666666666666666,0.6666666666666666,66.66666666666666,308.58344452236094
0.3333333333333333,0.6666666666666666,0.7777777777777777,66.66666666666666,302.3728804741109
0.3333333333333333,0.6666666666666666,0.8888888888888888,66.66666666666666,300.3449032207283
0.3333333333333333,0.6666666666666666,1.0,66.66666666666666,300.02635880796805
0.3333333333333333,0.7777777777777777,0.0,66.66666666666666,300.00728685326567
0.3333333333333333,0.7777777777777777,0.1111111111111111,66.66666666666666,300.09534798247864
0.3333333333333333,0.7777777777777777,0.2222222222222222,66.66666666666666,300.65597927845266
0.3333333333333333,0.7777777777777777,0.3333333333333333,66.66666666666666,302.3728804741109
0.3333333333333333,0.7777777777777777,0.4444444444444444,66.66666666666666,304.51303533198273
0.3333333333333333,0.7777777777777777,0.5555555555555556,66.66666666666666,304.51303533198273
0.3333333333333333,0.7777777777777777,0.6666666666666666,66.66666666666666,302.3728804741109
0.3333333333333333,0.7777777777777777,0.7777777777777777,66.66666666666666,300.65597927845266
0.3333333333333333,0.7777777777777777,0.8888888888888888,66.66666666666666,300.09534798247864
0.3333333333333333,0.7777777777777777,1.0,66.66666666666666,300.00728685326567
0.3333333333333333,0.8888888888888888,0.0,66.66666666666666,300.00105915961115
0.3333333333333333,0.8888888888888888,0.1111111111111111,66.66666666666666,300.0138590319258
0.3333333333333333,0.8888888888888888,0.2222222222222222,66.66666666666666,300.09534798247864
0.3333333333333333,0.8888888888888888,0.3333333333333333,66.66666666666666,300.3449032207283
0.3333333333333333,0.8888888888888888,0.4444444444444444,66.66666666666666,300.65597927845266
0.3333333333333333,0.8888888888888888,0.5555555555555556,66.66666666666666,300.65597927845266
0.3333333333333333,0.8888888888888888,0.6666666666666666,66.66666666666666,300.3449032207283
0.3333333333333333,0.8888888888888888,0.7777777777777777,66.66666666666666,300.09534798247864
0.3333333333333333,0.8888888888888888,0.8888888888888888,66.66666666666666,300.0138590319258
0.3333333333333333,0.8888888888888888,1.0,66.66666666666666,300.00105915961115
0.3333333333333333,1.0,0.0,66.66666666666666,300.00008094498145
0.3333333333333333,1.0,0.1111111111111111,66.66666666666666,300.00105915961115
0.3333333333333333,1.0,0.2222222222222222,66.66666666666666,300.00728685326567
0.3333333333333333,1.0,0.3333333333333333,66.66666666666666,300.02635880796805
0.3333333333333333,1.0,0.4444444444444444,66.66666666666666,300.0501324162623
0.3333333333333333,1.0,0.5555555555555556,66.66666666666666,300.0501324162623
0.3333333333333333,1.0,0.6666666666666666,66.66666666666666,300.02635880796805
0.3333333333333333,1.0,0.7777777777777777,66.66666666666666,300.00728685326567
0.3333333333333333,1.0,0.8888888888888888,66.66666666666666,300.00105915961115
0.3333333333333333,1.0,1.0,66.66666666666666,300.00008094498145
0.4444444444444444,0.0,0.0,66.66666666666666,300.00015395110086
0.4444444444444444,0.0,0.1111111111111111,66.66666666666666,300.0020144397493
0.4444444444444444,0.0,0.2222222222222222,66.66666666666666,300.0138590319258
0.4444444444444444,0.0,0.3333333333333333,66.66666666666666,300.0501324162623
0.4444444444444444,0.0,0.4444444444444444,66.66666666666666,300.09534798247864
0.4444444444444444,0.0,0.5555555555555556,66.66666666666666,300.09534798247864
0.4444444444444444,0.0,0.6666666666666666,66.66666666666666,300.0501324162623
0.4444444444444444,0.0,0.7777777777777777,66.66666666666666,300.0138590319258
0.4444444444444444,0.0,0.8888888888888888,66.66666666666666,300.0020144397493
0.4444444444444444,0.0,1.0,66.66666666666666,300.00015395110086
0.4444444444444444,0.1111111111111111,0.0,66.66666666666666,300.0020144397493
0.4444444444444444,0.1111111111111111,0.1111111111111111,66.66666666666666,300.02635880796805
0.4444444444444444,0.1111111111111111,0.2222222222222222,66.66666666666666,300.1813444960478
0.4444444444444444,0.1111111111111111,0.3333333333333333,66.66666666666666,300.65597927845266
0.4444444444444444,0.1111111111111111,0.4444444444444444,66.66666666666666,301.24762190637296
0.4444444444444444,0.1111111111111111,0.5555555555555556,66.66666666666666,301.24762190637296
0.4444444444444444,0.1111111111111111,0.6666666666666666,66.66666666666666,300.65597927845266
0.4444444444444444,0.1111111111111111,0.7777777777777777,66.66666666666666,300.1813444960478
0.4444444444444444,0.1111111111111111,0.8888888888888888,66.66666666666666,300.02635880796805
0.4444444444444444,0.1111111111111111,1.0,66.66666666666666,300.0020144397493
0.4444444444444444,0.2222222222222222,0.0,66.66666666666666,300.0138590319258
0.4444444444444444,0.2222222222222222,0.1111111111111111,66.66666666666666,300.1813444960478
0.4444444444444444,0.2222222222222222,0.2222222222222222,66.66666666666666,301.24762190637296
0.4444444444444444,0.2222222222222222,0.3333333333333333,66.66666666666666,304.51303533198273
0.4444444444444444,0.2222222222222222,0.4444444444444444,66.66666666666666,308.58344452236094
0.4444444444444444,0.2222222222222222,0.5555555555555556,66.66666666666666,308.58344452236094
0.4444444444444444,0.2222222222222222,0.6666666666666666,66.66666666666666,304.51303533198273
0.4444444444444444,0.2222222222222222,0.7777777777777777,66.66666666666666,301.24762190637296
0.4444444444444444,0.2222222222222222,0.8888888888888888,66.66666666666666,300.1813444960478
0.4444444444444444,0.2222222222222222,1.0,66.66666666666666,300.0138590319258
0.4444444444444444,0.3333333333333333,0.0,66.66666666666666,300.0501324162623
0.4444444444444444,0.3333333333333333,0.1111111111111111,66.66666666666666,300.65597927845266
0.4444444444444444,0.3333333333333333,0.2222222222222222,66.66666666666666,304.51303533198273
0.4444444444444444,0.3333333333333333,0.3333333333333333,66.66666666666666,316.325048320878
0.4444444444444444,0.3333333333333333,0.4444444444444444,66.66666666666666,331.0489806259851
0.4444444444444444,0.3333333333333333,0.5555555555555556,66.66666666666666,331.0489806259851
0.4444444444444444,0.3333333333333333,0.6666666666666666,66.66666666666666,316.325048320878
0.4444444444444444,0.3333333333333333,0.7777777777777777,66.66666666666666,304.51303533198273
0.4444444444444444,0.3333333333333333,0.8888888888888888,66.66666666666666,300.65597927845266
0.4444444444444444,0.3333333333333333,1.0,66.66666666666666,300.0501324162623
0.4444444444444444,0.4444444444444444,0.0,66.66666666666666,300.09534798247864
0.4444444444444444,0.4444444444444444,0.1111111111111111,66.66666666666666,301.24762190637296
0.4444444444444444,0.4444444444444444,0.2222222222222222,66.66666666666666,308.58344452236094
0.4444444444444444,0.4444444444444444,0.3333333333333333,66.66666666666666,331.0489806259851
0.4444444444444444,0.4444444444444444,0.4444444444444444,66.66666666666666,359.05276229289274
0.4444444444444444,0.4444444444444444,0.5555555555555556,66.66666666666666,359.05276229289274
0.4444444444444444,0.4444444444444444,0.6666666666666666,66.66666666666666,331.0489806259851
0.4444444444444444,0.4444444444444444,0.7777777777777777,66.66666666666666,308.58344452236094
0.4444444444444444,0.4444444444444444,0.8888888888888888,66.66666666666666,301.24762190637296
0.4444444444444444,0.4444444444444444,1.0,66.66666666666666,300.09534798247864
0.4444444444444444,0.5555555555555556,0.0,66.66666666666666,300.09534798247864
0.4444444444444444,0.5555555555555556,0.1111111111111111,66.66666666666666,301.24762190637296
0.4444444444444444,0.5555555555555556,0.2222222222222222,66.66666666666666,308.58344452236094
0.4444444444444444,0.5555555555555556,0.3333333333333333,66.66666666666666,331.0489806259851
0.4444444444444444,0.5555555555555556,0.4444444444444444,66.66666666666666,359.05276229289274
0.4444444444444444,0.5555555555555556,0.5555555555555556,66.66666666666666,359.05276229289274
0.4444444444444444,0.5555555555555556,0.6666666666666666,66.66666666666666,331.0489806259851
0.4444444444444444,0.5555555555555556,0.7777777777777777,66.66666666666666,308.58344452236094
0.4444444444444444,0.5555555555555556,0.8888888888888888,66.66666666666666,301.24762190637296
0.4444444444444444,0.5555555555555556,1.0,66.66666666666666,300.09534798247864
0.4444444444444444,0.6666666666666666,0.0,66.66666666666666,300.0501324162623
0.4444444444444444,0.6666666666666666,0.1111111111111111,66.66666666666666,300.65597927845266
0.4444444444444444,0.6666666666666666,0.2222222222222222,66.66666666666666,304.51303533198273
0.4444444444444444,0.6666666666666666,0.3333333333333333,66.66666666666666,316.325048320878
0.4444444444444444,0.6666666666666666,0.4444444444444444,66.66666666666666,331.0489806259851
0.4444444444444444,0.6666666666666666,0.5555555555555556,66.66666666666666,331.0489806259851
0.4444444444444444,0.6666666666666666,0.6666666666666666,66.66666666666666,316.325048320878
0.4444444444444444,0.6666666666666666,0.7777777777777777,66.66666666666666,304.51303533198273
0.4444444444444444,0.6666666666666666,0.8888888888888888,66.66666666666666,300.65597927845266
0.4444444444444444,0.6666666666666666,1.0,66.66666666666666,300.0501324162623
0.4444444444444444,0.7777777777777777,0.0,66.66666666666666,300.0138590319258
0.4444444444444444,0.7777777777777777,0.1111111111111111,66.66666666666666,300.1813444960478
0.4444444444444444,0.7777777777777777,0.2222222222222222,66.66666666666666,301.24762190637296
0.4444444444444444,0.7777777777777777,0.3333333333333333,66.66666666666666,304.51303533198273
0.4444444444444444,0.7777777777777777,0.4444444444444444,66.66666666666666,308.58344452236094
0.4444444444444444,0.7777777777777777,0.5555555555555556,66.66666666666666,308.58344452236094
0.4444444444444444,0.7777777777777777,0.6666666666666666,66.66666666666666,304.51303533198273
0.4444444444444444,0.7777777777777777,0.7777777777777777,66.66666666666666,301.24762190637296
0.4444444444444444,0.7777777777777777,0.8888888888888888,66.66666666666666,300.1813444960478
0.4444444444444444,0.7777777777777777,1.0,66.66666666666666,300.0138590319258
0.4444444444444444,0.8888888888888888,0.0,66.66666666666666,300.0020144397493
0.4444444444444444,0.8888888888888888,0.1111111111111111,66.66666666666666,300.02635880796805
0.4444444444444444,0.8888888888888888,0.2222222222222222,66.66666666666666,300.1813444960478
0.4444444444444444,0.8888888888888888,0.3333333333333333,66.66666666666666,300.65597927845266
0.4444444444444444,0.8888888888888888,0.4444444444444444,66.66666666666666,301.24762190637296
0.4444444444444444,0.8888888888888888,0.5555555555555556,66.66666666666666,301.24762190637296
0.4444444444444444,0.8888888888888888,0.6666666666666666,66.66666666666666,300.65597927845266
0.4444444444444444,0.8888888888888888,0.7777777777777777,66.66666666666666,300.1813444960478
0.4444444444444444,0.8888888888888888,0.8888888888888888,66.66666666666666,300.02635880796805
0.4444444444444444,0.8888888888888888,1.0,66.66666666666666,300.0020144397493
0.4444444444444444,1.0,0.0,66.66666666666666,300.00015395110086
0.4444444444444444,1.0,0.1111111111111111,66.66666666666666,300.0020144397493
0.4444444444444444,1.0,0.2222222222222222,66.66666666666666,300.0138590319258
0.4444444444444444,1.0,0.3333333333333333,66.66666666666666,300.0501324162623
0.4444444444444444,1.0,0.4444444444444444,66.66666666666666,300.09534798247864
0.4444444444444444,1.0,0.5555555555555556,66.66666666666666,300.09534798247864
0.4444444444444444,1.0,0.6666666666666666,66.66666666666666,300.0501324162623
0.4444444444444444,1.0,0.7777777777777777,66.66666666666666,300.0138590319258
0.4444444444444444,1.0,0.8888888888888888,66.66666666666666,300.0020144397493
0.4444444444444444,1.0,1.0,66.66666666666666,300.00015395110086
0.5555555555555556,0.0,0.0,66.66666666666666,300.00015395110086
0.5555555555555556,0.0,0.1111111111111111,66.66666666666666,300.0020144397493
0.5555555555555556,0.0,0.2222222222222222,66.66666666666666,300.0138590319258
0.5555555555555556,0.0,0.3333333333333333,66.66666666666666,300.0501324162623
0.5555555555555556,0.0,0.4444444444444444,66.66666666666666,300.09534798247864
0.5555555555555556,0.0,0.5555555555555556,66.66666666666666,300.09534798247864
0.5555555555555556,0.0,0.6666666666666666,66.66666666666666,300.0501324162623
0.5555555555555556,0.0,0.7777777777777777,66.66666666666666,300.0138590319258
0.5555555555555556,0.0,0.8888888888888888,66.66666666666666,300.0020144397493
0.5555555555555556,0.0,1.0,66.66666666666666,300.00015395110086
0.5555555555555556,0.1111111111111111,0.0,66.66666666666666,300.0020144397493
0.5555555555555556,0.1111111111111111,0.1111111111111111,66.66666666666666,300.02635880796805
0.5555555555555556,0.1111111111111111,0.2222222222222222,66.66666666666666,300.1813444960478
0.5555555555555556,0.1111111111111111,0.3333333333333333,66.66666666666666,300.65597927845266
0.5555555555555556,0.1111111111111111,0.4444444444444444,66.66666666666666,301.24762190637296
0.5555555555555556,0.1111111111111111,0.5555555555555556,66.66666666666666,301.24762190637296
0.5555555555555556,0.1111111111111111,0.6666666666666666,66.66666666666666,300.65597927845266
0.5555555555555556,0.1111111111111111,0.7777777777777777,66.66666666666666,300.1813444960478
0.5555555555555556,0.1111111111111111,0.8888888888888888,66.66666666666666,300.02635880796805
0.5555555555555556,0.1111111111111111,1.0,66.66666666666666,300.0020144397493
0.5555555555555556,0.2222222222222222,0.0,66.66666666666666,300.0138590319258
0.5555555555555556,0.2222222222222222,0.1111111111111111,66.66666666666666,300.1813444960478
0.5555555555555556,0.2222222222222222,0.2222222222222222,66.66666666666666,301.24762190637296
0.5555555555555556,0.2222222222222222,0.3333333333333333,66.66666666666666,304.51303533198273
0.5555555555555556,0.2222222222222222,0.4444444444444444,66.66666666666666,308.58344452236094
0.5555555555555556,0.2222222222222222,0.5555555555555556,66.66666666666666,308.58344452236094
0.5555555555555556,0.2222222222222222,0.6666666666666666,66.66666666666666,304.51303533198273
0.5555555555555556,0.2222222222222222,0.7777777777777777,66.66666666666666,301.24762190637296
0.5555555555555556,0.2222222222222222,0.8888888888888888,66.66666666666666,300.1813444960478
0.5555555555555556,0.2222222222222222,1.0,66.66666666666666,300.0138590319258
0.5555555555555556,0.3333333333333333,0.0,66.66666666666666,300.0501324162623
0.5555555555555556,0.3333333333333333,0.1111111111111111,66.66666666666666,300.65597927845266
0.5555555555555556,0.3333333333333333,0.2222222222222222,66.66666666666666,304.51303533198273
0.5555555555555556,0.3333333333333333,0.3333333333333333,66.66666666666666,316.325048320878
0.5555555555555556,0.3333333333333333,0.4444444444444444,66.66666666666666,331.0489806259851
0.5555555555555556,0.3333333333333333,0.5555555555555556,66.66666666666666,331.0489806259851
0.5555555555555556,0.3333333333333333,0.6666666666666666,66.66666666666666,316.325048320878
0.5555555555555556,0.3333333333333333,0.7777777777777777,66.66666666666666,304.51303533198273
0.5555555555555556,0.3333333333333333,0.8888888888888888,66.66666666666666,300.65597927845266
0.5555555555555556,0.3333333333333333,1.0,66.66666666666666,300.0501324162623
0.5555555555555556,0.4444444444444444,0.0,66.66666666666666,300.09534798247864
0.5555555555555556,0.4444444444444444,0.1111111111111111,66.66666666666666,301.24762190637296
0.5555555555555556,0.4444444444444444,0.2222222222222222,66.66666666666666,308.58344452236094
0.5555555555555556,0.4444444444444444,0.3333333333333333,66.66666666666666,331.0489806259851
0.5555555555555556,0.4444444444444444,0.4444444444444444,66.66666666666666,359.05276229289274
0.5555555555555556,0.4444444444444444,0.5555555555555556,66.66666666666666,359.05276229289274
0.5555555555555556,0.4444444444444444,0.6666666666666666,66.66666666666666,331.0489806259851
0.5555555555555556,0.4444444444444444,0.7777777777777777,66.66666666666666,308.58344452236094
0.5555555555555556,0.4444444444444444,0.8888888888888888,66.66666666666666,301.24762190637296
0.5555555555555556,0.4444444444444444,1.0,66.66666666666666,300.09534798247864
0.5555555555555556,0.5555555555555556,0.0,66.66666666666666,300.09534798247864
0.5555555555555556,0.5555555555555556,0.1111111111111111,66.66666666666666,301.24762190637296
0.5555555555555556,0.5555555555555556,0.2222222222222222,66.66666666666666,308.58344452236094
0.5555555555555556,0.5555555555555556,0.3333333333333333,66.66666666666666,331.0489806259851
0.5555555555555556,0.5555555555555556,0.4444444444444444,66.66666666666666,359.05276229289274
0.5555555555555556,0.5555555555555556,0.5555555555555556,66.66666666666666,359.05276229289274
0.5555555555555556,0.5555555555555556,0.6666666666666666,66.66666666666666,331.0489806259851
0.5555555555555556,0.5555555555555556,0.7777777777777777,66.66666666666666,308.58344452236094
0.5555555555555556,0.5555555555555556,0.8888888888888888,66.66666666666666,301.24762190637296
0.5555555555555556,0.5555555555555556,1.0,66.66666666666666,300.09534798247864
0.5555555555555556,0.6666666666666666,0.0,66.66666666666666,300.0501324162623
0.5555555555555556,0.6666666666666666,0.1111111111111111,66.66666666666666,300.65597927845266
0.5555555555555556,0.6666666666666666,0.2222222222222222,66.66666666666666,304.51303533198273
0.5555555555555556,0.6666666666666666,0.3333333333333333,66.66666666666666,316.325048320878
0.5555555555555556,0.6666666666666666,0.4444444444444444,66.66666666666666,331.0489806259851
0.5555555555555556,0.6666666666666666,0.5555555555555556,66.66666666666666,331.0489806259851
0.5555555555555556,0.6666666666666666,0.6666666666666666,66.66666666666666,316.325048320878
0.5555555555555556,0.6666666666666666,0.7777777777777777,66.66666666666666,304.51303533198273
0.5555555555555556,0.6666666666666666,0.8888888888888888,66.66666666666666,300.65597927845266
0.5555555555555556,0.6666666666666666,1.0,66.66666666666666,300.0501324162623
0.5555555555555556,0.7777777777777777,0.0,66.66666666666666,300.0138590319258
0.5555555555555556,0.7777777777777777,0.1111111111111111,66.66666666666666,300.1813444960478
0.5555555555555556,0.7777777777777777,0.2222222222222222,66.66666666666666,301.24762190637296
0.5555555555555556,0.7777777777777777,0.3333333333333333,66.66666666666666,304.51303533198273
0.5555555555555556,0.7777777777777777,0.4444444444444444,66.66666666666666,308.58344452236094
0.5555555555555556,0.7777777777777777,0.5555555555555556,66.66666666666666,308.58344452236094
0.5555555555555556,0.7777777777777777,0.6666666666666666,66.66666666666666,304.51303533198273
0.5555555555555556,0.7777777777777777,0.7777777777777777,66.66666666666666,301.24762190637296
0.5555555555555556,0.7777777777777777,0.8888888888888888,66.66666666666666,300.1813444960478
0.5555555555555556,0.7777777777777777,1.0,66.66666666666666,300.0138590319258
0.5555555555555556,0.8888888888888888,0.0,66.66666666666666,300.0020144397493
0.5555555555555556,0.8888888888888888,0.1111111111111111,66.66666666666666,300.02635880796805
0.5555555555555556,0.8888888888888888,0.2222222222222222,66.66666666666666,300.1813444960478
0.5555555555555556,0.8888888888888888,0.3333333333333333,66.66666666666666,300.65597927845266
0.5555555555555556,0.8888888888888888,0.4444444444444444,66.66666666666666,301.24762190637296
0.5555555555555556,0.8888888888888888,0.5555555555555556,66.66666666666666,301.24762190637296
0.5555555555555556,0.8888888888888888,0.6666666666666666,66.66666666666666,300.65597927845266
0.5555555555555556,0.8888888888888888,0.7777777777777777,66.66666666666666,300.1813444960478
0.5555555555555556,0.8888888888888888,0.8888888888888888,66.66666666666666,300.02635880796805
0.5555555555555556,0.8888888888888888,1.0,66.66666666666666,300.0020144397493
0.5555555555555556,1.0,0.0,66.66666666666666,300.00015395110086
0.5555555555555556,1.0,0.1111111111111111,66.66666666666666,300.0020144397493
0.5555555555555556,1.0,0.2222222222222222,66.66666666666666,300.0138590319258
0.5555555555555556,1.0,0.3333333333333333,66.66666666666666,300.0501324162623
0.5555555555555556,1.0,0.4444444444444444,66.66666666666666,300.09534798247864
0.5555555555555556,1.0,0.5555555555555556,66.66666666666666,300.09534798247864
0.5555555555555556,1.0,0.6666666666666666,66.66666666666666,300.0501324162623
0.5555555555555556,1.0,0.7777777777777777,66.66666666666666,300.0138590319258
0.5555555555555556,1.0,0.8888888888888888,66.66666666666666,300.0020144397493
0.5555555555555556,1.0,1.0,66.66666666666666,300.00015395110086
0.6666666666666666,0.0,0.0,66.66666666666666,300.00008094498145
0.6666666666666666,0.0,0.1111111111111111,66.66666666666666,300.00105915961115
0.6666666666666666,0.0,0.2222222222222222,66.66666666666666,300.00728685326567
0.6666666666666666,0.0,0.3333333333333333,66.66666666666666,300.02635880796805
0.6666666666666666,0.0,0.4444444444444444,66.66666666666666,300.0501324162623
0.6666666666666666,0.0,0.5555555555555556,66.66666666666666,300.0501324162623
0.6666666666666666,0.0,0.6666666666666666,66.66666666666666,300.02635880796805
0.6666666666666666,0.0,0.7777777777777777,66.66666666666666,300.00728685326567
0.6666666666666666,0.0,0.8888888888888888,66.66666666666666,300.00105915961115
0.6666666666666666,0.0,1.0,66.66666666666666,300.00008094498145
0.6666666666666666,0.1111111111111111,0.0,66.66666666666666,300.00105915961115
0.6666666666666666,0.1111111111111111,0.1111111111111111,66.66666666666666,300.0138590319258
0.6666666666666666,0.1111111111111111,0.2222222222222222,66.66666666666666,300.09534798247864
0.6666666666666666,0.1111111111111111,0.3333333333333333,66.66666666666666,300.3449032207283
0.6666666666666666,0.1111111111111111,0.4444444444444444,66.66666666666666,300.65597927845266
0.6666666666666666,0.1111111111111111,0.5555555555555556,66.66666666666666,300.65597927845266
0.6666666666666666,0.1111111111111111,0.6666666666666666,66.66666666666666,300.3449032207283
0.6666666666666666,0.1111111111111111,0.7777777777777777,66.66666666666666,300.09534798247864
0.6666666666666666,0.1111111111111111,0.8888888888888888,66.66666666666666,300.0138590319258
0.6666666666666666,0.1111111111111111,1.0,66.66666666666666,300.00105915961115
0.6666666666666666,0.2222222222222222,0.0,66.66666666666666,300.00728685326567
0.6666666666666666,0.2222222222222222,0.1111111111111111,66.66666666666666,300.09534798247864
0.6666666666666666,0.2222222222222222,0.2222222222222222,66.66666666666666,300.65597927845266
0.6666666666666666,0.2222222222222222,0.3333333333333333,66.66666666666666,302.3728804741109
0.6666666666666666,0.2222222222222222,0.4444444444444444,66.66666666666666,304.51303533198273
0.6666666666666666,0.2222222222222222,0.5555555555555556,66.66666666666666,304.51303533198273
0.6666666666666666,0.2222222222222222,0.6666666666666666,66.66666666666666,302.3728804741109
0.6666666666666666,0.2222222222222222,0.7777777777777777,66.66666666666666,300.65597927845266
0.6666666666666666,0.2222222222222222,0.8888888888888888,66.66666666666666,300.09534798247864
0.6666666666666666,0.2222222222222222,1.0,66.66666666666666,300.00728685326567
0.6666666666666666,0.3333333333333333,0.0,66.66666666666666,300.02635880796805
0.6666666666666666,0.3333333333333333,0.1111111111111111,66.66666666666666,300.3449032207283
0.6666666666666666,0.3333333333333333,0.2222222222222222,66.66666666666666,302.3728804741109
0.6666666666666666,0.3333333333333333,0.3333333333333333,66.66666666666666,308.58344452236094
0.6666666666666666,0.3333333333333333,0.4444444444444444,66.66666666666666,316.325048320878
0.6666666666666666,0.3333333333333333,0.5555555555555556,66.66666666666666,316.325048320878
0.6666666666666666,0.3333333333333333,0.6666666666666666,66.66666666666666,308.58344452236094
0.6666666666666666,0.3333333333333333,0.7777777777777777,66.66666666666666,302.3728804741109
0.6666666666666666,0.3333333333333333,0.8888888888888888,66.66666666666666,300.3449032207283
0.6666666666666666,0.3333333333333333,1.0,66.66666666666666,300.02635880796805
0.6666666666666666,0.4444444444444444,0.0,66.66666666666666,300.0501324162623
0.6666666666666666,0.4444444444444444,0.1111111111111111,66.66666666666666,300.65597927845266
0.6666666666666666,0.4444444444444444,0.2222222222222222,66.66666666666666,304.51303533198273
0.6666666666666666,0.4444444444444444,0.3333333333333333,66.66666666666666,316.325048320878
0.6666666666666666,0.4444444444444444,0.4444444444444444,66.66666666666666,331.0489806259851
0.6666666666666666,0.4444444444444444,0.5555555555555556,66.66666666666666,331.0489806259851
0.6666666666666666,0.4444444444444444,0.6666666666666666,66.66666666666666,316.325048320878
0.6666666666666666,0.4444444444444444,0.7777777777777777,66.66666666666666,304.51303533198273
0.6666666666666666,0.4444444444444444,0.8888888888888888,66.66666666666666,300.65597927845266
0.6666666666666666,0.4444444444444444,1.0,66.66666666666666,300.0501324162623
0.6666666666666666,0.5555555555555556,0.0,66.66666666666666,300.0501324162623
0.6666666666666666,0.5555555555555556,0.1111111111111111,66.66666666666666,300.65597927845266
0.6666666666666666,0.5555555555555556,0.2222222222222222,66.66666666666666,304.51303533198273
0.6666666666666666,0.5555555555555556,0.3333333333333333,66.66666666666666,316.325048320878
0.6666666666666666,0.5555555555555556,0.4444444444444444,66.66666666666666,331.0489806259851
0.6666666666666666,0.5555555555555556,0.5555555555555556,66.66666666666666,331.0489806259851
0.6666666666666666,0.5555555555555556,0.6666666666666666,66.66666666666666,316.325048320878
0.6666666666666666,0.5555555555555556,0.7777777777777777,66.66666666666666,304.51303533198273
0.6666666666666666,0.5555555555555556,0.8888888888888888,66.66666666666666,300.65597927845266
0.6666666666666666,0.5555555555555556,1.0,66.66666666666666,300.0501324162623
0.6666666666666666,0.6666666666666666,0.0,66.66666666666666,300.02635880796805
0.6666666666666666,0.6666666666666666,0.1111111111111111,66.66666666666666,300.3449032207283
0.6666666666666666,0.6666666666666666,0.2222222222222222,66.66666666666666,302.3728804741109
0.6666666666666666,0.6666666666666666,0.3333333333333333,66.66666666666666,308.58344452236094
0.6666666666666666,0.6666666666666666,0.4444444444444444,66.66666666666666,316.325048320878
0.6666666666666666,0.6666666666666666,0.5555555555555556,66.66666666666666,316.325048320878
0.6666666666666666,0.6666666666666666,0.6666666666666666,66.66666666666666,308.58344452236094
0.6666666666666666,0.6666666666666666,0.7777777777777777,66.66666666666666,302.3728804741109
0.6666666666666666,0.6666666666666666,0.8888888888888888,66.66666666666666,300.3449032207283
0.6666666666666666,0.6666666666666666,1.0,66.66666666666666,300.02635880796805
0.6666666666666666,0.7777777777777777,0.0,66.66666666666666,300.00728685326567
0.6666666666666666,0.7777777777777777,0.1111111111111111,66.66666666666666,300.09534798247864
0.6666666666666666,0.7777777777777777,0.2222222222222222,66.66666666666666,300.65597927845266
0.6666666666666666,0.7777777777777777,0.3333333333333333,66.66666666666666,302.3728804741109
0.6666666666666666,0.7777777777777777,0.4444444444444444,66.66666666666666,304.51303533198273
0.6666666666666666,0.7777777777777777,0.5555555555555556,66.66666666666666,304.51303533198273
0.6666666666666666,0.7777777777777777,0.6666666666666666,66.66666666666666,302.3728804741109
0.6666666666666666,0.7777777777777777,0.7777777777777777,66.66666666666666,300.65597927845266
0.6666666666666666,0.7777777777777777,0.8888888888888888,66.66666666666666,300.09534798247864
0.6666666666666666,0.7777777777777777,1.0,66.66666666666666,300.00728685326567
0.6666666666666666,0.8888888888888888,0.0,66.66666666666666,300.00105915961115
0.6666666666666666,0.8888888888888888,0.1111111111111111,66.66666666666666,300.0138590319258
0.6666666666666666,0.8888888888888888,0.2222222222222222,66.66666666666666,300.09534798247864
0.6666666666666666,0.8888888888888888,0.3333333333333333,66.66666666666666,300.3449032207283
0.6666666666666666,0.8888888888888888,0.4444444444444444,66.66666666666666,300.65597927845266
0.6666666666666666,0.8888888888888888,0.5555555555555556,66.66666666666666,300.65597927845266
0.6666666666666666,0.8888888888888888,0.6666666666666666,66.66666666666666,300.3449032207283
0.6666666666666666,0.8888888888888888,0.7777777777777777,66.66666666666666,300.09534798247864
0.6666666666666666,0.8888888888888888,0.8888888888888888,66.66666666666666,300.0138590319258
0.6666666666666666,0.8888888888888888,1.0,66.66666666666666,300.00105915961115
0.6666666666666666,1.0,0.0,66.66666666666666,300.00008094498145
0.6666666666666666,1.0,0.1111111111111111,66.66666666666666,300.00105915961115
0.6666666666666666,1.0,0.2222222222222222,66.66666666666666,300.00728685326567
0.6666666666666666,1.0,0.3333333333333333,66.66666666666666,300.02635880796805
0.6666666666666666,1.0,0.4444444444444444,66.66666666666666,300.0501324162623
0.6666666666666666,1.0,0.5555555555555556,66.66666666666666,300.0501324162623
0.6666666666666666,1.0,0.6666666666666666,66.66666666666666,300.02635880796805
0.6666666666666666,1.0,0.7777777777777777,66.66666666666666,300.00728685326567
0.6666666666666666,1.0,0.8888888888888888,66.66666666666666,300.00105915961115
0.6666666666666666,1.0,1.0,66.66666666666666,300.00008094498145
0.7777777777777777,0.0,0.0,66.66666666666666,300.00002237711976
0.7777777777777777,0.0,0.1111111111111111,66.66666666666666,300.00029280309946
0.7777777777777777,0.0,0.2222222222222222,66.66666666666666,300.0020144397493
0.7777777777777777,0.0,0.3333333333333333,66.66666666666666,300.00728685326567
0.7777777777777777,0.0,0.4444444444444444,66.66666666666666,300.0138590319258
0.7777777777777777,0.0,0.5555555555555556,66.66666666666666,300.0138590319258
0.7777777777777777,0.0,0.6666666666666666,66.66666666666666,300.00728685326567
0.7777777777777777,0.0,0.7777777777777777,66.66666666666666,300.0020144397493
0.7777777777777777,0.0,0.8888888888888888,66.66666666666666,300.00029280309946
0.7777777777777777,0.0,1.0,66.66666666666666,300.00002237711976
0.7777777777777777,0.1111111111111111,0.0,66.66666666666666,300.00029280309946
0.7777777777777777,0.1111111111111111,0.1111111111111111,66.66666666666666,300.0038313087667
0.7777777777777777,0.1111111111111111,0.2222222222222222,66.66666666666666,300.02635880796805
0.7777777777777777,0.1111111111111111,0.3333333333333333,66.66666666666666,300.09534798247864
0.7777777777777777,0.1111111111111111,0.4444444444444444,66.66666666666666,300.1813444960478
0.7777777777777777,0.1111111111111111,0.5555555555555556,66.66666666666666,300.1813444960478
0.7777777777777777,0.1111111111111111,0.6666666666666666,66.66666666666666,300.09534798247864
0.7777777777777777,0.1111111111111111,0.7777777777777777,66.66666666666666,300.02635880796805
0.7777777777777777,0.1111111111111111,0.8888888888888888,66.66666666666666,300.0038313087667
0.7777777777777777,0.1111111111111111,1.0,66.66666666666666,300.00029280309946
0.7777777777777777,0.2222222222222222,0.0,66.66666666666666,300.0020144397493
0.7777777777777777,0.2222222222222222,0.1111111111111111,66.66666666666666,300.02635880796805
0.7777777777777777,0.2222222222222222,0.2222222222222222,66.66666666666666,300.1813444960478
0.7777777777777777,0.2222222222222222,0.3333333333333333,66.66666666666666,300.65597927845266
0.7777777777777777,0.2222222222222222,0.4444444444444444,66.66666666666666,301.24762190637296
0.7777777777777777,0.2222222222222222,0.5555555555555556,66.66666666666666,301.24762190637296
0.7777777777777777,0.2222222222222222,0.6666666666666666,66.66666666666666,300.65597927845266
0.7777777777777777,0.2222222222222222,0.7777777777777777,66.66666666666666,300.1813444960478
0.7777777777777777,0.2222222222222222,0.8888888888888888,66.66666666666666,300.02635880796805
0.7777777777777777,0.2222222222222222,1.0,66.66666666666666,300.0020144397493
0.7777777777777777,0.3333333333333333,0.0,66.66666666666666,300.00728685326567
0.7777777777777777,0.3333333333333333,0.1111111111111111,66.66666666666666,300.09534798247864
0.7777777777777777,0.3333333333333333,0.2222222222222222,66.66666666666666,300.65597927845266
0.7777777777777777,0.3333333333333333,0.3333333333333333,66.66666666666666,302.3728804741109
0.7777777777777777,0.3333333333333333,0.4444444444444444,66.66666666666666,304.51303533198273
0.7777777777777777,0.3333333333333333,0.5555555555555556,66.66666666666666,304.51303533198273
0.7777777777777777,0.3333333333333333,0.6666666666666666,66.66666666666666,302.3728804741109
0.7777777777777777,0.3333333333333333,0.7777777777777777,66.66666666666666,300.65597927845266
0.7777777777777777,0.3333333333333333,0.8888888888888888,66.66666666666666,300.09534798247864
0.7777777777777777,0.3333333333333333,1.0,66.66666666666666,300.00728685326567
0.7777777777777777,0.4444444444444444,0.0,66.66666666666666,300.0138590319258
0.7777777777777777,0.4444444444444444,0.1111111111111111,66.66666666666666,300.1813444960478
0.7777777777777777,0.4444444444444444,0.2222222222222222,66.66666666666666,301.24762190637296
0.7777777777777777,0.4444444444444444,0.3333333333333333,66.66666666666666,304.51303533198273
0.7777777777777777,0.4444444444444444,0.4444444444444444,66.66666666666666,308.58344452236094
0.7777777777777777,0.4444444444444444,0.5555555555555556,66.66666666666666,308.58344452236094
0.7777777777777777,0.4444444444444444,0.6666666666666666,66.66666666666666,304.51303533198273
0.7777777777777777,0.4444444444444444,0.7777777777777777,66.66666666666666,301.24762190637296
0.7777777777777777,0.4444444444444444,0.8888888888888888,66.66666666666666,300.1813444960478
0.7777777777777777,0.4444444444444444,1.0,66.66666666666666,300.0138590319258
0.7777777777777777,0.5555555555555556,0.0,66.66666666666666,300.0138590319258
0.7777777777777777,0.5555555555555556,0.1111111111111111,66.66666666666666,300.1813444960478
0.7777777777777777,0.5555555555555556,0.2222222222222222,66.66666666666666,301.24762190637296
0.7777777777777777,0.5555555555555556,0.3333333333333333,66.66666666666666,304.51303533198273
0.7777777777777777,0.5555555555555556,0.4444444444444444,66.66666666666666,308.58344452236094
0.7777777777777777,0.5555555555555556,0.5555555555555556,66.66666666666666,308.58344452236094
0.7777777777777777,0.5555555555555556,0.6666666666666666,66.66666666666666,304.51303533198273
0.7777777777777777,0.5555555555555556,0.7777777777777777,66.66666666666666,301.24762190637296
0.7777777777777777,0.5555555555555556,0.8888888888888888,66.66666666666666,300.1813444960478
0.7777777777777777,0.5555555555555556,1.0,66.66666666666666,300.0138590319258
0.7777777777777777,0.6666666666666666,0.0,66.66666666666666,300.00728685326567
0.7777777777777777,0.6666666666666666,0.1111111111111111,66.66666666666666,300.09534798247864
0.7777777777777777,0.6666666666666666,0.2222222222222222,66.66666666666666,300.65597927845266
0.7777777777777777,0.6666666666666666,0.3333333333333333,66.66666666666666,302.3728804741109
0.7777777777777777,0.6666666666666666,0.4444444444444444,66.66666666666666,304.51303533198273
0.7777777777777777,0.6666666666666666,0.5555555555555556,66.66666666666666,304.51303533198273
0.7777777777777777,0.6666666666666666,0.6666666666666666,66.66666666666666,302.3728804741109
0.7777777777777777,0.6666666666666666,0.7777777777777777,66.66666666666666,300.65597927845266
0.7777777777777777,0.6666666666666666,0.8888888888888888,66.66666666666666,300.09534798247864
0.7777777777777777,0.6666666666666666,1.0,66.66666666666666,300.00728685326567
0.7777777777777777,0.7777777777777777,0.0,66.66666666666666,300.0020144397493
0.7777777777777777,0.7777777777777777,0.1111111111111111,66.66666666666666,300.02635880796805
0.7777777777777777,0.7777777777777777,0.2222222222222222,66.66666666666666,300.1813444960478
0.7777777777777777,0.7777777777777777,0.3333333333333333,66.66666666666666,300.65597927845266
0.7777777777777777,0.7777777777777777,0.4444444444444444,66.66666666666666,301.24762190637296
0.7777777777777777,0.7777777777777777,0.5555555555555556,66.66666666666666,301.24762190637296
0.7777777777777777,0.7777777777777777,0.6666666666666666,66.66666666666666,300.65597927845266
0.7777777777777777,0.7777777777777777,0.7777777777777777,66.66666666666666,300.1813444960478
0.7777777777777777,0.7777777777777777,0.8888888888888888,66.66666666666666,300.02635880796805
0.7777777777777777,0.7777777777777777,1.0,66.66666666666666,300.0020144397493
0.7777777777777777,0.8888888888888888,0.0,66.66666666666666,300.00029280309946
0.7777777777777777,0.8888888888888888,0.1111111111111111,66.66666666666666,300.0038313087667
0.7777777777777777,0.8888888888888888,0.2222222222222222,66.66666666666666,300.02635880796805
0.7777777777777777,0.8888888888888888,0.3333333333333333,66.66666666666666,300.09534798247864
0.7777777777777777,0.8888888888888888,0.4444444444444444,66.66666666666666,300.1813444960478
0.7777777777777777,0.8888888888888888,0.5555555555555556,66.66666666666666,300.1813444960478
0.7777777777777777,0.8888888888888888,0.6666666666666666,66.66666666666666,300.09534798247864
0.7777777777777777,0.8888888888888888,0.7777777777777777,66.66666666666666,300.02635880796805
0.7777777777777777,0.8888888888888888,0.8888888888888888,66.66666666666666,300.0038313087667
0.7777777777777777,0.8888888888888888,1.0,66.66666666666666,300.00029280309946
0.7777777777777777,1.0,0.0,66.66666666666666,300.00002237711976
0.7777777777777777,1.0,0.1111111111111111,66.66666666666666,300.00029280309946
0.7777777777777777,1.0,0.2222222222222222,66.66666666666666,300.0020144397493
0.7777777777777777,1.0,0.3333333333333333,66.66666666666666,300.00728685326567
0.7777777777777777,1.0,0.4444444444444444,66.66666666666666,300.0138590319258
0.7777777777777777,1.0,0.5555555555555556,66.66666666666666,300.0138590319258
0.7777777777777777,1.0,0.6666666666666666,66.66666666666666,300.00728685326567
0.7777777777777777,1.0,0.7777777777777777,66.66666666666666,300.0020144397493
0.7777777777777777,1.0,0.8888888888888888,66.66666666666666,300.00029280309946
0.7777777777777777,1.0,1.0,66.66666666666666,300.00002237711976
0.8888888888888888,0.0,0.0,66.66666666666666,300.0000032525619
0.8888888888888888,0.0,0.1111111111111111,66.66666666666666,300.00004255955287
0.8888888888888888,0.0,0.2222222222222222,66.66666666666666,300.00029280309946
0.8888888888888888,0.0,0.3333333333333333,66.66666666666666,300.00105915961115
0.8888888888888888,0.0,0.4444444444444444,66.66666666666666,300.0020144397493
0.8888888888888888,0.0,0.5555555555555556,66.66666666666666,300.0020144397493
0.8888888888888888,0.0,0.6666666666666666,66.66666666666666,300.00105915961115
0.8888888888888888,0.0,0.7777777777777777,66.66666666666666,300.00029280309946
0.8888888888888888,0.0,0.8888888888888888,66.66666666666666,300.00004255955287
0.8888888888888888,0.0,1.0,66.66666666666666,300.0000032525619
0.8888888888888888,0.1111111111111111,0.0,66.66666666666666,300.00004255955287
0.8888888888888888,0.1111111111111111,0.1111111111111111,66.66666666666666,300.0005568888731
0.8888888888888888,0.1111111111111111,0.2222222222222222,66.66666666666666,300.0038313087667
0.8888888888888888,0.1111111111111111,0.3333333333333333,66.66666666666666,300.0138590319258
0.8888888888888888,0.1111111111111111,0.4444444444444444,66.66666666666666,300.02635880796805
0.8888888888888888,0.1111111111111111,0.5555555555555556,66.66666666666666,300.02635880796805
0.8888888888888888,0.1111111111111111,0.6666666666666666,66.66666666666666,300.0138590319258
0.8888888888888888,0.1111111111111111,0.7777777777777777,66.66666666666666,300.0038313087667
0.8888888888888888,0.1111111111111111,0.8888888888888888,66.66666666666666,300.0005568888731
0.8888888888888888,0.1111111111111111,1.0,66.66666666666666,300.00004255955287
0.8888888888888888,0.2222222222222222,0.0,66.66666666666666,300.00029280309946
0.8888888888888888,0.2222222222222222,0.1111111111111111,66.66666666666666,300.0038313087667
0.8888888888888888,0.2222222222222222,0.2222222222222222,66.66666666666666,300.02635880796805
0.8888888888888888,0.2222222222222222,0.3333333333333333,66.66666666666666,300.09534798247864
0.8888888888888888,0.2222222222222222,0.4444444444444444,66.66666666666666,300.1813444960478
0.8888888888888888,0.2222222222222222,0.5555555555555556,66.66666666666666,300.1813444960478
0.8888888888888888,0.2222222222222222,0.6666666666666666,66.66666666666666,300.09534798247864
0.8888888888888888,0.2222222222222222,0.7777777777777777,66.66666666666666,300.02635880796805
0.8888888888888888,0.2222222222222222,0.8888888888888888,66.66666666666666,300.0038313087667
0.8888888888888888,0.2222222222222222,1.0,66.66666666666666,300.00029280309946
0.8888888888888888,0.3333333333333333,0.0,66.66666666666666,300.00105915961115
0.8888888888888888,0.3333333333333333,0.1111111111111111,66.66666666666666,300.0138590319258
0.8888888888888888,0.3333333333333333,0.2222222222222222,66.66666666666666,300.09534798247864
0.8888888888888888,0.3333333333333333,0.3333333333333333,66.66666666666666,300.3449032207283
0.8888888888888888,0.3333333333333333,0.4444444444444444,66.66666666666666,300.65597927845266
0.8888888888888888,0.3333333333333333,0.5555555555555556,66.66666666666666,300.65597927845266
0.8888888888888888,0.3333333333333333,0.6666666666666666,66.66666666666666,300.3449032207283
0.8888888888888888,0.3333333333333333,0.7777777777777777,66.66666666666666,300.09534798247864
0.8888888888888888,0.3333333333333333,0.8888888888888888,66.66666666666666,300.0138590319258
0.8888888888888888,0.3333333333333333,1.0,66.66666666666666,300.00105915961115
0.8888888888888888,0.4444444444444444,0.0,66.66666666666666,300.0020144397493
0.8888888888888888,0.4444444444444444,0.1111111111111111,66.66666666666666,300.02635880796805
0.8888888888888888,0.4444444444444444,0.2222222222222222,66.66666666666666,300.1813444960478
0.8888888888888888,0.4444444444444444,0.3333333333333333,66.66666666666666,300.65597927845266
0.8888888888888888,0.4444444444444444,0.4444444444444444,66.66666666666666,301.24762190637296
0.8888888888888888,0.4444444444444444,0.5555555555555556,66.66666666666666,301.24762190637296
0.8888888888888888,0.4444444444444444,0.6666666666666666,66.66666666666666,300.65597927845266
0.8888888888888888,0.4444444444444444,0.7777777777777777,66.66666666666666,300.1813444960478
0.8888888888888888,0.4444444444444444,0.8888888888888888,66.66666666666666,300.02635880796805
0.8888888888888888,0.4444444444444444,1.0,66.66666666666666,300.0020144397493
0.8888888888888888,0.5555555555555556,0.0,66.66666666666666,300.0020144397493
0.8888888888888888,0.5555555555555556,0.1111111111111111,66.66666666666666,300.02635880796805
0.8888888888888888,0.5555555555555556,0.2222222222222222,66.66666666666666,300.1813444960478
0.8888888888888888,0.5555555555555556,0.3333333333333333,66.66666666666666,300.65597927845266
0.8888888888888888,0.5555555555555556,0.4444444444444444,66.66666666666666,301.24762190637296
0.8888888888888888,0.5555555555555556,0.5555555555555556,66.66666666666666,301.24762190637296
0.8888888888888888,0.5555555555555556,0.6666666666666666,66.66666666666666,300.65597927845266
0.8888888888888888,0.5555555555555556,0.7777777777777777,66.66666666666666,300.1813444960478
0.8888888888888888,0.5555555555555556,0.8888888888888888,66.66666666666666,300.02635880796805
0.8888888888888888,0.5555555555555556,1.0,66.66666666666666,300.0020144397493
0.8888888888888888,0.6666666666666666,0.0,66.66666666666666,300.00105915961115
0.8888888888888888,0.6666666666666666,0.1111111111111111,66.66666666666666,300.0138590319258
0.8888888888888888,0.6666666666666666,0.2222222222222222,66.66666666666666,300.09534798247864
0.8888888888888888,0.6666666666666666,0.3333333333333333,66.66666666666666,300.3449032207283
0.8888888888888888,0.6666666666666666,0.4444444444444444,66.66666666666666,300.65597927845266
0.8888888888888888,0.6666666666666666,0.5555555555555556,66.66666666666666,300.65597927845266
0.8888888888888888,0.6666666666666666,0.6666666666666666,66.66666666666666,300.3449032207283
0.8888888888888888,0.6666666666666666,0.7777777777777777,66.66666666666666,300.09534798247864
0.8888888888888888,0.6666666666666666,0.8888888888888888,66.66666666666666,300.0138590319258
0.8888888888888888,0.6666666666666666,1.0,66.66666666666666,300.00105915961115
0.8888888888888888,0.7777777777777777,0.0,66.66666666666666,300.00029280309946
0.8888888888888888,0.7777777777777777,0.1111111111111111,66.66666666666666,300.0038313087667
0.8888888888888888,0.7777777777777777,0.2222222222222222,66.66666666666666,300.02635880796805
0.8888888888888888,0.7777777777777777,0.3333333333333333,66.66666666666666,300.09534798247864
0.8888888888888888,0.7777777777777777,0.4444444444444444,66.66666666666666,300.1813444960478
0.8888888888888888,0.7777777777777777,0.5555555555555556,66.66666666666666,300.1813444960478
0.8888888888888888,0.7777777777777777,0.6666666666666666,66.66666666666666,300.09534798247864
0.8888888888888888,0.7777777777777777,0.7777777777777777,66.66666666666666,300.02635880796805
0.8888888888888888,0.7777777777777777,0.8888888888888888,66.66666666666666,300.0038313087667
0.8888888888888888,0.7777777777777777,1.0,66.66666666666666,300.00029280309946
0.8888888888888888,0.8888888888888888,0.0,66.66666666666666,300.00004255955287
0.8888888888888888,0.8888888888888888,0.1111111111111111,66.66666666666666,300.0005568888731
0.8888888888888888,0.8888888888888888,0.2222222222222222,66.66666666666666,300.0038313087667
0.8888888888888888,0.8888888888888888,0.3333333333333333,66.66666666666666,300.0138590319258
0.8888888888888888,0.8888888888888888,0.4444444444444444,66.66666666666666,300.02635880796805
0.8888888888888888,0.8888888888888888,0.5555555555555556,66.66666666666666,300.02635880796805
0.8888888888888888,0.8888888888888888,0.6666666666666666,66.66666666666666,300.0138590319258
0.8888888888888888,0.8888888888888888,0.7777777777777777,66.66666666666666,300.0038313087667
0.8888888888888888,0.8888888888888888,0.8888888888888888,66.66666666666666,300.0005568888731
0.8888888888888888,0.8888888888888888,1.0,66.66666666666666,300.00004255955287
0.8888888888888888,1.0,0.0,66.66666666666666,300.0000032525619
0.8888888888888888,1.0,0.1111111111111111,66.66666666666666,300.00004255955287
0.8888888888888888,1.0,0.2222222222222222,66.66666666666666,300.00029280309946
0.8888888888888888,1.0,0.3333333333333333,66.66666666666666,300.00105915961115
0.8888888888888888,1.0,0.4444444444444444,66.66666666666666,300.0020144397493
0.8888888888888888,1.0,0.5555555555555556,66.66666666666666,300.0020144397493
0.8888888888888888,1.0,0.6666666666666666,66.66666666666666,300.00105915961115
0.8888888888888888,1.0,0.7777777777777777,66.66666666666666,300.00029280309946
0.8888888888888888,1.0,0.8888888888888888,66.66666666666666,300.00004255955287
0.8888888888888888,1.0,1.0,66.66666666666666,300.0000032525619
1.0,0.0,0.0,66.66666666666666,300.0000002485731
1.0,0.0,0.1111111111111111,66.66666666666666,300.0000032525619
1.0,0.0,0.2222222222222222,66.66666666666666,300.00002237711976
1.0,0.0,0.3333333333333333,66.66666666666666,300.00008094498145
1.0,0.0,0.4444444444444444,66.66666666666666,300.00015395110086
1.0,0.0,0.5555555555555556,66.66666666666666,300.00015395110086
1.0,0.0,0.6666666666666666,66.66666666666666,300.00008094498145
1.0,0.0,0.7777777777777777,66.66666666666666,300.00002237711976
1.0,0.0,0.8888888888888888,66.66666666666666,300.0000032525619
1.0,0.0,1.0,66.66666666666666,300.0000002485731
1.0,0.1111111111111111,0.0,66.66666666666666,300.0000032525619
1.0,0.1111111111111111,0.1111111111111111,66.66666666666666,300.00004255955287
1.0,0.1111111111111111,0.2222222222222222,66.66666666666666,300.00029280309946
1.0,0.1111111111111111,0.3333333333333333,66.66666666666666,300.00105915961115
1.0,0.1111111111111111,0.4444444444444444,66.66666666666666,300.0020144397493
1.0,0.1111111111111111,0.5555555555555556,66.66666666666666,300.0020144397493
1.0,0.1111111111111111,0.6666666666666666,66.66666666666666,300.00105915961115
1.0,0.1111111111111111,0.7777777777777777,66.66666666666666,300.00029280309946
1.0,0.1111111111111111,0.8888888888888888,66.66666666666666,300.00004255955287
1.0,0.1111111111111111,1.0,66.66666666666666,300.0000032525619
1.0,0.2222222222222222,0.0,66.66666666666666,300.00002237711976
1.0,0.2222222222222222,0.1111111111111111,66.66666666666666,300.00029280309946
1.0,0.2222222222222222,0.2222222222222222,66.66666666666666,300.0020144397493
1.0,0.2222222222222222,0.3333333333333333,66.66666666666666,300.00728685326567
1.0,0.2222222222222222,0.4444444444444444,66.66666666666666,300.0138590319258
1.0,0.2222222222222222,0.5555555555555556,66.66666666666666,300.0138590319258
1.0,0.2222222222222222,0.6666666666666666,66.66666666666666,300.00728685326567
1.0,0.2222222222222222,0.7777777777777777,66.66666666666666,300.0020144397493
1.0,0.2222222222222222,0.8888888888888888,66.66666666666666,300.00029280309946
1.0,0.2222222222222222,1.0,66.66666666666666,300.00002237711976
1.0,0.3333333333333333,0.0,66.66666666666666,300.00008094498145
1.0,0.3333333333333333,0.1111111111111111,66.66666666666666,300.00105915961115
1.0,0.3333333333333333,0.2222222222222222,66.66666666666666,300.00728685326567
1.0,0.3333333333333333,0.3333333333333333,66.66666666666666,300.02635880796805
1.0,0.3333333333333333,0.4444444444444444,66.66666666666666,300.0501324162623
1.0,0.3333333333333333,0.5555555555555556,66.66666666666666,300.0501324162623
1.0,0.3333333333333333,0.6666666666666666,66.66666666666666,300.02635880796805
1.0,0.3333333333333333,0.7777777777777777,66.66666666666666,300.00728685326567
1.0,0.3333333333333333,0.8888888888888888,66.66666666666666,300.00105915961115
1.0,0.3333333333333333,1.0,66.66666666666666,300.00008094498145
1.0,0.4444444444444444,0.0,66.66666666666666,300.00015395110086
1.0,0.4444444444444444,0.1111111111111111,66.66666666666666,300.0020144397493
1.0,0.4444444444444444,0.2222222222222222,66.66666666666666,300.0138590319258
1.0,0.4444444444444444,0.3333333333333333,66.66666666666666,300.0501324162623
1.0,0.4444444444444444,0.4444444444444444,66.66666666666666,300.09534798247864
1.0,0.4444444444444444,0.5555555555555556,66.66666666666666,300.09534798247864
1.0,0.4444444444444444,0.6666666666666666,66.66666666666666,300.0501324162623
1.0,0.4444444444444444,0.7777777777777777,66.66666666666666,300.0138590319258
1.0,0.4444444444444444,0.8888888888888888,66.66666666666666,300.0020144397493
1.0,0.4444444444444444,1.0,66.66666666666666,300.00015395110086
1.0,0.5555555555555556,0.0,66.66666666666666,300.00015395110086
1.0,0.5555555555555556,0.1111111111111111,66.66666666666666,300.0020144397493
1.0,0.5555555555555556,0.2222222222222222,66.66666666666666,300.0138590319258
1.0,0.5555555555555556,0.3333333333333333,66.66666666666666,300.0501324162623
1.0,0.5555555555555556,0.4444444444444444,66.66666666666666,300.09534798247864
1.0,0.5555555555555556,0.5555555555555556,66.66666666666666,300.09534798247864
1.0,0.5555555555555556,0.6666666666666666,66.66666666666666,300.0501324162623
1.0,0.5555555555555556,0.7777777777777777,66.66666666666666,300.0138590319258
1.0,0.5555555555555556,0.8888888888888888,66.66666666666666,300.0020144397493
1.0,0.5555555555555556,1.0,66.66666666666666,300.00015395110086
1.0,0.6666666666666666,0.0,66.66666666666666,300.00008094498145
1.0,0.6666666666666666,0.1111111111111111,66.66666666666666,300.00105915961115
1.0,0.6666666666666666,0.2222222222222222,66.66666666666666,300.00728685326567
1.0,0.6666666666666666,0.3333333333333333,66.66666666666666,300.02635880796805
1.0,0.6666666666666666,0.4444444444444444,66.66666666666666,300.0501324162623
1.0,0.6666666666666666,0.5555555555555556,66.66666666666666,300.0501324162623
1.0,0.6666666666666666,0.6666666666666666,66.66666666666666,300.02635880796805
1.0,0.6666666666666666,0.7777777777777777,66.66666666666666,300.00728685326567
1.0,0.6666666666666666,0.8888888888888888,66.66666666666666,300.00105915961115
1.0,0.6666666666666666,1.0,66.66666666666666,300.00008094498145
1.0,0.7777777777777777,0.0,66.66666666666666,300.00002237711976
1.0,0.7777777777777777,0.1111111111111111,66.66666666666666,300.00029280309946
1.0,0.7777777777777777,0.2222222222222222,66.66666666666666,300.0020144397493
1.0,0.7777777777777777,0.3333333333333333,66.66666666666666,300.00728685326567
1.0,0.7777777777777777,0.4444444444444444,66.66666666666666,300.0138590319258
1.0,0.7777777777777777,0.5555555555555556,66.66666666666666,300.0138590319258
1.0,0.7777777777777777,0.6666666666666666,66.66666666666666,300.00728685326567
1.0,0.7777777777777777,0.7777777777777777,66.66666666666666,300.0020144397493
1.0,0.7777777777777777,0.8888888888888888,66.66666666666666,300.00029280309946
1.0,0.7777777777777777,1.0,66.66666666666666,300.00002237711976
1.0,0.8888888888888888,0.0,66.66666666666666,300.0000032525619
1.0,0.8888888888888888,0.1111111111111111,66.66666666666666,300.00004255955287
1.0,0.8888888888888888,0.2222222222222222,66.66666666666666,300.00029280309946
1.0,0.8888888888888888,0.3333333333333333,66.66666666666666,300.00105915961115
1.0,0.8888888888888888,0.4444444444444444,66.66666666666666,300.0020144397493
1.0,0.8888888888888888,0.5555555555555556,66.66666666666666,300.0020144397493
1.0,0.8888888888888888,0.6666666666666666,66.66666666666666,300.00105915961115
1.0,0.8888888888888888,0.7777777777777777,66.66666666666666,300.00029280309946
1.0,0.8888888888888888,0.8888888888888888,66.66666666666666,300.00004255955287
1.0,0.8888888888888888,1.0,66.66666666666666,300.0000032525619
1.0,1.0,0.0,66.66666666666666,300.0000002485731
1.0,1.0,0.1111111111111111,66.66666666666666,300.0000032525619
1.0,1.0,0.2222222222222222,66.66666666666666,300.00002237711976
1.0,1.0,0.3333333333333333,66.66666666666666,300.00008094498145
1.0,1.0,0.4444444444444444,66.66666666666666,300.00015395110086
1.0,1.0,0.5555555555555556,66.66666666666666,300.00015395110086
1.0,1.0,0.6666666666666666,66.66666666666666,300.00008094498145
1.0,1.0,0.7777777777777777,66.66666666666666,300.00002237711976
1.0,1.0,0.8888888888888888,66.66666666666666,300.0000032525619
1.0,1.0,1.0,66.66666666666666,300.0000002485731
0.0,0.0,0.0,77.77777777777777,300.000000939077
0.0,0.0,0.1111111111111111,77.77777777777777,300.0000101593032
0.0,0.0,0.2222222222222222,77.77777777777777,300.0000606018616
0.0,0.0,0.3333333333333333,77.77777777777777,300.0001993275497
0.0,0.0,0.4444444444444444,77.77777777777777,300.0003614997567
0.0,0.0,0.5555555555555556,77.77777777777777,300.0003614997567
0.0,0.0,0.6666666666666666,77.77777777777777,300.0001993275497
0.0,0.0,0.7777777777777777,77.77777777777777,300.0000606018616
0.0,0.0,0.8888888888888888,77.77777777777777,300.0000101593032
0.0,0.0,1.0,77.77777777777777,300.000000939077
0.0,0.1111111111111111,0.0,77.77777777777777,300.0000101593032
0.0,0.1111111111111111,0.1111111111111111,77.77777777777777,300.00010990732727
0.0,0.1111111111111111,0.2222222222222222,77.77777777777777,300.00065561471206
0.0,0.1111111111111111,0.3333333333333333,77.77777777777777,300.00215640362467
0.0,0.1111111111111111,0.4444444444444444,77.77777777777777,300.00391084617695
0.0,0.1111111111111111,0.5555555555555556,77.77777777777777,300.00391084617695
0.0,0.1111111111111111,0.6666666666666666,77.77777777777777,300.00215640362467
0.0,0.1111111111111111,0.7777777777777777,77.77777777777777,300.00065561471206
0.0,0.1111111111111111,0.8888888888888888,77.77777777777777,300.00010990732727
0.0,0.1111111111111111,1.0,77.77777777777777,300.0000101593032
0.0,0.2222222222222222,0.0,77.77777777777777,300.0000606018616
0.0,0.2222222222222222,0.1111111111111111,77.77777777777777,300.00065561471206
0.0,0.2222222222222222,0.2222222222222222,77.77777777777777,300.00391084617695
0.0,0.2222222222222222,0.3333333333333333,77.77777777777777,300.0128632910713
0.0,0.2222222222222222,0.4444444444444444,77.77777777777777,300.0233288203255
0.0,0.2222222222222222,0.5555555555555556,77.77777777777777,300.0233288203255
0.0,0.2222222222222222,0.6666666666666666,77.77777777777777,300.0128632910713
0.0,0.2222222222222222,0.7777777777777777,77.77777777777777,300.00391084617695
0.0,0.2222222222222222,0.8888888888888888,77.77777777777777,300.00065561471206
0.0,0.2222222222222222,1.0,77.77777777777777,300.0000606018616
0.0,0.3333333333333333,0.0,77.77777777777777,300.0001993275497
0.0,0.3333333333333333,0.1111111111111111,77.77777777777777,300.00215640362467
0.0,0.3333333333333333,0.2222222222222222,77.77777777777777,300.0128632910713
0.0,0.3333333333333333,0.3333333333333333,77.77777777777777,300.0423090680886
0.0,0.3333333333333333,0.4444444444444444,77.77777777777777,300.0767315799749
0.0,0.3333333333333333,0.5555555555555556,77.77777777777777,300.0767315799749
0.0,0.3333333333333333,0.6666666666666666,77.77777777777777,300.0423090680886
0.0,0.3333333333333333,0.7777777777777777,77.77777777777777,300.0128632910713
0.0,0.3333333333333333,0.8888888888888888,77.77777777777777,300.00215640362467
0.0,0.3333333333333333,1.0,77.77777777777777,300.0001993275497
0.0,0.4444444444444444,0.0,77.77777777777777,300.0003614997567
0.0,0.4444444444444444,0.1111111111111111,77.77777777777777,300.00391084617695
0.0,0.4444444444444444,0.2222222222222222,77.77777777777777,300.0233288203255
0.0,0.4444444444444444,0.3333333333333333,77.77777777777777,300.0767315799749
0.0,0.4444444444444444,0.4444444444444444,77.77777777777777,300.13916012881936
0.0,0.4444444444444444,0.5555555555555556,77.77777777777777,300.13916012881936
0.0,0.4444444444444444,0.6666666666666666,77.77777777777777,300.0767315799749
0.0,0.4444444444444444,0.7777777777777777,77.77777777777777,300.0233288203255
0.0,0.4444444444444444,0.8888888888888888,77.77777777777777,300.00391084617695
0.0,0.4444444444444444,1.0,77.77777777777777,300.0003614997567
0.0,0.5555555555555556,0.0,77.77777777777777,300.0003614997567
0.0,0.5555555555555556,0.1111111111111111,77.77777777777777,300.00391084617695
0.0,0.5555555555555556,0.2222222222222222,77.77777777777777,300.0233288203255
0.0,0.5555555555555556,0.3333333333333333,77.77777777777777,300.0767315799749
0.0,0.5555555555555556,0.4444444444444444,77.77777777777777,300.13916012881936
0.0,0.5555555555555556,0.5555555555555556,77.77777777777777,300.13916012881936
0.0,0.5555555555555556,0.6666666666666666,77.77777777777777,300.0767315799749
0.0,0.5555555555555556,0.7777777777777777,77.77777777777777,300.0233288203255
0.0,0.5555555555555556,0.8888888888888888,77.77777777777777,300.00391084617695
0.0,0.5555555555555556,1.0,77.77777777777777,300.0003614997567
0.0,0.6666666666666666,0.0,77.77777777777777,300.0001993275497
0.0,0.6666666666666666,0.1111111111111111,77.77777777777777,300.00215640362467
0.0,0.6666666666666666,0.2222222222222222,77.77777777777777,300.0128632910713
0.0,0.6666666666666666,0.3333333333333333,77.77777777777777,300.0423090680886
0.0,0.6666666666666666,0.4444444444444444,77.77777777777777,300.0767315799749
0.0,0.6666666666666666,0.5555555555555556,77.77777777777777,300.0767315799749
0.0,0.6666666666666666,0.6666666666666666,77.77777777777777,300.0423090680886
0.0,0.6666666666666666,0.7777777777777777,77.77777777777777,300.0128632910713
0.0,0.6666666666666666,0.8888888888888888,77.77777777777777,300.00215640362467
0.0,0.6666666666666666,1.0,77.77777777777777,300.0001993275497
0.0,0.7777777777777777,0.0,77.77777777777777,300.0000606018616
0.0,0.7777777777777777,0.1111111111111111,77.77777777777777,300.00065561471206
0.0,0.7777777777777777,0.2222222222222222,77.77777777777777,300.00391084617695
0.0,0.7777777777777777,0.3333333333333333,77.77777777777777,300.0128632910713
0.0,0.7777777777777777,0.4444444444444444,77.77777777777777,300.0233288203255
0.0,0.7777777777777777,0.5555555555555556,77.77777777777777,300.0233288203255
0.0,0.7777777777777777,0.6666666666666666,77.77777777777777,300.0128632910713
0.0,0.7777777777777777,0.7777777777777777,77.77777777777777,300.00391084617695
0.0,0.7777777777777777,0.8888888888888888,77.77777777777777,300.00065561471206
0.0,0.7777777777777777,1.0,77.77777777777777,300.0000606018616
0.0,0.8888888888888888,0.0,77.77777777777777,300.0000101593032
0.0,0.8888888888888888,0.1111111111111111,77.77777777777777,300.00010990732727
0.0,0.8888888888888888,0.2222222222222222,77.77777777777777,300.00065561471206
0.0,0.8888888888888888,0.3333333333333333,77.77777777777777,300.00215640362467
0.0,0.8888888888888888,0.4444444444444444,77.77777777777777,300.00391084617695
0.0,0.8888888888888888,0.5555555555555556,77.77777777777777,300.00391084617695
0.0,0.8888888888888888,0.6666666666666666,77.77777777777777,300.00215640362467
0.0,0.8888888888888888,0.7777777777777777,77.77777777777777,300.00065561471206
0.0,0.8888888888888888,0.8888888888888888,77.77777777777777,300.00010990732727
0.0,0.8888888888888888,1.0,77.77777777777777,300.0000101593032
0.0,1.0,0.0,77.77777777777777,300.000000939077
0.0,1.0,0.1111111111111111,77.77777777777777,300.0000101593032
0.0,1.0,0.2222222222222222,77.77777777777777,300.0000606018616
0.0,1.0,0.3333333333333333,77.77777777777777,300.0001993275497
0.0,1.0,0.4444444444444444,77.77777777777777,300.0003614997567
0.0,1.0,0.5555555555555556,77.77777777777777,300.0003614997567
0.0,1.0,0.6666666666666666,77.77777777777777,300.0001993275497
0.0,1.0,0.7777777777777777,77.77777777777777,300.0000606018616
0.0,1.0,0.8888888888888888,77.77777777777777,300.0000101593032
0.0,1.0,1.0,77.77777777777777,300.000000939077
0.1111111111111111,0.0,0.0,77.77777777777777,300.0000101593032
0.1111111111111111,0.0,0.1111111111111111,77.77777777777777,300.00010990732727
0.1111111111111111,0.0,0.2222222222222222,77.77777777777777,300.00065561471206
0.1111111111111111,0.0,0.3333333333333333,77.77777777777777,300.00215640362467
0.1111111111111111,0.0,0.4444444444444444,77.77777777777777,300.00391084617695
0.1111111111111111,0.0,0.5555555555555556,77.77777777777777,300.00391084617695
0.1111111111111111,0.0,0.6666666666666666,77.77777777777777,300.00215640362467
0.1111111111111111,0.0,0.7777777777777777,77.77777777777777,300.00065561471206
0.1111111111111111,0.0,0.8888888888888888,77.77777777777777,300.00010990732727
0.1111111111111111,0.0,1.0,77.77777777777777,300.0000101593032
0.1111111111111111,0.1111111111111111,0.0,77.77777777777777,300.00010990732727
0.1111111111111111,0.1111111111111111,0.1111111111111111,77.77777777777777,300.00118902058074
0.1111111111111111,0.1111111111111111,0.2222222222222222,77.77777777777777,300.0070926971393
0.1111111111111111,0.1111111111111111,0.3333333333333333,77.77777777777777,300.0233288203255
0.1111111111111111,0.1111111111111111,0.4444444444444444,77.77777777777777,300.0423090680886
0.1111111111111111,0.1111111111111111,0.5555555555555556,77.77777777777777,300.0423090680886
0.1111111111111111,0.1111111111111111,0.6666666666666666,77.77777777777777,300.0233288203255
0.1111111111111111,0.1111111111111111,0.7777777777777777,77.77777777777777,300.0070926971393
0.1111111111111111,0.1111111111111111,0.8888888888888888,77.77777777777777,300.00118902058074
0.1111111111111111,0.1111111111111111,1.0,77.77777777777777,300.00010990732727
0.1111111111111111,0.2222222222222222,0.0,77.77777777777777,300.00065561471206
0.1111111111111111,0.2222222222222222,0.1111111111111111,77.77777777777777,300.0070926971393
0.1111111111111111,0.2222222222222222,0.2222222222222222,77.77777777777777,300.0423090680886
0.1111111111111111,0.2222222222222222,0.3333333333333333,77.77777777777777,300.13916012881936
0.1111111111111111,0.2222222222222222,0.4444444444444444,77.77777777777777,300.25238032970736
0.1111111111111111,0.2222222222222222,0.5555555555555556,77.77777777777777,300.25238032970736
0.1111111111111111,0.2222222222222222,0.6666666666666666,77.77777777777777,300.13916012881936
0.1111111111111111,0.2222222222222222,0.7777777777777777,77.77777777777777,300.0423090680886
0.1111111111111111,0.2222222222222222,0.8888888888888888,77.77777777777777,300.0070926971393
0.1111111111111111,0.2222222222222222,1.0,77.77777777777777,300.00065561471206
0.1111111111111111,0.3333333333333333,0.0,77.77777777777777,300.00215640362467
0.1111111111111111,0.3333333333333333,0.1111111111111111,77.77777777777777,300.0233288203255
0.1111111111111111,0.3333333333333333,0.2222222222222222,77.77777777777777,300.13916012881936
0.1111111111111111,0.3333333333333333,0.3333333333333333,77.77777777777777,300.45771609557704
0.1111111111111111,0.3333333333333333,0.4444444444444444,77.77777777777777,300.8301123324199
0.1111111111111111,0.3333333333333333,0.5555555555555556,77.77777777777777,300.8301123324199
0.1111111111111111,0.3333333333333333,0.6666666666666666,77.77777777777777,300.45771609557704
0.1111111111111111,0.3333333333333333,0.7777777777777777,77.77777777777777,300.13916012881936
0.1111111111111111,0.3333333333333333,0.8888888888888888,77.77777777777777,300.0233288203255
0.1111111111111111,0.3333333333333333,1.0,77.77777777777777,300.00215640362467
0.1111111111111111,0.4444444444444444,0.0,77.77777777777777,300.00391084617695
0.1111111111111111,0.4444444444444444,0.1111111111111111,77.77777777777777,300.0423090680886
0.1111111111111111,0.4444444444444444,0.2222222222222222,77.77777777777777,300.25238032970736
0.1111111111111111,0.4444444444444444,0.3333333333333333,77.77777777777777,300.8301123324199
0.1111111111111111,0.4444444444444444,0.4444444444444444,77.77777777777777,301.50548886328085
0.1111111111111111,0.4444444444444444,0.5555555555555556,77.77777777777777,301.50548886328085
0.1111111111111111,0.4444444444444444,0.6666666666666666,77.77777777777777,300.8301123324199
0.1111111111111111,0.4444444444444444,0.7777777777777777,77.77777777777777,300.25238032970736
0.1111111111111111,0.4444444444444444,0.8888888888888888,77.77777777777777,300.0423090680886
0.1111111111111111,0.4444444444444444,1.0,77.77777777777777,300.00391084617695
0.1111111111111111,0.5555555555555556,0.0,77.77777777777777,300.00391084617695
0.1111111111111111,0.5555555555555556,0.1111111111111111,77.77777777777777,300.0423090680886
0.1111111111111111,0.5555555555555556,0.2222222222222222,77.77777777777777,300.25238032970736
0.1111111111111111,0.5555555555555556,0.3333333333333333,77.77777777777777,300.8301123324199
0.1111111111111111,0.5555555555555556,0.4444444444444444,77.77777777777777,301.50548886328085
0.1111111111111111,0.5555555555555556,0.5555555555555556,77.77777777777777,301.50548886328085
0.1111111111111111,0.5555555555555556,0.6666666666666666,77.77777777777777,300.8301123324199
0.1111111111111111,0.5555555555555556,0.7777777777777777,77.77777777777777,300.25238032970736
0.1111111111111111,0.5555555555555556,0.8888888888888888,77.77777777777777,300.0423090680886
0.1111111111111111,0.5555555555555556,1.0,77.77777777777777,300.00391084617695
0.1111111111111111,0.6666666666666666,0.0,77.77777777777777,300.00215640362467
0.1111111111111111,0.6666666666666666,0.1111111111111111,77.77777777777777,300.0233288203255
0.1111111111111111,0.6666666666666666,0.2222222222222222,77.77777777777777,300.13916012881936
0.1111111111111111,0.6666666666666666,0.3333333333333333,77.77777777777777,300.45771609557704
0.1111111111111111,0.6666666666666666,0.4444444444444444,77.77777777777777,300.8301123324199
0.1111111111111111,0.6666666666666666,0.5555555555555556,77.77777777777777,300.8301123324199
0.1111111111111111,0.6666666666666666,0.6666666666666666,77.77777777777777,300.45771609557704
0.1111111111111111,0.6666666666666666,0.7777777777777777,77.77777777777777,300.13916012881936
0.1111111111111111,0.6666666666666666,0.8888888888888888,77.77777777777777,300.0233288203255
0.1111111111111111,0.6666666666666666,1.0,77.77777777777777,300.00215640362467
0.1111111111111111,0.7777777777777777,0.0,77.77777777777777,300.00065561471206
0.1111111111111111,0.7777777777777777,0.1111111111111111,77.77777777777777,300.0070926971393
0.1111111111111111,0.7777777777777777,0.2222222222222222,77.77777777777777,300.0423090680886
0.1111111111111111,0.7777777777777777,0.3333333333333333,77.77777777777777,300.13916012881936
0.1111111111111111,0.7777777777777777,0.4444444444444444,77.77777777777777,300.25238032970736
0.1111111111111111,0.7777777777777777,0.5555555555555556,77.77777777777777,300.25238032970736
0.1111111111111111,0.7777777777777777,0.6666666666666666,77.77777777777777,300.13916012881936
0.1111111111111111,0.7777777777777777,0.7777777777777777,77.77777777777777,300.0423090680886
0.1111111111111111,0.7777777777777777,0.8888888888888888,77.77777777777777,300.0070926971393
0.1111111111111111,0.7777777777777777,1.0,77.77777777777777,300.00065561471206
0.1111111111111111,0.8888888888888888,0.0,77.77777777777777,300.00010990732727
0.1111111111111111,0.8888888888888888,0.1111111111111111,77.77777777777777,300.00118902058074
0.1111111111111111,0.8888888888888888,0.2222222222222222,77.77777777777777,300.0070926971393
0.1111111111111111,0.8888888888888888,0.3333333333333333,77.77777777777777,300.0233288203255
0.1111111111111111,0.8888888888888888,0.4444444444444444,77.77777777777777,300.0423090680886
0.1111111111111111,0.8888888888888888,0.5555555555555556,77.77777777777777,300.0423090680886
0.1111111111111111,0.8888888888888888,0.6666666666666666,77.77777777777777,300.0233288203255
0.1111111111111111,0.8888888888888888,0.7777777777777777,77.77777777777777,300.0070926971393
0.1111111111111111,0.8888888888888888,0.8888888888888888,77.77777777777777,300.00118902058074
0.1111111111111111,0.8888888888888888,1.0,77.77777777777777,300.00010990732727
0.1111111111111111,1.0,0.0,77.77777777777777,300.0000101593032
0.1111111111111111,1.0,0.1111111111111111,77.77777777777777,300.00010990732727
0.1111111111111111,1.0,0.2222222222222222,77.77777777777777,300.00065561471206
0.1111111111111111,1.0,0.3333333333333333,77.77777777777777,300.00215640362467
0.1111111111111111,1.0,0.4444444444444444,77.77777777777777,300.00391084617695
0.1111111111111111,1.0,0.5555555555555556,77.77777777777777,300.00391084617695
0.1111111111111111,1.0,0.6666666666666666,77.77777777777777,300.00215640362467
0.1111111111111111,1.0,0.7777777777777777,77.77777777777777,300.00065561471206
0.1111111111111111,1.0,0.8888888888888888,77.77777777777777,300.00010990732727
0.1111111111111111,1.0,1.0,77.77777777777777,300.0000101593032
0.2222222222222222,0.0,0.0,77.77777777777777,300.0000606018616
0.2222222222222222,0.0,0.1111111111111111,77.77777777777777,300.00065561471206
0.2222222222222222,0.0,0.2222222222222222,77.77777777777777,300.00391084617695
0.2222222222222222,0.0,0.3333333333333333,77.77777777777777,300.0128632910713
0.2222222222222222,0.0,0.4444444444444444,77.77777777777777,300.0233288203255
0.2222222222222222,0.0,0.5555555555555556,77.77777777777777,300.0233288203255
0.2222222222222222,0.0,0.6666666666666666,77.77777777777777,300.0128632910713
0.2222222222222222,0.0,0.7777777777777777,77.77777777777777,300.00391084617695
0.2222222222222222,0.0,0.8888888888888888,77.77777777777777,300.00065561471206
0.2222222222222222,0.0,1.0,77.77777777777777,300.0000606018616
0.2222222222222222,0.1111111111111111,0.0,77.77777777777777,300.00065561471206
0.2222222222222222,0.1111111111111111,0.1111111111111111,77.77777777777777,300.0070926971393
0.2222222222222222,0.1111111111111111,0.2222222222222222,77.77777777777777,300.0423090680886
0.2222222222222222,0.1111111111111111,0.3333333333333333,77.77777777777777,300.13916012881936
0.2222222222222222,0.1111111111111111,0.4444444444444444,77.77777777777777,300.25238032970736
0.2222222222222222,0.1111111111111111,0.5555555555555556,77.77777777777777,300.25238032970736
0.2222222222222222,0.1111111111111111,0.6666666666666666,77.77777777777777,300.13916012881936
0.2222222222222222,0.1111111111111111,0.7777777777777777,77.77777777777777,300.0423090680886
0.2222222222222222,0.1111111111111111,0.8888888888888888,77.77777777777777,300.0070926971393
0.2222222222222222,0.1111111111111111,1.0,77.77777777777777,300.00065561471206
0.2222222222222222,0.2222222222222222,0.0,77.77777777777777,300.00391084617695
0.2222222222222222,0.2222222222222222,0.1111111111111111,77.77777777777777,300.0423090680886
0.2222222222222222,0.2222222222222222,0.2222222222222222,77.77777777777777,300.25238032970736
0.2222222222222222,0.2222222222222222,0.3333333333333333,77.77777777777777,300.8301123324199
0.2222222222222222,0.2222222222222222,0.4444444444444444,77.77777777777777,301.50548886328085
0.2222222222222222,0.2222222222222222,0.5555555555555556,77.77777777777777,301.50548886328085
0.2222222222222222,0.2222222222222222,0.6666666666666666,77.77777777777777,300.8301123324199
0.2222222222222222,0.2222222222222222,0.7777777777777777,77.77777777777777,300.25238032970736
0.2222222222222222,0.2222222222222222,0.8888888888888888,77.77777777777777,300.0423090680886
0.2222222222222222,0.2222222222222222,1.0,77.77777777777777,300.00391084617695
0.2222222222222222,0.3333333333333333,0.0,77.77777777777777,300.0128632910713
0.2222222222222222,0.3333333333333333,0.1111111111111111,77.77777777777777,300.13916012881936
0.2222222222222222,0.3333333333333333,0.2222222222222222,77.77777777777777,300.8301123324199
0.2222222222222222,0.3333333333333333,0.3333333333333333,77.77777777777777,302.7303494104894
0.2222222222222222,0.3333333333333333,0.4444444444444444,77.77777777777777,304.9517522747487
0.2222222222222222,0.3333333333333333,0.5555555555555556,77.77777777777777,304.9517522747487
0.2222222222222222,0.3333333333333333,0.6666666666666666,77.77777777777777,302.7303494104894
0.2222222222222222,0.3333333333333333,0.7777777777777777,77.77777777777777,300.8301123324199
0.2222222222222222,0.3333333333333333,0.8888888888888888,77.77777777777777,300.13916012881936
0.2222222222222222,0.3333333333333333,1.0,77.77777777777777,300.0128632910713
0.2222222222222222,0.4444444444444444,0.0,77.77777777777777,300.0233288203255
0.2222222222222222,0.4444444444444444,0.1111111111111111,77.77777777777777,300.25238032970736
0.2222222222222222,0.4444444444444444,0.2222222222222222,77.77777777777777,301.50548886328085
0.2222222222222222,0.4444444444444444,0.3333333333333333,77.77777777777777,304.9517522747487
0.2222222222222222,0.4444444444444444,0.4444444444444444,77.77777777777777,308.9804808484508
0.2222222222222222,0.4444444444444444,0.5555555555555556,77.77777777777777,308.9804808484508
0.2222222222222222,0.4444444444444444,0.6666666666666666,77.77777777777777,304.9517522747487
0.2222222222222222,0.4444444444444444,0.7777777777777777,77.77777777777777,301.50548886328085
0.2222222222222222,0.4444444444444444,0.8888888888888888,77.77777777777777,300.25238032970736
0.2222222222222222,0.4444444444444444,1.0,77.77777777777777,300.0233288203255
0.2222222222222222,0.5555555555555556,0.0,77.77777777777777,300.0233288203255
0.2222222222222222,0.5555555555555556,0.1111111111111111,77.77777777777777,300.25238032970736
0.2222222222222222,0.5555555555555556,0.2222222222222222,77.77777777777777,301.50548886328085
0.2222222222222222,0.5555555555555556,0.3333333333333333,77.77777777777777,304.9517522747487
0.2222222222222222,0.5555555555555556,0.4444444444444444,77.77777777777777,308.9804808484508
0.2222222222222222,0.5555555555555556,0.5555555555555556,77.77777777777777,308.9804808484508
0.2222222222222222,0.5555555555555556,0.6666666666666666,77.77777777777777,304.9517522747487
0.2222222222222222,0.5555555555555556,0.7777777777777777,77.77777777777777,301.50548886328085
0.2222222222222222,0.5555555555555556,0.8888888888888888,77.77777777777777,300.25238032970736
0.2222222222222222,0.5555555555555556,1.0,77.77777777777777,300.0233288203255
0.2222222222222222,0.6666666666666666,0.0,77.77777777777777,300.0128632910713
0.2222222222222222,0.6666666666666666,0.1111111111111111,77.77777777777777,300.13916012881936
0.2222222222222222,0.6666666666666666,0.2222222222222222,77.77777777777777,300.8301123324199
0.2222222222222222,0.6666666666666666,0.3333333333333333,77.77777777777777,302.7303494104894
0.2222222222222222,0.6666666666666666,0.4444444444444444,77.77777777777777,304.9517522747487
0.2222222222222222,0.6666666666666666,0.5555555555555556,77.77777777777777,304.9517522747487
0.2222222222222222,0.6666666666666666,0.6666666666666666,77.77777777777777,302.7303494104894
0.2222222222222222,0.6666666666666666,0.7777777777777777,77.77777777777777,300.8301123324199
0.2222222222222222,0.6666666666666666,0.8888888888888888,77.77777777777777,300.13916012881936
0.2222222222222222,0.6666666666666666,1.0,77.77777777777777,300.0128632910713
0.2222222222222222,0.7777777777777777,0.0,77.77777777777777,300.00391084617695
0.2222222222222222,0.7777777777777777,0.1111111111111111,77.77777777777777,300.0423090680886
0.2222222222222222,0.7777777777777777,0.2222222222222222,77.77777777777777,300.25238032970736
0.2222222222222222,0.7777777777777777,0.3333333333333333,77.77777777777777,300.8301123324199
0.2222222222222222,0.7777777777777777,0.4444444444444444,77.77777777777777,301.50548886328085
0.2222222222222222,0.7777777777777777,0.5555555555555556,77.77777777777777,301.50548886328085
0.2222222222222222,0.7777777777777777,0.6666666666666666,77.77777777777777,300.8301123324199
0.2222222222222222,0.7777777777777777,0.7777777777777777,77.77777777777777,300.25238032970736
0.2222222222222222,0.7777777777777777,0.8888888888888888,77.77777777777777,300.0423090680886
0.2222222222222222,0.7777777777777777,1.0,77.77777777777777,300.00391084617695
0.2222222222222222,0.8888888888888888,0.0,77.77777777777777,300.00065561471206
0.2222222222222222,0.8888888888888888,0.1111111111111111,77.77777777777777,300.0070926971393
0.2222222222222222,0.8888888888888888,0.2222222222222222,77.77777777777777,300.0423090680886
0.2222222222222222,0.8888888888888888,0.3333333333333333,77.77777777777777,300.13916012881936
0.2222222222222222,0.8888888888888888,0.4444444444444444,77.77777777777777,300.25238032970736
0.2222222222222222,0.8888888888888888,0.5555555555555556,77.77777777777777,300.25238032970736
0.2222222222222222,0.8888888888888888,0.6666666666666666,77.77777777777777,300.13916012881936
0.2222222222222222,0.8888888888888888,0.7777777777777777,77.77777777777777,300.0423090680886
0.2222222222222222,0.8888888888888888,0.8888888888888888,77.77777777777777,300.0070926971393
0.2222222222222222,0.8888888888888888,1.0,77.77777777777777,300.00065561471206
0.2222222222222222,1.0,0.0,77.77777777777777,300.0000606018616
0.2222222222222222,1.0,0.1111111111111111,77.77777777777777,300.00065561471206
0.2222222222222222,1.0,0.2222222222222222,77.77777777777777,300.00391084617695
0.2222222222222222,1.0,0.3333333333333333,77.77777777777777,300.0128632910713
0.2222222222222222,1.0,0.4444444444444444,77.77777777777777,300.0233288203255
0.2222222222222222,1.0,0.5555555555555556,77.77777777777777,300.0233288203255
0.2222222222222222,1.0,0.6666666666666666,77.77777777777777,300.0128632910713
0.2222222222222222,1.0,0.7777777777777777,77.77777777777777,300.00391084617695
0.2222222222222222,1.0,0.8888888888888888,77.77777777777777,300.00065561471206
0.2222222222222222,1.0,1.0,77.77777777777777,300.0000606018616
0.3333333333333333,0.0,0.0,77.77777777777777,300.0001993275497
0.3333333333333333,0.0,0.1111111111111111,77.77777777777777,300.00215640362467
0.3333333333333333,0.0,0.2222222222222222,77.77777777777777,300.0128632910713
0.3333333333333333,0.0,0.3333333333333333,77.77777777777777,300.0423090680886
0.3333333333333333,0.0,0.4444444444444444,77.77777777777777,300.0767315799749
0.3333333333333333,0.0,0.5555555555555556,77.77777777777777,300.0767315799749
0.3333333333333333,0.0,0.6666666666666666,77.77777777777777,300.0423090680886
0.3333333333333333,0.0,0.7777777777777777,77.77777777777777,300.0128632910713
0.3333333333333333,0.0,0.8888888888888888,77.77777777777777,300.00215640362467
0.3333333333333333,0.0,1.0,77.77777777777777,300.0001993275497
0.3333333333333333,0.1111111111111111,0.0,77.77777777777777,300.00215640362467
0.3333333333333333,0.1111111111111111,0.1111111111111111,77.77777777777777,300.0233288203255
0.3333333333333333,0.1111111111111111,0.2222222222222222,77.77777777777777,300.13916012881936
0.3333333333333333,0.1111111111111111,0.3333333333333333,77.77777777777777,300.45771609557704
0.3333333333333333,0.1111111111111111,0.4444444444444444,77.77777777777777,300.8301123324199
0.3333333333333333,0.1111111111111111,0.5555555555555556,77.77777777777777,300.8301123324199
0.3333333333333333,0.1111111111111111,0.6666666666666666,77.77777777777777,300.45771609557704
0.3333333333333333,0.1111111111111111,0.7777777777777777,77.77777777777777,300.13916012881936
0.3333333333333333,0.1111111111111111,0.8888888888888888,77.77777777777777,300.0233288203255
0.3333333333333333,0.1111111111111111,1.0,77.77777777777777,300.00215640362467
0.3333333333333333,0.2222222222222222,0.0,77.77777777777777,300.0128632910713
0.3333333333333333,0.2222222222222222,0.1111111111111111,77.77777777777777,300.13916012881936
0.3333333333333333,0.2222222222222222,0.2222222222222222,77.77777777777777,300.8301123324199
0.3333333333333333,0.2222222222222222,0.3333333333333333,77.77777777777777,302.7303494104894
0.3333333333333333,0.2222222222222222,0.4444444444444444,77.77777777777777,304.9517522747487
0.3333333333333333,0.2222222222222222,0.5555555555555556,77.77777777777777,304.9517522747487
0.3333333333333333,0.2222222222222222,0.6666666666666666,77.77777777777777,302.7303494104894
0.3333333333333333,0.2222222222222222,0.7777777777777777,77.77777777777777,300.8301123324199
0.3333333333333333,0.2222222222222222,0.8888888888888888,77.77777777777777,300.13916012881936
0.3333333333333333,0.2222222222222222,1.0,77.77777777777777,300.0128632910713
0.3333333333333333,0.3333333333333333,0.0,77.77777777777777,300.0423090680886
0.3333333333333333,0.3333333333333333,0.1111111111111111,77.77777777777777,300.45771609557704
0.3333333333333333,0.3333333333333333,0.2222222222222222,77.77777777777777,302.7303494104894
0.3333333333333333,0.3333333333333333,0.3333333333333333,77.77777777777777,308.9804808484508
0.3333333333333333,0.3333333333333333,0.4444444444444444,77.77777777777777,316.2869690959012
0.3333333333333333,0.3333333333333333,0.5555555555555556,77.77777777777777,316.2869690959012
0.3333333333333333,0.3333333333333333,0.6666666666666666,77.77777777777777,308.9804808484508
0.3333333333333333,0.3333333333333333,0.7777777777777777,77.77777777777777,302.7303494104894
0.3333333333333333,0.3333333333333333,0.8888888888888888,77.77777777777777,300.45771609557704
0.3333333333333333,0.3333333333333333,1.0,77.77777777777777,300.0423090680886
0.3333333333333333,0.4444444444444444,0.0,77.77777777777777,300.0767315799749
0.3333333333333333,0.4444444444444444,0.1111111111111111,77.77777777777777,300.8301123324199
0.3333333333333333,0.4444444444444444,0.2222222222222222,77.77777777777777,304.9517522747487
0.3333333333333333,0.4444444444444444,0.3333333333333333,77.77777777777777,316.2869690959012
0.3333333333333333,0.4444444444444444,0.4444444444444444,77.77777777777777,329.5379909837015
0.3333333333333333,0.4444444444444444,0.5555555555555556,77.77777777777777,329.5379909837015
0.3333333333333333,0.4444444444444444,0.6666666666666666,77.77777777777777,316.28696909590127
0.3333333333333333,0.4444444444444444,0.7777777777777777,77.77777777777777,304.9517522747487
0.3333333333333333,0.4444444444444444,0.8888888888888888,77.77777777777777,300.8301123324199
0.3333333333333333,0.4444444444444444,1.0,77.77777777777777,300.0767315799749
0.3333333333333333,0.5555555555555556,0.0,77.77777777777777,300.0767315799749
0.3333333333333333,0.5555555555555556,0.1111111111111111,77.77777777777777,300.8301123324199
0.3333333333333333,0.5555555555555556,0.2222222222222222,77.77777777777777,304.9517522747487
0.3333333333333333,0.5555555555555556,0.3333333333333333,77.77777777777777,316.2869690959012
0.3333333333333333,0.5555555555555556,0.4444444444444444,77.77777777777777,329.5379909837015
0.3333333333333333,0.5555555555555556,0.5555555555555556,77.77777777777777,329.5379909837015
0.3333333333333333,0.5555555555555556,0.6666666666666666,77.77777777777777,316.28696909590127
0.3333333333333333,0.5555555555555556,0.7777777777777777,77.77777777777777,304.9517522747487
0.3333333333333333,0.5555555555555556,0.8888888888888888,77.77777777777777,300.8301123324199
0.3333333333333333,0.5555555555555556,1.0,77.77777777777777,300.0767315799749
0.3333333333333333,0.6666666666666666,0.0,77.77777777777777,300.0423090680886
0.3333333333333333,0.6666666666666666,0.1111111111111111,77.77777777777777,300.45771609557704
0.3333333333333333,0.6666666666666666,0.2222222222222222,77.77777777777777,302.7303494104894
0.3333333333333333,0.6666666666666666,0.3333333333333333,77.77777777777777,308.9804808484508
0.3333333333333333,0.6666666666666666,0.4444444444444444,77.77777777777777,316.28696909590127
0.3333333333333333,0.6666666666666666,0.5555555555555556,77.77777777777777,316.28696909590127
0.3333333333333333,0.6666666666666666,0.6666666666666666,77.77777777777777,308.9804808484508
0.3333333333333333,0.6666666666666666,0.7777777777777777,77.77777777777777,302.7303494104894
0.3333333333333333,0.6666666666666666,0.8888888888888888,77.77777777777777,300.45771609557704
0.3333333333333333,0.6666666666666666,1.0,77.77777777777777,300.0423090680886
0.3333333333333333,0.7777777777777777,0.0,77.77777777777777,300.0128632910713
0.3333333333333333,0.7777777777777777,0.1111111111111111,77.77777777777777,300.13916012881936
0.3333333333333333,0.7777777777777777,0.2222222222222222,77.77777777777777,300.8301123324199
0.3333333333333333,0.7777777777777777,0.3333333333333333,77.77777777777777,302.7303494104894
0.3333333333333333,0.7777777777777777,0.4444444444444444,77.77777777777777,304.9517522747487
0.3333333333333333,0.7777777777777777,0.5555555555555556,77.77777777777777,304.9517522747487
0.3333333333333333,0.7777777777777777,0.6666666666666666,77.77777777777777,302.7303494104894
0.3333333333333333,0.7777777777777777,0.7777777777777777,77.77777777777777,300.8301123324199
0.3333333333333333,0.7777777777777777,0.8888888888888888,77.77777777777777,300.13916012881936
0.3333333333333333,0.7777777777777777,1.0,77.77777777777777,300.0128632910713
0.3333333333333333,0.8888888888888888,0.0,77.77777777777777,300.00215640362467
0.3333333333333333,0.8888888888888888,0.1111111111111111,77.77777777777777,300.0233288203255
0.3333333333333333,0.8888888888888888,0.2222222222222222,77.77777777777777,300.13916012881936
0.3333333333333333,0.8888888888888888,0.3333333333333333,77.77777777777777,300.45771609557704
0.3333333333333333,0.8888888888888888,0.4444444444444444,77.77777777777777,300.8301123324199
0.3333333333333333,0.8888888888888888,0.5555555555555556,77.77777777777777,300.8301123324199
0.3333333333333333,0.8888888888888888,0.6666666666666666,77.77777777777777,300.45771609557704
0.3333333333333333,0.8888888888888888,0.7777777777777777,77.77777777777777,300.13916012881936
0.3333333333333333,0.8888888888888888,0.8888888888888888,77.77777777777777,300.0233288203255
0.3333333333333333,0.8888888888888888,1.0,77.77777777777777,300.00215640362467
0.3333333333333333,1.0,0.0,77.77777777777777,300.0001993275497
0.3333333333333333,1.0,0.1111111111111111,77.77777777777777,300.00215640362467
0.3333333333333333,1.0,0.2222222222222222,77.77777777777777,300.0128632910713
0.3333333333333333,1.0,0.3333333333333333,77.77777777777777,300.0423090680886
0.3333333333333333,1.0,0.4444444444444444,77.77777777777777,300.0767315799749
0.3333333333333333,1.0,0.5555555555555556,77.77777777777777,300.0767315799749
0.3333333333333333,1.0,0.6666666666666666,77.77777777777777,300.0423090680886
0.3333333333333333,1.0,0.7777777777777777,77.77777777777777,300.0128632910713
0.3333333333333333,1.0,0.8888888888888888,77.77777777777777,300.00215640362467
0.3333333333333333,1.0,1.0,77.77777777777777,300.0001993275497
0.4444444444444444,0.0,0.0,77.77777777777777,300.0003614997567
0.4444444444444444,0.0,0.1111111111111111,77.77777777777777,300.00391084617695
0.4444444444444444,0.0,0.2222222222222222,77.77777777777777,300.0233288203255
0.4444444444444444,0.0,0.3333333333333333,77.77777777777777,300.0767315799749
0.4444444444444444,0.0,0.4444444444444444,77.77777777777777,300.13916012881936
0.4444444444444444,0.0,0.5555555555555556,77.77777777777777,300.13916012881936
0.4444444444444444,0.0,0.6666666666666666,77.77777777777777,300.0767315799749
0.4444444444444444,0.0,0.7777777777777777,77.77777777777777,300.0233288203255
0.4444444444444444,0.0,0.8888888888888888,77.77777777777777,300.00391084617695
0.4444444444444444,0.0,1.0,77.77777777777777,300.0003614997567
0.4444444444444444,0.1111111111111111,0.0,77.77777777777777,300.00391084617695
0.4444444444444444,0.1111111111111111,0.1111111111111111,77.77777777777777,300.0423090680886
0.4444444444444444,0.1111111111111111,0.2222222222222222,77.77777777777777,300.25238032970736
0.4444444444444444,0.1111111111111111,0.3333333333333333,77.77777777777777,300.8301123324199
0.4444444444444444,0.1111111111111111,0.4444444444444444,77.77777777777777,301.50548886328085
0.4444444444444444,0.1111111111111111,0.5555555555555556,77.77777777777777,301.50548886328085
0.4444444444444444,0.1111111111111111,0.6666666666666666,77.77777777777777,300.8301123324199
0.4444444444444444,0.1111111111111111,0.7777777777777777,77.77777777777777,300.25238032970736
0.4444444444444444,0.1111111111111111,0.8888888888888888,77.77777777777777,300.0423090680886
0.4444444444444444,0.1111111111111111,1.0,77.77777777777777,300.00391084617695
0.4444444444444444,0.2222222222222222,0.0,77.77777777777777,300.0233288203255
0.4444444444444444,0.2222222222222222,0.1111111111111111,77.77777777777777,300.25238032970736
0.4444444444444444,0.2222222222222222,0.2222222222222222,77.77777777777777,301.50548886328085
0.4444444444444444,0.2222222222222222,0.3333333333333333,77.77777777777777,304.9517522747487
0.4444444444444444,0.2222222222222222,0.4444444444444444,77.77777777777777,308.9804808484508
0.4444444444444444,0.2222222222222222,0.5555555555555556,77.77777777777777,308.9804808484508
0.4444444444444444,0.2222222222222222,0.6666666666666666,77.77777777777777,304.9517522747487
0.4444444444444444,0.2222222222222222,0.7777777777777777,77.77777777777777,301.50548886328085
0.4444444444444444,0.2222222222222222,0.8888888888888888,77.77777777777777,300.25238032970736
0.4444444444444444,0.2222222222222222,1.0,77.77777777777777,300.0233288203255
0.4444444444444444,0.3333333333333333,0.0,77.77777777777777,300.0767315799749
0.4444444444444444,0.3333333333333333,0.1111111111111111,77.77777777777777,300.8301123324199
0.4444444444444444,0.3333333333333333,0.2222222222222222,77.77777777777777,304.9517522747487
0.4444444444444444,0.3333333333333333,0.3333333333333333,77.77777777777777,316.2869690959012
0.4444444444444444,0.3333333333333333,0.4444444444444444,77.77777777777777,329.5379909837015
0.4444444444444444,0.3333333333333333,0.5555555555555556,77.77777777777777,329.5379909837015
0.4444444444444444,0.3333333333333333,0.6666666666666666,77.77777777777777,316.28696909590127
0.4444444444444444,0.3333333333333333,0.7777777777777777,77.77777777777777,304.9517522747487
0.4444444444444444,0.3333333333333333,0.8888888888888888,77.77777777777777,300.8301123324199
0.4444444444444444,0.3333333333333333,1.0,77.77777777777777,300.0767315799749
0.4444444444444444,0.4444444444444444,0.0,77.77777777777777,300.13916012881936
0.4444444444444444,0.4444444444444444,0.1111111111111111,77.77777777777777,301.50548886328085
0.4444444444444444,0.4444444444444444,0.2222222222222222,77.77777777777777,308.9804808484508
0.4444444444444444,0.4444444444444444,0.3333333333333333,77.77777777777777,329.5379909837015
0.4444444444444444,0.4444444444444444,0.4444444444444444,77.77777777777777,353.56999858081633
0.4444444444444444,0.4444444444444444,0.5555555555555556,77.77777777777777,353.56999858081633
0.4444444444444444,0.4444444444444444,0.6666666666666666,77.77777777777777,329.5379909837015
0.4444444444444444,0.4444444444444444,0.7777777777777777,77.77777777777777,308.9804808484508
0.4444444444444444,0.4444444444444444,0.8888888888888888,77.77777777777777,301.50548886328085
0.4444444444444444,0.4444444444444444,1.0,77.77777777777777,300.13916012881936
0.4444444444444444,0.5555555555555556,0.0,77.77777777777777,300.13916012881936
0.4444444444444444,0.5555555555555556,0.1111111111111111,77.77777777777777,301.50548886328085
0.4444444444444444,0.5555555555555556,0.2222222222222222,77.77777777777777,308.9804808484508
0.4444444444444444,0.5555555555555556,0.3333333333333333,77.77777777777777,329.5379909837015
0.4444444444444444,0.5555555555555556,0.4444444444444444,77.77777777777777,353.56999858081633
0.4444444444444444,0.5555555555555556,0.5555555555555556,77.77777777777777,353.56999858081633
0.4444444444444444,0.5555555555555556,0.6666666666666666,77.77777777777777,329.5379909837015
0.4444444444444444,0.5555555555555556,0.7777777777777777,77.77777777777777,308.9804808484508
0.4444444444444444,0.5555555555555556,0.8888888888888888,77.77777777777777,301.50548886328085
0.4444444444444444,0.5555555555555556,1.0,77.77777777777777,300.13916012881936
0.4444444444444444,0.6666666666666666,0.0,77.77777777777777,300.0767315799749
0.4444444444444444,0.6666666666666666,0.1111111111111111,77.77777777777777,300.8301123324199
0.4444444444444444,0.6666666666666666,0.2222222222222222,77.77777777777777,304.9517522747487
0.4444444444444444,0.6666666666666666,0.3333333333333333,77.77777777777777,316.28696909590127
0.4444444444444444,0.6666666666666666,0.4444444444444444,77.77777777777777,329.5379909837015
0.4444444444444444,0.6666666666666666,0.5555555555555556,77.77777777777777,329.5379909837015
0.4444444444444444,0.6666666666666666,0.6666666666666666,77.77777777777777,316.28696909590127
0.4444444444444444,0.6666666666666666,0.7777777777777777,77.77777777777777,304.95175227474874
0.4444444444444444,0.6666666666666666,0.8888888888888888,77.77777777777777,300.8301123324199
0.4444444444444444,0.6666666666666666,1.0,77.77777777777777,300.0767315799749
0.4444444444444444,0.7777777777777777,0.0,77.77777777777777,300.0233288203255
0.4444444444444444,0.7777777777777777,0.1111111111111111,77.77777777777777,300.25238032970736
0.4444444444444444,0.7777777777777777,0.2222222222222222,77.77777777777777,301.50548886328085
0.4444444444444444,0.7777777777777777,0.3333333333333333,77.77777777777777,304.9517522747487
0.4444444444444444,0.7777777777777777,0.4444444444444444,77.77777777777777,308.9804808484508
0.4444444444444444,0.7777777777777777,0.5555555555555556,77.77777777777777,308.9804808484508
0.4444444444444444,0.7777777777777777,0.6666666666666666,77.77777777777777,304.95175227474874
0.4444444444444444,0.7777777777777777,0.7777777777777777,77.77777777777777,301.50548886328085
0.4444444444444444,0.7777777777777777,0.8888888888888888,77.77777777777777,300.25238032970736
0.4444444444444444,0.7777777777777777,1.0,77.77777777777777,300.0233288203255
0.4444444444444444,0.8888888888888888,0.0,77.77777777777777,300.00391084617695
0.4444444444444444,0.8888888888888888,0.1111111111111111,77.77777777777777,300.0423090680886
0.4444444444444444,0.8888888888888888,0.2222222222222222,77.77777777777777,300.25238032970736
0.4444444444444444,0.8888888888888888,0.3333333333333333,77.77777777777777,300.8301123324199
0.4444444444444444,0.8888888888888888,0.4444444444444444,77.77777777777777,301.50548886328085
0.4444444444444444,0.8888888888888888,0.5555555555555556,77.77777777777777,301.50548886328085
0.4444444444444444,0.8888888888888888,0.6666666666666666,77.77777777777777,300.8301123324199
0.4444444444444444,0.8888888888888888,0.7777777777777777,77.77777777777777,300.25238032970736
0.4444444444444444,0.8888888888888888,0.8888888888888888,77.77777777777777,300.0423090680886
0.4444444444444444,0.8888888888888888,1.0,77.77777777777777,300.00391084617695
0.4444444444444444,1.0,0.0,77.77777777777777,300.0003614997567
0.4444444444444444,1.0,0.1111111111111111,77.77777777777777,300.00391084617695
0.4444444444444444,1.0,0.2222222222222222,77.77777777777777,300.0233288203255
0.4444444444444444,1.0,0.3333333333333333,77.77777777777777,300.0767315799749
0.4444444444444444,1.0,0.4444444444444444,77.77777777777777,300.13916012881936
0.4444444444444444,1.0,0.5555555555555556,77.77777777777777,300.13916012881936
0.4444444444444444,1.0,0.6666666666666666,77.77777777777777,300.0767315799749
0.4444444444444444,1.0,0.7777777777777777,77.77777777777777,300.0233288203255
0.4444444444444444,1.0,0.8888888888888888,77.77777777777777,300.00391084617695
0.4444444444444444,1.0,1.0,77.77777777777777,300.0003614997567
0.5555555555555556,0.0,0.0,77.77777777777777,300.0003614997567
0.5555555555555556,0.0,0.1111111111111111,77.77777777777777,300.00391084617695
0.5555555555555556,0.0,0.2222222222222222,77.77777777777777,300.0233288203255
0.5555555555555556,0.0,0.3333333333333333,77.77777777777777,300.0767315799749
0.5555555555555556,0.0,0.4444444444444444,77.77777777777777,300.13916012881936
0.5555555555555556,0.0,0.5555555555555556,77.77777777777777,300.13916012881936
0.5555555555555556,0.0,0.6666666666666666,77.77777777777777,300.0767315799749
0.5555555555555556,0.0,0.7777777777777777,77.77777777777777,300.0233288203255
0.5555555555555556,0.0,0.8888888888888888,77.77777777777777,300.00391084617695
0.5555555555555556,0.0,1.0,77.77777777777777,300.0003614997567
0.5555555555555556,0.1111111111111111,0.0,77.77777777777777,300.00391084617695
0.5555555555555556,0.1111111111111111,0.1111111111111111,77.77777777777777,300.0423090680886
0.5555555555555556,0.1111111111111111,0.2222222222222222,77.77777777777777,300.25238032970736
0.5555555555555556,0.1111111111111111,0.3333333333333333,77.77777777777777,300.8301123324199
0.5555555555555556,0.1111111111111111,0.4444444444444444,77.77777777777777,301.50548886328085
0.5555555555555556,0.1111111111111111,0.5555555555555556,77.77777777777777,301.50548886328085
0.5555555555555556,0.1111111111111111,0.6666666666666666,77.77777777777777,300.8301123324199
0.5555555555555556,0.1111111111111111,0.7777777777777777,77.77777777777777,300.25238032970736
0.5555555555555556,0.1111111111111111,0.8888888888888888,77.77777777777777,300.0423090680886
0.5555555555555556,0.1111111111111111,1.0,77.77777777777777,300.00391084617695
0.5555555555555556,0.2222222222222222,0.0,77.77777777777777,300.0233288203255
0.5555555555555556,0.2222222222222222,0.1111111111111111,77.77777777777777,300.25238032970736
0.5555555555555556,0.2222222222222222,0.2222222222222222,77.77777777777777,301.50548886328085
0.5555555555555556,0.2222222222222222,0.3333333333333333,77.77777777777777,304.9517522747487
0.5555555555555556,0.2222222222222222,0.4444444444444444,77.77777777777777,308.9804808484508
0.5555555555555556,0.2222222222222222,0.5555555555555556,77.77777777777777,308.9804808484508
0.5555555555555556,0.2222222222222222,0.6666666666666666,77.77777777777777,304.9517522747487
0.5555555555555556,0.2222222222222222,0.7777777777777777,77.77777777777777,301.50548886328085
0.5555555555555556,0.2222222222222222,0.8888888888888888,77.77777777777777,300.25238032970736
0.5555555555555556,0.2222222222222222,1.0,77.77777777777777,300.0233288203255
0.5555555555555556,0.3333333333333333,0.0,77.77777777777777,300.0767315799749
0.5555555555555556,0.3333333333333333,0.1111111111111111,77.77777777777777,300.8301123324199
0.5555555555555556,0.3333333333333333,0.2222222222222222,77.77777777777777,304.9517522747487
0.5555555555555556,0.3333333333333333,0.3333333333333333,77.77777777777777,316.2869690959012
0.5555555555555556,0.3333333333333333,0.4444444444444444,77.77777777777777,329.5379909837015
0.5555555555555556,0.3333333333333333,0.5555555555555556,77.77777777777777,329.5379909837015
0.5555555555555556,0.3333333333333333,0.6666666666666666,77.77777777777777,316.28696909590127
0.5555555555555556,0.3333333333333333,0.7777777777777777,77.77777777777777,304.9517522747487
0.5555555555555556,0.3333333333333333,0.8888888888888888,77.77777777777777,300.8301123324199
0.5555555555555556,0.3333333333333333,1.0,77.77777777777777,300.0767315799749
0.5555555555555556,0.4444444444444444,0.0,77.77777777777777,300.13916012881936
0.5555555555555556,0.4444444444444444,0.1111111111111111,77.77777777777777,301.50548886328085
0.5555555555555556,0.4444444444444444,0.2222222222222222,77.77777777777777,308.9804808484508
0.5555555555555556,0.4444444444444444,0.3333333333333333,77.77777777777777,329.5379909837015
0.5555555555555556,0.4444444444444444,0.4444444444444444,77.77777777777777,353.56999858081633
0.5555555555555556,0.4444444444444444,0.5555555555555556,77.77777777777777,353.56999858081633
0.5555555555555556,0.4444444444444444,0.6666666666666666,77.77777777777777,329.5379909837015
0.5555555555555556,0.4444444444444444,0.7777777777777777,77.77777777777777,308.9804808484508
0.5555555555555556,0.4444444444444444,0.8888888888888888,77.77777777777777,301.50548886328085
0.5555555555555556,0.4444444444444444,1.0,77.77777777777777,300.13916012881936
0.5555555555555556,0.5555555555555556,0.0,77.77777777777777,300.13916012881936
0.5555555555555556,0.5555555555555556,0.1111111111111111,77.77777777777777,301.50548886328085
0.5555555555555556,0.5555555555555556,0.2222222222222222,77.77777777777777,308.9804808484508
0.5555555555555556,0.5555555555555556,0.3333333333333333,77.77777777777777,329.5379909837015
0.5555555555555556,0.5555555555555556,0.4444444444444444,77.77777777777777,353.56999858081633
0.5555555555555556,0.5555555555555556,0.5555555555555556,77.77777777777777,353.56999858081633
0.5555555555555556,0.5555555555555556,0.6666666666666666,77.77777777777777,329.5379909837015
0.5555555555555556,0.5555555555555556,0.7777777777777777,77.77777777777777,308.9804808484508
0.5555555555555556,0.5555555555555556,0.8888888888888888,77.77777777777777,301.50548886328085
0.5555555555555556,0.5555555555555556,1.0,77.77777777777777,300.13916012881936
0.5555555555555556,0.6666666666666666,0.0,77.77777777777777,300.0767315799749
0.5555555555555556,0.6666666666666666,0.1111111111111111,77.77777777777777,300.8301123324199
0.5555555555555556,0.6666666666666666,0.2222222222222222,77.77777777777777,304.9517522747487
0.5555555555555556,0.6666666666666666,0.3333333333333333,77.77777777777777,316.28696909590127
0.5555555555555556,0.6666666666666666,0.4444444444444444,77.77777777777777,329.5379909837015
0.5555555555555556,0.6666666666666666,0.5555555555555556,77.77777777777777,329.5379909837015
0.5555555555555556,0.6666666666666666,0.6666666666666666,77.77777777777777,316.28696909590127
0.5555555555555556,0.6666666666666666,0.7777777777777777,77.77777777777777,304.95175227474874
0.5555555555555556,0.6666666666666666,0.8888888888888888,77.77777777777777,300.8301123324199
0.5555555555555556,0.6666666666666666,1.0,77.77777777777777,300.0767315799749
0.5555555555555556,0.7777777777777777,0.0,77.77777777777777,300.0233288203255
0.5555555555555556,0.7777777777777777,0.1111111111111111,77.77777777777777,300.25238032970736
0.5555555555555556,0.7777777777777777,0.2222222222222222,77.77777777777777,301.50548886328085
0.5555555555555556,0.7777777777777777,0.3333333333333333,77.77777777777777,304.9517522747487
0.5555555555555556,0.7777777777777777,0.4444444444444444,77.77777777777777,308.9804808484508
0.5555555555555556,0.7777777777777777,0.5555555555555556,77.77777777777777,308.9804808484508
0.5555555555555556,0.7777777777777777,0.6666666666666666,77.77777777777777,304.95175227474874
0.5555555555555556,0.7777777777777777,0.7777777777777777,77.77777777777777,301.50548886328085
0.5555555555555556,0.7777777777777777,0.8888888888888888,77.77777777777777,300.25238032970736
0.5555555555555556,0.7777777777777777,1.0,77.77777777777777,300.0233288203255
0.5555555555555556,0.8888888888888888,0.0,77.77777777777777,300.00391084617695
0.5555555555555556,0.8888888888888888,0.1111111111111111,77.77777777777777,300.0423090680886
0.5555555555555556,0.8888888888888888,0.2222222222222222,77.77777777777777,300.25238032970736
0.5555555555555556,0.8888888888888888,0.3333333333333333,77.77777777777777,300.8301123324199
0.5555555555555556,0.8888888888888888,0.4444444444444444,77.77777777777777,301.50548886328085
0.5555555555555556,0.8888888888888888,0.5555555555555556,77.77777777777777,301.50548886328085
0.5555555555555556,0.8888888888888888,0.6666666666666666,77.77777777777777,300.8301123324199
0.5555555555555556,0.8888888888888888,0.7777777777777777,77.77777777777777,300.25238032970736
0.5555555555555556,0.8888888888888888,0.8888888888888888,77.77777777777777,300.0423090680886
0.5555555555555556,0.8888888888888888,1.0,77.77777777777777,300.00391084617695
0.5555555555555556,1.0,0.0,77.77777777777777,300.0003614997567
0.5555555555555556,1.0,0.1111111111111111,77.77777777777777,300.00391084617695
0.5555555555555556,1.0,0.2222222222222222,77.77777777777777,300.0233288203255
0.5555555555555556,1.0,0.3333333333333333,77.77777777777777,300.0767315799749
0.5555555555555556,1.0,0.4444444444444444,77.77777777777777,300.13916012881936
0.5555555555555556,1.0,0.5555555555555556,77.77777777777777,300.13916012881936
0.5555555555555556,1.0,0.6666666666666666,77.77777777777777,300.0767315799749
0.5555555555555556,1.0,0.7777777777777777,77.77777777777777,300.0233288203255
0.5555555555555556,1.0,0.8888888888888888,77.77777777777777,300.00391084617695
0.5555555555555556,1.0,1.0,77.77777777777777,300.0003614997567
0.6666666666666666,0.0,0.0,77.77777777777777,300.0001993275497
0.6666666666666666,0.0,0.1111111111111111,77.77777777777777,300.00215640362467
0.6666666666666666,0.0,0.2222222222222222,77.77777777777777,300.0128632910713
0.6666666666666666,0.0,0.3333333333333333,77.77777777777777,300.0423090680886
0.6666666666666666,0.0,0.4444444444444444,77.77777777777777,300.0767315799749
0.6666666666666666,0.0,0.5555555555555556,77.77777777777777,300.0767315799749
0.6666666666666666,0.0,0.6666666666666666,77.77777777777777,300.0423090680886
0.6666666666666666,0.0,0.7777777777777777,77.77777777777777,300.0128632910713
0.6666666666666666,0.0,0.8888888888888888,77.77777777777777,300.00215640362467
0.6666666666666666,0.0,1.0,77.77777777777777,300.0001993275497
0.6666666666666666,0.1111111111111111,0.0,77.77777777777777,300.00215640362467
0.6666666666666666,0.1111111111111111,0.1111111111111111,77.77777777777777,300.0233288203255
0.6666666666666666,0.1111111111111111,0.2222222222222222,77.77777777777777,300.13916012881936
0.6666666666666666,0.1111111111111111,0.3333333333333333,77.77777777777777,300.45771609557704
0.6666666666666666,0.1111111111111111,0.4444444444444444,77.77777777777777,300.8301123324199
0.6666666666666666,0.1111111111111111,0.5555555555555556,77.77777777777777,300.8301123324199
0.6666666666666666,0.1111111111111111,0.6666666666666666,77.77777777777777,300.45771609557704
0.6666666666666666,0.1111111111111111,0.7777777777777777,77.77777777777777,300.13916012881936
0.6666666666666666,0.1111111111111111,0.8888888888888888,77.77777777777777,300.0233288203255
0.6666666666666666,0.1111111111111111,1.0,77.77777777777777,300.00215640362467
0.6666666666666666,0.2222222222222222,0.0,77.77777777777777,300.0128632910713
0.6666666666666666,0.2222222222222222,0.1111111111111111,77.77777777777777,300.13916012881936
0.6666666666666666,0.2222222222222222,0.2222222222222222,77.77777777777777,300.8301123324199
0.6666666666666666,0.2222222222222222,0.3333333333333333,77.77777777777777,302.7303494104894
0.6666666666666666,0.2222222222222222,0.4444444444444444,77.77777777777777,304.9517522747487
0.6666666666666666,0.2222222222222222,0.5555555555555556,77.77777777777777,304.9517522747487
0.6666666666666666,0.2222222222222222,0.6666666666666666,77.77777777777777,302.7303494104894
0.6666666666666666,0.2222222222222222,0.7777777777777777,77.77777777777777,300.8301123324199
0.6666666666666666,0.2222222222222222,0.8888888888888888,77.77777777777777,300.13916012881936
0.6666666666666666,0.2222222222222222,1.0,77.77777777777777,300.0128632910713
0.6666666666666666,0.3333333333333333,0.0,77.77777777777777,300.0423090680886
0.6666666666666666,0.3333333333333333,0.1111111111111111,77.77777777777777,300.45771609557704
0.6666666666666666,0.3333333333333333,0.2222222222222222,77.77777777777777,302.7303494104894
0.6666666666666666,0.3333333333333333,0.3333333333333333,77.77777777777777,308.9804808484508
0.6666666666666666,0.3333333333333333,0.4444444444444444,77.77777777777777,316.28696909590127
0.6666666666666666,0.3333333333333333,0.5555555555555556,77.77777777777777,316.28696909590127
0.6666666666666666,0.3333333333333333,0.6666666666666666,77.77777777777777,308.9804808484508
0.6666666666666666,0.3333333333333333,0.7777777777777777,77.77777777777777,302.7303494104894
0.6666666666666666,0.3333333333333333,0.8888888888888888,77.77777777777777,300.45771609557704
0.6666666666666666,0.3333333333333333,1.0,77.77777777777777,300.0423090680886
0.6666666666666666,0.4444444444444444,0.0,77.77777777777777,300.0767315799749
0.6666666666666666,0.4444444444444444,0.1111111111111111,77.77777777777777,300.8301123324199
0.6666666666666666,0.4444444444444444,0.2222222222222222,77.77777777777777,304.9517522747487
0.6666666666666666,0.4444444444444444,0.3333333333333333,77.77777777777777,316.28696909590127
0.6666666666666666,0.4444444444444444,0.4444444444444444,77.77777777777777,329.5379909837015
0.6666666666666666,0.4444444444444444,0.5555555555555556,77.77777777777777,329.5379909837015
0.6666666666666666,0.4444444444444444,0.6666666666666666,77.77777777777777,316.28696909590127
0.6666666666666666,0.4444444444444444,0.7777777777777777,77.77777777777777,304.95175227474874
0.6666666666666666,0.4444444444444444,0.8888888888888888,77.77777777777777,300.8301123324199
0.6666666666666666,0.4444444444444444,1.0,77.77777777777777,300.0767315799749
0.6666666666666666,0.5555555555555556,0.0,77.77777777777777,300.0767315799749
0.6666666666666666,0.5555555555555556,0.1111111111111111,77.77777777777777,300.8301123324199
0.6666666666666666,0.5555555555555556,0.2222222222222222,77.77777777777777,304.9517522747487
0.6666666666666666,0.5555555555555556,0.3333333333333333,77.77777777777777,316.28696909590127
0.6666666666666666,0.5555555555555556,0.4444444444444444,77.77777777777777,329.5379909837015
0.6666666666666666,0.5555555555555556,0.5555555555555556,77.77777777777777,329.5379909837015
0.6666666666666666,0.5555555555555556,0.6666666666666666,77.77777777777777,316.28696909590127
0.6666666666666666,0.5555555555555556,0.7777777777777777,77.77777777777777,304.95175227474874
0.6666666666666666,0.5555555555555556,0.8888888888888888,77.77777777777777,300.8301123324199
0.6666666666666666,0.5555555555555556,1.0,77.77777777777777,300.0767315799749
0.6666666666666666,0.6666666666666666,0.0,77.77777777777777,300.0423090680886
0.6666666666666666,0.6666666666666666,0.1111111111111111,77.77777777777777,300.45771609557704
0.6666666666666666,0.6666666666666666,0.2222222222222222,77.77777777777777,302.7303494104894
0.6666666666666666,0.6666666666666666,0.3333333333333333,77.77777777777777,308.9804808484508
0.6666666666666666,0.6666666666666666,0.4444444444444444,77.77777777777777,316.28696909590127
0.6666666666666666,0.6666666666666666,0.5555555555555556,77.77777777777777,316.28696909590127
0.6666666666666666,0.6666666666666666,0.6666666666666666,77.77777777777777,308.9804808484508
0.6666666666666666,0.6666666666666666,0.7777777777777777,77.77777777777777,302.7303494104894
0.6666666666666666,0.6666666666666666,0.8888888888888888,77.77777777777777,300.45771609557704
0.6666666666666666,0.6666666666666666,1.0,77.77777777777777,300.0423090680886
0.6666666666666666,0.7777777777777777,0.0,77.77777777777777,300.0128632910713
0.6666666666666666,0.7777777777777777,0.1111111111111111,77.77777777777777,300.13916012881936
0.6666666666666666,0.7777777777777777,0.2222222222222222,77.77777777777777,300.8301123324199
0.6666666666666666,0.7777777777777777,0.3333333333333333,77.77777777777777,302.7303494104894
0.6666666666666666,0.7777777777777777,0.4444444444444444,77.77777777777777,304.95175227474874
0.6666666666666666,0.7777777777777777,0.5555555555555556,77.77777777777777,304.95175227474874
0.6666666666666666,0.7777777777777777,0.6666666666666666,77.77777777777777,302.7303494104894
0.6666666666666666,0.7777777777777777,0.7777777777777777,77.77777777777777,300.8301123324199
0.6666666666666666,0.7777777777777777,0.8888888888888888,77.77777777777777,300.13916012881936
0.6666666666666666,0.7777777777777777,1.0,77.77777777777777,300.0128632910713
0.6666666666666666,0.8888888888888888,0.0,77.77777777777777,300.00215640362467
0.6666666666666666,0.8888888888888888,0.1111111111111111,77.77777777777777,300.0233288203255
0.6666666666666666,0.8888888888888888,0.2222222222222222,77.77777777777777,300.13916012881936
0.6666666666666666,0.8888888888888888,0.3333333333333333,77.77777777777777,300.45771609557704
0.6666666666666666,0.8888888888888888,0.4444444444444444,77.77777777777777,300.8301123324199
0.6666666666666666,0.8888888888888888,0.5555555555555556,77.77777777777777,300.8301123324199
0.6666666666666666,0.8888888888888888,0.6666666666666666,77.77777777777777,300.45771609557704
0.6666666666666666,0.8888888888888888,0.7777777777777777,77.77777777777777,300.13916012881936
0.6666666666666666,0.8888888888888888,0.8888888888888888,77.77777777777777,300.0233288203255
0.6666666666666666,0.8888888888888888,1.0,77.77777777777777,300.00215640362467
0.6666666666666666,1.0,0.0,77.77777777777777,300.0001993275497
0.6666666666666666,1.0,0.1111111111111111,77.77777777777777,300.00215640362467
0.6666666666666666,1.0,0.2222222222222222,77.77777777777777,300.0128632910713
0.6666666666666666,1.0,0.3333333333333333,77.77777777777777,300.0423090680886
0.6666666666666666,1.0,0.4444444444444444,77.77777777777777,300.0767315799749
0.6666666666666666,1.0,0.5555555555555556,77.77777777777777,300.0767315799749
0.6666666666666666,1.0,0.6666666666666666,77.77777777777777,300.0423090680886
0.6666666666666666,1.0,0.7777777777777777,77.77777777777777,300.0128632910713
0.6666666666666666,1.0,0.8888888888888888,77.77777777777777,300.00215640362467
0.6666666666666666,1.0,1.0,77.77777777777777,300.0001993275497
0.7777777777777777,0.0,0.0,77.77777777777777,300.0000606018616
0.7777777777777777,0.0,0.1111111111111111,77.77777777777777,300.00065561471206
0.7777777777777777,0.0,0.2222222222222222,77.77777777777777,300.00391084617695
0.7777777777777777,0.0,0.3333333333333333,77.77777777777777,300.0128632910713
0.7777777777777777,0.0,0.4444444444444444,77.77777777777777,300.0233288203255
0.7777777777777777,0.0,0.5555555555555556,77.77777777777777,300.0233288203255
0.7777777777777777,0.0,0.6666666666666666,77.77777777777777,300.0128632910713
0.7777777777777777,0.0,0.7777777777777777,77.77777777777777,300.00391084617695
0.7777777777777777,0.0,0.8888888888888888,77.77777777777777,300.00065561471206
0.7777777777777777,0.0,1.0,77.77777777777777,300.0000606018616
0.7777777777777777,0.1111111111111111,0.0,77.77777777777777,300.00065561471206
0.7777777777777777,0.1111111111111111,0.1111111111111111,77.77777777777777,300.0070926971393
0.7777777777777777,0.1111111111111111,0.2222222222222222,77.77777777777777,300.0423090680886
0.7777777777777777,0.1111111111111111,0.3333333333333333,77.77777777777777,300.13916012881936
0.7777777777777777,0.1111111111111111,0.4444444444444444,77.77777777777777,300.25238032970736
0.7777777777777777,0.1111111111111111,0.5555555555555556,77.77777777777777,300.25238032970736
0.7777777777777777,0.1111111111111111,0.6666666666666666,77.77777777777777,300.13916012881936
0.7777777777777777,0.1111111111111111,0.7777777777777777,77.77777777777777,300.0423090680886
0.7777777777777777,0.1111111111111111,0.8888888888888888,77.77777777777777,300.0070926971393
0.7777777777777777,0.1111111111111111,1.0,77.77777777777777,300.00065561471206
0.7777777777777777,0.2222222222222222,0.0,77.77777777777777,300.00391084617695
0.7777777777777777,0.2222222222222222,0.1111111111111111,77.77777777777777,300.0423090680886
0.7777777777777777,0.2222222222222222,0.2222222222222222,77.77777777777777,300.25238032970736
0.7777777777777777,0.2222222222222222,0.3333333333333333,77.77777777777777,300.8301123324199
0.7777777777777777,0.2222222222222222,0.4444444444444444,77.77777777777777,301.50548886328085
0.7777777777777777,0.2222222222222222,0.5555555555555556,77.77777777777777,301.50548886328085
0.7777777777777777,0.2222222222222222,0.6666666666666666,77.77777777777777,300.8301123324199
0.7777777777777777,0.2222222222222222,0.7777777777777777,77.77777777777777,300.25238032970736
0.7777777777777777,0.2222222222222222,0.8888888888888888,77.77777777777777,300.0423090680886
0.7777777777777777,0.2222222222222222,1.0,77.77777777777777,300.00391084617695
0.7777777777777777,0.3333333333333333,0.0,77.77777777777777,300.0128632910713
0.7777777777777777,0.3333333333333333,0.1111111111111111,77.77777777777777,300.13916012881936
0.7777777777777777,0.3333333333333333,0.2222222222222222,77.77777777777777,300.8301123324199
0.7777777777777777,0.3333333333333333,0.3333333333333333,77.77777777777777,302.7303494104894
0.7777777777777777,0.3333333333333333,0.4444444444444444,77.77777777777777,304.9517522747487
0.7777777777777777,0.3333333333333333,0.5555555555555556,77.77777777777777,304.9517522747487
0.7777777777777777,0.3333333333333333,0.6666666666666666,77.77777777777777,302.7303494104894
0.7777777777777777,0.3333333333333333,0.7777777777777777,77.77777777777777,300.8301123324199
0.7777777777777777,0.3333333333333333,0.8888888888888888,77.77777777777777,300.13916012881936
0.7777777777777777,0.3333333333333333,1.0,77.77777777777777,300.0128632910713
0.7777777777777777,0.4444444444444444,0.0,77.77777777777777,300.0233288203255
0.7777777777777777,0.4444444444444444,0.1111111111111111,77.77777777777777,300.25238032970736
0.7777777777777777,0.4444444444444444,0.2222222222222222,77.77777777777777,301.50548886328085
0.7777777777777777,0.4444444444444444,0.3333333333333333,77.77777777777777,304.9517522747487
0.7777777777777777,0.4444444444444444,0.4444444444444444,77.77777777777777,308.9804808484508
0.7777777777777777,0.4444444444444444,0.5555555555555556,77.77777777777777,308.9804808484508
0.7777777777777777,0.4444444444444444,0.6666666666666666,77.77777777777777,304.95175227474874
0.7777777777777777,0.4444444444444444,0.7777777777777777,77.77777777777777,301.50548886328085
0.7777777777777777,0.4444444444444444,0.8888888888888888,77.77777777777777,300.25238032970736
0.7777777777777777,0.4444444444444444,1.0,77.77777777777777,300.0233288203255
0.7777777777777777,0.5555555555555556,0.0,77.77777777777777,300.0233288203255
0.7777777777777777,0.5555555555555556,0.1111111111111111,77.77777777777777,300.25238032970736
0.7777777777777777,0.5555555555555556,0.2222222222222222,77.77777777777777,301.50548886328085
0.7777777777777777,0.5555555555555556,0.3333333333333333,77.77777777777777,304.9517522747487
0.7777777777777777,0.5555555555555556,0.4444444444444444,77.77777777777777,308.9804808484508
0.7777777777777777,0.5555555555555556,0.5555555555555556,77.77777777777777,308.9804808484508
0.7777777777777777,0.5555555555555556,0.6666666666666666,77.77777777777777,304.95175227474874
0.7777777777777777,0.5555555555555556,0.7777777777777777,77.77777777777777,301.50548886328085
0.7777777777777777,0.5555555555555556,0.8888888888888888,77.77777777777777,300.25238032970736
0.7777777777777777,0.5555555555555556,1.0,77.77777777777777,300.0233288203255
0.7777777777777777,0.6666666666666666,0.0,77.77777777777777,300.0128632910713
0.7777777777777777,0.6666666666666666,0.1111111111111111,77.77777777777777,300.13916012881936
0.7777777777777777,0.6666666666666666,0.2222222222222222,77.77777777777777,300.8301123324199
0.7777777777777777,0.6666666666666666,0.3333333333333333,77.77777777777777,302.7303494104894
0.7777777777777777,0.6666666666666666,0.4444444444444444,77.77777777777777,304.95175227474874
0.7777777777777777,0.6666666666666666,0.5555555555555556,77.77777777777777,304.95175227474874
0.7777777777777777,0.6666666666666666,0.6666666666666666,77.77777777777777,302.7303494104894
0.7777777777777777,0.6666666666666666,0.7777777777777777,77.77777777777777,300.8301123324199
0.7777777777777777,0.6666666666666666,0.8888888888888888,77.77777777777777,300.13916012881936
0.7777777777777777,0.6666666666666666,1.0,77.77777777777777,300.0128632910713
0.7777777777777777,0.7777777777777777,0.0,77.77777777777777,300.00391084617695
0.7777777777777777,0.7777777777777777,0.1111111111111111,77.77777777777777,300.0423090680886
0.7777777777777777,0.7777777777777777,0.2222222222222222,77.77777777777777,300.25238032970736
0.7777777777777777,0.7777777777777777,0.3333333333333333,77.77777777777777,300.8301123324199
0.7777777777777777,0.7777777777777777,0.4444444444444444,77.77777777777777,301.50548886328085
0.7777777777777777,0.7777777777777777,0.5555555555555556,77.77777777777777,301.50548886328085
0.7777777777777777,0.7777777777777777,0.6666666666666666,77.77777777777777,300.8301123324199
0.7777777777777777,0.7777777777777777,0.7777777777777777,77.77777777777777,300.25238032970736
0.7777777777777777,0.7777777777777777,0.8888888888888888,77.77777777777777,300.0423090680886
0.7777777777777777,0.7777777777777777,1.0,77.77777777777777,300.00391084617695
0.7777777777777777,0.8888888888888888,0.0,77.77777777777777,300.00065561471206
0.7777777777777777,0.8888888888888888,0.1111111111111111,77.77777777777777,300.0070926971393
0.7777777777777777,0.8888888888888888,0.2222222222222222,77.77777777777777,300.0423090680886
0.7777777777777777,0.8888888888888888,0.3333333333333333,77.77777777777777,300.13916012881936
0.7777777777777777,0.8888888888888888,0.4444444444444444,77.77777777777777,300.25238032970736
0.7777777777777777,0.8888888888888888,0.5555555555555556,77.77777777777777,300.25238032970736
0.7777777777777777,0.8888888888888888,0.6666666666666666,77.77777777777777,300.13916012881936
0.7777777777777777,0.8888888888888888,0.7777777777777777,77.77777777777777,300.0423090680886
0.7777777777777777,0.8888888888888888,0.8888888888888888,77.77777777777777,300.0070926971393
0.7777777777777777,0.8888888888888888,1.0,77.77777777777777,300.00065561471206
0.7777777777777777,1.0,0.0,77.77777777777777,300.0000606018616
0.7777777777777777,1.0,0.1111111111111111,77.77777777777777,300.00065561471206
0.7777777777777777,1.0,0.2222222222222222,77.77777777777777,300.00391084617695
0.7777777777777777,1.0,0.3333333333333333,77.77777777777777,300.0128632910713
0.7777777777777777,1.0,0.4444444444444444,77.77777777777777,300.0233288203255
0.7777777777777777,1.0,0.5555555555555556,77.77777777777777,300.0233288203255
0.7777777777777777,1.0,0.6666666666666666,77.77777777777777,300.0128632910713
0.7777777777777777,1.0,0.7777777777777777,77.77777777777777,300.00391084617695
0.7777777777777777,1.0,0.8888888888888888,77.77777777777777,300.00065561471206
0.7777777777777777,1.0,1.0,77.77777777777777,300.0000606018616
0.8888888888888888,0.0,0.0,77.77777777777777,300.0000101593032
0.8888888888888888,0.0,0.1111111111111111,77.77777777777777,300.00010990732727
0.8888888888888888,0.0,0.2222222222222222,77.77777777777777,300.00065561471206
0.8888888888888888,0.0,0.3333333333333333,77.77777777777777,300.00215640362467
0.8888888888888888,0.0,0.4444444444444444,77.77777777777777,300.00391084617695
0.8888888888888888,0.0,0.5555555555555556,77.77777777777777,300.00391084617695
0.8888888888888888,0.0,0.6666666666666666,77.77777777777777,300.00215640362467
0.8888888888888888,0.0,0.7777777777777777,77.77777777777777,300.00065561471206
0.8888888888888888,0.0,0.8888888888888888,77.77777777777777,300.00010990732727
0.8888888888888888,0.0,1.0,77.77777777777777,300.0000101593032
0.8888888888888888,0.1111111111111111,0.0,77.77777777777777,300.00010990732727
0.8888888888888888,0.1111111111111111,0.1111111111111111,77.77777777777777,300.00118902058074
0.8888888888888888,0.1111111111111111,0.2222222222222222,77.77777777777777,300.0070926971393
0.8888888888888888,0.1111111111111111,0.3333333333333333,77.77777777777777,300.0233288203255
0.8888888888888888,0.1111111111111111,0.4444444444444444,77.77777777777777,300.0423090680886
0.8888888888888888,0.1111111111111111,0.5555555555555556,77.77777777777777,300.0423090680886
0.8888888888888888,0.1111111111111111,0.6666666666666666,77.77777777777777,300.0233288203255
0.8888888888888888,0.1111111111111111,0.7777777777777777,77.77777777777777,300.0070926971393
0.8888888888888888,0.1111111111111111,0.8888888888888888,77.77777777777777,300.00118902058074
0.8888888888888888,0.1111111111111111,1.0,77.77777777777777,300.00010990732727
0.8888888888888888,0.2222222222222222,0.0,77.77777777777777,300.00065561471206
0.8888888888888888,0.2222222222222222,0.1111111111111111,77.77777777777777,300.0070926971393
0.8888888888888888,0.2222222222222222,0.2222222222222222,77.77777777777777,300.0423090680886
0.8888888888888888,0.2222222222222222,0.3333333333333333,77.77777777777777,300.13916012881936
0.8888888888888888,0.2222222222222222,0.4444444444444444,77.77777777777777,300.25238032970736
0.8888888888888888,0.2222222222222222,0.5555555555555556,77.77777777777777,300.25238032970736
0.8888888888888888,0.2222222222222222,0.6666666666666666,77.77777777777777,300.13916012881936
0.8888888888888888,0.2222222222222222,0.7777777777777777,77.77777777777777,300.0423090680886
0.8888888888888888,0.2222222222222222,0.8888888888888888,77.77777777777777,300.0070926971393
0.8888888888888888,0.2222222222222222,1.0,77.77777777777777,300.00065561471206
0.8888888888888888,0.3333333333333333,0.0,77.77777777777777,300.00215640362467
0.8888888888888888,0.3333333333333333,0.1111111111111111,77.77777777777777,300.0233288203255
0.8888888888888888,0.3333333333333333,0.2222222222222222,77.77777777777777,300.13916012881936
0.8888888888888888,0.3333333333333333,0.3333333333333333,77.77777777777777,300.45771609557704
0.8888888888888888,0.3333333333333333,0.4444444444444444,77.77777777777777,300.8301123324199
0.8888888888888888,0.3333333333333333,0.5555555555555556,77.77777777777777,300.8301123324199
0.8888888888888888,0.3333333333333333,0.6666666666666666,77.77777777777777,300.45771609557704
0.8888888888888888,0.3333333333333333,0.7777777777777777,77.77777777777777,300.13916012881936
0.8888888888888888,0.3333333333333333,0.8888888888888888,77.77777777777777,300.0233288203255
0.8888888888888888,0.3333333333333333,1.0,77.77777777777777,300.00215640362467
0.8888888888888888,0.4444444444444444,0.0,77.77777777777777,300.00391084617695
0.8888888888888888,0.4444444444444444,0.1111111111111111,77.77777777777777,300.0423090680886
0.8888888888888888,0.4444444444444444,0.2222222222222222,77.77777777777777,300.25238032970736
0.8888888888888888,0.4444444444444444,0.3333333333333333,77.77777777777777,300.8301123324199
0.8888888888888888,0.4444444444444444,0.4444444444444444,77.77777777777777,301.50548886328085
0.8888888888888888,0.4444444444444444,0.5555555555555556,77.77777777777777,301.50548886328085
0.8888888888888888,0.4444444444444444,0.6666666666666666,77.77777777777777,300.8301123324199
0.8888888888888888,0.4444444444444444,0.7777777777777777,77.77777777777777,300.25238032970736
0.8888888888888888,0.4444444444444444,0.8888888888888888,77.77777777777777,300.0423090680886
0.8888888888888888,0.4444444444444444,1.0,77.77777777777777,300.00391084617695
0.8888888888888888,0.5555555555555556,0.0,77.77777777777777,300.00391084617695
0.8888888888888888,0.5555555555555556,0.1111111111111111,77.77777777777777,300.0423090680886
0.8888888888888888,0.5555555555555556,0.2222222222222222,77.77777777777777,300.25238032970736
0.8888888888888888,0.5555555555555556,0.3333333333333333,77.77777777777777,300.8301123324199
0.8888888888888888,0.5555555555555556,0.4444444444444444,77.77777777777777,301.50548886328085
0.8888888888888888,0.5555555555555556,0.5555555555555556,77.77777777777777,301.50548886328085
0.8888888888888888,0.5555555555555556,0.6666666666666666,77.77777777777777,300.8301123324199
0.8888888888888888,0.5555555555555556,0.7777777777777777,77.77777777777777,300.25238032970736
0.8888888888888888,0.5555555555555556,0.8888888888888888,77.77777777777777,300.0423090680886
0.8888888888888888,0.5555555555555556,1.0,77.77777777777777,300.00391084617695
0.8888888888888888,0.6666666666666666,0.0,77.77777777777777,300.00215640362467
0.8888888888888888,0.6666666666666666,0.1111111111111111,77.77777777777777,300.0233288203255
0.8888888888888888,0.6666666666666666,0.2222222222222222,77.77777777777777,300.13916012881936
0.8888888888888888,0.6666666666666666,0.3333333333333333,77.77777777777777,300.45771609557704
0.8888888888888888,0.6666666666666666,0.4444444444444444,77.77777777777777,300.8301123324199
0.8888888888888888,0.6666666666666666,0.5555555555555556,77.77777777777777,300.8301123324199
0.8888888888888888,0.6666666666666666,0.6666666666666666,77.77777777777777,300.45771609557704
0.8888888888888888,0.6666666666666666,0.7777777777777777,77.77777777777777,300.13916012881936
0.8888888888888888,0.6666666666666666,0.8888888888888888,77.77777777777777,300.0233288203255
0.8888888888888888,0.6666666666666666,1.0,77.77777777777777,300.00215640362467
0.8888888888888888,0.7777777777777777,0.0,77.77777777777777,300.00065561471206
0.8888888888888888,0.7777777777777777,0.1111111111111111,77.77777777777777,300.0070926971393
0.8888888888888888,0.7777777777777777,0.2222222222222222,77.77777777777777,300.0423090680886
0.8888888888888888,0.7777777777777777,0.3333333333333333,77.77777777777777,300.13916012881936
0.8888888888888888,0.7777777777777777,0.4444444444444444,77.77777777777777,300.25238032970736
0.8888888888888888,0.7777777777777777,0.5555555555555556,77.77777777777777,300.25238032970736
0.8888888888888888,0.7777777777777777,0.6666666666666666,77.77777777777777,300.13916012881936
0.8888888888888888,0.7777777777777777,0.7777777777777777,77.77777777777777,300.0423090680886
0.8888888888888888,0.7777777777777777,0.8888888888888888,77.77777777777777,300.0070926971393
0.8888888888888888,0.7777777777777777,1.0,77.77777777777777,300.00065561471206
0.8888888888888888,0.8888888888888888,0.0,77.77777777777777,300.00010990732727
0.8888888888888888,0.8888888888888888,0.1111111111111111,77.77777777777777,300.00118902058074
0.8888888888888888,0.8888888888888888,0.2222222222222222,77.77777777777777,300.0070926971393
0.8888888888888888,0.8888888888888888,0.3333333333333333,77.77777777777777,300.0233288203255
0.8888888888888888,0.8888888888888888,0.4444444444444444,77.77777777777777,300.0423090680886
0.8888888888888888,0.8888888888888888,0.5555555555555556,77.77777777777777,300.0423090680886
0.8888888888888888,0.8888888888888888,0.6666666666666666,77.77777777777777,300.0233288203255
0.8888888888888888,0.8888888888888888,0.7777777777777777,77.77777777777777,300.0070926971393
0.8888888888888888,0.8888888888888888,0.8888888888888888,77.77777777777777,300.00118902058074
0.8888888888888888,0.8888888888888888,1.0,77.77777777777777,300.00010990732727
0.8888888888888888,1.0,0.0,77.77777777777777,300.0000101593032
0.8888888888888888,1.0,0.1111111111111111,77.77777777777777,300.00010990732727
0.8888888888888888,1.0,0.2222222222222222,77.77777777777777,300.00065561471206
0.8888888888888888,1.0,0.3333333333333333,77.77777777777777,300.00215640362467
0.8888888888888888,1.0,0.4444444444444444,77.77777777777777,300.00391084617695
0.8888888888888888,1.0,0.5555555555555556,77.77777777777777,300.00391084617695
0.8888888888888888,1.0,0.6666666666666666,77.77777777777777,300.00215640362467
0.8888888888888888,1.0,0.7777777777777777,77.77777777777777,300.00065561471206
0.8888888888888888,1.0,0.8888888888888888,77.77777777777777,300.00010990732727
0.8888888888888888,1.0,1.0,77.77777777777777,300.0000101593032
1.0,0.0,0.0,77.77777777777777,300.000000939077
1.0,0.0,0.1111111111111111,77.77777777777777,300.0000101593032
1.0,0.0,0.2222222222222222,77.77777777777777,300.0000606018616
1.0,0.0,0.3333333333333333,77.77777777777777,300.0001993275497
1.0,0.0,0.4444444444444444,77.77777777777777,300.0003614997567
1.0,0.0,0.5555555555555556,77.77777777777777,300.0003614997567
1.0,0.0,0.6666666666666666,77.77777777777777,300.0001993275497
1.0,0.0,0.7777777777777777,77.77777777777777,300.0000606018616
1.0,0.0,0.8888888888888888,77.77777777777777,300.0000101593032
1.0,0.0,1.0,77.77777777777777,300.000000939077
1.0,0.1111111111111111,0.0,77.77777777777777,300.0000101593032
1.0,0.1111111111111111,0.1111111111111111,77.77777777777777,300.00010990732727
1.0,0.1111111111111111,0.2222222222222222,77.77777777777777,300.00065561471206
1.0,0.1111111111111111,0.3333333333333333,77.77777777777777,300.00215640362467
1.0,0.1111111111111111,0.4444444444444444,77.77777777777777,300.00391084617695
1.0,0.1111111111111111,0.5555555555555556,77.77777777777777,300.00391084617695
1.0,0.1111111111111111,0.6666666666666666,77.77777777777777,300.00215640362467
1.0,0.1111111111111111,0.7777777777777777,77.77777777777777,300.00065561471206
1.0,0.1111111111111111,0.8888888888888888,77.77777777777777,300.00010990732727
1.0,0.1111111111111111,1.0,77.77777777777777,300.0000101593032
1.0,0.2222222222222222,0.0,77.77777777777777,300.0000606018616
1.0,0.2222222222222222,0.1111111111111111,77.77777777777777,300.00065561471206
1.0,0.2222222222222222,0.2222222222222222,77.77777777777777,300.00391084617695
1.0,0.2222222222222222,0.3333333333333333,77.77777777777777,300.0128632910713
1.0,0.2222222222222222,0.4444444444444444,77.77777777777777,300.0233288203255
1.0,0.2222222222222222,0.5555555555555556,77.77777777777777,300.0233288203255
1.0,0.2222222222222222,0.6666666666666666,77.77777777777777,300.0128632910713
1.0,0.2222222222222222,0.7777777777777777,77.77777777777777,300.00391084617695
1.0,0.2222222222222222,0.8888888888888888,77.77777777777777,300.00065561471206
1.0,0.2222222222222222,1.0,77.77777777777777,300.0000606018616
1.0,0.3333333333333333,0.0,77.77777777777777,300.0001993275497
1.0,0.3333333333333333,0.1111111111111111,77.77777777777777,300.00215640362467
1.0,0.3333333333333333,0.2222222222222222,77.77777777777777,300.0128632910713
1.0,0.3333333333333333,0.3333333333333333,77.77777777777777,300.0423090680886
1.0,0.3333333333333333,0.4444444444444444,77.77777777777777,300.0767315799749
1.0,0.3333333333333333,0.5555555555555556,77.77777777777777,300.0767315799749
1.0,0.3333333333333333,0.6666666666666666,77.77777777777777,300.0423090680886
1.0,0.3333333333333333,0.7777777777777777,77.77777777777777,300.0128632910713
1.0,0.3333333333333333,0.8888888888888888,77.77777777777777,300.00215640362467
1.0,0.3333333333333333,1.0,77.77777777777777,300.0001993275497
1.0,0.4444444444444444,0.0,77.77777777777777,300.0003614997567
1.0,0.4444444444444444,0.1111111111111111,77.77777777777777,300.00391084617695
1.0,0.4444444444444444,0.2222222222222222,77.77777777777777,300.0233288203255
1.0,0.4444444444444444,0.3333333333333333,77.77777777777777,300.0767315799749
1.0,0.4444444444444444,0.4444444444444444,77.77777777777777,300.13916012881936
1.0,0.4444444444444444,0.5555555555555556,77.77777777777777,300.13916012881936
1.0,0.4444444444444444,0.6666666666666666,77.77777777777777,300.0767315799749
1.0,0.4444444444444444,0.7777777777777777,77.77777777777777,300.0233288203255
1.0,0.4444444444444444,0.8888888888888888,77.77777777777777,300.00391084617695
1.0,0.4444444444444444,1.0,77.77777777777777,300.0003614997567
1.0,0.5555555555555556,0.0,77.77777777777777,300.0003614997567
1.0,0.5555555555555556,0.1111111111111111,77.77777777777777,300.00391084617695
1.0,0.5555555555555556,0.2222222222222222,77.77777777777777,300.0233288203255
1.0,0.5555555555555556,0.3333333333333333,77.77777777777777,300.0767315799749
1.0,0.5555555555555556,0.4444444444444444,77.77777777777777,300.13916012881936
1.0,0.5555555555555556,0.5555555555555556,77.77777777777777,300.13916012881936
1.0,0.5555555555555556,0.6666666666666666,77.77777777777777,300.0767315799749
1.0,0.5555555555555556,0.7777777777777777,77.77777777777777,300.0233288203255
1.0,0.5555555555555556,0.8888888888888888,77.77777777777777,300.00391084617695
1.0,0.5555555555555556,1.0,77.77777777777777,300.0003614997567
1.0,0.6666666666666666,0.0,77.77777777777777,300.0001993275497
1.0,0.6666666666666666,0.1111111111111111,77.77777777777777,300.00215640362467
1.0,0.6666666666666666,0.2222222222222222,77.77777777777777,300.0128632910713
1.0,0.6666666666666666,0.3333333333333333,77.77777777777777,300.0423090680886
1.0,0.6666666666666666,0.4444444444444444,77.77777777777777,300.0767315799749
1.0,0.6666666666666666,0.5555555555555556,77.77777777777777,300.0767315799749
1.0,0.6666666666666666,0.6666666666666666,77.77777777777777,300.0423090680886
1.0,0.6666666666666666,0.7777777777777777,77.77777777777777,300.0128632910713
1.0,0.6666666666666666,0.8888888888888888,77.77777777777777,300.00215640362467
1.0,0.6666666666666666,1.0,77.77777777777777,300.0001993275497
1.0,0.7777777777777777,0.0,77.77777777777777,300.0000606018616
1.0,0.7777777777777777,0.1111111111111111,77.77777777777777,300.00065561471206
1.0,0.7777777777777777,0.2222222222222222,77.77777777777777,300.00391084617695
1.0,0.7777777777777777,0.3333333333333333,77.77777777777777,300.0128632910713
1.0,0.7777777777777777,0.4444444444444444,77.77777777777777,300.0233288203255
1.0,0.7777777777777777,0.5555555555555556,77.77777777777777,300.0233288203255
1.0,0.7777777777777777,0.6666666666666666,77.77777777777777,300.0128632910713
1.0,0.7777777777777777,0.7777777777777777,77.77777777777777,300.00391084617695
1.0,0.7777777777777777,0.8888888888888888,77.77777777777777,300.00065561471206
1.0,0.7777777777777777,1.0,77.77777777777777,300.0000606018616
1.0,0.8888888888888888,0.0,77.77777777777777,300.0000101593032
1.0,0.8888888888888888,0.1111111111111111,77.77777777777777,300.00010990732727
1.0,0.8888888888888888,0.2222222222222222,77.77777777777777,300.00065561471206
1.0,0.8888888888888888,0.3333333333333333,77.77777777777777,300.00215640362467
1.0,0.8888888888888888,0.4444444444444444,77.77777777777777,300.00391084617695
1.0,0.8888888888888888,0.5555555555555556,77.77777777777777,300.00391084617695
1.0,0.8888888888888888,0.6666666666666666,77.77777777777777,300.00215640362467
1.0,0.8888888888888888,0.7777777777777777,77.77777777777777,300.00065561471206
1.0,0.8888888888888888,0.8888888888888888,77.77777777777777,300.00010990732727
1.0,0.8888888888888888,1.0,77.77777777777777,300.0000101593032
1.0,1.0,0.0,77.77777777777777,300.000000939077
1.0,1.0,0.1111111111111111,77.77777777777777,300.0000101593032
1.0,1.0,0.2222222222222222,77.77777777777777,300.0000606018616
1.0,1.0,0.3333333333333333,77.77777777777777,300.0001993275497
1.0,1.0,0.4444444444444444,77.77777777777777,300.0003614997567
1.0,1.0,0.5555555555555556,77.77777777777777,300.0003614997567
1.0,1.0,0.6666666666666666,77.77777777777777,300.0001993275497
1.0,1.0,0.7777777777777777,77.77777777777777,300.0000606018616
1.0,1.0,0.8888888888888888,77.77777777777777,300.0000101593032
1.0,1.0,1.0,77.77777777777777,300.000000939077
0.0,0.0,0.0,88.88888888888889,300.0000029316296
0.0,0.0,0.1111111111111111,88.88888888888889,300.00002691798943
0.0,0.0,0.2222222222222222,88.88888888888889,300.0001419850961
0.0,0.0,0.3333333333333333,88.88888888888889,300.0004302387476
0.0,0.0,0.4444444444444444,88.88888888888889,300.00074893288615
0.0,0.0,0.5555555555555556,88.88888888888889,300.00074893288615
0.0,0.0,0.6666666666666666,88.88888888888889,300.0004302387476
0.0,0.0,0.7777777777777777,88.88888888888889,300.0001419850961
0.0,0.0,0.8888888888888888,88.88888888888889,300.00002691798943
0.0,0.0,1.0,88.88888888888889,300.0000029316296
0.0,0.1111111111111111,0.0,88.88888888888889,300.00002691798943
0.0,0.1111111111111111,0.1111111111111111,88.88888888888889,300.0002471588354
0.0,0.1111111111111111,0.2222222222222222,88.88888888888889,300.0013036958458
0.0,0.1111111111111111,0.3333333333333333,88.88888888888889,300.0039504179199
0.0,0.1111111111111111,0.4444444444444444,88.88888888888889,300.006876642122
0.0,0.1111111111111111,0.5555555555555556,88.88888888888889,300.006876642122
0.0,0.1111111111111111,0.6666666666666666,88.88888888888889,300.0039504179199
0.0,0.1111111111111111,0.7777777777777777,88.88888888888889,300.0013036958458
0.0,0.1111111111111111,0.8888888888888888,88.88888888888889,300.0002471588354
0.0,0.1111111111111111,1.0,88.88888888888889,300.00002691798943
0.0,0.2222222222222222,0.0,88.88888888888889,300.0001419850961
0.0,0.2222222222222222,0.1111111111111111,88.88888888888889,300.0013036958458
0.0,0.2222222222222222,0.2222222222222222,88.88888888888889,300.006876642122
0.0,0.2222222222222222,0.3333333333333333,88.88888888888889,300.0208373834703
0.0,0.2222222222222222,0.4444444444444444,88.88888888888889,300.03627242276343
0.0,0.2222222222222222,0.5555555555555556,88.88888888888889,300.03627242276343
0.0,0.2222222222222222,0.6666666666666666,88.88888888888889,300.0208373834703
0.0,0.2222222222222222,0.7777777777777777,88.88888888888889,300.006876642122
0.0,0.2222222222222222,0.8888888888888888,88.88888888888889,300.0013036958458
0.0,0.2222222222222222,1.0,88.88888888888889,300.0001419850961
0.0,0.3333333333333333,0.0,88.88888888888889,300.0004302387476
0.0,0.3333333333333333,0.1111111111111111,88.88888888888889,300.0039504179199
0.0,0.3333333333333333,0.2222222222222222,88.88888888888889,300.0208373834703
0.0,0.3333333333333333,0.3333333333333333,88.88888888888889,300.06314078036735
0.0,0.3333333333333333,0.4444444444444444,88.88888888888889,300.10991154826905
0.0,0.3333333333333333,0.5555555555555556,88.88888888888889,300.10991154826905
0.0,0.3333333333333333,0.6666666666666666,88.88888888888889,300.06314078036735
0.0,0.3333333333333333,0.7777777777777777,88.88888888888889,300.0208373834703
0.0,0.3333333333333333,0.8888888888888888,88.88888888888889,300.0039504179199
0.0,0.3333333333333333,1.0,88.88888888888889,300.0004302387476
0.0,0.4444444444444444,0.0,88.88888888888889,300.00074893288615
0.0,0.4444444444444444,0.1111111111111111,88.88888888888889,300.006876642122
0.0,0.4444444444444444,0.2222222222222222,88.88888888888889,300.03627242276343
0.0,0.4444444444444444,0.3333333333333333,88.88888888888889,300.10991154826905
0.0,0.4444444444444444,0.4444444444444444,88.88888888888889,300.1913271957144
0.0,0.4444444444444444,0.5555555555555556,88.88888888888889,300.1913271957144
0.0,0.4444444444444444,0.6666666666666666,88.88888888888889,300.10991154826905
0.0,0.4444444444444444,0.7777777777777777,88.88888888888889,300.03627242276343
0.0,0.4444444444444444,0.8888888888888888,88.88888888888889,300.006876642122
0.0,0.4444444444444444,1.0,88.88888888888889,300.00074893288615
0.0,0.5555555555555556,0.0,88.88888888888889,300.00074893288615
0.0,0.5555555555555556,0.1111111111111111,88.88888888888889,300.006876642122
0.0,0.5555555555555556,0.2222222222222222,88.88888888888889,300.03627242276343
0.0,0.5555555555555556,0.3333333333333333,88.88888888888889,300.10991154826905
0.0,0.5555555555555556,0.4444444444444444,88.88888888888889,300.1913271957144
0.0,0.5555555555555556,0.5555555555555556,88.88888888888889,300.1913271957144
0.0,0.5555555555555556,0.6666666666666666,88.88888888888889,300.10991154826905
0.0,0.5555555555555556,0.7777777777777777,88.88888888888889,300.03627242276343
0.0,0.5555555555555556,0.8888888888888888,88.88888888888889,300.006876642122
0.0,0.5555555555555556,1.0,88.88888888888889,300.00074893288615
0.0,0.6666666666666666,0.0,88.88888888888889,300.0004302387476
0.0,0.6666666666666666,0.1111111111111111,88.88888888888889,300.0039504179199
0.0,0.6666666666666666,0.2222222222222222,88.88888888888889,300.0208373834703
0.0,0.6666666666666666,0.3333333333333333,88.88888888888889,300.06314078036735
0.0,0.6666666666666666,0.4444444444444444,88.88888888888889,300.10991154826905
0.0,0.6666666666666666,0.5555555555555556,88.88888888888889,300.10991154826905
0.0,0.6666666666666666,0.6666666666666666,88.88888888888889,300.06314078036735
0.0,0.6666666666666666,0.7777777777777777,88.88888888888889,300.0208373834703
0.0,0.6666666666666666,0.8888888888888888,88.88888888888889,300.0039504179199
0.0,0.6666666666666666,1.0,88.88888888888889,300.0004302387476
0.0,0.7777777777777777,0.0,88.88888888888889,300.0001419850961
0.0,0.7777777777777777,0.1111111111111111,88.88888888888889,300.0013036958458
0.0,0.7777777777777777,0.2222222222222222,88.88888888888889,300.006876642122
0.0,0.7777777777777777,0.3333333333333333,88.88888888888889,300.0208373834703
0.0,0.7777777777777777,0.4444444444444444,88.88888888888889,300.03627242276343
0.0,0.7777777777777777,0.5555555555555556,88.88888888888889,300.03627242276343
0.0,0.7777777777777777,0.6666666666666666,88.88888888888889,300.0208373834703
0.0,0.7777777777777777,0.7777777777777777,88.88888888888889,300.006876642122
0.0,0.7777777777777777,0.8888888888888888,88.88888888888889,300.0013036958458
0.0,0.7777777777777777,1.0,88.88888888888889,300.0001419850961
0.0,0.8888888888888888,0.0,88.88888888888889,300.00002691798943
0.0,0.8888888888888888,0.1111111111111111,88.88888888888889,300.0002471588354
0.0,0.8888888888888888,0.2222222222222222,88.88888888888889,300.0013036958458
0.0,0.8888888888888888,0.3333333333333333,88.88888888888889,300.0039504179199
0.0,0.8888888888888888,0.4444444444444444,88.88888888888889,300.006876642122
0.0,0.8888888888888888,0.5555555555555556,88.88888888888889,300.006876642122
0.0,0.8888888888888888,0.6666666666666666,88.88888888888889,300.0039504179199
0.0,0.8888888888888888,0.7777777777777777,88.88888888888889,300.0013036958458
0.0,0.8888888888888888,0.8888888888888888,88.88888888888889,300.0002471588354
0.0,0.8888888888888888,1.0,88.88888888888889,300.00002691798943
0.0,1.0,0.0,88.88888888888889,300.0000029316296
0.0,1.0,0.1111111111111111,88.88888888888889,300.00002691798943
0.0,1.0,0.2222222222222222,88.88888888888889,300.0001419850961
0.0,1.0,0.3333333333333333,88.88888888888889,300.0004302387476
0.0,1.0,0.4444444444444444,88.88888888888889,300.00074893288615
0.0,1.0,0.5555555555555556,88.88888888888889,300.00074893288615
0.0,1.0,0.6666666666666666,88.88888888888889,300.0004302387476
0.0,1.0,0.7777777777777777,88.88888888888889,300.0001419850961
0.0,1.0,0.8888888888888888,88.88888888888889,300.00002691798943
0.0,1.0,1.0,88.88888888888889,300.0000029316296
0.1111111111111111,0.0,0.0,88.88888888888889,300.00002691798943
0.1111111111111111,0.0,0.1111111111111111,88.88888888888889,300.0002471588354
0.1111111111111111,0.0,0.2222222222222222,88.88888888888889,300.0013036958458
0.1111111111111111,0.0,0.3333333333333333,88.88888888888889,300.0039504179199
0.1111111111111111,0.0,0.4444444444444444,88.88888888888889,300.006876642122
0.1111111111111111,0.0,0.5555555555555556,88.88888888888889,300.006876642122
0.1111111111111111,0.0,0.6666666666666666,88.88888888888889,300.0039504179199
0.1111111111111111,0.0,0.7777777777777777,88.88888888888889,300.0013036958458
0.1111111111111111,0.0,0.8888888888888888,88.88888888888889,300.0002471588354
0.1111111111111111,0.0,1.0,88.88888888888889,300.00002691798943
0.1111111111111111,0.1111111111111111,0.0,88.88888888888889,300.0002471588354
0.1111111111111111,0.1111111111111111,0.1111111111111111,88.88888888888889,300.00226939274506
0.1111111111111111,0.1111111111111111,0.2222222222222222,88.88888888888889,300.011970431441
0.1111111111111111,0.1111111111111111,0.3333333333333333,88.88888888888889,300.03627242276343
0.1111111111111111,0.1111111111111111,0.4444444444444444,88.88888888888889,300.06314078036735
0.1111111111111111,0.1111111111111111,0.5555555555555556,88.88888888888889,300.06314078036735
0.1111111111111111,0.1111111111111111,0.6666666666666666,88.88888888888889,300.03627242276343
0.1111111111111111,0.1111111111111111,0.7777777777777777,88.88888888888889,300.011970431441
0.1111111111111111,0.1111111111111111,0.8888888888888888,88.88888888888889,300.00226939274506
0.1111111111111111,0.1111111111111111,1.0,88.88888888888889,300.0002471588354
0.1111111111111111,0.2222222222222222,0.0,88.88888888888889,300.0013036958458
0.1111111111111111,0.2222222222222222,0.1111111111111111,88.88888888888889,300.011970431441
0.1111111111111111,0.2222222222222222,0.2222222222222222,88.88888888888889,300.06314078036735
0.1111111111111111,0.2222222222222222,0.3333333333333333,88.88888888888889,300.1913271957144
0.1111111111111111,0.2222222222222222,0.4444444444444444,88.88888888888889,300.3330504973901
0.1111111111111111,0.2222222222222222,0.5555555555555556,88.88888888888889,300.3330504973901
0.1111111111111111,0.2222222222222222,0.6666666666666666,88.88888888888889,300.1913271957144
0.1111111111111111,0.2222222222222222,0.7777777777777777,88.88888888888889,300.06314078036735
0.1111111111111111,0.2222222222222222,0.8888888888888888,88.88888888888889,300.011970431441
0.1111111111111111,0.2222222222222222,1.0,88.88888888888889,300.0013036958458
0.1111111111111111,0.3333333333333333,0.0,88.88888888888889,300.0039504179199
0.1111111111111111,0.3333333333333333,0.1111111111111111,88.88888888888889,300.03627242276343
0.1111111111111111,0.3333333333333333,0.2222222222222222,88.88888888888889,300.1913271957144
0.1111111111111111,0.3333333333333333,0.3333333333333333,88.88888888888889,300.5797536173445
0.1111111111111111,0.3333333333333333,0.4444444444444444,88.88888888888889,301.00919908379643
0.1111111111111111,0.3333333333333333,0.5555555555555556,88.88888888888889,301.00919908379643
0.1111111111111111,0.3333333333333333,0.6666666666666666,88.88888888888889,300.5797536173445
0.1111111111111111,0.3333333333333333,0.7777777777777777,88.88888888888889,300.1913271957144
0.1111111111111111,0.3333333333333333,0.8888888888888888,88.88888888888889,300.03627242276343
0.1111111111111111,0.3333333333333333,1.0,88.88888888888889,300.0039504179199
0.1111111111111111,0.4444444444444444,0.0,88.88888888888889,300.006876642122
0.1111111111111111,0.4444444444444444,0.1111111111111111,88.88888888888889,300.06314078036735
0.1111111111111111,0.4444444444444444,0.2222222222222222,88.88888888888889,300.3330504973901
0.1111111111111111,0.4444444444444444,0.3333333333333333,88.88888888888889,301.00919908379643
0.1111111111111111,0.4444444444444444,0.4444444444444444,88.88888888888889,301.7567510753976
0.1111111111111111,0.4444444444444444,0.5555555555555556,88.88888888888889,301.7567510753976
0.1111111111111111,0.4444444444444444,0.6666666666666666,88.88888888888889,301.00919908379643
0.1111111111111111,0.4444444444444444,0.7777777777777777,88.88888888888889,300.3330504973901
0.1111111111111111,0.4444444444444444,0.8888888888888888,88.88888888888889,300.06314078036735
0.1111111111111111,0.4444444444444444,1.0,88.88888888888889,300.006876642122
0.1111111111111111,0.5555555555555556,0.0,88.88888888888889,300.006876642122
0.1111111111111111,0.5555555555555556,0.1111111111111111,88.88888888888889,300.06314078036735
0.1111111111111111,0.5555555555555556,0.2222222222222222,88.88888888888889,300.3330504973901
0.1111111111111111,0.5555555555555556,0.3333333333333333,88.88888888888889,301.00919908379643
0.1111111111111111,0.5555555555555556,0.4444444444444444,88.88888888888889,301.7567510753976
0.1111111111111111,0.5555555555555556,0.5555555555555556,88.88888888888889,301.7567510753976
0.1111111111111111,0.5555555555555556,0.6666666666666666,88.88888888888889,301.00919908379643
0.1111111111111111,0.5555555555555556,0.7777777777777777,88.88888888888889,300.3330504973901
0.1111111111111111,0.5555555555555556,0.8888888888888888,88.88888888888889,300.06314078036735
0.1111111111111111,0.5555555555555556,1.0,88.88888888888889,300.006876642122
0.1111111111111111,0.6666666666666666,0.0,88.88888888888889,300.0039504179199
0.1111111111111111,0.6666666666666666,0.1111111111111111,88.88888888888889,300.03627242276343
0.1111111111111111,0.6666666666666666,0.2222222222222222,88.88888888888889,300.1913271957144
0.1111111111111111,0.6666666666666666,0.3333333333333333,88.88888888888889,300.5797536173445
0.1111111111111111,0.6666666666666666,0.4444444444444444,88.88888888888889,301.00919908379643
0.1111111111111111,0.6666666666666666,0.5555555555555556,88.88888888888889,301.00919908379643
0.1111111111111111,0.6666666666666666,0.6666666666666666,88.88888888888889,300.5797536173445
0.1111111111111111,0.6666666666666666,0.7777777777777777,88.88888888888889,300.1913271957144
0.1111111111111111,0.6666666666666666,0.8888888888888888,88.88888888888889,300.03627242276343
0.1111111111111111,0.6666666666666666,1.0,88.88888888888889,300.0039504179199
0.1111111111111111,0.7777777777777777,0.0,88.88888888888889,300.0013036958458
0.1111111111111111,0.7777777777777777,0.1111111111111111,88.88888888888889,300.011970431441
0.1111111111111111,0.7777777777777777,0.2222222222222222,88.88888888888889,300.06314078036735
0.1111111111111111,0.7777777777777777,0.3333333333333333,88.88888888888889,300.1913271957144
0.1111111111111111,0.7777777777777777,0.4444444444444444,88.88888888888889,300.3330504973901
0.1111111111111111,0.7777777777777777,0.5555555555555556,88.88888888888889,300.3330504973901
0.1111111111111111,0.7777777777777777,0.6666666666666666,88.88888888888889,300.1913271957144
0.1111111111111111,0.7777777777777777,0.7777777777777777,88.88888888888889,300.06314078036735
0.1111111111111111,0.7777777777777777,0.8888888888888888,88.88888888888889,300.011970431441
0.1111111111111111,0.7777777777777777,1.0,88.88888888888889,300.0013036958458
0.1111111111111111,0.8888888888888888,0.0,88.88888888888889,300.0002471588354
0.1111111111111111,0.8888888888888888,0.1111111111111111,88.88888888888889,300.00226939274506
0.1111111111111111,0.8888888888888888,0.2222222222222222,88.88888888888889,300.011970431441
0.1111111111111111,0.8888888888888888,0.3333333333333333,88.88888888888889,300.03627242276343
0.1111111111111111,0.8888888888888888,0.4444444444444444,88.88888888888889,300.06314078036735
0.1111111111111111,0.8888888888888888,0.5555555555555556,88.88888888888889,300.06314078036735
0.1111111111111111,0.8888888888888888,0.6666666666666666,88.88888888888889,300.03627242276343
0.1111111111111111,0.8888888888888888,0.7777777777777777,88.88888888888889,300.011970431441
0.1111111111111111,0.8888888888888888,0.8888888888888888,88.88888888888889,300.00226939274506
0.1111111111111111,0.8888888888888888,1.0,88.88888888888889,300.0002471588354
0.1111111111111111,1.0,0.0,88.88888888888889,300.00002691798943
0.1111111111111111,1.0,0.1111111111111111,88.88888888888889,300.0002471588354
0.1111111111111111,1.0,0.2222222222222222,88.88888888888889,300.0013036958458
0.1111111111111111,1.0,0.3333333333333333,88.88888888888889,300.0039504179199
0.1111111111111111,1.0,0.4444444444444444,88.88888888888889,300.006876642122
0.1111111111111111,1.0,0.5555555555555556,88.88888888888889,300.006876642122
0.1111111111111111,1.0,0.6666666666666666,88.88888888888889,300.0039504179199
0.1111111111111111,1.0,0.7777777777777777,88.88888888888889,300.0013036958458
0.1111111111111111,1.0,0.8888888888888888,88.88888888888889,300.0002471588354
0.1111111111111111,1.0,1.0,88.88888888888889,300.00002691798943
0.2222222222222222,0.0,0.0,88.88888888888889,300.0001419850961
0.2222222222222222,0.0,0.1111111111111111,88.88888888888889,300.0013036958458
0.2222222222222222,0.0,0.2222222222222222,88.88888888888889,300.006876642122
0.2222222222222222,0.0,0.3333333333333333,88.88888888888889,300.0208373834703
0.2222222222222222,0.0,0.4444444444444444,88.88888888888889,300.03627242276343
0.2222222222222222,0.0,0.5555555555555556,88.88888888888889,300.03627242276343
0.2222222222222222,0.0,0.6666666666666666,88.88888888888889,300.0208373834703
0.2222222222222222,0.0,0.7777777777777777,88.88888888888889,300.006876642122
0.2222222222222222,0.0,0.8888888888888888,88.88888888888889,300.0013036958458
0.2222222222222222,0.0,1.0,88.88888888888889,300.0001419850961
0.2222222222222222,0.1111111111111111,0.0,88.88888888888889,300.0013036958458
0.2222222222222222,0.1111111111111111,0.1111111111111111,88.88888888888889,300.011970431441
0.2222222222222222,0.1111111111111111,0.2222222222222222,88.88888888888889,300.06314078036735
0.2222222222222222,0.1111111111111111,0.3333333333333333,88.88888888888889,300.1913271957144
0.2222222222222222,0.1111111111111111,0.4444444444444444,88.88888888888889,300.3330504973901
0.2222222222222222,0.1111111111111111,0.5555555555555556,88.88888888888889,300.3330504973901
0.2222222222222222,0.1111111111111111,0.6666666666666666,88.88888888888889,300.1913271957144
0.2222222222222222,0.1111111111111111,0.7777777777777777,88.88888888888889,300.06314078036735
0.2222222222222222,0.1111111111111111,0.8888888888888888,88.88888888888889,300.011970431441
0.2222222222222222,0.1111111111111111,1.0,88.88888888888889,300.0013036958458
0.2222222222222222,0.2222222222222222,0.0,88.88888888888889,300.006876642122
0.2222222222222222,0.2222222222222222,0.1111111111111111,88.88888888888889,300.06314078036735
0.2222222222222222,0.2222222222222222,0.2222222222222222,88.88888888888889,300.3330504973901
0.2222222222222222,0.2222222222222222,0.3333333333333333,88.88888888888889,301.00919908379643
0.2222222222222222,0.2222222222222222,0.4444444444444444,88.88888888888889,301.7567510753976
0.2222222222222222,0.2222222222222222,0.5555555555555556,88.88888888888889,301.7567510753976
0.2222222222222222,0.2222222222222222,0.6666666666666666,88.88888888888889,301.00919908379643
0.2222222222222222,0.2222222222222222,0.7777777777777777,88.88888888888889,300.3330504973901
0.2222222222222222,0.2222222222222222,0.8888888888888888,88.88888888888889,300.06314078036735
0.2222222222222222,0.2222222222222222,1.0,88.88888888888889,300.006876642122
0.2222222222222222,0.3333333333333333,0.0,88.88888888888889,300.0208373834703
0.2222222222222222,0.3333333333333333,0.1111111111111111,88.88888888888889,300.1913271957144
0.2222222222222222,0.3333333333333333,0.2222222222222222,88.88888888888889,301.00919908379643
0.2222222222222222,0.3333333333333333,0.3333333333333333,88.88888888888889,303.0580431457596
0.2222222222222222,0.3333333333333333,0.4444444444444444,88.88888888888889,305.323251547867
0.2222222222222222,0.3333333333333333,0.5555555555555556,88.88888888888889,305.323251547867
0.2222222222222222,0.3333333333333333,0.6666666666666666,88.88888888888889,303.0580431457596
0.2222222222222222,0.3333333333333333,0.7777777777777777,88.88888888888889,301.00919908379643
0.2222222222222222,0.3333333333333333,0.8888888888888888,88.88888888888889,300.1913271957144
0.2222222222222222,0.3333333333333333,1.0,88.88888888888889,300.0208373834703
0.2222222222222222,0.4444444444444444,0.0,88.88888888888889,300.03627242276343
0.2222222222222222,0.4444444444444444,0.1111111111111111,88.88888888888889,300.3330504973901
0.2222222222222222,0.4444444444444444,0.2222222222222222,88.88888888888889,301.7567510753976
0.2222222222222222,0.4444444444444444,0.3333333333333333,88.88888888888889,305.323251547867
0.2222222222222222,0.4444444444444444,0.4444444444444444,88.88888888888889,309.26638562348654
0.2222222222222222,0.4444444444444444,0.5555555555555556,88.88888888888889,309.26638562348654
0.2222222222222222,0.4444444444444444,0.6666666666666666,88.88888888888889,305.323251547867
0.2222222222222222,0.4444444444444444,0.7777777777777777,88.88888888888889,301.75675107539763
0.2222222222222222,0.4444444444444444,0.8888888888888888,88.88888888888889,300.3330504973901
0.2222222222222222,0.4444444444444444,1.0,88.88888888888889,300.03627242276343
0.2222222222222222,0.5555555555555556,0.0,88.88888888888889,300.03627242276343
0.2222222222222222,0.5555555555555556,0.1111111111111111,88.88888888888889,300.3330504973901
0.2222222222222222,0.5555555555555556,0.2222222222222222,88.88888888888889,301.7567510753976
0.2222222222222222,0.5555555555555556,0.3333333333333333,88.88888888888889,305.323251547867
0.2222222222222222,0.5555555555555556,0.4444444444444444,88.88888888888889,309.26638562348654
0.2222222222222222,0.5555555555555556,0.5555555555555556,88.88888888888889,309.26638562348654
0.2222222222222222,0.5555555555555556,0.6666666666666666,88.88888888888889,305.323251547867
0.2222222222222222,0.5555555555555556,0.7777777777777777,88.88888888888889,301.75675107539763
0.2222222222222222,0.5555555555555556,0.8888888888888888,88.88888888888889,300.3330504973901
0.2222222222222222,0.5555555555555556,1.0,88.88888888888889,300.03627242276343
0.2222222222222222,0.6666666666666666,0.0,88.88888888888889,300.0208373834703
0.2222222222222222,0.6666666666666666,0.1111111111111111,88.88888888888889,300.1913271957144
0.2222222222222222,0.6666666666666666,0.2222222222222222,88.88888888888889,301.00919908379643
0.2222222222222222,0.6666666666666666,0.3333333333333333,88.88888888888889,303.0580431457596
0.2222222222222222,0.6666666666666666,0.4444444444444444,88.88888888888889,305.323251547867
0.2222222222222222,0.6666666666666666,0.5555555555555556,88.88888888888889,305.323251547867
0.2222222222222222,0.6666666666666666,0.6666666666666666,88.88888888888889,303.0580431457596
0.2222222222222222,0.6666666666666666,0.7777777777777777,88.88888888888889,301.0091990837965
0.2222222222222222,0.6666666666666666,0.8888888888888888,88.88888888888889,300.1913271957144
0.2222222222222222,0.6666666666666666,1.0,88.88888888888889,300.0208373834703
0.2222222222222222,0.7777777777777777,0.0,88.88888888888889,300.006876642122
0.2222222222222222,0.7777777777777777,0.1111111111111111,88.88888888888889,300.06314078036735
0.2222222222222222,0.7777777777777777,0.2222222222222222,88.88888888888889,300.3330504973901
0.2222222222222222,0.7777777777777777,0.3333333333333333,88.88888888888889,301.00919908379643
0.2222222222222222,0.7777777777777777,0.4444444444444444,88.88888888888889,301.7567510753976
0.2222222222222222,0.7777777777777777,0.5555555555555556,88.88888888888889,301.7567510753976
0.2222222222222222,0.7777777777777777,0.6666666666666666,88.88888888888889,301.00919908379643
0.2222222222222222,0.7777777777777777,0.7777777777777777,88.88888888888889,300.3330504973901
0.2222222222222222,0.7777777777777777,0.8888888888888888,88.88888888888889,300.06314078036735
0.2222222222222222,0.7777777777777777,1.0,88.88888888888889,300.006876642122
0.2222222222222222,0.8888888888888888,0.0,88.88888888888889,300.0013036958458
0.2222222222222222,0.8888888888888888,0.1111111111111111,88.88888888888889,300.011970431441
0.2222222222222222,0.8888888888888888,0.2222222222222222,88.88888888888889,300.06314078036735
0.2222222222222222,0.8888888888888888,0.3333333333333333,88.88888888888889,300.1913271957144
0.2222222222222222,0.8888888888888888,0.4444444444444444,88.88888888888889,300.3330504973901
0.2222222222222222,0.8888888888888888,0.5555555555555556,88.88888888888889,300.3330504973901
0.2222222222222222,0.8888888888888888,0.6666666666666666,88.88888888888889,300.1913271957144
0.2222222222222222,0.8888888888888888,0.7777777777777777,88.88888888888889,300.06314078036735
0.2222222222222222,0.8888888888888888,0.8888888888888888,88.88888888888889,300.011970431441
0.2222222222222222,0.8888888888888888,1.0,88.88888888888889,300.0013036958458
0.2222222222222222,1.0,0.0,88.88888888888889,300.0001419850961
0.2222222222222222,1.0,0.1111111111111111,88.88888888888889,300.0013036958458
0.2222222222222222,1.0,0.2222222222222222,88.88888888888889,300.006876642122
0.2222222222222222,1.0,0.3333333333333333,88.88888888888889,300.0208373834703
0.2222222222222222,1.0,0.4444444444444444,88.88888888888889,300.03627242276343
0.2222222222222222,1.0,0.5555555555555556,88.88888888888889,300.03627242276343
0.2222222222222222,1.0,0.6666666666666666,88.88888888888889,300.0208373834703
0.2222222222222222,1.0,0.7777777777777777,88.88888888888889,300.006876642122
0.2222222222222222,1.0,0.8888888888888888,88.88888888888889,300.0013036958458
0.2222222222222222,1.0,1.0,88.88888888888889,300.0001419850961
0.3333333333333333,0.0,0.0,88.88888888888889,300.0004302387476
0.3333333333333333,0.0,0.1111111111111111,88.88888888888889,300.0039504179199
0.3333333333333333,0.0,0.2222222222222222,88.88888888888889,300.0208373834703
0.3333333333333333,0.0,0.3333333333333333,88.88888888888889,300.06314078036735
0.3333333333333333,0.0,0.4444444444444444,88.88888888888889,300.10991154826905
0.3333333333333333,0.0,0.5555555555555556,88.88888888888889,300.10991154826905
0.3333333333333333,0.0,0.6666666666666666,88.88888888888889,300.06314078036735
0.3333333333333333,0.0,0.7777777777777777,88.88888888888889,300.0208373834703
0.3333333333333333,0.0,0.8888888888888888,88.88888888888889,300.0039504179199
0.3333333333333333,0.0,1.0,88.88888888888889,300.0004302387476
0.3333333333333333,0.1111111111111111,0.0,88.88888888888889,300.0039504179199
0.3333333333333333,0.1111111111111111,0.1111111111111111,88.88888888888889,300.03627242276343
0.3333333333333333,0.1111111111111111,0.2222222222222222,88.88888888888889,300.1913271957144
0.3333333333333333,0.1111111111111111,0.3333333333333333,88.88888888888889,300.5797536173445
0.3333333333333333,0.1111111111111111,0.4444444444444444,88.88888888888889,301.00919908379643
0.3333333333333333,0.1111111111111111,0.5555555555555556,88.88888888888889,301.00919908379643
0.3333333333333333,0.1111111111111111,0.6666666666666666,88.88888888888889,300.5797536173445
0.3333333333333333,0.1111111111111111,0.7777777777777777,88.88888888888889,300.1913271957144
0.3333333333333333,0.1111111111111111,0.8888888888888888,88.88888888888889,300.03627242276343
0.3333333333333333,0.1111111111111111,1.0,88.88888888888889,300.0039504179199
0.3333333333333333,0.2222222222222222,0.0,88.88888888888889,300.0208373834703
0.3333333333333333,0.2222222222222222,0.1111111111111111,88.88888888888889,300.1913271957144
0.3333333333333333,0.2222222222222222,0.2222222222222222,88.88888888888889,301.00919908379643
0.3333333333333333,0.2222222222222222,0.3333333333333333,88.88888888888889,303.0580431457596
0.3333333333333333,0.2222222222222222,0.4444444444444444,88.88888888888889,305.323251547867
0.3333333333333333,0.2222222222222222,0.5555555555555556,88.88888888888889,305.323251547867
0.3333333333333333,0.2222222222222222,0.6666666666666666,88.88888888888889,303.0580431457596
0.3333333333333333,0.2222222222222222,0.7777777777777777,88.88888888888889,301.00919908379643
0.3333333333333333,0.2222222222222222,0.8888888888888888,88.88888888888889,300.1913271957144
0.3333333333333333,0.2222222222222222,1.0,88.88888888888889,300.0208373834703
0.3333333333333333,0.3333333333333333,0.0,88.88888888888889,300.06314078036735
0.3333333333333333,0.3333333333333333,0.1111111111111111,88.88888888888889,300.5797536173445
0.3333333333333333,0.3333333333333333,0.2222222222222222,88.88888888888889,303.0580431457596
0.3333333333333333,0.3333333333333333,0.3333333333333333,88.88888888888889,309.26638562348654
0.3333333333333333,0.3333333333333333,0.4444444444444444,88.88888888888889,316.1303484817591
0.3333333333333333,0.3333333333333333,0.5555555555555556,88.88888888888889,316.1303484817591
0.3333333333333333,0.3333333333333333,0.6666666666666666,88.88888888888889,309.26638562348654
0.3333333333333333,0.3333333333333333,0.7777777777777777,88.88888888888889,303.0580431457596
0.3333333333333333,0.3333333333333333,0.8888888888888888,88.88888888888889,300.5797536173445
0.3333333333333333,0.3333333333333333,1.0,88.88888888888889,300.06314078036735
0.3333333333333333,0.4444444444444444,0.0,88.88888888888889,300.10991154826905
0.3333333333333333,0.4444444444444444,0.1111111111111111,88.88888888888889,301.00919908379643
0.3333333333333333,0.4444444444444444,0.2222222222222222,88.88888888888889,305.323251547867
0.3333333333333333,0.4444444444444444,0.3333333333333333,88.88888888888889,316.1303484817591
0.3333333333333333,0.4444444444444444,0.4444444444444444,88.88888888888889,328.078708648118
0.3333333333333333,0.4444444444444444,0.5555555555555556,88.88888888888889,328.078708648118
0.3333333333333333,0.4444444444444444,0.6666666666666666,88.88888888888889,316.1303484817591
0.3333333333333333,0.4444444444444444,0.7777777777777777,88.88888888888889,305.323251547867
0.3333333333333333,0.4444444444444444,0.8888888888888888,88.88888888888889,301.00919908379643
0.3333333333333333,0.4444444444444444,1.0,88.88888888888889,300.10991154826905
0.3333333333333333,0.5555555555555556,0.0,88.88888888888889,300.10991154826905
0.3333333333333333,0.5555555555555556,0.1111111111111111,88.88888888888889,301.00919908379643
0.3333333333333333,0.5555555555555556,0.2222222222222222,88.88888888888889,305.323251547867
0.3333333333333333,0.5555555555555556,0.3333333333333333,88.88888888888889,316.1303484817591
0.3333333333333333,0.5555555555555556,0.4444444444444444,88.88888888888889,328.078708648118
0.3333333333333333,0.5555555555555556,0.5555555555555556,88.88888888888889,328.078708648118
0.3333333333333333,0.5555555555555556,0.6666666666666666,88.88888888888889,316.1303484817591
0.3333333333333333,0.5555555555555556,0.7777777777777777,88.88888888888889,305.323251547867
0.3333333333333333,0.5555555555555556,0.8888888888888888,88.88888888888889,301.00919908379643
0.3333333333333333,0.5555555555555556,1.0,88.88888888888889,300.10991154826905
0.3333333333333333,0.6666666666666666,0.0,88.88888888888889,300.06314078036735
0.3333333333333333,0.6666666666666666,0.1111111111111111,88.88888888888889,300.5797536173445
0.3333333333333333,0.6666666666666666,0.2222222222222222,88.88888888888889,303.0580431457596
0.3333333333333333,0.6666666666666666,0.3333333333333333,88.88888888888889,309.26638562348654
0.3333333333333333,0.6666666666666666,0.4444444444444444,88.88888888888889,316.1303484817591
0.3333333333333333,0.6666666666666666,0.5555555555555556,88.88888888888889,316.1303484817591
0.3333333333333333,0.6666666666666666,0.6666666666666666,88.88888888888889,309.26638562348654
0.3333333333333333,0.6666666666666666,0.7777777777777777,88.88888888888889,303.0580431457596
0.3333333333333333,0.6666666666666666,0.8888888888888888,88.88888888888889,300.5797536173445
0.3333333333333333,0.6666666666666666,1.0,88.88888888888889,300.06314078036735
0.3333333333333333,0.7777777777777777,0.0,88.88888888888889,300.0208373834703
0.3333333333333333,0.7777777777777777,0.1111111111111111,88.88888888888889,300.1913271957144
0.3333333333333333,0.7777777777777777,0.2222222222222222,88.88888888888889,301.00919908379643
0.3333333333333333,0.7777777777777777,0.3333333333333333,88.88888888888889,303.0580431457596
0.3333333333333333,0.7777777777777777,0.4444444444444444,88.88888888888889,305.323251547867
0.3333333333333333,0.7777777777777777,0.5555555555555556,88.88888888888889,305.323251547867
0.3333333333333333,0.7777777777777777,0.6666666666666666,88.88888888888889,303.0580431457596
0.3333333333333333,0.7777777777777777,0.7777777777777777,88.88888888888889,301.0091990837965
0.3333333333333333,0.7777777777777777,0.8888888888888888,88.88888888888889,300.1913271957144
0.3333333333333333,0.7777777777777777,1.0,88.88888888888889,300.0208373834703
0.3333333333333333,0.8888888888888888,0.0,88.88888888888889,300.0039504179199
0.3333333333333333,0.8888888888888888,0.1111111111111111,88.88888888888889,300.03627242276343
0.3333333333333333,0.8888888888888888,0.2222222222222222,88.88888888888889,300.1913271957144
0.3333333333333333,0.8888888888888888,0.3333333333333333,88.88888888888889,300.5797536173445
0.3333333333333333,0.8888888888888888,0.4444444444444444,88.88888888888889,301.00919908379643
0.3333333333333333,0.8888888888888888,0.5555555555555556,88.88888888888889,301.00919908379643
0.3333333333333333,0.8888888888888888,0.6666666666666666,88.88888888888889,300.5797536173445
0.3333333333333333,0.8888888888888888,0.7777777777777777,88.88888888888889,300.1913271957144
0.3333333333333333,0.8888888888888888,0.8888888888888888,88.88888888888889,300.03627242276343
0.3333333333333333,0.8888888888888888,1.0,88.88888888888889,300.0039504179199
0.3333333333333333,1.0,0.0,88.88888888888889,300.0004302387476
0.3333333333333333,1.0,0.1111111111111111,88.88888888888889,300.0039504179199
0.3333333333333333,1.0,0.2222222222222222,88.88888888888889,300.0208373834703
0.3333333333333333,1.0,0.3333333333333333,88.88888888888889,300.06314078036735
0.3333333333333333,1.0,0.4444444444444444,88.88888888888889,300.10991154826905
0.3333333333333333,1.0,0.5555555555555556,88.88888888888889,300.10991154826905
0.3333333333333333,1.0,0.6666666666666666,88.88888888888889,300.06314078036735
0.3333333333333333,1.0,0.7777777777777777,88.88888888888889,300.0208373834703
0.3333333333333333,1.0,0.8888888888888888,88.88888888888889,300.0039504179199
0.3333333333333333,1.0,1.0,88.88888888888889,300.0004302387476
0.4444444444444444,0.0,0.0,88.88888888888889,300.00074893288615
0.4444444444444444,0.0,0.1111111111111111,88.88888888888889,300.006876642122
0.4444444444444444,0.0,0.2222222222222222,88.88888888888889,300.03627242276343
0.4444444444444444,0.0,0.3333333333333333,88.88888888888889,300.10991154826905
0.4444444444444444,0.0,0.4444444444444444,88.88888888888889,300.1913271957144
0.4444444444444444,0.0,0.5555555555555556,88.88888888888889,300.1913271957144
0.4444444444444444,0.0,0.6666666666666666,88.88888888888889,300.10991154826905
0.4444444444444444,0.0,0.7777777777777777,88.88888888888889,300.03627242276343
0.4444444444444444,0.0,0.8888888888888888,88.88888888888889,300.006876642122
0.4444444444444444,0.0,1.0,88.88888888888889,300.00074893288615
0.4444444444444444,0.1111111111111111,0.0,88.88888888888889,300.006876642122
0.4444444444444444,0.1111111111111111,0.1111111111111111,88.88888888888889,300.06314078036735
0.4444444444444444,0.1111111111111111,0.2222222222222222,88.88888888888889,300.3330504973901
0.4444444444444444,0.1111111111111111,0.3333333333333333,88.88888888888889,301.00919908379643
0.4444444444444444,0.1111111111111111,0.4444444444444444,88.88888888888889,301.7567510753976
0.4444444444444444,0.1111111111111111,0.5555555555555556,88.88888888888889,301.7567510753976
0.4444444444444444,0.1111111111111111,0.6666666666666666,88.88888888888889,301.00919908379643
0.4444444444444444,0.1111111111111111,0.7777777777777777,88.88888888888889,300.3330504973901
0.4444444444444444,0.1111111111111111,0.8888888888888888,88.88888888888889,300.06314078036735
0.4444444444444444,0.1111111111111111,1.0,88.88888888888889,300.006876642122
0.4444444444444444,0.2222222222222222,0.0,88.88888888888889,300.03627242276343
0.4444444444444444,0.2222222222222222,0.1111111111111111,88.88888888888889,300.3330504973901
0.4444444444444444,0.2222222222222222,0.2222222222222222,88.88888888888889,301.7567510753976
0.4444444444444444,0.2222222222222222,0.3333333333333333,88.88888888888889,305.323251547867
0.4444444444444444,0.2222222222222222,0.4444444444444444,88.88888888888889,309.26638562348654
0.4444444444444444,0.2222222222222222,0.5555555555555556,88.88888888888889,309.26638562348654
0.4444444444444444,0.2222222222222222,0.6666666666666666,88.88888888888889,305.323251547867
0.4444444444444444,0.2222222222222222,0.7777777777777777,88.88888888888889,301.75675107539763
0.4444444444444444,0.2222222222222222,0.8888888888888888,88.88888888888889,300.3330504973901
0.4444444444444444,0.2222222222222222,1.0,88.88888888888889,300.03627242276343
0.4444444444444444,0.3333333333333333,0.0,88.88888888888889,300.10991154826905
0.4444444444444444,0.3333333333333333,0.1111111111111111,88.88888888888889,301.00919908379643
0.4444444444444444,0.3333333333333333,0.2222222222222222,88.88888888888889,305.323251547867
0.4444444444444444,0.3333333333333333,0.3333333333333333,88.88888888888889,316.1303484817591
0.4444444444444444,0.3333333333333333,0.4444444444444444,88.88888888888889,328.078708648118
0.4444444444444444,0.3333333333333333,0.5555555555555556,88.88888888888889,328.078708648118
0.4444444444444444,0.3333333333333333,0.6666666666666666,88.88888888888889,316.1303484817591
0.4444444444444444,0.3333333333333333,0.7777777777777777,88.88888888888889,305.323251547867
0.4444444444444444,0.3333333333333333,0.8888888888888888,88.88888888888889,301.00919908379643
0.4444444444444444,0.3333333333333333,1.0,88.88888888888889,300.10991154826905
0.4444444444444444,0.4444444444444444,0.0,88.88888888888889,300.1913271957144
0.4444444444444444,0.4444444444444444,0.1111111111111111,88.88888888888889,301.7567510753976
0.4444444444444444,0.4444444444444444,0.2222222222222222,88.88888888888889,309.26638562348654
0.4444444444444444,0.4444444444444444,0.3333333333333333,88.88888888888889,328.078708648118
0.4444444444444444,0.4444444444444444,0.4444444444444444,88.88888888888889,348.8776718145593
0.4444444444444444,0.4444444444444444,0.5555555555555556,88.88888888888889,348.8776718145593
0.4444444444444444,0.4444444444444444,0.6666666666666666,88.88888888888889,328.078708648118
0.4444444444444444,0.4444444444444444,0.7777777777777777,88.88888888888889,309.26638562348654
0.4444444444444444,0.4444444444444444,0.8888888888888888,88.88888888888889,301.75675107539763
0.4444444444444444,0.4444444444444444,1.0,88.88888888888889,300.1913271957144
0.4444444444444444,0.5555555555555556,0.0,88.88888888888889,300.1913271957144
0.4444444444444444,0.5555555555555556,0.1111111111111111,88.88888888888889,301.7567510753976
0.4444444444444444,0.5555555555555556,0.2222222222222222,88.88888888888889,309.26638562348654
0.4444444444444444,0.5555555555555556,0.3333333333333333,88.88888888888889,328.078708648118
0.4444444444444444,0.5555555555555556,0.4444444444444444,88.88888888888889,348.8776718145593
0.4444444444444444,0.5555555555555556,0.5555555555555556,88.88888888888889,348.8776718145593
0.4444444444444444,0.5555555555555556,0.6666666666666666,88.88888888888889,328.078708648118
0.4444444444444444,0.5555555555555556,0.7777777777777777,88.88888888888889,309.26638562348654
0.4444444444444444,0.5555555555555556,0.8888888888888888,88.88888888888889,301.75675107539763
0.4444444444444444,0.5555555555555556,1.0,88.88888888888889,300.1913271957144
0.4444444444444444,0.6666666666666666,0.0,88.88888888888889,300.10991154826905
0.4444444444444444,0.6666666666666666,0.1111111111111111,88.88888888888889,301.00919908379643
0.4444444444444444,0.6666666666666666,0.2222222222222222,88.88888888888889,305.323251547867
0.4444444444444444,0.6666666666666666,0.3333333333333333,88.88888888888889,316.1303484817591
0.4444444444444444,0.6666666666666666,0.4444444444444444,88.88888888888889,328.078708648118
0.4444444444444444,0.6666666666666666,0.5555555555555556,88.88888888888889,328.078708648118
0.4444444444444444,0.6666666666666666,0.6666666666666666,88.88888888888889,316.1303484817591
0.4444444444444444,0.6666666666666666,0.7777777777777777,88.88888888888889,305.323251547867
0.4444444444444444,0.6666666666666666,0.8888888888888888,88.88888888888889,301.00919908379643
0.4444444444444444,0.6666666666666666,1.0,88.88888888888889,300.10991154826905
0.4444444444444444,0.7777777777777777,0.0,88.88888888888889,300.03627242276343
0.4444444444444444,0.7777777777777777,0.1111111111111111,88.88888888888889,300.3330504973901
0.4444444444444444,0.7777777777777777,0.2222222222222222,88.88888888888889,301.75675107539763
0.4444444444444444,0.7777777777777777,0.3333333333333333,88.88888888888889,305.323251547867
0.4444444444444444,0.7777777777777777,0.4444444444444444,88.88888888888889,309.26638562348654
0.4444444444444444,0.7777777777777777,0.5555555555555556,88.88888888888889,309.26638562348654
0.4444444444444444,0.7777777777777777,0.6666666666666666,88.88888888888889,305.323251547867
0.4444444444444444,0.7777777777777777,0.7777777777777777,88.88888888888889,301.75675107539763
0.4444444444444444,0.7777777777777777,0.8888888888888888,88.88888888888889,300.3330504973901
0.4444444444444444,0.7777777777777777,1.0,88.88888888888889,300.03627242276343
0.4444444444444444,0.8888888888888888,0.0,88.88888888888889,300.006876642122
0.4444444444444444,0.8888888888888888,0.1111111111111111,88.88888888888889,300.06314078036735
0.4444444444444444,0.8888888888888888,0.2222222222222222,88.88888888888889,300.3330504973901
0.4444444444444444,0.8888888888888888,0.3333333333333333,88.88888888888889,301.00919908379643
0.4444444444444444,0.8888888888888888,0.4444444444444444,88.88888888888889,301.7567510753976
0.4444444444444444,0.8888888888888888,0.5555555555555556,88.88888888888889,301.7567510753976
0.4444444444444444,0.8888888888888888,0.6666666666666666,88.88888888888889,301.00919908379643
0.4444444444444444,0.8888888888888888,0.7777777777777777,88.88888888888889,300.3330504973901
0.4444444444444444,0.8888888888888888,0.8888888888888888,88.88888888888889,300.06314078036735
0.4444444444444444,0.8888888888888888,1.0,88.88888888888889,300.006876642122
0.4444444444444444,1.0,0.0,88.88888888888889,300.00074893288615
0.4444444444444444,1.0,0.1111111111111111,88.88888888888889,300.006876642122
0.4444444444444444,1.0,0.2222222222222222,88.88888888888889,300.03627242276343
0.4444444444444444,1.0,0.3333333333333333,88.88888888888889,300.10991154826905
0.4444444444444444,1.0,0.4444444444444444,88.88888888888889,300.1913271957144
0.4444444444444444,1.0,0.5555555555555556,88.88888888888889,300.1913271957144
0.4444444444444444,1.0,0.6666666666666666,88.88888888888889,300.10991154826905
0.4444444444444444,1.0,0.7777777777777777,88.88888888888889,300.03627242276343
0.4444444444444444,1.0,0.8888888888888888,88.88888888888889,300.006876642122
0.4444444444444444,1.0,1.0,88.88888888888889,300.00074893288615
0.5555555555555556,0.0,0.0,88.88888888888889,300.00074893288615
0.5555555555555556,0.0,0.1111111111111111,88.88888888888889,300.006876642122
0.5555555555555556,0.0,0.2222222222222222,88.88888888888889,300.03627242276343
0.5555555555555556,0.0,0.3333333333333333,88.88888888888889,300.10991154826905
0.5555555555555556,0.0,0.4444444444444444,88.88888888888889,300.1913271957144
0.5555555555555556,0.0,0.5555555555555556,88.88888888888889,300.1913271957144
0.5555555555555556,0.0,0.6666666666666666,88.88888888888889,300.10991154826905
0.5555555555555556,0.0,0.7777777777777777,88.88888888888889,300.03627242276343
0.5555555555555556,0.0,0.8888888888888888,88.88888888888889,300.006876642122
0.5555555555555556,0.0,1.0,88.88888888888889,300.00074893288615
0.5555555555555556,0.1111111111111111,0.0,88.88888888888889,300.006876642122
0.5555555555555556,0.1111111111111111,0.1111111111111111,88.88888888888889,300.06314078036735
0.5555555555555556,0.1111111111111111,0.2222222222222222,88.88888888888889,300.3330504973901
0.5555555555555556,0.1111111111111111,0.3333333333333333,88.88888888888889,301.00919908379643
0.5555555555555556,0.1111111111111111,0.4444444444444444,88.88888888888889,301.7567510753976
0.5555555555555556,0.1111111111111111,0.5555555555555556,88.88888888888889,301.7567510753976
0.5555555555555556,0.1111111111111111,0.6666666666666666,88.88888888888889,301.00919908379643
0.5555555555555556,0.1111111111111111,0.7777777777777777,88.88888888888889,300.3330504973901
0.5555555555555556,0.1111111111111111,0.8888888888888888,88.88888888888889,300.06314078036735
0.5555555555555556,0.1111111111111111,1.0,88.88888888888889,300.006876642122
0.5555555555555556,0.2222222222222222,0.0,88.88888888888889,300.03627242276343
0.5555555555555556,0.2222222222222222,0.1111111111111111,88.88888888888889,300.3330504973901
0.5555555555555556,0.2222222222222222,0.2222222222222222,88.88888888888889,301.7567510753976
0.5555555555555556,0.2222222222222222,0.3333333333333333,88.88888888888889,305.323251547867
0.5555555555555556,0.2222222222222222,0.4444444444444444,88.88888888888889,309.26638562348654
0.5555555555555556,0.2222222222222222,0.5555555555555556,88.88888888888889,309.26638562348654
0.5555555555555556,0.2222222222222222,0.6666666666666666,88.88888888888889,305.323251547867
0.5555555555555556,0.2222222222222222,0.7777777777777777,88.88888888888889,301.75675107539763
0.5555555555555556,0.2222222222222222,0.8888888888888888,88.88888888888889,300.3330504973901
0.5555555555555556,0.2222222222222222,1.0,88.88888888888889,300.03627242276343
0.5555555555555556,0.3333333333333333,0.0,88.88888888888889,300.10991154826905
0.5555555555555556,0.3333333333333333,0.1111111111111111,88.88888888888889,301.00919908379643
0.5555555555555556,0.3333333333333333,0.2222222222222222,88.88888888888889,305.323251547867
0.5555555555555556,0.3333333333333333,0.3333333333333333,88.88888888888889,316.1303484817591
0.5555555555555556,0.3333333333333333,0.4444444444444444,88.88888888888889,328.078708648118
0.5555555555555556,0.3333333333333333,0.5555555555555556,88.88888888888889,328.078708648118
0.5555555555555556,0.3333333333333333,0.6666666666666666,88.88888888888889,316.1303484817591
0.5555555555555556,0.3333333333333333,0.7777777777777777,88.88888888888889,305.323251547867
0.5555555555555556,0.3333333333333333,0.8888888888888888,88.88888888888889,301.00919908379643
0.5555555555555556,0.3333333333333333,1.0,88.88888888888889,300.10991154826905
0.5555555555555556,0.4444444444444444,0.0,88.88888888888889,300.1913271957144
0.5555555555555556,0.4444444444444444,0.1111111111111111,88.88888888888889,301.7567510753976
0.5555555555555556,0.4444444444444444,0.2222222222222222,88.88888888888889,309.26638562348654
0.5555555555555556,0.4444444444444444,0.3333333333333333,88.88888888888889,328.078708648118
0.5555555555555556,0.4444444444444444,0.4444444444444444,88.88888888888889,348.8776718145593
0.5555555555555556,0.4444444444444444,0.5555555555555556,88.88888888888889,348.8776718145593
0.5555555555555556,0.4444444444444444,0.6666666666666666,88.88888888888889,328.078708648118
0.5555555555555556,0.4444444444444444,0.7777777777777777,88.88888888888889,309.26638562348654
0.5555555555555556,0.4444444444444444,0.8888888888888888,88.88888888888889,301.75675107539763
0.5555555555555556,0.4444444444444444,1.0,88.88888888888889,300.1913271957144
0.5555555555555556,0.5555555555555556,0.0,88.88888888888889,300.1913271957144
0.5555555555555556,0.5555555555555556,0.1111111111111111,88.88888888888889,301.7567510753976
0.5555555555555556,0.5555555555555556,0.2222222222222222,88.88888888888889,309.26638562348654
0.5555555555555556,0.5555555555555556,0.3333333333333333,88.88888888888889,328.078708648118
0.5555555555555556,0.5555555555555556,0.4444444444444444,88.88888888888889,348.8776718145593
0.5555555555555556,0.5555555555555556,0.5555555555555556,88.88888888888889,348.8776718145593
0.5555555555555556,0.5555555555555556,0.6666666666666666,88.88888888888889,328.078708648118
0.5555555555555556,0.5555555555555556,0.7777777777777777,88.88888888888889,309.26638562348654
0.5555555555555556,0.5555555555555556,0.8888888888888888,88.88888888888889,301.75675107539763
0.5555555555555556,0.5555555555555556,1.0,88.88888888888889,300.1913271957144
0.5555555555555556,0.6666666666666666,0.0,88.88888888888889,300.10991154826905
0.5555555555555556,0.6666666666666666,0.1111111111111111,88.88888888888889,301.00919908379643
0.5555555555555556,0.6666666666666666,0.2222222222222222,88.88888888888889,305.323251547867
0.5555555555555556,0.6666666666666666,0.3333333333333333,88.88888888888889,316.1303484817591
0.5555555555555556,0.6666666666666666,0.4444444444444444,88.88888888888889,328.078708648118
0.5555555555555556,0.6666666666666666,0.5555555555555556,88.88888888888889,328.078708648118
0.5555555555555556,0.6666666666666666,0.6666666666666666,88.88888888888889,316.1303484817591
0.5555555555555556,0.6666666666666666,0.7777777777777777,88.88888888888889,305.323251547867
0.5555555555555556,0.6666666666666666,0.8888888888888888,88.88888888888889,301.00919908379643
0.5555555555555556,0.6666666666666666,1.0,88.88888888888889,300.10991154826905
0.5555555555555556,0.7777777777777777,0.0,88.88888888888889,300.03627242276343
0.5555555555555556,0.7777777777777777,0.1111111111111111,88.88888888888889,300.3330504973901
0.5555555555555556,0.7777777777777777,0.2222222222222222,88.88888888888889,301.75675107539763
0.5555555555555556,0.7777777777777777,0.3333333333333333,88.88888888888889,305.323251547867
0.5555555555555556,0.7777777777777777,0.4444444444444444,88.88888888888889,309.26638562348654
0.5555555555555556,0.7777777777777777,0.5555555555555556,88.88888888888889,309.26638562348654
0.5555555555555556,0.7777777777777777,0.6666666666666666,88.88888888888889,305.323251547867
0.5555555555555556,0.7777777777777777,0.7777777777777777,88.88888888888889,301.75675107539763
0.5555555555555556,0.7777777777777777,0.8888888888888888,88.88888888888889,300.3330504973901
0.5555555555555556,0.7777777777777777,1.0,88.88888888888889,300.03627242276343
0.5555555555555556,0.8888888888888888,0.0,88.88888888888889,300.006876642122
0.5555555555555556,0.8888888888888888,0.1111111111111111,88.88888888888889,300.06314078036735
0.5555555555555556,0.8888888888888888,0.2222222222222222,88.88888888888889,300.3330504973901
0.5555555555555556,0.8888888888888888,0.3333333333333333,88.88888888888889,301.00919908379643
0.5555555555555556,0.8888888888888888,0.4444444444444444,88.88888888888889,301.7567510753976
0.5555555555555556,0.8888888888888888,0.5555555555555556,88.88888888888889,301.7567510753976
0.5555555555555556,0.8888888888888888,0.6666666666666666,88.88888888888889,301.00919908379643
0.5555555555555556,0.8888888888888888,0.7777777777777777,88.88888888888889,300.3330504973901
0.5555555555555556,0.8888888888888888,0.8888888888888888,88.88888888888889,300.06314078036735
0.5555555555555556,0.8888888888888888,1.0,88.88888888888889,300.006876642122
0.5555555555555556,1.0,0.0,88.88888888888889,300.00074893288615
0.5555555555555556,1.0,0.1111111111111111,88.88888888888889,300.006876642122
0.5555555555555556,1.0,0.2222222222222222,88.88888888888889,300.03627242276343
0.5555555555555556,1.0,0.3333333333333333,88.88888888888889,300.10991154826905
0.5555555555555556,1.0,0.4444444444444444,88.88888888888889,300.1913271957144
0.5555555555555556,1.0,0.5555555555555556,88.88888888888889,300.1913271957144
0.5555555555555556,1.0,0.6666666666666666,88.88888888888889,300.10991154826905
0.5555555555555556,1.0,0.7777777777777777,88.88888888888889,300.03627242276343
0.5555555555555556,1.0,0.8888888888888888,88.88888888888889,300.006876642122
0.5555555555555556,1.0,1.0,88.88888888888889,300.00074893288615
0.6666666666666666,0.0,0.0,88.88888888888889,300.0004302387476
0.6666666666666666,0.0,0.1111111111111111,88.88888888888889,300.0039504179199
0.6666666666666666,0.0,0.2222222222222222,88.88888888888889,300.0208373834703
0.6666666666666666,0.0,0.3333333333333333,88.88888888888889,300.06314078036735
0.6666666666666666,0.0,0.4444444444444444,88.88888888888889,300.10991154826905
0.6666666666666666,0.0,0.5555555555555556,88.88888888888889,300.10991154826905
0.6666666666666666,0.0,0.6666666666666666,88.88888888888889,300.06314078036735
0.6666666666666666,0.0,0.7777777777777777,88.88888888888889,300.0208373834703
0.6666666666666666,0.0,0.8888888888888888,88.88888888888889,300.0039504179199
0.6666666666666666,0.0,1.0,88.88888888888889,300.0004302387476
0.6666666666666666,0.1111111111111111,0.0,88.88888888888889,300.0039504179199
0.6666666666666666,0.1111111111111111,0.1111111111111111,88.88888888888889,300.03627242276343
0.6666666666666666,0.1111111111111111,0.2222222222222222,88.88888888888889,300.1913271957144
0.6666666666666666,0.1111111111111111,0.3333333333333333,88.88888888888889,300.5797536173445
0.6666666666666666,0.1111111111111111,0.4444444444444444,88.88888888888889,301.00919908379643
0.6666666666666666,0.1111111111111111,0.5555555555555556,88.88888888888889,301.00919908379643
0.6666666666666666,0.1111111111111111,0.6666666666666666,88.88888888888889,300.5797536173445
0.6666666666666666,0.1111111111111111,0.7777777777777777,88.88888888888889,300.1913271957144
0.6666666666666666,0.1111111111111111,0.8888888888888888,88.88888888888889,300.03627242276343
0.6666666666666666,0.1111111111111111,1.0,88.88888888888889,300.0039504179199
0.6666666666666666,0.2222222222222222,0.0,88.88888888888889,300.0208373834703
0.6666666666666666,0.2222222222222222,0.1111111111111111,88.88888888888889,300.1913271957144
0.6666666666666666,0.2222222222222222,0.2222222222222222,88.88888888888889,301.00919908379643
0.6666666666666666,0.2222222222222222,0.3333333333333333,88.88888888888889,303.0580431457596
0.6666666666666666,0.2222222222222222,0.4444444444444444,88.88888888888889,305.323251547867
0.6666666666666666,0.2222222222222222,0.5555555555555556,88.88888888888889,305.323251547867
0.6666666666666666,0.2222222222222222,0.6666666666666666,88.88888888888889,303.0580431457596
0.6666666666666666,0.2222222222222222,0.7777777777777777,88.88888888888889,301.0091990837965
0.6666666666666666,0.2222222222222222,0.8888888888888888,88.88888888888889,300.1913271957144
0.6666666666666666,0.2222222222222222,1.0,88.88888888888889,300.0208373834703
0.6666666666666666,0.3333333333333333,0.0,88.88888888888889,300.06314078036735
0.6666666666666666,0.3333333333333333,0.1111111111111111,88.88888888888889,300.5797536173445
0.6666666666666666,0.3333333333333333,0.2222222222222222,88.88888888888889,303.0580431457596
0.6666666666666666,0.3333333333333333,0.3333333333333333,88.88888888888889,309.26638562348654
0.6666666666666666,0.3333333333333333,0.4444444444444444,88.88888888888889,316.1303484817591
0.6666666666666666,0.3333333333333333,0.5555555555555556,88.88888888888889,316.1303484817591
0.6666666666666666,0.3333333333333333,0.6666666666666666,88.88888888888889,309.26638562348654
0.6666666666666666,0.3333333333333333,0.7777777777777777,88.88888888888889,303.0580431457596
0.6666666666666666,0.3333333333333333,0.8888888888888888,88.88888888888889,300.5797536173445
0.6666666666666666,0.3333333333333333,1.0,88.88888888888889,300.06314078036735
0.6666666666666666,0.4444444444444444,0.0,88.88888888888889,300.10991154826905
0.6666666666666666,0.4444444444444444,0.1111111111111111,88.88888888888889,301.00919908379643
0.6666666666666666,0.4444444444444444,0.2222222222222222,88.88888888888889,305.323251547867
0.6666666666666666,0.4444444444444444,0.3333333333333333,88.88888888888889,316.1303484817591
0.6666666666666666,0.4444444444444444,0.4444444444444444,88.88888888888889,328.078708648118
0.6666666666666666,0.4444444444444444,0.5555555555555556,88.88888888888889,328.078708648118
0.6666666666666666,0.4444444444444444,0.6666666666666666,88.88888888888889,316.1303484817591
0.6666666666666666,0.4444444444444444,0.7777777777777777,88.88888888888889,305.323251547867
0.6666666666666666,0.4444444444444444,0.8888888888888888,88.88888888888889,301.00919908379643
0.6666666666666666,0.4444444444444444,1.0,88.88888888888889,300.10991154826905
0.6666666666666666,0.5555555555555556,0.0,88.88888888888889,300.10991154826905
0.6666666666666666,0.5555555555555556,0.1111111111111111,88.88888888888889,301.00919908379643
0.6666666666666666,0.5555555555555556,0.2222222222222222,88.88888888888889,305.323251547867
0.6666666666666666,0.5555555555555556,0.3333333333333333,88.88888888888889,316.1303484817591
0.6666666666666666,0.5555555555555556,0.4444444444444444,88.88888888888889,328.078708648118
0.6666666666666666,0.5555555555555556,0.5555555555555556,88.88888888888889,328.078708648118
0.6666666666666666,0.5555555555555556,0.6666666666666666,88.88888888888889,316.1303484817591
0.6666666666666666,0.5555555555555556,0.7777777777777777,88.88888888888889,305.323251547867
0.6666666666666666,0.5555555555555556,0.8888888888888888,88.88888888888889,301.00919908379643
0.6666666666666666,0.5555555555555556,1.0,88.88888888888889,300.10991154826905
0.6666666666666666,0.6666666666666666,0.0,88.88888888888889,300.06314078036735
0.6666666666666666,0.6666666666666666,0.1111111111111111,88.88888888888889,300.5797536173445
0.6666666666666666,0.6666666666666666,0.2222222222222222,88.88888888888889,303.0580431457596
0.6666666666666666,0.6666666666666666,0.3333333333333333,88.88888888888889,309.26638562348654
0.6666666666666666,0.6666666666666666,0.4444444444444444,88.88888888888889,316.1303484817591
0.6666666666666666,0.6666666666666666,0.5555555555555556,88.88888888888889,316.1303484817591
0.6666666666666666,0.6666666666666666,0.6666666666666666,88.88888888888889,309.26638562348654
0.6666666666666666,0.6666666666666666,0.7777777777777777,88.88888888888889,303.0580431457596
0.6666666666666666,0.6666666666666666,0.8888888888888888,88.88888888888889,300.5797536173445
0.6666666666666666,0.6666666666666666,1.0,88.88888888888889,300.06314078036735
0.6666666666666666,0.7777777777777777,0.0,88.88888888888889,300.0208373834703
0.6666666666666666,0.7777777777777777,0.1111111111111111,88.88888888888889,300.1913271957144
0.6666666666666666,0.7777777777777777,0.2222222222222222,88.88888888888889,301.0091990837965
0.6666666666666666,0.7777777777777777,0.3333333333333333,88.88888888888889,303.0580431457596
0.6666666666666666,0.7777777777777777,0.4444444444444444,88.88888888888889,305.323251547867
0.6666666666666666,0.7777777777777777,0.5555555555555556,88.88888888888889,305.323251547867
0.6666666666666666,0.7777777777777777,0.6666666666666666,88.88888888888889,303.0580431457596
0.6666666666666666,0.7777777777777777,0.7777777777777777,88.88888888888889,301.0091990837965
0.6666666666666666,0.7777777777777777,0.8888888888888888,88.88888888888889,300.1913271957144
0.6666666666666666,0.7777777777777777,1.0,88.88888888888889,300.0208373834703
0.6666666666666666,0.8888888888888888,0.0,88.88888888888889,300.0039504179199
0.6666666666666666,0.8888888888888888,0.1111111111111111,88.88888888888889,300.03627242276343
0.6666666666666666,0.8888888888888888,0.2222222222222222,88.88888888888889,300.1913271957144
0.6666666666666666,0.8888888888888888,0.3333333333333333,88.88888888888889,300.5797536173445
0.6666666666666666,0.8888888888888888,0.4444444444444444,88.88888888888889,301.00919908379643
0.6666666666666666,0.8888888888888888,0.5555555555555556,88.88888888888889,301.00919908379643
0.6666666666666666,0.8888888888888888,0.6666666666666666,88.88888888888889,300.5797536173445
0.6666666666666666,0.8888888888888888,0.7777777777777777,88.88888888888889,300.1913271957144
0.6666666666666666,0.8888888888888888,0.8888888888888888,88.88888888888889,300.03627242276343
0.6666666666666666,0.8888888888888888,1.0,88.88888888888889,300.0039504179199
0.6666666666666666,1.0,0.0,88.88888888888889,300.0004302387476
0.6666666666666666,1.0,0.1111111111111111,88.88888888888889,300.0039504179199
0.6666666666666666,1.0,0.2222222222222222,88.88888888888889,300.0208373834703
0.6666666666666666,1.0,0.3333333333333333,88.88888888888889,300.06314078036735
0.6666666666666666,1.0,0.4444444444444444,88.88888888888889,300.10991154826905
0.6666666666666666,1.0,0.5555555555555556,88.88888888888889,300.10991154826905
0.6666666666666666,1.0,0.6666666666666666,88.88888888888889,300.06314078036735
0.6666666666666666,1.0,0.7777777777777777,88.88888888888889,300.0208373834703
0.6666666666666666,1.0,0.8888888888888888,88.88888888888889,300.0039504179199
0.6666666666666666,1.0,1.0,88.88888888888889,300.0004302387476
0.7777777777777777,0.0,0.0,88.88888888888889,300.0001419850961
0.7777777777777777,0.0,0.1111111111111111,88.88888888888889,300.0013036958458
0.7777777777777777,0.0,0.2222222222222222,88.88888888888889,300.006876642122
0.7777777777777777,0.0,0.3333333333333333,88.88888888888889,300.0208373834703
0.7777777777777777,0.0,0.4444444444444444,88.88888888888889,300.03627242276343
0.7777777777777777,0.0,0.5555555555555556,88.88888888888889,300.03627242276343
0.7777777777777777,0.0,0.6666666666666666,88.88888888888889,300.0208373834703
0.7777777777777777,0.0,0.7777777777777777,88.88888888888889,300.006876642122
0.7777777777777777,0.0,0.8888888888888888,88.88888888888889,300.0013036958458
0.7777777777777777,0.0,1.0,88.88888888888889,300.0001419850961
0.7777777777777777,0.1111111111111111,0.0,88.88888888888889,300.0013036958458
0.7777777777777777,0.1111111111111111,0.1111111111111111,88.88888888888889,300.011970431441
0.7777777777777777,0.1111111111111111,0.2222222222222222,88.88888888888889,300.06314078036735
0.7777777777777777,0.1111111111111111,0.3333333333333333,88.88888888888889,300.1913271957144
0.7777777777777777,0.1111111111111111,0.4444444444444444,88.88888888888889,300.3330504973901
0.7777777777777777,0.1111111111111111,0.5555555555555556,88.88888888888889,300.3330504973901
0.7777777777777777,0.1111111111111111,0.6666666666666666,88.88888888888889,300.1913271957144
0.7777777777777777,0.1111111111111111,0.7777777777777777,88.88888888888889,300.06314078036735
0.7777777777777777,0.1111111111111111,0.8888888888888888,88.88888888888889,300.011970431441
0.7777777777777777,0.1111111111111111,1.0,88.88888888888889,300.0013036958458
0.7777777777777777,0.2222222222222222,0.0,88.88888888888889,300.006876642122
0.7777777777777777,0.2222222222222222,0.1111111111111111,88.88888888888889,300.06314078036735
0.7777777777777777,0.2222222222222222,0.2222222222222222,88.88888888888889,300.3330504973901
0.7777777777777777,0.2222222222222222,0.3333333333333333,88.88888888888889,301.00919908379643
0.7777777777777777,0.2222222222222222,0.4444444444444444,88.88888888888889,301.7567510753976
0.7777777777777777,0.2222222222222222,0.5555555555555556,88.88888888888889,301.7567510753976
0.7777777777777777,0.2222222222222222,0.6666666666666666,88.88888888888889,301.00919908379643
0.7777777777777777,0.2222222222222222,0.7777777777777777,88.88888888888889,300.3330504973901
0.7777777777777777,0.2222222222222222,0.8888888888888888,88.88888888888889,300.06314078036735
0.7777777777777777,0.2222222222222222,1.0,88.88888888888889,300.006876642122
0.7777777777777777,0.3333333333333333,0.0,88.88888888888889,300.0208373834703
0.7777777777777777,0.3333333333333333,0.1111111111111111,88.88888888888889,300.1913271957144
0.7777777777777777,0.3333333333333333,0.2222222222222222,88.88888888888889,301.00919908379643
0.7777777777777777,0.3333333333333333,0.3333333333333333,88.88888888888889,303.0580431457596
0.7777777777777777,0.3333333333333333,0.4444444444444444,88.88888888888889,305.323251547867
0.7777777777777777,0.3333333333333333,0.5555555555555556,88.88888888888889,305.323251547867
0.7777777777777777,0.3333333333333333,0.6666666666666666,88.88888888888889,303.0580431457596
0.7777777777777777,0.3333333333333333,0.7777777777777777,88.88888888888889,301.0091990837965
0.7777777777777777,0.3333333333333333,0.8888888888888888,88.88888888888889,300.1913271957144
0.7777777777777777,0.3333333333333333,1.0,88.88888888888889,300.0208373834703
0.7777777777777777,0.4444444444444444,0.0,88.88888888888889,300.03627242276343
0.7777777777777777,0.4444444444444444,0.1111111111111111,88.88888888888889,300.3330504973901
0.7777777777777777,0.4444444444444444,0.2222222222222222,88.88888888888889,301.75675107539763
0.7777777777777777,0.4444444444444444,0.3333333333333333,88.88888888888889,305.323251547867
0.7777777777777777,0.4444444444444444,0.4444444444444444,88.88888888888889,309.26638562348654
0.7777777777777777,0.4444444444444444,0.5555555555555556,88.88888888888889,309.26638562348654
0.7777777777777777,0.4444444444444444,0.6666666666666666,88.88888888888889,305.323251547867
0.7777777777777777,0.4444444444444444,0.7777777777777777,88.88888888888889,301.75675107539763
0.7777777777777777,0.4444444444444444,0.8888888888888888,88.88888888888889,300.3330504973901
0.7777777777777777,0.4444444444444444,1.0,88.88888888888889,300.03627242276343
0.7777777777777777,0.5555555555555556,0.0,88.88888888888889,300.03627242276343
0.7777777777777777,0.5555555555555556,0.1111111111111111,88.88888888888889,300.3330504973901
0.7777777777777777,0.5555555555555556,0.2222222222222222,88.88888888888889,301.75675107539763
0.7777777777777777,0.5555555555555556,0.3333333333333333,88.88888888888889,305.323251547867
0.7777777777777777,0.5555555555555556,0.4444444444444444,88.88888888888889,309.26638562348654
0.7777777777777777,0.5555555555555556,0.5555555555555556,88.88888888888889,309.26638562348654
0.7777777777777777,0.5555555555555556,0.6666666666666666,88.88888888888889,305.323251547867
0.7777777777777777,0.5555555555555556,0.7777777777777777,88.88888888888889,301.75675107539763
0.7777777777777777,0.5555555555555556,0.8888888888888888,88.88888888888889,300.3330504973901
0.7777777777777777,0.5555555555555556,1.0,88.88888888888889,300.03627242276343
0.7777777777777777,0.6666666666666666,0.0,88.88888888888889,300.0208373834703
0.7777777777777777,0.6666666666666666,0.1111111111111111,88.88888888888889,300.1913271957144
0.7777777777777777,0.6666666666666666,0.2222222222222222,88.88888888888889,301.0091990837965
0.7777777777777777,0.6666666666666666,0.3333333333333333,88.88888888888889,303.0580431457596
0.7777777777777777,0.6666666666666666,0.4444444444444444,88.88888888888889,305.323251547867
0.7777777777777777,0.6666666666666666,0.5555555555555556,88.88888888888889,305.323251547867
0.7777777777777777,0.6666666666666666,0.6666666666666666,88.88888888888889,303.0580431457596
0.7777777777777777,0.6666666666666666,0.7777777777777777,88.88888888888889,301.0091990837965
0.7777777777777777,0.6666666666666666,0.8888888888888888,88.88888888888889,300.1913271957144
0.7777777777777777,0.6666666666666666,1.0,88.88888888888889,300.0208373834703
0.7777777777777777,0.7777777777777777,0.0,88.88888888888889,300.006876642122
0.7777777777777777,0.7777777777777777,0.1111111111111111,88.88888888888889,300.06314078036735
0.7777777777777777,0.7777777777777777,0.2222222222222222,88.88888888888889,300.3330504973901
0.7777777777777777,0.7777777777777777,0.3333333333333333,88.88888888888889,301.0091990837965
0.7777777777777777,0.7777777777777777,0.4444444444444444,88.88888888888889,301.75675107539763
0.7777777777777777,0.7777777777777777,0.5555555555555556,88.88888888888889,301.75675107539763
0.7777777777777777,0.7777777777777777,0.6666666666666666,88.88888888888889,301.0091990837965
0.7777777777777777,0.7777777777777777,0.7777777777777777,88.88888888888889,300.3330504973901
0.7777777777777777,0.7777777777777777,0.8888888888888888,88.88888888888889,300.06314078036735
0.7777777777777777,0.7777777777777777,1.0,88.88888888888889,300.006876642122
0.7777777777777777,0.8888888888888888,0.0,88.88888888888889,300.0013036958458
0.7777777777777777,0.8888888888888888,0.1111111111111111,88.88888888888889,300.011970431441
0.7777777777777777,0.8888888888888888,0.2222222222222222,88.88888888888889,300.06314078036735
0.7777777777777777,0.8888888888888888,0.3333333333333333,88.88888888888889,300.1913271957144
0.7777777777777777,0.8888888888888888,0.4444444444444444,88.88888888888889,300.3330504973901
0.7777777777777777,0.8888888888888888,0.5555555555555556,88.88888888888889,300.3330504973901
0.7777777777777777,0.8888888888888888,0.6666666666666666,88.88888888888889,300.1913271957144
0.7777777777777777,0.8888888888888888,0.7777777777777777,88.88888888888889,300.06314078036735
0.7777777777777777,0.8888888888888888,0.8888888888888888,88.88888888888889,300.011970431441
0.7777777777777777,0.8888888888888888,1.0,88.88888888888889,300.0013036958458
0.7777777777777777,1.0,0.0,88.88888888888889,300.0001419850961
0.7777777777777777,1.0,0.1111111111111111,88.88888888888889,300.0013036958458
0.7777777777777777,1.0,0.2222222222222222,88.88888888888889,300.006876642122
0.7777777777777777,1.0,0.3333333333333333,88.88888888888889,300.0208373834703
0.7777777777777777,1.0,0.4444444444444444,88.88888888888889,300.03627242276343
0.7777777777777777,1.0,0.5555555555555556,88.88888888888889,300.03627242276343
0.7777777777777777,1.0,0.6666666666666666,88.88888888888889,300.0208373834703
0.7777777777777777,1.0,0.7777777777777777,88.88888888888889,300.006876642122
0.7777777777777777,1.0,0.8888888888888888,88.88888888888889,300.0013036958458
0.7777777777777777,1.0,1.0,88.88888888888889,300.0001419850961
0.8888888888888888,0.0,0.0,88.88888888888889,300.00002691798943
0.8888888888888888,0.0,0.1111111111111111,88.88888888888889,300.0002471588354
0.8888888888888888,0.0,0.2222222222222222,88.88888888888889,300.0013036958458
0.8888888888888888,0.0,0.3333333333333333,88.88888888888889,300.0039504179199
0.8888888888888888,0.0,0.4444444444444444,88.88888888888889,300.006876642122
0.8888888888888888,0.0,0.5555555555555556,88.88888888888889,300.006876642122
0.8888888888888888,0.0,0.6666666666666666,88.88888888888889,300.0039504179199
0.8888888888888888,0.0,0.7777777777777777,88.88888888888889,300.0013036958458
0.8888888888888888,0.0,0.8888888888888888,88.88888888888889,300.0002471588354
0.8888888888888888,0.0,1.0,88.88888888888889,300.00002691798943
0.8888888888888888,0.1111111111111111,0.0,88.88888888888889,300.0002471588354
0.8888888888888888,0.1111111111111111,0.1111111111111111,88.88888888888889,300.00226939274506
0.8888888888888888,0.1111111111111111,0.2222222222222222,88.88888888888889,300.011970431441
0.8888888888888888,0.1111111111111111,0.3333333333333333,88.88888888888889,300.03627242276343
0.8888888888888888,0.1111111111111111,0.4444444444444444,88.88888888888889,300.06314078036735
0.8888888888888888,0.1111111111111111,0.5555555555555556,88.88888888888889,300.06314078036735
0.8888888888888888,0.1111111111111111,0.6666666666666666,88.88888888888889,300.03627242276343
0.8888888888888888,0.1111111111111111,0.7777777777777777,88.88888888888889,300.011970431441
0.8888888888888888,0.1111111111111111,0.8888888888888888,88.88888888888889,300.00226939274506
0.8888888888888888,0.1111111111111111,1.0,88.88888888888889,300.0002471588354
0.8888888888888888,0.2222222222222222,0.0,88.88888888888889,300.0013036958458
0.8888888888888888,0.2222222222222222,0.1111111111111111,88.88888888888889,300.011970431441
0.8888888888888888,0.2222222222222222,0.2222222222222222,88.88888888888889,300.06314078036735
0.8888888888888888,0.2222222222222222,0.3333333333333333,88.88888888888889,300.1913271957144
0.8888888888888888,0.2222222222222222,0.4444444444444444,88.88888888888889,300.3330504973901
0.8888888888888888,0.2222222222222222,0.5555555555555556,88.88888888888889,300.3330504973901
0.8888888888888888,0.2222222222222222,0.6666666666666666,88.88888888888889,300.1913271957144
0.8888888888888888,0.2222222222222222,0.7777777777777777,88.88888888888889,300.06314078036735
0.8888888888888888,0.2222222222222222,0.8888888888888888,88.88888888888889,300.011970431441
0.8888888888888888,0.2222222222222222,1.0,88.88888888888889,300.0013036958458
0.8888888888888888,0.3333333333333333,0.0,88.88888888888889,300.0039504179199
0.8888888888888888,0.3333333333333333,0.1111111111111111,88.88888888888889,300.03627242276343
0.8888888888888888,0.3333333333333333,0.2222222222222222,88.88888888888889,300.1913271957144
0.8888888888888888,0.3333333333333333,0.3333333333333333,88.88888888888889,300.5797536173445
0.8888888888888888,0.3333333333333333,0.4444444444444444,88.88888888888889,301.00919908379643
0.8888888888888888,0.3333333333333333,0.5555555555555556,88.88888888888889,301.00919908379643
0.8888888888888888,0.3333333333333333,0.6666666666666666,88.88888888888889,300.5797536173445
0.8888888888888888,0.3333333333333333,0.7777777777777777,88.88888888888889,300.1913271957144
0.8888888888888888,0.3333333333333333,0.8888888888888888,88.88888888888889,300.03627242276343
0.8888888888888888,0.3333333333333333,1.0,88.88888888888889,300.0039504179199
0.8888888888888888,0.4444444444444444,0.0,88.88888888888889,300.006876642122
0.8888888888888888,0.4444444444444444,0.1111111111111111,88.88888888888889,300.06314078036735
0.8888888888888888,0.4444444444444444,0.2222222222222222,88.88888888888889,300.3330504973901
0.8888888888888888,0.4444444444444444,0.3333333333333333,88.88888888888889,301.00919908379643
0.8888888888888888,0.4444444444444444,0.4444444444444444,88.88888888888889,301.7567510753976
0.8888888888888888,0.4444444444444444,0.5555555555555556,88.88888888888889,301.7567510753976
0.8888888888888888,0.4444444444444444,0.6666666666666666,88.88888888888889,301.00919908379643
0.8888888888888888,0.4444444444444444,0.7777777777777777,88.88888888888889,300.3330504973901
0.8888888888888888,0.4444444444444444,0.8888888888888888,88.88888888888889,300.06314078036735
0.8888888888888888,0.4444444444444444,1.0,88.88888888888889,300.006876642122
0.8888888888888888,0.5555555555555556,0.0,88.88888888888889,300.006876642122
0.8888888888888888,0.5555555555555556,0.1111111111111111,88.88888888888889,300.06314078036735
0.8888888888888888,0.5555555555555556,0.2222222222222222,88.88888888888889,300.3330504973901
0.8888888888888888,0.5555555555555556,0.3333333333333333,88.88888888888889,301.00919908379643
0.8888888888888888,0.5555555555555556,0.4444444444444444,88.88888888888889,301.7567510753976
0.8888888888888888,0.5555555555555556,0.5555555555555556,88.88888888888889,301.7567510753976
0.8888888888888888,0.5555555555555556,0.6666666666666666,88.88888888888889,301.00919908379643
0.8888888888888888,0.5555555555555556,0.7777777777777777,88.88888888888889,300.3330504973901
0.8888888888888888,0.5555555555555556,0.8888888888888888,88.88888888888889,300.06314078036735
0.8888888888888888,0.5555555555555556,1.0,88.88888888888889,300.006876642122
0.8888888888888888,0.6666666666666666,0.0,88.88888888888889,300.0039504179199
0.8888888888888888,0.6666666666666666,0.1111111111111111,88.88888888888889,300.03627242276343
0.8888888888888888,0.6666666666666666,0.2222222222222222,88.88888888888889,300.1913271957144
0.8888888888888888,0.6666666666666666,0.3333333333333333,88.88888888888889,300.5797536173445
0.8888888888888888,0.6666666666666666,0.4444444444444444,88.88888888888889,301.00919908379643
0.8888888888888888,0.6666666666666666,0.5555555555555556,88.88888888888889,301.00919908379643
0.8888888888888888,0.6666666666666666,0.6666666666666666,88.88888888888889,300.5797536173445
0.8888888888888888,0.6666666666666666,0.7777777777777777,88.88888888888889,300.1913271957144
0.8888888888888888,0.6666666666666666,0.8888888888888888,88.88888888888889,300.03627242276343
0.8888888888888888,0.6666666666666666,1.0,88.88888888888889,300.0039504179199
0.8888888888888888,0.7777777777777777,0.0,88.88888888888889,300.0013036958458
0.8888888888888888,0.7777777777777777,0.1111111111111111,88.88888888888889,300.011970431441
0.8888888888888888,0.7777777777777777,0.2222222222222222,88.88888888888889,300.06314078036735
0.8888888888888888,0.7777777777777777,0.3333333333333333,88.88888888888889,300.1913271957144
0.8888888888888888,0.7777777777777777,0.4444444444444444,88.88888888888889,300.3330504973901
0.8888888888888888,0.7777777777777777,0.5555555555555556,88.88888888888889,300.3330504973901
0.8888888888888888,0.7777777777777777,0.6666666666666666,88.88888888888889,300.1913271957144
0.8888888888888888,0.7777777777777777,0.7777777777777777,88.88888888888889,300.06314078036735
0.8888888888888888,0.7777777777777777,0.8888888888888888,88.88888888888889,300.011970431441
0.8888888888888888,0.7777777777777777,1.0,88.88888888888889,300.0013036958458
0.8888888888888888,0.8888888888888888,0.0,88.88888888888889,300.0002471588354
0.8888888888888888,0.8888888888888888,0.1111111111111111,88.88888888888889,300.00226939274506
0.8888888888888888,0.8888888888888888,0.2222222222222222,88.88888888888889,300.011970431441
0.8888888888888888,0.8888888888888888,0.3333333333333333,88.88888888888889,300.03627242276343
0.8888888888888888,0.8888888888888888,0.4444444444444444,88.88888888888889,300.06314078036735
0.8888888888888888,0.8888888888888888,0.5555555555555556,88.88888888888889,300.06314078036735
0.8888888888888888,0.8888888888888888,0.6666666666666666,88.88888888888889,300.03627242276343
0.8888888888888888,0.8888888888888888,0.7777777777777777,88.88888888888889,300.011970431441
0.8888888888888888,0.8888888888888888,0.8888888888888888,88.88888888888889,300.00226939274506
0.8888888888888888,0.8888888888888888,1.0,88.88888888888889,300.0002471588354
0.8888888888888888,1.0,0.0,88.88888888888889,300.00002691798943
0.8888888888888888,1.0,0.1111111111111111,88.88888888888889,300.0002471588354
0.8888888888888888,1.0,0.2222222222222222,88.88888888888889,300.0013036958458
0.8888888888888888,1.0,0.3333333333333333,88.88888888888889,300.0039504179199
0.8888888888888888,1.0,0.4444444444444444,88.88888888888889,300.006876642122
0.8888888888888888,1.0,0.5555555555555556,88.88888888888889,300.006876642122
0.8888888888888888,1.0,0.6666666666666666,88.88888888888889,300.0039504179199
0.8888888888888888,1.0,0.7777777777777777,88.88888888888889,300.0013036958458
0.8888888888888888,1.0,0.8888888888888888,88.88888888888889,300.0002471588354
0.8888888888888888,1.0,1.0,88.88888888888889,300.00002691798943
1.0,0.0,0.0,88.88888888888889,300.0000029316296
1.0,0.0,0.1111111111111111,88.88888888888889,300.00002691798943
1.0,0.0,0.2222222222222222,88.88888888888889,300.0001419850961
1.0,0.0,0.3333333333333333,88.88888888888889,300.0004302387476
1.0,0.0,0.4444444444444444,88.88888888888889,300.00074893288615
1.0,0.0,0.5555555555555556,88.88888888888889,300.00074893288615
1.0,0.0,0.6666666666666666,88.88888888888889,300.0004302387476
1.0,0.0,0.7777777777777777,88.88888888888889,300.0001419850961
1.0,0.0,0.8888888888888888,88.88888888888889,300.00002691798943
1.0,0.0,1.0,88.88888888888889,300.0000029316296
1.0,0.1111111111111111,0.0,88.88888888888889,300.00002691798943
1.0,0.1111111111111111,0.1111111111111111,88.88888888888889,300.0002471588354
1.0,0.1111111111111111,0.2222222222222222,88.88888888888889,300.0013036958458
1.0,0.1111111111111111,0.3333333333333333,88.88888888888889,300.0039504179199
1.0,0.1111111111111111,0.4444444444444444,88.88888888888889,300.006876642122
1.0,0.1111111111111111,0.5555555555555556,88.88888888888889,300.006876642122
1.0,0.1111111111111111,0.6666666666666666,88.88888888888889,300.0039504179199
1.0,0.1111111111111111,0.7777777777777777,88.88888888888889,300.0013036958458
1.0,0.1111111111111111,0.8888888888888888,88.88888888888889,300.0002471588354
1.0,0.1111111111111111,1.0,88.88888888888889,300.00002691798943
1.0,0.2222222222222222,0.0,88.88888888888889,300.0001419850961
1.0,0.2222222222222222,0.1111111111111111,88.88888888888889,300.0013036958458
1.0,0.2222222222222222,0.2222222222222222,88.88888888888889,300.006876642122
1.0,0.2222222222222222,0.3333333333333333,88.88888888888889,300.0208373834703
1.0,0.2222222222222222,0.4444444444444444,88.88888888888889,300.03627242276343
1.0,0.2222222222222222,0.5555555555555556,88.88888888888889,300.03627242276343
1.0,0.2222222222222222,0.6666666666666666,88.88888888888889,300.0208373834703
1.0,0.2222222222222222,0.7777777777777777,88.88888888888889,300.006876642122
1.0,0.2222222222222222,0.8888888888888888,88.88888888888889,300.0013036958458
1.0,0.2222222222222222,1.0,88.88888888888889,300.0001419850961
1.0,0.3333333333333333,0.0,88.88888888888889,300.0004302387476
1.0,0.3333333333333333,0.1111111111111111,88.88888888888889,300.0039504179199
1.0,0.3333333333333333,0.2222222222222222,88.88888888888889,300.0208373834703
1.0,0.3333333333333333,0.3333333333333333,88.88888888888889,300.06314078036735
1.0,0.3333333333333333,0.4444444444444444,88.88888888888889,300.10991154826905
1.0,0.3333333333333333,0.5555555555555556,88.88888888888889,300.10991154826905
1.0,0.3333333333333333,0.6666666666666666,88.88888888888889,300.06314078036735
1.0,0.3333333333333333,0.7777777777777777,88.88888888888889,300.0208373834703
1.0,0.3333333333333333,0.8888888888888888,88.88888888888889,300.0039504179199
1.0,0.3333333333333333,1.0,88.88888888888889,300.0004302387476
1.0,0.4444444444444444,0.0,88.88888888888889,300.00074893288615
1.0,0.4444444444444444,0.1111111111111111,88.88888888888889,300.006876642122
1.0,0.4444444444444444,0.2222222222222222,88.88888888888889,300.03627242276343
1.0,0.4444444444444444,0.3333333333333333,88.88888888888889,300.10991154826905
1.0,0.4444444444444444,0.4444444444444444,88.88888888888889,300.1913271957144
1.0,0.4444444444444444,0.5555555555555556,88.88888888888889,300.1913271957144
1.0,0.4444444444444444,0.6666666666666666,88.88888888888889,300.10991154826905
1.0,0.4444444444444444,0.7777777777777777,88.88888888888889,300.03627242276343
1.0,0.4444444444444444,0.8888888888888888,88.88888888888889,300.006876642122
1.0,0.4444444444444444,1.0,88.88888888888889,300.00074893288615
1.0,0.5555555555555556,0.0,88.88888888888889,300.00074893288615
1.0,0.5555555555555556,0.1111111111111111,88.88888888888889,300.006876642122
1.0,0.5555555555555556,0.2222222222222222,88.88888888888889,300.03627242276343
1.0,0.5555555555555556,0.3333333333333333,88.88888888888889,300.10991154826905
1.0,0.5555555555555556,0.4444444444444444,88.88888888888889,300.1913271957144
1.0,0.5555555555555556,0.5555555555555556,88.88888888888889,300.1913271957144
1.0,0.5555555555555556,0.6666666666666666,88.88888888888889,300.10991154826905
1.0,0.5555555555555556,0.7777777777777777,88.88888888888889,300.03627242276343
1.0,0.5555555555555556,0.8888888888888888,88.88888888888889,300.006876642122
1.0,0.5555555555555556,1.0,88.88888888888889,300.00074893288615
1.0,0.6666666666666666,0.0,88.88888888888889,300.0004302387476
1.0,0.6666666666666666,0.1111111111111111,88.88888888888889,300.0039504179199
1.0,0.6666666666666666,0.2222222222222222,88.88888888888889,300.0208373834703
1.0,0.6666666666666666,0.3333333333333333,88.88888888888889,300.06314078036735
1.0,0.6666666666666666,0.4444444444444444,88.88888888888889,300.10991154826905
1.0,0.6666666666666666,0.5555555555555556,88.88888888888889,300.10991154826905
1.0,0.6666666666666666,0.6666666666666666,88.88888888888889,300.06314078036735
1.0,0.6666666666666666,0.7777777777777777,88.88888888888889,300.0208373834703
1.0,0.6666666666666666,0.8888888888888888,88.88888888888889,300.0039504179199
1.0,0.6666666666666666,1.0,88.88888888888889,300.0004302387476
1.0,0.7777777777777777,0.0,88.88888888888889,300.0001419850961
1.0,0.7777777777777777,0.1111111111111111,88.88888888888889,300.0013036958458
1.0,0.7777777777777777,0.2222222222222222,88.88888888888889,300.006876642122
1.0,0.7777777777777777,0.3333333333333333,88.88888888888889,300.0208373834703
1.0,0.7777777777777777,0.4444444444444444,88.88888888888889,300.03627242276343
1.0,0.7777777777777777,0.5555555555555556,88.88888888888889,300.03627242276343
1.0,0.7777777777777777,0.6666666666666666,88.88888888888889,300.0208373834703
1.0,0.7777777777777777,0.7777777777777777,88.88888888888889,300.006876642122
1.0,0.7777777777777777,0.8888888888888888,88.88888888888889,300.0013036958458
1.0,0.7777777777777777,1.0,88.88888888888889,300.0001419850961
1.0,0.8888888888888888,0.0,88.88888888888889,300.00002691798943
1.0,0.8888888888888888,0.1111111111111111,88.88888888888889,300.0002471588354
1.0,0.8888888888888888,0.2222222222222222,88.88888888888889,300.0013036958458
1.0,0.8888888888888888,0.3333333333333333,88.88888888888889,300.0039504179199
1.0,0.8888888888888888,0.4444444444444444,88.88888888888889,300.006876642122
1.0,0.8888888888888888,0.5555555555555556,88.88888888888889,300.006876642122
1.0,0.8888888888888888,0.6666666666666666,88.88888888888889,300.0039504179199
1.0,0.8888888888888888,0.7777777777777777,88.88888888888889,300.0013036958458
1.0,0.8888888888888888,0.8888888888888888,88.88888888888889,300.0002471588354
1.0,0.8888888888888888,1.0,88.88888888888889,300.00002691798943
1.0,1.0,0.0,88.88888888888889,300.0000029316296
1.0,1.0,0.1111111111111111,88.88888888888889,300.00002691798943
1.0,1.0,0.2222222222222222,88.88888888888889,300.0001419850961
1.0,1.0,0.3333333333333333,88.88888888888889,300.0004302387476
1.0,1.0,0.4444444444444444,88.88888888888889,300.00074893288615
1.0,1.0,0.5555555555555556,88.88888888888889,300.00074893288615
1.0,1.0,0.6666666666666666,88.88888888888889,300.0004302387476
1.0,1.0,0.7777777777777777,88.88888888888889,300.0001419850961
1.0,1.0,0.8888888888888888,88.88888888888889,300.00002691798943
1.0,1.0,1.0,88.88888888888889,300.0000029316296
0.0,0.0,0.0,100.0,300.0000078506601
0.0,0.0,0.1111111111111111,100.0,300.0000624870788
0.0,0.0,0.2222222222222222,100.0,300.0002961101258
0.0,0.0,0.3333333333333333,100.0,300.0008354015619
0.0,0.0,0.4444444444444444,100.0,300.001403189399
0.0,0.0,0.5555555555555556,100.0,300.001403189399
0.0,0.0,0.6666666666666666,100.0,300.0008354015619
0.0,0.0,0.7777777777777777,100.0,300.0002961101258
0.0,0.0,0.8888888888888888,100.0,300.0000624870788
0.0,0.0,1.0,100.0,300.0000078506601
0.0,0.1111111111111111,0.0,100.0,300.0000624870788
0.0,0.1111111111111111,0.1111111111111111,100.0,300.00049736391264
0.0,0.1111111111111111,0.2222222222222222,100.0,300.0023568791097
0.0,0.1111111111111111,0.3333333333333333,100.0,300.0066493521089
0.0,0.1111111111111111,0.4444444444444444,100.0,300.01116864130347
0.0,0.1111111111111111,0.5555555555555556,100.0,300.01116864130347
0.0,0.1111111111111111,0.6666666666666666,100.0,300.0066493521089
0.0,0.1111111111111111,0.7777777777777777,100.0,300.0023568791097
0.0,0.1111111111111111,0.8888888888888888,100.0,300.00049736391264
0.0,0.1111111111111111,1.0,100.0,300.0000624870788
0.0,0.2222222222222222,0.0,100.0,300.0002961101258
0.0,0.2222222222222222,0.1111111111111111,100.0,300.0023568791097
0.0,0.2222222222222222,0.2222222222222222,100.0,300.01116864130347
0.0,0.2222222222222222,0.3333333333333333,100.0,300.0315095620731
0.0,0.2222222222222222,0.4444444444444444,100.0,300.05292530620403
0.0,0.2222222222222222,0.5555555555555556,100.0,300.05292530620403
0.0,0.2222222222222222,0.6666666666666666,100.0,300.0315095620731
0.0,0.2222222222222222,0.7777777777777777,100.0,300.01116864130347
0.0,0.2222222222222222,0.8888888888888888,100.0,300.0023568791097
0.0,0.2222222222222222,1.0,100.0,300.0002961101258
0.0,0.3333333333333333,0.0,100.0,300.0008354015619
0.0,0.3333333333333333,0.1111111111111111,100.0,300.0066493521089
0.0,0.3333333333333333,0.2222222222222222,100.0,300.0315095620731
0.0,0.3333333333333333,0.3333333333333333,100.0,300.0888964445236
0.0,0.3333333333333333,0.4444444444444444,100.0,300.14931567553833
0.0,0.3333333333333333,0.5555555555555556,100.0,300.14931567553833
0.0,0.3333333333333333,0.6666666666666666,100.0,300.0888964445236
0.0,0.3333333333333333,0.7777777777777777,100.0,300.0315095620731
0.0,0.3333333333333333,0.8888888888888888,100.0,300.0066493521089
0.0,0.3333333333333333,1.0,100.0,300.0008354015619
0.0,0.4444444444444444,0.0,100.0,300.001403189399
0.0,0.4444444444444444,0.1111111111111111,100.0,300.01116864130347
0.0,0.4444444444444444,0.2222222222222222,100.0,300.05292530620403
0.0,0.4444444444444444,0.3333333333333333,100.0,300.14931567553833
0.0,0.4444444444444444,0.4444444444444444,100.0,300.2507993551481
0.0,0.4444444444444444,0.5555555555555556,100.0,300.2507993551481
0.0,0.4444444444444444,0.6666666666666666,100.0,300.14931567553833
0.0,0.4444444444444444,0.7777777777777777,100.0,300.05292530620403
0.0,0.4444444444444444,0.8888888888888888,100.0,300.01116864130347
0.0,0.4444444444444444,1.0,100.0,300.001403189399
0.0,0.5555555555555556,0.0,100.0,300.001403189399
0.0,0.5555555555555556,0.1111111111111111,100.0,300.01116864130347
0.0,0.5555555555555556,0.2222222222222222,100.0,300.05292530620403
0.0,0.5555555555555556,0.3333333333333333,100.0,300.14931567553833
0.0,0.5555555555555556,0.4444444444444444,100.0,300.2507993551481
0.0,0.5555555555555556,0.5555555555555556,100.0,300.2507993551481
0.0,0.5555555555555556,0.6666666666666666,100.0,300.14931567553833
0.0,0.5555555555555556,0.7777777777777777,100.0,300.05292530620403
0.0,0.5555555555555556,0.8888888888888888,100.0,300.01116864130347
0.0,0.5555555555555556,1.0,100.0,300.001403189399
0.0,0.6666666666666666,0.0,100.0,300.0008354015619
0.0,0.6666666666666666,0.1111111111111111,100.0,300.0066493521089
0.0,0.6666666666666666,0.2222222222222222,100.0,300.0315095620731
0.0,0.6666666666666666,0.3333333333333333,100.0,300.0888964445236
0.0,0.6666666666666666,0.4444444444444444,100.0,300.14931567553833
0.0,0.6666666666666666,0.5555555555555556,100.0,300.14931567553833
0.0,0.6666666666666666,0.6666666666666666,100.0,300.0888964445236
0.0,0.6666666666666666,0.7777777777777777,100.0,300.0315095620731
0.0,0.6666666666666666,0.8888888888888888,100.0,300.0066493521089
0.0,0.6666666666666666,1.0,100.0,300.0008354015619
0.0,0.7777777777777777,0.0,100.0,300.0002961101258
0.0,0.7777777777777777,0.1111111111111111,100.0,300.0023568791097
0.0,0.7777777777777777,0.2222222222222222,100.0,300.01116864130347
0.0,0.7777777777777777,0.3333333333333333,100.0,300.0315095620731
0.0,0.7777777777777777,0.4444444444444444,100.0,300.05292530620403
0.0,0.7777777777777777,0.5555555555555556,100.0,300.05292530620403
0.0,0.7777777777777777,0.6666666666666666,100.0,300.0315095620731
0.0,0.7777777777777777,0.7777777777777777,100.0,300.01116864130347
0.0,0.7777777777777777,0.8888888888888888,100.0,300.0023568791097
0.0,0.7777777777777777,1.0,100.0,300.0002961101258
0.0,0.8888888888888888,0.0,100.0,300.0000624870788
0.0,0.8888888888888888,0.1111111111111111,100.0,300.00049736391264
0.0,0.8888888888888888,0.2222222222222222,100.0,300.0023568791097
0.0,0.8888888888888888,0.3333333333333333,100.0,300.0066493521089
0.0,0.8888888888888888,0.4444444444444444,100.0,300.01116864130347
0.0,0.8888888888888888,0.5555555555555556,100.0,300.01116864130347
0.0,0.8888888888888888,0.6666666666666666,100.0,300.0066493521089
0.0,0.8888888888888888,0.7777777777777777,100.0,300.0023568791097
0.0,0.8888888888888888,0.8888888888888888,100.0,300.00049736391264
0.0,0.8888888888888888,1.0,100.0,300.0000624870788
0.0,1.0,0.0,100.0,300.0000078506601
0.0,1.0,0.1111111111111111,100.0,300.0000624870788
0.0,1.0,0.2222222222222222,100.0,300.0002961101258
0.0,1.0,0.3333333333333333,100.0,300.0008354015619
0.0,1.0,0.4444444444444444,100.0,300.001403189399
0.0,1.0,0.5555555555555556,100.0,300.001403189399
0.0,1.0,0.6666666666666666,100.0,300.0008354015619
0.0,1.0,0.7777777777777777,100.0,300.0002961101258
0.0,1.0,0.8888888888888888,100.0,300.0000624870788
0.0,1.0,1.0,100.0,300.0000078506601
0.1111111111111111,0.0,0.0,100.0,300.0000624870788
0.1111111111111111,0.0,0.1111111111111111,100.0,300.00049736391264
0.1111111111111111,0.0,0.2222222222222222,100.0,300.0023568791097
0.1111111111111111,0.0,0.3333333333333333,100.0,300.0066493521089
0.1111111111111111,0.0,0.4444444444444444,100.0,300.01116864130347
0.1111111111111111,0.0,0.5555555555555556,100.0,300.01116864130347
0.1111111111111111,0.0,0.6666666666666666,100.0,300.0066493521089
0.1111111111111111,0.0,0.7777777777777777,100.0,300.0023568791097
0.1111111111111111,0.0,0.8888888888888888,100.0,300.00049736391264
0.1111111111111111,0.0,1.0,100.0,300.0000624870788
0.1111111111111111,0.1111111111111111,0.0,100.0,300.00049736391264
0.1111111111111111,0.1111111111111111,0.1111111111111111,100.0,300.0039587522123
0.1111111111111111,0.1111111111111111,0.2222222222222222,100.0,300.0187595041625
0.1111111111111111,0.1111111111111111,0.3333333333333333,100.0,300.05292530620403
0.1111111111111111,0.1111111111111111,0.4444444444444444,100.0,300.0888964445236
0.1111111111111111,0.1111111111111111,0.5555555555555556,100.0,300.0888964445236
0.1111111111111111,0.1111111111111111,0.6666666666666666,100.0,300.05292530620403
0.1111111111111111,0.1111111111111111,0.7777777777777777,100.0,300.0187595041625
0.1111111111111111,0.1111111111111111,0.8888888888888888,100.0,300.0039587522123
0.1111111111111111,0.1111111111111111,1.0,100.0,300.00049736391264
0.1111111111111111,0.2222222222222222,0.0,100.0,300.0023568791097
0.1111111111111111,0.2222222222222222,0.1111111111111111,100.0,300.0187595041625
0.1111111111111111,0.2222222222222222,0.2222222222222222,100.0,300.0888964445236
0.1111111111111111,0.2222222222222222,0.3333333333333333,100.0,300.2507993551481
0.1111111111111111,0.2222222222222222,0.4444444444444444,100.0,300.4212572880639
0.1111111111111111,0.2222222222222222,0.5555555555555556,100.0,300.4212572880639
0.1111111111111111,0.2222222222222222,0.6666666666666666,100.0,300.2507993551481
0.1111111111111111,0.2222222222222222,0.7777777777777777,100.0,300.0888964445236
0.1111111111111111,0.2222222222222222,0.8888888888888888,100.0,300.0187595041625
0.1111111111111111,0.2222222222222222,1.0,100.0,300.0023568791097
0.1111111111111111,0.3333333333333333,0.0,100.0,300.0066493521089
0.1111111111111111,0.3333333333333333,0.1111111111111111,100.0,300.05292530620403
0.1111111111111111,0.3333333333333333,0.2222222222222222,100.0,300.2507993551481
0.1111111111111111,0.3333333333333333,0.3333333333333333,100.0,300.7075684171602
0.1111111111111111,0.3333333333333333,0.4444444444444444,100.0,301.1884733609324
0.1111111111111111,0.3333333333333333,0.5555555555555556,100.0,301.1884733609324
0.1111111111111111,0.3333333333333333,0.6666666666666666,100.0,300.7075684171602
0.1111111111111111,0.3333333333333333,0.7777777777777777,100.0,300.2507993551481
0.1111111111111111,0.3333333333333333,0.8888888888888888,100.0,300.05292530620403
0.1111111111111111,0.3333333333333333,1.0,100.0,300.0066493521089
0.1111111111111111,0.4444444444444444,0.0,100.0,300.01116864130347
0.1111111111111111,0.4444444444444444,0.1111111111111111,100.0,300.0888964445236
0.1111111111111111,0.4444444444444444,0.2222222222222222,100.0,300.4212572880639
0.1111111111111111,0.4444444444444444,0.3333333333333333,100.0,301.1884733609324
0.1111111111111111,0.4444444444444444,0.4444444444444444,100.0,301.99622947462086
0.1111111111111111,0.4444444444444444,0.5555555555555556,100.0,301.99622947462086
0.1111111111111111,0.4444444444444444,0.6666666666666666,100.0,301.1884733609324
0.1111111111111111,0.4444444444444444,0.7777777777777777,100.0,300.4212572880639
0.1111111111111111,0.4444444444444444,0.8888888888888888,100.0,300.0888964445236
0.1111111111111111,0.4444444444444444,1.0,100.0,300.01116864130347
0.1111111111111111,0.5555555555555556,0.0,100.0,300.01116864130347
0.1111111111111111,0.5555555555555556,0.1111111111111111,100.0,300.0888964445236
0.1111111111111111,0.5555555555555556,0.2222222222222222,100.0,300.4212572880639
0.1111111111111111,0.5555555555555556,0.3333333333333333,100.0,301.1884733609324
0.1111111111111111,0.5555555555555556,0.4444444444444444,100.0,301.99622947462086
0.1111111111111111,0.5555555555555556,0.5555555555555556,100.0,301.99622947462086
0.1111111111111111,0.5555555555555556,0.6666666666666666,100.0,301.1884733609324
0.1111111111111111,0.5555555555555556,0.7777777777777777,100.0,300.4212572880639
0.1111111111111111,0.5555555555555556,0.8888888888888888,100.0,300.0888964445236
0.1111111111111111,0.5555555555555556,1.0,100.0,300.01116864130347
0.1111111111111111,0.6666666666666666,0.0,100.0,300.0066493521089
0.1111111111111111,0.6666666666666666,0.1111111111111111,100.0,300.05292530620403
0.1111111111111111,0.6666666666666666,0.2222222222222222,100.0,300.2507993551481
0.1111111111111111,0.6666666666666666,0.3333333333333333,100.0,300.7075684171602
0.1111111111111111,0.6666666666666666,0.4444444444444444,100.0,301.1884733609324
0.1111111111111111,0.6666666666666666,0.5555555555555556,100.0,301.1884733609324
0.1111111111111111,0.6666666666666666,0.6666666666666666,100.0,300.7075684171602
0.1111111111111111,0.6666666666666666,0.7777777777777777,100.0,300.2507993551481
0.1111111111111111,0.6666666666666666,0.8888888888888888,100.0,300.05292530620403
0.1111111111111111,0.6666666666666666,1.0,100.0,300.0066493521089
0.1111111111111111,0.7777777777777777,0.0,100.0,300.0023568791097
0.1111111111111111,0.7777777777777777,0.1111111111111111,100.0,300.0187595041625
0.1111111111111111,0.7777777777777777,0.2222222222222222,100.0,300.0888964445236
0.1111111111111111,0.7777777777777777,0.3333333333333333,100.0,300.2507993551481
0.1111111111111111,0.7777777777777777,0.4444444444444444,100.0,300.4212572880639
0.1111111111111111,0.7777777777777777,0.5555555555555556,100.0,300.4212572880639
0.1111111111111111,0.7777777777777777,0.6666666666666666,100.0,300.2507993551481
0.1111111111111111,0.7777777777777777,0.7777777777777777,100.0,300.0888964445236
0.1111111111111111,0.7777777777777777,0.8888888888888888,100.0,300.0187595041625
0.1111111111111111,0.7777777777777777,1.0,100.0,300.0023568791097
0.1111111111111111,0.8888888888888888,0.0,100.0,300.00049736391264
0.1111111111111111,0.8888888888888888,0.1111111111111111,100.0,300.0039587522123
0.1111111111111111,0.8888888888888888,0.2222222222222222,100.0,300.0187595041625
0.1111111111111111,0.8888888888888888,0.3333333333333333,100.0,300.05292530620403
0.1111111111111111,0.8888888888888888,0.4444444444444444,100.0,300.0888964445236
0.1111111111111111,0.8888888888888888,0.5555555555555556,100.0,300.0888964445236
0.1111111111111111,0.8888888888888888,0.6666666666666666,100.0,300.05292530620403
0.1111111111111111,0.8888888888888888,0.7777777777777777,100.0,300.0187595041625
0.1111111111111111,0.8888888888888888,0.8888888888888888,100.0,300.0039587522123
0.1111111111111111,0.8888888888888888,1.0,100.0,300.00049736391264
0.1111111111111111,1.0,0.0,100.0,300.0000624870788
0.1111111111111111,1.0,0.1111111111111111,100.0,300.00049736391264
0.1111111111111111,1.0,0.2222222222222222,100.0,300.0023568791097
0.1111111111111111,1.0,0.3333333333333333,100.0,300.0066493521089
0.1111111111111111,1.0,0.4444444444444444,100.0,300.01116864130347
0.1111111111111111,1.0,0.5555555555555556,100.0,300.01116864130347
0.1111111111111111,1.0,0.6666666666666666,100.0,300.0066493521089
0.1111111111111111,1.0,0.7777777777777777,100.0,300.0023568791097
0.1111111111111111,1.0,0.8888888888888888,100.0,300.00049736391264
0.1111111111111111,1.0,1.0,100.0,300.0000624870788
0.2222222222222222,0.0,0.0,100.0,300.0002961101258
0.2222222222222222,0.0,0.1111111111111111,100.0,300.0023568791097
0.2222222222222222,0.0,0.2222222222222222,100.0,300.01116864130347
0.2222222222222222,0.0,0.3333333333333333,100.0,300.0315095620731
0.2222222222222222,0.0,0.4444444444444444,100.0,300.05292530620403
0.2222222222222222,0.0,0.5555555555555556,100.0,300.05292530620403
0.2222222222222222,0.0,0.6666666666666666,100.0,300.0315095620731
0.2222222222222222,0.0,0.7777777777777777,100.0,300.01116864130347
0.2222222222222222,0.0,0.8888888888888888,100.0,300.0023568791097
0.2222222222222222,0.0,1.0,100.0,300.0002961101258
0.2222222222222222,0.1111111111111111,0.0,100.0,300.0023568791097
0.2222222222222222,0.1111111111111111,0.1111111111111111,100.0,300.0187595041625
0.2222222222222222,0.1111111111111111,0.2222222222222222,100.0,300.0888964445236
0.2222222222222222,0.1111111111111111,0.3333333333333333,100.0,300.2507993551481
0.2222222222222222,0.1111111111111111,0.4444444444444444,100.0,300.4212572880639
0.2222222222222222,0.1111111111111111,0.5555555555555556,100.0,300.4212572880639
0.2222222222222222,0.1111111111111111,0.6666666666666666,100.0,300.2507993551481
0.2222222222222222,0.1111111111111111,0.7777777777777777,100.0,300.0888964445236
0.2222222222222222,0.1111111111111111,0.8888888888888888,100.0,300.0187595041625
0.2222222222222222,0.1111111111111111,1.0,100.0,300.0023568791097
0.2222222222222222,0.2222222222222222,0.0,100.0,300.01116864130347
0.2222222222222222,0.2222222222222222,0.1111111111111111,100.0,300.0888964445236
0.2222222222222222,0.2222222222222222,0.2222222222222222,100.0,300.4212572880639
0.2222222222222222,0.2222222222222222,0.3333333333333333,100.0,301.1884733609324
0.2222222222222222,0.2222222222222222,0.4444444444444444,100.0,301.99622947462086
0.2222222222222222,0.2222222222222222,0.5555555555555556,100.0,301.99622947462086
0.2222222222222222,0.2222222222222222,0.6666666666666666,100.0,301.1884733609324
0.2222222222222222,0.2222222222222222,0.7777777777777777,100.0,300.4212572880639
0.2222222222222222,0.2222222222222222,0.8888888888888888,100.0,300.0888964445236
0.2222222222222222,0.2222222222222222,1.0,100.0,300.01116864130347
0.2222222222222222,0.3333333333333333,0.0,100.0,300.0315095620731
0.2222222222222222,0.3333333333333333,0.1111111111111111,100.0,300.2507993551481
0.2222222222222222,0.3333333333333333,0.2222222222222222,100.0,301.1884733609324
0.2222222222222222,0.3333333333333333,0.3333333333333333,100.0,303.3529839593701
0.2222222222222222,0.3333333333333333,0.4444444444444444,100.0,305.6318682670129
0.2222222222222222,0.3333333333333333,0.5555555555555556,100.0,305.6318682670129
0.2222222222222222,0.3333333333333333,0.6666666666666666,100.0,303.3529839593701
0.2222222222222222,0.3333333333333333,0.7777777777777777,100.0,301.1884733609324
0.2222222222222222,0.3333333333333333,0.8888888888888888,100.0,300.2507993551481
0.2222222222222222,0.3333333333333333,1.0,100.0,300.0315095620731
0.2222222222222222,0.4444444444444444,0.0,100.0,300.05292530620403
0.2222222222222222,0.4444444444444444,0.1111111111111111,100.0,300.4212572880639
0.2222222222222222,0.4444444444444444,0.2222222222222222,100.0,301.99622947462086
0.2222222222222222,0.4444444444444444,0.3333333333333333,100.0,305.6318682670129
0.2222222222222222,0.4444444444444444,0.4444444444444444,100.0,309.45961584109284
0.2222222222222222,0.4444444444444444,0.5555555555555556,100.0,309.45961584109284
0.2222222222222222,0.4444444444444444,0.6666666666666666,100.0,305.6318682670129
0.2222222222222222,0.4444444444444444,0.7777777777777777,100.0,301.99622947462086
0.2222222222222222,0.4444444444444444,0.8888888888888888,100.0,300.4212572880639
0.2222222222222222,0.4444444444444444,1.0,100.0,300.05292530620403
0.2222222222222222,0.5555555555555556,0.0,100.0,300.05292530620403
0.2222222222222222,0.5555555555555556,0.1111111111111111,100.0,300.4212572880639
0.2222222222222222,0.5555555555555556,0.2222222222222222,100.0,301.99622947462086
0.2222222222222222,0.5555555555555556,0.3333333333333333,100.0,305.6318682670129
0.2222222222222222,0.5555555555555556,0.4444444444444444,100.0,309.45961584109284
0.2222222222222222,0.5555555555555556,0.5555555555555556,100.0,309.45961584109284
0.2222222222222222,0.5555555555555556,0.6666666666666666,100.0,305.6318682670129
0.2222222222222222,0.5555555555555556,0.7777777777777777,100.0,301.99622947462086
0.2222222222222222,0.5555555555555556,0.8888888888888888,100.0,300.4212572880639
0.2222222222222222,0.5555555555555556,1.0,100.0,300.05292530620403
0.2222222222222222,0.6666666666666666,0.0,100.0,300.0315095620731
0.2222222222222222,0.6666666666666666,0.1111111111111111,100.0,300.2507993551481
0.2222222222222222,0.6666666666666666,0.2222222222222222,100.0,301.1884733609324
0.2222222222222222,0.6666666666666666,0.3333333333333333,100.0,303.3529839593701
0.2222222222222222,0.6666666666666666,0.4444444444444444,100.0,305.6318682670129
0.2222222222222222,0.6666666666666666,0.5555555555555556,100.0,305.6318682670129
0.2222222222222222,0.6666666666666666,0.6666666666666666,100.0,303.3529839593701
0.2222222222222222,0.6666666666666666,0.7777777777777777,100.0,301.1884733609324
0.2222222222222222,0.6666666666666666,0.8888888888888888,100.0,300.2507993551481
0.2222222222222222,0.6666666666666666,1.0,100.0,300.0315095620731
0.2222222222222222,0.7777777777777777,0.0,100.0,300.01116864130347
0.2222222222222222,0.7777777777777777,0.1111111111111111,100.0,300.0888964445236
0.2222222222222222,0.7777777777777777,0.2222222222222222,100.0,300.4212572880639
0.2222222222222222,0.7777777777777777,0.3333333333333333,100.0,301.1884733609324
0.2222222222222222,0.7777777777777777,0.4444444444444444,100.0,301.99622947462086
0.2222222222222222,0.7777777777777777,0.5555555555555556,100.0,301.99622947462086
0.2222222222222222,0.7777777777777777,0.6666666666666666,100.0,301.1884733609324
0.2222222222222222,0.7777777777777777,0.7777777777777777,100.0,300.4212572880639
0.2222222222222222,0.7777777777777777,0.8888888888888888,100.0,300.0888964445236
0.2222222222222222,0.7777777777777777,1.0,100.0,300.01116864130347
0.2222222222222222,0.8888888888888888,0.0,100.0,300.0023568791097
0.2222222222222222,0.8888888888888888,0.1111111111111111,100.0,300.0187595041625
0.2222222222222222,0.8888888888888888,0.2222222222222222,100.0,300.0888964445236
0.2222222222222222,0.8888888888888888,0.3333333333333333,100.0,300.2507993551481
0.2222222222222222,0.8888888888888888,0.4444444444444444,100.0,300.4212572880639
0.2222222222222222,0.8888888888888888,0.5555555555555556,100.0,300.4212572880639
0.2222222222222222,0.8888888888888888,0.6666666666666666,100.0,300.2507993551481
0.2222222222222222,0.8888888888888888,0.7777777777777777,100.0,300.0888964445236
0.2222222222222222,0.8888888888888888,0.8888888888888888,100.0,300.0187595041625
0.2222222222222222,0.8888888888888888,1.0,100.0,300.0023568791097
0.2222222222222222,1.0,0.0,100.0,300.0002961101258
0.2222222222222222,1.0,0.1111111111111111,100.0,300.0023568791097
0.2222222222222222,1.0,0.2222222222222222,100.0,300.01116864130347
0.2222222222222222,1.0,0.3333333333333333,100.0,300.0315095620731
0.2222222222222222,1.0,0.4444444444444444,100.0,300.05292530620403
0.2222222222222222,1.0,0.5555555555555556,100.0,300.05292530620403
0.2222222222222222,1.0,0.6666666666666666,100.0,300.0315095620731
0.2222222222222222,1.0,0.7777777777777777,100.0,300.01116864130347
0.2222222222222222,1.0,0.8888888888888888,100.0,300.0023568791097
0.2222222222222222,1.0,1.0,100.0,300.0002961101258
0.3333333333333333,0.0,0.0,100.0,300.0008354015619
0.3333333333333333,0.0,0.1111111111111111,100.0,300.0066493521089
0.3333333333333333,0.0,0.2222222222222222,100.0,300.0315095620731
0.3333333333333333,0.0,0.3333333333333333,100.0,300.0888964445236
0.3333333333333333,0.0,0.4444444444444444,100.0,300.14931567553833
0.3333333333333333,0.0,0.5555555555555556,100.0,300.14931567553833
0.3333333333333333,0.0,0.6666666666666666,100.0,300.0888964445236
0.3333333333333333,0.0,0.7777777777777777,100.0,300.0315095620731
0.3333333333333333,0.0,0.8888888888888888,100.0,300.0066493521089
0.3333333333333333,0.0,1.0,100.0,300.0008354015619
0.3333333333333333,0.1111111111111111,0.0,100.0,300.0066493521089
0.3333333333333333,0.1111111111111111,0.1111111111111111,100.0,300.05292530620403
0.3333333333333333,0.1111111111111111,0.2222222222222222,100.0,300.2507993551481
0.3333333333333333,0.1111111111111111,0.3333333333333333,100.0,300.7075684171602
0.3333333333333333,0.1111111111111111,0.4444444444444444,100.0,301.1884733609324
0.3333333333333333,0.1111111111111111,0.5555555555555556,100.0,301.1884733609324
0.3333333333333333,0.1111111111111111,0.6666666666666666,100.0,300.7075684171602
0.3333333333333333,0.1111111111111111,0.7777777777777777,100.0,300.2507993551481
0.3333333333333333,0.1111111111111111,0.8888888888888888,100.0,300.05292530620403
0.3333333333333333,0.1111111111111111,1.0,100.0,300.0066493521089
0.3333333333333333,0.2222222222222222,0.0,100.0,300.0315095620731
0.3333333333333333,0.2222222222222222,0.1111111111111111,100.0,300.2507993551481
0.3333333333333333,0.2222222222222222,0.2222222222222222,100.0,301.1884733609324
0.3333333333333333,0.2222222222222222,0.3333333333333333,100.0,303.3529839593701
0.3333333333333333,0.2222222222222222,0.4444444444444444,100.0,305.6318682670129
0.3333333333333333,0.2222222222222222,0.5555555555555556,100.0,305.6318682670129
0.3333333333333333,0.2222222222222222,0.6666666666666666,100.0,303.3529839593701
0.3333333333333333,0.2222222222222222,0.7777777777777777,100.0,301.1884733609324
0.3333333333333333,0.2222222222222222,0.8888888888888888,100.0,300.2507993551481
0.3333333333333333,0.2222222222222222,1.0,100.0,300.0315095620731
0.3333333333333333,0.3333333333333333,0.0,100.0,300.0888964445236
0.3333333333333333,0.3333333333333333,0.1111111111111111,100.0,300.7075684171602
0.3333333333333333,0.3333333333333333,0.2222222222222222,100.0,303.3529839593701
0.3333333333333333,0.3333333333333333,0.3333333333333333,100.0,309.45961584109284
0.3333333333333333,0.3333333333333333,0.4444444444444444,100.0,315.8889248857583
0.3333333333333333,0.3333333333333333,0.5555555555555556,100.0,315.8889248857583
0.3333333333333333,0.3333333333333333,0.6666666666666666,100.0,309.45961584109284
0.3333333333333333,0.3333333333333333,0.7777777777777777,100.0,303.3529839593701
0.3333333333333333,0.3333333333333333,0.8888888888888888,100.0,300.7075684171602
0.3333333333333333,0.3333333333333333,1.0,100.0,300.0888964445236
0.3333333333333333,0.4444444444444444,0.0,100.0,300.14931567553833
0.3333333333333333,0.4444444444444444,0.1111111111111111,100.0,301.1884733609324
0.3333333333333333,0.4444444444444444,0.2222222222222222,100.0,305.6318682670129
0.3333333333333333,0.4444444444444444,0.3333333333333333,100.0,315.8889248857583
0.3333333333333333,0.4444444444444444,0.4444444444444444,100.0,326.6879689689495
0.3333333333333333,0.4444444444444444,0.5555555555555556,100.0,326.6879689689495
0.3333333333333333,0.4444444444444444,0.6666666666666666,100.0,315.8889248857583
0.3333333333333333,0.4444444444444444,0.7777777777777777,100.0,305.631868267013
0.3333333333333333,0.4444444444444444,0.8888888888888888,100.0,301.1884733609324
0.3333333333333333,0.4444444444444444,1.0,100.0,300.14931567553833
0.3333333333333333,0.5555555555555556,0.0,100.0,300.14931567553833
0.3333333333333333,0.5555555555555556,0.1111111111111111,100.0,301.1884733609324
0.3333333333333333,0.5555555555555556,0.2222222222222222,100.0,305.6318682670129
0.3333333333333333,0.5555555555555556,0.3333333333333333,100.0,315.8889248857583
0.3333333333333333,0.5555555555555556,0.4444444444444444,100.0,326.6879689689495
0.3333333333333333,0.5555555555555556,0.5555555555555556,100.0,326.6879689689495
0.3333333333333333,0.5555555555555556,0.6666666666666666,100.0,315.8889248857583
0.3333333333333333,0.5555555555555556,0.7777777777777777,100.0,305.631868267013
0.3333333333333333,0.5555555555555556,0.8888888888888888,100.0,301.1884733609324
0.3333333333333333,0.5555555555555556,1.0,100.0,300.14931567553833
0.3333333333333333,0.6666666666666666,0.0,100.0,300.0888964445236
0.3333333333333333,0.6666666666666666,0.1111111111111111,100.0,300.7075684171602
0.3333333333333333,0.6666666666666666,0.2222222222222222,100.0,303.3529839593701
0.3333333333333333,0.6666666666666666,0.3333333333333333,100.0,309.45961584109284
0.3333333333333333,0.6666666666666666,0.4444444444444444,100.0,315.8889248857583
0.3333333333333333,0.6666666666666666,0.5555555555555556,100.0,315.8889248857583
0.3333333333333333,0.6666666666666666,0.6666666666666666,100.0,309.45961584109284
0.3333333333333333,0.6666666666666666,0.7777777777777777,100.0,303.3529839593701
0.3333333333333333,0.6666666666666666,0.8888888888888888,100.0,300.7075684171602
0.3333333333333333,0.6666666666666666,1.0,100.0,300.0888964445236
0.3333333333333333,0.7777777777777777,0.0,100.0,300.0315095620731
0.3333333333333333,0.7777777777777777,0.1111111111111111,100.0,300.2507993551481
0.3333333333333333,0.7777777777777777,0.2222222222222222,100.0,301.1884733609324
0.3333333333333333,0.7777777777777777,0.3333333333333333,100.0,303.3529839593701
0.3333333333333333,0.7777777777777777,0.4444444444444444,100.0,305.631868267013
0.3333333333333333,0.7777777777777777,0.5555555555555556,100.0,305.631868267013
0.3333333333333333,0.7777777777777777,0.6666666666666666,100.0,303.3529839593701
0.3333333333333333,0.7777777777777777,0.7777777777777777,100.0,301.1884733609324
0.3333333333333333,0.7777777777777777,0.8888888888888888,100.0,300.2507993551481
0.3333333333333333,0.7777777777777777,1.0,100.0,300.0315095620731
0.3333333333333333,0.8888888888888888,0.0,100.0,300.0066493521089
0.3333333333333333,0.8888888888888888,0.1111111111111111,100.0,300.05292530620403
0.3333333333333333,0.8888888888888888,0.2222222222222222,100.0,300.2507993551481
0.3333333333333333,0.8888888888888888,0.3333333333333333,100.0,300.7075684171602
0.3333333333333333,0.8888888888888888,0.4444444444444444,100.0,301.1884733609324
0.3333333333333333,0.8888888888888888,0.5555555555555556,100.0,301.1884733609324
0.3333333333333333,0.8888888888888888,0.6666666666666666,100.0,300.7075684171602
0.3333333333333333,0.8888888888888888,0.7777777777777777,100.0,300.2507993551481
0.3333333333333333,0.8888888888888888,0.8888888888888888,100.0,300.05292530620403
0.3333333333333333,0.8888888888888888,1.0,100.0,300.0066493521089
0.3333333333333333,1.0,0.0,100.0,300.0008354015619
0.3333333333333333,1.0,0.1111111111111111,100.0,300.0066493521089
0.3333333333333333,1.0,0.2222222222222222,100.0,300.0315095620731
0.3333333333333333,1.0,0.3333333333333333,100.0,300.0888964445236
0.3333333333333333,1.0,0.4444444444444444,100.0,300.14931567553833
0.3333333333333333,1.0,0.5555555555555556,100.0,300.14931567553833
0.3333333333333333,1.0,0.6666666666666666,100.0,300.0888964445236
0.3333333333333333,1.0,0.7777777777777777,100.0,300.0315095620731
0.3333333333333333,1.0,0.8888888888888888,100.0,300.0066493521089
0.3333333333333333,1.0,1.0,100.0,300.0008354015619
0.4444444444444444,0.0,0.0,100.0,300.001403189399
0.4444444444444444,0.0,0.1111111111111111,100.0,300.01116864130347
0.4444444444444444,0.0,0.2222222222222222,100.0,300.05292530620403
0.4444444444444444,0.0,0.3333333333333333,100.0,300.14931567553833
0.4444444444444444,0.0,0.4444444444444444,100.0,300.2507993551481
0.4444444444444444,0.0,0.5555555555555556,100.0,300.2507993551481
0.4444444444444444,0.0,0.6666666666666666,100.0,300.14931567553833
0.4444444444444444,0.0,0.7777777777777777,100.0,300.05292530620403
0.4444444444444444,0.0,0.8888888888888888,100.0,300.01116864130347
0.4444444444444444,0.0,1.0,100.0,300.001403189399
0.4444444444444444,0.1111111111111111,0.0,100.0,300.01116864130347
0.4444444444444444,0.1111111111111111,0.1111111111111111,100.0,300.0888964445236
0.4444444444444444,0.1111111111111111,0.2222222222222222,100.0,300.4212572880639
0.4444444444444444,0.1111111111111111,0.3333333333333333,100.0,301.1884733609324
0.4444444444444444,0.1111111111111111,0.4444444444444444,100.0,301.99622947462086
0.4444444444444444,0.1111111111111111,0.5555555555555556,100.0,301.99622947462086
0.4444444444444444,0.1111111111111111,0.6666666666666666,100.0,301.1884733609324
0.4444444444444444,0.1111111111111111,0.7777777777777777,100.0,300.4212572880639
0.4444444444444444,0.1111111111111111,0.8888888888888888,100.0,300.0888964445236
0.4444444444444444,0.1111111111111111,1.0,100.0,300.01116864130347
0.4444444444444444,0.2222222222222222,0.0,100.0,300.05292530620403
0.4444444444444444,0.2222222222222222,0.1111111111111111,100.0,300.4212572880639
0.4444444444444444,0.2222222222222222,0.2222222222222222,100.0,301.99622947462086
0.4444444444444444,0.2222222222222222,0.3333333333333333,100.0,305.6318682670129
0.4444444444444444,0.2222222222222222,0.4444444444444444,100.0,309.45961584109284
0.4444444444444444,0.2222222222222222,0.5555555555555556,100.0,309.45961584109284
0.4444444444444444,0.2222222222222222,0.6666666666666666,100.0,305.6318682670129
0.4444444444444444,0.2222222222222222,0.7777777777777777,100.0,301.99622947462086
0.4444444444444444,0.2222222222222222,0.8888888888888888,100.0,300.4212572880639
0.4444444444444444,0.2222222222222222,1.0,100.0,300.05292530620403
0.4444444444444444,0.3333333333333333,0.0,100.0,300.14931567553833
0.4444444444444444,0.3333333333333333,0.1111111111111111,100.0,301.1884733609324
0.4444444444444444,0.3333333333333333,0.2222222222222222,100.0,305.6318682670129
0.4444444444444444,0.3333333333333333,0.3333333333333333,100.0,315.8889248857583
0.4444444444444444,0.3333333333333333,0.4444444444444444,100.0,326.6879689689495
0.4444444444444444,0.3333333333333333,0.5555555555555556,100.0,326.6879689689495
0.4444444444444444,0.3333333333333333,0.6666666666666666,100.0,315.8889248857583
0.4444444444444444,0.3333333333333333,0.7777777777777777,100.0,305.631868267013
0.4444444444444444,0.3333333333333333,0.8888888888888888,100.0,301.1884733609324
0.4444444444444444,0.3333333333333333,1.0,100.0,300.14931567553833
0.4444444444444444,0.4444444444444444,0.0,100.0,300.2507993551481
0.4444444444444444,0.4444444444444444,0.1111111111111111,100.0,301.99622947462086
0.4444444444444444,0.4444444444444444,0.2222222222222222,100.0,309.45961584109284
0.4444444444444444,0.4444444444444444,0.3333333333333333,100.0,326.6879689689495
0.4444444444444444,0.4444444444444444,0.4444444444444444,100.0,344.82667599026934
0.4444444444444444,0.4444444444444444,0.5555555555555556,100.0,344.82667599026934
0.4444444444444444,0.4444444444444444,0.6666666666666666,100.0,326.6879689689496
0.4444444444444444,0.4444444444444444,0.7777777777777777,100.0,309.45961584109284
0.4444444444444444,0.4444444444444444,0.8888888888888888,100.0,301.99622947462086
0.4444444444444444,0.4444444444444444,1.0,100.0,300.2507993551481
0.4444444444444444,0.5555555555555556,0.0,100.0,300.2507993551481
0.4444444444444444,0.5555555555555556,0.1111111111111111,100.0,301.99622947462086
0.4444444444444444,0.5555555555555556,0.2222222222222222,100.0,309.45961584109284
0.4444444444444444,0.5555555555555556,0.3333333333333333,100.0,326.6879689689495
0.4444444444444444,0.5555555555555556,0.4444444444444444,100.0,344.82667599026934
0.4444444444444444,0.5555555555555556,0.5555555555555556,100.0,344.82667599026934
0.4444444444444444,0.5555555555555556,0.6666666666666666,100.0,326.6879689689496
0.4444444444444444,0.5555555555555556,0.7777777777777777,100.0,309.45961584109284
0.4444444444444444,0.5555555555555556,0.8888888888888888,100.0,301.99622947462086
0.4444444444444444,0.5555555555555556,1.0,100.0,300.2507993551481
0.4444444444444444,0.6666666666666666,0.0,100.0,300.14931567553833
0.4444444444444444,0.6666666666666666,0.1111111111111111,100.0,301.1884733609324
0.4444444444444444,0.6666666666666666,0.2222222222222222,100.0,305.6318682670129
0.4444444444444444,0.6666666666666666,0.3333333333333333,100.0,315.8889248857583
0.4444444444444444,0.6666666666666666,0.4444444444444444,100.0,326.6879689689496
0.4444444444444444,0.6666666666666666,0.5555555555555556,100.0,326.6879689689496
0.4444444444444444,0.6666666666666666,0.6666666666666666,100.0,315.8889248857583
0.4444444444444444,0.6666666666666666,0.7777777777777777,100.0,305.631868267013
0.4444444444444444,0.6666666666666666,0.8888888888888888,100.0,301.1884733609324
0.4444444444444444,0.6666666666666666,1.0,100.0,300.14931567553833
0.4444444444444444,0.7777777777777777,0.0,100.0,300.05292530620403
0.4444444444444444,0.7777777777777777,0.1111111111111111,100.0,300.4212572880639
0.4444444444444444,0.7777777777777777,0.2222222222222222,100.0,301.99622947462086
0.4444444444444444,0.7777777777777777,0.3333333333333333,100.0,305.631868267013
0.4444444444444444,0.7777777777777777,0.4444444444444444,100.0,309.45961584109284
0.4444444444444444,0.7777777777777777,0.5555555555555556,100.0,309.45961584109284
0.4444444444444444,0.7777777777777777,0.6666666666666666,100.0,305.631868267013
0.4444444444444444,0.7777777777777777,0.7777777777777777,100.0,301.99622947462086
0.4444444444444444,0.7777777777777777,0.8888888888888888,100.0,300.4212572880639
0.4444444444444444,0.7777777777777777,1.0,100.0,300.05292530620403
0.4444444444444444,0.8888888888888888,0.0,100.0,300.01116864130347
0.4444444444444444,0.8888888888888888,0.1111111111111111,100.0,300.0888964445236
0.4444444444444444,0.8888888888888888,0.2222222222222222,100.0,300.4212572880639
0.4444444444444444,0.8888888888888888,0.3333333333333333,100.0,301.1884733609324
0.4444444444444444,0.8888888888888888,0.4444444444444444,100.0,301.99622947462086
0.4444444444444444,0.8888888888888888,0.5555555555555556,100.0,301.99622947462086
0.4444444444444444,0.8888888888888888,0.6666666666666666,100.0,301.1884733609324
0.4444444444444444,0.8888888888888888,0.7777777777777777,100.0,300.4212572880639
0.4444444444444444,0.8888888888888888,0.8888888888888888,100.0,300.0888964445236
0.4444444444444444,0.8888888888888888,1.0,100.0,300.01116864130347
0.4444444444444444,1.0,0.0,100.0,300.001403189399
0.4444444444444444,1.0,0.1111111111111111,100.0,300.01116864130347
0.4444444444444444,1.0,0.2222222222222222,100.0,300.05292530620403
0.4444444444444444,1.0,0.3333333333333333,100.0,300.14931567553833
0.4444444444444444,1.0,0.4444444444444444,100.0,300.2507993551481
0.4444444444444444,1.0,0.5555555555555556,100.0,300.2507993551481
0.4444444444444444,1.0,0.6666666666666666,100.0,300.14931567553833
0.4444444444444444,1.0,0.7777777777777777,100.0,300.05292530620403
0.4444444444444444,1.0,0.8888888888888888,100.0,300.01116864130347
0.4444444444444444,1.0,1.0,100.0,300.001403189399
0.5555555555555556,0.0,0.0,100.0,300.001403189399
0.5555555555555556,0.0,0.1111111111111111,100.0,300.01116864130347
0.5555555555555556,0.0,0.2222222222222222,100.0,300.05292530620403
0.5555555555555556,0.0,0.3333333333333333,100.0,300.14931567553833
0.5555555555555556,0.0,0.4444444444444444,100.0,300.2507993551481
0.5555555555555556,0.0,0.5555555555555556,100.0,300.2507993551481
0.5555555555555556,0.0,0.6666666666666666,100.0,300.14931567553833
0.5555555555555556,0.0,0.7777777777777777,100.0,300.05292530620403
0.5555555555555556,0.0,0.8888888888888888,100.0,300.01116864130347
0.5555555555555556,0.0,1.0,100.0,300.001403189399
0.5555555555555556,0.1111111111111111,0.0,100.0,300.01116864130347
0.5555555555555556,0.1111111111111111,0.1111111111111111,100.0,300.0888964445236
0.5555555555555556,0.1111111111111111,0.2222222222222222,100.0,300.4212572880639
0.5555555555555556,0.1111111111111111,0.3333333333333333,100.0,301.1884733609324
0.5555555555555556,0.1111111111111111,0.4444444444444444,100.0,301.99622947462086
0.5555555555555556,0.1111111111111111,0.5555555555555556,100.0,301.99622947462086
0.5555555555555556,0.1111111111111111,0.6666666666666666,100.0,301.1884733609324
0.5555555555555556,0.1111111111111111,0.7777777777777777,100.0,300.4212572880639
0.5555555555555556,0.1111111111111111,0.8888888888888888,100.0,300.0888964445236
0.5555555555555556,0.1111111111111111,1.0,100.0,300.01116864130347
0.5555555555555556,0.2222222222222222,0.0,100.0,300.05292530620403
0.5555555555555556,0.2222222222222222,0.1111111111111111,100.0,300.4212572880639
0.5555555555555556,0.2222222222222222,0.2222222222222222,100.0,301.99622947462086
0.5555555555555556,0.2222222222222222,0.3333333333333333,100.0,305.6318682670129
0.5555555555555556,0.2222222222222222,0.4444444444444444,100.0,309.45961584109284
0.5555555555555556,0.2222222222222222,0.5555555555555556,100.0,309.45961584109284
0.5555555555555556,0.2222222222222222,0.6666666666666666,100.0,305.6318682670129
0.5555555555555556,0.2222222222222222,0.7777777777777777,100.0,301.99622947462086
0.5555555555555556,0.2222222222222222,0.8888888888888888,100.0,300.4212572880639
0.5555555555555556,0.2222222222222222,1.0,100.0,300.05292530620403
0.5555555555555556,0.3333333333333333,0.0,100.0,300.14931567553833
0.5555555555555556,0.3333333333333333,0.1111111111111111,100.0,301.1884733609324
0.5555555555555556,0.3333333333333333,0.2222222222222222,100.0,305.6318682670129
0.5555555555555556,0.3333333333333333,0.3333333333333333,100.0,315.8889248857583
0.5555555555555556,0.3333333333333333,0.4444444444444444,100.0,326.6879689689495
0.5555555555555556,0.3333333333333333,0.5555555555555556,100.0,326.6879689689495
0.5555555555555556,0.3333333333333333,0.6666666666666666,100.0,315.8889248857583
0.5555555555555556,0.3333333333333333,0.7777777777777777,100.0,305.631868267013
0.5555555555555556,0.3333333333333333,0.8888888888888888,100.0,301.1884733609324
0.5555555555555556,0.3333333333333333,1.0,100.0,300.14931567553833
0.5555555555555556,0.4444444444444444,0.0,100.0,300.2507993551481
0.5555555555555556,0.4444444444444444,0.1111111111111111,100.0,301.99622947462086
0.5555555555555556,0.4444444444444444,0.2222222222222222,100.0,309.45961584109284
0.5555555555555556,0.4444444444444444,0.3333333333333333,100.0,326.6879689689495
0.5555555555555556,0.4444444444444444,0.4444444444444444,100.0,344.82667599026934
0.5555555555555556,0.4444444444444444,0.5555555555555556,100.0,344.82667599026934
0.5555555555555556,0.4444444444444444,0.6666666666666666,100.0,326.6879689689496
0.5555555555555556,0.4444444444444444,0.7777777777777777,100.0,309.45961584109284
0.5555555555555556,0.4444444444444444,0.8888888888888888,100.0,301.99622947462086
0.5555555555555556,0.4444444444444444,1.0,100.0,300.2507993551481
0.5555555555555556,0.5555555555555556,0.0,100.0,300.2507993551481
0.5555555555555556,0.5555555555555556,0.1111111111111111,100.0,301.99622947462086
0.5555555555555556,0.5555555555555556,0.2222222222222222,100.0,309.45961584109284
0.5555555555555556,0.5555555555555556,0.3333333333333333,100.0,326.6879689689495
0.5555555555555556,0.5555555555555556,0.4444444444444444,100.0,344.82667599026934
0.5555555555555556,0.5555555555555556,0.5555555555555556,100.0,344.82667599026934
0.5555555555555556,0.5555555555555556,0.6666666666666666,100.0,326.6879689689496
0.5555555555555556,0.5555555555555556,0.7777777777777777,100.0,309.45961584109284
0.5555555555555556,0.5555555555555556,0.8888888888888888,100.0,301.99622947462086
0.5555555555555556,0.5555555555555556,1.0,100.0,300.2507993551481
0.5555555555555556,0.6666666666666666,0.0,100.0,300.14931567553833
0.5555555555555556,0.6666666666666666,0.1111111111111111,100.0,301.1884733609324
0.5555555555555556,0.6666666666666666,0.2222222222222222,100.0,305.6318682670129
0.5555555555555556,0.6666666666666666,0.3333333333333333,100.0,315.8889248857583
0.5555555555555556,0.6666666666666666,0.4444444444444444,100.0,326.6879689689496
0.5555555555555556,0.6666666666666666,0.5555555555555556,100.0,326.6879689689496
0.5555555555555556,0.6666666666666666,0.6666666666666666,100.0,315.8889248857583
0.5555555555555556,0.6666666666666666,0.7777777777777777,100.0,305.631868267013
0.5555555555555556,0.6666666666666666,0.8888888888888888,100.0,301.1884733609324
0.5555555555555556,0.6666666666666666,1.0,100.0,300.14931567553833
0.5555555555555556,0.7777777777777777,0.0,100.0,300.05292530620403
0.5555555555555556,0.7777777777777777,0.1111111111111111,100.0,300.4212572880639
0.5555555555555556,0.7777777777777777,0.2222222222222222,100.0,301.99622947462086
0.5555555555555556,0.7777777777777777,0.3333333333333333,100.0,305.631868267013
0.5555555555555556,0.7777777777777777,0.4444444444444444,100.0,309.45961584109284
0.5555555555555556,0.7777777777777777,0.5555555555555556,100.0,309.45961584109284
0.5555555555555556,0.7777777777777777,0.6666666666666666,100.0,305.631868267013
0.5555555555555556,0.7777777777777777,0.7777777777777777,100.0,301.99622947462086
0.5555555555555556,0.7777777777777777,0.8888888888888888,100.0,300.4212572880639
0.5555555555555556,0.7777777777777777,1.0,100.0,300.05292530620403
0.5555555555555556,0.8888888888888888,0.0,100.0,300.01116864130347
0.5555555555555556,0.8888888888888888,0.1111111111111111,100.0,300.0888964445236
0.5555555555555556,0.8888888888888888,0.2222222222222222,100.0,300.4212572880639
0.5555555555555556,0.8888888888888888,0.3333333333333333,100.0,301.1884733609324
0.5555555555555556,0.8888888888888888,0.4444444444444444,100.0,301.99622947462086
0.5555555555555556,0.8888888888888888,0.5555555555555556,100.0,301.99622947462086
0.5555555555555556,0.8888888888888888,0.6666666666666666,100.0,301.1884733609324
0.5555555555555556,0.8888888888888888,0.7777777777777777,100.0,300.4212572880639
0.5555555555555556,0.8888888888888888,0.8888888888888888,100.0,300.0888964445236
0.5555555555555556,0.8888888888888888,1.0,100.0,300.01116864130347
0.5555555555555556,1.0,0.0,100.0,300.001403189399
0.5555555555555556,1.0,0.1111111111111111,100.0,300.01116864130347
0.5555555555555556,1.0,0.2222222222222222,100.0,300.05292530620403
0.5555555555555556,1.0,0.3333333333333333,100.0,300.14931567553833
0.5555555555555556,1.0,0.4444444444444444,100.0,300.2507993551481
0.5555555555555556,1.0,0.5555555555555556,100.0,300.2507993551481
0.5555555555555556,1.0,0.6666666666666666,100.0,300.14931567553833
0.5555555555555556,1.0,0.7777777777777777,100.0,300.05292530620403
0.5555555555555556,1.0,0.8888888888888888,100.0,300.01116864130347
0.5555555555555556,1.0,1.0,100.0,300.001403189399
0.6666666666666666,0.0,0.0,100.0,300.0008354015619
0.6666666666666666,0.0,0.1111111111111111,100.0,300.0066493521089
0.6666666666666666,0.0,0.2222222222222222,100.0,300.0315095620731
0.6666666666666666,0.0,0.3333333333333333,100.0,300.0888964445236
0.6666666666666666,0.0,0.4444444444444444,100.0,300.14931567553833
0.6666666666666666,0.0,0.5555555555555556,100.0,300.14931567553833
0.6666666666666666,0.0,0.6666666666666666,100.0,300.0888964445236
0.6666666666666666,0.0,0.7777777777777777,100.0,300.0315095620731
0.6666666666666666,0.0,0.8888888888888888,100.0,300.0066493521089
0.6666666666666666,0.0,1.0,100.0,300.0008354015619
0.6666666666666666,0.1111111111111111,0.0,100.0,300.0066493521089
0.6666666666666666,0.1111111111111111,0.1111111111111111,100.0,300.05292530620403
0.6666666666666666,0.1111111111111111,0.2222222222222222,100.0,300.2507993551481
0.6666666666666666,0.1111111111111111,0.3333333333333333,100.0,300.7075684171602
0.6666666666666666,0.1111111111111111,0.4444444444444444,100.0,301.1884733609324
0.6666666666666666,0.1111111111111111,0.5555555555555556,100.0,301.1884733609324
0.6666666666666666,0.1111111111111111,0.6666666666666666,100.0,300.7075684171602
0.6666666666666666,0.1111111111111111,0.7777777777777777,100.0,300.2507993551481
0.6666666666666666,0.1111111111111111,0.8888888888888888,100.0,300.05292530620403
0.6666666666666666,0.1111111111111111,1.0,100.0,300.0066493521089
0.6666666666666666,0.2222222222222222,0.0,100.0,300.0315095620731
0.6666666666666666,0.2222222222222222,0.1111111111111111,100.0,300.2507993551481
0.6666666666666666,0.2222222222222222,0.2222222222222222,100.0,301.1884733609324
0.6666666666666666,0.2222222222222222,0.3333333333333333,100.0,303.3529839593701
0.6666666666666666,0.2222222222222222,0.4444444444444444,100.0,305.6318682670129
0.6666666666666666,0.2222222222222222,0.5555555555555556,100.0,305.6318682670129
0.6666666666666666,0.2222222222222222,0.6666666666666666,100.0,303.3529839593701
0.6666666666666666,0.2222222222222222,0.7777777777777777,100.0,301.1884733609324
0.6666666666666666,0.2222222222222222,0.8888888888888888,100.0,300.2507993551481
0.6666666666666666,0.2222222222222222,1.0,100.0,300.0315095620731
0.6666666666666666,0.3333333333333333,0.0,100.0,300.0888964445236
0.6666666666666666,0.3333333333333333,0.1111111111111111,100.0,300.7075684171602
0.6666666666666666,0.3333333333333333,0.2222222222222222,100.0,303.3529839593701
0.6666666666666666,0.3333333333333333,0.3333333333333333,100.0,309.45961584109284
0.6666666666666666,0.3333333333333333,0.4444444444444444,100.0,315.8889248857583
0.6666666666666666,0.3333333333333333,0.5555555555555556,100.0,315.8889248857583
0.6666666666666666,0.3333333333333333,0.6666666666666666,100.0,309.45961584109284
0.6666666666666666,0.3333333333333333,0.7777777777777777,100.0,303.3529839593701
0.6666666666666666,0.3333333333333333,0.8888888888888888,100.0,300.7075684171602
0.6666666666666666,0.3333333333333333,1.0,100.0,300.0888964445236
0.6666666666666666,0.4444444444444444,0.0,100.0,300.14931567553833
0.6666666666666666,0.4444444444444444,0.1111111111111111,100.0,301.1884733609324
0.6666666666666666,0.4444444444444444,0.2222222222222222,100.0,305.6318682670129
0.6666666666666666,0.4444444444444444,0.3333333333333333,100.0,315.8889248857583
0.6666666666666666,0.4444444444444444,0.4444444444444444,100.0,326.6879689689496
0.6666666666666666,0.4444444444444444,0.5555555555555556,100.0,326.6879689689496
0.6666666666666666,0.4444444444444444,0.6666666666666666,100.0,315.8889248857583
0.6666666666666666,0.4444444444444444,0.7777777777777777,100.0,305.631868267013
0.6666666666666666,0.4444444444444444,0.8888888888888888,100.0,301.1884733609324
0.6666666666666666,0.4444444444444444,1.0,100.0,300.14931567553833
0.6666666666666666,0.5555555555555556,0.0,100.0,300.14931567553833
0.6666666666666666,0.5555555555555556,0.1111111111111111,100.0,301.1884733609324
0.6666666666666666,0.5555555555555556,0.2222222222222222,100.0,305.6318682670129
0.6666666666666666,0.5555555555555556,0.3333333333333333,100.0,315.8889248857583
0.6666666666666666,0.5555555555555556,0.4444444444444444,100.0,326.6879689689496
0.6666666666666666,0.5555555555555556,0.5555555555555556,100.0,326.6879689689496
0.6666666666666666,0.5555555555555556,0.6666666666666666,100.0,315.8889248857583
0.6666666666666666,0.5555555555555556,0.7777777777777777,100.0,305.631868267013
0.6666666666666666,0.5555555555555556,0.8888888888888888,100.0,301.1884733609324
0.6666666666666666,0.5555555555555556,1.0,100.0,300.14931567553833
0.6666666666666666,0.6666666666666666,0.0,100.0,300.0888964445236
0.6666666666666666,0.6666666666666666,0.1111111111111111,100.0,300.7075684171602
0.6666666666666666,0.6666666666666666,0.2222222222222222,100.0,303.3529839593701
0.6666666666666666,0.6666666666666666,0.3333333333333333,100.0,309.45961584109284
0.6666666666666666,0.6666666666666666,0.4444444444444444,100.0,315.8889248857583
0.6666666666666666,0.6666666666666666,0.5555555555555556,100.0,315.8889248857583
0.6666666666666666,0.6666666666666666,0.6666666666666666,100.0,309.45961584109284
0.6666666666666666,0.6666666666666666,0.7777777777777777,100.0,303.3529839593701
0.6666666666666666,0.6666666666666666,0.8888888888888888,100.0,300.7075684171602
0.6666666666666666,0.6666666666666666,1.0,100.0,300.0888964445236
0.6666666666666666,0.7777777777777777,0.0,100.0,300.0315095620731
0.6666666666666666,0.7777777777777777,0.1111111111111111,100.0,300.2507993551481
0.6666666666666666,0.7777777777777777,0.2222222222222222,100.0,301.1884733609324
0.6666666666666666,0.7777777777777777,0.3333333333333333,100.0,303.3529839593701
0.6666666666666666,0.7777777777777777,0.4444444444444444,100.0,305.631868267013
0.6666666666666666,0.7777777777777777,0.5555555555555556,100.0,305.631868267013
0.6666666666666666,0.7777777777777777,0.6666666666666666,100.0,303.3529839593701
0.6666666666666666,0.7777777777777777,0.7777777777777777,100.0,301.1884733609324
0.6666666666666666,0.7777777777777777,0.8888888888888888,100.0,300.2507993551481
0.6666666666666666,0.7777777777777777,1.0,100.0,300.0315095620731
0.6666666666666666,0.8888888888888888,0.0,100.0,300.0066493521089
0.6666666666666666,0.8888888888888888,0.1111111111111111,100.0,300.05292530620403
0.6666666666666666,0.8888888888888888,0.2222222222222222,100.0,300.2507993551481
0.6666666666666666,0.8888888888888888,0.3333333333333333,100.0,300.7075684171602
0.6666666666666666,0.8888888888888888,0.4444444444444444,100.0,301.1884733609324
0.6666666666666666,0.8888888888888888,0.5555555555555556,100.0,301.1884733609324
0.6666666666666666,0.8888888888888888,0.6666666666666666,100.0,300.7075684171602
0.6666666666666666,0.8888888888888888,0.7777777777777777,100.0,300.2507993551481
0.6666666666666666,0.8888888888888888,0.8888888888888888,100.0,300.05292530620403
0.6666666666666666,0.8888888888888888,1.0,100.0,300.0066493521089
0.6666666666666666,1.0,0.0,100.0,300.0008354015619
0.6666666666666666,1.0,0.1111111111111111,100.0,300.0066493521089
0.6666666666666666,1.0,0.2222222222222222,100.0,300.0315095620731
0.6666666666666666,1.0,0.3333333333333333,100.0,300.0888964445236
0.6666666666666666,1.0,0.4444444444444444,100.0,300.14931567553833
0.6666666666666666,1.0,0.5555555555555556,100.0,300.14931567553833
0.6666666666666666,1.0,0.6666666666666666,100.0,300.0888964445236
0.6666666666666666,1.0,0.7777777777777777,100.0,300.0315095620731
0.6666666666666666,1.0,0.8888888888888888,100.0,300.0066493521089
0.6666666666666666,1.0,1.0,100.0,300.0008354015619
0.7777777777777777,0.0,0.0,100.0,300.0002961101258
0.7777777777777777,0.0,0.1111111111111111,100.0,300.0023568791097
0.7777777777777777,0.0,0.2222222222222222,100.0,300.01116864130347
0.7777777777777777,0.0,0.3333333333333333,100.0,300.0315095620731
0.7777777777777777,0.0,0.4444444444444444,100.0,300.05292530620403
0.7777777777777777,0.0,0.5555555555555556,100.0,300.05292530620403
0.7777777777777777,0.0,0.6666666666666666,100.0,300.0315095620731
0.7777777777777777,0.0,0.7777777777777777,100.0,300.01116864130347
0.7777777777777777,0.0,0.8888888888888888,100.0,300.0023568791097
0.7777777777777777,0.0,1.0,100.0,300.0002961101258
0.7777777777777777,0.1111111111111111,0.0,100.0,300.0023568791097
0.7777777777777777,0.1111111111111111,0.1111111111111111,100.0,300.0187595041625
0.7777777777777777,0.1111111111111111,0.2222222222222222,100.0,300.0888964445236
0.7777777777777777,0.1111111111111111,0.3333333333333333,100.0,300.2507993551481
0.7777777777777777,0.1111111111111111,0.4444444444444444,100.0,300.4212572880639
0.7777777777777777,0.1111111111111111,0.5555555555555556,100.0,300.4212572880639
0.7777777777777777,0.1111111111111111,0.6666666666666666,100.0,300.2507993551481
0.7777777777777777,0.1111111111111111,0.7777777777777777,100.0,300.0888964445236
0.7777777777777777,0.1111111111111111,0.8888888888888888,100.0,300.0187595041625
0.7777777777777777,0.1111111111111111,1.0,100.0,300.0023568791097
0.7777777777777777,0.2222222222222222,0.0,100.0,300.01116864130347
0.7777777777777777,0.2222222222222222,0.1111111111111111,100.0,300.0888964445236
0.7777777777777777,0.2222222222222222,0.2222222222222222,100.0,300.4212572880639
0.7777777777777777,0.2222222222222222,0.3333333333333333,100.0,301.1884733609324
0.7777777777777777,0.2222222222222222,0.4444444444444444,100.0,301.99622947462086
0.7777777777777777,0.2222222222222222,0.5555555555555556,100.0,301.99622947462086
0.7777777777777777,0.2222222222222222,0.6666666666666666,100.0,301.1884733609324
0.7777777777777777,0.2222222222222222,0.7777777777777777,100.0,300.4212572880639
0.7777777777777777,0.2222222222222222,0.8888888888888888,100.0,300.0888964445236
0.7777777777777777,0.2222222222222222,1.0,100.0,300.01116864130347
0.7777777777777777,0.3333333333333333,0.0,100.0,300.0315095620731
0.7777777777777777,0.3333333333333333,0.1111111111111111,100.0,300.2507993551481
0.7777777777777777,0.3333333333333333,0.2222222222222222,100.0,301.1884733609324
0.7777777777777777,0.3333333333333333,0.3333333333333333,100.0,303.3529839593701
0.7777777777777777,0.3333333333333333,0.4444444444444444,100.0,305.631868267013
0.7777777777777777,0.3333333333333333,0.5555555555555556,100.0,305.631868267013
0.7777777777777777,0.3333333333333333,0.6666666666666666,100.0,303.3529839593701
0.7777777777777777,0.3333333333333333,0.7777777777777777,100.0,301.1884733609324
0.7777777777777777,0.3333333333333333,0.8888888888888888,100.0,300.2507993551481
0.7777777777777777,0.3333333333333333,1.0,100.0,300.0315095620731
0.7777777777777777,0.4444444444444444,0.0,100.0,300.05292530620403
0.7777777777777777,0.4444444444444444,0.1111111111111111,100.0,300.4212572880639
0.7777777777777777,0.4444444444444444,0.2222222222222222,100.0,301.99622947462086
0.7777777777777777,0.4444444444444444,0.3333333333333333,100.0,305.631868267013
0.7777777777777777,0.4444444444444444,0.4444444444444444,100.0,309.45961584109284
0.7777777777777777,0.4444444444444444,0.5555555555555556,100.0,309.45961584109284
0.7777777777777777,0.4444444444444444,0.6666666666666666,100.0,305.631868267013
0.7777777777777777,0.4444444444444444,0.7777777777777777,100.0,301.99622947462086
0.7777777777777777,0.4444444444444444,0.8888888888888888,100.0,300.4212572880639
0.7777777777777777,0.4444444444444444,1.0,100.0,300.05292530620403
0.7777777777777777,0.5555555555555556,0.0,100.0,300.05292530620403
0.7777777777777777,0.5555555555555556,0.1111111111111111,100.0,300.4212572880639
0.7777777777777777,0.5555555555555556,0.2222222222222222,100.0,301.99622947462086
0.7777777777777777,0.5555555555555556,0.3333333333333333,100.0,305.631868267013
0.7777777777777777,0.5555555555555556,0.4444444444444444,100.0,309.45961584109284
0.7777777777777777,0.5555555555555556,0.5555555555555556,100.0,309.45961584109284
0.7777777777777777,0.5555555555555556,0.6666666666666666,100.0,305.631868267013
0.7777777777777777,0.5555555555555556,0.7777777777777777,100.0,301.99622947462086
0.7777777777777777,0.5555555555555556,0.8888888888888888,100.0,300.4212572880639
0.7777777777777777,0.5555555555555556,1.0,100.0,300.05292530620403
0.7777777777777777,0.6666666666666666,0.0,100.0,300.0315095620731
0.7777777777777777,0.6666666666666666,0.1111111111111111,100.0,300.2507993551481
0.7777777777777777,0.6666666666666666,0.2222222222222222,100.0,301.1884733609324
0.7777777777777777,0.6666666666666666,0.3333333333333333,100.0,303.3529839593701
0.7777777777777777,0.6666666666666666,0.4444444444444444,100.0,305.631868267013
0.7777777777777777,0.6666666666666666,0.5555555555555556,100.0,305.631868267013
0.7777777777777777,0.6666666666666666,0.6666666666666666,100.0,303.3529839593701
0.7777777777777777,0.6666666666666666,0.7777777777777777,100.0,301.1884733609324
0.7777777777777777,0.6666666666666666,0.8888888888888888,100.0,300.2507993551481
0.7777777777777777,0.6666666666666666,1.0,100.0,300.0315095620731
0.7777777777777777,0.7777777777777777,0.0,100.0,300.01116864130347
0.7777777777777777,0.7777777777777777,0.1111111111111111,100.0,300.0888964445236
0.7777777777777777,0.7777777777777777,0.2222222222222222,100.0,300.4212572880639
0.7777777777777777,0.7777777777777777,0.3333333333333333,100.0,301.1884733609324
0.7777777777777777,0.7777777777777777,0.4444444444444444,100.0,301.99622947462086
0.7777777777777777,0.7777777777777777,0.5555555555555556,100.0,301.99622947462086
0.7777777777777777,0.7777777777777777,0.6666666666666666,100.0,301.1884733609324
0.7777777777777777,0.7777777777777777,0.7777777777777777,100.0,300.4212572880639
0.7777777777777777,0.7777777777777777,0.8888888888888888,100.0,300.0888964445236
0.7777777777777777,0.7777777777777777,1.0,100.0,300.01116864130347
0.7777777777777777,0.8888888888888888,0.0,100.0,300.0023568791097
0.7777777777777777,0.8888888888888888,0.1111111111111111,100.0,300.0187595041625
0.7777777777777777,0.8888888888888888,0.2222222222222222,100.0,300.0888964445236
0.7777777777777777,0.8888888888888888,0.3333333333333333,100.0,300.2507993551481
0.7777777777777777,0.8888888888888888,0.4444444444444444,100.0,300.4212572880639
0.7777777777777777,0.8888888888888888,0.5555555555555556,100.0,300.4212572880639
0.7777777777777777,0.8888888888888888,0.6666666666666666,100.0,300.2507993551481
0.7777777777777777,0.8888888888888888,0.7777777777777777,100.0,300.0888964445236
0.7777777777777777,0.8888888888888888,0.8888888888888888,100.0,300.0187595041625
0.7777777777777777,0.8888888888888888,1.0,100.0,300.0023568791097
0.7777777777777777,1.0,0.0,100.0,300.0002961101258
0.7777777777777777,1.0,0.1111111111111111,100.0,300.0023568791097
0.7777777777777777,1.0,0.2222222222222222,100.0,300.01116864130347
0.7777777777777777,1.0,0.3333333333333333,100.0,300.0315095620731
0.7777777777777777,1.0,0.4444444444444444,100.0,300.05292530620403
0.7777777777777777,1.0,0.5555555555555556,100.0,300.05292530620403
0.7777777777777777,1.0,0.6666666666666666,100.0,300.0315095620731
0.7777777777777777,1.0,0.7777777777777777,100.0,300.01116864130347
0.7777777777777777,1.0,0.8888888888888888,100.0,300.0023568791097
0.7777777777777777,1.0,1.0,100.0,300.0002961101258
0.8888888888888888,0.0,0.0,100.0,300.0000624870788
0.8888888888888888,0.0,0.1111111111111111,100.0,300.00049736391264
0.8888888888888888,0.0,0.2222222222222222,100.0,300.0023568791097
0.8888888888888888,0.0,0.3333333333333333,100.0,300.0066493521089
0.8888888888888888,0.0,0.4444444444444444,100.0,300.01116864130347
0.8888888888888888,0.0,0.5555555555555556,100.0,300.01116864130347
0.8888888888888888,0.0,0.6666666666666666,100.0,300.0066493521089
0.8888888888888888,0.0,0.7777777777777777,100.0,300.0023568791097
0.8888888888888888,0.0,0.8888888888888888,100.0,300.00049736391264
0.8888888888888888,0.0,1.0,100.0,300.0000624870788
0.8888888888888888,0.1111111111111111,0.0,100.0,300.00049736391264
0.8888888888888888,0.1111111111111111,0.1111111111111111,100.0,300.0039587522123
0.8888888888888888,0.1111111111111111,0.2222222222222222,100.0,300.0187595041625
0.8888888888888888,0.1111111111111111,0.3333333333333333,100.0,300.05292530620403
0.8888888888888888,0.1111111111111111,0.4444444444444444,100.0,300.0888964445236
0.8888888888888888,0.1111111111111111,0.5555555555555556,100.0,300.0888964445236
0.8888888888888888,0.1111111111111111,0.6666666666666666,100.0,300.05292530620403
0.8888888888888888,0.1111111111111111,0.7777777777777777,100.0,300.0187595041625
0.8888888888888888,0.1111111111111111,0.8888888888888888,100.0,300.0039587522123
0.8888888888888888,0.1111111111111111,1.0,100.0,300.00049736391264
0.8888888888888888,0.2222222222222222,0.0,100.0,300.0023568791097
0.8888888888888888,0.2222222222222222,0.1111111111111111,100.0,300.0187595041625
0.8888888888888888,0.2222222222222222,0.2222222222222222,100.0,300.0888964445236
0.8888888888888888,0.2222222222222222,0.3333333333333333,100.0,300.2507993551481
0.8888888888888888,0.2222222222222222,0.4444444444444444,100.0,300.4212572880639
0.8888888888888888,0.2222222222222222,0.5555555555555556,100.0,300.4212572880639
0.8888888888888888,0.2222222222222222,0.6666666666666666,100.0,300.2507993551481
0.8888888888888888,0.2222222222222222,0.7777777777777777,100.0,300.0888964445236
0.8888888888888888,0.2222222222222222,0.8888888888888888,100.0,300.0187595041625
0.8888888888888888,0.2222222222222222,1.0,100.0,300.0023568791097
0.8888888888888888,0.3333333333333333,0.0,100.0,300.0066493521089
0.8888888888888888,0.3333333333333333,0.1111111111111111,100.0,300.05292530620403
0.8888888888888888,0.3333333333333333,0.2222222222222222,100.0,300.2507993551481
0.8888888888888888,0.3333333333333333,0.3333333333333333,100.0,300.7075684171602
0.8888888888888888,0.3333333333333333,0.4444444444444444,100.0,301.1884733609324
0.8888888888888888,0.3333333333333333,0.5555555555555556,100.0,301.1884733609324
0.8888888888888888,0.3333333333333333,0.6666666666666666,100.0,300.7075684171602
0.8888888888888888,0.3333333333333333,0.7777777777777777,100.0,300.2507993551481
0.8888888888888888,0.3333333333333333,0.8888888888888888,100.0,300.05292530620403
0.8888888888888888,0.3333333333333333,1.0,100.0,300.0066493521089
0.8888888888888888,0.4444444444444444,0.0,100.0,300.01116864130347
0.8888888888888888,0.4444444444444444,0.1111111111111111,100.0,300.0888964445236
0.8888888888888888,0.4444444444444444,0.2222222222222222,100.0,300.4212572880639
0.8888888888888888,0.4444444444444444,0.3333333333333333,100.0,301.1884733609324
0.8888888888888888,0.4444444444444444,0.4444444444444444,100.0,301.99622947462086
0.8888888888888888,0.4444444444444444,0.5555555555555556,100.0,301.99622947462086
0.8888888888888888,0.4444444444444444,0.6666666666666666,100.0,301.1884733609324
0.8888888888888888,0.4444444444444444,0.7777777777777777,100.0,300.4212572880639
0.8888888888888888,0.4444444444444444,0.8888888888888888,100.0,300.0888964445236
0.8888888888888888,0.4444444444444444,1.0,100.0,300.01116864130347
0.8888888888888888,0.5555555555555556,0.0,100.0,300.01116864130347
0.8888888888888888,0.5555555555555556,0.1111111111111111,100.0,300.0888964445236
0.8888888888888888,0.5555555555555556,0.2222222222222222,100.0,300.4212572880639
0.8888888888888888,0.5555555555555556,0.3333333333333333,100.0,301.1884733609324
0.8888888888888888,0.5555555555555556,0.4444444444444444,100.0,301.99622947462086
0.8888888888888888,0.5555555555555556,0.5555555555555556,100.0,301.99622947462086
0.8888888888888888,0.5555555555555556,0.6666666666666666,100.0,301.1884733609324
0.8888888888888888,0.5555555555555556,0.7777777777777777,100.0,300.4212572880639
0.8888888888888888,0.5555555555555556,0.8888888888888888,100.0,300.0888964445236
0.8888888888888888,0.5555555555555556,1.0,100.0,300.01116864130347
0.8888888888888888,0.6666666666666666,0.0,100.0,300.0066493521089
0.8888888888888888,0.6666666666666666,0.1111111111111111,100.0,300.05292530620403
0.8888888888888888,0.6666666666666666,0.2222222222222222,100.0,300.2507993551481
0.8888888888888888,0.6666666666666666,0.3333333333333333,100.0,300.7075684171602
0.8888888888888888,0.6666666666666666,0.4444444444444444,100.0,301.1884733609324
0.8888888888888888,0.6666666666666666,0.5555555555555556,100.0,301.1884733609324
0.8888888888888888,0.6666666666666666,0.6666666666666666,100.0,300.7075684171602
0.8888888888888888,0.6666666666666666,0.7777777777777777,100.0,300.2507993551481
0.8888888888888888,0.6666666666666666,0.8888888888888888,100.0,300.05292530620403
0.8888888888888888,0.6666666666666666,1.0,100.0,300.0066493521089
0.8888888888888888,0.7777777777777777,0.0,100.0,300.0023568791097
0.8888888888888888,0.7777777777777777,0.1111111111111111,100.0,300.0187595041625
0.8888888888888888,0.7777777777777777,0.2222222222222222,100.0,300.0888964445236
0.8888888888888888,0.7777777777777777,0.3333333333333333,100.0,300.2507993551481
0.8888888888888888,0.7777777777777777,0.4444444444444444,100.0,300.4212572880639
0.8888888888888888,0.7777777777777777,0.5555555555555556,100.0,300.4212572880639
0.8888888888888888,0.7777777777777777,0.6666666666666666,100.0,300.2507993551481
0.8888888888888888,0.7777777777777777,0.7777777777777777,100.0,300.0888964445236
0.8888888888888888,0.7777777777777777,0.8888888888888888,100.0,300.0187595041625
0.8888888888888888,0.7777777777777777,1.0,100.0,300.0023568791097
0.8888888888888888,0.8888888888888888,0.0,100.0,300.00049736391264
0.8888888888888888,0.8888888888888888,0.1111111111111111,100.0,300.0039587522123
0.8888888888888888,0.8888888888888888,0.2222222222222222,100.0,300.0187595041625
0.8888888888888888,0.8888888888888888,0.3333333333333333,100.0,300.05292530620403
0.8888888888888888,0.8888888888888888,0.4444444444444444,100.0,300.0888964445236
0.8888888888888888,0.8888888888888888,0.5555555555555556,100.0,300.0888964445236
0.8888888888888888,0.8888888888888888,0.6666666666666666,100.0,300.05292530620403
0.8888888888888888,0.8888888888888888,0.7777777777777777,100.0,300.0187595041625
0.8888888888888888,0.8888888888888888,0.8888888888888888,100.0,300.0039587522123
0.8888888888888888,0.8888888888888888,1.0,100.0,300.00049736391264
0.8888888888888888,1.0,0.0,100.0,300.0000624870788
0.8888888888888888,1.0,0.1111111111111111,100.0,300.00049736391264
0.8888888888888888,1.0,0.2222222222222222,100.0,300.0023568791097
0.8888888888888888,1.0,0.3333333333333333,100.0,300.0066493521089
0.8888888888888888,1.0,0.4444444444444444,100.0,300.01116864130347
0.8888888888888888,1.0,0.5555555555555556,100.0,300.01116864130347
0.8888888888888888,1.0,0.6666666666666666,100.0,300.0066493521089
0.8888888888888888,1.0,0.7777777777777777,100.0,300.0023568791097
0.8888888888888888,1.0,0.8888888888888888,100.0,300.00049736391264
0.8888888888888888,1.0,1.0,100.0,300.0000624870788
1.0,0.0,0.0,100.0,300.0000078506601
1.0,0.0,0.1111111111111111,100.0,300.0000624870788
1.0,0.0,0.2222222222222222,100.0,300.0002961101258
1.0,0.0,0.3333333333333333,100.0,300.0008354015619
1.0,0.0,0.4444444444444444,100.0,300.001403189399
1.0,0.0,0.5555555555555556,100.0,300.001403189399
1.0,0.0,0.6666666666666666,100.0,300.0008354015619
1.0,0.0,0.7777777777777777,100.0,300.0002961101258
1.0,0.0,0.8888888888888888,100.0,300.0000624870788
1.0,0.0,1.0,100.0,300.0000078506601
1.0,0.1111111111111111,0.0,100.0,300.0000624870788
1.0,0.1111111111111111,0.1111111111111111,100.0,300.00049736391264
1.0,0.1111111111111111,0.2222222222222222,100.0,300.0023568791097
1.0,0.1111111111111111,0.3333333333333333,100.0,300.0066493521089
1.0,0.1111111111111111,0.4444444444444444,100.0,300.01116864130347
1.0,0.1111111111111111,0.5555555555555556,100.0,300.01116864130347
1.0,0.1111111111111111,0.6666666666666666,100.0,300.0066493521089
1.0,0.1111111111111111,0.7777777777777777,100.0,300.0023568791097
1.0,0.1111111111111111,0.8888888888888888,100.0,300.00049736391264
1.0,0.1111111111111111,1.0,100.0,300.0000624870788
1.0,0.2222222222222222,0.0,100.0,300.0002961101258
1.0,0.2222222222222222,0.1111111111111111,100.0,300.0023568791097
1.0,0.2222222222222222,0.2222222222222222,100.0,300.01116864130347
1.0,0.2222222222222222,0.3333333333333333,100.0,300.0315095620731
1.0,0.2222222222222222,0.4444444444444444,100.0,300.05292530620403
1.0,0.2222222222222222,0.5555555555555556,100.0,300.05292530620403
1.0,0.2222222222222222,0.6666666666666666,100.0,300.0315095620731
1.0,0.2222222222222222,0.7777777777777777,100.0,300.01116864130347
1.0,0.2222222222222222,0.8888888888888888,100.0,300.0023568791097
1.0,0.2222222222222222,1.0,100.0,300.0002961101258
1.0,0.3333333333333333,0.0,100.0,300.0008354015619
1.0,0.3333333333333333,0.1111111111111111,100.0,300.0066493521089
1.0,0.3333333333333333,0.2222222222222222,100.0,300.0315095620731
1.0,0.3333333333333333,0.3333333333333333,100.0,300.0888964445236
1.0,0.3333333333333333,0.4444444444444444,100.0,300.14931567553833
1.0,0.3333333333333333,0.5555555555555556,100.0,300.14931567553833
1.0,0.3333333333333333,0.6666666666666666,100.0,300.0888964445236
1.0,0.3333333333333333,0.7777777777777777,100.0,300.0315095620731
1.0,0.3333333333333333,0.8888888888888888,100.0,300.0066493521089
1.0,0.3333333333333333,1.0,100.0,300.0008354015619
1.0,0.4444444444444444,0.0,100.0,300.001403189399
1.0,0.4444444444444444,0.1111111111111111,100.0,300.01116864130347
1.0,0.4444444444444444,0.2222222222222222,100.0,300.05292530620403
1.0,0.4444444444444444,0.3333333333333333,100.0,300.14931567553833
1.0,0.4444444444444444,0.4444444444444444,100.0,300.2507993551481
1.0,0.4444444444444444,0.5555555555555556,100.0,300.2507993551481
1.0,0.4444444444444444,0.6666666666666666,100.0,300.14931567553833
1.0,0.4444444444444444,0.7777777777777777,100.0,300.05292530620403
1.0,0.4444444444444444,0.8888888888888888,100.0,300.01116864130347
1.0,0.4444444444444444,1.0,100.0,300.001403189399
1.0,0.5555555555555556,0.0,100.0,300.001403189399
1.0,0.5555555555555556,0.1111111111111111,100.0,300.01116864130347
1.0,0.5555555555555556,0.2222222222222222,100.0,300.05292530620403
1.0,0.5555555555555556,0.3333333333333333,100.0,300.14931567553833
1.0,0.5555555555555556,0.4444444444444444,100.0,300.2507993551481
1.0,0.5555555555555556,0.5555555555555556,100.0,300.2507993551481
1.0,0.5555555555555556,0.6666666666666666,100.0,300.14931567553833
1.0,0.5555555555555556,0.7777777777777777,100.0,300.05292530620403
1.0,0.5555555555555556,0.8888888888888888,100.0,300.01116864130347
1.0,0.5555555555555556,1.0,100.0,300.001403189399
1.0,0.6666666666666666,0.0,100.0,300.0008354015619
1.0,0.6666666666666666,0.1111111111111111,100.0,300.0066493521089
1.0,0.6666666666666666,0.2222222222222222,100.0,300.0315095620731
1.0,0.6666666666666666,0.3333333333333333,100.0,300.0888964445236
1.0,0.6666666666666666,0.4444444444444444,100.0,300.14931567553833
1.0,0.6666666666666666,0.5555555555555556,100.0,300.14931567553833
1.0,0.6666666666666666,0.6666666666666666,100.0,300.0888964445236
1.0,0.6666666666666666,0.7777777777777777,100.0,300.0315095620731
1.0,0.6666666666666666,0.8888888888888888,100.0,300.0066493521089
1.0,0.6666666666666666,1.0,100.0,300.0008354015619
1.0,0.7777777777777777,0.0,100.0,300.0002961101258
1.0,0.7777777777777777,0.1111111111111111,100.0,300.0023568791097
1.0,0.7777777777777777,0.2222222222222222,100.0,300.01116864130347
1.0,0.7777777777777777,0.3333333333333333,100.0,300.0315095620731
1.0,0.7777777777777777,0.4444444444444444,100.0,300.05292530620403
1.0,0.7777777777777777,0.5555555555555556,100.0,300.05292530620403
1.0,0.7777777777777777,0.6666666666666666,100.0,300.0315095620731
1.0,0.7777777777777777,0.7777777777777777,100.0,300.01116864130347
1.0,0.7777777777777777,0.8888888888888888,100.0,300.0023568791097
1.0,0.7777777777777777,1.0,100.0,300.0002961101258
1.0,0.8888888888888888,0.0,100.0,300.0000624870788
1.0,0.8888888888888888,0.1111111111111111,100.0,300.00049736391264
1.0,0.8888888888888888,0.2222222222222222,100.0,300.0023568791097
1.0,0.8888888888888888,0.3333333333333333,100.0,300.0066493521089
1.0,0.8888888888888888,0.4444444444444444,100.0,300.01116864130347
1.0,0.8888888888888888,0.5555555555555556,100.0,300.01116864130347
1.0,0.8888888888888888,0.6666666666666666,100.0,300.0066493521089
1.0,0.8888888888888888,0.7777777777777777,100.0,300.0023568791097
1.0,0.8888888888888888,0.8888888888888888,100.0,300.00049736391264
1.0,0.8888888888888888,1.0,100.0,300.0000624870788
1.0,1.0,0.0,100.0,300.0000078506601
1.0,1.0,0.1111111111111111,100.0,300.0000624870788
1.0,1.0,0.2222222222222222,100.0,300.0002961101258
1.0,1.0,0.3333333333333333,100.0,300.0008354015619
1.0,1.0,0.4444444444444444,100.0,300.001403189399
1.0,1.0,0.5555555555555556,100.0,300.001403189399
1.0,1.0,0.6666666666666666,100.0,300.0008354015619
1.0,1.0,0.7777777777777777,100.0,300.0002961101258
1.0,1.0,0.8888888888888888,100.0,300.0000624870788
1.0,1.0,1.0,100.0,300.0000078506601
