simulation_id,material,time,x,y,temperature
Simulation_000001,Stainless Steel 304,35.036435190088305,0.0,0.0,345.9088387669039
Simulation_000001,Stainless Steel 304,35.036435190088305,0.010620139828897377,0.0,347.86017338065716
Simulation_000001,Stainless Steel 304,35.036435190088305,0.021240279657794753,0.0,347.86017338065716
Simulation_000001,Stainless Steel 304,35.036435190088305,0.03186041948669213,0.0,347.86017338065716
Simulation_000001,Stainless Steel 304,35.036435190088305,0.04248055931558951,0.0,347.86017338065716
Simulation_000001,Stainless Steel 304,35.036435190088305,0.05310069914448688,0.0,347.86017338065716
Simulation_000001,Stainless Steel 304,35.036435190088305,0.06372083897338426,0.0,347.86017338065716
Simulation_000001,Stainless Steel 304,35.036435190088305,0.07434097880228163,0.0,347.86017338065716
Simulation_000001,Stainless Steel 304,35.036435190088305,0.08496111863117901,0.0,347.86017338065716
Simulation_000001,Stainless Steel 304,35.036435190088305,0.0955812584600764,0.0,347.86017338065716
Simulation_000001,Stainless Steel 304,35.036435190088305,0.10620139828897376,0.0,347.86017338065716
Simulation_000001,Stainless Steel 304,35.036435190088305,0.11682153811787115,0.0,347.86017338065716
Simulation_000001,Stainless Steel 304,35.036435190088305,0.12744167794676853,0.0,347.86017338065716
Simulation_000001,Stainless Steel 304,35.036435190088305,0.1380618177756659,0.0,347.86017338065716
Simulation_000001,Stainless Steel 304,35.036435190088305,0.14868195760456326,0.0,347.86017338065716
Simulation_000001,Stainless Steel 304,35.036435190088305,0.15930209743346066,0.0,347.86017338065716
Simulation_000001,Stainless Steel 304,35.036435190088305,0.16992223726235803,0.0,347.86017338065716
Simulation_000001,Stainless Steel 304,35.036435190088305,0.1805423770912554,0.0,347.86017338065716
Simulation_000001,Stainless Steel 304,35.036435190088305,0.1911625169201528,0.0,347.86017338065716
Simulation_000001,Stainless Steel 304,35.036435190088305,0.20178265674905016,0.0,347.86017338065716
Simulation_000001,Stainless Steel 304,35.036435190088305,0.21240279657794753,0.0,347.86017338065716
Simulation_000001,Stainless Steel 304,35.036435190088305,0.22302293640684492,0.0,347.86017338065716
Simulation_000001,Stainless Steel 304,35.036435190088305,0.2336430762357423,0.0,347.86017338065716
Simulation_000001,Stainless Steel 304,35.036435190088305,0.24426321606463966,0.0,347.86017338065716
Simulation_000001,Stainless Steel 304,35.036435190088305,0.25488335589353706,0.0,347.86017338065716
Simulation_000001,Stainless Steel 304,35.036435190088305,0.2655034957224344,0.0,347.86017338065716
Simulation_000001,Stainless Steel 304,35.036435190088305,0.2761236355513318,0.0,347.86017338065716
Simulation_000001,Stainless Steel 304,35.036435190088305,0.28674377538022916,0.0,347.86017338065716
Simulation_000001,Stainless Steel 304,35.036435190088305,0.29736391520912653,0.0,347.86017338065716
Simulation_000001,Stainless Steel 304,35.036435190088305,0.30798405503802395,0.0,347.86017338065716
Simulation_000001,Stainless Steel 304,35.036435190088305,0.3186041948669213,0.0,347.86017338065716
Simulation_000001,Stainless Steel 304,35.036435190088305,0.3292243346958187,0.0,347.86017338065716
Simulation_000001,Stainless Steel 304,35.036435190088305,0.33984447452471606,0.0,347.86017338065716
Simulation_000001,Stainless Steel 304,35.036435190088305,0.3504646143536134,0.0,347.86017338065716
Simulation_000001,Stainless Steel 304,35.036435190088305,0.3610847541825108,0.0,274.0433442800124
Simulation_000001,Stainless Steel 304,35.036435190088305,0.0,0.02092533981482211,359.5297666180458
Simulation_000001,Stainless Steel 304,35.036435190088305,0.010620139828897377,0.02092533981482211,361.885456492401
Simulation_000001,Stainless Steel 304,35.036435190088305,0.021240279657794753,0.02092533981482211,363.1057001936853
Simulation_000001,Stainless Steel 304,35.036435190088305,0.03186041948669213,0.02092533981482211,363.61022749900314
Simulation_000001,Stainless Steel 304,35.036435190088305,0.04248055931558951,0.02092533981482211,363.75733777994856
Simulation_000001,Stainless Steel 304,35.036435190088305,0.05310069914448688,0.02092533981482211,363.78246680994135
Simulation_000001,Stainless Steel 304,35.036435190088305,0.06372083897338426,0.02092533981482211,363.78246680994135
Simulation_000001,Stainless Steel 304,35.036435190088305,0.07434097880228163,0.02092533981482211,363.78246680994135
Simulation_000001,Stainless Steel 304,35.036435190088305,0.08496111863117901,0.02092533981482211,363.78246680994135
Simulation_000001,Stainless Steel 304,35.036435190088305,0.0955812584600764,0.02092533981482211,363.78246680994135
Simulation_000001,Stainless Steel 304,35.036435190088305,0.10620139828897376,0.02092533981482211,363.78246680994135
Simulation_000001,Stainless Steel 304,35.036435190088305,0.11682153811787115,0.02092533981482211,363.78246680994135
Simulation_000001,Stainless Steel 304,35.036435190088305,0.12744167794676853,0.02092533981482211,363.78246680994135
Simulation_000001,Stainless Steel 304,35.036435190088305,0.1380618177756659,0.02092533981482211,363.78246680994135
Simulation_000001,Stainless Steel 304,35.036435190088305,0.14868195760456326,0.02092533981482211,363.78246680994135
Simulation_000001,Stainless Steel 304,35.036435190088305,0.15930209743346066,0.02092533981482211,363.78246680994135
Simulation_000001,Stainless Steel 304,35.036435190088305,0.16992223726235803,0.02092533981482211,363.78246680994135
Simulation_000001,Stainless Steel 304,35.036435190088305,0.1805423770912554,0.02092533981482211,363.78246680994135
Simulation_000001,Stainless Steel 304,35.036435190088305,0.1911625169201528,0.02092533981482211,363.78246680994135
Simulation_000001,Stainless Steel 304,35.036435190088305,0.20178265674905016,0.02092533981482211,363.78246680994135
Simulation_000001,Stainless Steel 304,35.036435190088305,0.21240279657794753,0.02092533981482211,363.78246680994135
Simulation_000001,Stainless Steel 304,35.036435190088305,0.22302293640684492,0.02092533981482211,363.78246680994135
Simulation_000001,Stainless Steel 304,35.036435190088305,0.2336430762357423,0.02092533981482211,363.78246680994135
Simulation_000001,Stainless Steel 304,35.036435190088305,0.24426321606463966,0.02092533981482211,363.78246680994135
Simulation_000001,Stainless Steel 304,35.036435190088305,0.25488335589353706,0.02092533981482211,363.78246680994135
Simulation_000001,Stainless Steel 304,35.036435190088305,0.2655034957224344,0.02092533981482211,363.78246680994135
Simulation_000001,Stainless Steel 304,35.036435190088305,0.2761236355513318,0.02092533981482211,363.78246680994135
Simulation_000001,Stainless Steel 304,35.036435190088305,0.28674377538022916,0.02092533981482211,363.78246680994135
Simulation_000001,Stainless Steel 304,35.036435190088305,0.29736391520912653,0.02092533981482211,363.78246680994135
Simulation_000001,Stainless Steel 304,35.036435190088305,0.30798405503802395,0.02092533981482211,363.78246680994135
Simulation_000001,Stainless Steel 304,35.036435190088305,0.3186041948669213,0.02092533981482211,362.8508263197804
Simulation_000001,Stainless Steel 304,35.036435190088305,0.3292243346958187,0.02092533981482211,358.29788875718583
Simulation_000001,Stainless Steel 304,35.036435190088305,0.33984447452471606,0.02092533981482211,344.8667611599551
Simulation_000001,Stainless Steel 304,35.036435190088305,0.3504646143536134,0.02092533981482211,317.7036377557577
Simulation_000001,Stainless Steel 304,35.036435190088305,0.3610847541825108,0.02092533981482211,274.0433442800124
Simulation_000001,Stainless Steel 304,35.036435190088305,0.0,0.04185067962964422,363.91411590954175
Simulation_000001,Stainless Steel 304,35.036435190088305,0.010620139828897377,0.04185067962964422,366.3999609920962
Simulation_000001,Stainless Steel 304,35.036435190088305,0.021240279657794753,0.04185067962964422,367.7898633842706
Simulation_000001,Stainless Steel 304,35.036435190088305,0.03186041948669213,0.04185067962964422,368.37568798616115
Simulation_000001,Stainless Steel 304,35.036435190088305,0.04248055931558951,0.04185067962964422,368.54377053859184
Simulation_000001,Stainless Steel 304,35.036435190088305,0.05310069914448688,0.04185067962964422,368.56889956858464
Simulation_000001,Stainless Steel 304,35.036435190088305,0.06372083897338426,0.04185067962964422,368.56889956858464
Simulation_000001,Stainless Steel 304,35.036435190088305,0.07434097880228163,0.04185067962964422,368.56889956858464
Simulation_000001,Stainless Steel 304,35.036435190088305,0.08496111863117901,0.04185067962964422,368.56889956858464
Simulation_000001,Stainless Steel 304,35.036435190088305,0.0955812584600764,0.04185067962964422,368.56889956858464
Simulation_000001,Stainless Steel 304,35.036435190088305,0.10620139828897376,0.04185067962964422,368.56889956858464
Simulation_000001,Stainless Steel 304,35.036435190088305,0.11682153811787115,0.04185067962964422,368.56889956858464
Simulation_000001,Stainless Steel 304,35.036435190088305,0.12744167794676853,0.04185067962964422,368.56889956858464
Simulation_000001,Stainless Steel 304,35.036435190088305,0.1380618177756659,0.04185067962964422,368.56889956858464
Simulation_000001,Stainless Steel 304,35.036435190088305,0.14868195760456326,0.04185067962964422,368.56889956858464
Simulation_000001,Stainless Steel 304,35.036435190088305,0.15930209743346066,0.04185067962964422,368.56889956858464
Simulation_000001,Stainless Steel 304,35.036435190088305,0.16992223726235803,0.04185067962964422,368.56889956858464
Simulation_000001,Stainless Steel 304,35.036435190088305,0.1805423770912554,0.04185067962964422,368.56889956858464
Simulation_000001,Stainless Steel 304,35.036435190088305,0.1911625169201528,0.04185067962964422,368.56889956858464
Simulation_000001,Stainless Steel 304,35.036435190088305,0.20178265674905016,0.04185067962964422,368.56889956858464
Simulation_000001,Stainless Steel 304,35.036435190088305,0.21240279657794753,0.04185067962964422,368.56889956858464
Simulation_000001,Stainless Steel 304,35.036435190088305,0.22302293640684492,0.04185067962964422,368.56889956858464
Simulation_000001,Stainless Steel 304,35.036435190088305,0.2336430762357423,0.04185067962964422,368.56889956858464
Simulation_000001,Stainless Steel 304,35.036435190088305,0.24426321606463966,0.04185067962964422,368.56889956858464
Simulation_000001,Stainless Steel 304,35.036435190088305,0.25488335589353706,0.04185067962964422,368.56889956858464
Simulation_000001,Stainless Steel 304,35.036435190088305,0.2655034957224344,0.04185067962964422,368.56889956858464
Simulation_000001,Stainless Steel 304,35.036435190088305,0.2761236355513318,0.04185067962964422,368.56889956858464
Simulation_000001,Stainless Steel 304,35.036435190088305,0.28674377538022916,0.04185067962964422,368.56889956858464
Simulation_000001,Stainless Steel 304,35.036435190088305,0.29736391520912653,0.04185067962964422,368.56889956858464
Simulation_000001,Stainless Steel 304,35.036435190088305,0.30798405503802395,0.04185067962964422,368.56889956858464
Simulation_000001,Stainless Steel 304,35.036435190088305,0.3186041948669213,0.04185067962964422,367.6372590784237
Simulation_000001,Stainless Steel 304,35.036435190088305,0.3292243346958187,0.04185067962964422,362.31050170359356
Simulation_000001,Stainless Steel 304,35.036435190088305,0.33984447452471606,0.04185067962964422,346.64049297360685
Simulation_000001,Stainless Steel 304,35.036435190088305,0.3504646143536134,0.04185067962964422,316.19096655319936
Simulation_000001,Stainless Steel 304,35.036435190088305,0.3610847541825108,0.04185067962964422,274.0433442800124
Simulation_000001,Stainless Steel 304,35.036435190088305,0.0,0.06277601944446633,364.5082389815146
Simulation_000001,Stainless Steel 304,35.036435190088305,0.010620139828897377,0.06277601944446633,367.0117213933481
Simulation_000001,Stainless Steel 304,35.036435190088305,0.021240279657794753,0.06277601944446633,368.4167304153192
Simulation_000001,Stainless Steel 304,35.036435190088305,0.03186041948669213,0.06277601944446633,369.0087576181341
Simulation_000001,Stainless Steel 304,35.036435190088305,0.04248055931558951,0.06277601944446633,369.1768401705648
Simulation_000001,Stainless Steel 304,35.036435190088305,0.05310069914448688,0.06277601944446633,369.2019692005576
Simulation_000001,Stainless Steel 304,35.036435190088305,0.06372083897338426,0.06277601944446633,369.2019692005576
Simulation_000001,Stainless Steel 304,35.036435190088305,0.07434097880228163,0.06277601944446633,369.2019692005576
Simulation_000001,Stainless Steel 304,35.036435190088305,0.08496111863117901,0.06277601944446633,369.2019692005576
Simulation_000001,Stainless Steel 304,35.036435190088305,0.0955812584600764,0.06277601944446633,369.2019692005576
Simulation_000001,Stainless Steel 304,35.036435190088305,0.10620139828897376,0.06277601944446633,369.2019692005576
Simulation_000001,Stainless Steel 304,35.036435190088305,0.11682153811787115,0.06277601944446633,369.2019692005576
Simulation_000001,Stainless Steel 304,35.036435190088305,0.12744167794676853,0.06277601944446633,369.2019692005576
Simulation_000001,Stainless Steel 304,35.036435190088305,0.1380618177756659,0.06277601944446633,369.2019692005576
Simulation_000001,Stainless Steel 304,35.036435190088305,0.14868195760456326,0.06277601944446633,369.2019692005576
Simulation_000001,Stainless Steel 304,35.036435190088305,0.15930209743346066,0.06277601944446633,369.2019692005576
Simulation_000001,Stainless Steel 304,35.036435190088305,0.16992223726235803,0.06277601944446633,369.2019692005576
Simulation_000001,Stainless Steel 304,35.036435190088305,0.1805423770912554,0.06277601944446633,369.2019692005576
Simulation_000001,Stainless Steel 304,35.036435190088305,0.1911625169201528,0.06277601944446633,369.2019692005576
Simulation_000001,Stainless Steel 304,35.036435190088305,0.20178265674905016,0.06277601944446633,369.2019692005576
Simulation_000001,Stainless Steel 304,35.036435190088305,0.21240279657794753,0.06277601944446633,369.2019692005576
Simulation_000001,Stainless Steel 304,35.036435190088305,0.22302293640684492,0.06277601944446633,369.2019692005576
Simulation_000001,Stainless Steel 304,35.036435190088305,0.2336430762357423,0.06277601944446633,369.2019692005576
Simulation_000001,Stainless Steel 304,35.036435190088305,0.24426321606463966,0.06277601944446633,369.2019692005576
Simulation_000001,Stainless Steel 304,35.036435190088305,0.25488335589353706,0.06277601944446633,369.2019692005576
Simulation_000001,Stainless Steel 304,35.036435190088305,0.2655034957224344,0.06277601944446633,369.2019692005576
Simulation_000001,Stainless Steel 304,35.036435190088305,0.2761236355513318,0.06277601944446633,369.2019692005576
Simulation_000001,Stainless Steel 304,35.036435190088305,0.28674377538022916,0.06277601944446633,369.2019692005576
Simulation_000001,Stainless Steel 304,35.036435190088305,0.29736391520912653,0.06277601944446633,369.2019692005576
Simulation_000001,Stainless Steel 304,35.036435190088305,0.30798405503802395,0.06277601944446633,369.2019692005576
Simulation_000001,Stainless Steel 304,35.036435190088305,0.3186041948669213,0.06277601944446633,368.27032871039665
Simulation_000001,Stainless Steel 304,35.036435190088305,0.3292243346958187,0.06277601944446633,362.9435713355665
Simulation_000001,Stainless Steel 304,35.036435190088305,0.33984447452471606,0.06277601944446633,347.0464740346186
Simulation_000001,Stainless Steel 304,35.036435190088305,0.3504646143536134,0.06277601944446633,316.2722272445392
Simulation_000001,Stainless Steel 304,35.036435190088305,0.3610847541825108,0.06277601944446633,274.0433442800124
Simulation_000001,Stainless Steel 304,35.036435190088305,0.0,0.08370135925928844,364.545427503943
Simulation_000001,Stainless Steel 304,35.036435190088305,0.010620139828897377,0.08370135925928844,367.05001390625665
Simulation_000001,Stainless Steel 304,35.036435190088305,0.021240279657794753,0.08370135925928844,368.4557616876735
Simulation_000001,Stainless Steel 304,35.036435190088305,0.03186041948669213,0.08370135925928844,369.0477888904884
Simulation_000001,Stainless Steel 304,35.036435190088305,0.04248055931558951,0.08370135925928844,369.2158714429191
Simulation_000001,Stainless Steel 304,35.036435190088305,0.05310069914448688,0.08370135925928844,369.2410004729119
Simulation_000001,Stainless Steel 304,35.036435190088305,0.06372083897338426,0.08370135925928844,369.2410004729119
Simulation_000001,Stainless Steel 304,35.036435190088305,0.07434097880228163,0.08370135925928844,369.2410004729119
Simulation_000001,Stainless Steel 304,35.036435190088305,0.08496111863117901,0.08370135925928844,369.2410004729119
Simulation_000001,Stainless Steel 304,35.036435190088305,0.0955812584600764,0.08370135925928844,369.2410004729119
Simulation_000001,Stainless Steel 304,35.036435190088305,0.10620139828897376,0.08370135925928844,369.2410004729119
Simulation_000001,Stainless Steel 304,35.036435190088305,0.11682153811787115,0.08370135925928844,369.2410004729119
Simulation_000001,Stainless Steel 304,35.036435190088305,0.12744167794676853,0.08370135925928844,369.2410004729119
Simulation_000001,Stainless Steel 304,35.036435190088305,0.1380618177756659,0.08370135925928844,369.2410004729119
Simulation_000001,Stainless Steel 304,35.036435190088305,0.14868195760456326,0.08370135925928844,369.2410004729119
Simulation_000001,Stainless Steel 304,35.036435190088305,0.15930209743346066,0.08370135925928844,369.2410004729119
Simulation_000001,Stainless Steel 304,35.036435190088305,0.16992223726235803,0.08370135925928844,369.2410004729119
Simulation_000001,Stainless Steel 304,35.036435190088305,0.1805423770912554,0.08370135925928844,369.2410004729119
Simulation_000001,Stainless Steel 304,35.036435190088305,0.1911625169201528,0.08370135925928844,369.2410004729119
Simulation_000001,Stainless Steel 304,35.036435190088305,0.20178265674905016,0.08370135925928844,369.2410004729119
Simulation_000001,Stainless Steel 304,35.036435190088305,0.21240279657794753,0.08370135925928844,369.2410004729119
Simulation_000001,Stainless Steel 304,35.036435190088305,0.22302293640684492,0.08370135925928844,369.2410004729119
Simulation_000001,Stainless Steel 304,35.036435190088305,0.2336430762357423,0.08370135925928844,369.2410004729119
Simulation_000001,Stainless Steel 304,35.036435190088305,0.24426321606463966,0.08370135925928844,369.2410004729119
Simulation_000001,Stainless Steel 304,35.036435190088305,0.25488335589353706,0.08370135925928844,369.2410004729119
Simulation_000001,Stainless Steel 304,35.036435190088305,0.2655034957224344,0.08370135925928844,369.2410004729119
Simulation_000001,Stainless Steel 304,35.036435190088305,0.2761236355513318,0.08370135925928844,369.2410004729119
Simulation_000001,Stainless Steel 304,35.036435190088305,0.28674377538022916,0.08370135925928844,369.2410004729119
Simulation_000001,Stainless Steel 304,35.036435190088305,0.29736391520912653,0.08370135925928844,369.2410004729119
Simulation_000001,Stainless Steel 304,35.036435190088305,0.30798405503802395,0.08370135925928844,369.2410004729119
Simulation_000001,Stainless Steel 304,35.036435190088305,0.3186041948669213,0.08370135925928844,368.30935998275095
Simulation_000001,Stainless Steel 304,35.036435190088305,0.3292243346958187,0.08370135925928844,362.9826026079208
Simulation_000001,Stainless Steel 304,35.036435190088305,0.33984447452471606,0.08370135925928844,347.0855053069729
Simulation_000001,Stainless Steel 304,35.036435190088305,0.3504646143536134,0.08370135925928844,316.28460838150244
Simulation_000001,Stainless Steel 304,35.036435190088305,0.3610847541825108,0.08370135925928844,274.0433442800124
Simulation_000001,Stainless Steel 304,35.036435190088305,0.0,0.10462669907411055,364.5463220812725
Simulation_000001,Stainless Steel 304,35.036435190088305,0.010620139828897377,0.10462669907411055,367.0509350402975
Simulation_000001,Stainless Steel 304,35.036435190088305,0.021240279657794753,0.10462669907411055,368.4566828217143
Simulation_000001,Stainless Steel 304,35.036435190088305,0.03186041948669213,0.10462669907411055,369.0487100245292
Simulation_000001,Stainless Steel 304,35.036435190088305,0.04248055931558951,0.10462669907411055,369.2167925769599
Simulation_000001,Stainless Steel 304,35.036435190088305,0.05310069914448688,0.10462669907411055,369.2419216069527
Simulation_000001,Stainless Steel 304,35.036435190088305,0.06372083897338426,0.10462669907411055,369.2419216069527
Simulation_000001,Stainless Steel 304,35.036435190088305,0.07434097880228163,0.10462669907411055,369.2419216069527
Simulation_000001,Stainless Steel 304,35.036435190088305,0.08496111863117901,0.10462669907411055,369.2419216069527
Simulation_000001,Stainless Steel 304,35.036435190088305,0.0955812584600764,0.10462669907411055,369.2419216069527
Simulation_000001,Stainless Steel 304,35.036435190088305,0.10620139828897376,0.10462669907411055,369.2419216069527
Simulation_000001,Stainless Steel 304,35.036435190088305,0.11682153811787115,0.10462669907411055,369.2419216069527
Simulation_000001,Stainless Steel 304,35.036435190088305,0.12744167794676853,0.10462669907411055,369.2419216069527
Simulation_000001,Stainless Steel 304,35.036435190088305,0.1380618177756659,0.10462669907411055,369.2419216069527
Simulation_000001,Stainless Steel 304,35.036435190088305,0.14868195760456326,0.10462669907411055,369.2419216069527
Simulation_000001,Stainless Steel 304,35.036435190088305,0.15930209743346066,0.10462669907411055,369.2419216069527
Simulation_000001,Stainless Steel 304,35.036435190088305,0.16992223726235803,0.10462669907411055,369.2419216069527
Simulation_000001,Stainless Steel 304,35.036435190088305,0.1805423770912554,0.10462669907411055,369.2419216069527
Simulation_000001,Stainless Steel 304,35.036435190088305,0.1911625169201528,0.10462669907411055,369.2419216069527
Simulation_000001,Stainless Steel 304,35.036435190088305,0.20178265674905016,0.10462669907411055,369.2419216069527
Simulation_000001,Stainless Steel 304,35.036435190088305,0.21240279657794753,0.10462669907411055,369.2419216069527
Simulation_000001,Stainless Steel 304,35.036435190088305,0.22302293640684492,0.10462669907411055,369.2419216069527
Simulation_000001,Stainless Steel 304,35.036435190088305,0.2336430762357423,0.10462669907411055,369.2419216069527
Simulation_000001,Stainless Steel 304,35.036435190088305,0.24426321606463966,0.10462669907411055,369.2419216069527
Simulation_000001,Stainless Steel 304,35.036435190088305,0.25488335589353706,0.10462669907411055,369.2419216069527
Simulation_000001,Stainless Steel 304,35.036435190088305,0.2655034957224344,0.10462669907411055,369.2419216069527
Simulation_000001,Stainless Steel 304,35.036435190088305,0.2761236355513318,0.10462669907411055,369.2419216069527
Simulation_000001,Stainless Steel 304,35.036435190088305,0.28674377538022916,0.10462669907411055,369.2419216069527
Simulation_000001,Stainless Steel 304,35.036435190088305,0.29736391520912653,0.10462669907411055,369.2419216069527
Simulation_000001,Stainless Steel 304,35.036435190088305,0.30798405503802395,0.10462669907411055,369.2419216069527
Simulation_000001,Stainless Steel 304,35.036435190088305,0.3186041948669213,0.10462669907411055,368.31028111679177
Simulation_000001,Stainless Steel 304,35.036435190088305,0.3292243346958187,0.10462669907411055,362.9835237419616
Simulation_000001,Stainless Steel 304,35.036435190088305,0.33984447452471606,0.10462669907411055,347.0864264410137
Simulation_000001,Stainless Steel 304,35.036435190088305,0.3504646143536134,0.10462669907411055,316.28552951554326
Simulation_000001,Stainless Steel 304,35.036435190088305,0.3610847541825108,0.10462669907411055,274.0433442800124
Simulation_000001,Stainless Steel 304,35.036435190088305,0.0,0.12555203888893265,364.5463220812725
Simulation_000001,Stainless Steel 304,35.036435190088305,0.010620139828897377,0.12555203888893265,367.0509350402975
Simulation_000001,Stainless Steel 304,35.036435190088305,0.021240279657794753,0.12555203888893265,368.4566828217143
Simulation_000001,Stainless Steel 304,35.036435190088305,0.03186041948669213,0.12555203888893265,369.0487100245292
Simulation_000001,Stainless Steel 304,35.036435190088305,0.04248055931558951,0.12555203888893265,369.2167925769599
Simulation_000001,Stainless Steel 304,35.036435190088305,0.05310069914448688,0.12555203888893265,369.2419216069527
Simulation_000001,Stainless Steel 304,35.036435190088305,0.06372083897338426,0.12555203888893265,369.2419216069527
Simulation_000001,Stainless Steel 304,35.036435190088305,0.07434097880228163,0.12555203888893265,369.2419216069527
Simulation_000001,Stainless Steel 304,35.036435190088305,0.08496111863117901,0.12555203888893265,369.2419216069527
Simulation_000001,Stainless Steel 304,35.036435190088305,0.0955812584600764,0.12555203888893265,369.2419216069527
Simulation_000001,Stainless Steel 304,35.036435190088305,0.10620139828897376,0.12555203888893265,369.2419216069527
Simulation_000001,Stainless Steel 304,35.036435190088305,0.11682153811787115,0.12555203888893265,369.2419216069527
Simulation_000001,Stainless Steel 304,35.036435190088305,0.12744167794676853,0.12555203888893265,369.2419216069527
Simulation_000001,Stainless Steel 304,35.036435190088305,0.1380618177756659,0.12555203888893265,369.2419216069527
Simulation_000001,Stainless Steel 304,35.036435190088305,0.14868195760456326,0.12555203888893265,369.2419216069527
Simulation_000001,Stainless Steel 304,35.036435190088305,0.15930209743346066,0.12555203888893265,369.2419216069527
Simulation_000001,Stainless Steel 304,35.036435190088305,0.16992223726235803,0.12555203888893265,369.2419216069527
Simulation_000001,Stainless Steel 304,35.036435190088305,0.1805423770912554,0.12555203888893265,369.2419216069527
Simulation_000001,Stainless Steel 304,35.036435190088305,0.1911625169201528,0.12555203888893265,369.2419216069527
Simulation_000001,Stainless Steel 304,35.036435190088305,0.20178265674905016,0.12555203888893265,369.2419216069527
Simulation_000001,Stainless Steel 304,35.036435190088305,0.21240279657794753,0.12555203888893265,369.2419216069527
Simulation_000001,Stainless Steel 304,35.036435190088305,0.22302293640684492,0.12555203888893265,369.2419216069527
Simulation_000001,Stainless Steel 304,35.036435190088305,0.2336430762357423,0.12555203888893265,369.2419216069527
Simulation_000001,Stainless Steel 304,35.036435190088305,0.24426321606463966,0.12555203888893265,369.2419216069527
Simulation_000001,Stainless Steel 304,35.036435190088305,0.25488335589353706,0.12555203888893265,369.2419216069527
Simulation_000001,Stainless Steel 304,35.036435190088305,0.2655034957224344,0.12555203888893265,369.2419216069527
Simulation_000001,Stainless Steel 304,35.036435190088305,0.2761236355513318,0.12555203888893265,369.2419216069527
Simulation_000001,Stainless Steel 304,35.036435190088305,0.28674377538022916,0.12555203888893265,369.2419216069527
Simulation_000001,Stainless Steel 304,35.036435190088305,0.29736391520912653,0.12555203888893265,369.2419216069527
Simulation_000001,Stainless Steel 304,35.036435190088305,0.30798405503802395,0.12555203888893265,369.2419216069527
Simulation_000001,Stainless Steel 304,35.036435190088305,0.3186041948669213,0.12555203888893265,368.31028111679177
Simulation_000001,Stainless Steel 304,35.036435190088305,0.3292243346958187,0.12555203888893265,362.9835237419616
Simulation_000001,Stainless Steel 304,35.036435190088305,0.33984447452471606,0.12555203888893265,347.0864264410137
Simulation_000001,Stainless Steel 304,35.036435190088305,0.3504646143536134,0.12555203888893265,316.28552951554326
Simulation_000001,Stainless Steel 304,35.036435190088305,0.3610847541825108,0.12555203888893265,274.0433442800124
Simulation_000001,Stainless Steel 304,35.036435190088305,0.0,0.14647737870375477,364.5463220812725
Simulation_000001,Stainless Steel 304,35.036435190088305,0.010620139828897377,0.14647737870375477,367.0509350402975
Simulation_000001,Stainless Steel 304,35.036435190088305,0.021240279657794753,0.14647737870375477,368.4566828217143
Simulation_000001,Stainless Steel 304,35.036435190088305,0.03186041948669213,0.14647737870375477,369.0487100245292
Simulation_000001,Stainless Steel 304,35.036435190088305,0.04248055931558951,0.14647737870375477,369.2167925769599
Simulation_000001,Stainless Steel 304,35.036435190088305,0.05310069914448688,0.14647737870375477,369.2419216069527
Simulation_000001,Stainless Steel 304,35.036435190088305,0.06372083897338426,0.14647737870375477,369.2419216069527
Simulation_000001,Stainless Steel 304,35.036435190088305,0.07434097880228163,0.14647737870375477,369.2419216069527
Simulation_000001,Stainless Steel 304,35.036435190088305,0.08496111863117901,0.14647737870375477,369.2419216069527
Simulation_000001,Stainless Steel 304,35.036435190088305,0.0955812584600764,0.14647737870375477,369.2419216069527
Simulation_000001,Stainless Steel 304,35.036435190088305,0.10620139828897376,0.14647737870375477,369.2419216069527
Simulation_000001,Stainless Steel 304,35.036435190088305,0.11682153811787115,0.14647737870375477,369.2419216069527
Simulation_000001,Stainless Steel 304,35.036435190088305,0.12744167794676853,0.14647737870375477,369.2419216069527
Simulation_000001,Stainless Steel 304,35.036435190088305,0.1380618177756659,0.14647737870375477,369.2419216069527
Simulation_000001,Stainless Steel 304,35.036435190088305,0.14868195760456326,0.14647737870375477,369.2419216069527
Simulation_000001,Stainless Steel 304,35.036435190088305,0.15930209743346066,0.14647737870375477,369.2419216069527
Simulation_000001,Stainless Steel 304,35.036435190088305,0.16992223726235803,0.14647737870375477,369.2419216069527
Simulation_000001,Stainless Steel 304,35.036435190088305,0.1805423770912554,0.14647737870375477,369.2419216069527
Simulation_000001,Stainless Steel 304,35.036435190088305,0.1911625169201528,0.14647737870375477,369.2419216069527
Simulation_000001,Stainless Steel 304,35.036435190088305,0.20178265674905016,0.14647737870375477,369.2419216069527
Simulation_000001,Stainless Steel 304,35.036435190088305,0.21240279657794753,0.14647737870375477,369.2419216069527
Simulation_000001,Stainless Steel 304,35.036435190088305,0.22302293640684492,0.14647737870375477,369.2419216069527
Simulation_000001,Stainless Steel 304,35.036435190088305,0.2336430762357423,0.14647737870375477,369.2419216069527
Simulation_000001,Stainless Steel 304,35.036435190088305,0.24426321606463966,0.14647737870375477,369.2419216069527
Simulation_000001,Stainless Steel 304,35.036435190088305,0.25488335589353706,0.14647737870375477,369.2419216069527
Simulation_000001,Stainless Steel 304,35.036435190088305,0.2655034957224344,0.14647737870375477,369.2419216069527
Simulation_000001,Stainless Steel 304,35.036435190088305,0.2761236355513318,0.14647737870375477,369.2419216069527
Simulation_000001,Stainless Steel 304,35.036435190088305,0.28674377538022916,0.14647737870375477,369.2419216069527
Simulation_000001,Stainless Steel 304,35.036435190088305,0.29736391520912653,0.14647737870375477,369.2419216069527
Simulation_000001,Stainless Steel 304,35.036435190088305,0.30798405503802395,0.14647737870375477,369.2419216069527
Simulation_000001,Stainless Steel 304,35.036435190088305,0.3186041948669213,0.14647737870375477,368.31028111679177
Simulation_000001,Stainless Steel 304,35.036435190088305,0.3292243346958187,0.14647737870375477,362.9835237419616
Simulation_000001,Stainless Steel 304,35.036435190088305,0.33984447452471606,0.14647737870375477,347.0864264410137
Simulation_000001,Stainless Steel 304,35.036435190088305,0.3504646143536134,0.14647737870375477,316.28552951554326
Simulation_000001,Stainless Steel 304,35.036435190088305,0.3610847541825108,0.14647737870375477,274.0433442800124
Simulation_000001,Stainless Steel 304,35.036435190088305,0.0,0.16740271851857688,364.5463220812725
Simulation_000001,Stainless Steel 304,35.036435190088305,0.010620139828897377,0.16740271851857688,367.0509350402975
Simulation_000001,Stainless Steel 304,35.036435190088305,0.021240279657794753,0.16740271851857688,368.4566828217143
Simulation_000001,Stainless Steel 304,35.036435190088305,0.03186041948669213,0.16740271851857688,369.0487100245292
Simulation_000001,Stainless Steel 304,35.036435190088305,0.04248055931558951,0.16740271851857688,369.2167925769599
Simulation_000001,Stainless Steel 304,35.036435190088305,0.05310069914448688,0.16740271851857688,369.2419216069527
Simulation_000001,Stainless Steel 304,35.036435190088305,0.06372083897338426,0.16740271851857688,369.2419216069527
Simulation_000001,Stainless Steel 304,35.036435190088305,0.07434097880228163,0.16740271851857688,369.2419216069527
Simulation_000001,Stainless Steel 304,35.036435190088305,0.08496111863117901,0.16740271851857688,369.2419216069527
Simulation_000001,Stainless Steel 304,35.036435190088305,0.0955812584600764,0.16740271851857688,369.2419216069527
Simulation_000001,Stainless Steel 304,35.036435190088305,0.10620139828897376,0.16740271851857688,369.2419216069527
Simulation_000001,Stainless Steel 304,35.036435190088305,0.11682153811787115,0.16740271851857688,369.2419216069527
Simulation_000001,Stainless Steel 304,35.036435190088305,0.12744167794676853,0.16740271851857688,369.2419216069527
Simulation_000001,Stainless Steel 304,35.036435190088305,0.1380618177756659,0.16740271851857688,369.2419216069527
Simulation_000001,Stainless Steel 304,35.036435190088305,0.14868195760456326,0.16740271851857688,369.2419216069527
Simulation_000001,Stainless Steel 304,35.036435190088305,0.15930209743346066,0.16740271851857688,369.2419216069527
Simulation_000001,Stainless Steel 304,35.036435190088305,0.16992223726235803,0.16740271851857688,369.2419216069527
Simulation_000001,Stainless Steel 304,35.036435190088305,0.1805423770912554,0.16740271851857688,369.2419216069527
Simulation_000001,Stainless Steel 304,35.036435190088305,0.1911625169201528,0.16740271851857688,369.2419216069527
Simulation_000001,Stainless Steel 304,35.036435190088305,0.20178265674905016,0.16740271851857688,369.2419216069527
Simulation_000001,Stainless Steel 304,35.036435190088305,0.21240279657794753,0.16740271851857688,369.2419216069527
Simulation_000001,Stainless Steel 304,35.036435190088305,0.22302293640684492,0.16740271851857688,369.2419216069527
Simulation_000001,Stainless Steel 304,35.036435190088305,0.2336430762357423,0.16740271851857688,369.2419216069527
Simulation_000001,Stainless Steel 304,35.036435190088305,0.24426321606463966,0.16740271851857688,369.2419216069527
Simulation_000001,Stainless Steel 304,35.036435190088305,0.25488335589353706,0.16740271851857688,369.2419216069527
Simulation_000001,Stainless Steel 304,35.036435190088305,0.2655034957224344,0.16740271851857688,369.2419216069527
Simulation_000001,Stainless Steel 304,35.036435190088305,0.2761236355513318,0.16740271851857688,369.2419216069527
Simulation_000001,Stainless Steel 304,35.036435190088305,0.28674377538022916,0.16740271851857688,369.2419216069527
Simulation_000001,Stainless Steel 304,35.036435190088305,0.29736391520912653,0.16740271851857688,369.2419216069527
Simulation_000001,Stainless Steel 304,35.036435190088305,0.30798405503802395,0.16740271851857688,369.2419216069527
Simulation_000001,Stainless Steel 304,35.036435190088305,0.3186041948669213,0.16740271851857688,368.31028111679177
Simulation_000001,Stainless Steel 304,35.036435190088305,0.3292243346958187,0.16740271851857688,362.9835237419616
Simulation_000001,Stainless Steel 304,35.036435190088305,0.33984447452471606,0.16740271851857688,347.0864264410137
Simulation_000001,Stainless Steel 304,35.036435190088305,0.3504646143536134,0.16740271851857688,316.28552951554326
Simulation_000001,Stainless Steel 304,35.036435190088305,0.3610847541825108,0.16740271851857688,274.0433442800124
Simulation_000001,Stainless Steel 304,35.036435190088305,0.0,0.188328058333399,364.5463220812725
Simulation_000001,Stainless Steel 304,35.036435190088305,0.010620139828897377,0.188328058333399,367.0509350402975
Simulation_000001,Stainless Steel 304,35.036435190088305,0.021240279657794753,0.188328058333399,368.4566828217143
Simulation_000001,Stainless Steel 304,35.036435190088305,0.03186041948669213,0.188328058333399,369.0487100245292
Simulation_000001,Stainless Steel 304,35.036435190088305,0.04248055931558951,0.188328058333399,369.2167925769599
Simulation_000001,Stainless Steel 304,35.036435190088305,0.05310069914448688,0.188328058333399,369.2419216069527
Simulation_000001,Stainless Steel 304,35.036435190088305,0.06372083897338426,0.188328058333399,369.2419216069527
Simulation_000001,Stainless Steel 304,35.036435190088305,0.07434097880228163,0.188328058333399,369.2419216069527
Simulation_000001,Stainless Steel 304,35.036435190088305,0.08496111863117901,0.188328058333399,369.2419216069527
Simulation_000001,Stainless Steel 304,35.036435190088305,0.0955812584600764,0.188328058333399,369.2419216069527
Simulation_000001,Stainless Steel 304,35.036435190088305,0.10620139828897376,0.188328058333399,369.2419216069527
Simulation_000001,Stainless Steel 304,35.036435190088305,0.11682153811787115,0.188328058333399,369.2419216069527
Simulation_000001,Stainless Steel 304,35.036435190088305,0.12744167794676853,0.188328058333399,369.2419216069527
Simulation_000001,Stainless Steel 304,35.036435190088305,0.1380618177756659,0.188328058333399,369.2419216069527
Simulation_000001,Stainless Steel 304,35.036435190088305,0.14868195760456326,0.188328058333399,369.2419216069527
Simulation_000001,Stainless Steel 304,35.036435190088305,0.15930209743346066,0.188328058333399,369.2419216069527
Simulation_000001,Stainless Steel 304,35.036435190088305,0.16992223726235803,0.188328058333399,369.2419216069527
Simulation_000001,Stainless Steel 304,35.036435190088305,0.1805423770912554,0.188328058333399,369.2419216069527
Simulation_000001,Stainless Steel 304,35.036435190088305,0.1911625169201528,0.188328058333399,369.2419216069527
Simulation_000001,Stainless Steel 304,35.036435190088305,0.20178265674905016,0.188328058333399,369.2419216069527
Simulation_000001,Stainless Steel 304,35.036435190088305,0.21240279657794753,0.188328058333399,369.2419216069527
Simulation_000001,Stainless Steel 304,35.036435190088305,0.22302293640684492,0.188328058333399,369.2419216069527
Simulation_000001,Stainless Steel 304,35.036435190088305,0.2336430762357423,0.188328058333399,369.2419216069527
Simulation_000001,Stainless Steel 304,35.036435190088305,0.24426321606463966,0.188328058333399,369.2419216069527
Simulation_000001,Stainless Steel 304,35.036435190088305,0.25488335589353706,0.188328058333399,369.2419216069527
Simulation_000001,Stainless Steel 304,35.036435190088305,0.2655034957224344,0.188328058333399,369.2419216069527
Simulation_000001,Stainless Steel 304,35.036435190088305,0.2761236355513318,0.188328058333399,369.2419216069527
Simulation_000001,Stainless Steel 304,35.036435190088305,0.28674377538022916,0.188328058333399,369.2419216069527
Simulation_000001,Stainless Steel 304,35.036435190088305,0.29736391520912653,0.188328058333399,369.2419216069527
Simulation_000001,Stainless Steel 304,35.036435190088305,0.30798405503802395,0.188328058333399,369.2419216069527
Simulation_000001,Stainless Steel 304,35.036435190088305,0.3186041948669213,0.188328058333399,368.31028111679177
Simulation_000001,Stainless Steel 304,35.036435190088305,0.3292243346958187,0.188328058333399,362.9835237419616
Simulation_000001,Stainless Steel 304,35.036435190088305,0.33984447452471606,0.188328058333399,347.0864264410137
Simulation_000001,Stainless Steel 304,35.036435190088305,0.3504646143536134,0.188328058333399,316.28552951554326
Simulation_000001,Stainless Steel 304,35.036435190088305,0.3610847541825108,0.188328058333399,274.0433442800124
Simulation_000001,Stainless Steel 304,35.036435190088305,0.0,0.2092533981482211,364.5463220812725
Simulation_000001,Stainless Steel 304,35.036435190088305,0.010620139828897377,0.2092533981482211,367.0509350402975
Simulation_000001,Stainless Steel 304,35.036435190088305,0.021240279657794753,0.2092533981482211,368.4566828217143
Simulation_000001,Stainless Steel 304,35.036435190088305,0.03186041948669213,0.2092533981482211,369.0487100245292
Simulation_000001,Stainless Steel 304,35.036435190088305,0.04248055931558951,0.2092533981482211,369.2167925769599
Simulation_000001,Stainless Steel 304,35.036435190088305,0.05310069914448688,0.2092533981482211,369.2419216069527
Simulation_000001,Stainless Steel 304,35.036435190088305,0.06372083897338426,0.2092533981482211,369.2419216069527
Simulation_000001,Stainless Steel 304,35.036435190088305,0.07434097880228163,0.2092533981482211,369.2419216069527
Simulation_000001,Stainless Steel 304,35.036435190088305,0.08496111863117901,0.2092533981482211,369.2419216069527
Simulation_000001,Stainless Steel 304,35.036435190088305,0.0955812584600764,0.2092533981482211,369.2419216069527
Simulation_000001,Stainless Steel 304,35.036435190088305,0.10620139828897376,0.2092533981482211,369.2419216069527
Simulation_000001,Stainless Steel 304,35.036435190088305,0.11682153811787115,0.2092533981482211,369.2419216069527
Simulation_000001,Stainless Steel 304,35.036435190088305,0.12744167794676853,0.2092533981482211,369.2419216069527
Simulation_000001,Stainless Steel 304,35.036435190088305,0.1380618177756659,0.2092533981482211,369.2419216069527
Simulation_000001,Stainless Steel 304,35.036435190088305,0.14868195760456326,0.2092533981482211,369.2419216069527
Simulation_000001,Stainless Steel 304,35.036435190088305,0.15930209743346066,0.2092533981482211,369.2419216069527
Simulation_000001,Stainless Steel 304,35.036435190088305,0.16992223726235803,0.2092533981482211,369.2419216069527
Simulation_000001,Stainless Steel 304,35.036435190088305,0.1805423770912554,0.2092533981482211,369.2419216069527
Simulation_000001,Stainless Steel 304,35.036435190088305,0.1911625169201528,0.2092533981482211,369.2419216069527
Simulation_000001,Stainless Steel 304,35.036435190088305,0.20178265674905016,0.2092533981482211,369.2419216069527
Simulation_000001,Stainless Steel 304,35.036435190088305,0.21240279657794753,0.2092533981482211,369.2419216069527
Simulation_000001,Stainless Steel 304,35.036435190088305,0.22302293640684492,0.2092533981482211,369.2419216069527
Simulation_000001,Stainless Steel 304,35.036435190088305,0.2336430762357423,0.2092533981482211,369.2419216069527
Simulation_000001,Stainless Steel 304,35.036435190088305,0.24426321606463966,0.2092533981482211,369.2419216069527
Simulation_000001,Stainless Steel 304,35.036435190088305,0.25488335589353706,0.2092533981482211,369.2419216069527
Simulation_000001,Stainless Steel 304,35.036435190088305,0.2655034957224344,0.2092533981482211,369.2419216069527
Simulation_000001,Stainless Steel 304,35.036435190088305,0.2761236355513318,0.2092533981482211,369.2419216069527
Simulation_000001,Stainless Steel 304,35.036435190088305,0.28674377538022916,0.2092533981482211,369.2419216069527
Simulation_000001,Stainless Steel 304,35.036435190088305,0.29736391520912653,0.2092533981482211,369.2419216069527
Simulation_000001,Stainless Steel 304,35.036435190088305,0.30798405503802395,0.2092533981482211,369.2419216069527
Simulation_000001,Stainless Steel 304,35.036435190088305,0.3186041948669213,0.2092533981482211,368.31028111679177
Simulation_000001,Stainless Steel 304,35.036435190088305,0.3292243346958187,0.2092533981482211,362.9835237419616
Simulation_000001,Stainless Steel 304,35.036435190088305,0.33984447452471606,0.2092533981482211,347.0864264410137
Simulation_000001,Stainless Steel 304,35.036435190088305,0.3504646143536134,0.2092533981482211,316.28552951554326
Simulation_000001,Stainless Steel 304,35.036435190088305,0.3610847541825108,0.2092533981482211,274.0433442800124
Simulation_000001,Stainless Steel 304,35.036435190088305,0.0,0.23017873796304322,364.5463220812725
Simulation_000001,Stainless Steel 304,35.036435190088305,0.010620139828897377,0.23017873796304322,367.0509350402975
Simulation_000001,Stainless Steel 304,35.036435190088305,0.021240279657794753,0.23017873796304322,368.4566828217143
Simulation_000001,Stainless Steel 304,35.036435190088305,0.03186041948669213,0.23017873796304322,369.0487100245292
Simulation_000001,Stainless Steel 304,35.036435190088305,0.04248055931558951,0.23017873796304322,369.2167925769599
Simulation_000001,Stainless Steel 304,35.036435190088305,0.05310069914448688,0.23017873796304322,369.2419216069527
Simulation_000001,Stainless Steel 304,35.036435190088305,0.06372083897338426,0.23017873796304322,369.2419216069527
Simulation_000001,Stainless Steel 304,35.036435190088305,0.07434097880228163,0.23017873796304322,369.2419216069527
Simulation_000001,Stainless Steel 304,35.036435190088305,0.08496111863117901,0.23017873796304322,369.2419216069527
Simulation_000001,Stainless Steel 304,35.036435190088305,0.0955812584600764,0.23017873796304322,369.2419216069527
Simulation_000001,Stainless Steel 304,35.036435190088305,0.10620139828897376,0.23017873796304322,369.2419216069527
Simulation_000001,Stainless Steel 304,35.036435190088305,0.11682153811787115,0.23017873796304322,369.2419216069527
Simulation_000001,Stainless Steel 304,35.036435190088305,0.12744167794676853,0.23017873796304322,369.2419216069527
Simulation_000001,Stainless Steel 304,35.036435190088305,0.1380618177756659,0.23017873796304322,369.2419216069527
Simulation_000001,Stainless Steel 304,35.036435190088305,0.14868195760456326,0.23017873796304322,369.2419216069527
Simulation_000001,Stainless Steel 304,35.036435190088305,0.15930209743346066,0.23017873796304322,369.2419216069527
Simulation_000001,Stainless Steel 304,35.036435190088305,0.16992223726235803,0.23017873796304322,369.2419216069527
Simulation_000001,Stainless Steel 304,35.036435190088305,0.1805423770912554,0.23017873796304322,369.2419216069527
Simulation_000001,Stainless Steel 304,35.036435190088305,0.1911625169201528,0.23017873796304322,369.2419216069527
Simulation_000001,Stainless Steel 304,35.036435190088305,0.20178265674905016,0.23017873796304322,369.2419216069527
Simulation_000001,Stainless Steel 304,35.036435190088305,0.21240279657794753,0.23017873796304322,369.2419216069527
Simulation_000001,Stainless Steel 304,35.036435190088305,0.22302293640684492,0.23017873796304322,369.2419216069527
Simulation_000001,Stainless Steel 304,35.036435190088305,0.2336430762357423,0.23017873796304322,369.2419216069527
Simulation_000001,Stainless Steel 304,35.036435190088305,0.24426321606463966,0.23017873796304322,369.2419216069527
Simulation_000001,Stainless Steel 304,35.036435190088305,0.25488335589353706,0.23017873796304322,369.2419216069527
Simulation_000001,Stainless Steel 304,35.036435190088305,0.2655034957224344,0.23017873796304322,369.2419216069527
Simulation_000001,Stainless Steel 304,35.036435190088305,0.2761236355513318,0.23017873796304322,369.2419216069527
Simulation_000001,Stainless Steel 304,35.036435190088305,0.28674377538022916,0.23017873796304322,369.2419216069527
Simulation_000001,Stainless Steel 304,35.036435190088305,0.29736391520912653,0.23017873796304322,369.2419216069527
Simulation_000001,Stainless Steel 304,35.036435190088305,0.30798405503802395,0.23017873796304322,369.2419216069527
Simulation_000001,Stainless Steel 304,35.036435190088305,0.3186041948669213,0.23017873796304322,368.31028111679177
Simulation_000001,Stainless Steel 304,35.036435190088305,0.3292243346958187,0.23017873796304322,362.9835237419616
Simulation_000001,Stainless Steel 304,35.036435190088305,0.33984447452471606,0.23017873796304322,347.0864264410137
Simulation_000001,Stainless Steel 304,35.036435190088305,0.3504646143536134,0.23017873796304322,316.28552951554326
Simulation_000001,Stainless Steel 304,35.036435190088305,0.3610847541825108,0.23017873796304322,274.0433442800124
Simulation_000001,Stainless Steel 304,35.036435190088305,0.0,0.2511040777778653,364.5463220812725
Simulation_000001,Stainless Steel 304,35.036435190088305,0.010620139828897377,0.2511040777778653,367.0509350402975
Simulation_000001,Stainless Steel 304,35.036435190088305,0.021240279657794753,0.2511040777778653,368.4566828217143
Simulation_000001,Stainless Steel 304,35.036435190088305,0.03186041948669213,0.2511040777778653,369.0487100245292
Simulation_000001,Stainless Steel 304,35.036435190088305,0.04248055931558951,0.2511040777778653,369.2167925769599
Simulation_000001,Stainless Steel 304,35.036435190088305,0.05310069914448688,0.2511040777778653,369.2419216069527
Simulation_000001,Stainless Steel 304,35.036435190088305,0.06372083897338426,0.2511040777778653,369.2419216069527
Simulation_000001,Stainless Steel 304,35.036435190088305,0.07434097880228163,0.2511040777778653,369.2419216069527
Simulation_000001,Stainless Steel 304,35.036435190088305,0.08496111863117901,0.2511040777778653,369.2419216069527
Simulation_000001,Stainless Steel 304,35.036435190088305,0.0955812584600764,0.2511040777778653,369.2419216069527
Simulation_000001,Stainless Steel 304,35.036435190088305,0.10620139828897376,0.2511040777778653,369.2419216069527
Simulation_000001,Stainless Steel 304,35.036435190088305,0.11682153811787115,0.2511040777778653,369.2419216069527
Simulation_000001,Stainless Steel 304,35.036435190088305,0.12744167794676853,0.2511040777778653,369.2419216069527
Simulation_000001,Stainless Steel 304,35.036435190088305,0.1380618177756659,0.2511040777778653,369.2419216069527
Simulation_000001,Stainless Steel 304,35.036435190088305,0.14868195760456326,0.2511040777778653,369.2419216069527
Simulation_000001,Stainless Steel 304,35.036435190088305,0.15930209743346066,0.2511040777778653,369.2419216069527
Simulation_000001,Stainless Steel 304,35.036435190088305,0.16992223726235803,0.2511040777778653,369.2419216069527
Simulation_000001,Stainless Steel 304,35.036435190088305,0.1805423770912554,0.2511040777778653,369.2419216069527
Simulation_000001,Stainless Steel 304,35.036435190088305,0.1911625169201528,0.2511040777778653,369.2419216069527
Simulation_000001,Stainless Steel 304,35.036435190088305,0.20178265674905016,0.2511040777778653,369.2419216069527
Simulation_000001,Stainless Steel 304,35.036435190088305,0.21240279657794753,0.2511040777778653,369.2419216069527
Simulation_000001,Stainless Steel 304,35.036435190088305,0.22302293640684492,0.2511040777778653,369.2419216069527
Simulation_000001,Stainless Steel 304,35.036435190088305,0.2336430762357423,0.2511040777778653,369.2419216069527
Simulation_000001,Stainless Steel 304,35.036435190088305,0.24426321606463966,0.2511040777778653,369.2419216069527
Simulation_000001,Stainless Steel 304,35.036435190088305,0.25488335589353706,0.2511040777778653,369.2419216069527
Simulation_000001,Stainless Steel 304,35.036435190088305,0.2655034957224344,0.2511040777778653,369.2419216069527
Simulation_000001,Stainless Steel 304,35.036435190088305,0.2761236355513318,0.2511040777778653,369.2419216069527
Simulation_000001,Stainless Steel 304,35.036435190088305,0.28674377538022916,0.2511040777778653,369.2419216069527
Simulation_000001,Stainless Steel 304,35.036435190088305,0.29736391520912653,0.2511040777778653,369.2419216069527
Simulation_000001,Stainless Steel 304,35.036435190088305,0.30798405503802395,0.2511040777778653,369.2419216069527
Simulation_000001,Stainless Steel 304,35.036435190088305,0.3186041948669213,0.2511040777778653,368.31028111679177
Simulation_000001,Stainless Steel 304,35.036435190088305,0.3292243346958187,0.2511040777778653,362.9835237419616
Simulation_000001,Stainless Steel 304,35.036435190088305,0.33984447452471606,0.2511040777778653,347.0864264410137
Simulation_000001,Stainless Steel 304,35.036435190088305,0.3504646143536134,0.2511040777778653,316.28552951554326
Simulation_000001,Stainless Steel 304,35.036435190088305,0.3610847541825108,0.2511040777778653,274.0433442800124
Simulation_000001,Stainless Steel 304,35.036435190088305,0.0,0.27202941759268745,364.5463220812725
Simulation_000001,Stainless Steel 304,35.036435190088305,0.010620139828897377,0.27202941759268745,367.0509350402975
Simulation_000001,Stainless Steel 304,35.036435190088305,0.021240279657794753,0.27202941759268745,368.4566828217143
Simulation_000001,Stainless Steel 304,35.036435190088305,0.03186041948669213,0.27202941759268745,369.0487100245292
Simulation_000001,Stainless Steel 304,35.036435190088305,0.04248055931558951,0.27202941759268745,369.2167925769599
Simulation_000001,Stainless Steel 304,35.036435190088305,0.05310069914448688,0.27202941759268745,369.2419216069527
Simulation_000001,Stainless Steel 304,35.036435190088305,0.06372083897338426,0.27202941759268745,369.2419216069527
Simulation_000001,Stainless Steel 304,35.036435190088305,0.07434097880228163,0.27202941759268745,369.2419216069527
Simulation_000001,Stainless Steel 304,35.036435190088305,0.08496111863117901,0.27202941759268745,369.2419216069527
Simulation_000001,Stainless Steel 304,35.036435190088305,0.0955812584600764,0.27202941759268745,369.2419216069527
Simulation_000001,Stainless Steel 304,35.036435190088305,0.10620139828897376,0.27202941759268745,369.2419216069527
Simulation_000001,Stainless Steel 304,35.036435190088305,0.11682153811787115,0.27202941759268745,369.2419216069527
Simulation_000001,Stainless Steel 304,35.036435190088305,0.12744167794676853,0.27202941759268745,369.2419216069527
Simulation_000001,Stainless Steel 304,35.036435190088305,0.1380618177756659,0.27202941759268745,369.2419216069527
Simulation_000001,Stainless Steel 304,35.036435190088305,0.14868195760456326,0.27202941759268745,369.2419216069527
Simulation_000001,Stainless Steel 304,35.036435190088305,0.15930209743346066,0.27202941759268745,369.2419216069527
Simulation_000001,Stainless Steel 304,35.036435190088305,0.16992223726235803,0.27202941759268745,369.2445322357483
Simulation_000001,Stainless Steel 304,35.036435190088305,0.1805423770912554,0.27202941759268745,369.2445322357483
Simulation_000001,Stainless Steel 304,35.036435190088305,0.1911625169201528,0.27202941759268745,369.2445322357483
Simulation_000001,Stainless Steel 304,35.036435190088305,0.20178265674905016,0.27202941759268745,369.2419216069527
Simulation_000001,Stainless Steel 304,35.036435190088305,0.21240279657794753,0.27202941759268745,369.2419216069527
Simulation_000001,Stainless Steel 304,35.036435190088305,0.22302293640684492,0.27202941759268745,369.2419216069527
Simulation_000001,Stainless Steel 304,35.036435190088305,0.2336430762357423,0.27202941759268745,369.2419216069527
Simulation_000001,Stainless Steel 304,35.036435190088305,0.24426321606463966,0.27202941759268745,369.2419216069527
Simulation_000001,Stainless Steel 304,35.036435190088305,0.25488335589353706,0.27202941759268745,369.2419216069527
Simulation_000001,Stainless Steel 304,35.036435190088305,0.2655034957224344,0.27202941759268745,369.2419216069527
Simulation_000001,Stainless Steel 304,35.036435190088305,0.2761236355513318,0.27202941759268745,369.2419216069527
Simulation_000001,Stainless Steel 304,35.036435190088305,0.28674377538022916,0.27202941759268745,369.2419216069527
Simulation_000001,Stainless Steel 304,35.036435190088305,0.29736391520912653,0.27202941759268745,369.2419216069527
Simulation_000001,Stainless Steel 304,35.036435190088305,0.30798405503802395,0.27202941759268745,369.2419216069527
Simulation_000001,Stainless Steel 304,35.036435190088305,0.3186041948669213,0.27202941759268745,368.31028111679177
Simulation_000001,Stainless Steel 304,35.036435190088305,0.3292243346958187,0.27202941759268745,362.9835237419616
Simulation_000001,Stainless Steel 304,35.036435190088305,0.33984447452471606,0.27202941759268745,347.0864264410137
Simulation_000001,Stainless Steel 304,35.036435190088305,0.3504646143536134,0.27202941759268745,316.28552951554326
Simulation_000001,Stainless Steel 304,35.036435190088305,0.3610847541825108,0.27202941759268745,274.0433442800124
Simulation_000001,Stainless Steel 304,35.036435190088305,0.0,0.29295475740750954,364.5463220812725
Simulation_000001,Stainless Steel 304,35.036435190088305,0.010620139828897377,0.29295475740750954,367.0509350402975
Simulation_000001,Stainless Steel 304,35.036435190088305,0.021240279657794753,0.29295475740750954,368.4566828217143
Simulation_000001,Stainless Steel 304,35.036435190088305,0.03186041948669213,0.29295475740750954,369.0487100245292
Simulation_000001,Stainless Steel 304,35.036435190088305,0.04248055931558951,0.29295475740750954,369.2167925769599
Simulation_000001,Stainless Steel 304,35.036435190088305,0.05310069914448688,0.29295475740750954,369.2419216069527
Simulation_000001,Stainless Steel 304,35.036435190088305,0.06372083897338426,0.29295475740750954,369.2419216069527
Simulation_000001,Stainless Steel 304,35.036435190088305,0.07434097880228163,0.29295475740750954,369.2419216069527
Simulation_000001,Stainless Steel 304,35.036435190088305,0.08496111863117901,0.29295475740750954,369.2419216069527
Simulation_000001,Stainless Steel 304,35.036435190088305,0.0955812584600764,0.29295475740750954,369.2419216069527
Simulation_000001,Stainless Steel 304,35.036435190088305,0.10620139828897376,0.29295475740750954,369.2419216069527
Simulation_000001,Stainless Steel 304,35.036435190088305,0.11682153811787115,0.29295475740750954,369.2419216069527
Simulation_000001,Stainless Steel 304,35.036435190088305,0.12744167794676853,0.29295475740750954,369.2419216069527
Simulation_000001,Stainless Steel 304,35.036435190088305,0.1380618177756659,0.29295475740750954,369.2419216069527
Simulation_000001,Stainless Steel 304,35.036435190088305,0.14868195760456326,0.29295475740750954,369.2419216069527
Simulation_000001,Stainless Steel 304,35.036435190088305,0.15930209743346066,0.29295475740750954,369.2723270228195
Simulation_000001,Stainless Steel 304,35.036435190088305,0.16992223726235803,0.29295475740750954,369.3273577916651
Simulation_000001,Stainless Steel 304,35.036435190088305,0.1805423770912554,0.29295475740750954,369.3577632075319
Simulation_000001,Stainless Steel 304,35.036435190088305,0.1911625169201528,0.29295475740750954,369.3273577916651
Simulation_000001,Stainless Steel 304,35.036435190088305,0.20178265674905016,0.29295475740750954,369.2723270228195
Simulation_000001,Stainless Steel 304,35.036435190088305,0.21240279657794753,0.29295475740750954,369.2419216069527
Simulation_000001,Stainless Steel 304,35.036435190088305,0.22302293640684492,0.29295475740750954,369.2419216069527
Simulation_000001,Stainless Steel 304,35.036435190088305,0.2336430762357423,0.29295475740750954,369.2419216069527
Simulation_000001,Stainless Steel 304,35.036435190088305,0.24426321606463966,0.29295475740750954,369.2419216069527
Simulation_000001,Stainless Steel 304,35.036435190088305,0.25488335589353706,0.29295475740750954,369.2419216069527
Simulation_000001,Stainless Steel 304,35.036435190088305,0.2655034957224344,0.29295475740750954,369.2419216069527
Simulation_000001,Stainless Steel 304,35.036435190088305,0.2761236355513318,0.29295475740750954,369.2419216069527
Simulation_000001,Stainless Steel 304,35.036435190088305,0.28674377538022916,0.29295475740750954,369.2419216069527
Simulation_000001,Stainless Steel 304,35.036435190088305,0.29736391520912653,0.29295475740750954,369.2419216069527
Simulation_000001,Stainless Steel 304,35.036435190088305,0.30798405503802395,0.29295475740750954,369.2419216069527
Simulation_000001,Stainless Steel 304,35.036435190088305,0.3186041948669213,0.29295475740750954,368.31028111679177
Simulation_000001,Stainless Steel 304,35.036435190088305,0.3292243346958187,0.29295475740750954,362.9835237419616
Simulation_000001,Stainless Steel 304,35.036435190088305,0.33984447452471606,0.29295475740750954,347.0864264410137
Simulation_000001,Stainless Steel 304,35.036435190088305,0.3504646143536134,0.29295475740750954,316.28552951554326
Simulation_000001,Stainless Steel 304,35.036435190088305,0.3610847541825108,0.29295475740750954,274.0433442800124
Simulation_000001,Stainless Steel 304,35.036435190088305,0.0,0.3138800972223317,364.5463220812725
Simulation_000001,Stainless Steel 304,35.036435190088305,0.010620139828897377,0.3138800972223317,367.0509350402975
Simulation_000001,Stainless Steel 304,35.036435190088305,0.021240279657794753,0.3138800972223317,368.4566828217143
Simulation_000001,Stainless Steel 304,35.036435190088305,0.03186041948669213,0.3138800972223317,369.0487100245292
Simulation_000001,Stainless Steel 304,35.036435190088305,0.04248055931558951,0.3138800972223317,369.2167925769599
Simulation_000001,Stainless Steel 304,35.036435190088305,0.05310069914448688,0.3138800972223317,369.2419216069527
Simulation_000001,Stainless Steel 304,35.036435190088305,0.06372083897338426,0.3138800972223317,369.2419216069527
Simulation_000001,Stainless Steel 304,35.036435190088305,0.07434097880228163,0.3138800972223317,369.2419216069527
Simulation_000001,Stainless Steel 304,35.036435190088305,0.08496111863117901,0.3138800972223317,369.2419216069527
Simulation_000001,Stainless Steel 304,35.036435190088305,0.0955812584600764,0.3138800972223317,369.2419216069527
Simulation_000001,Stainless Steel 304,35.036435190088305,0.10620139828897376,0.3138800972223317,369.2419216069527
Simulation_000001,Stainless Steel 304,35.036435190088305,0.11682153811787115,0.3138800972223317,369.2419216069527
Simulation_000001,Stainless Steel 304,35.036435190088305,0.12744167794676853,0.3138800972223317,369.2419216069527
Simulation_000001,Stainless Steel 304,35.036435190088305,0.1380618177756659,0.3138800972223317,369.2419216069527
Simulation_000001,Stainless Steel 304,35.036435190088305,0.14868195760456326,0.3138800972223317,369.35996332364505
Simulation_000001,Stainless Steel 304,35.036435190088305,0.15930209743346066,0.3138800972223317,369.7973859201263
Simulation_000001,Stainless Steel 304,35.036435190088305,0.16992223726235803,0.3138800972223317,370.71235256131723
Simulation_000001,Stainless Steel 304,35.036435190088305,0.1805423770912554,0.3138800972223317,371.0317334411061
Simulation_000001,Stainless Steel 304,35.036435190088305,0.1911625169201528,0.3138800972223317,370.71235256131723
Simulation_000001,Stainless Steel 304,35.036435190088305,0.20178265674905016,0.3138800972223317,369.7973859201263
Simulation_000001,Stainless Steel 304,35.036435190088305,0.21240279657794753,0.3138800972223317,369.35996332364505
Simulation_000001,Stainless Steel 304,35.036435190088305,0.22302293640684492,0.3138800972223317,369.2419216069527
Simulation_000001,Stainless Steel 304,35.036435190088305,0.2336430762357423,0.3138800972223317,369.2419216069527
Simulation_000001,Stainless Steel 304,35.036435190088305,0.24426321606463966,0.3138800972223317,369.2419216069527
Simulation_000001,Stainless Steel 304,35.036435190088305,0.25488335589353706,0.3138800972223317,369.2419216069527
Simulation_000001,Stainless Steel 304,35.036435190088305,0.2655034957224344,0.3138800972223317,369.2419216069527
Simulation_000001,Stainless Steel 304,35.036435190088305,0.2761236355513318,0.3138800972223317,369.2419216069527
Simulation_000001,Stainless Steel 304,35.036435190088305,0.28674377538022916,0.3138800972223317,369.2419216069527
Simulation_000001,Stainless Steel 304,35.036435190088305,0.29736391520912653,0.3138800972223317,369.2419216069527
Simulation_000001,Stainless Steel 304,35.036435190088305,0.30798405503802395,0.3138800972223317,369.2419216069527
Simulation_000001,Stainless Steel 304,35.036435190088305,0.3186041948669213,0.3138800972223317,368.31028111679177
Simulation_000001,Stainless Steel 304,35.036435190088305,0.3292243346958187,0.3138800972223317,362.9835237419616
Simulation_000001,Stainless Steel 304,35.036435190088305,0.33984447452471606,0.3138800972223317,347.0864264410137
Simulation_000001,Stainless Steel 304,35.036435190088305,0.3504646143536134,0.3138800972223317,316.28552951554326
Simulation_000001,Stainless Steel 304,35.036435190088305,0.3610847541825108,0.3138800972223317,274.0433442800124
Simulation_000001,Stainless Steel 304,35.036435190088305,0.0,0.33480543703715376,364.5463220812725
Simulation_000001,Stainless Steel 304,35.036435190088305,0.010620139828897377,0.33480543703715376,367.0509350402975
Simulation_000001,Stainless Steel 304,35.036435190088305,0.021240279657794753,0.33480543703715376,368.4566828217143
Simulation_000001,Stainless Steel 304,35.036435190088305,0.03186041948669213,0.33480543703715376,369.0487100245292
Simulation_000001,Stainless Steel 304,35.036435190088305,0.04248055931558951,0.33480543703715376,369.2167925769599
Simulation_000001,Stainless Steel 304,35.036435190088305,0.05310069914448688,0.33480543703715376,369.2419216069527
Simulation_000001,Stainless Steel 304,35.036435190088305,0.06372083897338426,0.33480543703715376,369.2419216069527
Simulation_000001,Stainless Steel 304,35.036435190088305,0.07434097880228163,0.33480543703715376,369.2419216069527
Simulation_000001,Stainless Steel 304,35.036435190088305,0.08496111863117901,0.33480543703715376,369.2419216069527
Simulation_000001,Stainless Steel 304,35.036435190088305,0.0955812584600764,0.33480543703715376,369.2419216069527
Simulation_000001,Stainless Steel 304,35.036435190088305,0.10620139828897376,0.33480543703715376,369.2419216069527
Simulation_000001,Stainless Steel 304,35.036435190088305,0.11682153811787115,0.33480543703715376,369.2419216069527
Simulation_000001,Stainless Steel 304,35.036435190088305,0.12744167794676853,0.33480543703715376,369.2419216069527
Simulation_000001,Stainless Steel 304,35.036435190088305,0.1380618177756659,0.33480543703715376,369.3946778016684
Simulation_000001,Stainless Steel 304,35.036435190088305,0.14868195760456326,0.33480543703715376,370.30279269041483
Simulation_000001,Stainless Steel 304,35.036435190088305,0.15930209743346066,0.33480543703715376,373.6508463875859
Simulation_000001,Stainless Steel 304,35.036435190088305,0.16992223726235803,0.33480543703715376,382.2896508147612
Simulation_000001,Stainless Steel 304,35.036435190088305,0.1805423770912554,0.33480543703715376,384.72958962318586
Simulation_000001,Stainless Steel 304,35.036435190088305,0.1911625169201528,0.33480543703715376,382.2896508147612
Simulation_000001,Stainless Steel 304,35.036435190088305,0.20178265674905016,0.33480543703715376,373.6508463875859
Simulation_000001,Stainless Steel 304,35.036435190088305,0.21240279657794753,0.33480543703715376,370.30279269041483
Simulation_000001,Stainless Steel 304,35.036435190088305,0.22302293640684492,0.33480543703715376,369.3946778016684
Simulation_000001,Stainless Steel 304,35.036435190088305,0.2336430762357423,0.33480543703715376,369.2419216069527
Simulation_000001,Stainless Steel 304,35.036435190088305,0.24426321606463966,0.33480543703715376,369.2419216069527
Simulation_000001,Stainless Steel 304,35.036435190088305,0.25488335589353706,0.33480543703715376,369.2419216069527
Simulation_000001,Stainless Steel 304,35.036435190088305,0.2655034957224344,0.33480543703715376,369.2419216069527
Simulation_000001,Stainless Steel 304,35.036435190088305,0.2761236355513318,0.33480543703715376,369.2419216069527
Simulation_000001,Stainless Steel 304,35.036435190088305,0.28674377538022916,0.33480543703715376,369.2419216069527
Simulation_000001,Stainless Steel 304,35.036435190088305,0.29736391520912653,0.33480543703715376,369.2419216069527
Simulation_000001,Stainless Steel 304,35.036435190088305,0.30798405503802395,0.33480543703715376,369.2419216069527
Simulation_000001,Stainless Steel 304,35.036435190088305,0.3186041948669213,0.33480543703715376,368.31028111679177
Simulation_000001,Stainless Steel 304,35.036435190088305,0.3292243346958187,0.33480543703715376,362.9835237419616
Simulation_000001,Stainless Steel 304,35.036435190088305,0.33984447452471606,0.33480543703715376,347.0864264410137
Simulation_000001,Stainless Steel 304,35.036435190088305,0.3504646143536134,0.33480543703715376,316.28552951554326
Simulation_000001,Stainless Steel 304,35.036435190088305,0.3610847541825108,0.33480543703715376,274.0433442800124
Simulation_000001,Stainless Steel 304,35.036435190088305,0.0,0.35573077685197585,364.5463220812725
Simulation_000001,Stainless Steel 304,35.036435190088305,0.010620139828897377,0.35573077685197585,367.0509350402975
Simulation_000001,Stainless Steel 304,35.036435190088305,0.021240279657794753,0.35573077685197585,368.4566828217143
Simulation_000001,Stainless Steel 304,35.036435190088305,0.03186041948669213,0.35573077685197585,369.0487100245292
Simulation_000001,Stainless Steel 304,35.036435190088305,0.04248055931558951,0.35573077685197585,369.2167925769599
Simulation_000001,Stainless Steel 304,35.036435190088305,0.05310069914448688,0.35573077685197585,369.2419216069527
Simulation_000001,Stainless Steel 304,35.036435190088305,0.06372083897338426,0.35573077685197585,369.2419216069527
Simulation_000001,Stainless Steel 304,35.036435190088305,0.07434097880228163,0.35573077685197585,369.2419216069527
Simulation_000001,Stainless Steel 304,35.036435190088305,0.08496111863117901,0.35573077685197585,369.2419216069527
Simulation_000001,Stainless Steel 304,35.036435190088305,0.0955812584600764,0.35573077685197585,369.2419216069527
Simulation_000001,Stainless Steel 304,35.036435190088305,0.10620139828897376,0.35573077685197585,369.2419216069527
Simulation_000001,Stainless Steel 304,35.036435190088305,0.11682153811787115,0.35573077685197585,369.2419216069527
Simulation_000001,Stainless Steel 304,35.036435190088305,0.12744167794676853,0.35573077685197585,369.2419216069527
Simulation_000001,Stainless Steel 304,35.036435190088305,0.1380618177756659,0.35573077685197585,369.3946778016684
Simulation_000001,Stainless Steel 304,35.036435190088305,0.14868195760456326,0.35573077685197585,370.4208344071072
Simulation_000001,Stainless Steel 304,35.036435190088305,0.15930209743346066,0.35573077685197585,374.14549986902585
Simulation_000001,Stainless Steel 304,35.036435190088305,0.16992223726235803,0.35573077685197585,383.5918200284965
Simulation_000001,Stainless Steel 304,35.036435190088305,0.1805423770912554,0.35573077685197585,386.29032888497636
Simulation_000001,Stainless Steel 304,35.036435190088305,0.1911625169201528,0.35573077685197585,383.5918200284965
Simulation_000001,Stainless Steel 304,35.036435190088305,0.20178265674905016,0.35573077685197585,374.14549986902585
Simulation_000001,Stainless Steel 304,35.036435190088305,0.21240279657794753,0.35573077685197585,370.4208344071072
Simulation_000001,Stainless Steel 304,35.036435190088305,0.22302293640684492,0.35573077685197585,369.3946778016684
Simulation_000001,Stainless Steel 304,35.036435190088305,0.2336430762357423,0.35573077685197585,369.2419216069527
Simulation_000001,Stainless Steel 304,35.036435190088305,0.24426321606463966,0.35573077685197585,369.2419216069527
Simulation_000001,Stainless Steel 304,35.036435190088305,0.25488335589353706,0.35573077685197585,369.2419216069527
Simulation_000001,Stainless Steel 304,35.036435190088305,0.2655034957224344,0.35573077685197585,369.2419216069527
Simulation_000001,Stainless Steel 304,35.036435190088305,0.2761236355513318,0.35573077685197585,369.2419216069527
Simulation_000001,Stainless Steel 304,35.036435190088305,0.28674377538022916,0.35573077685197585,369.2419216069527
Simulation_000001,Stainless Steel 304,35.036435190088305,0.29736391520912653,0.35573077685197585,369.2419216069527
Simulation_000001,Stainless Steel 304,35.036435190088305,0.30798405503802395,0.35573077685197585,369.2419216069527
Simulation_000001,Stainless Steel 304,35.036435190088305,0.3186041948669213,0.35573077685197585,368.31028111679177
Simulation_000001,Stainless Steel 304,35.036435190088305,0.3292243346958187,0.35573077685197585,362.9835237419616
Simulation_000001,Stainless Steel 304,35.036435190088305,0.33984447452471606,0.35573077685197585,347.0864264410137
Simulation_000001,Stainless Steel 304,35.036435190088305,0.3504646143536134,0.35573077685197585,316.28552951554326
Simulation_000001,Stainless Steel 304,35.036435190088305,0.3610847541825108,0.35573077685197585,274.0433442800124
Simulation_000001,Stainless Steel 304,35.036435190088305,0.0,0.376656116666798,364.5463220812725
Simulation_000001,Stainless Steel 304,35.036435190088305,0.010620139828897377,0.376656116666798,367.0509350402975
Simulation_000001,Stainless Steel 304,35.036435190088305,0.021240279657794753,0.376656116666798,368.4566828217143
Simulation_000001,Stainless Steel 304,35.036435190088305,0.03186041948669213,0.376656116666798,369.0487100245292
Simulation_000001,Stainless Steel 304,35.036435190088305,0.04248055931558951,0.376656116666798,369.2167925769599
Simulation_000001,Stainless Steel 304,35.036435190088305,0.05310069914448688,0.376656116666798,369.2419216069527
Simulation_000001,Stainless Steel 304,35.036435190088305,0.06372083897338426,0.376656116666798,369.2419216069527
Simulation_000001,Stainless Steel 304,35.036435190088305,0.07434097880228163,0.376656116666798,369.2419216069527
Simulation_000001,Stainless Steel 304,35.036435190088305,0.08496111863117901,0.376656116666798,369.2419216069527
Simulation_000001,Stainless Steel 304,35.036435190088305,0.0955812584600764,0.376656116666798,369.2419216069527
Simulation_000001,Stainless Steel 304,35.036435190088305,0.10620139828897376,0.376656116666798,369.2419216069527
Simulation_000001,Stainless Steel 304,35.036435190088305,0.11682153811787115,0.376656116666798,369.2419216069527
Simulation_000001,Stainless Steel 304,35.036435190088305,0.12744167794676853,0.376656116666798,369.2419216069527
Simulation_000001,Stainless Steel 304,35.036435190088305,0.1380618177756659,0.376656116666798,369.3946778016684
Simulation_000001,Stainless Steel 304,35.036435190088305,0.14868195760456326,0.376656116666798,370.30279269041483
Simulation_000001,Stainless Steel 304,35.036435190088305,0.15930209743346066,0.376656116666798,373.6508463875859
Simulation_000001,Stainless Steel 304,35.036435190088305,0.16992223726235803,0.376656116666798,382.2896508147612
Simulation_000001,Stainless Steel 304,35.036435190088305,0.1805423770912554,0.376656116666798,384.72958962318586
Simulation_000001,Stainless Steel 304,35.036435190088305,0.1911625169201528,0.376656116666798,382.2896508147612
Simulation_000001,Stainless Steel 304,35.036435190088305,0.20178265674905016,0.376656116666798,373.6508463875859
Simulation_000001,Stainless Steel 304,35.036435190088305,0.21240279657794753,0.376656116666798,370.30279269041483
Simulation_000001,Stainless Steel 304,35.036435190088305,0.22302293640684492,0.376656116666798,369.3946778016684
Simulation_000001,Stainless Steel 304,35.036435190088305,0.2336430762357423,0.376656116666798,369.2419216069527
Simulation_000001,Stainless Steel 304,35.036435190088305,0.24426321606463966,0.376656116666798,369.2419216069527
Simulation_000001,Stainless Steel 304,35.036435190088305,0.25488335589353706,0.376656116666798,369.2419216069527
Simulation_000001,Stainless Steel 304,35.036435190088305,0.2655034957224344,0.376656116666798,369.2419216069527
Simulation_000001,Stainless Steel 304,35.036435190088305,0.2761236355513318,0.376656116666798,369.2419216069527
Simulation_000001,Stainless Steel 304,35.036435190088305,0.28674377538022916,0.376656116666798,369.2419216069527
Simulation_000001,Stainless Steel 304,35.036435190088305,0.29736391520912653,0.376656116666798,369.2419216069527
Simulation_000001,Stainless Steel 304,35.036435190088305,0.30798405503802395,0.376656116666798,369.2419216069527
Simulation_000001,Stainless Steel 304,35.036435190088305,0.3186041948669213,0.376656116666798,368.31028111679177
Simulation_000001,Stainless Steel 304,35.036435190088305,0.3292243346958187,0.376656116666798,362.9835237419616
Simulation_000001,Stainless Steel 304,35.036435190088305,0.33984447452471606,0.376656116666798,347.0864264410137
Simulation_000001,Stainless Steel 304,35.036435190088305,0.3504646143536134,0.376656116666798,316.28552951554326
Simulation_000001,Stainless Steel 304,35.036435190088305,0.3610847541825108,0.376656116666798,274.0433442800124
Simulation_000001,Stainless Steel 304,35.036435190088305,0.0,0.3975814564816201,364.5463220812725
Simulation_000001,Stainless Steel 304,35.036435190088305,0.010620139828897377,0.3975814564816201,367.0509350402975
Simulation_000001,Stainless Steel 304,35.036435190088305,0.021240279657794753,0.3975814564816201,368.4566828217143
Simulation_000001,Stainless Steel 304,35.036435190088305,0.03186041948669213,0.3975814564816201,369.0487100245292
Simulation_000001,Stainless Steel 304,35.036435190088305,0.04248055931558951,0.3975814564816201,369.2167925769599
Simulation_000001,Stainless Steel 304,35.036435190088305,0.05310069914448688,0.3975814564816201,369.2419216069527
Simulation_000001,Stainless Steel 304,35.036435190088305,0.06372083897338426,0.3975814564816201,369.2419216069527
Simulation_000001,Stainless Steel 304,35.036435190088305,0.07434097880228163,0.3975814564816201,369.2419216069527
Simulation_000001,Stainless Steel 304,35.036435190088305,0.08496111863117901,0.3975814564816201,369.2419216069527
Simulation_000001,Stainless Steel 304,35.036435190088305,0.0955812584600764,0.3975814564816201,369.2419216069527
Simulation_000001,Stainless Steel 304,35.036435190088305,0.10620139828897376,0.3975814564816201,369.2419216069527
Simulation_000001,Stainless Steel 304,35.036435190088305,0.11682153811787115,0.3975814564816201,369.2419216069527
Simulation_000001,Stainless Steel 304,35.036435190088305,0.12744167794676853,0.3975814564816201,369.2419216069527
Simulation_000001,Stainless Steel 304,35.036435190088305,0.1380618177756659,0.3975814564816201,369.2419216069527
Simulation_000001,Stainless Steel 304,35.036435190088305,0.14868195760456326,0.3975814564816201,369.35996332364505
Simulation_000001,Stainless Steel 304,35.036435190088305,0.15930209743346066,0.3975814564816201,369.7973859201263
Simulation_000001,Stainless Steel 304,35.036435190088305,0.16992223726235803,0.3975814564816201,370.71235256131723
Simulation_000001,Stainless Steel 304,35.036435190088305,0.1805423770912554,0.3975814564816201,371.0317334411061
Simulation_000001,Stainless Steel 304,35.036435190088305,0.1911625169201528,0.3975814564816201,370.71235256131723
Simulation_000001,Stainless Steel 304,35.036435190088305,0.20178265674905016,0.3975814564816201,369.7973859201263
Simulation_000001,Stainless Steel 304,35.036435190088305,0.21240279657794753,0.3975814564816201,369.35996332364505
Simulation_000001,Stainless Steel 304,35.036435190088305,0.22302293640684492,0.3975814564816201,369.2419216069527
Simulation_000001,Stainless Steel 304,35.036435190088305,0.2336430762357423,0.3975814564816201,369.2419216069527
Simulation_000001,Stainless Steel 304,35.036435190088305,0.24426321606463966,0.3975814564816201,369.2419216069527
Simulation_000001,Stainless Steel 304,35.036435190088305,0.25488335589353706,0.3975814564816201,369.2419216069527
Simulation_000001,Stainless Steel 304,35.036435190088305,0.2655034957224344,0.3975814564816201,369.2419216069527
Simulation_000001,Stainless Steel 304,35.036435190088305,0.2761236355513318,0.3975814564816201,369.2419216069527
Simulation_000001,Stainless Steel 304,35.036435190088305,0.28674377538022916,0.3975814564816201,369.2419216069527
Simulation_000001,Stainless Steel 304,35.036435190088305,0.29736391520912653,0.3975814564816201,369.2419216069527
Simulation_000001,Stainless Steel 304,35.036435190088305,0.30798405503802395,0.3975814564816201,369.2419216069527
Simulation_000001,Stainless Steel 304,35.036435190088305,0.3186041948669213,0.3975814564816201,368.31028111679177
Simulation_000001,Stainless Steel 304,35.036435190088305,0.3292243346958187,0.3975814564816201,362.9835237419616
Simulation_000001,Stainless Steel 304,35.036435190088305,0.33984447452471606,0.3975814564816201,347.0864264410137
Simulation_000001,Stainless Steel 304,35.036435190088305,0.3504646143536134,0.3975814564816201,316.28552951554326
Simulation_000001,Stainless Steel 304,35.036435190088305,0.3610847541825108,0.3975814564816201,274.0433442800124
Simulation_000001,Stainless Steel 304,35.036435190088305,0.0,0.4185067962964422,364.5463220812725
Simulation_000001,Stainless Steel 304,35.036435190088305,0.010620139828897377,0.4185067962964422,367.0509350402975
Simulation_000001,Stainless Steel 304,35.036435190088305,0.021240279657794753,0.4185067962964422,368.4566828217143
Simulation_000001,Stainless Steel 304,35.036435190088305,0.03186041948669213,0.4185067962964422,369.0487100245292
Simulation_000001,Stainless Steel 304,35.036435190088305,0.04248055931558951,0.4185067962964422,369.2167925769599
Simulation_000001,Stainless Steel 304,35.036435190088305,0.05310069914448688,0.4185067962964422,369.2419216069527
Simulation_000001,Stainless Steel 304,35.036435190088305,0.06372083897338426,0.4185067962964422,369.2419216069527
Simulation_000001,Stainless Steel 304,35.036435190088305,0.07434097880228163,0.4185067962964422,369.2419216069527
Simulation_000001,Stainless Steel 304,35.036435190088305,0.08496111863117901,0.4185067962964422,369.2419216069527
Simulation_000001,Stainless Steel 304,35.036435190088305,0.0955812584600764,0.4185067962964422,369.2419216069527
Simulation_000001,Stainless Steel 304,35.036435190088305,0.10620139828897376,0.4185067962964422,369.2419216069527
Simulation_000001,Stainless Steel 304,35.036435190088305,0.11682153811787115,0.4185067962964422,369.2419216069527
Simulation_000001,Stainless Steel 304,35.036435190088305,0.12744167794676853,0.4185067962964422,369.2419216069527
Simulation_000001,Stainless Steel 304,35.036435190088305,0.1380618177756659,0.4185067962964422,369.2419216069527
Simulation_000001,Stainless Steel 304,35.036435190088305,0.14868195760456326,0.4185067962964422,369.2419216069527
Simulation_000001,Stainless Steel 304,35.036435190088305,0.15930209743346066,0.4185067962964422,369.2723270228195
Simulation_000001,Stainless Steel 304,35.036435190088305,0.16992223726235803,0.4185067962964422,369.3273577916651
Simulation_000001,Stainless Steel 304,35.036435190088305,0.1805423770912554,0.4185067962964422,369.3577632075319
Simulation_000001,Stainless Steel 304,35.036435190088305,0.1911625169201528,0.4185067962964422,369.3273577916651
Simulation_000001,Stainless Steel 304,35.036435190088305,0.20178265674905016,0.4185067962964422,369.2723270228195
Simulation_000001,Stainless Steel 304,35.036435190088305,0.21240279657794753,0.4185067962964422,369.2419216069527
Simulation_000001,Stainless Steel 304,35.036435190088305,0.22302293640684492,0.4185067962964422,369.2419216069527
Simulation_000001,Stainless Steel 304,35.036435190088305,0.2336430762357423,0.4185067962964422,369.2419216069527
Simulation_000001,Stainless Steel 304,35.036435190088305,0.24426321606463966,0.4185067962964422,369.2419216069527
Simulation_000001,Stainless Steel 304,35.036435190088305,0.25488335589353706,0.4185067962964422,369.2419216069527
Simulation_000001,Stainless Steel 304,35.036435190088305,0.2655034957224344,0.4185067962964422,369.2419216069527
Simulation_000001,Stainless Steel 304,35.036435190088305,0.2761236355513318,0.4185067962964422,369.2419216069527
Simulation_000001,Stainless Steel 304,35.036435190088305,0.28674377538022916,0.4185067962964422,369.2419216069527
Simulation_000001,Stainless Steel 304,35.036435190088305,0.29736391520912653,0.4185067962964422,369.2419216069527
Simulation_000001,Stainless Steel 304,35.036435190088305,0.30798405503802395,0.4185067962964422,369.2419216069527
Simulation_000001,Stainless Steel 304,35.036435190088305,0.3186041948669213,0.4185067962964422,368.31028111679177
Simulation_000001,Stainless Steel 304,35.036435190088305,0.3292243346958187,0.4185067962964422,362.9835237419616
Simulation_000001,Stainless Steel 304,35.036435190088305,0.33984447452471606,0.4185067962964422,347.0864264410137
Simulation_000001,Stainless Steel 304,35.036435190088305,0.3504646143536134,0.4185067962964422,316.28552951554326
Simulation_000001,Stainless Steel 304,35.036435190088305,0.3610847541825108,0.4185067962964422,274.0433442800124
Simulation_000001,Stainless Steel 304,35.036435190088305,0.0,0.4394321361112643,364.5463220812725
Simulation_000001,Stainless Steel 304,35.036435190088305,0.010620139828897377,0.4394321361112643,367.0509350402975
Simulation_000001,Stainless Steel 304,35.036435190088305,0.021240279657794753,0.4394321361112643,368.4566828217143
Simulation_000001,Stainless Steel 304,35.036435190088305,0.03186041948669213,0.4394321361112643,369.0487100245292
Simulation_000001,Stainless Steel 304,35.036435190088305,0.04248055931558951,0.4394321361112643,369.2167925769599
Simulation_000001,Stainless Steel 304,35.036435190088305,0.05310069914448688,0.4394321361112643,369.2419216069527
Simulation_000001,Stainless Steel 304,35.036435190088305,0.06372083897338426,0.4394321361112643,369.2419216069527
Simulation_000001,Stainless Steel 304,35.036435190088305,0.07434097880228163,0.4394321361112643,369.2419216069527
Simulation_000001,Stainless Steel 304,35.036435190088305,0.08496111863117901,0.4394321361112643,369.2419216069527
Simulation_000001,Stainless Steel 304,35.036435190088305,0.0955812584600764,0.4394321361112643,369.2419216069527
Simulation_000001,Stainless Steel 304,35.036435190088305,0.10620139828897376,0.4394321361112643,369.2419216069527
Simulation_000001,Stainless Steel 304,35.036435190088305,0.11682153811787115,0.4394321361112643,369.2419216069527
Simulation_000001,Stainless Steel 304,35.036435190088305,0.12744167794676853,0.4394321361112643,369.2419216069527
Simulation_000001,Stainless Steel 304,35.036435190088305,0.1380618177756659,0.4394321361112643,369.2419216069527
Simulation_000001,Stainless Steel 304,35.036435190088305,0.14868195760456326,0.4394321361112643,369.2419216069527
Simulation_000001,Stainless Steel 304,35.036435190088305,0.15930209743346066,0.4394321361112643,369.2419216069527
Simulation_000001,Stainless Steel 304,35.036435190088305,0.16992223726235803,0.4394321361112643,369.2445322357483
Simulation_000001,Stainless Steel 304,35.036435190088305,0.1805423770912554,0.4394321361112643,369.2445322357483
Simulation_000001,Stainless Steel 304,35.036435190088305,0.1911625169201528,0.4394321361112643,369.2445322357483
Simulation_000001,Stainless Steel 304,35.036435190088305,0.20178265674905016,0.4394321361112643,369.2419216069527
Simulation_000001,Stainless Steel 304,35.036435190088305,0.21240279657794753,0.4394321361112643,369.2419216069527
Simulation_000001,Stainless Steel 304,35.036435190088305,0.22302293640684492,0.4394321361112643,369.2419216069527
Simulation_000001,Stainless Steel 304,35.036435190088305,0.2336430762357423,0.4394321361112643,369.2419216069527
Simulation_000001,Stainless Steel 304,35.036435190088305,0.24426321606463966,0.4394321361112643,369.2419216069527
Simulation_000001,Stainless Steel 304,35.036435190088305,0.25488335589353706,0.4394321361112643,369.2419216069527
Simulation_000001,Stainless Steel 304,35.036435190088305,0.2655034957224344,0.4394321361112643,369.2419216069527
Simulation_000001,Stainless Steel 304,35.036435190088305,0.2761236355513318,0.4394321361112643,369.2419216069527
Simulation_000001,Stainless Steel 304,35.036435190088305,0.28674377538022916,0.4394321361112643,369.2419216069527
Simulation_000001,Stainless Steel 304,35.036435190088305,0.29736391520912653,0.4394321361112643,369.2419216069527
Simulation_000001,Stainless Steel 304,35.036435190088305,0.30798405503802395,0.4394321361112643,369.2419216069527
Simulation_000001,Stainless Steel 304,35.036435190088305,0.3186041948669213,0.4394321361112643,368.31028111679177
Simulation_000001,Stainless Steel 304,35.036435190088305,0.3292243346958187,0.4394321361112643,362.9835237419616
Simulation_000001,Stainless Steel 304,35.036435190088305,0.33984447452471606,0.4394321361112643,347.0864264410137
Simulation_000001,Stainless Steel 304,35.036435190088305,0.3504646143536134,0.4394321361112643,316.28552951554326
Simulation_000001,Stainless Steel 304,35.036435190088305,0.3610847541825108,0.4394321361112643,274.0433442800124
Simulation_000001,Stainless Steel 304,35.036435190088305,0.0,0.46035747592608645,364.5463220812725
Simulation_000001,Stainless Steel 304,35.036435190088305,0.010620139828897377,0.46035747592608645,367.0509350402975
Simulation_000001,Stainless Steel 304,35.036435190088305,0.021240279657794753,0.46035747592608645,368.4566828217143
Simulation_000001,Stainless Steel 304,35.036435190088305,0.03186041948669213,0.46035747592608645,369.0487100245292
Simulation_000001,Stainless Steel 304,35.036435190088305,0.04248055931558951,0.46035747592608645,369.2167925769599
Simulation_000001,Stainless Steel 304,35.036435190088305,0.05310069914448688,0.46035747592608645,369.2419216069527
Simulation_000001,Stainless Steel 304,35.036435190088305,0.06372083897338426,0.46035747592608645,369.2419216069527
Simulation_000001,Stainless Steel 304,35.036435190088305,0.07434097880228163,0.46035747592608645,369.2419216069527
Simulation_000001,Stainless Steel 304,35.036435190088305,0.08496111863117901,0.46035747592608645,369.2419216069527
Simulation_000001,Stainless Steel 304,35.036435190088305,0.0955812584600764,0.46035747592608645,369.2419216069527
Simulation_000001,Stainless Steel 304,35.036435190088305,0.10620139828897376,0.46035747592608645,369.2419216069527
Simulation_000001,Stainless Steel 304,35.036435190088305,0.11682153811787115,0.46035747592608645,369.2419216069527
Simulation_000001,Stainless Steel 304,35.036435190088305,0.12744167794676853,0.46035747592608645,369.2419216069527
Simulation_000001,Stainless Steel 304,35.036435190088305,0.1380618177756659,0.46035747592608645,369.2419216069527
Simulation_000001,Stainless Steel 304,35.036435190088305,0.14868195760456326,0.46035747592608645,369.2419216069527
Simulation_000001,Stainless Steel 304,35.036435190088305,0.15930209743346066,0.46035747592608645,369.2419216069527
Simulation_000001,Stainless Steel 304,35.036435190088305,0.16992223726235803,0.46035747592608645,369.2419216069527
Simulation_000001,Stainless Steel 304,35.036435190088305,0.1805423770912554,0.46035747592608645,369.2419216069527
Simulation_000001,Stainless Steel 304,35.036435190088305,0.1911625169201528,0.46035747592608645,369.2419216069527
Simulation_000001,Stainless Steel 304,35.036435190088305,0.20178265674905016,0.46035747592608645,369.2419216069527
Simulation_000001,Stainless Steel 304,35.036435190088305,0.21240279657794753,0.46035747592608645,369.2419216069527
Simulation_000001,Stainless Steel 304,35.036435190088305,0.22302293640684492,0.46035747592608645,369.2419216069527
Simulation_000001,Stainless Steel 304,35.036435190088305,0.2336430762357423,0.46035747592608645,369.2419216069527
Simulation_000001,Stainless Steel 304,35.036435190088305,0.24426321606463966,0.46035747592608645,369.2419216069527
Simulation_000001,Stainless Steel 304,35.036435190088305,0.25488335589353706,0.46035747592608645,369.2419216069527
Simulation_000001,Stainless Steel 304,35.036435190088305,0.2655034957224344,0.46035747592608645,369.2419216069527
Simulation_000001,Stainless Steel 304,35.036435190088305,0.2761236355513318,0.46035747592608645,369.2419216069527
Simulation_000001,Stainless Steel 304,35.036435190088305,0.28674377538022916,0.46035747592608645,369.2419216069527
Simulation_000001,Stainless Steel 304,35.036435190088305,0.29736391520912653,0.46035747592608645,369.2419216069527
Simulation_000001,Stainless Steel 304,35.036435190088305,0.30798405503802395,0.46035747592608645,369.2419216069527
Simulation_000001,Stainless Steel 304,35.036435190088305,0.3186041948669213,0.46035747592608645,368.31028111679177
Simulation_000001,Stainless Steel 304,35.036435190088305,0.3292243346958187,0.46035747592608645,362.9835237419616
Simulation_000001,Stainless Steel 304,35.036435190088305,0.33984447452471606,0.46035747592608645,347.0864264410137
Simulation_000001,Stainless Steel 304,35.036435190088305,0.3504646143536134,0.46035747592608645,316.28552951554326
Simulation_000001,Stainless Steel 304,35.036435190088305,0.3610847541825108,0.46035747592608645,274.0433442800124
Simulation_000001,Stainless Steel 304,35.036435190088305,0.0,0.48128281574090853,364.5463220812725
Simulation_000001,Stainless Steel 304,35.036435190088305,0.010620139828897377,0.48128281574090853,367.0509350402975
Simulation_000001,Stainless Steel 304,35.036435190088305,0.021240279657794753,0.48128281574090853,368.4566828217143
Simulation_000001,Stainless Steel 304,35.036435190088305,0.03186041948669213,0.48128281574090853,369.0487100245292
Simulation_000001,Stainless Steel 304,35.036435190088305,0.04248055931558951,0.48128281574090853,369.2167925769599
Simulation_000001,Stainless Steel 304,35.036435190088305,0.05310069914448688,0.48128281574090853,369.2419216069527
Simulation_000001,Stainless Steel 304,35.036435190088305,0.06372083897338426,0.48128281574090853,369.2419216069527
Simulation_000001,Stainless Steel 304,35.036435190088305,0.07434097880228163,0.48128281574090853,369.2419216069527
Simulation_000001,Stainless Steel 304,35.036435190088305,0.08496111863117901,0.48128281574090853,369.2419216069527
Simulation_000001,Stainless Steel 304,35.036435190088305,0.0955812584600764,0.48128281574090853,369.2419216069527
Simulation_000001,Stainless Steel 304,35.036435190088305,0.10620139828897376,0.48128281574090853,369.2419216069527
Simulation_000001,Stainless Steel 304,35.036435190088305,0.11682153811787115,0.48128281574090853,369.2419216069527
Simulation_000001,Stainless Steel 304,35.036435190088305,0.12744167794676853,0.48128281574090853,369.2419216069527
Simulation_000001,Stainless Steel 304,35.036435190088305,0.1380618177756659,0.48128281574090853,369.2419216069527
Simulation_000001,Stainless Steel 304,35.036435190088305,0.14868195760456326,0.48128281574090853,369.2419216069527
Simulation_000001,Stainless Steel 304,35.036435190088305,0.15930209743346066,0.48128281574090853,369.2419216069527
Simulation_000001,Stainless Steel 304,35.036435190088305,0.16992223726235803,0.48128281574090853,369.2419216069527
Simulation_000001,Stainless Steel 304,35.036435190088305,0.1805423770912554,0.48128281574090853,369.2419216069527
Simulation_000001,Stainless Steel 304,35.036435190088305,0.1911625169201528,0.48128281574090853,369.2419216069527
Simulation_000001,Stainless Steel 304,35.036435190088305,0.20178265674905016,0.48128281574090853,369.2419216069527
Simulation_000001,Stainless Steel 304,35.036435190088305,0.21240279657794753,0.48128281574090853,369.2419216069527
Simulation_000001,Stainless Steel 304,35.036435190088305,0.22302293640684492,0.48128281574090853,369.2419216069527
Simulation_000001,Stainless Steel 304,35.036435190088305,0.2336430762357423,0.48128281574090853,369.2419216069527
Simulation_000001,Stainless Steel 304,35.036435190088305,0.24426321606463966,0.48128281574090853,369.2419216069527
Simulation_000001,Stainless Steel 304,35.036435190088305,0.25488335589353706,0.48128281574090853,369.2419216069527
Simulation_000001,Stainless Steel 304,35.036435190088305,0.2655034957224344,0.48128281574090853,369.2419216069527
Simulation_000001,Stainless Steel 304,35.036435190088305,0.2761236355513318,0.48128281574090853,369.2419216069527
Simulation_000001,Stainless Steel 304,35.036435190088305,0.28674377538022916,0.48128281574090853,369.2419216069527
Simulation_000001,Stainless Steel 304,35.036435190088305,0.29736391520912653,0.48128281574090853,369.2419216069527
Simulation_000001,Stainless Steel 304,35.036435190088305,0.30798405503802395,0.48128281574090853,369.2419216069527
Simulation_000001,Stainless Steel 304,35.036435190088305,0.3186041948669213,0.48128281574090853,368.31028111679177
Simulation_000001,Stainless Steel 304,35.036435190088305,0.3292243346958187,0.48128281574090853,362.9835237419616
Simulation_000001,Stainless Steel 304,35.036435190088305,0.33984447452471606,0.48128281574090853,347.0864264410137
Simulation_000001,Stainless Steel 304,35.036435190088305,0.3504646143536134,0.48128281574090853,316.28552951554326
Simulation_000001,Stainless Steel 304,35.036435190088305,0.3610847541825108,0.48128281574090853,274.0433442800124
Simulation_000001,Stainless Steel 304,35.036435190088305,0.0,0.5022081555557306,364.5463220812725
Simulation_000001,Stainless Steel 304,35.036435190088305,0.010620139828897377,0.5022081555557306,367.0509350402975
Simulation_000001,Stainless Steel 304,35.036435190088305,0.021240279657794753,0.5022081555557306,368.4566828217143
Simulation_000001,Stainless Steel 304,35.036435190088305,0.03186041948669213,0.5022081555557306,369.0487100245292
Simulation_000001,Stainless Steel 304,35.036435190088305,0.04248055931558951,0.5022081555557306,369.2167925769599
Simulation_000001,Stainless Steel 304,35.036435190088305,0.05310069914448688,0.5022081555557306,369.2419216069527
Simulation_000001,Stainless Steel 304,35.036435190088305,0.06372083897338426,0.5022081555557306,369.2419216069527
Simulation_000001,Stainless Steel 304,35.036435190088305,0.07434097880228163,0.5022081555557306,369.2419216069527
Simulation_000001,Stainless Steel 304,35.036435190088305,0.08496111863117901,0.5022081555557306,369.2419216069527
Simulation_000001,Stainless Steel 304,35.036435190088305,0.0955812584600764,0.5022081555557306,369.2419216069527
Simulation_000001,Stainless Steel 304,35.036435190088305,0.10620139828897376,0.5022081555557306,369.2419216069527
Simulation_000001,Stainless Steel 304,35.036435190088305,0.11682153811787115,0.5022081555557306,369.2419216069527
Simulation_000001,Stainless Steel 304,35.036435190088305,0.12744167794676853,0.5022081555557306,369.2419216069527
Simulation_000001,Stainless Steel 304,35.036435190088305,0.1380618177756659,0.5022081555557306,369.2419216069527
Simulation_000001,Stainless Steel 304,35.036435190088305,0.14868195760456326,0.5022081555557306,369.2419216069527
Simulation_000001,Stainless Steel 304,35.036435190088305,0.15930209743346066,0.5022081555557306,369.2419216069527
Simulation_000001,Stainless Steel 304,35.036435190088305,0.16992223726235803,0.5022081555557306,369.2419216069527
Simulation_000001,Stainless Steel 304,35.036435190088305,0.1805423770912554,0.5022081555557306,369.2419216069527
Simulation_000001,Stainless Steel 304,35.036435190088305,0.1911625169201528,0.5022081555557306,369.2419216069527
Simulation_000001,Stainless Steel 304,35.036435190088305,0.20178265674905016,0.5022081555557306,369.2419216069527
Simulation_000001,Stainless Steel 304,35.036435190088305,0.21240279657794753,0.5022081555557306,369.2419216069527
Simulation_000001,Stainless Steel 304,35.036435190088305,0.22302293640684492,0.5022081555557306,369.2419216069527
Simulation_000001,Stainless Steel 304,35.036435190088305,0.2336430762357423,0.5022081555557306,369.2419216069527
Simulation_000001,Stainless Steel 304,35.036435190088305,0.24426321606463966,0.5022081555557306,369.2419216069527
Simulation_000001,Stainless Steel 304,35.036435190088305,0.25488335589353706,0.5022081555557306,369.2419216069527
Simulation_000001,Stainless Steel 304,35.036435190088305,0.2655034957224344,0.5022081555557306,369.2419216069527
Simulation_000001,Stainless Steel 304,35.036435190088305,0.2761236355513318,0.5022081555557306,369.2419216069527
Simulation_000001,Stainless Steel 304,35.036435190088305,0.28674377538022916,0.5022081555557306,369.2419216069527
Simulation_000001,Stainless Steel 304,35.036435190088305,0.29736391520912653,0.5022081555557306,369.2419216069527
Simulation_000001,Stainless Steel 304,35.036435190088305,0.30798405503802395,0.5022081555557306,369.2419216069527
Simulation_000001,Stainless Steel 304,35.036435190088305,0.3186041948669213,0.5022081555557306,368.31028111679177
Simulation_000001,Stainless Steel 304,35.036435190088305,0.3292243346958187,0.5022081555557306,362.9835237419616
Simulation_000001,Stainless Steel 304,35.036435190088305,0.33984447452471606,0.5022081555557306,347.0864264410137
Simulation_000001,Stainless Steel 304,35.036435190088305,0.3504646143536134,0.5022081555557306,316.28552951554326
Simulation_000001,Stainless Steel 304,35.036435190088305,0.3610847541825108,0.5022081555557306,274.0433442800124
Simulation_000001,Stainless Steel 304,35.036435190088305,0.0,0.5231334953705528,364.5463220812725
Simulation_000001,Stainless Steel 304,35.036435190088305,0.010620139828897377,0.5231334953705528,367.0509350402975
Simulation_000001,Stainless Steel 304,35.036435190088305,0.021240279657794753,0.5231334953705528,368.4566828217143
Simulation_000001,Stainless Steel 304,35.036435190088305,0.03186041948669213,0.5231334953705528,369.0487100245292
Simulation_000001,Stainless Steel 304,35.036435190088305,0.04248055931558951,0.5231334953705528,369.2167925769599
Simulation_000001,Stainless Steel 304,35.036435190088305,0.05310069914448688,0.5231334953705528,369.2419216069527
Simulation_000001,Stainless Steel 304,35.036435190088305,0.06372083897338426,0.5231334953705528,369.2419216069527
Simulation_000001,Stainless Steel 304,35.036435190088305,0.07434097880228163,0.5231334953705528,369.2419216069527
Simulation_000001,Stainless Steel 304,35.036435190088305,0.08496111863117901,0.5231334953705528,369.2419216069527
Simulation_000001,Stainless Steel 304,35.036435190088305,0.0955812584600764,0.5231334953705528,369.2419216069527
Simulation_000001,Stainless Steel 304,35.036435190088305,0.10620139828897376,0.5231334953705528,369.2419216069527
Simulation_000001,Stainless Steel 304,35.036435190088305,0.11682153811787115,0.5231334953705528,369.2419216069527
Simulation_000001,Stainless Steel 304,35.036435190088305,0.12744167794676853,0.5231334953705528,369.2419216069527
Simulation_000001,Stainless Steel 304,35.036435190088305,0.1380618177756659,0.5231334953705528,369.2419216069527
Simulation_000001,Stainless Steel 304,35.036435190088305,0.14868195760456326,0.5231334953705528,369.2419216069527
Simulation_000001,Stainless Steel 304,35.036435190088305,0.15930209743346066,0.5231334953705528,369.2419216069527
Simulation_000001,Stainless Steel 304,35.036435190088305,0.16992223726235803,0.5231334953705528,369.2419216069527
Simulation_000001,Stainless Steel 304,35.036435190088305,0.1805423770912554,0.5231334953705528,369.2419216069527
Simulation_000001,Stainless Steel 304,35.036435190088305,0.1911625169201528,0.5231334953705528,369.2419216069527
Simulation_000001,Stainless Steel 304,35.036435190088305,0.20178265674905016,0.5231334953705528,369.2419216069527
Simulation_000001,Stainless Steel 304,35.036435190088305,0.21240279657794753,0.5231334953705528,369.2419216069527
Simulation_000001,Stainless Steel 304,35.036435190088305,0.22302293640684492,0.5231334953705528,369.2419216069527
Simulation_000001,Stainless Steel 304,35.036435190088305,0.2336430762357423,0.5231334953705528,369.2419216069527
Simulation_000001,Stainless Steel 304,35.036435190088305,0.24426321606463966,0.5231334953705528,369.2419216069527
Simulation_000001,Stainless Steel 304,35.036435190088305,0.25488335589353706,0.5231334953705528,369.2419216069527
Simulation_000001,Stainless Steel 304,35.036435190088305,0.2655034957224344,0.5231334953705528,369.2419216069527
Simulation_000001,Stainless Steel 304,35.036435190088305,0.2761236355513318,0.5231334953705528,369.2419216069527
Simulation_000001,Stainless Steel 304,35.036435190088305,0.28674377538022916,0.5231334953705528,369.2419216069527
Simulation_000001,Stainless Steel 304,35.036435190088305,0.29736391520912653,0.5231334953705528,369.2419216069527
Simulation_000001,Stainless Steel 304,35.036435190088305,0.30798405503802395,0.5231334953705528,369.2419216069527
Simulation_000001,Stainless Steel 304,35.036435190088305,0.3186041948669213,0.5231334953705528,368.31028111679177
Simulation_000001,Stainless Steel 304,35.036435190088305,0.3292243346958187,0.5231334953705528,362.9835237419616
Simulation_000001,Stainless Steel 304,35.036435190088305,0.33984447452471606,0.5231334953705528,347.0864264410137
Simulation_000001,Stainless Steel 304,35.036435190088305,0.3504646143536134,0.5231334953705528,316.28552951554326
Simulation_000001,Stainless Steel 304,35.036435190088305,0.3610847541825108,0.5231334953705528,274.0433442800124
Simulation_000001,Stainless Steel 304,35.036435190088305,0.0,0.5440588351853749,364.5463220812725
Simulation_000001,Stainless Steel 304,35.036435190088305,0.010620139828897377,0.5440588351853749,367.0509350402975
Simulation_000001,Stainless Steel 304,35.036435190088305,0.021240279657794753,0.5440588351853749,368.4566828217143
Simulation_000001,Stainless Steel 304,35.036435190088305,0.03186041948669213,0.5440588351853749,369.0487100245292
Simulation_000001,Stainless Steel 304,35.036435190088305,0.04248055931558951,0.5440588351853749,369.2167925769599
Simulation_000001,Stainless Steel 304,35.036435190088305,0.05310069914448688,0.5440588351853749,369.2419216069527
Simulation_000001,Stainless Steel 304,35.036435190088305,0.06372083897338426,0.5440588351853749,369.2419216069527
Simulation_000001,Stainless Steel 304,35.036435190088305,0.07434097880228163,0.5440588351853749,369.2419216069527
Simulation_000001,Stainless Steel 304,35.036435190088305,0.08496111863117901,0.5440588351853749,369.2419216069527
Simulation_000001,Stainless Steel 304,35.036435190088305,0.0955812584600764,0.5440588351853749,369.2419216069527
Simulation_000001,Stainless Steel 304,35.036435190088305,0.10620139828897376,0.5440588351853749,369.2419216069527
Simulation_000001,Stainless Steel 304,35.036435190088305,0.11682153811787115,0.5440588351853749,369.2419216069527
Simulation_000001,Stainless Steel 304,35.036435190088305,0.12744167794676853,0.5440588351853749,369.2419216069527
Simulation_000001,Stainless Steel 304,35.036435190088305,0.1380618177756659,0.5440588351853749,369.2419216069527
Simulation_000001,Stainless Steel 304,35.036435190088305,0.14868195760456326,0.5440588351853749,369.2419216069527
Simulation_000001,Stainless Steel 304,35.036435190088305,0.15930209743346066,0.5440588351853749,369.2419216069527
Simulation_000001,Stainless Steel 304,35.036435190088305,0.16992223726235803,0.5440588351853749,369.2419216069527
Simulation_000001,Stainless Steel 304,35.036435190088305,0.1805423770912554,0.5440588351853749,369.2419216069527
Simulation_000001,Stainless Steel 304,35.036435190088305,0.1911625169201528,0.5440588351853749,369.2419216069527
Simulation_000001,Stainless Steel 304,35.036435190088305,0.20178265674905016,0.5440588351853749,369.2419216069527
Simulation_000001,Stainless Steel 304,35.036435190088305,0.21240279657794753,0.5440588351853749,369.2419216069527
Simulation_000001,Stainless Steel 304,35.036435190088305,0.22302293640684492,0.5440588351853749,369.2419216069527
Simulation_000001,Stainless Steel 304,35.036435190088305,0.2336430762357423,0.5440588351853749,369.2419216069527
Simulation_000001,Stainless Steel 304,35.036435190088305,0.24426321606463966,0.5440588351853749,369.2419216069527
Simulation_000001,Stainless Steel 304,35.036435190088305,0.25488335589353706,0.5440588351853749,369.2419216069527
Simulation_000001,Stainless Steel 304,35.036435190088305,0.2655034957224344,0.5440588351853749,369.2419216069527
Simulation_000001,Stainless Steel 304,35.036435190088305,0.2761236355513318,0.5440588351853749,369.2419216069527
Simulation_000001,Stainless Steel 304,35.036435190088305,0.28674377538022916,0.5440588351853749,369.2419216069527
Simulation_000001,Stainless Steel 304,35.036435190088305,0.29736391520912653,0.5440588351853749,369.2419216069527
Simulation_000001,Stainless Steel 304,35.036435190088305,0.30798405503802395,0.5440588351853749,369.2419216069527
Simulation_000001,Stainless Steel 304,35.036435190088305,0.3186041948669213,0.5440588351853749,368.31028111679177
Simulation_000001,Stainless Steel 304,35.036435190088305,0.3292243346958187,0.5440588351853749,362.9835237419616
Simulation_000001,Stainless Steel 304,35.036435190088305,0.33984447452471606,0.5440588351853749,347.0864264410137
Simulation_000001,Stainless Steel 304,35.036435190088305,0.3504646143536134,0.5440588351853749,316.28552951554326
Simulation_000001,Stainless Steel 304,35.036435190088305,0.3610847541825108,0.5440588351853749,274.0433442800124
Simulation_000001,Stainless Steel 304,35.036435190088305,0.0,0.5649841750001969,364.5463220812725
Simulation_000001,Stainless Steel 304,35.036435190088305,0.010620139828897377,0.5649841750001969,367.0509350402975
Simulation_000001,Stainless Steel 304,35.036435190088305,0.021240279657794753,0.5649841750001969,368.4566828217143
Simulation_000001,Stainless Steel 304,35.036435190088305,0.03186041948669213,0.5649841750001969,369.0487100245292
Simulation_000001,Stainless Steel 304,35.036435190088305,0.04248055931558951,0.5649841750001969,369.2167925769599
Simulation_000001,Stainless Steel 304,35.036435190088305,0.05310069914448688,0.5649841750001969,369.2419216069527
Simulation_000001,Stainless Steel 304,35.036435190088305,0.06372083897338426,0.5649841750001969,369.2419216069527
Simulation_000001,Stainless Steel 304,35.036435190088305,0.07434097880228163,0.5649841750001969,369.2419216069527
Simulation_000001,Stainless Steel 304,35.036435190088305,0.08496111863117901,0.5649841750001969,369.2419216069527
Simulation_000001,Stainless Steel 304,35.036435190088305,0.0955812584600764,0.5649841750001969,369.2419216069527
Simulation_000001,Stainless Steel 304,35.036435190088305,0.10620139828897376,0.5649841750001969,369.2419216069527
Simulation_000001,Stainless Steel 304,35.036435190088305,0.11682153811787115,0.5649841750001969,369.2419216069527
Simulation_000001,Stainless Steel 304,35.036435190088305,0.12744167794676853,0.5649841750001969,369.2419216069527
Simulation_000001,Stainless Steel 304,35.036435190088305,0.1380618177756659,0.5649841750001969,369.2419216069527
Simulation_000001,Stainless Steel 304,35.036435190088305,0.14868195760456326,0.5649841750001969,369.2419216069527
Simulation_000001,Stainless Steel 304,35.036435190088305,0.15930209743346066,0.5649841750001969,369.2419216069527
Simulation_000001,Stainless Steel 304,35.036435190088305,0.16992223726235803,0.5649841750001969,369.2419216069527
Simulation_000001,Stainless Steel 304,35.036435190088305,0.1805423770912554,0.5649841750001969,369.2419216069527
Simulation_000001,Stainless Steel 304,35.036435190088305,0.1911625169201528,0.5649841750001969,369.2419216069527
Simulation_000001,Stainless Steel 304,35.036435190088305,0.20178265674905016,0.5649841750001969,369.2419216069527
Simulation_000001,Stainless Steel 304,35.036435190088305,0.21240279657794753,0.5649841750001969,369.2419216069527
Simulation_000001,Stainless Steel 304,35.036435190088305,0.22302293640684492,0.5649841750001969,369.2419216069527
Simulation_000001,Stainless Steel 304,35.036435190088305,0.2336430762357423,0.5649841750001969,369.2419216069527
Simulation_000001,Stainless Steel 304,35.036435190088305,0.24426321606463966,0.5649841750001969,369.2419216069527
Simulation_000001,Stainless Steel 304,35.036435190088305,0.25488335589353706,0.5649841750001969,369.2419216069527
Simulation_000001,Stainless Steel 304,35.036435190088305,0.2655034957224344,0.5649841750001969,369.2419216069527
Simulation_000001,Stainless Steel 304,35.036435190088305,0.2761236355513318,0.5649841750001969,369.2419216069527
Simulation_000001,Stainless Steel 304,35.036435190088305,0.28674377538022916,0.5649841750001969,369.2419216069527
Simulation_000001,Stainless Steel 304,35.036435190088305,0.29736391520912653,0.5649841750001969,369.2419216069527
Simulation_000001,Stainless Steel 304,35.036435190088305,0.30798405503802395,0.5649841750001969,369.2419216069527
Simulation_000001,Stainless Steel 304,35.036435190088305,0.3186041948669213,0.5649841750001969,368.31028111679177
Simulation_000001,Stainless Steel 304,35.036435190088305,0.3292243346958187,0.5649841750001969,362.9835237419616
Simulation_000001,Stainless Steel 304,35.036435190088305,0.33984447452471606,0.5649841750001969,347.0864264410137
Simulation_000001,Stainless Steel 304,35.036435190088305,0.3504646143536134,0.5649841750001969,316.28552951554326
Simulation_000001,Stainless Steel 304,35.036435190088305,0.3610847541825108,0.5649841750001969,274.0433442800124
Simulation_000001,Stainless Steel 304,35.036435190088305,0.0,0.5859095148150191,364.5463220812725
Simulation_000001,Stainless Steel 304,35.036435190088305,0.010620139828897377,0.5859095148150191,367.0509350402975
Simulation_000001,Stainless Steel 304,35.036435190088305,0.021240279657794753,0.5859095148150191,368.4566828217143
Simulation_000001,Stainless Steel 304,35.036435190088305,0.03186041948669213,0.5859095148150191,369.0487100245292
Simulation_000001,Stainless Steel 304,35.036435190088305,0.04248055931558951,0.5859095148150191,369.2167925769599
Simulation_000001,Stainless Steel 304,35.036435190088305,0.05310069914448688,0.5859095148150191,369.2419216069527
Simulation_000001,Stainless Steel 304,35.036435190088305,0.06372083897338426,0.5859095148150191,369.2419216069527
Simulation_000001,Stainless Steel 304,35.036435190088305,0.07434097880228163,0.5859095148150191,369.2419216069527
Simulation_000001,Stainless Steel 304,35.036435190088305,0.08496111863117901,0.5859095148150191,369.2419216069527
Simulation_000001,Stainless Steel 304,35.036435190088305,0.0955812584600764,0.5859095148150191,369.2419216069527
Simulation_000001,Stainless Steel 304,35.036435190088305,0.10620139828897376,0.5859095148150191,369.2419216069527
Simulation_000001,Stainless Steel 304,35.036435190088305,0.11682153811787115,0.5859095148150191,369.2419216069527
Simulation_000001,Stainless Steel 304,35.036435190088305,0.12744167794676853,0.5859095148150191,369.2419216069527
Simulation_000001,Stainless Steel 304,35.036435190088305,0.1380618177756659,0.5859095148150191,369.2419216069527
Simulation_000001,Stainless Steel 304,35.036435190088305,0.14868195760456326,0.5859095148150191,369.2419216069527
Simulation_000001,Stainless Steel 304,35.036435190088305,0.15930209743346066,0.5859095148150191,369.2419216069527
Simulation_000001,Stainless Steel 304,35.036435190088305,0.16992223726235803,0.5859095148150191,369.2419216069527
Simulation_000001,Stainless Steel 304,35.036435190088305,0.1805423770912554,0.5859095148150191,369.2419216069527
Simulation_000001,Stainless Steel 304,35.036435190088305,0.1911625169201528,0.5859095148150191,369.2419216069527
Simulation_000001,Stainless Steel 304,35.036435190088305,0.20178265674905016,0.5859095148150191,369.2419216069527
Simulation_000001,Stainless Steel 304,35.036435190088305,0.21240279657794753,0.5859095148150191,369.2419216069527
Simulation_000001,Stainless Steel 304,35.036435190088305,0.22302293640684492,0.5859095148150191,369.2419216069527
Simulation_000001,Stainless Steel 304,35.036435190088305,0.2336430762357423,0.5859095148150191,369.2419216069527
Simulation_000001,Stainless Steel 304,35.036435190088305,0.24426321606463966,0.5859095148150191,369.2419216069527
Simulation_000001,Stainless Steel 304,35.036435190088305,0.25488335589353706,0.5859095148150191,369.2419216069527
Simulation_000001,Stainless Steel 304,35.036435190088305,0.2655034957224344,0.5859095148150191,369.2419216069527
Simulation_000001,Stainless Steel 304,35.036435190088305,0.2761236355513318,0.5859095148150191,369.2419216069527
Simulation_000001,Stainless Steel 304,35.036435190088305,0.28674377538022916,0.5859095148150191,369.2419216069527
Simulation_000001,Stainless Steel 304,35.036435190088305,0.29736391520912653,0.5859095148150191,369.2419216069527
Simulation_000001,Stainless Steel 304,35.036435190088305,0.30798405503802395,0.5859095148150191,369.2419216069527
Simulation_000001,Stainless Steel 304,35.036435190088305,0.3186041948669213,0.5859095148150191,368.31028111679177
Simulation_000001,Stainless Steel 304,35.036435190088305,0.3292243346958187,0.5859095148150191,362.9835237419616
Simulation_000001,Stainless Steel 304,35.036435190088305,0.33984447452471606,0.5859095148150191,347.0864264410137
Simulation_000001,Stainless Steel 304,35.036435190088305,0.3504646143536134,0.5859095148150191,316.28552951554326
Simulation_000001,Stainless Steel 304,35.036435190088305,0.3610847541825108,0.5859095148150191,274.0433442800124
Simulation_000001,Stainless Steel 304,35.036435190088305,0.0,0.6068348546298412,364.5463220812725
Simulation_000001,Stainless Steel 304,35.036435190088305,0.010620139828897377,0.6068348546298412,367.0509350402975
Simulation_000001,Stainless Steel 304,35.036435190088305,0.021240279657794753,0.6068348546298412,368.4566828217143
Simulation_000001,Stainless Steel 304,35.036435190088305,0.03186041948669213,0.6068348546298412,369.0487100245292
Simulation_000001,Stainless Steel 304,35.036435190088305,0.04248055931558951,0.6068348546298412,369.2167925769599
Simulation_000001,Stainless Steel 304,35.036435190088305,0.05310069914448688,0.6068348546298412,369.2419216069527
Simulation_000001,Stainless Steel 304,35.036435190088305,0.06372083897338426,0.6068348546298412,369.2419216069527
Simulation_000001,Stainless Steel 304,35.036435190088305,0.07434097880228163,0.6068348546298412,369.2419216069527
Simulation_000001,Stainless Steel 304,35.036435190088305,0.08496111863117901,0.6068348546298412,369.2419216069527
Simulation_000001,Stainless Steel 304,35.036435190088305,0.0955812584600764,0.6068348546298412,369.2419216069527
Simulation_000001,Stainless Steel 304,35.036435190088305,0.10620139828897376,0.6068348546298412,369.2419216069527
Simulation_000001,Stainless Steel 304,35.036435190088305,0.11682153811787115,0.6068348546298412,369.2419216069527
Simulation_000001,Stainless Steel 304,35.036435190088305,0.12744167794676853,0.6068348546298412,369.2419216069527
Simulation_000001,Stainless Steel 304,35.036435190088305,0.1380618177756659,0.6068348546298412,369.2419216069527
Simulation_000001,Stainless Steel 304,35.036435190088305,0.14868195760456326,0.6068348546298412,369.2419216069527
Simulation_000001,Stainless Steel 304,35.036435190088305,0.15930209743346066,0.6068348546298412,369.2419216069527
Simulation_000001,Stainless Steel 304,35.036435190088305,0.16992223726235803,0.6068348546298412,369.2419216069527
Simulation_000001,Stainless Steel 304,35.036435190088305,0.1805423770912554,0.6068348546298412,369.2419216069527
Simulation_000001,Stainless Steel 304,35.036435190088305,0.1911625169201528,0.6068348546298412,369.2419216069527
Simulation_000001,Stainless Steel 304,35.036435190088305,0.20178265674905016,0.6068348546298412,369.2419216069527
Simulation_000001,Stainless Steel 304,35.036435190088305,0.21240279657794753,0.6068348546298412,369.2419216069527
Simulation_000001,Stainless Steel 304,35.036435190088305,0.22302293640684492,0.6068348546298412,369.2419216069527
Simulation_000001,Stainless Steel 304,35.036435190088305,0.2336430762357423,0.6068348546298412,369.2419216069527
Simulation_000001,Stainless Steel 304,35.036435190088305,0.24426321606463966,0.6068348546298412,369.2419216069527
Simulation_000001,Stainless Steel 304,35.036435190088305,0.25488335589353706,0.6068348546298412,369.2419216069527
Simulation_000001,Stainless Steel 304,35.036435190088305,0.2655034957224344,0.6068348546298412,369.2419216069527
Simulation_000001,Stainless Steel 304,35.036435190088305,0.2761236355513318,0.6068348546298412,369.2419216069527
Simulation_000001,Stainless Steel 304,35.036435190088305,0.28674377538022916,0.6068348546298412,369.2419216069527
Simulation_000001,Stainless Steel 304,35.036435190088305,0.29736391520912653,0.6068348546298412,369.2419216069527
Simulation_000001,Stainless Steel 304,35.036435190088305,0.30798405503802395,0.6068348546298412,369.2419216069527
Simulation_000001,Stainless Steel 304,35.036435190088305,0.3186041948669213,0.6068348546298412,368.31028111679177
Simulation_000001,Stainless Steel 304,35.036435190088305,0.3292243346958187,0.6068348546298412,362.9835237419616
Simulation_000001,Stainless Steel 304,35.036435190088305,0.33984447452471606,0.6068348546298412,347.0864264410137
Simulation_000001,Stainless Steel 304,35.036435190088305,0.3504646143536134,0.6068348546298412,316.28552951554326
Simulation_000001,Stainless Steel 304,35.036435190088305,0.3610847541825108,0.6068348546298412,274.0433442800124
Simulation_000001,Stainless Steel 304,35.036435190088305,0.0,0.6277601944446634,364.5463220812725
Simulation_000001,Stainless Steel 304,35.036435190088305,0.010620139828897377,0.6277601944446634,367.0509350402975
Simulation_000001,Stainless Steel 304,35.036435190088305,0.021240279657794753,0.6277601944446634,368.4566828217143
Simulation_000001,Stainless Steel 304,35.036435190088305,0.03186041948669213,0.6277601944446634,369.0487100245292
Simulation_000001,Stainless Steel 304,35.036435190088305,0.04248055931558951,0.6277601944446634,369.2167925769599
Simulation_000001,Stainless Steel 304,35.036435190088305,0.05310069914448688,0.6277601944446634,369.2419216069527
Simulation_000001,Stainless Steel 304,35.036435190088305,0.06372083897338426,0.6277601944446634,369.2419216069527
Simulation_000001,Stainless Steel 304,35.036435190088305,0.07434097880228163,0.6277601944446634,369.2419216069527
Simulation_000001,Stainless Steel 304,35.036435190088305,0.08496111863117901,0.6277601944446634,369.2419216069527
Simulation_000001,Stainless Steel 304,35.036435190088305,0.0955812584600764,0.6277601944446634,369.2419216069527
Simulation_000001,Stainless Steel 304,35.036435190088305,0.10620139828897376,0.6277601944446634,369.2419216069527
Simulation_000001,Stainless Steel 304,35.036435190088305,0.11682153811787115,0.6277601944446634,369.2419216069527
Simulation_000001,Stainless Steel 304,35.036435190088305,0.12744167794676853,0.6277601944446634,369.2419216069527
Simulation_000001,Stainless Steel 304,35.036435190088305,0.1380618177756659,0.6277601944446634,369.2419216069527
Simulation_000001,Stainless Steel 304,35.036435190088305,0.14868195760456326,0.6277601944446634,369.2419216069527
Simulation_000001,Stainless Steel 304,35.036435190088305,0.15930209743346066,0.6277601944446634,369.2419216069527
Simulation_000001,Stainless Steel 304,35.036435190088305,0.16992223726235803,0.6277601944446634,369.2419216069527
Simulation_000001,Stainless Steel 304,35.036435190088305,0.1805423770912554,0.6277601944446634,369.2419216069527
Simulation_000001,Stainless Steel 304,35.036435190088305,0.1911625169201528,0.6277601944446634,369.2419216069527
Simulation_000001,Stainless Steel 304,35.036435190088305,0.20178265674905016,0.6277601944446634,369.2419216069527
Simulation_000001,Stainless Steel 304,35.036435190088305,0.21240279657794753,0.6277601944446634,369.2419216069527
Simulation_000001,Stainless Steel 304,35.036435190088305,0.22302293640684492,0.6277601944446634,369.2419216069527
Simulation_000001,Stainless Steel 304,35.036435190088305,0.2336430762357423,0.6277601944446634,369.2419216069527
Simulation_000001,Stainless Steel 304,35.036435190088305,0.24426321606463966,0.6277601944446634,369.2419216069527
Simulation_000001,Stainless Steel 304,35.036435190088305,0.25488335589353706,0.6277601944446634,369.2419216069527
Simulation_000001,Stainless Steel 304,35.036435190088305,0.2655034957224344,0.6277601944446634,369.2419216069527
Simulation_000001,Stainless Steel 304,35.036435190088305,0.2761236355513318,0.6277601944446634,369.2419216069527
Simulation_000001,Stainless Steel 304,35.036435190088305,0.28674377538022916,0.6277601944446634,369.2419216069527
Simulation_000001,Stainless Steel 304,35.036435190088305,0.29736391520912653,0.6277601944446634,369.2419216069527
Simulation_000001,Stainless Steel 304,35.036435190088305,0.30798405503802395,0.6277601944446634,369.2419216069527
Simulation_000001,Stainless Steel 304,35.036435190088305,0.3186041948669213,0.6277601944446634,368.31028111679177
Simulation_000001,Stainless Steel 304,35.036435190088305,0.3292243346958187,0.6277601944446634,362.9835237419616
Simulation_000001,Stainless Steel 304,35.036435190088305,0.33984447452471606,0.6277601944446634,347.0864264410137
Simulation_000001,Stainless Steel 304,35.036435190088305,0.3504646143536134,0.6277601944446634,316.28552951554326
Simulation_000001,Stainless Steel 304,35.036435190088305,0.3610847541825108,0.6277601944446634,274.0433442800124
Simulation_000001,Stainless Steel 304,35.036435190088305,0.0,0.6486855342594854,364.5467391590719
Simulation_000001,Stainless Steel 304,35.036435190088305,0.010620139828897377,0.6486855342594854,367.05136449960304
Simulation_000001,Stainless Steel 304,35.036435190088305,0.021240279657794753,0.6486855342594854,368.4566828217143
Simulation_000001,Stainless Steel 304,35.036435190088305,0.03186041948669213,0.6486855342594854,369.0487100245292
Simulation_000001,Stainless Steel 304,35.036435190088305,0.04248055931558951,0.6486855342594854,369.2167925769599
Simulation_000001,Stainless Steel 304,35.036435190088305,0.05310069914448688,0.6486855342594854,369.2419216069527
Simulation_000001,Stainless Steel 304,35.036435190088305,0.06372083897338426,0.6486855342594854,369.2419216069527
Simulation_000001,Stainless Steel 304,35.036435190088305,0.07434097880228163,0.6486855342594854,369.2419216069527
Simulation_000001,Stainless Steel 304,35.036435190088305,0.08496111863117901,0.6486855342594854,369.2419216069527
Simulation_000001,Stainless Steel 304,35.036435190088305,0.0955812584600764,0.6486855342594854,369.2419216069527
Simulation_000001,Stainless Steel 304,35.036435190088305,0.10620139828897376,0.6486855342594854,369.2419216069527
Simulation_000001,Stainless Steel 304,35.036435190088305,0.11682153811787115,0.6486855342594854,369.2419216069527
Simulation_000001,Stainless Steel 304,35.036435190088305,0.12744167794676853,0.6486855342594854,369.2419216069527
Simulation_000001,Stainless Steel 304,35.036435190088305,0.1380618177756659,0.6486855342594854,369.2419216069527
Simulation_000001,Stainless Steel 304,35.036435190088305,0.14868195760456326,0.6486855342594854,369.2419216069527
Simulation_000001,Stainless Steel 304,35.036435190088305,0.15930209743346066,0.6486855342594854,369.2419216069527
Simulation_000001,Stainless Steel 304,35.036435190088305,0.16992223726235803,0.6486855342594854,369.2419216069527
Simulation_000001,Stainless Steel 304,35.036435190088305,0.1805423770912554,0.6486855342594854,369.2419216069527
Simulation_000001,Stainless Steel 304,35.036435190088305,0.1911625169201528,0.6486855342594854,369.2419216069527
Simulation_000001,Stainless Steel 304,35.036435190088305,0.20178265674905016,0.6486855342594854,369.2419216069527
Simulation_000001,Stainless Steel 304,35.036435190088305,0.21240279657794753,0.6486855342594854,369.2419216069527
Simulation_000001,Stainless Steel 304,35.036435190088305,0.22302293640684492,0.6486855342594854,369.2419216069527
Simulation_000001,Stainless Steel 304,35.036435190088305,0.2336430762357423,0.6486855342594854,369.2419216069527
Simulation_000001,Stainless Steel 304,35.036435190088305,0.24426321606463966,0.6486855342594854,369.2419216069527
Simulation_000001,Stainless Steel 304,35.036435190088305,0.25488335589353706,0.6486855342594854,369.2419216069527
Simulation_000001,Stainless Steel 304,35.036435190088305,0.2655034957224344,0.6486855342594854,369.2419216069527
Simulation_000001,Stainless Steel 304,35.036435190088305,0.2761236355513318,0.6486855342594854,369.2419216069527
Simulation_000001,Stainless Steel 304,35.036435190088305,0.28674377538022916,0.6486855342594854,369.2419216069527
Simulation_000001,Stainless Steel 304,35.036435190088305,0.29736391520912653,0.6486855342594854,369.2419216069527
Simulation_000001,Stainless Steel 304,35.036435190088305,0.30798405503802395,0.6486855342594854,369.2419216069527
Simulation_000001,Stainless Steel 304,35.036435190088305,0.3186041948669213,0.6486855342594854,368.31028111679177
Simulation_000001,Stainless Steel 304,35.036435190088305,0.3292243346958187,0.6486855342594854,362.9835237419616
Simulation_000001,Stainless Steel 304,35.036435190088305,0.33984447452471606,0.6486855342594854,347.0864264410137
Simulation_000001,Stainless Steel 304,35.036435190088305,0.3504646143536134,0.6486855342594854,316.3014514066016
Simulation_000001,Stainless Steel 304,35.036435190088305,0.3610847541825108,0.6486855342594854,274.0433442800124
Simulation_000001,Stainless Steel 304,35.036435190088305,0.0,0.6696108740743075,364.56024851925974
Simulation_000001,Stainless Steel 304,35.036435190088305,0.010620139828897377,0.6696108740743075,367.06527490301784
Simulation_000001,Stainless Steel 304,35.036435190088305,0.021240279657794753,0.6696108740743075,368.46168463920975
Simulation_000001,Stainless Steel 304,35.036435190088305,0.03186041948669213,0.6696108740743075,369.0487100245292
Simulation_000001,Stainless Steel 304,35.036435190088305,0.04248055931558951,0.6696108740743075,369.2167925769599
Simulation_000001,Stainless Steel 304,35.036435190088305,0.05310069914448688,0.6696108740743075,369.2419216069527
Simulation_000001,Stainless Steel 304,35.036435190088305,0.06372083897338426,0.6696108740743075,369.2419216069527
Simulation_000001,Stainless Steel 304,35.036435190088305,0.07434097880228163,0.6696108740743075,369.2419216069527
Simulation_000001,Stainless Steel 304,35.036435190088305,0.08496111863117901,0.6696108740743075,369.2419216069527
Simulation_000001,Stainless Steel 304,35.036435190088305,0.0955812584600764,0.6696108740743075,369.2419216069527
Simulation_000001,Stainless Steel 304,35.036435190088305,0.10620139828897376,0.6696108740743075,369.2419216069527
Simulation_000001,Stainless Steel 304,35.036435190088305,0.11682153811787115,0.6696108740743075,369.2419216069527
Simulation_000001,Stainless Steel 304,35.036435190088305,0.12744167794676853,0.6696108740743075,369.2419216069527
Simulation_000001,Stainless Steel 304,35.036435190088305,0.1380618177756659,0.6696108740743075,369.2419216069527
Simulation_000001,Stainless Steel 304,35.036435190088305,0.14868195760456326,0.6696108740743075,369.2419216069527
Simulation_000001,Stainless Steel 304,35.036435190088305,0.15930209743346066,0.6696108740743075,369.2419216069527
Simulation_000001,Stainless Steel 304,35.036435190088305,0.16992223726235803,0.6696108740743075,369.2419216069527
Simulation_000001,Stainless Steel 304,35.036435190088305,0.1805423770912554,0.6696108740743075,369.2419216069527
Simulation_000001,Stainless Steel 304,35.036435190088305,0.1911625169201528,0.6696108740743075,369.2419216069527
Simulation_000001,Stainless Steel 304,35.036435190088305,0.20178265674905016,0.6696108740743075,369.2419216069527
Simulation_000001,Stainless Steel 304,35.036435190088305,0.21240279657794753,0.6696108740743075,369.2419216069527
Simulation_000001,Stainless Steel 304,35.036435190088305,0.22302293640684492,0.6696108740743075,369.2419216069527
Simulation_000001,Stainless Steel 304,35.036435190088305,0.2336430762357423,0.6696108740743075,369.2419216069527
Simulation_000001,Stainless Steel 304,35.036435190088305,0.24426321606463966,0.6696108740743075,369.2419216069527
Simulation_000001,Stainless Steel 304,35.036435190088305,0.25488335589353706,0.6696108740743075,369.2419216069527
Simulation_000001,Stainless Steel 304,35.036435190088305,0.2655034957224344,0.6696108740743075,369.2419216069527
Simulation_000001,Stainless Steel 304,35.036435190088305,0.2761236355513318,0.6696108740743075,369.2419216069527
Simulation_000001,Stainless Steel 304,35.036435190088305,0.28674377538022916,0.6696108740743075,369.2419216069527
Simulation_000001,Stainless Steel 304,35.036435190088305,0.29736391520912653,0.6696108740743075,369.2419216069527
Simulation_000001,Stainless Steel 304,35.036435190088305,0.30798405503802395,0.6696108740743075,369.2419216069527
Simulation_000001,Stainless Steel 304,35.036435190088305,0.3186041948669213,0.6696108740743075,368.31028111679177
Simulation_000001,Stainless Steel 304,35.036435190088305,0.3292243346958187,0.6696108740743075,362.9835237419616
Simulation_000001,Stainless Steel 304,35.036435190088305,0.33984447452471606,0.6696108740743075,347.2718651827579
Simulation_000001,Stainless Steel 304,35.036435190088305,0.3504646143536134,0.6696108740743075,316.63707702595326
Simulation_000001,Stainless Steel 304,35.036435190088305,0.3610847541825108,0.6696108740743075,274.0433442800124
Simulation_000001,Stainless Steel 304,35.036435190088305,0.0,0.6905362138891297,364.77280459513906
Simulation_000001,Stainless Steel 304,35.036435190088305,0.010620139828897377,0.6905362138891297,367.28414098717224
Simulation_000001,Stainless Steel 304,35.036435190088305,0.021240279657794753,0.6905362138891297,368.55250099133224
Simulation_000001,Stainless Steel 304,35.036435190088305,0.03186041948669213,0.6905362138891297,369.0681283783622
Simulation_000001,Stainless Steel 304,35.036435190088305,0.04248055931558951,0.6905362138891297,369.2167925769599
Simulation_000001,Stainless Steel 304,35.036435190088305,0.05310069914448688,0.6905362138891297,369.2419216069527
Simulation_000001,Stainless Steel 304,35.036435190088305,0.06372083897338426,0.6905362138891297,369.2419216069527
Simulation_000001,Stainless Steel 304,35.036435190088305,0.07434097880228163,0.6905362138891297,369.2419216069527
Simulation_000001,Stainless Steel 304,35.036435190088305,0.08496111863117901,0.6905362138891297,369.2419216069527
Simulation_000001,Stainless Steel 304,35.036435190088305,0.0955812584600764,0.6905362138891297,369.2419216069527
Simulation_000001,Stainless Steel 304,35.036435190088305,0.10620139828897376,0.6905362138891297,369.2419216069527
Simulation_000001,Stainless Steel 304,35.036435190088305,0.11682153811787115,0.6905362138891297,369.2419216069527
Simulation_000001,Stainless Steel 304,35.036435190088305,0.12744167794676853,0.6905362138891297,369.2419216069527
Simulation_000001,Stainless Steel 304,35.036435190088305,0.1380618177756659,0.6905362138891297,369.2419216069527
Simulation_000001,Stainless Steel 304,35.036435190088305,0.14868195760456326,0.6905362138891297,369.2419216069527
Simulation_000001,Stainless Steel 304,35.036435190088305,0.15930209743346066,0.6905362138891297,369.2419216069527
Simulation_000001,Stainless Steel 304,35.036435190088305,0.16992223726235803,0.6905362138891297,369.2419216069527
Simulation_000001,Stainless Steel 304,35.036435190088305,0.1805423770912554,0.6905362138891297,369.2419216069527
Simulation_000001,Stainless Steel 304,35.036435190088305,0.1911625169201528,0.6905362138891297,369.2419216069527
Simulation_000001,Stainless Steel 304,35.036435190088305,0.20178265674905016,0.6905362138891297,369.2419216069527
Simulation_000001,Stainless Steel 304,35.036435190088305,0.21240279657794753,0.6905362138891297,369.2419216069527
Simulation_000001,Stainless Steel 304,35.036435190088305,0.22302293640684492,0.6905362138891297,369.2419216069527
Simulation_000001,Stainless Steel 304,35.036435190088305,0.2336430762357423,0.6905362138891297,369.2419216069527
Simulation_000001,Stainless Steel 304,35.036435190088305,0.24426321606463966,0.6905362138891297,369.2419216069527
Simulation_000001,Stainless Steel 304,35.036435190088305,0.25488335589353706,0.6905362138891297,369.2419216069527
Simulation_000001,Stainless Steel 304,35.036435190088305,0.2655034957224344,0.6905362138891297,369.2419216069527
Simulation_000001,Stainless Steel 304,35.036435190088305,0.2761236355513318,0.6905362138891297,369.2419216069527
Simulation_000001,Stainless Steel 304,35.036435190088305,0.28674377538022916,0.6905362138891297,369.2419216069527
Simulation_000001,Stainless Steel 304,35.036435190088305,0.29736391520912653,0.6905362138891297,369.2419216069527
Simulation_000001,Stainless Steel 304,35.036435190088305,0.30798405503802395,0.6905362138891297,369.2419216069527
Simulation_000001,Stainless Steel 304,35.036435190088305,0.3186041948669213,0.6905362138891297,368.31028111679177
Simulation_000001,Stainless Steel 304,35.036435190088305,0.3292243346958187,0.6905362138891297,363.70344507152487
Simulation_000001,Stainless Steel 304,35.036435190088305,0.33984447452471606,0.6905362138891297,349.9396496411999
Simulation_000001,Stainless Steel 304,35.036435190088305,0.3504646143536134,0.6905362138891297,321.4814983024047
Simulation_000001,Stainless Steel 304,35.036435190088305,0.3610847541825108,0.6905362138891297,274.0433442800124
Simulation_000001,Stainless Steel 304,35.036435190088305,0.0,0.7114615537039517,366.6741415134694
Simulation_000001,Stainless Steel 304,35.036435190088305,0.010620139828897377,0.7114615537039517,369.2419216069527
Simulation_000001,Stainless Steel 304,35.036435190088305,0.021240279657794753,0.7114615537039517,369.2419216069527
Simulation_000001,Stainless Steel 304,35.036435190088305,0.03186041948669213,0.7114615537039517,369.2419216069527
Simulation_000001,Stainless Steel 304,35.036435190088305,0.04248055931558951,0.7114615537039517,369.2419216069527
Simulation_000001,Stainless Steel 304,35.036435190088305,0.05310069914448688,0.7114615537039517,369.2419216069527
Simulation_000001,Stainless Steel 304,35.036435190088305,0.06372083897338426,0.7114615537039517,369.2419216069527
Simulation_000001,Stainless Steel 304,35.036435190088305,0.07434097880228163,0.7114615537039517,369.2419216069527
Simulation_000001,Stainless Steel 304,35.036435190088305,0.08496111863117901,0.7114615537039517,369.2419216069527
Simulation_000001,Stainless Steel 304,35.036435190088305,0.0955812584600764,0.7114615537039517,369.2419216069527
Simulation_000001,Stainless Steel 304,35.036435190088305,0.10620139828897376,0.7114615537039517,369.2419216069527
Simulation_000001,Stainless Steel 304,35.036435190088305,0.11682153811787115,0.7114615537039517,369.2419216069527
Simulation_000001,Stainless Steel 304,35.036435190088305,0.12744167794676853,0.7114615537039517,369.2419216069527
Simulation_000001,Stainless Steel 304,35.036435190088305,0.1380618177756659,0.7114615537039517,369.2419216069527
Simulation_000001,Stainless Steel 304,35.036435190088305,0.14868195760456326,0.7114615537039517,369.2419216069527
Simulation_000001,Stainless Steel 304,35.036435190088305,0.15930209743346066,0.7114615537039517,369.2419216069527
Simulation_000001,Stainless Steel 304,35.036435190088305,0.16992223726235803,0.7114615537039517,369.2419216069527
Simulation_000001,Stainless Steel 304,35.036435190088305,0.1805423770912554,0.7114615537039517,369.2419216069527
Simulation_000001,Stainless Steel 304,35.036435190088305,0.1911625169201528,0.7114615537039517,369.2419216069527
Simulation_000001,Stainless Steel 304,35.036435190088305,0.20178265674905016,0.7114615537039517,369.2419216069527
Simulation_000001,Stainless Steel 304,35.036435190088305,0.21240279657794753,0.7114615537039517,369.2419216069527
Simulation_000001,Stainless Steel 304,35.036435190088305,0.22302293640684492,0.7114615537039517,369.2419216069527
Simulation_000001,Stainless Steel 304,35.036435190088305,0.2336430762357423,0.7114615537039517,369.2419216069527
Simulation_000001,Stainless Steel 304,35.036435190088305,0.24426321606463966,0.7114615537039517,369.2419216069527
Simulation_000001,Stainless Steel 304,35.036435190088305,0.25488335589353706,0.7114615537039517,369.2419216069527
Simulation_000001,Stainless Steel 304,35.036435190088305,0.2655034957224344,0.7114615537039517,369.2419216069527
Simulation_000001,Stainless Steel 304,35.036435190088305,0.2761236355513318,0.7114615537039517,369.2419216069527
Simulation_000001,Stainless Steel 304,35.036435190088305,0.28674377538022916,0.7114615537039517,369.2419216069527
Simulation_000001,Stainless Steel 304,35.036435190088305,0.29736391520912653,0.7114615537039517,369.2419216069527
Simulation_000001,Stainless Steel 304,35.036435190088305,0.30798405503802395,0.7114615537039517,369.2419216069527
Simulation_000001,Stainless Steel 304,35.036435190088305,0.3186041948669213,0.7114615537039517,369.2419216069527
Simulation_000001,Stainless Steel 304,35.036435190088305,0.3292243346958187,0.7114615537039517,369.2419216069527
Simulation_000001,Stainless Steel 304,35.036435190088305,0.33984447452471606,0.7114615537039517,369.2419216069527
Simulation_000001,Stainless Steel 304,35.036435190088305,0.3504646143536134,0.7114615537039517,369.2419216069527
Simulation_000001,Stainless Steel 304,35.036435190088305,0.3610847541825108,0.7114615537039517,274.0433442800124
